supplier_id,location_id,facility_type,ownership,dependency,source,source_date,evidence,data_status
SUP00001,LOC00013,Factory,UNKNOWN,LOW,PROJECT_DEMO_EXPANSION,2026-09-23,Synthetic/demo relationship; not a verified facility relationship.,SYNTHETIC_DEMO
SUP00002,LOC00026,Distribution Center,LEASED,LOW,PROJECT_DEMO_EXPANSION,2026-09-23,Synthetic/demo relationship; not a verified facility relationship.,SYNTHETIC_DEMO
SUP00003,LOC00039,Distribution Center,OWNED,MEDIUM,PROJECT_DEMO_EXPANSION,2026-09-23,Synthetic/demo relationship; not a verified facility relationship.,SYNTHETIC_DEMO
SUP00004,LOC00052,Warehouse,UNKNOWN,HIGH,PROJECT_DEMO_EXPANSION,2026-09-23,Synthetic/demo relationship; not a verified facility relationship.,SYNTHETIC_DEMO
SUP00005,LOC00065,Distribution Center,OWNED,LOW,PROJECT_DEMO_EXPANSION,2026-09-23,Synthetic/demo relationship; not a verified facility relationship.,SYNTHETIC_DEMO
SUP00006,LOC00078,Distribution Center,OWNED,HIGH,PROJECT_DEMO_EXPANSION,2026-09-23,Synthetic/demo relationship; not a verified facility relationship.,SYNTHETIC_DEMO
SUP00007,LOC00091,Warehouse,UNKNOWN,HIGH,PROJECT_DEMO_EXPANSION,2026-09-23,Synthetic/demo relationship; not a verified facility relationship.,SYNTHETIC_DEMO
SUP00008,LOC00104,Warehouse,OWNED,MEDIUM,PROJECT_DEMO_EXPANSION,2026-09-23,Synthetic/demo relationship; not a verified facility relationship.,SYNTHETIC_DEMO
SUP00009,LOC00117,Factory,UNKNOWN,LOW,PROJECT_DEMO_EXPANSION,2026-09-23,Synthetic/demo relationship; not a verified facility relationship.,SYNTHETIC_DEMO
SUP00010,LOC00130,Distribution Center,OWNED,MEDIUM,PROJECT_DEMO_EXPANSION,2026-09-23,Synthetic/demo relationship; not a verified facility relationship.,SYNTHETIC_DEMO
SUP00011,LOC00143,Warehouse,UNKNOWN,HIGH,PROJECT_DEMO_EXPANSION,2026-09-23,Synthetic/demo relationship; not a verified facility relationship.,SYNTHETIC_DEMO
SUP00012,LOC00156,Factory,UNKNOWN,HIGH,PROJECT_DEMO_EXPANSION,2026-09-23,Synthetic/demo relationship; not a verified facility relationship.,SYNTHETIC_DEMO
SUP00013,LOC00169,Factory,LEASED,LOW,PROJECT_DEMO_EXPANSION,2026-09-23,Synthetic/demo relationship; not a verified facility relationship.,SYNTHETIC_DEMO
SUP00014,LOC00182,Distribution Center,OWNED,LOW,PROJECT_DEMO_EXPANSION,2026-09-23,Synthetic/demo relationship; not a verified facility relationship.,SYNTHETIC_DEMO
SUP00015,LOC00195,Distribution Center,UNKNOWN,LOW,PROJECT_DEMO_EXPANSION,2026-09-23,Synthetic/demo relationship; not a verified facility relationship.,SYNTHETIC_DEMO
SUP00016,LOC00208,Factory,UNKNOWN,MEDIUM,PROJECT_DEMO_EXPANSION,2026-09-23,Synthetic/demo relationship; not a verified facility relationship.,SYNTHETIC_DEMO
SUP00017,LOC00221,Factory,UNKNOWN,HIGH,PROJECT_DEMO_EXPANSION,2026-09-23,Synthetic/demo relationship; not a verified facility relationship.,SYNTHETIC_DEMO
SUP00018,LOC00234,Warehouse,UNKNOWN,MEDIUM,PROJECT_DEMO_EXPANSION,2026-09-23,Synthetic/demo relationship; not a verified facility relationship.,SYNTHETIC_DEMO
SUP00019,LOC00247,Warehouse,LEASED,HIGH,PROJECT_DEMO_EXPANSION,2026-09-23,Synthetic/demo relationship; not a verified facility relationship.,SYNTHETIC_DEMO
SUP00020,LOC00260,Distribution Center,LEASED,MEDIUM,PROJECT_DEMO_EXPANSION,2026-09-23,Synthetic/demo relationship; not a verified facility relationship.,SYNTHETIC_DEMO
SUP00021,LOC00273,Distribution Center,UNKNOWN,HIGH,PROJECT_DEMO_EXPANSION,2026-09-23,Synthetic/demo relationship; not a verified facility relationship.,SYNTHETIC_DEMO
SUP00022,LOC00286,Warehouse,OWNED,MEDIUM,PROJECT_DEMO_EXPANSION,2026-09-23,Synthetic/demo relationship; not a verified facility relationship.,SYNTHETIC_DEMO
SUP00023,LOC00299,Factory,LEASED,LOW,PROJECT_DEMO_EXPANSION,2026-09-23,Synthetic/demo relationship; not a verified facility relationship.,SYNTHETIC_DEMO
SUP00024,LOC00312,Factory,OWNED,MEDIUM,PROJECT_DEMO_EXPANSION,2026-09-23,Synthetic/demo relationship; not a verified facility relationship.,SYNTHETIC_DEMO
SUP00025,LOC00325,Factory,LEASED,HIGH,PROJECT_DEMO_EXPANSION,2026-09-23,Synthetic/demo relationship; not a verified facility relationship.,SYNTHETIC_DEMO
SUP00026,LOC00338,Distribution Center,UNKNOWN,MEDIUM,PROJECT_DEMO_EXPANSION,2026-09-23,Synthetic/demo relationship; not a verified facility relationship.,SYNTHETIC_DEMO
SUP00027,LOC00351,Distribution Center,LEASED,MEDIUM,PROJECT_DEMO_EXPANSION,2026-09-23,Synthetic/demo relationship; not a verified facility relationship.,SYNTHETIC_DEMO
SUP00028,LOC00364,Warehouse,LEASED,MEDIUM,PROJECT_DEMO_EXPANSION,2026-09-23,Synthetic/demo relationship; not a verified facility relationship.,SYNTHETIC_DEMO
SUP00029,LOC00377,Distribution Center,UNKNOWN,HIGH,PROJECT_DEMO_EXPANSION,2026-09-23,Synthetic/demo relationship; not a verified facility relationship.,SYNTHETIC_DEMO
SUP00030,LOC00390,Distribution Center,UNKNOWN,LOW,PROJECT_DEMO_EXPANSION,2026-09-23,Synthetic/demo relationship; not a verified facility relationship.,SYNTHETIC_DEMO
SUP00031,LOC00403,Warehouse,LEASED,LOW,PROJECT_DEMO_EXPANSION,2026-09-23,Synthetic/demo relationship; not a verified facility relationship.,SYNTHETIC_DEMO
SUP00032,LOC00416,Warehouse,UNKNOWN,LOW,PROJECT_DEMO_EXPANSION,2026-09-23,Synthetic/demo relationship; not a verified facility relationship.,SYNTHETIC_DEMO
SUP00033,LOC00429,Factory,LEASED,LOW,PROJECT_DEMO_EXPANSION,2026-09-23,Synthetic/demo relationship; not a verified facility relationship.,SYNTHETIC_DEMO
SUP00034,LOC00442,Warehouse,OWNED,HIGH,PROJECT_DEMO_EXPANSION,2026-09-23,Synthetic/demo relationship; not a verified facility relationship.,SYNTHETIC_DEMO
SUP00035,LOC00455,Factory,OWNED,MEDIUM,PROJECT_DEMO_EXPANSION,2026-09-23,Synthetic/demo relationship; not a verified facility relationship.,SYNTHETIC_DEMO
SUP00036,LOC00468,Factory,OWNED,MEDIUM,PROJECT_DEMO_EXPANSION,2026-09-23,Synthetic/demo relationship; not a verified facility relationship.,SYNTHETIC_DEMO
SUP00037,LOC00481,Warehouse,LEASED,HIGH,PROJECT_DEMO_EXPANSION,2026-09-23,Synthetic/demo relationship; not a verified facility relationship.,SYNTHETIC_DEMO
SUP00038,LOC00494,Warehouse,LEASED,MEDIUM,PROJECT_DEMO_EXPANSION,2026-09-23,Synthetic/demo relationship; not a verified facility relationship.,SYNTHETIC_DEMO
SUP00039,LOC00507,Warehouse,OWNED,HIGH,PROJECT_DEMO_EXPANSION,2026-09-23,Synthetic/demo relationship; not a verified facility relationship.,SYNTHETIC_DEMO
SUP00040,LOC00520,Factory,UNKNOWN,LOW,PROJECT_DEMO_EXPANSION,2026-09-23,Synthetic/demo relationship; not a verified facility relationship.,SYNTHETIC_DEMO
SUP00041,LOC00533,Factory,LEASED,HIGH,PROJECT_DEMO_EXPANSION,2026-09-23,Synthetic/demo relationship; not a verified facility relationship.,SYNTHETIC_DEMO
SUP00042,LOC00546,Distribution Center,OWNED,MEDIUM,PROJECT_DEMO_EXPANSION,2026-09-23,Synthetic/demo relationship; not a verified facility relationship.,SYNTHETIC_DEMO
SUP00043,LOC00559,Factory,UNKNOWN,HIGH,PROJECT_DEMO_EXPANSION,2026-09-23,Synthetic/demo relationship; not a verified facility relationship.,SYNTHETIC_DEMO
SUP00044,LOC00572,Distribution Center,OWNED,LOW,PROJECT_DEMO_EXPANSION,2026-09-23,Synthetic/demo relationship; not a verified facility relationship.,SYNTHETIC_DEMO
SUP00045,LOC00585,Distribution Center,LEASED,MEDIUM,PROJECT_DEMO_EXPANSION,2026-09-23,Synthetic/demo relationship; not a verified facility relationship.,SYNTHETIC_DEMO
SUP00046,LOC00598,Distribution Center,UNKNOWN,HIGH,PROJECT_DEMO_EXPANSION,2026-09-23,Synthetic/demo relationship; not a verified facility relationship.,SYNTHETIC_DEMO
SUP00047,LOC00611,Warehouse,LEASED,MEDIUM,PROJECT_DEMO_EXPANSION,2026-09-23,Synthetic/demo relationship; not a verified facility relationship.,SYNTHETIC_DEMO
SUP00048,LOC00624,Distribution Center,UNKNOWN,HIGH,PROJECT_DEMO_EXPANSION,2026-09-23,Synthetic/demo relationship; not a verified facility relationship.,SYNTHETIC_DEMO
SUP00049,LOC00637,Warehouse,OWNED,HIGH,PROJECT_DEMO_EXPANSION,2026-09-23,Synthetic/demo relationship; not a verified facility relationship.,SYNTHETIC_DEMO
SUP00050,LOC00650,Factory,LEASED,HIGH,PROJECT_DEMO_EXPANSION,2026-09-23,Synthetic/demo relationship; not a verified facility relationship.,SYNTHETIC_DEMO
SUP00051,LOC00663,Factory,OWNED,LOW,PROJECT_DEMO_EXPANSION,2026-09-23,Synthetic/demo relationship; not a verified facility relationship.,SYNTHETIC_DEMO
SUP00052,LOC00676,Warehouse,LEASED,MEDIUM,PROJECT_DEMO_EXPANSION,2026-09-23,Synthetic/demo relationship; not a verified facility relationship.,SYNTHETIC_DEMO
SUP00053,LOC00689,Distribution Center,OWNED,MEDIUM,PROJECT_DEMO_EXPANSION,2026-09-23,Synthetic/demo relationship; not a verified facility relationship.,SYNTHETIC_DEMO
SUP00054,LOC00702,Factory,UNKNOWN,LOW,PROJECT_DEMO_EXPANSION,2026-09-23,Synthetic/demo relationship; not a verified facility relationship.,SYNTHETIC_DEMO
SUP00055,LOC00715,Distribution Center,OWNED,LOW,PROJECT_DEMO_EXPANSION,2026-09-23,Synthetic/demo relationship; not a verified facility relationship.,SYNTHETIC_DEMO
SUP00056,LOC00728,Distribution Center,OWNED,MEDIUM,PROJECT_DEMO_EXPANSION,2026-09-23,Synthetic/demo relationship; not a verified facility relationship.,SYNTHETIC_DEMO
SUP00057,LOC00741,Distribution Center,UNKNOWN,HIGH,PROJECT_DEMO_EXPANSION,2026-09-23,Synthetic/demo relationship; not a verified facility relationship.,SYNTHETIC_DEMO
SUP00058,LOC00754,Distribution Center,LEASED,LOW,PROJECT_DEMO_EXPANSION,2026-09-23,Synthetic/demo relationship; not a verified facility relationship.,SYNTHETIC_DEMO
SUP00059,LOC00767,Distribution Center,UNKNOWN,MEDIUM,PROJECT_DEMO_EXPANSION,2026-09-23,Synthetic/demo relationship; not a verified facility relationship.,SYNTHETIC_DEMO
SUP00060,LOC00780,Factory,UNKNOWN,LOW,PROJECT_DEMO_EXPANSION,2026-09-23,Synthetic/demo relationship; not a verified facility relationship.,SYNTHETIC_DEMO
SUP00061,LOC00793,Warehouse,LEASED,MEDIUM,PROJECT_DEMO_EXPANSION,2026-09-23,Synthetic/demo relationship; not a verified facility relationship.,SYNTHETIC_DEMO
SUP00062,LOC00806,Distribution Center,OWNED,HIGH,PROJECT_DEMO_EXPANSION,2026-09-23,Synthetic/demo relationship; not a verified facility relationship.,SYNTHETIC_DEMO
SUP00063,LOC00819,Warehouse,UNKNOWN,LOW,PROJECT_DEMO_EXPANSION,2026-09-23,Synthetic/demo relationship; not a verified facility relationship.,SYNTHETIC_DEMO
SUP00064,LOC00832,Factory,LEASED,LOW,PROJECT_DEMO_EXPANSION,2026-09-23,Synthetic/demo relationship; not a verified facility relationship.,SYNTHETIC_DEMO
SUP00065,LOC00845,Factory,OWNED,MEDIUM,PROJECT_DEMO_EXPANSION,2026-09-23,Synthetic/demo relationship; not a verified facility relationship.,SYNTHETIC_DEMO
SUP00066,LOC00858,Distribution Center,OWNED,LOW,PROJECT_DEMO_EXPANSION,2026-09-23,Synthetic/demo relationship; not a verified facility relationship.,SYNTHETIC_DEMO
SUP00067,LOC00871,Factory,LEASED,LOW,PROJECT_DEMO_EXPANSION,2026-09-23,Synthetic/demo relationship; not a verified facility relationship.,SYNTHETIC_DEMO
SUP00068,LOC00884,Factory,LEASED,HIGH,PROJECT_DEMO_EXPANSION,2026-09-23,Synthetic/demo relationship; not a verified facility relationship.,SYNTHETIC_DEMO
SUP00069,LOC00897,Warehouse,LEASED,LOW,PROJECT_DEMO_EXPANSION,2026-09-23,Synthetic/demo relationship; not a verified facility relationship.,SYNTHETIC_DEMO
SUP00070,LOC00910,Distribution Center,UNKNOWN,MEDIUM,PROJECT_DEMO_EXPANSION,2026-09-23,Synthetic/demo relationship; not a verified facility relationship.,SYNTHETIC_DEMO
SUP00071,LOC00923,Distribution Center,OWNED,LOW,PROJECT_DEMO_EXPANSION,2026-09-23,Synthetic/demo relationship; not a verified facility relationship.,SYNTHETIC_DEMO
SUP00072,LOC00936,Distribution Center,UNKNOWN,LOW,PROJECT_DEMO_EXPANSION,2026-09-23,Synthetic/demo relationship; not a verified facility relationship.,SYNTHETIC_DEMO
SUP00073,LOC00949,Distribution Center,LEASED,LOW,PROJECT_DEMO_EXPANSION,2026-09-23,Synthetic/demo relationship; not a verified facility relationship.,SYNTHETIC_DEMO
SUP00074,LOC00962,Factory,LEASED,LOW,PROJECT_DEMO_EXPANSION,2026-09-23,Synthetic/demo relationship; not a verified facility relationship.,SYNTHETIC_DEMO
SUP00075,LOC00975,Distribution Center,OWNED,MEDIUM,PROJECT_DEMO_EXPANSION,2026-09-23,Synthetic/demo relationship; not a verified facility relationship.,SYNTHETIC_DEMO
SUP00076,LOC00988,Warehouse,UNKNOWN,MEDIUM,PROJECT_DEMO_EXPANSION,2026-09-23,Synthetic/demo relationship; not a verified facility relationship.,SYNTHETIC_DEMO
SUP00077,LOC00001,Warehouse,OWNED,LOW,PROJECT_DEMO_EXPANSION,2026-09-23,Synthetic/demo relationship; not a verified facility relationship.,SYNTHETIC_DEMO
SUP00078,LOC00014,Warehouse,UNKNOWN,LOW,PROJECT_DEMO_EXPANSION,2026-09-23,Synthetic/demo relationship; not a verified facility relationship.,SYNTHETIC_DEMO
SUP00079,LOC00027,Factory,LEASED,MEDIUM,PROJECT_DEMO_EXPANSION,2026-09-23,Synthetic/demo relationship; not a verified facility relationship.,SYNTHETIC_DEMO
SUP00080,LOC00040,Distribution Center,OWNED,LOW,PROJECT_DEMO_EXPANSION,2026-09-23,Synthetic/demo relationship; not a verified facility relationship.,SYNTHETIC_DEMO
SUP00081,LOC00053,Distribution Center,LEASED,MEDIUM,PROJECT_DEMO_EXPANSION,2026-09-23,Synthetic/demo relationship; not a verified facility relationship.,SYNTHETIC_DEMO
SUP00082,LOC00066,Distribution Center,OWNED,HIGH,PROJECT_DEMO_EXPANSION,2026-09-23,Synthetic/demo relationship; not a verified facility relationship.,SYNTHETIC_DEMO
SUP00083,LOC00079,Warehouse,UNKNOWN,HIGH,PROJECT_DEMO_EXPANSION,2026-09-23,Synthetic/demo relationship; not a verified facility relationship.,SYNTHETIC_DEMO
SUP00084,LOC00092,Factory,UNKNOWN,MEDIUM,PROJECT_DEMO_EXPANSION,2026-09-23,Synthetic/demo relationship; not a verified facility relationship.,SYNTHETIC_DEMO
SUP00085,LOC00105,Factory,OWNED,HIGH,PROJECT_DEMO_EXPANSION,2026-09-23,Synthetic/demo relationship; not a verified facility relationship.,SYNTHETIC_DEMO
SUP00086,LOC00118,Factory,OWNED,MEDIUM,PROJECT_DEMO_EXPANSION,2026-09-23,Synthetic/demo relationship; not a verified facility relationship.,SYNTHETIC_DEMO
SUP00087,LOC00131,Distribution Center,OWNED,MEDIUM,PROJECT_DEMO_EXPANSION,2026-09-23,Synthetic/demo relationship; not a verified facility relationship.,SYNTHETIC_DEMO
SUP00088,LOC00144,Distribution Center,UNKNOWN,MEDIUM,PROJECT_DEMO_EXPANSION,2026-09-23,Synthetic/demo relationship; not a verified facility relationship.,SYNTHETIC_DEMO
SUP00089,LOC00157,Warehouse,LEASED,HIGH,PROJECT_DEMO_EXPANSION,2026-09-23,Synthetic/demo relationship; not a verified facility relationship.,SYNTHETIC_DEMO
SUP00090,LOC00170,Warehouse,LEASED,MEDIUM,PROJECT_DEMO_EXPANSION,2026-09-23,Synthetic/demo relationship; not a verified facility relationship.,SYNTHETIC_DEMO
SUP00091,LOC00183,Warehouse,OWNED,MEDIUM,PROJECT_DEMO_EXPANSION,2026-09-23,Synthetic/demo relationship; not a verified facility relationship.,SYNTHETIC_DEMO
SUP00092,LOC00196,Warehouse,LEASED,MEDIUM,PROJECT_DEMO_EXPANSION,2026-09-23,Synthetic/demo relationship; not a verified facility relationship.,SYNTHETIC_DEMO
SUP00093,LOC00209,Factory,UNKNOWN,MEDIUM,PROJECT_DEMO_EXPANSION,2026-09-23,Synthetic/demo relationship; not a verified facility relationship.,SYNTHETIC_DEMO
SUP00094,LOC00222,Distribution Center,LEASED,HIGH,PROJECT_DEMO_EXPANSION,2026-09-23,Synthetic/demo relationship; not a verified facility relationship.,SYNTHETIC_DEMO
SUP00095,LOC00235,Factory,UNKNOWN,LOW,PROJECT_DEMO_EXPANSION,2026-09-23,Synthetic/demo relationship; not a verified facility relationship.,SYNTHETIC_DEMO
SUP00096,LOC00248,Warehouse,UNKNOWN,HIGH,PROJECT_DEMO_EXPANSION,2026-09-23,Synthetic/demo relationship; not a verified facility relationship.,SYNTHETIC_DEMO
SUP00097,LOC00261,Factory,OWNED,MEDIUM,PROJECT_DEMO_EXPANSION,2026-09-23,Synthetic/demo relationship; not a verified facility relationship.,SYNTHETIC_DEMO
SUP00098,LOC00274,Factory,LEASED,MEDIUM,PROJECT_DEMO_EXPANSION,2026-09-23,Synthetic/demo relationship; not a verified facility relationship.,SYNTHETIC_DEMO
SUP00099,LOC00287,Distribution Center,UNKNOWN,MEDIUM,PROJECT_DEMO_EXPANSION,2026-09-23,Synthetic/demo relationship; not a verified facility relationship.,SYNTHETIC_DEMO
SUP00100,LOC00300,Warehouse,UNKNOWN,MEDIUM,PROJECT_DEMO_EXPANSION,2026-09-23,Synthetic/demo relationship; not a verified facility relationship.,SYNTHETIC_DEMO
SUP00101,LOC00313,Warehouse,UNKNOWN,HIGH,PROJECT_DEMO_EXPANSION,2026-09-23,Synthetic/demo relationship; not a verified facility relationship.,SYNTHETIC_DEMO
SUP00102,LOC00326,Warehouse,UNKNOWN,MEDIUM,PROJECT_DEMO_EXPANSION,2026-09-23,Synthetic/demo relationship; not a verified facility relationship.,SYNTHETIC_DEMO
SUP00103,LOC00339,Distribution Center,UNKNOWN,MEDIUM,PROJECT_DEMO_EXPANSION,2026-09-23,Synthetic/demo relationship; not a verified facility relationship.,SYNTHETIC_DEMO
SUP00104,LOC00352,Warehouse,LEASED,HIGH,PROJECT_DEMO_EXPANSION,2026-09-23,Synthetic/demo relationship; not a verified facility relationship.,SYNTHETIC_DEMO
SUP00105,LOC00365,Factory,UNKNOWN,LOW,PROJECT_DEMO_EXPANSION,2026-09-23,Synthetic/demo relationship; not a verified facility relationship.,SYNTHETIC_DEMO
SUP00106,LOC00378,Distribution Center,UNKNOWN,MEDIUM,PROJECT_DEMO_EXPANSION,2026-09-23,Synthetic/demo relationship; not a verified facility relationship.,SYNTHETIC_DEMO
SUP00107,LOC00391,Warehouse,OWNED,MEDIUM,PROJECT_DEMO_EXPANSION,2026-09-23,Synthetic/demo relationship; not a verified facility relationship.,SYNTHETIC_DEMO
SUP00108,LOC00404,Factory,UNKNOWN,HIGH,PROJECT_DEMO_EXPANSION,2026-09-23,Synthetic/demo relationship; not a verified facility relationship.,SYNTHETIC_DEMO
SUP00109,LOC00417,Distribution Center,UNKNOWN,MEDIUM,PROJECT_DEMO_EXPANSION,2026-09-23,Synthetic/demo relationship; not a verified facility relationship.,SYNTHETIC_DEMO
SUP00110,LOC00430,Warehouse,UNKNOWN,HIGH,PROJECT_DEMO_EXPANSION,2026-09-23,Synthetic/demo relationship; not a verified facility relationship.,SYNTHETIC_DEMO
SUP00111,LOC00443,Factory,LEASED,MEDIUM,PROJECT_DEMO_EXPANSION,2026-09-23,Synthetic/demo relationship; not a verified facility relationship.,SYNTHETIC_DEMO
SUP00112,LOC00456,Distribution Center,LEASED,MEDIUM,PROJECT_DEMO_EXPANSION,2026-09-23,Synthetic/demo relationship; not a verified facility relationship.,SYNTHETIC_DEMO
SUP00113,LOC00469,Warehouse,OWNED,LOW,PROJECT_DEMO_EXPANSION,2026-09-23,Synthetic/demo relationship; not a verified facility relationship.,SYNTHETIC_DEMO
SUP00114,LOC00482,Distribution Center,LEASED,HIGH,PROJECT_DEMO_EXPANSION,2026-09-23,Synthetic/demo relationship; not a verified facility relationship.,SYNTHETIC_DEMO
SUP00115,LOC00495,Warehouse,OWNED,HIGH,PROJECT_DEMO_EXPANSION,2026-09-23,Synthetic/demo relationship; not a verified facility relationship.,SYNTHETIC_DEMO
SUP00116,LOC00508,Distribution Center,UNKNOWN,MEDIUM,PROJECT_DEMO_EXPANSION,2026-09-23,Synthetic/demo relationship; not a verified facility relationship.,SYNTHETIC_DEMO
SUP00117,LOC00521,Distribution Center,LEASED,MEDIUM,PROJECT_DEMO_EXPANSION,2026-09-23,Synthetic/demo relationship; not a verified facility relationship.,SYNTHETIC_DEMO
SUP00118,LOC00534,Factory,UNKNOWN,LOW,PROJECT_DEMO_EXPANSION,2026-09-23,Synthetic/demo relationship; not a verified facility relationship.,SYNTHETIC_DEMO
SUP00119,LOC00547,Warehouse,UNKNOWN,HIGH,PROJECT_DEMO_EXPANSION,2026-09-23,Synthetic/demo relationship; not a verified facility relationship.,SYNTHETIC_DEMO
SUP00120,LOC00560,Warehouse,LEASED,MEDIUM,PROJECT_DEMO_EXPANSION,2026-09-23,Synthetic/demo relationship; not a verified facility relationship.,SYNTHETIC_DEMO
SUP00121,LOC00573,Factory,OWNED,MEDIUM,PROJECT_DEMO_EXPANSION,2026-09-23,Synthetic/demo relationship; not a verified facility relationship.,SYNTHETIC_DEMO
SUP00122,LOC00586,Factory,LEASED,MEDIUM,PROJECT_DEMO_EXPANSION,2026-09-23,Synthetic/demo relationship; not a verified facility relationship.,SYNTHETIC_DEMO
SUP00123,LOC00599,Distribution Center,UNKNOWN,MEDIUM,PROJECT_DEMO_EXPANSION,2026-09-23,Synthetic/demo relationship; not a verified facility relationship.,SYNTHETIC_DEMO
SUP00124,LOC00612,Warehouse,LEASED,LOW,PROJECT_DEMO_EXPANSION,2026-09-23,Synthetic/demo relationship; not a verified facility relationship.,SYNTHETIC_DEMO
SUP00125,LOC00625,Distribution Center,UNKNOWN,LOW,PROJECT_DEMO_EXPANSION,2026-09-23,Synthetic/demo relationship; not a verified facility relationship.,SYNTHETIC_DEMO
SUP00126,LOC00638,Warehouse,LEASED,MEDIUM,PROJECT_DEMO_EXPANSION,2026-09-23,Synthetic/demo relationship; not a verified facility relationship.,SYNTHETIC_DEMO
SUP00127,LOC00651,Factory,UNKNOWN,LOW,PROJECT_DEMO_EXPANSION,2026-09-23,Synthetic/demo relationship; not a verified facility relationship.,SYNTHETIC_DEMO
SUP00128,LOC00664,Distribution Center,UNKNOWN,HIGH,PROJECT_DEMO_EXPANSION,2026-09-23,Synthetic/demo relationship; not a verified facility relationship.,SYNTHETIC_DEMO
SUP00129,LOC00677,Distribution Center,OWNED,MEDIUM,PROJECT_DEMO_EXPANSION,2026-09-23,Synthetic/demo relationship; not a verified facility relationship.,SYNTHETIC_DEMO
SUP00130,LOC00690,Warehouse,UNKNOWN,MEDIUM,PROJECT_DEMO_EXPANSION,2026-09-23,Synthetic/demo relationship; not a verified facility relationship.,SYNTHETIC_DEMO
SUP00131,LOC00703,Warehouse,UNKNOWN,HIGH,PROJECT_DEMO_EXPANSION,2026-09-23,Synthetic/demo relationship; not a verified facility relationship.,SYNTHETIC_DEMO
SUP00132,LOC00716,Distribution Center,LEASED,MEDIUM,PROJECT_DEMO_EXPANSION,2026-09-23,Synthetic/demo relationship; not a verified facility relationship.,SYNTHETIC_DEMO
SUP00133,LOC00729,Warehouse,UNKNOWN,MEDIUM,PROJECT_DEMO_EXPANSION,2026-09-23,Synthetic/demo relationship; not a verified facility relationship.,SYNTHETIC_DEMO
SUP00134,LOC00742,Factory,LEASED,HIGH,PROJECT_DEMO_EXPANSION,2026-09-23,Synthetic/demo relationship; not a verified facility relationship.,SYNTHETIC_DEMO
SUP00135,LOC00755,Distribution Center,LEASED,MEDIUM,PROJECT_DEMO_EXPANSION,2026-09-23,Synthetic/demo relationship; not a verified facility relationship.,SYNTHETIC_DEMO
SUP00136,LOC00768,Distribution Center,OWNED,LOW,PROJECT_DEMO_EXPANSION,2026-09-23,Synthetic/demo relationship; not a verified facility relationship.,SYNTHETIC_DEMO
SUP00137,LOC00781,Factory,LEASED,LOW,PROJECT_DEMO_EXPANSION,2026-09-23,Synthetic/demo relationship; not a verified facility relationship.,SYNTHETIC_DEMO
SUP00138,LOC00794,Factory,OWNED,MEDIUM,PROJECT_DEMO_EXPANSION,2026-09-23,Synthetic/demo relationship; not a verified facility relationship.,SYNTHETIC_DEMO
SUP00139,LOC00807,Factory,LEASED,LOW,PROJECT_DEMO_EXPANSION,2026-09-23,Synthetic/demo relationship; not a verified facility relationship.,SYNTHETIC_DEMO
SUP00140,LOC00820,Factory,LEASED,LOW,PROJECT_DEMO_EXPANSION,2026-09-23,Synthetic/demo relationship; not a verified facility relationship.,SYNTHETIC_DEMO
SUP00141,LOC00833,Distribution Center,OWNED,HIGH,PROJECT_DEMO_EXPANSION,2026-09-23,Synthetic/demo relationship; not a verified facility relationship.,SYNTHETIC_DEMO
SUP00142,LOC00846,Distribution Center,UNKNOWN,HIGH,PROJECT_DEMO_EXPANSION,2026-09-23,Synthetic/demo relationship; not a verified facility relationship.,SYNTHETIC_DEMO
SUP00143,LOC00859,Warehouse,OWNED,LOW,PROJECT_DEMO_EXPANSION,2026-09-23,Synthetic/demo relationship; not a verified facility relationship.,SYNTHETIC_DEMO
SUP00144,LOC00872,Distribution Center,LEASED,MEDIUM,PROJECT_DEMO_EXPANSION,2026-09-23,Synthetic/demo relationship; not a verified facility relationship.,SYNTHETIC_DEMO
SUP00145,LOC00885,Factory,OWNED,MEDIUM,PROJECT_DEMO_EXPANSION,2026-09-23,Synthetic/demo relationship; not a verified facility relationship.,SYNTHETIC_DEMO
SUP00146,LOC00898,Warehouse,OWNED,LOW,PROJECT_DEMO_EXPANSION,2026-09-23,Synthetic/demo relationship; not a verified facility relationship.,SYNTHETIC_DEMO
SUP00147,LOC00911,Distribution Center,LEASED,LOW,PROJECT_DEMO_EXPANSION,2026-09-23,Synthetic/demo relationship; not a verified facility relationship.,SYNTHETIC_DEMO
SUP00148,LOC00924,Distribution Center,OWNED,LOW,PROJECT_DEMO_EXPANSION,2026-09-23,Synthetic/demo relationship; not a verified facility relationship.,SYNTHETIC_DEMO
SUP00149,LOC00937,Distribution Center,UNKNOWN,MEDIUM,PROJECT_DEMO_EXPANSION,2026-09-23,Synthetic/demo relationship; not a verified facility relationship.,SYNTHETIC_DEMO
SUP00150,LOC00950,Warehouse,LEASED,MEDIUM,PROJECT_DEMO_EXPANSION,2026-09-23,Synthetic/demo relationship; not a verified facility relationship.,SYNTHETIC_DEMO
SUP00151,LOC00963,Factory,OWNED,MEDIUM,PROJECT_DEMO_EXPANSION,2026-09-23,Synthetic/demo relationship; not a verified facility relationship.,SYNTHETIC_DEMO
SUP00152,LOC00976,Distribution Center,LEASED,LOW,PROJECT_DEMO_EXPANSION,2026-09-23,Synthetic/demo relationship; not a verified facility relationship.,SYNTHETIC_DEMO
SUP00153,LOC00989,Distribution Center,LEASED,MEDIUM,PROJECT_DEMO_EXPANSION,2026-09-23,Synthetic/demo relationship; not a verified facility relationship.,SYNTHETIC_DEMO
SUP00154,LOC00002,Warehouse,UNKNOWN,HIGH,PROJECT_DEMO_EXPANSION,2026-09-23,Synthetic/demo relationship; not a verified facility relationship.,SYNTHETIC_DEMO
SUP00155,LOC00015,Distribution Center,LEASED,HIGH,PROJECT_DEMO_EXPANSION,2026-09-23,Synthetic/demo relationship; not a verified facility relationship.,SYNTHETIC_DEMO
SUP00156,LOC00028,Factory,OWNED,MEDIUM,PROJECT_DEMO_EXPANSION,2026-09-23,Synthetic/demo relationship; not a verified facility relationship.,SYNTHETIC_DEMO
SUP00157,LOC00041,Factory,LEASED,MEDIUM,PROJECT_DEMO_EXPANSION,2026-09-23,Synthetic/demo relationship; not a verified facility relationship.,SYNTHETIC_DEMO
SUP00158,LOC00054,Warehouse,OWNED,LOW,PROJECT_DEMO_EXPANSION,2026-09-23,Synthetic/demo relationship; not a verified facility relationship.,SYNTHETIC_DEMO
SUP00159,LOC00067,Distribution Center,UNKNOWN,MEDIUM,PROJECT_DEMO_EXPANSION,2026-09-23,Synthetic/demo relationship; not a verified facility relationship.,SYNTHETIC_DEMO
SUP00160,LOC00080,Warehouse,LEASED,MEDIUM,PROJECT_DEMO_EXPANSION,2026-09-23,Synthetic/demo relationship; not a verified facility relationship.,SYNTHETIC_DEMO
SUP00161,LOC00093,Warehouse,UNKNOWN,LOW,PROJECT_DEMO_EXPANSION,2026-09-23,Synthetic/demo relationship; not a verified facility relationship.,SYNTHETIC_DEMO
SUP00162,LOC00106,Factory,LEASED,MEDIUM,PROJECT_DEMO_EXPANSION,2026-09-23,Synthetic/demo relationship; not a verified facility relationship.,SYNTHETIC_DEMO
SUP00163,LOC00119,Distribution Center,UNKNOWN,HIGH,PROJECT_DEMO_EXPANSION,2026-09-23,Synthetic/demo relationship; not a verified facility relationship.,SYNTHETIC_DEMO
SUP00164,LOC00132,Factory,OWNED,HIGH,PROJECT_DEMO_EXPANSION,2026-09-23,Synthetic/demo relationship; not a verified facility relationship.,SYNTHETIC_DEMO
SUP00165,LOC00145,Factory,LEASED,MEDIUM,PROJECT_DEMO_EXPANSION,2026-09-23,Synthetic/demo relationship; not a verified facility relationship.,SYNTHETIC_DEMO
SUP00166,LOC00158,Distribution Center,UNKNOWN,HIGH,PROJECT_DEMO_EXPANSION,2026-09-23,Synthetic/demo relationship; not a verified facility relationship.,SYNTHETIC_DEMO
SUP00167,LOC00171,Factory,OWNED,MEDIUM,PROJECT_DEMO_EXPANSION,2026-09-23,Synthetic/demo relationship; not a verified facility relationship.,SYNTHETIC_DEMO
SUP00168,LOC00184,Factory,OWNED,LOW,PROJECT_DEMO_EXPANSION,2026-09-23,Synthetic/demo relationship; not a verified facility relationship.,SYNTHETIC_DEMO
SUP00169,LOC00197,Warehouse,OWNED,LOW,PROJECT_DEMO_EXPANSION,2026-09-23,Synthetic/demo relationship; not a verified facility relationship.,SYNTHETIC_DEMO
SUP00170,LOC00210,Distribution Center,UNKNOWN,MEDIUM,PROJECT_DEMO_EXPANSION,2026-09-23,Synthetic/demo relationship; not a verified facility relationship.,SYNTHETIC_DEMO
SUP00171,LOC00223,Distribution Center,UNKNOWN,LOW,PROJECT_DEMO_EXPANSION,2026-09-23,Synthetic/demo relationship; not a verified facility relationship.,SYNTHETIC_DEMO
SUP00172,LOC00236,Warehouse,LEASED,HIGH,PROJECT_DEMO_EXPANSION,2026-09-23,Synthetic/demo relationship; not a verified facility relationship.,SYNTHETIC_DEMO
SUP00173,LOC00249,Distribution Center,OWNED,LOW,PROJECT_DEMO_EXPANSION,2026-09-23,Synthetic/demo relationship; not a verified facility relationship.,SYNTHETIC_DEMO
SUP00174,LOC00262,Warehouse,OWNED,LOW,PROJECT_DEMO_EXPANSION,2026-09-23,Synthetic/demo relationship; not a verified facility relationship.,SYNTHETIC_DEMO
SUP00175,LOC00275,Warehouse,OWNED,LOW,PROJECT_DEMO_EXPANSION,2026-09-23,Synthetic/demo relationship; not a verified facility relationship.,SYNTHETIC_DEMO
SUP00176,LOC00288,Warehouse,OWNED,MEDIUM,PROJECT_DEMO_EXPANSION,2026-09-23,Synthetic/demo relationship; not a verified facility relationship.,SYNTHETIC_DEMO
SUP00177,LOC00301,Distribution Center,OWNED,HIGH,PROJECT_DEMO_EXPANSION,2026-09-23,Synthetic/demo relationship; not a verified facility relationship.,SYNTHETIC_DEMO
SUP00178,LOC00314,Factory,UNKNOWN,MEDIUM,PROJECT_DEMO_EXPANSION,2026-09-23,Synthetic/demo relationship; not a verified facility relationship.,SYNTHETIC_DEMO
SUP00179,LOC00327,Distribution Center,OWNED,HIGH,PROJECT_DEMO_EXPANSION,2026-09-23,Synthetic/demo relationship; not a verified facility relationship.,SYNTHETIC_DEMO
SUP00180,LOC00340,Warehouse,LEASED,MEDIUM,PROJECT_DEMO_EXPANSION,2026-09-23,Synthetic/demo relationship; not a verified facility relationship.,SYNTHETIC_DEMO
SUP00181,LOC00353,Warehouse,LEASED,HIGH,PROJECT_DEMO_EXPANSION,2026-09-23,Synthetic/demo relationship; not a verified facility relationship.,SYNTHETIC_DEMO
SUP00182,LOC00366,Warehouse,LEASED,LOW,PROJECT_DEMO_EXPANSION,2026-09-23,Synthetic/demo relationship; not a verified facility relationship.,SYNTHETIC_DEMO
SUP00183,LOC00379,Distribution Center,OWNED,LOW,PROJECT_DEMO_EXPANSION,2026-09-23,Synthetic/demo relationship; not a verified facility relationship.,SYNTHETIC_DEMO
SUP00184,LOC00392,Distribution Center,LEASED,LOW,PROJECT_DEMO_EXPANSION,2026-09-23,Synthetic/demo relationship; not a verified facility relationship.,SYNTHETIC_DEMO
SUP00185,LOC00405,Distribution Center,UNKNOWN,LOW,PROJECT_DEMO_EXPANSION,2026-09-23,Synthetic/demo relationship; not a verified facility relationship.,SYNTHETIC_DEMO
SUP00186,LOC00418,Factory,OWNED,LOW,PROJECT_DEMO_EXPANSION,2026-09-23,Synthetic/demo relationship; not a verified facility relationship.,SYNTHETIC_DEMO
SUP00187,LOC00431,Distribution Center,LEASED,MEDIUM,PROJECT_DEMO_EXPANSION,2026-09-23,Synthetic/demo relationship; not a verified facility relationship.,SYNTHETIC_DEMO
SUP00188,LOC00444,Warehouse,LEASED,HIGH,PROJECT_DEMO_EXPANSION,2026-09-23,Synthetic/demo relationship; not a verified facility relationship.,SYNTHETIC_DEMO
SUP00189,LOC00457,Warehouse,UNKNOWN,MEDIUM,PROJECT_DEMO_EXPANSION,2026-09-23,Synthetic/demo relationship; not a verified facility relationship.,SYNTHETIC_DEMO
SUP00190,LOC00470,Distribution Center,OWNED,HIGH,PROJECT_DEMO_EXPANSION,2026-09-23,Synthetic/demo relationship; not a verified facility relationship.,SYNTHETIC_DEMO
SUP00191,LOC00483,Warehouse,LEASED,MEDIUM,PROJECT_DEMO_EXPANSION,2026-09-23,Synthetic/demo relationship; not a verified facility relationship.,SYNTHETIC_DEMO
SUP00192,LOC00496,Distribution Center,OWNED,HIGH,PROJECT_DEMO_EXPANSION,2026-09-23,Synthetic/demo relationship; not a verified facility relationship.,SYNTHETIC_DEMO
SUP00193,LOC00509,Distribution Center,OWNED,HIGH,PROJECT_DEMO_EXPANSION,2026-09-23,Synthetic/demo relationship; not a verified facility relationship.,SYNTHETIC_DEMO
SUP00194,LOC00522,Factory,UNKNOWN,HIGH,PROJECT_DEMO_EXPANSION,2026-09-23,Synthetic/demo relationship; not a verified facility relationship.,SYNTHETIC_DEMO
SUP00195,LOC00535,Warehouse,LEASED,LOW,PROJECT_DEMO_EXPANSION,2026-09-23,Synthetic/demo relationship; not a verified facility relationship.,SYNTHETIC_DEMO
SUP00196,LOC00548,Warehouse,OWNED,LOW,PROJECT_DEMO_EXPANSION,2026-09-23,Synthetic/demo relationship; not a verified facility relationship.,SYNTHETIC_DEMO
SUP00197,LOC00561,Factory,UNKNOWN,LOW,PROJECT_DEMO_EXPANSION,2026-09-23,Synthetic/demo relationship; not a verified facility relationship.,SYNTHETIC_DEMO
SUP00198,LOC00574,Warehouse,UNKNOWN,LOW,PROJECT_DEMO_EXPANSION,2026-09-23,Synthetic/demo relationship; not a verified facility relationship.,SYNTHETIC_DEMO
SUP00199,LOC00587,Distribution Center,OWNED,LOW,PROJECT_DEMO_EXPANSION,2026-09-23,Synthetic/demo relationship; not a verified facility relationship.,SYNTHETIC_DEMO
SUP00200,LOC00600,Warehouse,OWNED,LOW,PROJECT_DEMO_EXPANSION,2026-09-23,Synthetic/demo relationship; not a verified facility relationship.,SYNTHETIC_DEMO
SUP00201,LOC00613,Warehouse,LEASED,LOW,PROJECT_DEMO_EXPANSION,2026-09-23,Synthetic/demo relationship; not a verified facility relationship.,SYNTHETIC_DEMO
SUP00202,LOC00626,Warehouse,LEASED,MEDIUM,PROJECT_DEMO_EXPANSION,2026-09-23,Synthetic/demo relationship; not a verified facility relationship.,SYNTHETIC_DEMO
SUP00203,LOC00639,Warehouse,UNKNOWN,LOW,PROJECT_DEMO_EXPANSION,2026-09-23,Synthetic/demo relationship; not a verified facility relationship.,SYNTHETIC_DEMO
SUP00204,LOC00652,Factory,LEASED,HIGH,PROJECT_DEMO_EXPANSION,2026-09-23,Synthetic/demo relationship; not a verified facility relationship.,SYNTHETIC_DEMO
SUP00205,LOC00665,Warehouse,OWNED,HIGH,PROJECT_DEMO_EXPANSION,2026-09-23,Synthetic/demo relationship; not a verified facility relationship.,SYNTHETIC_DEMO
SUP00206,LOC00678,Factory,OWNED,HIGH,PROJECT_DEMO_EXPANSION,2026-09-23,Synthetic/demo relationship; not a verified facility relationship.,SYNTHETIC_DEMO
SUP00207,LOC00691,Factory,LEASED,MEDIUM,PROJECT_DEMO_EXPANSION,2026-09-23,Synthetic/demo relationship; not a verified facility relationship.,SYNTHETIC_DEMO
SUP00208,LOC00704,Factory,UNKNOWN,HIGH,PROJECT_DEMO_EXPANSION,2026-09-23,Synthetic/demo relationship; not a verified facility relationship.,SYNTHETIC_DEMO
SUP00209,LOC00717,Factory,OWNED,HIGH,PROJECT_DEMO_EXPANSION,2026-09-23,Synthetic/demo relationship; not a verified facility relationship.,SYNTHETIC_DEMO
SUP00210,LOC00730,Distribution Center,OWNED,MEDIUM,PROJECT_DEMO_EXPANSION,2026-09-23,Synthetic/demo relationship; not a verified facility relationship.,SYNTHETIC_DEMO
SUP00211,LOC00743,Distribution Center,UNKNOWN,LOW,PROJECT_DEMO_EXPANSION,2026-09-23,Synthetic/demo relationship; not a verified facility relationship.,SYNTHETIC_DEMO
SUP00212,LOC00756,Factory,OWNED,LOW,PROJECT_DEMO_EXPANSION,2026-09-23,Synthetic/demo relationship; not a verified facility relationship.,SYNTHETIC_DEMO
SUP00213,LOC00769,Distribution Center,UNKNOWN,HIGH,PROJECT_DEMO_EXPANSION,2026-09-23,Synthetic/demo relationship; not a verified facility relationship.,SYNTHETIC_DEMO
SUP00214,LOC00782,Warehouse,OWNED,LOW,PROJECT_DEMO_EXPANSION,2026-09-23,Synthetic/demo relationship; not a verified facility relationship.,SYNTHETIC_DEMO
SUP00215,LOC00795,Factory,OWNED,HIGH,PROJECT_DEMO_EXPANSION,2026-09-23,Synthetic/demo relationship; not a verified facility relationship.,SYNTHETIC_DEMO
SUP00216,LOC00808,Warehouse,UNKNOWN,MEDIUM,PROJECT_DEMO_EXPANSION,2026-09-23,Synthetic/demo relationship; not a verified facility relationship.,SYNTHETIC_DEMO
SUP00217,LOC00821,Warehouse,OWNED,MEDIUM,PROJECT_DEMO_EXPANSION,2026-09-23,Synthetic/demo relationship; not a verified facility relationship.,SYNTHETIC_DEMO
SUP00218,LOC00834,Factory,UNKNOWN,LOW,PROJECT_DEMO_EXPANSION,2026-09-23,Synthetic/demo relationship; not a verified facility relationship.,SYNTHETIC_DEMO
SUP00219,LOC00847,Factory,LEASED,LOW,PROJECT_DEMO_EXPANSION,2026-09-23,Synthetic/demo relationship; not a verified facility relationship.,SYNTHETIC_DEMO
SUP00220,LOC00860,Factory,UNKNOWN,LOW,PROJECT_DEMO_EXPANSION,2026-09-23,Synthetic/demo relationship; not a verified facility relationship.,SYNTHETIC_DEMO
SUP00221,LOC00873,Warehouse,LEASED,LOW,PROJECT_DEMO_EXPANSION,2026-09-23,Synthetic/demo relationship; not a verified facility relationship.,SYNTHETIC_DEMO
SUP00222,LOC00886,Distribution Center,OWNED,MEDIUM,PROJECT_DEMO_EXPANSION,2026-09-23,Synthetic/demo relationship; not a verified facility relationship.,SYNTHETIC_DEMO
SUP00223,LOC00899,Distribution Center,OWNED,MEDIUM,PROJECT_DEMO_EXPANSION,2026-09-23,Synthetic/demo relationship; not a verified facility relationship.,SYNTHETIC_DEMO
SUP00224,LOC00912,Warehouse,LEASED,MEDIUM,PROJECT_DEMO_EXPANSION,2026-09-23,Synthetic/demo relationship; not a verified facility relationship.,SYNTHETIC_DEMO
SUP00225,LOC00925,Factory,OWNED,MEDIUM,PROJECT_DEMO_EXPANSION,2026-09-23,Synthetic/demo relationship; not a verified facility relationship.,SYNTHETIC_DEMO
SUP00226,LOC00938,Warehouse,UNKNOWN,HIGH,PROJECT_DEMO_EXPANSION,2026-09-23,Synthetic/demo relationship; not a verified facility relationship.,SYNTHETIC_DEMO
SUP00227,LOC00951,Warehouse,OWNED,MEDIUM,PROJECT_DEMO_EXPANSION,2026-09-23,Synthetic/demo relationship; not a verified facility relationship.,SYNTHETIC_DEMO
SUP00228,LOC00964,Factory,LEASED,HIGH,PROJECT_DEMO_EXPANSION,2026-09-23,Synthetic/demo relationship; not a verified facility relationship.,SYNTHETIC_DEMO
SUP00229,LOC00977,Distribution Center,UNKNOWN,LOW,PROJECT_DEMO_EXPANSION,2026-09-23,Synthetic/demo relationship; not a verified facility relationship.,SYNTHETIC_DEMO
SUP00230,LOC00990,Warehouse,LEASED,LOW,PROJECT_DEMO_EXPANSION,2026-09-23,Synthetic/demo relationship; not a verified facility relationship.,SYNTHETIC_DEMO
SUP00231,LOC00003,Factory,LEASED,MEDIUM,PROJECT_DEMO_EXPANSION,2026-09-23,Synthetic/demo relationship; not a verified facility relationship.,SYNTHETIC_DEMO
SUP00232,LOC00016,Warehouse,UNKNOWN,LOW,PROJECT_DEMO_EXPANSION,2026-09-23,Synthetic/demo relationship; not a verified facility relationship.,SYNTHETIC_DEMO
SUP00233,LOC00029,Warehouse,OWNED,MEDIUM,PROJECT_DEMO_EXPANSION,2026-09-23,Synthetic/demo relationship; not a verified facility relationship.,SYNTHETIC_DEMO
SUP00234,LOC00042,Distribution Center,LEASED,LOW,PROJECT_DEMO_EXPANSION,2026-09-23,Synthetic/demo relationship; not a verified facility relationship.,SYNTHETIC_DEMO
SUP00235,LOC00055,Factory,LEASED,MEDIUM,PROJECT_DEMO_EXPANSION,2026-09-23,Synthetic/demo relationship; not a verified facility relationship.,SYNTHETIC_DEMO
SUP00236,LOC00068,Factory,LEASED,MEDIUM,PROJECT_DEMO_EXPANSION,2026-09-23,Synthetic/demo relationship; not a verified facility relationship.,SYNTHETIC_DEMO
SUP00237,LOC00081,Warehouse,LEASED,LOW,PROJECT_DEMO_EXPANSION,2026-09-23,Synthetic/demo relationship; not a verified facility relationship.,SYNTHETIC_DEMO
SUP00238,LOC00094,Factory,UNKNOWN,MEDIUM,PROJECT_DEMO_EXPANSION,2026-09-23,Synthetic/demo relationship; not a verified facility relationship.,SYNTHETIC_DEMO
SUP00239,LOC00107,Distribution Center,UNKNOWN,LOW,PROJECT_DEMO_EXPANSION,2026-09-23,Synthetic/demo relationship; not a verified facility relationship.,SYNTHETIC_DEMO
SUP00240,LOC00120,Warehouse,OWNED,MEDIUM,PROJECT_DEMO_EXPANSION,2026-09-23,Synthetic/demo relationship; not a verified facility relationship.,SYNTHETIC_DEMO
SUP00241,LOC00133,Warehouse,LEASED,MEDIUM,PROJECT_DEMO_EXPANSION,2026-09-23,Synthetic/demo relationship; not a verified facility relationship.,SYNTHETIC_DEMO
SUP00242,LOC00146,Distribution Center,OWNED,MEDIUM,PROJECT_DEMO_EXPANSION,2026-09-23,Synthetic/demo relationship; not a verified facility relationship.,SYNTHETIC_DEMO
SUP00243,LOC00159,Factory,UNKNOWN,MEDIUM,PROJECT_DEMO_EXPANSION,2026-09-23,Synthetic/demo relationship; not a verified facility relationship.,SYNTHETIC_DEMO
SUP00244,LOC00172,Factory,LEASED,MEDIUM,PROJECT_DEMO_EXPANSION,2026-09-23,Synthetic/demo relationship; not a verified facility relationship.,SYNTHETIC_DEMO
SUP00245,LOC00185,Warehouse,OWNED,LOW,PROJECT_DEMO_EXPANSION,2026-09-23,Synthetic/demo relationship; not a verified facility relationship.,SYNTHETIC_DEMO
SUP00246,LOC00198,Distribution Center,LEASED,HIGH,PROJECT_DEMO_EXPANSION,2026-09-23,Synthetic/demo relationship; not a verified facility relationship.,SYNTHETIC_DEMO
SUP00247,LOC00211,Warehouse,OWNED,MEDIUM,PROJECT_DEMO_EXPANSION,2026-09-23,Synthetic/demo relationship; not a verified facility relationship.,SYNTHETIC_DEMO
SUP00248,LOC00224,Factory,OWNED,HIGH,PROJECT_DEMO_EXPANSION,2026-09-23,Synthetic/demo relationship; not a verified facility relationship.,SYNTHETIC_DEMO
SUP00249,LOC00237,Distribution Center,OWNED,MEDIUM,PROJECT_DEMO_EXPANSION,2026-09-23,Synthetic/demo relationship; not a verified facility relationship.,SYNTHETIC_DEMO
SUP00250,LOC00250,Distribution Center,LEASED,MEDIUM,PROJECT_DEMO_EXPANSION,2026-09-23,Synthetic/demo relationship; not a verified facility relationship.,SYNTHETIC_DEMO
SUP00251,LOC00263,Warehouse,LEASED,LOW,PROJECT_DEMO_EXPANSION,2026-09-23,Synthetic/demo relationship; not a verified facility relationship.,SYNTHETIC_DEMO
SUP00252,LOC00276,Warehouse,UNKNOWN,HIGH,PROJECT_DEMO_EXPANSION,2026-09-23,Synthetic/demo relationship; not a verified facility relationship.,SYNTHETIC_DEMO
SUP00253,LOC00289,Factory,LEASED,HIGH,PROJECT_DEMO_EXPANSION,2026-09-23,Synthetic/demo relationship; not a verified facility relationship.,SYNTHETIC_DEMO
SUP00254,LOC00302,Warehouse,LEASED,MEDIUM,PROJECT_DEMO_EXPANSION,2026-09-23,Synthetic/demo relationship; not a verified facility relationship.,SYNTHETIC_DEMO
SUP00255,LOC00315,Distribution Center,OWNED,MEDIUM,PROJECT_DEMO_EXPANSION,2026-09-23,Synthetic/demo relationship; not a verified facility relationship.,SYNTHETIC_DEMO
SUP00256,LOC00328,Warehouse,OWNED,HIGH,PROJECT_DEMO_EXPANSION,2026-09-23,Synthetic/demo relationship; not a verified facility relationship.,SYNTHETIC_DEMO
SUP00257,LOC00341,Factory,UNKNOWN,HIGH,PROJECT_DEMO_EXPANSION,2026-09-23,Synthetic/demo relationship; not a verified facility relationship.,SYNTHETIC_DEMO
SUP00258,LOC00354,Warehouse,OWNED,LOW,PROJECT_DEMO_EXPANSION,2026-09-23,Synthetic/demo relationship; not a verified facility relationship.,SYNTHETIC_DEMO
SUP00259,LOC00367,Factory,UNKNOWN,LOW,PROJECT_DEMO_EXPANSION,2026-09-23,Synthetic/demo relationship; not a verified facility relationship.,SYNTHETIC_DEMO
SUP00260,LOC00380,Factory,LEASED,HIGH,PROJECT_DEMO_EXPANSION,2026-09-23,Synthetic/demo relationship; not a verified facility relationship.,SYNTHETIC_DEMO
SUP00261,LOC00393,Distribution Center,UNKNOWN,LOW,PROJECT_DEMO_EXPANSION,2026-09-23,Synthetic/demo relationship; not a verified facility relationship.,SYNTHETIC_DEMO
SUP00262,LOC00406,Warehouse,LEASED,HIGH,PROJECT_DEMO_EXPANSION,2026-09-23,Synthetic/demo relationship; not a verified facility relationship.,SYNTHETIC_DEMO
SUP00263,LOC00419,Warehouse,OWNED,HIGH,PROJECT_DEMO_EXPANSION,2026-09-23,Synthetic/demo relationship; not a verified facility relationship.,SYNTHETIC_DEMO
SUP00264,LOC00432,Factory,OWNED,LOW,PROJECT_DEMO_EXPANSION,2026-09-23,Synthetic/demo relationship; not a verified facility relationship.,SYNTHETIC_DEMO
SUP00265,LOC00445,Warehouse,OWNED,HIGH,PROJECT_DEMO_EXPANSION,2026-09-23,Synthetic/demo relationship; not a verified facility relationship.,SYNTHETIC_DEMO
SUP00266,LOC00458,Warehouse,LEASED,MEDIUM,PROJECT_DEMO_EXPANSION,2026-09-23,Synthetic/demo relationship; not a verified facility relationship.,SYNTHETIC_DEMO
SUP00267,LOC00471,Warehouse,OWNED,LOW,PROJECT_DEMO_EXPANSION,2026-09-23,Synthetic/demo relationship; not a verified facility relationship.,SYNTHETIC_DEMO
SUP00268,LOC00484,Factory,LEASED,MEDIUM,PROJECT_DEMO_EXPANSION,2026-09-23,Synthetic/demo relationship; not a verified facility relationship.,SYNTHETIC_DEMO
SUP00269,LOC00497,Factory,UNKNOWN,LOW,PROJECT_DEMO_EXPANSION,2026-09-23,Synthetic/demo relationship; not a verified facility relationship.,SYNTHETIC_DEMO
SUP00270,LOC00510,Factory,LEASED,HIGH,PROJECT_DEMO_EXPANSION,2026-09-23,Synthetic/demo relationship; not a verified facility relationship.,SYNTHETIC_DEMO
SUP00271,LOC00523,Distribution Center,UNKNOWN,MEDIUM,PROJECT_DEMO_EXPANSION,2026-09-23,Synthetic/demo relationship; not a verified facility relationship.,SYNTHETIC_DEMO
SUP00272,LOC00536,Factory,LEASED,MEDIUM,PROJECT_DEMO_EXPANSION,2026-09-23,Synthetic/demo relationship; not a verified facility relationship.,SYNTHETIC_DEMO
SUP00273,LOC00549,Warehouse,UNKNOWN,LOW,PROJECT_DEMO_EXPANSION,2026-09-23,Synthetic/demo relationship; not a verified facility relationship.,SYNTHETIC_DEMO
SUP00274,LOC00562,Distribution Center,UNKNOWN,LOW,PROJECT_DEMO_EXPANSION,2026-09-23,Synthetic/demo relationship; not a verified facility relationship.,SYNTHETIC_DEMO
SUP00275,LOC00575,Warehouse,UNKNOWN,MEDIUM,PROJECT_DEMO_EXPANSION,2026-09-23,Synthetic/demo relationship; not a verified facility relationship.,SYNTHETIC_DEMO
SUP00276,LOC00588,Distribution Center,OWNED,LOW,PROJECT_DEMO_EXPANSION,2026-09-23,Synthetic/demo relationship; not a verified facility relationship.,SYNTHETIC_DEMO
SUP00277,LOC00601,Warehouse,LEASED,HIGH,PROJECT_DEMO_EXPANSION,2026-09-23,Synthetic/demo relationship; not a verified facility relationship.,SYNTHETIC_DEMO
SUP00278,LOC00614,Factory,OWNED,HIGH,PROJECT_DEMO_EXPANSION,2026-09-23,Synthetic/demo relationship; not a verified facility relationship.,SYNTHETIC_DEMO
SUP00279,LOC00627,Distribution Center,LEASED,HIGH,PROJECT_DEMO_EXPANSION,2026-09-23,Synthetic/demo relationship; not a verified facility relationship.,SYNTHETIC_DEMO
SUP00280,LOC00640,Factory,LEASED,MEDIUM,PROJECT_DEMO_EXPANSION,2026-09-23,Synthetic/demo relationship; not a verified facility relationship.,SYNTHETIC_DEMO
SUP00281,LOC00653,Factory,LEASED,LOW,PROJECT_DEMO_EXPANSION,2026-09-23,Synthetic/demo relationship; not a verified facility relationship.,SYNTHETIC_DEMO
SUP00282,LOC00666,Distribution Center,OWNED,HIGH,PROJECT_DEMO_EXPANSION,2026-09-23,Synthetic/demo relationship; not a verified facility relationship.,SYNTHETIC_DEMO
SUP00283,LOC00679,Factory,OWNED,MEDIUM,PROJECT_DEMO_EXPANSION,2026-09-23,Synthetic/demo relationship; not a verified facility relationship.,SYNTHETIC_DEMO
SUP00284,LOC00692,Distribution Center,UNKNOWN,MEDIUM,PROJECT_DEMO_EXPANSION,2026-09-23,Synthetic/demo relationship; not a verified facility relationship.,SYNTHETIC_DEMO
SUP00285,LOC00705,Distribution Center,OWNED,LOW,PROJECT_DEMO_EXPANSION,2026-09-23,Synthetic/demo relationship; not a verified facility relationship.,SYNTHETIC_DEMO
SUP00286,LOC00718,Distribution Center,OWNED,LOW,PROJECT_DEMO_EXPANSION,2026-09-23,Synthetic/demo relationship; not a verified facility relationship.,SYNTHETIC_DEMO
SUP00287,LOC00731,Factory,OWNED,MEDIUM,PROJECT_DEMO_EXPANSION,2026-09-23,Synthetic/demo relationship; not a verified facility relationship.,SYNTHETIC_DEMO
SUP00288,LOC00744,Factory,OWNED,MEDIUM,PROJECT_DEMO_EXPANSION,2026-09-23,Synthetic/demo relationship; not a verified facility relationship.,SYNTHETIC_DEMO
SUP00289,LOC00757,Distribution Center,UNKNOWN,LOW,PROJECT_DEMO_EXPANSION,2026-09-23,Synthetic/demo relationship; not a verified facility relationship.,SYNTHETIC_DEMO
SUP00290,LOC00770,Warehouse,UNKNOWN,HIGH,PROJECT_DEMO_EXPANSION,2026-09-23,Synthetic/demo relationship; not a verified facility relationship.,SYNTHETIC_DEMO
SUP00291,LOC00783,Distribution Center,LEASED,MEDIUM,PROJECT_DEMO_EXPANSION,2026-09-23,Synthetic/demo relationship; not a verified facility relationship.,SYNTHETIC_DEMO
SUP00292,LOC00796,Warehouse,LEASED,LOW,PROJECT_DEMO_EXPANSION,2026-09-23,Synthetic/demo relationship; not a verified facility relationship.,SYNTHETIC_DEMO
SUP00293,LOC00809,Warehouse,UNKNOWN,LOW,PROJECT_DEMO_EXPANSION,2026-09-23,Synthetic/demo relationship; not a verified facility relationship.,SYNTHETIC_DEMO
SUP00294,LOC00822,Distribution Center,UNKNOWN,MEDIUM,PROJECT_DEMO_EXPANSION,2026-09-23,Synthetic/demo relationship; not a verified facility relationship.,SYNTHETIC_DEMO
SUP00295,LOC00835,Warehouse,LEASED,LOW,PROJECT_DEMO_EXPANSION,2026-09-23,Synthetic/demo relationship; not a verified facility relationship.,SYNTHETIC_DEMO
SUP00296,LOC00848,Factory,OWNED,HIGH,PROJECT_DEMO_EXPANSION,2026-09-23,Synthetic/demo relationship; not a verified facility relationship.,SYNTHETIC_DEMO
SUP00297,LOC00861,Factory,LEASED,HIGH,PROJECT_DEMO_EXPANSION,2026-09-23,Synthetic/demo relationship; not a verified facility relationship.,SYNTHETIC_DEMO
SUP00298,LOC00874,Warehouse,OWNED,HIGH,PROJECT_DEMO_EXPANSION,2026-09-23,Synthetic/demo relationship; not a verified facility relationship.,SYNTHETIC_DEMO
SUP00299,LOC00887,Factory,UNKNOWN,MEDIUM,PROJECT_DEMO_EXPANSION,2026-09-23,Synthetic/demo relationship; not a verified facility relationship.,SYNTHETIC_DEMO
SUP00300,LOC00900,Warehouse,OWNED,HIGH,PROJECT_DEMO_EXPANSION,2026-09-23,Synthetic/demo relationship; not a verified facility relationship.,SYNTHETIC_DEMO
SUP00301,LOC00913,Warehouse,OWNED,LOW,PROJECT_DEMO_EXPANSION,2026-09-23,Synthetic/demo relationship; not a verified facility relationship.,SYNTHETIC_DEMO
SUP00302,LOC00926,Warehouse,UNKNOWN,MEDIUM,PROJECT_DEMO_EXPANSION,2026-09-23,Synthetic/demo relationship; not a verified facility relationship.,SYNTHETIC_DEMO
SUP00303,LOC00939,Warehouse,OWNED,LOW,PROJECT_DEMO_EXPANSION,2026-09-23,Synthetic/demo relationship; not a verified facility relationship.,SYNTHETIC_DEMO
SUP00304,LOC00952,Distribution Center,LEASED,MEDIUM,PROJECT_DEMO_EXPANSION,2026-09-23,Synthetic/demo relationship; not a verified facility relationship.,SYNTHETIC_DEMO
SUP00305,LOC00965,Warehouse,OWNED,LOW,PROJECT_DEMO_EXPANSION,2026-09-23,Synthetic/demo relationship; not a verified facility relationship.,SYNTHETIC_DEMO
SUP00306,LOC00978,Factory,LEASED,LOW,PROJECT_DEMO_EXPANSION,2026-09-23,Synthetic/demo relationship; not a verified facility relationship.,SYNTHETIC_DEMO
SUP00307,LOC00991,Factory,UNKNOWN,LOW,PROJECT_DEMO_EXPANSION,2026-09-23,Synthetic/demo relationship; not a verified facility relationship.,SYNTHETIC_DEMO
SUP00308,LOC00004,Distribution Center,OWNED,HIGH,PROJECT_DEMO_EXPANSION,2026-09-23,Synthetic/demo relationship; not a verified facility relationship.,SYNTHETIC_DEMO
SUP00309,LOC00017,Distribution Center,UNKNOWN,MEDIUM,PROJECT_DEMO_EXPANSION,2026-09-23,Synthetic/demo relationship; not a verified facility relationship.,SYNTHETIC_DEMO
SUP00310,LOC00030,Factory,LEASED,LOW,PROJECT_DEMO_EXPANSION,2026-09-23,Synthetic/demo relationship; not a verified facility relationship.,SYNTHETIC_DEMO
SUP00311,LOC00043,Factory,OWNED,LOW,PROJECT_DEMO_EXPANSION,2026-09-23,Synthetic/demo relationship; not a verified facility relationship.,SYNTHETIC_DEMO
SUP00312,LOC00056,Warehouse,OWNED,MEDIUM,PROJECT_DEMO_EXPANSION,2026-09-23,Synthetic/demo relationship; not a verified facility relationship.,SYNTHETIC_DEMO
SUP00313,LOC00069,Distribution Center,OWNED,HIGH,PROJECT_DEMO_EXPANSION,2026-09-23,Synthetic/demo relationship; not a verified facility relationship.,SYNTHETIC_DEMO
SUP00314,LOC00082,Factory,LEASED,HIGH,PROJECT_DEMO_EXPANSION,2026-09-23,Synthetic/demo relationship; not a verified facility relationship.,SYNTHETIC_DEMO
SUP00315,LOC00095,Distribution Center,OWNED,MEDIUM,PROJECT_DEMO_EXPANSION,2026-09-23,Synthetic/demo relationship; not a verified facility relationship.,SYNTHETIC_DEMO
SUP00316,LOC00108,Distribution Center,UNKNOWN,HIGH,PROJECT_DEMO_EXPANSION,2026-09-23,Synthetic/demo relationship; not a verified facility relationship.,SYNTHETIC_DEMO
SUP00317,LOC00121,Warehouse,OWNED,LOW,PROJECT_DEMO_EXPANSION,2026-09-23,Synthetic/demo relationship; not a verified facility relationship.,SYNTHETIC_DEMO
SUP00318,LOC00134,Factory,LEASED,HIGH,PROJECT_DEMO_EXPANSION,2026-09-23,Synthetic/demo relationship; not a verified facility relationship.,SYNTHETIC_DEMO
SUP00319,LOC00147,Factory,UNKNOWN,LOW,PROJECT_DEMO_EXPANSION,2026-09-23,Synthetic/demo relationship; not a verified facility relationship.,SYNTHETIC_DEMO
SUP00320,LOC00160,Distribution Center,OWNED,HIGH,PROJECT_DEMO_EXPANSION,2026-09-23,Synthetic/demo relationship; not a verified facility relationship.,SYNTHETIC_DEMO
SUP00321,LOC00173,Warehouse,UNKNOWN,LOW,PROJECT_DEMO_EXPANSION,2026-09-23,Synthetic/demo relationship; not a verified facility relationship.,SYNTHETIC_DEMO
SUP00322,LOC00186,Factory,UNKNOWN,HIGH,PROJECT_DEMO_EXPANSION,2026-09-23,Synthetic/demo relationship; not a verified facility relationship.,SYNTHETIC_DEMO
SUP00323,LOC00199,Distribution Center,UNKNOWN,HIGH,PROJECT_DEMO_EXPANSION,2026-09-23,Synthetic/demo relationship; not a verified facility relationship.,SYNTHETIC_DEMO
SUP00324,LOC00212,Factory,UNKNOWN,LOW,PROJECT_DEMO_EXPANSION,2026-09-23,Synthetic/demo relationship; not a verified facility relationship.,SYNTHETIC_DEMO
SUP00325,LOC00225,Warehouse,UNKNOWN,LOW,PROJECT_DEMO_EXPANSION,2026-09-23,Synthetic/demo relationship; not a verified facility relationship.,SYNTHETIC_DEMO
SUP00326,LOC00238,Distribution Center,OWNED,HIGH,PROJECT_DEMO_EXPANSION,2026-09-23,Synthetic/demo relationship; not a verified facility relationship.,SYNTHETIC_DEMO
SUP00327,LOC00251,Factory,OWNED,MEDIUM,PROJECT_DEMO_EXPANSION,2026-09-23,Synthetic/demo relationship; not a verified facility relationship.,SYNTHETIC_DEMO
SUP00328,LOC00264,Warehouse,UNKNOWN,MEDIUM,PROJECT_DEMO_EXPANSION,2026-09-23,Synthetic/demo relationship; not a verified facility relationship.,SYNTHETIC_DEMO
SUP00329,LOC00277,Distribution Center,UNKNOWN,HIGH,PROJECT_DEMO_EXPANSION,2026-09-23,Synthetic/demo relationship; not a verified facility relationship.,SYNTHETIC_DEMO
SUP00330,LOC00290,Factory,OWNED,MEDIUM,PROJECT_DEMO_EXPANSION,2026-09-23,Synthetic/demo relationship; not a verified facility relationship.,SYNTHETIC_DEMO
SUP00331,LOC00303,Warehouse,UNKNOWN,MEDIUM,PROJECT_DEMO_EXPANSION,2026-09-23,Synthetic/demo relationship; not a verified facility relationship.,SYNTHETIC_DEMO
SUP00332,LOC00316,Distribution Center,OWNED,MEDIUM,PROJECT_DEMO_EXPANSION,2026-09-23,Synthetic/demo relationship; not a verified facility relationship.,SYNTHETIC_DEMO
SUP00333,LOC00329,Distribution Center,LEASED,MEDIUM,PROJECT_DEMO_EXPANSION,2026-09-23,Synthetic/demo relationship; not a verified facility relationship.,SYNTHETIC_DEMO
SUP00334,LOC00342,Distribution Center,LEASED,HIGH,PROJECT_DEMO_EXPANSION,2026-09-23,Synthetic/demo relationship; not a verified facility relationship.,SYNTHETIC_DEMO
SUP00335,LOC00355,Warehouse,UNKNOWN,LOW,PROJECT_DEMO_EXPANSION,2026-09-23,Synthetic/demo relationship; not a verified facility relationship.,SYNTHETIC_DEMO
SUP00336,LOC00368,Warehouse,OWNED,LOW,PROJECT_DEMO_EXPANSION,2026-09-23,Synthetic/demo relationship; not a verified facility relationship.,SYNTHETIC_DEMO
SUP00337,LOC00381,Warehouse,LEASED,MEDIUM,PROJECT_DEMO_EXPANSION,2026-09-23,Synthetic/demo relationship; not a verified facility relationship.,SYNTHETIC_DEMO
SUP00338,LOC00394,Warehouse,OWNED,HIGH,PROJECT_DEMO_EXPANSION,2026-09-23,Synthetic/demo relationship; not a verified facility relationship.,SYNTHETIC_DEMO
SUP00339,LOC00407,Factory,OWNED,LOW,PROJECT_DEMO_EXPANSION,2026-09-23,Synthetic/demo relationship; not a verified facility relationship.,SYNTHETIC_DEMO
SUP00340,LOC00420,Factory,LEASED,MEDIUM,PROJECT_DEMO_EXPANSION,2026-09-23,Synthetic/demo relationship; not a verified facility relationship.,SYNTHETIC_DEMO
SUP00341,LOC00433,Factory,OWNED,HIGH,PROJECT_DEMO_EXPANSION,2026-09-23,Synthetic/demo relationship; not a verified facility relationship.,SYNTHETIC_DEMO
SUP00342,LOC00446,Distribution Center,LEASED,HIGH,PROJECT_DEMO_EXPANSION,2026-09-23,Synthetic/demo relationship; not a verified facility relationship.,SYNTHETIC_DEMO
SUP00343,LOC00459,Warehouse,OWNED,MEDIUM,PROJECT_DEMO_EXPANSION,2026-09-23,Synthetic/demo relationship; not a verified facility relationship.,SYNTHETIC_DEMO
SUP00344,LOC00472,Distribution Center,UNKNOWN,MEDIUM,PROJECT_DEMO_EXPANSION,2026-09-23,Synthetic/demo relationship; not a verified facility relationship.,SYNTHETIC_DEMO
SUP00345,LOC00485,Distribution Center,UNKNOWN,LOW,PROJECT_DEMO_EXPANSION,2026-09-23,Synthetic/demo relationship; not a verified facility relationship.,SYNTHETIC_DEMO
SUP00346,LOC00498,Warehouse,OWNED,MEDIUM,PROJECT_DEMO_EXPANSION,2026-09-23,Synthetic/demo relationship; not a verified facility relationship.,SYNTHETIC_DEMO
SUP00347,LOC00511,Factory,LEASED,MEDIUM,PROJECT_DEMO_EXPANSION,2026-09-23,Synthetic/demo relationship; not a verified facility relationship.,SYNTHETIC_DEMO
SUP00348,LOC00524,Distribution Center,OWNED,LOW,PROJECT_DEMO_EXPANSION,2026-09-23,Synthetic/demo relationship; not a verified facility relationship.,SYNTHETIC_DEMO
SUP00349,LOC00537,Distribution Center,LEASED,LOW,PROJECT_DEMO_EXPANSION,2026-09-23,Synthetic/demo relationship; not a verified facility relationship.,SYNTHETIC_DEMO
SUP00350,LOC00550,Warehouse,LEASED,LOW,PROJECT_DEMO_EXPANSION,2026-09-23,Synthetic/demo relationship; not a verified facility relationship.,SYNTHETIC_DEMO
SUP00351,LOC00563,Factory,UNKNOWN,HIGH,PROJECT_DEMO_EXPANSION,2026-09-23,Synthetic/demo relationship; not a verified facility relationship.,SYNTHETIC_DEMO
SUP00352,LOC00576,Distribution Center,UNKNOWN,LOW,PROJECT_DEMO_EXPANSION,2026-09-23,Synthetic/demo relationship; not a verified facility relationship.,SYNTHETIC_DEMO
SUP00353,LOC00589,Factory,OWNED,MEDIUM,PROJECT_DEMO_EXPANSION,2026-09-23,Synthetic/demo relationship; not a verified facility relationship.,SYNTHETIC_DEMO
SUP00354,LOC00602,Warehouse,UNKNOWN,MEDIUM,PROJECT_DEMO_EXPANSION,2026-09-23,Synthetic/demo relationship; not a verified facility relationship.,SYNTHETIC_DEMO
SUP00355,LOC00615,Warehouse,LEASED,HIGH,PROJECT_DEMO_EXPANSION,2026-09-23,Synthetic/demo relationship; not a verified facility relationship.,SYNTHETIC_DEMO
SUP00356,LOC00628,Factory,UNKNOWN,HIGH,PROJECT_DEMO_EXPANSION,2026-09-23,Synthetic/demo relationship; not a verified facility relationship.,SYNTHETIC_DEMO
SUP00357,LOC00641,Warehouse,UNKNOWN,HIGH,PROJECT_DEMO_EXPANSION,2026-09-23,Synthetic/demo relationship; not a verified facility relationship.,SYNTHETIC_DEMO
SUP00358,LOC00654,Distribution Center,LEASED,HIGH,PROJECT_DEMO_EXPANSION,2026-09-23,Synthetic/demo relationship; not a verified facility relationship.,SYNTHETIC_DEMO
SUP00359,LOC00667,Factory,OWNED,HIGH,PROJECT_DEMO_EXPANSION,2026-09-23,Synthetic/demo relationship; not a verified facility relationship.,SYNTHETIC_DEMO
SUP00360,LOC00680,Distribution Center,OWNED,MEDIUM,PROJECT_DEMO_EXPANSION,2026-09-23,Synthetic/demo relationship; not a verified facility relationship.,SYNTHETIC_DEMO
SUP00361,LOC00693,Warehouse,OWNED,LOW,PROJECT_DEMO_EXPANSION,2026-09-23,Synthetic/demo relationship; not a verified facility relationship.,SYNTHETIC_DEMO
SUP00362,LOC00706,Warehouse,UNKNOWN,LOW,PROJECT_DEMO_EXPANSION,2026-09-23,Synthetic/demo relationship; not a verified facility relationship.,SYNTHETIC_DEMO
SUP00363,LOC00719,Distribution Center,LEASED,MEDIUM,PROJECT_DEMO_EXPANSION,2026-09-23,Synthetic/demo relationship; not a verified facility relationship.,SYNTHETIC_DEMO
SUP00364,LOC00732,Distribution Center,LEASED,LOW,PROJECT_DEMO_EXPANSION,2026-09-23,Synthetic/demo relationship; not a verified facility relationship.,SYNTHETIC_DEMO
SUP00365,LOC00745,Distribution Center,OWNED,MEDIUM,PROJECT_DEMO_EXPANSION,2026-09-23,Synthetic/demo relationship; not a verified facility relationship.,SYNTHETIC_DEMO
SUP00366,LOC00758,Factory,UNKNOWN,MEDIUM,PROJECT_DEMO_EXPANSION,2026-09-23,Synthetic/demo relationship; not a verified facility relationship.,SYNTHETIC_DEMO
SUP00367,LOC00771,Factory,OWNED,MEDIUM,PROJECT_DEMO_EXPANSION,2026-09-23,Synthetic/demo relationship; not a verified facility relationship.,SYNTHETIC_DEMO
SUP00368,LOC00784,Warehouse,UNKNOWN,HIGH,PROJECT_DEMO_EXPANSION,2026-09-23,Synthetic/demo relationship; not a verified facility relationship.,SYNTHETIC_DEMO
SUP00369,LOC00797,Distribution Center,UNKNOWN,LOW,PROJECT_DEMO_EXPANSION,2026-09-23,Synthetic/demo relationship; not a verified facility relationship.,SYNTHETIC_DEMO
SUP00370,LOC00810,Distribution Center,OWNED,LOW,PROJECT_DEMO_EXPANSION,2026-09-23,Synthetic/demo relationship; not a verified facility relationship.,SYNTHETIC_DEMO
SUP00371,LOC00823,Warehouse,OWNED,LOW,PROJECT_DEMO_EXPANSION,2026-09-23,Synthetic/demo relationship; not a verified facility relationship.,SYNTHETIC_DEMO
SUP00372,LOC00836,Distribution Center,OWNED,HIGH,PROJECT_DEMO_EXPANSION,2026-09-23,Synthetic/demo relationship; not a verified facility relationship.,SYNTHETIC_DEMO
SUP00373,LOC00849,Warehouse,OWNED,MEDIUM,PROJECT_DEMO_EXPANSION,2026-09-23,Synthetic/demo relationship; not a verified facility relationship.,SYNTHETIC_DEMO
SUP00374,LOC00862,Factory,OWNED,LOW,PROJECT_DEMO_EXPANSION,2026-09-23,Synthetic/demo relationship; not a verified facility relationship.,SYNTHETIC_DEMO
SUP00375,LOC00875,Warehouse,UNKNOWN,MEDIUM,PROJECT_DEMO_EXPANSION,2026-09-23,Synthetic/demo relationship; not a verified facility relationship.,SYNTHETIC_DEMO
SUP00376,LOC00888,Warehouse,OWNED,LOW,PROJECT_DEMO_EXPANSION,2026-09-23,Synthetic/demo relationship; not a verified facility relationship.,SYNTHETIC_DEMO
SUP00377,LOC00901,Factory,OWNED,HIGH,PROJECT_DEMO_EXPANSION,2026-09-23,Synthetic/demo relationship; not a verified facility relationship.,SYNTHETIC_DEMO
SUP00378,LOC00914,Factory,UNKNOWN,LOW,PROJECT_DEMO_EXPANSION,2026-09-23,Synthetic/demo relationship; not a verified facility relationship.,SYNTHETIC_DEMO
SUP00379,LOC00927,Warehouse,UNKNOWN,LOW,PROJECT_DEMO_EXPANSION,2026-09-23,Synthetic/demo relationship; not a verified facility relationship.,SYNTHETIC_DEMO
SUP00380,LOC00940,Warehouse,LEASED,LOW,PROJECT_DEMO_EXPANSION,2026-09-23,Synthetic/demo relationship; not a verified facility relationship.,SYNTHETIC_DEMO
SUP00381,LOC00953,Warehouse,LEASED,MEDIUM,PROJECT_DEMO_EXPANSION,2026-09-23,Synthetic/demo relationship; not a verified facility relationship.,SYNTHETIC_DEMO
SUP00382,LOC00966,Factory,OWNED,LOW,PROJECT_DEMO_EXPANSION,2026-09-23,Synthetic/demo relationship; not a verified facility relationship.,SYNTHETIC_DEMO
SUP00383,LOC00979,Distribution Center,UNKNOWN,MEDIUM,PROJECT_DEMO_EXPANSION,2026-09-23,Synthetic/demo relationship; not a verified facility relationship.,SYNTHETIC_DEMO
SUP00384,LOC00992,Distribution Center,OWNED,HIGH,PROJECT_DEMO_EXPANSION,2026-09-23,Synthetic/demo relationship; not a verified facility relationship.,SYNTHETIC_DEMO
SUP00385,LOC00005,Distribution Center,LEASED,HIGH,PROJECT_DEMO_EXPANSION,2026-09-23,Synthetic/demo relationship; not a verified facility relationship.,SYNTHETIC_DEMO
SUP00386,LOC00018,Distribution Center,OWNED,LOW,PROJECT_DEMO_EXPANSION,2026-09-23,Synthetic/demo relationship; not a verified facility relationship.,SYNTHETIC_DEMO
SUP00387,LOC00031,Warehouse,OWNED,MEDIUM,PROJECT_DEMO_EXPANSION,2026-09-23,Synthetic/demo relationship; not a verified facility relationship.,SYNTHETIC_DEMO
SUP00388,LOC00044,Warehouse,LEASED,LOW,PROJECT_DEMO_EXPANSION,2026-09-23,Synthetic/demo relationship; not a verified facility relationship.,SYNTHETIC_DEMO
SUP00389,LOC00057,Warehouse,LEASED,LOW,PROJECT_DEMO_EXPANSION,2026-09-23,Synthetic/demo relationship; not a verified facility relationship.,SYNTHETIC_DEMO
SUP00390,LOC00070,Distribution Center,OWNED,MEDIUM,PROJECT_DEMO_EXPANSION,2026-09-23,Synthetic/demo relationship; not a verified facility relationship.,SYNTHETIC_DEMO
SUP00391,LOC00083,Warehouse,OWNED,LOW,PROJECT_DEMO_EXPANSION,2026-09-23,Synthetic/demo relationship; not a verified facility relationship.,SYNTHETIC_DEMO
SUP00392,LOC00096,Distribution Center,LEASED,HIGH,PROJECT_DEMO_EXPANSION,2026-09-23,Synthetic/demo relationship; not a verified facility relationship.,SYNTHETIC_DEMO
SUP00393,LOC00109,Warehouse,OWNED,HIGH,PROJECT_DEMO_EXPANSION,2026-09-23,Synthetic/demo relationship; not a verified facility relationship.,SYNTHETIC_DEMO
SUP00394,LOC00122,Warehouse,UNKNOWN,MEDIUM,PROJECT_DEMO_EXPANSION,2026-09-23,Synthetic/demo relationship; not a verified facility relationship.,SYNTHETIC_DEMO
SUP00395,LOC00135,Distribution Center,LEASED,MEDIUM,PROJECT_DEMO_EXPANSION,2026-09-23,Synthetic/demo relationship; not a verified facility relationship.,SYNTHETIC_DEMO
SUP00396,LOC00148,Factory,UNKNOWN,MEDIUM,PROJECT_DEMO_EXPANSION,2026-09-23,Synthetic/demo relationship; not a verified facility relationship.,SYNTHETIC_DEMO
SUP00397,LOC00161,Factory,LEASED,LOW,PROJECT_DEMO_EXPANSION,2026-09-23,Synthetic/demo relationship; not a verified facility relationship.,SYNTHETIC_DEMO
SUP00398,LOC00174,Factory,LEASED,LOW,PROJECT_DEMO_EXPANSION,2026-09-23,Synthetic/demo relationship; not a verified facility relationship.,SYNTHETIC_DEMO
SUP00399,LOC00187,Distribution Center,OWNED,HIGH,PROJECT_DEMO_EXPANSION,2026-09-23,Synthetic/demo relationship; not a verified facility relationship.,SYNTHETIC_DEMO
SUP00400,LOC00200,Distribution Center,UNKNOWN,HIGH,PROJECT_DEMO_EXPANSION,2026-09-23,Synthetic/demo relationship; not a verified facility relationship.,SYNTHETIC_DEMO
SUP00401,LOC00213,Factory,OWNED,HIGH,PROJECT_DEMO_EXPANSION,2026-09-23,Synthetic/demo relationship; not a verified facility relationship.,SYNTHETIC_DEMO
SUP00402,LOC00226,Factory,LEASED,MEDIUM,PROJECT_DEMO_EXPANSION,2026-09-23,Synthetic/demo relationship; not a verified facility relationship.,SYNTHETIC_DEMO
SUP00403,LOC00239,Factory,LEASED,LOW,PROJECT_DEMO_EXPANSION,2026-09-23,Synthetic/demo relationship; not a verified facility relationship.,SYNTHETIC_DEMO
SUP00404,LOC00252,Factory,UNKNOWN,MEDIUM,PROJECT_DEMO_EXPANSION,2026-09-23,Synthetic/demo relationship; not a verified facility relationship.,SYNTHETIC_DEMO
SUP00405,LOC00265,Distribution Center,OWNED,LOW,PROJECT_DEMO_EXPANSION,2026-09-23,Synthetic/demo relationship; not a verified facility relationship.,SYNTHETIC_DEMO
SUP00406,LOC00278,Warehouse,LEASED,MEDIUM,PROJECT_DEMO_EXPANSION,2026-09-23,Synthetic/demo relationship; not a verified facility relationship.,SYNTHETIC_DEMO
SUP00407,LOC00291,Warehouse,OWNED,MEDIUM,PROJECT_DEMO_EXPANSION,2026-09-23,Synthetic/demo relationship; not a verified facility relationship.,SYNTHETIC_DEMO
SUP00408,LOC00304,Factory,OWNED,LOW,PROJECT_DEMO_EXPANSION,2026-09-23,Synthetic/demo relationship; not a verified facility relationship.,SYNTHETIC_DEMO
SUP00409,LOC00317,Warehouse,LEASED,HIGH,PROJECT_DEMO_EXPANSION,2026-09-23,Synthetic/demo relationship; not a verified facility relationship.,SYNTHETIC_DEMO
SUP00410,LOC00330,Distribution Center,OWNED,MEDIUM,PROJECT_DEMO_EXPANSION,2026-09-23,Synthetic/demo relationship; not a verified facility relationship.,SYNTHETIC_DEMO
SUP00411,LOC00343,Distribution Center,OWNED,LOW,PROJECT_DEMO_EXPANSION,2026-09-23,Synthetic/demo relationship; not a verified facility relationship.,SYNTHETIC_DEMO
SUP00412,LOC00356,Factory,UNKNOWN,MEDIUM,PROJECT_DEMO_EXPANSION,2026-09-23,Synthetic/demo relationship; not a verified facility relationship.,SYNTHETIC_DEMO
SUP00413,LOC00369,Warehouse,OWNED,MEDIUM,PROJECT_DEMO_EXPANSION,2026-09-23,Synthetic/demo relationship; not a verified facility relationship.,SYNTHETIC_DEMO
SUP00414,LOC00382,Distribution Center,UNKNOWN,LOW,PROJECT_DEMO_EXPANSION,2026-09-23,Synthetic/demo relationship; not a verified facility relationship.,SYNTHETIC_DEMO
SUP00415,LOC00395,Warehouse,OWNED,HIGH,PROJECT_DEMO_EXPANSION,2026-09-23,Synthetic/demo relationship; not a verified facility relationship.,SYNTHETIC_DEMO
SUP00416,LOC00408,Factory,UNKNOWN,LOW,PROJECT_DEMO_EXPANSION,2026-09-23,Synthetic/demo relationship; not a verified facility relationship.,SYNTHETIC_DEMO
SUP00417,LOC00421,Distribution Center,UNKNOWN,MEDIUM,PROJECT_DEMO_EXPANSION,2026-09-23,Synthetic/demo relationship; not a verified facility relationship.,SYNTHETIC_DEMO
SUP00418,LOC00434,Factory,OWNED,HIGH,PROJECT_DEMO_EXPANSION,2026-09-23,Synthetic/demo relationship; not a verified facility relationship.,SYNTHETIC_DEMO
SUP00419,LOC00447,Distribution Center,OWNED,MEDIUM,PROJECT_DEMO_EXPANSION,2026-09-23,Synthetic/demo relationship; not a verified facility relationship.,SYNTHETIC_DEMO
SUP00420,LOC00460,Factory,LEASED,HIGH,PROJECT_DEMO_EXPANSION,2026-09-23,Synthetic/demo relationship; not a verified facility relationship.,SYNTHETIC_DEMO
SUP00421,LOC00473,Distribution Center,UNKNOWN,HIGH,PROJECT_DEMO_EXPANSION,2026-09-23,Synthetic/demo relationship; not a verified facility relationship.,SYNTHETIC_DEMO
SUP00422,LOC00486,Warehouse,UNKNOWN,LOW,PROJECT_DEMO_EXPANSION,2026-09-23,Synthetic/demo relationship; not a verified facility relationship.,SYNTHETIC_DEMO
SUP00423,LOC00499,Factory,UNKNOWN,MEDIUM,PROJECT_DEMO_EXPANSION,2026-09-23,Synthetic/demo relationship; not a verified facility relationship.,SYNTHETIC_DEMO
SUP00424,LOC00512,Factory,OWNED,MEDIUM,PROJECT_DEMO_EXPANSION,2026-09-23,Synthetic/demo relationship; not a verified facility relationship.,SYNTHETIC_DEMO
SUP00425,LOC00525,Distribution Center,OWNED,LOW,PROJECT_DEMO_EXPANSION,2026-09-23,Synthetic/demo relationship; not a verified facility relationship.,SYNTHETIC_DEMO
SUP00426,LOC00538,Factory,OWNED,LOW,PROJECT_DEMO_EXPANSION,2026-09-23,Synthetic/demo relationship; not a verified facility relationship.,SYNTHETIC_DEMO
SUP00427,LOC00551,Warehouse,LEASED,MEDIUM,PROJECT_DEMO_EXPANSION,2026-09-23,Synthetic/demo relationship; not a verified facility relationship.,SYNTHETIC_DEMO
SUP00428,LOC00564,Factory,LEASED,LOW,PROJECT_DEMO_EXPANSION,2026-09-23,Synthetic/demo relationship; not a verified facility relationship.,SYNTHETIC_DEMO
SUP00429,LOC00577,Warehouse,OWNED,LOW,PROJECT_DEMO_EXPANSION,2026-09-23,Synthetic/demo relationship; not a verified facility relationship.,SYNTHETIC_DEMO
SUP00430,LOC00590,Factory,OWNED,LOW,PROJECT_DEMO_EXPANSION,2026-09-23,Synthetic/demo relationship; not a verified facility relationship.,SYNTHETIC_DEMO
SUP00431,LOC00603,Warehouse,UNKNOWN,MEDIUM,PROJECT_DEMO_EXPANSION,2026-09-23,Synthetic/demo relationship; not a verified facility relationship.,SYNTHETIC_DEMO
SUP00432,LOC00616,Factory,OWNED,MEDIUM,PROJECT_DEMO_EXPANSION,2026-09-23,Synthetic/demo relationship; not a verified facility relationship.,SYNTHETIC_DEMO
SUP00433,LOC00629,Distribution Center,LEASED,LOW,PROJECT_DEMO_EXPANSION,2026-09-23,Synthetic/demo relationship; not a verified facility relationship.,SYNTHETIC_DEMO
SUP00434,LOC00642,Distribution Center,UNKNOWN,LOW,PROJECT_DEMO_EXPANSION,2026-09-23,Synthetic/demo relationship; not a verified facility relationship.,SYNTHETIC_DEMO
SUP00435,LOC00655,Warehouse,LEASED,MEDIUM,PROJECT_DEMO_EXPANSION,2026-09-23,Synthetic/demo relationship; not a verified facility relationship.,SYNTHETIC_DEMO
SUP00436,LOC00668,Factory,UNKNOWN,HIGH,PROJECT_DEMO_EXPANSION,2026-09-23,Synthetic/demo relationship; not a verified facility relationship.,SYNTHETIC_DEMO
SUP00437,LOC00681,Warehouse,OWNED,MEDIUM,PROJECT_DEMO_EXPANSION,2026-09-23,Synthetic/demo relationship; not a verified facility relationship.,SYNTHETIC_DEMO
SUP00438,LOC00694,Warehouse,LEASED,MEDIUM,PROJECT_DEMO_EXPANSION,2026-09-23,Synthetic/demo relationship; not a verified facility relationship.,SYNTHETIC_DEMO
SUP00439,LOC00707,Distribution Center,OWNED,HIGH,PROJECT_DEMO_EXPANSION,2026-09-23,Synthetic/demo relationship; not a verified facility relationship.,SYNTHETIC_DEMO
SUP00440,LOC00720,Warehouse,UNKNOWN,HIGH,PROJECT_DEMO_EXPANSION,2026-09-23,Synthetic/demo relationship; not a verified facility relationship.,SYNTHETIC_DEMO
SUP00441,LOC00733,Distribution Center,UNKNOWN,MEDIUM,PROJECT_DEMO_EXPANSION,2026-09-23,Synthetic/demo relationship; not a verified facility relationship.,SYNTHETIC_DEMO
SUP00442,LOC00746,Factory,UNKNOWN,LOW,PROJECT_DEMO_EXPANSION,2026-09-23,Synthetic/demo relationship; not a verified facility relationship.,SYNTHETIC_DEMO
SUP00443,LOC00759,Warehouse,LEASED,LOW,PROJECT_DEMO_EXPANSION,2026-09-23,Synthetic/demo relationship; not a verified facility relationship.,SYNTHETIC_DEMO
SUP00444,LOC00772,Warehouse,LEASED,MEDIUM,PROJECT_DEMO_EXPANSION,2026-09-23,Synthetic/demo relationship; not a verified facility relationship.,SYNTHETIC_DEMO
SUP00445,LOC00785,Distribution Center,OWNED,MEDIUM,PROJECT_DEMO_EXPANSION,2026-09-23,Synthetic/demo relationship; not a verified facility relationship.,SYNTHETIC_DEMO
SUP00446,LOC00798,Factory,OWNED,LOW,PROJECT_DEMO_EXPANSION,2026-09-23,Synthetic/demo relationship; not a verified facility relationship.,SYNTHETIC_DEMO
SUP00447,LOC00811,Factory,UNKNOWN,LOW,PROJECT_DEMO_EXPANSION,2026-09-23,Synthetic/demo relationship; not a verified facility relationship.,SYNTHETIC_DEMO
SUP00448,LOC00824,Factory,UNKNOWN,MEDIUM,PROJECT_DEMO_EXPANSION,2026-09-23,Synthetic/demo relationship; not a verified facility relationship.,SYNTHETIC_DEMO
SUP00449,LOC00837,Distribution Center,LEASED,LOW,PROJECT_DEMO_EXPANSION,2026-09-23,Synthetic/demo relationship; not a verified facility relationship.,SYNTHETIC_DEMO
SUP00450,LOC00850,Distribution Center,UNKNOWN,LOW,PROJECT_DEMO_EXPANSION,2026-09-23,Synthetic/demo relationship; not a verified facility relationship.,SYNTHETIC_DEMO
SUP00451,LOC00863,Warehouse,UNKNOWN,HIGH,PROJECT_DEMO_EXPANSION,2026-09-23,Synthetic/demo relationship; not a verified facility relationship.,SYNTHETIC_DEMO
SUP00452,LOC00876,Factory,LEASED,MEDIUM,PROJECT_DEMO_EXPANSION,2026-09-23,Synthetic/demo relationship; not a verified facility relationship.,SYNTHETIC_DEMO
SUP00453,LOC00889,Warehouse,UNKNOWN,HIGH,PROJECT_DEMO_EXPANSION,2026-09-23,Synthetic/demo relationship; not a verified facility relationship.,SYNTHETIC_DEMO
SUP00454,LOC00902,Factory,UNKNOWN,MEDIUM,PROJECT_DEMO_EXPANSION,2026-09-23,Synthetic/demo relationship; not a verified facility relationship.,SYNTHETIC_DEMO
SUP00455,LOC00915,Warehouse,UNKNOWN,HIGH,PROJECT_DEMO_EXPANSION,2026-09-23,Synthetic/demo relationship; not a verified facility relationship.,SYNTHETIC_DEMO
SUP00456,LOC00928,Factory,OWNED,MEDIUM,PROJECT_DEMO_EXPANSION,2026-09-23,Synthetic/demo relationship; not a verified facility relationship.,SYNTHETIC_DEMO
SUP00457,LOC00941,Distribution Center,UNKNOWN,HIGH,PROJECT_DEMO_EXPANSION,2026-09-23,Synthetic/demo relationship; not a verified facility relationship.,SYNTHETIC_DEMO
SUP00458,LOC00954,Warehouse,OWNED,HIGH,PROJECT_DEMO_EXPANSION,2026-09-23,Synthetic/demo relationship; not a verified facility relationship.,SYNTHETIC_DEMO
SUP00459,LOC00967,Distribution Center,OWNED,LOW,PROJECT_DEMO_EXPANSION,2026-09-23,Synthetic/demo relationship; not a verified facility relationship.,SYNTHETIC_DEMO
SUP00460,LOC00980,Factory,OWNED,LOW,PROJECT_DEMO_EXPANSION,2026-09-23,Synthetic/demo relationship; not a verified facility relationship.,SYNTHETIC_DEMO
SUP00461,LOC00993,Factory,OWNED,MEDIUM,PROJECT_DEMO_EXPANSION,2026-09-23,Synthetic/demo relationship; not a verified facility relationship.,SYNTHETIC_DEMO
SUP00462,LOC00006,Factory,UNKNOWN,LOW,PROJECT_DEMO_EXPANSION,2026-09-23,Synthetic/demo relationship; not a verified facility relationship.,SYNTHETIC_DEMO
SUP00463,LOC00019,Distribution Center,OWNED,LOW,PROJECT_DEMO_EXPANSION,2026-09-23,Synthetic/demo relationship; not a verified facility relationship.,SYNTHETIC_DEMO
SUP00464,LOC00032,Distribution Center,OWNED,MEDIUM,PROJECT_DEMO_EXPANSION,2026-09-23,Synthetic/demo relationship; not a verified facility relationship.,SYNTHETIC_DEMO
SUP00465,LOC00045,Warehouse,OWNED,HIGH,PROJECT_DEMO_EXPANSION,2026-09-23,Synthetic/demo relationship; not a verified facility relationship.,SYNTHETIC_DEMO
SUP00466,LOC00058,Warehouse,OWNED,LOW,PROJECT_DEMO_EXPANSION,2026-09-23,Synthetic/demo relationship; not a verified facility relationship.,SYNTHETIC_DEMO
SUP00467,LOC00071,Factory,LEASED,MEDIUM,PROJECT_DEMO_EXPANSION,2026-09-23,Synthetic/demo relationship; not a verified facility relationship.,SYNTHETIC_DEMO
SUP00468,LOC00084,Distribution Center,LEASED,LOW,PROJECT_DEMO_EXPANSION,2026-09-23,Synthetic/demo relationship; not a verified facility relationship.,SYNTHETIC_DEMO
SUP00469,LOC00097,Factory,UNKNOWN,LOW,PROJECT_DEMO_EXPANSION,2026-09-23,Synthetic/demo relationship; not a verified facility relationship.,SYNTHETIC_DEMO
SUP00470,LOC00110,Distribution Center,LEASED,MEDIUM,PROJECT_DEMO_EXPANSION,2026-09-23,Synthetic/demo relationship; not a verified facility relationship.,SYNTHETIC_DEMO
SUP00471,LOC00123,Distribution Center,UNKNOWN,HIGH,PROJECT_DEMO_EXPANSION,2026-09-23,Synthetic/demo relationship; not a verified facility relationship.,SYNTHETIC_DEMO
SUP00472,LOC00136,Warehouse,OWNED,LOW,PROJECT_DEMO_EXPANSION,2026-09-23,Synthetic/demo relationship; not a verified facility relationship.,SYNTHETIC_DEMO
SUP00473,LOC00149,Factory,OWNED,LOW,PROJECT_DEMO_EXPANSION,2026-09-23,Synthetic/demo relationship; not a verified facility relationship.,SYNTHETIC_DEMO
SUP00474,LOC00162,Warehouse,UNKNOWN,LOW,PROJECT_DEMO_EXPANSION,2026-09-23,Synthetic/demo relationship; not a verified facility relationship.,SYNTHETIC_DEMO
SUP00475,LOC00175,Distribution Center,LEASED,HIGH,PROJECT_DEMO_EXPANSION,2026-09-23,Synthetic/demo relationship; not a verified facility relationship.,SYNTHETIC_DEMO
SUP00476,LOC00188,Distribution Center,OWNED,LOW,PROJECT_DEMO_EXPANSION,2026-09-23,Synthetic/demo relationship; not a verified facility relationship.,SYNTHETIC_DEMO
SUP00477,LOC00201,Factory,UNKNOWN,HIGH,PROJECT_DEMO_EXPANSION,2026-09-23,Synthetic/demo relationship; not a verified facility relationship.,SYNTHETIC_DEMO
SUP00478,LOC00214,Distribution Center,LEASED,LOW,PROJECT_DEMO_EXPANSION,2026-09-23,Synthetic/demo relationship; not a verified facility relationship.,SYNTHETIC_DEMO
SUP00479,LOC00227,Warehouse,OWNED,LOW,PROJECT_DEMO_EXPANSION,2026-09-23,Synthetic/demo relationship; not a verified facility relationship.,SYNTHETIC_DEMO
SUP00480,LOC00240,Factory,OWNED,LOW,PROJECT_DEMO_EXPANSION,2026-09-23,Synthetic/demo relationship; not a verified facility relationship.,SYNTHETIC_DEMO
SUP00481,LOC00253,Warehouse,UNKNOWN,LOW,PROJECT_DEMO_EXPANSION,2026-09-23,Synthetic/demo relationship; not a verified facility relationship.,SYNTHETIC_DEMO
SUP00482,LOC00266,Warehouse,OWNED,LOW,PROJECT_DEMO_EXPANSION,2026-09-23,Synthetic/demo relationship; not a verified facility relationship.,SYNTHETIC_DEMO
SUP00483,LOC00279,Factory,OWNED,HIGH,PROJECT_DEMO_EXPANSION,2026-09-23,Synthetic/demo relationship; not a verified facility relationship.,SYNTHETIC_DEMO
SUP00484,LOC00292,Factory,UNKNOWN,HIGH,PROJECT_DEMO_EXPANSION,2026-09-23,Synthetic/demo relationship; not a verified facility relationship.,SYNTHETIC_DEMO
SUP00485,LOC00305,Factory,OWNED,LOW,PROJECT_DEMO_EXPANSION,2026-09-23,Synthetic/demo relationship; not a verified facility relationship.,SYNTHETIC_DEMO
SUP00486,LOC00318,Warehouse,OWNED,LOW,PROJECT_DEMO_EXPANSION,2026-09-23,Synthetic/demo relationship; not a verified facility relationship.,SYNTHETIC_DEMO
SUP00487,LOC00331,Distribution Center,OWNED,MEDIUM,PROJECT_DEMO_EXPANSION,2026-09-23,Synthetic/demo relationship; not a verified facility relationship.,SYNTHETIC_DEMO
SUP00488,LOC00344,Warehouse,LEASED,HIGH,PROJECT_DEMO_EXPANSION,2026-09-23,Synthetic/demo relationship; not a verified facility relationship.,SYNTHETIC_DEMO
SUP00489,LOC00357,Factory,UNKNOWN,HIGH,PROJECT_DEMO_EXPANSION,2026-09-23,Synthetic/demo relationship; not a verified facility relationship.,SYNTHETIC_DEMO
SUP00490,LOC00370,Factory,UNKNOWN,MEDIUM,PROJECT_DEMO_EXPANSION,2026-09-23,Synthetic/demo relationship; not a verified facility relationship.,SYNTHETIC_DEMO
SUP00491,LOC00383,Factory,LEASED,MEDIUM,PROJECT_DEMO_EXPANSION,2026-09-23,Synthetic/demo relationship; not a verified facility relationship.,SYNTHETIC_DEMO
SUP00492,LOC00396,Warehouse,OWNED,LOW,PROJECT_DEMO_EXPANSION,2026-09-23,Synthetic/demo relationship; not a verified facility relationship.,SYNTHETIC_DEMO
SUP00493,LOC00409,Factory,UNKNOWN,MEDIUM,PROJECT_DEMO_EXPANSION,2026-09-23,Synthetic/demo relationship; not a verified facility relationship.,SYNTHETIC_DEMO
SUP00494,LOC00422,Warehouse,LEASED,LOW,PROJECT_DEMO_EXPANSION,2026-09-23,Synthetic/demo relationship; not a verified facility relationship.,SYNTHETIC_DEMO
SUP00495,LOC00435,Warehouse,LEASED,MEDIUM,PROJECT_DEMO_EXPANSION,2026-09-23,Synthetic/demo relationship; not a verified facility relationship.,SYNTHETIC_DEMO
SUP00496,LOC00448,Distribution Center,UNKNOWN,LOW,PROJECT_DEMO_EXPANSION,2026-09-23,Synthetic/demo relationship; not a verified facility relationship.,SYNTHETIC_DEMO
SUP00497,LOC00461,Distribution Center,LEASED,HIGH,PROJECT_DEMO_EXPANSION,2026-09-23,Synthetic/demo relationship; not a verified facility relationship.,SYNTHETIC_DEMO
SUP00498,LOC00474,Factory,LEASED,MEDIUM,PROJECT_DEMO_EXPANSION,2026-09-23,Synthetic/demo relationship; not a verified facility relationship.,SYNTHETIC_DEMO
SUP00499,LOC00487,Warehouse,UNKNOWN,HIGH,PROJECT_DEMO_EXPANSION,2026-09-23,Synthetic/demo relationship; not a verified facility relationship.,SYNTHETIC_DEMO
SUP00500,LOC00500,Factory,UNKNOWN,LOW,PROJECT_DEMO_EXPANSION,2026-09-23,Synthetic/demo relationship; not a verified facility relationship.,SYNTHETIC_DEMO
SUP00501,LOC00513,Factory,OWNED,LOW,PROJECT_DEMO_EXPANSION,2026-09-23,Synthetic/demo relationship; not a verified facility relationship.,SYNTHETIC_DEMO
SUP00502,LOC00526,Factory,OWNED,LOW,PROJECT_DEMO_EXPANSION,2026-09-23,Synthetic/demo relationship; not a verified facility relationship.,SYNTHETIC_DEMO
SUP00503,LOC00539,Warehouse,OWNED,HIGH,PROJECT_DEMO_EXPANSION,2026-09-23,Synthetic/demo relationship; not a verified facility relationship.,SYNTHETIC_DEMO
SUP00504,LOC00552,Warehouse,OWNED,HIGH,PROJECT_DEMO_EXPANSION,2026-09-23,Synthetic/demo relationship; not a verified facility relationship.,SYNTHETIC_DEMO
SUP00505,LOC00565,Factory,LEASED,LOW,PROJECT_DEMO_EXPANSION,2026-09-23,Synthetic/demo relationship; not a verified facility relationship.,SYNTHETIC_DEMO
SUP00506,LOC00578,Factory,OWNED,LOW,PROJECT_DEMO_EXPANSION,2026-09-23,Synthetic/demo relationship; not a verified facility relationship.,SYNTHETIC_DEMO
SUP00507,LOC00591,Warehouse,LEASED,HIGH,PROJECT_DEMO_EXPANSION,2026-09-23,Synthetic/demo relationship; not a verified facility relationship.,SYNTHETIC_DEMO
SUP00508,LOC00604,Distribution Center,UNKNOWN,LOW,PROJECT_DEMO_EXPANSION,2026-09-23,Synthetic/demo relationship; not a verified facility relationship.,SYNTHETIC_DEMO
SUP00509,LOC00617,Distribution Center,UNKNOWN,MEDIUM,PROJECT_DEMO_EXPANSION,2026-09-23,Synthetic/demo relationship; not a verified facility relationship.,SYNTHETIC_DEMO
SUP00510,LOC00630,Distribution Center,LEASED,HIGH,PROJECT_DEMO_EXPANSION,2026-09-23,Synthetic/demo relationship; not a verified facility relationship.,SYNTHETIC_DEMO
SUP00511,LOC00643,Warehouse,OWNED,HIGH,PROJECT_DEMO_EXPANSION,2026-09-23,Synthetic/demo relationship; not a verified facility relationship.,SYNTHETIC_DEMO
SUP00512,LOC00656,Factory,OWNED,HIGH,PROJECT_DEMO_EXPANSION,2026-09-23,Synthetic/demo relationship; not a verified facility relationship.,SYNTHETIC_DEMO
SUP00513,LOC00669,Factory,LEASED,LOW,PROJECT_DEMO_EXPANSION,2026-09-23,Synthetic/demo relationship; not a verified facility relationship.,SYNTHETIC_DEMO
SUP00514,LOC00682,Warehouse,OWNED,HIGH,PROJECT_DEMO_EXPANSION,2026-09-23,Synthetic/demo relationship; not a verified facility relationship.,SYNTHETIC_DEMO
SUP00515,LOC00695,Distribution Center,LEASED,HIGH,PROJECT_DEMO_EXPANSION,2026-09-23,Synthetic/demo relationship; not a verified facility relationship.,SYNTHETIC_DEMO
SUP00516,LOC00708,Warehouse,OWNED,HIGH,PROJECT_DEMO_EXPANSION,2026-09-23,Synthetic/demo relationship; not a verified facility relationship.,SYNTHETIC_DEMO
SUP00517,LOC00721,Distribution Center,OWNED,MEDIUM,PROJECT_DEMO_EXPANSION,2026-09-23,Synthetic/demo relationship; not a verified facility relationship.,SYNTHETIC_DEMO
SUP00518,LOC00734,Factory,OWNED,LOW,PROJECT_DEMO_EXPANSION,2026-09-23,Synthetic/demo relationship; not a verified facility relationship.,SYNTHETIC_DEMO
SUP00519,LOC00747,Distribution Center,LEASED,LOW,PROJECT_DEMO_EXPANSION,2026-09-23,Synthetic/demo relationship; not a verified facility relationship.,SYNTHETIC_DEMO
SUP00520,LOC00760,Factory,OWNED,MEDIUM,PROJECT_DEMO_EXPANSION,2026-09-23,Synthetic/demo relationship; not a verified facility relationship.,SYNTHETIC_DEMO
SUP00521,LOC00773,Distribution Center,OWNED,HIGH,PROJECT_DEMO_EXPANSION,2026-09-23,Synthetic/demo relationship; not a verified facility relationship.,SYNTHETIC_DEMO
SUP00522,LOC00786,Factory,UNKNOWN,MEDIUM,PROJECT_DEMO_EXPANSION,2026-09-23,Synthetic/demo relationship; not a verified facility relationship.,SYNTHETIC_DEMO
SUP00523,LOC00799,Distribution Center,OWNED,HIGH,PROJECT_DEMO_EXPANSION,2026-09-23,Synthetic/demo relationship; not a verified facility relationship.,SYNTHETIC_DEMO
SUP00524,LOC00812,Distribution Center,OWNED,HIGH,PROJECT_DEMO_EXPANSION,2026-09-23,Synthetic/demo relationship; not a verified facility relationship.,SYNTHETIC_DEMO
SUP00525,LOC00825,Distribution Center,LEASED,LOW,PROJECT_DEMO_EXPANSION,2026-09-23,Synthetic/demo relationship; not a verified facility relationship.,SYNTHETIC_DEMO
SUP00526,LOC00838,Distribution Center,LEASED,MEDIUM,PROJECT_DEMO_EXPANSION,2026-09-23,Synthetic/demo relationship; not a verified facility relationship.,SYNTHETIC_DEMO
SUP00527,LOC00851,Distribution Center,UNKNOWN,HIGH,PROJECT_DEMO_EXPANSION,2026-09-23,Synthetic/demo relationship; not a verified facility relationship.,SYNTHETIC_DEMO
SUP00528,LOC00864,Warehouse,OWNED,HIGH,PROJECT_DEMO_EXPANSION,2026-09-23,Synthetic/demo relationship; not a verified facility relationship.,SYNTHETIC_DEMO
SUP00529,LOC00877,Distribution Center,LEASED,HIGH,PROJECT_DEMO_EXPANSION,2026-09-23,Synthetic/demo relationship; not a verified facility relationship.,SYNTHETIC_DEMO
SUP00530,LOC00890,Warehouse,LEASED,LOW,PROJECT_DEMO_EXPANSION,2026-09-23,Synthetic/demo relationship; not a verified facility relationship.,SYNTHETIC_DEMO
SUP00531,LOC00903,Warehouse,OWNED,MEDIUM,PROJECT_DEMO_EXPANSION,2026-09-23,Synthetic/demo relationship; not a verified facility relationship.,SYNTHETIC_DEMO
SUP00532,LOC00916,Distribution Center,UNKNOWN,MEDIUM,PROJECT_DEMO_EXPANSION,2026-09-23,Synthetic/demo relationship; not a verified facility relationship.,SYNTHETIC_DEMO
SUP00533,LOC00929,Distribution Center,OWNED,HIGH,PROJECT_DEMO_EXPANSION,2026-09-23,Synthetic/demo relationship; not a verified facility relationship.,SYNTHETIC_DEMO
SUP00534,LOC00942,Distribution Center,UNKNOWN,LOW,PROJECT_DEMO_EXPANSION,2026-09-23,Synthetic/demo relationship; not a verified facility relationship.,SYNTHETIC_DEMO
SUP00535,LOC00955,Factory,LEASED,LOW,PROJECT_DEMO_EXPANSION,2026-09-23,Synthetic/demo relationship; not a verified facility relationship.,SYNTHETIC_DEMO
SUP00536,LOC00968,Distribution Center,OWNED,HIGH,PROJECT_DEMO_EXPANSION,2026-09-23,Synthetic/demo relationship; not a verified facility relationship.,SYNTHETIC_DEMO
SUP00537,LOC00981,Factory,LEASED,LOW,PROJECT_DEMO_EXPANSION,2026-09-23,Synthetic/demo relationship; not a verified facility relationship.,SYNTHETIC_DEMO
SUP00538,LOC00994,Warehouse,OWNED,HIGH,PROJECT_DEMO_EXPANSION,2026-09-23,Synthetic/demo relationship; not a verified facility relationship.,SYNTHETIC_DEMO
SUP00539,LOC00007,Factory,OWNED,MEDIUM,PROJECT_DEMO_EXPANSION,2026-09-23,Synthetic/demo relationship; not a verified facility relationship.,SYNTHETIC_DEMO
SUP00540,LOC00020,Warehouse,LEASED,HIGH,PROJECT_DEMO_EXPANSION,2026-09-23,Synthetic/demo relationship; not a verified facility relationship.,SYNTHETIC_DEMO
SUP00541,LOC00033,Factory,UNKNOWN,LOW,PROJECT_DEMO_EXPANSION,2026-09-23,Synthetic/demo relationship; not a verified facility relationship.,SYNTHETIC_DEMO
SUP00542,LOC00046,Factory,LEASED,HIGH,PROJECT_DEMO_EXPANSION,2026-09-23,Synthetic/demo relationship; not a verified facility relationship.,SYNTHETIC_DEMO
SUP00543,LOC00059,Factory,OWNED,HIGH,PROJECT_DEMO_EXPANSION,2026-09-23,Synthetic/demo relationship; not a verified facility relationship.,SYNTHETIC_DEMO
SUP00544,LOC00072,Distribution Center,UNKNOWN,MEDIUM,PROJECT_DEMO_EXPANSION,2026-09-23,Synthetic/demo relationship; not a verified facility relationship.,SYNTHETIC_DEMO
SUP00545,LOC00085,Warehouse,OWNED,HIGH,PROJECT_DEMO_EXPANSION,2026-09-23,Synthetic/demo relationship; not a verified facility relationship.,SYNTHETIC_DEMO
SUP00546,LOC00098,Distribution Center,UNKNOWN,MEDIUM,PROJECT_DEMO_EXPANSION,2026-09-23,Synthetic/demo relationship; not a verified facility relationship.,SYNTHETIC_DEMO
SUP00547,LOC00111,Warehouse,LEASED,HIGH,PROJECT_DEMO_EXPANSION,2026-09-23,Synthetic/demo relationship; not a verified facility relationship.,SYNTHETIC_DEMO
SUP00548,LOC00124,Distribution Center,UNKNOWN,HIGH,PROJECT_DEMO_EXPANSION,2026-09-23,Synthetic/demo relationship; not a verified facility relationship.,SYNTHETIC_DEMO
SUP00549,LOC00137,Warehouse,OWNED,HIGH,PROJECT_DEMO_EXPANSION,2026-09-23,Synthetic/demo relationship; not a verified facility relationship.,SYNTHETIC_DEMO
SUP00550,LOC00150,Distribution Center,LEASED,HIGH,PROJECT_DEMO_EXPANSION,2026-09-23,Synthetic/demo relationship; not a verified facility relationship.,SYNTHETIC_DEMO
SUP00551,LOC00163,Factory,OWNED,LOW,PROJECT_DEMO_EXPANSION,2026-09-23,Synthetic/demo relationship; not a verified facility relationship.,SYNTHETIC_DEMO
SUP00552,LOC00176,Distribution Center,OWNED,MEDIUM,PROJECT_DEMO_EXPANSION,2026-09-23,Synthetic/demo relationship; not a verified facility relationship.,SYNTHETIC_DEMO
SUP00553,LOC00189,Warehouse,OWNED,MEDIUM,PROJECT_DEMO_EXPANSION,2026-09-23,Synthetic/demo relationship; not a verified facility relationship.,SYNTHETIC_DEMO
SUP00554,LOC00202,Factory,OWNED,HIGH,PROJECT_DEMO_EXPANSION,2026-09-23,Synthetic/demo relationship; not a verified facility relationship.,SYNTHETIC_DEMO
SUP00555,LOC00215,Distribution Center,UNKNOWN,LOW,PROJECT_DEMO_EXPANSION,2026-09-23,Synthetic/demo relationship; not a verified facility relationship.,SYNTHETIC_DEMO
SUP00556,LOC00228,Distribution Center,LEASED,HIGH,PROJECT_DEMO_EXPANSION,2026-09-23,Synthetic/demo relationship; not a verified facility relationship.,SYNTHETIC_DEMO
SUP00557,LOC00241,Distribution Center,LEASED,HIGH,PROJECT_DEMO_EXPANSION,2026-09-23,Synthetic/demo relationship; not a verified facility relationship.,SYNTHETIC_DEMO
SUP00558,LOC00254,Factory,LEASED,LOW,PROJECT_DEMO_EXPANSION,2026-09-23,Synthetic/demo relationship; not a verified facility relationship.,SYNTHETIC_DEMO
SUP00559,LOC00267,Factory,UNKNOWN,HIGH,PROJECT_DEMO_EXPANSION,2026-09-23,Synthetic/demo relationship; not a verified facility relationship.,SYNTHETIC_DEMO
SUP00560,LOC00280,Distribution Center,UNKNOWN,MEDIUM,PROJECT_DEMO_EXPANSION,2026-09-23,Synthetic/demo relationship; not a verified facility relationship.,SYNTHETIC_DEMO
SUP00561,LOC00293,Factory,OWNED,HIGH,PROJECT_DEMO_EXPANSION,2026-09-23,Synthetic/demo relationship; not a verified facility relationship.,SYNTHETIC_DEMO
SUP00562,LOC00306,Factory,LEASED,HIGH,PROJECT_DEMO_EXPANSION,2026-09-23,Synthetic/demo relationship; not a verified facility relationship.,SYNTHETIC_DEMO
SUP00563,LOC00319,Factory,LEASED,MEDIUM,PROJECT_DEMO_EXPANSION,2026-09-23,Synthetic/demo relationship; not a verified facility relationship.,SYNTHETIC_DEMO
SUP00564,LOC00332,Factory,UNKNOWN,LOW,PROJECT_DEMO_EXPANSION,2026-09-23,Synthetic/demo relationship; not a verified facility relationship.,SYNTHETIC_DEMO
SUP00565,LOC00345,Distribution Center,OWNED,LOW,PROJECT_DEMO_EXPANSION,2026-09-23,Synthetic/demo relationship; not a verified facility relationship.,SYNTHETIC_DEMO
SUP00566,LOC00358,Factory,OWNED,MEDIUM,PROJECT_DEMO_EXPANSION,2026-09-23,Synthetic/demo relationship; not a verified facility relationship.,SYNTHETIC_DEMO
SUP00567,LOC00371,Factory,OWNED,HIGH,PROJECT_DEMO_EXPANSION,2026-09-23,Synthetic/demo relationship; not a verified facility relationship.,SYNTHETIC_DEMO
SUP00568,LOC00384,Warehouse,UNKNOWN,MEDIUM,PROJECT_DEMO_EXPANSION,2026-09-23,Synthetic/demo relationship; not a verified facility relationship.,SYNTHETIC_DEMO
SUP00569,LOC00397,Warehouse,OWNED,LOW,PROJECT_DEMO_EXPANSION,2026-09-23,Synthetic/demo relationship; not a verified facility relationship.,SYNTHETIC_DEMO
SUP00570,LOC00410,Warehouse,OWNED,HIGH,PROJECT_DEMO_EXPANSION,2026-09-23,Synthetic/demo relationship; not a verified facility relationship.,SYNTHETIC_DEMO
SUP00571,LOC00423,Warehouse,LEASED,LOW,PROJECT_DEMO_EXPANSION,2026-09-23,Synthetic/demo relationship; not a verified facility relationship.,SYNTHETIC_DEMO
SUP00572,LOC00436,Factory,UNKNOWN,LOW,PROJECT_DEMO_EXPANSION,2026-09-23,Synthetic/demo relationship; not a verified facility relationship.,SYNTHETIC_DEMO
SUP00573,LOC00449,Warehouse,OWNED,MEDIUM,PROJECT_DEMO_EXPANSION,2026-09-23,Synthetic/demo relationship; not a verified facility relationship.,SYNTHETIC_DEMO
SUP00574,LOC00462,Distribution Center,LEASED,LOW,PROJECT_DEMO_EXPANSION,2026-09-23,Synthetic/demo relationship; not a verified facility relationship.,SYNTHETIC_DEMO
SUP00575,LOC00475,Distribution Center,LEASED,LOW,PROJECT_DEMO_EXPANSION,2026-09-23,Synthetic/demo relationship; not a verified facility relationship.,SYNTHETIC_DEMO
SUP00576,LOC00488,Distribution Center,OWNED,MEDIUM,PROJECT_DEMO_EXPANSION,2026-09-23,Synthetic/demo relationship; not a verified facility relationship.,SYNTHETIC_DEMO
SUP00577,LOC00501,Distribution Center,UNKNOWN,HIGH,PROJECT_DEMO_EXPANSION,2026-09-23,Synthetic/demo relationship; not a verified facility relationship.,SYNTHETIC_DEMO
SUP00578,LOC00514,Factory,LEASED,MEDIUM,PROJECT_DEMO_EXPANSION,2026-09-23,Synthetic/demo relationship; not a verified facility relationship.,SYNTHETIC_DEMO
SUP00579,LOC00527,Factory,UNKNOWN,HIGH,PROJECT_DEMO_EXPANSION,2026-09-23,Synthetic/demo relationship; not a verified facility relationship.,SYNTHETIC_DEMO
SUP00580,LOC00540,Factory,LEASED,MEDIUM,PROJECT_DEMO_EXPANSION,2026-09-23,Synthetic/demo relationship; not a verified facility relationship.,SYNTHETIC_DEMO
SUP00581,LOC00553,Factory,UNKNOWN,LOW,PROJECT_DEMO_EXPANSION,2026-09-23,Synthetic/demo relationship; not a verified facility relationship.,SYNTHETIC_DEMO
SUP00582,LOC00566,Warehouse,UNKNOWN,LOW,PROJECT_DEMO_EXPANSION,2026-09-23,Synthetic/demo relationship; not a verified facility relationship.,SYNTHETIC_DEMO
SUP00583,LOC00579,Warehouse,LEASED,LOW,PROJECT_DEMO_EXPANSION,2026-09-23,Synthetic/demo relationship; not a verified facility relationship.,SYNTHETIC_DEMO
SUP00584,LOC00592,Distribution Center,LEASED,LOW,PROJECT_DEMO_EXPANSION,2026-09-23,Synthetic/demo relationship; not a verified facility relationship.,SYNTHETIC_DEMO
SUP00585,LOC00605,Warehouse,UNKNOWN,MEDIUM,PROJECT_DEMO_EXPANSION,2026-09-23,Synthetic/demo relationship; not a verified facility relationship.,SYNTHETIC_DEMO
SUP00586,LOC00618,Distribution Center,OWNED,HIGH,PROJECT_DEMO_EXPANSION,2026-09-23,Synthetic/demo relationship; not a verified facility relationship.,SYNTHETIC_DEMO
SUP00587,LOC00631,Factory,LEASED,LOW,PROJECT_DEMO_EXPANSION,2026-09-23,Synthetic/demo relationship; not a verified facility relationship.,SYNTHETIC_DEMO
SUP00588,LOC00644,Distribution Center,OWNED,LOW,PROJECT_DEMO_EXPANSION,2026-09-23,Synthetic/demo relationship; not a verified facility relationship.,SYNTHETIC_DEMO
SUP00589,LOC00657,Warehouse,UNKNOWN,LOW,PROJECT_DEMO_EXPANSION,2026-09-23,Synthetic/demo relationship; not a verified facility relationship.,SYNTHETIC_DEMO
SUP00590,LOC00670,Distribution Center,UNKNOWN,HIGH,PROJECT_DEMO_EXPANSION,2026-09-23,Synthetic/demo relationship; not a verified facility relationship.,SYNTHETIC_DEMO
SUP00591,LOC00683,Distribution Center,LEASED,HIGH,PROJECT_DEMO_EXPANSION,2026-09-23,Synthetic/demo relationship; not a verified facility relationship.,SYNTHETIC_DEMO
SUP00592,LOC00696,Warehouse,OWNED,LOW,PROJECT_DEMO_EXPANSION,2026-09-23,Synthetic/demo relationship; not a verified facility relationship.,SYNTHETIC_DEMO
SUP00593,LOC00709,Warehouse,UNKNOWN,MEDIUM,PROJECT_DEMO_EXPANSION,2026-09-23,Synthetic/demo relationship; not a verified facility relationship.,SYNTHETIC_DEMO
SUP00594,LOC00722,Warehouse,UNKNOWN,HIGH,PROJECT_DEMO_EXPANSION,2026-09-23,Synthetic/demo relationship; not a verified facility relationship.,SYNTHETIC_DEMO
SUP00595,LOC00735,Factory,UNKNOWN,MEDIUM,PROJECT_DEMO_EXPANSION,2026-09-23,Synthetic/demo relationship; not a verified facility relationship.,SYNTHETIC_DEMO
SUP00596,LOC00748,Distribution Center,OWNED,HIGH,PROJECT_DEMO_EXPANSION,2026-09-23,Synthetic/demo relationship; not a verified facility relationship.,SYNTHETIC_DEMO
SUP00597,LOC00761,Factory,LEASED,HIGH,PROJECT_DEMO_EXPANSION,2026-09-23,Synthetic/demo relationship; not a verified facility relationship.,SYNTHETIC_DEMO
SUP00598,LOC00774,Warehouse,LEASED,MEDIUM,PROJECT_DEMO_EXPANSION,2026-09-23,Synthetic/demo relationship; not a verified facility relationship.,SYNTHETIC_DEMO
SUP00599,LOC00787,Factory,UNKNOWN,MEDIUM,PROJECT_DEMO_EXPANSION,2026-09-23,Synthetic/demo relationship; not a verified facility relationship.,SYNTHETIC_DEMO
SUP00600,LOC00800,Distribution Center,LEASED,HIGH,PROJECT_DEMO_EXPANSION,2026-09-23,Synthetic/demo relationship; not a verified facility relationship.,SYNTHETIC_DEMO
SUP00601,LOC00813,Distribution Center,LEASED,MEDIUM,PROJECT_DEMO_EXPANSION,2026-09-23,Synthetic/demo relationship; not a verified facility relationship.,SYNTHETIC_DEMO
SUP00602,LOC00826,Factory,LEASED,MEDIUM,PROJECT_DEMO_EXPANSION,2026-09-23,Synthetic/demo relationship; not a verified facility relationship.,SYNTHETIC_DEMO
SUP00603,LOC00839,Warehouse,OWNED,LOW,PROJECT_DEMO_EXPANSION,2026-09-23,Synthetic/demo relationship; not a verified facility relationship.,SYNTHETIC_DEMO
SUP00604,LOC00852,Distribution Center,LEASED,HIGH,PROJECT_DEMO_EXPANSION,2026-09-23,Synthetic/demo relationship; not a verified facility relationship.,SYNTHETIC_DEMO
SUP00605,LOC00865,Factory,OWNED,LOW,PROJECT_DEMO_EXPANSION,2026-09-23,Synthetic/demo relationship; not a verified facility relationship.,SYNTHETIC_DEMO
SUP00606,LOC00878,Distribution Center,UNKNOWN,MEDIUM,PROJECT_DEMO_EXPANSION,2026-09-23,Synthetic/demo relationship; not a verified facility relationship.,SYNTHETIC_DEMO
SUP00607,LOC00891,Factory,OWNED,LOW,PROJECT_DEMO_EXPANSION,2026-09-23,Synthetic/demo relationship; not a verified facility relationship.,SYNTHETIC_DEMO
SUP00608,LOC00904,Warehouse,OWNED,MEDIUM,PROJECT_DEMO_EXPANSION,2026-09-23,Synthetic/demo relationship; not a verified facility relationship.,SYNTHETIC_DEMO
SUP00609,LOC00917,Warehouse,OWNED,MEDIUM,PROJECT_DEMO_EXPANSION,2026-09-23,Synthetic/demo relationship; not a verified facility relationship.,SYNTHETIC_DEMO
SUP00610,LOC00930,Distribution Center,LEASED,HIGH,PROJECT_DEMO_EXPANSION,2026-09-23,Synthetic/demo relationship; not a verified facility relationship.,SYNTHETIC_DEMO
SUP00611,LOC00943,Warehouse,OWNED,HIGH,PROJECT_DEMO_EXPANSION,2026-09-23,Synthetic/demo relationship; not a verified facility relationship.,SYNTHETIC_DEMO
SUP00612,LOC00956,Warehouse,UNKNOWN,LOW,PROJECT_DEMO_EXPANSION,2026-09-23,Synthetic/demo relationship; not a verified facility relationship.,SYNTHETIC_DEMO
SUP00613,LOC00969,Distribution Center,LEASED,HIGH,PROJECT_DEMO_EXPANSION,2026-09-23,Synthetic/demo relationship; not a verified facility relationship.,SYNTHETIC_DEMO
SUP00614,LOC00982,Factory,OWNED,LOW,PROJECT_DEMO_EXPANSION,2026-09-23,Synthetic/demo relationship; not a verified facility relationship.,SYNTHETIC_DEMO
SUP00615,LOC00995,Distribution Center,OWNED,MEDIUM,PROJECT_DEMO_EXPANSION,2026-09-23,Synthetic/demo relationship; not a verified facility relationship.,SYNTHETIC_DEMO
SUP00616,LOC00008,Factory,OWNED,MEDIUM,PROJECT_DEMO_EXPANSION,2026-09-23,Synthetic/demo relationship; not a verified facility relationship.,SYNTHETIC_DEMO
SUP00617,LOC00021,Warehouse,LEASED,MEDIUM,PROJECT_DEMO_EXPANSION,2026-09-23,Synthetic/demo relationship; not a verified facility relationship.,SYNTHETIC_DEMO
SUP00618,LOC00034,Distribution Center,OWNED,HIGH,PROJECT_DEMO_EXPANSION,2026-09-23,Synthetic/demo relationship; not a verified facility relationship.,SYNTHETIC_DEMO
SUP00619,LOC00047,Warehouse,UNKNOWN,HIGH,PROJECT_DEMO_EXPANSION,2026-09-23,Synthetic/demo relationship; not a verified facility relationship.,SYNTHETIC_DEMO
SUP00620,LOC00060,Warehouse,LEASED,HIGH,PROJECT_DEMO_EXPANSION,2026-09-23,Synthetic/demo relationship; not a verified facility relationship.,SYNTHETIC_DEMO
SUP00621,LOC00073,Warehouse,OWNED,HIGH,PROJECT_DEMO_EXPANSION,2026-09-23,Synthetic/demo relationship; not a verified facility relationship.,SYNTHETIC_DEMO
SUP00622,LOC00086,Factory,LEASED,MEDIUM,PROJECT_DEMO_EXPANSION,2026-09-23,Synthetic/demo relationship; not a verified facility relationship.,SYNTHETIC_DEMO
SUP00623,LOC00099,Distribution Center,UNKNOWN,HIGH,PROJECT_DEMO_EXPANSION,2026-09-23,Synthetic/demo relationship; not a verified facility relationship.,SYNTHETIC_DEMO
SUP00624,LOC00112,Factory,UNKNOWN,HIGH,PROJECT_DEMO_EXPANSION,2026-09-23,Synthetic/demo relationship; not a verified facility relationship.,SYNTHETIC_DEMO
SUP00625,LOC00125,Warehouse,LEASED,HIGH,PROJECT_DEMO_EXPANSION,2026-09-23,Synthetic/demo relationship; not a verified facility relationship.,SYNTHETIC_DEMO
SUP00626,LOC00138,Distribution Center,UNKNOWN,LOW,PROJECT_DEMO_EXPANSION,2026-09-23,Synthetic/demo relationship; not a verified facility relationship.,SYNTHETIC_DEMO
SUP00627,LOC00151,Factory,UNKNOWN,HIGH,PROJECT_DEMO_EXPANSION,2026-09-23,Synthetic/demo relationship; not a verified facility relationship.,SYNTHETIC_DEMO
SUP00628,LOC00164,Factory,OWNED,LOW,PROJECT_DEMO_EXPANSION,2026-09-23,Synthetic/demo relationship; not a verified facility relationship.,SYNTHETIC_DEMO
SUP00629,LOC00177,Warehouse,OWNED,LOW,PROJECT_DEMO_EXPANSION,2026-09-23,Synthetic/demo relationship; not a verified facility relationship.,SYNTHETIC_DEMO
SUP00630,LOC00190,Distribution Center,UNKNOWN,LOW,PROJECT_DEMO_EXPANSION,2026-09-23,Synthetic/demo relationship; not a verified facility relationship.,SYNTHETIC_DEMO
SUP00631,LOC00203,Factory,UNKNOWN,MEDIUM,PROJECT_DEMO_EXPANSION,2026-09-23,Synthetic/demo relationship; not a verified facility relationship.,SYNTHETIC_DEMO
SUP00632,LOC00216,Warehouse,UNKNOWN,LOW,PROJECT_DEMO_EXPANSION,2026-09-23,Synthetic/demo relationship; not a verified facility relationship.,SYNTHETIC_DEMO
SUP00633,LOC00229,Factory,UNKNOWN,HIGH,PROJECT_DEMO_EXPANSION,2026-09-23,Synthetic/demo relationship; not a verified facility relationship.,SYNTHETIC_DEMO
SUP00634,LOC00242,Warehouse,OWNED,LOW,PROJECT_DEMO_EXPANSION,2026-09-23,Synthetic/demo relationship; not a verified facility relationship.,SYNTHETIC_DEMO
SUP00635,LOC00255,Warehouse,OWNED,LOW,PROJECT_DEMO_EXPANSION,2026-09-23,Synthetic/demo relationship; not a verified facility relationship.,SYNTHETIC_DEMO
SUP00636,LOC00268,Warehouse,LEASED,LOW,PROJECT_DEMO_EXPANSION,2026-09-23,Synthetic/demo relationship; not a verified facility relationship.,SYNTHETIC_DEMO
SUP00637,LOC00281,Warehouse,LEASED,LOW,PROJECT_DEMO_EXPANSION,2026-09-23,Synthetic/demo relationship; not a verified facility relationship.,SYNTHETIC_DEMO
SUP00638,LOC00294,Distribution Center,OWNED,MEDIUM,PROJECT_DEMO_EXPANSION,2026-09-23,Synthetic/demo relationship; not a verified facility relationship.,SYNTHETIC_DEMO
SUP00639,LOC00307,Distribution Center,UNKNOWN,MEDIUM,PROJECT_DEMO_EXPANSION,2026-09-23,Synthetic/demo relationship; not a verified facility relationship.,SYNTHETIC_DEMO
SUP00640,LOC00320,Warehouse,UNKNOWN,HIGH,PROJECT_DEMO_EXPANSION,2026-09-23,Synthetic/demo relationship; not a verified facility relationship.,SYNTHETIC_DEMO
SUP00641,LOC00333,Warehouse,UNKNOWN,HIGH,PROJECT_DEMO_EXPANSION,2026-09-23,Synthetic/demo relationship; not a verified facility relationship.,SYNTHETIC_DEMO
SUP00642,LOC00346,Warehouse,LEASED,MEDIUM,PROJECT_DEMO_EXPANSION,2026-09-23,Synthetic/demo relationship; not a verified facility relationship.,SYNTHETIC_DEMO
SUP00643,LOC00359,Distribution Center,UNKNOWN,HIGH,PROJECT_DEMO_EXPANSION,2026-09-23,Synthetic/demo relationship; not a verified facility relationship.,SYNTHETIC_DEMO
SUP00644,LOC00372,Warehouse,UNKNOWN,MEDIUM,PROJECT_DEMO_EXPANSION,2026-09-23,Synthetic/demo relationship; not a verified facility relationship.,SYNTHETIC_DEMO
SUP00645,LOC00385,Factory,LEASED,HIGH,PROJECT_DEMO_EXPANSION,2026-09-23,Synthetic/demo relationship; not a verified facility relationship.,SYNTHETIC_DEMO
SUP00646,LOC00398,Factory,UNKNOWN,LOW,PROJECT_DEMO_EXPANSION,2026-09-23,Synthetic/demo relationship; not a verified facility relationship.,SYNTHETIC_DEMO
SUP00647,LOC00411,Factory,LEASED,MEDIUM,PROJECT_DEMO_EXPANSION,2026-09-23,Synthetic/demo relationship; not a verified facility relationship.,SYNTHETIC_DEMO
SUP00648,LOC00424,Factory,OWNED,LOW,PROJECT_DEMO_EXPANSION,2026-09-23,Synthetic/demo relationship; not a verified facility relationship.,SYNTHETIC_DEMO
SUP00649,LOC00437,Distribution Center,UNKNOWN,LOW,PROJECT_DEMO_EXPANSION,2026-09-23,Synthetic/demo relationship; not a verified facility relationship.,SYNTHETIC_DEMO
SUP00650,LOC00450,Distribution Center,LEASED,MEDIUM,PROJECT_DEMO_EXPANSION,2026-09-23,Synthetic/demo relationship; not a verified facility relationship.,SYNTHETIC_DEMO
SUP00651,LOC00463,Warehouse,OWNED,HIGH,PROJECT_DEMO_EXPANSION,2026-09-23,Synthetic/demo relationship; not a verified facility relationship.,SYNTHETIC_DEMO
SUP00652,LOC00476,Warehouse,OWNED,HIGH,PROJECT_DEMO_EXPANSION,2026-09-23,Synthetic/demo relationship; not a verified facility relationship.,SYNTHETIC_DEMO
SUP00653,LOC00489,Warehouse,LEASED,MEDIUM,PROJECT_DEMO_EXPANSION,2026-09-23,Synthetic/demo relationship; not a verified facility relationship.,SYNTHETIC_DEMO
SUP00654,LOC00502,Factory,UNKNOWN,MEDIUM,PROJECT_DEMO_EXPANSION,2026-09-23,Synthetic/demo relationship; not a verified facility relationship.,SYNTHETIC_DEMO
SUP00655,LOC00515,Warehouse,UNKNOWN,MEDIUM,PROJECT_DEMO_EXPANSION,2026-09-23,Synthetic/demo relationship; not a verified facility relationship.,SYNTHETIC_DEMO
SUP00656,LOC00528,Factory,LEASED,MEDIUM,PROJECT_DEMO_EXPANSION,2026-09-23,Synthetic/demo relationship; not a verified facility relationship.,SYNTHETIC_DEMO
SUP00657,LOC00541,Warehouse,LEASED,MEDIUM,PROJECT_DEMO_EXPANSION,2026-09-23,Synthetic/demo relationship; not a verified facility relationship.,SYNTHETIC_DEMO
SUP00658,LOC00554,Factory,OWNED,HIGH,PROJECT_DEMO_EXPANSION,2026-09-23,Synthetic/demo relationship; not a verified facility relationship.,SYNTHETIC_DEMO
SUP00659,LOC00567,Factory,LEASED,HIGH,PROJECT_DEMO_EXPANSION,2026-09-23,Synthetic/demo relationship; not a verified facility relationship.,SYNTHETIC_DEMO
SUP00660,LOC00580,Factory,UNKNOWN,MEDIUM,PROJECT_DEMO_EXPANSION,2026-09-23,Synthetic/demo relationship; not a verified facility relationship.,SYNTHETIC_DEMO
SUP00661,LOC00593,Factory,LEASED,LOW,PROJECT_DEMO_EXPANSION,2026-09-23,Synthetic/demo relationship; not a verified facility relationship.,SYNTHETIC_DEMO
SUP00662,LOC00606,Warehouse,UNKNOWN,MEDIUM,PROJECT_DEMO_EXPANSION,2026-09-23,Synthetic/demo relationship; not a verified facility relationship.,SYNTHETIC_DEMO
SUP00663,LOC00619,Distribution Center,LEASED,HIGH,PROJECT_DEMO_EXPANSION,2026-09-23,Synthetic/demo relationship; not a verified facility relationship.,SYNTHETIC_DEMO
SUP00664,LOC00632,Factory,UNKNOWN,LOW,PROJECT_DEMO_EXPANSION,2026-09-23,Synthetic/demo relationship; not a verified facility relationship.,SYNTHETIC_DEMO
SUP00665,LOC00645,Warehouse,OWNED,HIGH,PROJECT_DEMO_EXPANSION,2026-09-23,Synthetic/demo relationship; not a verified facility relationship.,SYNTHETIC_DEMO
SUP00666,LOC00658,Warehouse,LEASED,HIGH,PROJECT_DEMO_EXPANSION,2026-09-23,Synthetic/demo relationship; not a verified facility relationship.,SYNTHETIC_DEMO
SUP00667,LOC00671,Factory,LEASED,LOW,PROJECT_DEMO_EXPANSION,2026-09-23,Synthetic/demo relationship; not a verified facility relationship.,SYNTHETIC_DEMO
SUP00668,LOC00684,Warehouse,UNKNOWN,LOW,PROJECT_DEMO_EXPANSION,2026-09-23,Synthetic/demo relationship; not a verified facility relationship.,SYNTHETIC_DEMO
SUP00669,LOC00697,Factory,LEASED,MEDIUM,PROJECT_DEMO_EXPANSION,2026-09-23,Synthetic/demo relationship; not a verified facility relationship.,SYNTHETIC_DEMO
SUP00670,LOC00710,Warehouse,UNKNOWN,MEDIUM,PROJECT_DEMO_EXPANSION,2026-09-23,Synthetic/demo relationship; not a verified facility relationship.,SYNTHETIC_DEMO
SUP00671,LOC00723,Warehouse,UNKNOWN,LOW,PROJECT_DEMO_EXPANSION,2026-09-23,Synthetic/demo relationship; not a verified facility relationship.,SYNTHETIC_DEMO
SUP00672,LOC00736,Warehouse,UNKNOWN,MEDIUM,PROJECT_DEMO_EXPANSION,2026-09-23,Synthetic/demo relationship; not a verified facility relationship.,SYNTHETIC_DEMO
SUP00673,LOC00749,Distribution Center,UNKNOWN,MEDIUM,PROJECT_DEMO_EXPANSION,2026-09-23,Synthetic/demo relationship; not a verified facility relationship.,SYNTHETIC_DEMO
SUP00674,LOC00762,Factory,UNKNOWN,HIGH,PROJECT_DEMO_EXPANSION,2026-09-23,Synthetic/demo relationship; not a verified facility relationship.,SYNTHETIC_DEMO
SUP00675,LOC00775,Distribution Center,LEASED,LOW,PROJECT_DEMO_EXPANSION,2026-09-23,Synthetic/demo relationship; not a verified facility relationship.,SYNTHETIC_DEMO
SUP00676,LOC00788,Factory,OWNED,HIGH,PROJECT_DEMO_EXPANSION,2026-09-23,Synthetic/demo relationship; not a verified facility relationship.,SYNTHETIC_DEMO
SUP00677,LOC00801,Warehouse,OWNED,MEDIUM,PROJECT_DEMO_EXPANSION,2026-09-23,Synthetic/demo relationship; not a verified facility relationship.,SYNTHETIC_DEMO
SUP00678,LOC00814,Warehouse,OWNED,LOW,PROJECT_DEMO_EXPANSION,2026-09-23,Synthetic/demo relationship; not a verified facility relationship.,SYNTHETIC_DEMO
SUP00679,LOC00827,Warehouse,LEASED,HIGH,PROJECT_DEMO_EXPANSION,2026-09-23,Synthetic/demo relationship; not a verified facility relationship.,SYNTHETIC_DEMO
SUP00680,LOC00840,Distribution Center,UNKNOWN,HIGH,PROJECT_DEMO_EXPANSION,2026-09-23,Synthetic/demo relationship; not a verified facility relationship.,SYNTHETIC_DEMO
SUP00681,LOC00853,Distribution Center,LEASED,HIGH,PROJECT_DEMO_EXPANSION,2026-09-23,Synthetic/demo relationship; not a verified facility relationship.,SYNTHETIC_DEMO
SUP00682,LOC00866,Distribution Center,OWNED,LOW,PROJECT_DEMO_EXPANSION,2026-09-23,Synthetic/demo relationship; not a verified facility relationship.,SYNTHETIC_DEMO
SUP00683,LOC00879,Warehouse,UNKNOWN,MEDIUM,PROJECT_DEMO_EXPANSION,2026-09-23,Synthetic/demo relationship; not a verified facility relationship.,SYNTHETIC_DEMO
SUP00684,LOC00892,Warehouse,OWNED,MEDIUM,PROJECT_DEMO_EXPANSION,2026-09-23,Synthetic/demo relationship; not a verified facility relationship.,SYNTHETIC_DEMO
SUP00685,LOC00905,Factory,LEASED,LOW,PROJECT_DEMO_EXPANSION,2026-09-23,Synthetic/demo relationship; not a verified facility relationship.,SYNTHETIC_DEMO
SUP00686,LOC00918,Distribution Center,UNKNOWN,HIGH,PROJECT_DEMO_EXPANSION,2026-09-23,Synthetic/demo relationship; not a verified facility relationship.,SYNTHETIC_DEMO
SUP00687,LOC00931,Distribution Center,OWNED,HIGH,PROJECT_DEMO_EXPANSION,2026-09-23,Synthetic/demo relationship; not a verified facility relationship.,SYNTHETIC_DEMO
SUP00688,LOC00944,Warehouse,UNKNOWN,MEDIUM,PROJECT_DEMO_EXPANSION,2026-09-23,Synthetic/demo relationship; not a verified facility relationship.,SYNTHETIC_DEMO
SUP00689,LOC00957,Warehouse,UNKNOWN,HIGH,PROJECT_DEMO_EXPANSION,2026-09-23,Synthetic/demo relationship; not a verified facility relationship.,SYNTHETIC_DEMO
SUP00690,LOC00970,Distribution Center,UNKNOWN,LOW,PROJECT_DEMO_EXPANSION,2026-09-23,Synthetic/demo relationship; not a verified facility relationship.,SYNTHETIC_DEMO
SUP00691,LOC00983,Distribution Center,UNKNOWN,MEDIUM,PROJECT_DEMO_EXPANSION,2026-09-23,Synthetic/demo relationship; not a verified facility relationship.,SYNTHETIC_DEMO
SUP00692,LOC00996,Factory,LEASED,MEDIUM,PROJECT_DEMO_EXPANSION,2026-09-23,Synthetic/demo relationship; not a verified facility relationship.,SYNTHETIC_DEMO
SUP00693,LOC00009,Factory,OWNED,HIGH,PROJECT_DEMO_EXPANSION,2026-09-23,Synthetic/demo relationship; not a verified facility relationship.,SYNTHETIC_DEMO
SUP00694,LOC00022,Factory,UNKNOWN,LOW,PROJECT_DEMO_EXPANSION,2026-09-23,Synthetic/demo relationship; not a verified facility relationship.,SYNTHETIC_DEMO
SUP00695,LOC00035,Distribution Center,LEASED,HIGH,PROJECT_DEMO_EXPANSION,2026-09-23,Synthetic/demo relationship; not a verified facility relationship.,SYNTHETIC_DEMO
SUP00696,LOC00048,Warehouse,OWNED,MEDIUM,PROJECT_DEMO_EXPANSION,2026-09-23,Synthetic/demo relationship; not a verified facility relationship.,SYNTHETIC_DEMO
SUP00697,LOC00061,Distribution Center,UNKNOWN,HIGH,PROJECT_DEMO_EXPANSION,2026-09-23,Synthetic/demo relationship; not a verified facility relationship.,SYNTHETIC_DEMO
SUP00698,LOC00074,Warehouse,LEASED,LOW,PROJECT_DEMO_EXPANSION,2026-09-23,Synthetic/demo relationship; not a verified facility relationship.,SYNTHETIC_DEMO
SUP00699,LOC00087,Distribution Center,OWNED,MEDIUM,PROJECT_DEMO_EXPANSION,2026-09-23,Synthetic/demo relationship; not a verified facility relationship.,SYNTHETIC_DEMO
SUP00700,LOC00100,Distribution Center,OWNED,HIGH,PROJECT_DEMO_EXPANSION,2026-09-23,Synthetic/demo relationship; not a verified facility relationship.,SYNTHETIC_DEMO
SUP00701,LOC00113,Warehouse,UNKNOWN,HIGH,PROJECT_DEMO_EXPANSION,2026-09-23,Synthetic/demo relationship; not a verified facility relationship.,SYNTHETIC_DEMO
SUP00702,LOC00126,Factory,UNKNOWN,LOW,PROJECT_DEMO_EXPANSION,2026-09-23,Synthetic/demo relationship; not a verified facility relationship.,SYNTHETIC_DEMO
SUP00703,LOC00139,Distribution Center,UNKNOWN,LOW,PROJECT_DEMO_EXPANSION,2026-09-23,Synthetic/demo relationship; not a verified facility relationship.,SYNTHETIC_DEMO
SUP00704,LOC00152,Warehouse,LEASED,LOW,PROJECT_DEMO_EXPANSION,2026-09-23,Synthetic/demo relationship; not a verified facility relationship.,SYNTHETIC_DEMO
SUP00705,LOC00165,Factory,UNKNOWN,MEDIUM,PROJECT_DEMO_EXPANSION,2026-09-23,Synthetic/demo relationship; not a verified facility relationship.,SYNTHETIC_DEMO
SUP00706,LOC00178,Warehouse,OWNED,LOW,PROJECT_DEMO_EXPANSION,2026-09-23,Synthetic/demo relationship; not a verified facility relationship.,SYNTHETIC_DEMO
SUP00707,LOC00191,Factory,LEASED,LOW,PROJECT_DEMO_EXPANSION,2026-09-23,Synthetic/demo relationship; not a verified facility relationship.,SYNTHETIC_DEMO
SUP00708,LOC00204,Warehouse,OWNED,LOW,PROJECT_DEMO_EXPANSION,2026-09-23,Synthetic/demo relationship; not a verified facility relationship.,SYNTHETIC_DEMO
SUP00709,LOC00217,Distribution Center,LEASED,HIGH,PROJECT_DEMO_EXPANSION,2026-09-23,Synthetic/demo relationship; not a verified facility relationship.,SYNTHETIC_DEMO
SUP00710,LOC00230,Distribution Center,UNKNOWN,LOW,PROJECT_DEMO_EXPANSION,2026-09-23,Synthetic/demo relationship; not a verified facility relationship.,SYNTHETIC_DEMO
SUP00711,LOC00243,Warehouse,LEASED,MEDIUM,PROJECT_DEMO_EXPANSION,2026-09-23,Synthetic/demo relationship; not a verified facility relationship.,SYNTHETIC_DEMO
SUP00712,LOC00256,Warehouse,OWNED,HIGH,PROJECT_DEMO_EXPANSION,2026-09-23,Synthetic/demo relationship; not a verified facility relationship.,SYNTHETIC_DEMO
SUP00713,LOC00269,Factory,OWNED,LOW,PROJECT_DEMO_EXPANSION,2026-09-23,Synthetic/demo relationship; not a verified facility relationship.,SYNTHETIC_DEMO
SUP00714,LOC00282,Warehouse,LEASED,LOW,PROJECT_DEMO_EXPANSION,2026-09-23,Synthetic/demo relationship; not a verified facility relationship.,SYNTHETIC_DEMO
SUP00715,LOC00295,Distribution Center,LEASED,MEDIUM,PROJECT_DEMO_EXPANSION,2026-09-23,Synthetic/demo relationship; not a verified facility relationship.,SYNTHETIC_DEMO
SUP00716,LOC00308,Warehouse,OWNED,HIGH,PROJECT_DEMO_EXPANSION,2026-09-23,Synthetic/demo relationship; not a verified facility relationship.,SYNTHETIC_DEMO
SUP00717,LOC00321,Distribution Center,LEASED,HIGH,PROJECT_DEMO_EXPANSION,2026-09-23,Synthetic/demo relationship; not a verified facility relationship.,SYNTHETIC_DEMO
SUP00718,LOC00334,Distribution Center,UNKNOWN,HIGH,PROJECT_DEMO_EXPANSION,2026-09-23,Synthetic/demo relationship; not a verified facility relationship.,SYNTHETIC_DEMO
SUP00719,LOC00347,Warehouse,OWNED,HIGH,PROJECT_DEMO_EXPANSION,2026-09-23,Synthetic/demo relationship; not a verified facility relationship.,SYNTHETIC_DEMO
SUP00720,LOC00360,Warehouse,LEASED,LOW,PROJECT_DEMO_EXPANSION,2026-09-23,Synthetic/demo relationship; not a verified facility relationship.,SYNTHETIC_DEMO
SUP00721,LOC00373,Warehouse,UNKNOWN,LOW,PROJECT_DEMO_EXPANSION,2026-09-23,Synthetic/demo relationship; not a verified facility relationship.,SYNTHETIC_DEMO
SUP00722,LOC00386,Warehouse,LEASED,HIGH,PROJECT_DEMO_EXPANSION,2026-09-23,Synthetic/demo relationship; not a verified facility relationship.,SYNTHETIC_DEMO
SUP00723,LOC00399,Distribution Center,LEASED,HIGH,PROJECT_DEMO_EXPANSION,2026-09-23,Synthetic/demo relationship; not a verified facility relationship.,SYNTHETIC_DEMO
SUP00724,LOC00412,Distribution Center,OWNED,HIGH,PROJECT_DEMO_EXPANSION,2026-09-23,Synthetic/demo relationship; not a verified facility relationship.,SYNTHETIC_DEMO
SUP00725,LOC00425,Warehouse,OWNED,LOW,PROJECT_DEMO_EXPANSION,2026-09-23,Synthetic/demo relationship; not a verified facility relationship.,SYNTHETIC_DEMO
SUP00726,LOC00438,Factory,OWNED,LOW,PROJECT_DEMO_EXPANSION,2026-09-23,Synthetic/demo relationship; not a verified facility relationship.,SYNTHETIC_DEMO
SUP00727,LOC00451,Factory,UNKNOWN,MEDIUM,PROJECT_DEMO_EXPANSION,2026-09-23,Synthetic/demo relationship; not a verified facility relationship.,SYNTHETIC_DEMO
SUP00728,LOC00464,Factory,UNKNOWN,MEDIUM,PROJECT_DEMO_EXPANSION,2026-09-23,Synthetic/demo relationship; not a verified facility relationship.,SYNTHETIC_DEMO
SUP00729,LOC00477,Factory,LEASED,MEDIUM,PROJECT_DEMO_EXPANSION,2026-09-23,Synthetic/demo relationship; not a verified facility relationship.,SYNTHETIC_DEMO
SUP00730,LOC00490,Warehouse,OWNED,HIGH,PROJECT_DEMO_EXPANSION,2026-09-23,Synthetic/demo relationship; not a verified facility relationship.,SYNTHETIC_DEMO
SUP00731,LOC00503,Distribution Center,OWNED,HIGH,PROJECT_DEMO_EXPANSION,2026-09-23,Synthetic/demo relationship; not a verified facility relationship.,SYNTHETIC_DEMO
SUP00732,LOC00516,Factory,LEASED,MEDIUM,PROJECT_DEMO_EXPANSION,2026-09-23,Synthetic/demo relationship; not a verified facility relationship.,SYNTHETIC_DEMO
SUP00733,LOC00529,Factory,UNKNOWN,HIGH,PROJECT_DEMO_EXPANSION,2026-09-23,Synthetic/demo relationship; not a verified facility relationship.,SYNTHETIC_DEMO
SUP00734,LOC00542,Factory,LEASED,HIGH,PROJECT_DEMO_EXPANSION,2026-09-23,Synthetic/demo relationship; not a verified facility relationship.,SYNTHETIC_DEMO
SUP00735,LOC00555,Distribution Center,UNKNOWN,LOW,PROJECT_DEMO_EXPANSION,2026-09-23,Synthetic/demo relationship; not a verified facility relationship.,SYNTHETIC_DEMO
SUP00736,LOC00568,Warehouse,LEASED,HIGH,PROJECT_DEMO_EXPANSION,2026-09-23,Synthetic/demo relationship; not a verified facility relationship.,SYNTHETIC_DEMO
SUP00737,LOC00581,Distribution Center,OWNED,MEDIUM,PROJECT_DEMO_EXPANSION,2026-09-23,Synthetic/demo relationship; not a verified facility relationship.,SYNTHETIC_DEMO
SUP00738,LOC00594,Distribution Center,OWNED,HIGH,PROJECT_DEMO_EXPANSION,2026-09-23,Synthetic/demo relationship; not a verified facility relationship.,SYNTHETIC_DEMO
SUP00739,LOC00607,Warehouse,UNKNOWN,LOW,PROJECT_DEMO_EXPANSION,2026-09-23,Synthetic/demo relationship; not a verified facility relationship.,SYNTHETIC_DEMO
SUP00740,LOC00620,Distribution Center,OWNED,MEDIUM,PROJECT_DEMO_EXPANSION,2026-09-23,Synthetic/demo relationship; not a verified facility relationship.,SYNTHETIC_DEMO
SUP00741,LOC00633,Distribution Center,OWNED,HIGH,PROJECT_DEMO_EXPANSION,2026-09-23,Synthetic/demo relationship; not a verified facility relationship.,SYNTHETIC_DEMO
SUP00742,LOC00646,Distribution Center,OWNED,MEDIUM,PROJECT_DEMO_EXPANSION,2026-09-23,Synthetic/demo relationship; not a verified facility relationship.,SYNTHETIC_DEMO
SUP00743,LOC00659,Factory,LEASED,HIGH,PROJECT_DEMO_EXPANSION,2026-09-23,Synthetic/demo relationship; not a verified facility relationship.,SYNTHETIC_DEMO
SUP00744,LOC00672,Warehouse,LEASED,HIGH,PROJECT_DEMO_EXPANSION,2026-09-23,Synthetic/demo relationship; not a verified facility relationship.,SYNTHETIC_DEMO
SUP00745,LOC00685,Factory,UNKNOWN,HIGH,PROJECT_DEMO_EXPANSION,2026-09-23,Synthetic/demo relationship; not a verified facility relationship.,SYNTHETIC_DEMO
SUP00746,LOC00698,Warehouse,LEASED,LOW,PROJECT_DEMO_EXPANSION,2026-09-23,Synthetic/demo relationship; not a verified facility relationship.,SYNTHETIC_DEMO
SUP00747,LOC00711,Factory,UNKNOWN,MEDIUM,PROJECT_DEMO_EXPANSION,2026-09-23,Synthetic/demo relationship; not a verified facility relationship.,SYNTHETIC_DEMO
SUP00748,LOC00724,Factory,UNKNOWN,MEDIUM,PROJECT_DEMO_EXPANSION,2026-09-23,Synthetic/demo relationship; not a verified facility relationship.,SYNTHETIC_DEMO
SUP00749,LOC00737,Distribution Center,UNKNOWN,MEDIUM,PROJECT_DEMO_EXPANSION,2026-09-23,Synthetic/demo relationship; not a verified facility relationship.,SYNTHETIC_DEMO
SUP00750,LOC00750,Factory,UNKNOWN,HIGH,PROJECT_DEMO_EXPANSION,2026-09-23,Synthetic/demo relationship; not a verified facility relationship.,SYNTHETIC_DEMO
SUP00751,LOC00763,Warehouse,UNKNOWN,HIGH,PROJECT_DEMO_EXPANSION,2026-09-23,Synthetic/demo relationship; not a verified facility relationship.,SYNTHETIC_DEMO
SUP00752,LOC00776,Factory,UNKNOWN,LOW,PROJECT_DEMO_EXPANSION,2026-09-23,Synthetic/demo relationship; not a verified facility relationship.,SYNTHETIC_DEMO
SUP00753,LOC00789,Distribution Center,LEASED,HIGH,PROJECT_DEMO_EXPANSION,2026-09-23,Synthetic/demo relationship; not a verified facility relationship.,SYNTHETIC_DEMO
SUP00754,LOC00802,Factory,LEASED,MEDIUM,PROJECT_DEMO_EXPANSION,2026-09-23,Synthetic/demo relationship; not a verified facility relationship.,SYNTHETIC_DEMO
SUP00755,LOC00815,Warehouse,UNKNOWN,LOW,PROJECT_DEMO_EXPANSION,2026-09-23,Synthetic/demo relationship; not a verified facility relationship.,SYNTHETIC_DEMO
SUP00756,LOC00828,Distribution Center,OWNED,LOW,PROJECT_DEMO_EXPANSION,2026-09-23,Synthetic/demo relationship; not a verified facility relationship.,SYNTHETIC_DEMO
SUP00757,LOC00841,Distribution Center,LEASED,HIGH,PROJECT_DEMO_EXPANSION,2026-09-23,Synthetic/demo relationship; not a verified facility relationship.,SYNTHETIC_DEMO
SUP00758,LOC00854,Factory,UNKNOWN,LOW,PROJECT_DEMO_EXPANSION,2026-09-23,Synthetic/demo relationship; not a verified facility relationship.,SYNTHETIC_DEMO
SUP00759,LOC00867,Distribution Center,LEASED,MEDIUM,PROJECT_DEMO_EXPANSION,2026-09-23,Synthetic/demo relationship; not a verified facility relationship.,SYNTHETIC_DEMO
SUP00760,LOC00880,Factory,LEASED,MEDIUM,PROJECT_DEMO_EXPANSION,2026-09-23,Synthetic/demo relationship; not a verified facility relationship.,SYNTHETIC_DEMO
SUP00761,LOC00893,Factory,OWNED,MEDIUM,PROJECT_DEMO_EXPANSION,2026-09-23,Synthetic/demo relationship; not a verified facility relationship.,SYNTHETIC_DEMO
SUP00762,LOC00906,Distribution Center,UNKNOWN,MEDIUM,PROJECT_DEMO_EXPANSION,2026-09-23,Synthetic/demo relationship; not a verified facility relationship.,SYNTHETIC_DEMO
SUP00763,LOC00919,Warehouse,UNKNOWN,HIGH,PROJECT_DEMO_EXPANSION,2026-09-23,Synthetic/demo relationship; not a verified facility relationship.,SYNTHETIC_DEMO
SUP00764,LOC00932,Factory,OWNED,HIGH,PROJECT_DEMO_EXPANSION,2026-09-23,Synthetic/demo relationship; not a verified facility relationship.,SYNTHETIC_DEMO
SUP00765,LOC00945,Distribution Center,LEASED,MEDIUM,PROJECT_DEMO_EXPANSION,2026-09-23,Synthetic/demo relationship; not a verified facility relationship.,SYNTHETIC_DEMO
SUP00766,LOC00958,Factory,OWNED,HIGH,PROJECT_DEMO_EXPANSION,2026-09-23,Synthetic/demo relationship; not a verified facility relationship.,SYNTHETIC_DEMO
SUP00767,LOC00971,Factory,LEASED,HIGH,PROJECT_DEMO_EXPANSION,2026-09-23,Synthetic/demo relationship; not a verified facility relationship.,SYNTHETIC_DEMO
SUP00768,LOC00984,Distribution Center,LEASED,HIGH,PROJECT_DEMO_EXPANSION,2026-09-23,Synthetic/demo relationship; not a verified facility relationship.,SYNTHETIC_DEMO
SUP00769,LOC00997,Distribution Center,OWNED,HIGH,PROJECT_DEMO_EXPANSION,2026-09-23,Synthetic/demo relationship; not a verified facility relationship.,SYNTHETIC_DEMO
SUP00770,LOC00010,Distribution Center,LEASED,LOW,PROJECT_DEMO_EXPANSION,2026-09-23,Synthetic/demo relationship; not a verified facility relationship.,SYNTHETIC_DEMO
SUP00771,LOC00023,Distribution Center,UNKNOWN,MEDIUM,PROJECT_DEMO_EXPANSION,2026-09-23,Synthetic/demo relationship; not a verified facility relationship.,SYNTHETIC_DEMO
SUP00772,LOC00036,Warehouse,UNKNOWN,MEDIUM,PROJECT_DEMO_EXPANSION,2026-09-23,Synthetic/demo relationship; not a verified facility relationship.,SYNTHETIC_DEMO
SUP00773,LOC00049,Distribution Center,LEASED,MEDIUM,PROJECT_DEMO_EXPANSION,2026-09-23,Synthetic/demo relationship; not a verified facility relationship.,SYNTHETIC_DEMO
SUP00774,LOC00062,Distribution Center,LEASED,LOW,PROJECT_DEMO_EXPANSION,2026-09-23,Synthetic/demo relationship; not a verified facility relationship.,SYNTHETIC_DEMO
SUP00775,LOC00075,Distribution Center,OWNED,LOW,PROJECT_DEMO_EXPANSION,2026-09-23,Synthetic/demo relationship; not a verified facility relationship.,SYNTHETIC_DEMO
SUP00776,LOC00088,Warehouse,LEASED,MEDIUM,PROJECT_DEMO_EXPANSION,2026-09-23,Synthetic/demo relationship; not a verified facility relationship.,SYNTHETIC_DEMO
SUP00777,LOC00101,Factory,LEASED,HIGH,PROJECT_DEMO_EXPANSION,2026-09-23,Synthetic/demo relationship; not a verified facility relationship.,SYNTHETIC_DEMO
SUP00778,LOC00114,Distribution Center,LEASED,MEDIUM,PROJECT_DEMO_EXPANSION,2026-09-23,Synthetic/demo relationship; not a verified facility relationship.,SYNTHETIC_DEMO
SUP00779,LOC00127,Warehouse,UNKNOWN,HIGH,PROJECT_DEMO_EXPANSION,2026-09-23,Synthetic/demo relationship; not a verified facility relationship.,SYNTHETIC_DEMO
SUP00780,LOC00140,Warehouse,OWNED,LOW,PROJECT_DEMO_EXPANSION,2026-09-23,Synthetic/demo relationship; not a verified facility relationship.,SYNTHETIC_DEMO
SUP00781,LOC00153,Distribution Center,LEASED,HIGH,PROJECT_DEMO_EXPANSION,2026-09-23,Synthetic/demo relationship; not a verified facility relationship.,SYNTHETIC_DEMO
SUP00782,LOC00166,Distribution Center,LEASED,HIGH,PROJECT_DEMO_EXPANSION,2026-09-23,Synthetic/demo relationship; not a verified facility relationship.,SYNTHETIC_DEMO
SUP00783,LOC00179,Factory,UNKNOWN,MEDIUM,PROJECT_DEMO_EXPANSION,2026-09-23,Synthetic/demo relationship; not a verified facility relationship.,SYNTHETIC_DEMO
SUP00784,LOC00192,Warehouse,OWNED,HIGH,PROJECT_DEMO_EXPANSION,2026-09-23,Synthetic/demo relationship; not a verified facility relationship.,SYNTHETIC_DEMO
SUP00785,LOC00205,Warehouse,LEASED,MEDIUM,PROJECT_DEMO_EXPANSION,2026-09-23,Synthetic/demo relationship; not a verified facility relationship.,SYNTHETIC_DEMO
SUP00786,LOC00218,Factory,OWNED,HIGH,PROJECT_DEMO_EXPANSION,2026-09-23,Synthetic/demo relationship; not a verified facility relationship.,SYNTHETIC_DEMO
SUP00787,LOC00231,Warehouse,LEASED,HIGH,PROJECT_DEMO_EXPANSION,2026-09-23,Synthetic/demo relationship; not a verified facility relationship.,SYNTHETIC_DEMO
SUP00788,LOC00244,Warehouse,UNKNOWN,HIGH,PROJECT_DEMO_EXPANSION,2026-09-23,Synthetic/demo relationship; not a verified facility relationship.,SYNTHETIC_DEMO
SUP00789,LOC00257,Warehouse,OWNED,LOW,PROJECT_DEMO_EXPANSION,2026-09-23,Synthetic/demo relationship; not a verified facility relationship.,SYNTHETIC_DEMO
SUP00790,LOC00270,Distribution Center,OWNED,HIGH,PROJECT_DEMO_EXPANSION,2026-09-23,Synthetic/demo relationship; not a verified facility relationship.,SYNTHETIC_DEMO
SUP00791,LOC00283,Distribution Center,OWNED,HIGH,PROJECT_DEMO_EXPANSION,2026-09-23,Synthetic/demo relationship; not a verified facility relationship.,SYNTHETIC_DEMO
SUP00792,LOC00296,Distribution Center,LEASED,HIGH,PROJECT_DEMO_EXPANSION,2026-09-23,Synthetic/demo relationship; not a verified facility relationship.,SYNTHETIC_DEMO
SUP00793,LOC00309,Warehouse,LEASED,MEDIUM,PROJECT_DEMO_EXPANSION,2026-09-23,Synthetic/demo relationship; not a verified facility relationship.,SYNTHETIC_DEMO
SUP00794,LOC00322,Warehouse,UNKNOWN,LOW,PROJECT_DEMO_EXPANSION,2026-09-23,Synthetic/demo relationship; not a verified facility relationship.,SYNTHETIC_DEMO
SUP00795,LOC00335,Warehouse,LEASED,HIGH,PROJECT_DEMO_EXPANSION,2026-09-23,Synthetic/demo relationship; not a verified facility relationship.,SYNTHETIC_DEMO
SUP00796,LOC00348,Factory,LEASED,LOW,PROJECT_DEMO_EXPANSION,2026-09-23,Synthetic/demo relationship; not a verified facility relationship.,SYNTHETIC_DEMO
SUP00797,LOC00361,Distribution Center,LEASED,LOW,PROJECT_DEMO_EXPANSION,2026-09-23,Synthetic/demo relationship; not a verified facility relationship.,SYNTHETIC_DEMO
SUP00798,LOC00374,Distribution Center,UNKNOWN,MEDIUM,PROJECT_DEMO_EXPANSION,2026-09-23,Synthetic/demo relationship; not a verified facility relationship.,SYNTHETIC_DEMO
SUP00799,LOC00387,Warehouse,LEASED,MEDIUM,PROJECT_DEMO_EXPANSION,2026-09-23,Synthetic/demo relationship; not a verified facility relationship.,SYNTHETIC_DEMO
SUP00800,LOC00400,Warehouse,UNKNOWN,HIGH,PROJECT_DEMO_EXPANSION,2026-09-23,Synthetic/demo relationship; not a verified facility relationship.,SYNTHETIC_DEMO
SUP00801,LOC00413,Factory,LEASED,HIGH,PROJECT_DEMO_EXPANSION,2026-09-23,Synthetic/demo relationship; not a verified facility relationship.,SYNTHETIC_DEMO
SUP00802,LOC00426,Warehouse,OWNED,MEDIUM,PROJECT_DEMO_EXPANSION,2026-09-23,Synthetic/demo relationship; not a verified facility relationship.,SYNTHETIC_DEMO
SUP00803,LOC00439,Distribution Center,LEASED,MEDIUM,PROJECT_DEMO_EXPANSION,2026-09-23,Synthetic/demo relationship; not a verified facility relationship.,SYNTHETIC_DEMO
SUP00804,LOC00452,Warehouse,LEASED,LOW,PROJECT_DEMO_EXPANSION,2026-09-23,Synthetic/demo relationship; not a verified facility relationship.,SYNTHETIC_DEMO
SUP00805,LOC00465,Factory,LEASED,MEDIUM,PROJECT_DEMO_EXPANSION,2026-09-23,Synthetic/demo relationship; not a verified facility relationship.,SYNTHETIC_DEMO
SUP00806,LOC00478,Factory,LEASED,HIGH,PROJECT_DEMO_EXPANSION,2026-09-23,Synthetic/demo relationship; not a verified facility relationship.,SYNTHETIC_DEMO
SUP00807,LOC00491,Factory,OWNED,HIGH,PROJECT_DEMO_EXPANSION,2026-09-23,Synthetic/demo relationship; not a verified facility relationship.,SYNTHETIC_DEMO
SUP00808,LOC00504,Warehouse,UNKNOWN,MEDIUM,PROJECT_DEMO_EXPANSION,2026-09-23,Synthetic/demo relationship; not a verified facility relationship.,SYNTHETIC_DEMO
SUP00809,LOC00517,Warehouse,UNKNOWN,LOW,PROJECT_DEMO_EXPANSION,2026-09-23,Synthetic/demo relationship; not a verified facility relationship.,SYNTHETIC_DEMO
SUP00810,LOC00530,Distribution Center,OWNED,MEDIUM,PROJECT_DEMO_EXPANSION,2026-09-23,Synthetic/demo relationship; not a verified facility relationship.,SYNTHETIC_DEMO
SUP00811,LOC00543,Distribution Center,LEASED,LOW,PROJECT_DEMO_EXPANSION,2026-09-23,Synthetic/demo relationship; not a verified facility relationship.,SYNTHETIC_DEMO
SUP00812,LOC00556,Factory,UNKNOWN,MEDIUM,PROJECT_DEMO_EXPANSION,2026-09-23,Synthetic/demo relationship; not a verified facility relationship.,SYNTHETIC_DEMO
SUP00813,LOC00569,Factory,LEASED,HIGH,PROJECT_DEMO_EXPANSION,2026-09-23,Synthetic/demo relationship; not a verified facility relationship.,SYNTHETIC_DEMO
SUP00814,LOC00582,Distribution Center,UNKNOWN,HIGH,PROJECT_DEMO_EXPANSION,2026-09-23,Synthetic/demo relationship; not a verified facility relationship.,SYNTHETIC_DEMO
SUP00815,LOC00595,Warehouse,OWNED,HIGH,PROJECT_DEMO_EXPANSION,2026-09-23,Synthetic/demo relationship; not a verified facility relationship.,SYNTHETIC_DEMO
SUP00816,LOC00608,Distribution Center,LEASED,MEDIUM,PROJECT_DEMO_EXPANSION,2026-09-23,Synthetic/demo relationship; not a verified facility relationship.,SYNTHETIC_DEMO
SUP00817,LOC00621,Distribution Center,OWNED,LOW,PROJECT_DEMO_EXPANSION,2026-09-23,Synthetic/demo relationship; not a verified facility relationship.,SYNTHETIC_DEMO
SUP00818,LOC00634,Factory,LEASED,MEDIUM,PROJECT_DEMO_EXPANSION,2026-09-23,Synthetic/demo relationship; not a verified facility relationship.,SYNTHETIC_DEMO
SUP00819,LOC00647,Distribution Center,OWNED,MEDIUM,PROJECT_DEMO_EXPANSION,2026-09-23,Synthetic/demo relationship; not a verified facility relationship.,SYNTHETIC_DEMO
SUP00820,LOC00660,Distribution Center,LEASED,LOW,PROJECT_DEMO_EXPANSION,2026-09-23,Synthetic/demo relationship; not a verified facility relationship.,SYNTHETIC_DEMO
SUP00821,LOC00673,Factory,UNKNOWN,MEDIUM,PROJECT_DEMO_EXPANSION,2026-09-23,Synthetic/demo relationship; not a verified facility relationship.,SYNTHETIC_DEMO
SUP00822,LOC00686,Warehouse,OWNED,MEDIUM,PROJECT_DEMO_EXPANSION,2026-09-23,Synthetic/demo relationship; not a verified facility relationship.,SYNTHETIC_DEMO
SUP00823,LOC00699,Warehouse,OWNED,LOW,PROJECT_DEMO_EXPANSION,2026-09-23,Synthetic/demo relationship; not a verified facility relationship.,SYNTHETIC_DEMO
SUP00824,LOC00712,Warehouse,OWNED,LOW,PROJECT_DEMO_EXPANSION,2026-09-23,Synthetic/demo relationship; not a verified facility relationship.,SYNTHETIC_DEMO
SUP00825,LOC00725,Factory,OWNED,HIGH,PROJECT_DEMO_EXPANSION,2026-09-23,Synthetic/demo relationship; not a verified facility relationship.,SYNTHETIC_DEMO
SUP00826,LOC00738,Warehouse,UNKNOWN,MEDIUM,PROJECT_DEMO_EXPANSION,2026-09-23,Synthetic/demo relationship; not a verified facility relationship.,SYNTHETIC_DEMO
SUP00827,LOC00751,Factory,OWNED,MEDIUM,PROJECT_DEMO_EXPANSION,2026-09-23,Synthetic/demo relationship; not a verified facility relationship.,SYNTHETIC_DEMO
SUP00828,LOC00764,Warehouse,UNKNOWN,MEDIUM,PROJECT_DEMO_EXPANSION,2026-09-23,Synthetic/demo relationship; not a verified facility relationship.,SYNTHETIC_DEMO
SUP00829,LOC00777,Distribution Center,LEASED,HIGH,PROJECT_DEMO_EXPANSION,2026-09-23,Synthetic/demo relationship; not a verified facility relationship.,SYNTHETIC_DEMO
SUP00830,LOC00790,Factory,LEASED,LOW,PROJECT_DEMO_EXPANSION,2026-09-23,Synthetic/demo relationship; not a verified facility relationship.,SYNTHETIC_DEMO
SUP00831,LOC00803,Warehouse,UNKNOWN,LOW,PROJECT_DEMO_EXPANSION,2026-09-23,Synthetic/demo relationship; not a verified facility relationship.,SYNTHETIC_DEMO
SUP00832,LOC00816,Distribution Center,LEASED,MEDIUM,PROJECT_DEMO_EXPANSION,2026-09-23,Synthetic/demo relationship; not a verified facility relationship.,SYNTHETIC_DEMO
SUP00833,LOC00829,Distribution Center,OWNED,MEDIUM,PROJECT_DEMO_EXPANSION,2026-09-23,Synthetic/demo relationship; not a verified facility relationship.,SYNTHETIC_DEMO
SUP00834,LOC00842,Factory,LEASED,LOW,PROJECT_DEMO_EXPANSION,2026-09-23,Synthetic/demo relationship; not a verified facility relationship.,SYNTHETIC_DEMO
SUP00835,LOC00855,Distribution Center,LEASED,LOW,PROJECT_DEMO_EXPANSION,2026-09-23,Synthetic/demo relationship; not a verified facility relationship.,SYNTHETIC_DEMO
SUP00836,LOC00868,Distribution Center,UNKNOWN,LOW,PROJECT_DEMO_EXPANSION,2026-09-23,Synthetic/demo relationship; not a verified facility relationship.,SYNTHETIC_DEMO
SUP00837,LOC00881,Warehouse,UNKNOWN,MEDIUM,PROJECT_DEMO_EXPANSION,2026-09-23,Synthetic/demo relationship; not a verified facility relationship.,SYNTHETIC_DEMO
SUP00838,LOC00894,Factory,UNKNOWN,MEDIUM,PROJECT_DEMO_EXPANSION,2026-09-23,Synthetic/demo relationship; not a verified facility relationship.,SYNTHETIC_DEMO
SUP00839,LOC00907,Distribution Center,UNKNOWN,MEDIUM,PROJECT_DEMO_EXPANSION,2026-09-23,Synthetic/demo relationship; not a verified facility relationship.,SYNTHETIC_DEMO
SUP00840,LOC00920,Factory,OWNED,MEDIUM,PROJECT_DEMO_EXPANSION,2026-09-23,Synthetic/demo relationship; not a verified facility relationship.,SYNTHETIC_DEMO
SUP00841,LOC00933,Warehouse,LEASED,LOW,PROJECT_DEMO_EXPANSION,2026-09-23,Synthetic/demo relationship; not a verified facility relationship.,SYNTHETIC_DEMO
SUP00842,LOC00946,Warehouse,OWNED,MEDIUM,PROJECT_DEMO_EXPANSION,2026-09-23,Synthetic/demo relationship; not a verified facility relationship.,SYNTHETIC_DEMO
SUP00843,LOC00959,Warehouse,LEASED,MEDIUM,PROJECT_DEMO_EXPANSION,2026-09-23,Synthetic/demo relationship; not a verified facility relationship.,SYNTHETIC_DEMO
SUP00844,LOC00972,Factory,LEASED,HIGH,PROJECT_DEMO_EXPANSION,2026-09-23,Synthetic/demo relationship; not a verified facility relationship.,SYNTHETIC_DEMO
SUP00845,LOC00985,Factory,LEASED,LOW,PROJECT_DEMO_EXPANSION,2026-09-23,Synthetic/demo relationship; not a verified facility relationship.,SYNTHETIC_DEMO
SUP00846,LOC00998,Factory,OWNED,LOW,PROJECT_DEMO_EXPANSION,2026-09-23,Synthetic/demo relationship; not a verified facility relationship.,SYNTHETIC_DEMO
SUP00847,LOC00011,Warehouse,LEASED,LOW,PROJECT_DEMO_EXPANSION,2026-09-23,Synthetic/demo relationship; not a verified facility relationship.,SYNTHETIC_DEMO
SUP00848,LOC00024,Warehouse,OWNED,LOW,PROJECT_DEMO_EXPANSION,2026-09-23,Synthetic/demo relationship; not a verified facility relationship.,SYNTHETIC_DEMO
SUP00849,LOC00037,Distribution Center,LEASED,LOW,PROJECT_DEMO_EXPANSION,2026-09-23,Synthetic/demo relationship; not a verified facility relationship.,SYNTHETIC_DEMO
SUP00850,LOC00050,Factory,LEASED,LOW,PROJECT_DEMO_EXPANSION,2026-09-23,Synthetic/demo relationship; not a verified facility relationship.,SYNTHETIC_DEMO
SUP00851,LOC00063,Distribution Center,OWNED,HIGH,PROJECT_DEMO_EXPANSION,2026-09-23,Synthetic/demo relationship; not a verified facility relationship.,SYNTHETIC_DEMO
SUP00852,LOC00076,Warehouse,LEASED,LOW,PROJECT_DEMO_EXPANSION,2026-09-23,Synthetic/demo relationship; not a verified facility relationship.,SYNTHETIC_DEMO
SUP00853,LOC00089,Factory,UNKNOWN,LOW,PROJECT_DEMO_EXPANSION,2026-09-23,Synthetic/demo relationship; not a verified facility relationship.,SYNTHETIC_DEMO
SUP00854,LOC00102,Warehouse,OWNED,MEDIUM,PROJECT_DEMO_EXPANSION,2026-09-23,Synthetic/demo relationship; not a verified facility relationship.,SYNTHETIC_DEMO
SUP00855,LOC00115,Warehouse,OWNED,HIGH,PROJECT_DEMO_EXPANSION,2026-09-23,Synthetic/demo relationship; not a verified facility relationship.,SYNTHETIC_DEMO
SUP00856,LOC00128,Factory,OWNED,HIGH,PROJECT_DEMO_EXPANSION,2026-09-23,Synthetic/demo relationship; not a verified facility relationship.,SYNTHETIC_DEMO
SUP00857,LOC00141,Distribution Center,OWNED,MEDIUM,PROJECT_DEMO_EXPANSION,2026-09-23,Synthetic/demo relationship; not a verified facility relationship.,SYNTHETIC_DEMO
SUP00858,LOC00154,Warehouse,UNKNOWN,HIGH,PROJECT_DEMO_EXPANSION,2026-09-23,Synthetic/demo relationship; not a verified facility relationship.,SYNTHETIC_DEMO
SUP00859,LOC00167,Factory,OWNED,MEDIUM,PROJECT_DEMO_EXPANSION,2026-09-23,Synthetic/demo relationship; not a verified facility relationship.,SYNTHETIC_DEMO
SUP00860,LOC00180,Distribution Center,OWNED,HIGH,PROJECT_DEMO_EXPANSION,2026-09-23,Synthetic/demo relationship; not a verified facility relationship.,SYNTHETIC_DEMO
SUP00861,LOC00193,Warehouse,OWNED,MEDIUM,PROJECT_DEMO_EXPANSION,2026-09-23,Synthetic/demo relationship; not a verified facility relationship.,SYNTHETIC_DEMO
SUP00862,LOC00206,Factory,UNKNOWN,HIGH,PROJECT_DEMO_EXPANSION,2026-09-23,Synthetic/demo relationship; not a verified facility relationship.,SYNTHETIC_DEMO
SUP00863,LOC00219,Distribution Center,LEASED,LOW,PROJECT_DEMO_EXPANSION,2026-09-23,Synthetic/demo relationship; not a verified facility relationship.,SYNTHETIC_DEMO
SUP00864,LOC00232,Distribution Center,LEASED,MEDIUM,PROJECT_DEMO_EXPANSION,2026-09-23,Synthetic/demo relationship; not a verified facility relationship.,SYNTHETIC_DEMO
SUP00865,LOC00245,Distribution Center,UNKNOWN,LOW,PROJECT_DEMO_EXPANSION,2026-09-23,Synthetic/demo relationship; not a verified facility relationship.,SYNTHETIC_DEMO
SUP00866,LOC00258,Factory,UNKNOWN,HIGH,PROJECT_DEMO_EXPANSION,2026-09-23,Synthetic/demo relationship; not a verified facility relationship.,SYNTHETIC_DEMO
SUP00867,LOC00271,Factory,UNKNOWN,MEDIUM,PROJECT_DEMO_EXPANSION,2026-09-23,Synthetic/demo relationship; not a verified facility relationship.,SYNTHETIC_DEMO
SUP00868,LOC00284,Factory,UNKNOWN,MEDIUM,PROJECT_DEMO_EXPANSION,2026-09-23,Synthetic/demo relationship; not a verified facility relationship.,SYNTHETIC_DEMO
SUP00869,LOC00297,Distribution Center,LEASED,HIGH,PROJECT_DEMO_EXPANSION,2026-09-23,Synthetic/demo relationship; not a verified facility relationship.,SYNTHETIC_DEMO
SUP00870,LOC00310,Warehouse,LEASED,HIGH,PROJECT_DEMO_EXPANSION,2026-09-23,Synthetic/demo relationship; not a verified facility relationship.,SYNTHETIC_DEMO
SUP00871,LOC00323,Warehouse,OWNED,MEDIUM,PROJECT_DEMO_EXPANSION,2026-09-23,Synthetic/demo relationship; not a verified facility relationship.,SYNTHETIC_DEMO
SUP00872,LOC00336,Distribution Center,UNKNOWN,LOW,PROJECT_DEMO_EXPANSION,2026-09-23,Synthetic/demo relationship; not a verified facility relationship.,SYNTHETIC_DEMO
SUP00873,LOC00349,Warehouse,LEASED,HIGH,PROJECT_DEMO_EXPANSION,2026-09-23,Synthetic/demo relationship; not a verified facility relationship.,SYNTHETIC_DEMO
SUP00874,LOC00362,Distribution Center,LEASED,LOW,PROJECT_DEMO_EXPANSION,2026-09-23,Synthetic/demo relationship; not a verified facility relationship.,SYNTHETIC_DEMO
SUP00875,LOC00375,Warehouse,UNKNOWN,HIGH,PROJECT_DEMO_EXPANSION,2026-09-23,Synthetic/demo relationship; not a verified facility relationship.,SYNTHETIC_DEMO
SUP00876,LOC00388,Factory,UNKNOWN,MEDIUM,PROJECT_DEMO_EXPANSION,2026-09-23,Synthetic/demo relationship; not a verified facility relationship.,SYNTHETIC_DEMO
SUP00877,LOC00401,Distribution Center,OWNED,HIGH,PROJECT_DEMO_EXPANSION,2026-09-23,Synthetic/demo relationship; not a verified facility relationship.,SYNTHETIC_DEMO
SUP00878,LOC00414,Warehouse,UNKNOWN,MEDIUM,PROJECT_DEMO_EXPANSION,2026-09-23,Synthetic/demo relationship; not a verified facility relationship.,SYNTHETIC_DEMO
SUP00879,LOC00427,Distribution Center,UNKNOWN,HIGH,PROJECT_DEMO_EXPANSION,2026-09-23,Synthetic/demo relationship; not a verified facility relationship.,SYNTHETIC_DEMO
SUP00880,LOC00440,Distribution Center,OWNED,MEDIUM,PROJECT_DEMO_EXPANSION,2026-09-23,Synthetic/demo relationship; not a verified facility relationship.,SYNTHETIC_DEMO
SUP00881,LOC00453,Factory,UNKNOWN,HIGH,PROJECT_DEMO_EXPANSION,2026-09-23,Synthetic/demo relationship; not a verified facility relationship.,SYNTHETIC_DEMO
SUP00882,LOC00466,Warehouse,UNKNOWN,MEDIUM,PROJECT_DEMO_EXPANSION,2026-09-23,Synthetic/demo relationship; not a verified facility relationship.,SYNTHETIC_DEMO
SUP00883,LOC00479,Factory,OWNED,HIGH,PROJECT_DEMO_EXPANSION,2026-09-23,Synthetic/demo relationship; not a verified facility relationship.,SYNTHETIC_DEMO
SUP00884,LOC00492,Warehouse,OWNED,MEDIUM,PROJECT_DEMO_EXPANSION,2026-09-23,Synthetic/demo relationship; not a verified facility relationship.,SYNTHETIC_DEMO
SUP00885,LOC00505,Distribution Center,UNKNOWN,HIGH,PROJECT_DEMO_EXPANSION,2026-09-23,Synthetic/demo relationship; not a verified facility relationship.,SYNTHETIC_DEMO
SUP00886,LOC00518,Distribution Center,OWNED,MEDIUM,PROJECT_DEMO_EXPANSION,2026-09-23,Synthetic/demo relationship; not a verified facility relationship.,SYNTHETIC_DEMO
SUP00887,LOC00531,Warehouse,UNKNOWN,HIGH,PROJECT_DEMO_EXPANSION,2026-09-23,Synthetic/demo relationship; not a verified facility relationship.,SYNTHETIC_DEMO
SUP00888,LOC00544,Factory,LEASED,LOW,PROJECT_DEMO_EXPANSION,2026-09-23,Synthetic/demo relationship; not a verified facility relationship.,SYNTHETIC_DEMO
SUP00889,LOC00557,Warehouse,LEASED,HIGH,PROJECT_DEMO_EXPANSION,2026-09-23,Synthetic/demo relationship; not a verified facility relationship.,SYNTHETIC_DEMO
SUP00890,LOC00570,Warehouse,UNKNOWN,HIGH,PROJECT_DEMO_EXPANSION,2026-09-23,Synthetic/demo relationship; not a verified facility relationship.,SYNTHETIC_DEMO
SUP00891,LOC00583,Factory,OWNED,HIGH,PROJECT_DEMO_EXPANSION,2026-09-23,Synthetic/demo relationship; not a verified facility relationship.,SYNTHETIC_DEMO
SUP00892,LOC00596,Warehouse,UNKNOWN,HIGH,PROJECT_DEMO_EXPANSION,2026-09-23,Synthetic/demo relationship; not a verified facility relationship.,SYNTHETIC_DEMO
SUP00893,LOC00609,Distribution Center,LEASED,LOW,PROJECT_DEMO_EXPANSION,2026-09-23,Synthetic/demo relationship; not a verified facility relationship.,SYNTHETIC_DEMO
SUP00894,LOC00622,Factory,LEASED,MEDIUM,PROJECT_DEMO_EXPANSION,2026-09-23,Synthetic/demo relationship; not a verified facility relationship.,SYNTHETIC_DEMO
SUP00895,LOC00635,Warehouse,OWNED,MEDIUM,PROJECT_DEMO_EXPANSION,2026-09-23,Synthetic/demo relationship; not a verified facility relationship.,SYNTHETIC_DEMO
SUP00896,LOC00648,Warehouse,OWNED,MEDIUM,PROJECT_DEMO_EXPANSION,2026-09-23,Synthetic/demo relationship; not a verified facility relationship.,SYNTHETIC_DEMO
SUP00897,LOC00661,Factory,UNKNOWN,MEDIUM,PROJECT_DEMO_EXPANSION,2026-09-23,Synthetic/demo relationship; not a verified facility relationship.,SYNTHETIC_DEMO
SUP00898,LOC00674,Warehouse,LEASED,LOW,PROJECT_DEMO_EXPANSION,2026-09-23,Synthetic/demo relationship; not a verified facility relationship.,SYNTHETIC_DEMO
SUP00899,LOC00687,Factory,UNKNOWN,MEDIUM,PROJECT_DEMO_EXPANSION,2026-09-23,Synthetic/demo relationship; not a verified facility relationship.,SYNTHETIC_DEMO
SUP00900,LOC00700,Distribution Center,LEASED,MEDIUM,PROJECT_DEMO_EXPANSION,2026-09-23,Synthetic/demo relationship; not a verified facility relationship.,SYNTHETIC_DEMO
SUP00901,LOC00713,Factory,OWNED,HIGH,PROJECT_DEMO_EXPANSION,2026-09-23,Synthetic/demo relationship; not a verified facility relationship.,SYNTHETIC_DEMO
SUP00902,LOC00726,Distribution Center,OWNED,MEDIUM,PROJECT_DEMO_EXPANSION,2026-09-23,Synthetic/demo relationship; not a verified facility relationship.,SYNTHETIC_DEMO
SUP00903,LOC00739,Distribution Center,LEASED,MEDIUM,PROJECT_DEMO_EXPANSION,2026-09-23,Synthetic/demo relationship; not a verified facility relationship.,SYNTHETIC_DEMO
SUP00904,LOC00752,Distribution Center,UNKNOWN,MEDIUM,PROJECT_DEMO_EXPANSION,2026-09-23,Synthetic/demo relationship; not a verified facility relationship.,SYNTHETIC_DEMO
SUP00905,LOC00765,Warehouse,UNKNOWN,MEDIUM,PROJECT_DEMO_EXPANSION,2026-09-23,Synthetic/demo relationship; not a verified facility relationship.,SYNTHETIC_DEMO
SUP00906,LOC00778,Distribution Center,UNKNOWN,MEDIUM,PROJECT_DEMO_EXPANSION,2026-09-23,Synthetic/demo relationship; not a verified facility relationship.,SYNTHETIC_DEMO
SUP00907,LOC00791,Distribution Center,OWNED,LOW,PROJECT_DEMO_EXPANSION,2026-09-23,Synthetic/demo relationship; not a verified facility relationship.,SYNTHETIC_DEMO
SUP00908,LOC00804,Factory,LEASED,MEDIUM,PROJECT_DEMO_EXPANSION,2026-09-23,Synthetic/demo relationship; not a verified facility relationship.,SYNTHETIC_DEMO
SUP00909,LOC00817,Distribution Center,OWNED,HIGH,PROJECT_DEMO_EXPANSION,2026-09-23,Synthetic/demo relationship; not a verified facility relationship.,SYNTHETIC_DEMO
SUP00910,LOC00830,Warehouse,OWNED,MEDIUM,PROJECT_DEMO_EXPANSION,2026-09-23,Synthetic/demo relationship; not a verified facility relationship.,SYNTHETIC_DEMO
SUP00911,LOC00843,Warehouse,LEASED,MEDIUM,PROJECT_DEMO_EXPANSION,2026-09-23,Synthetic/demo relationship; not a verified facility relationship.,SYNTHETIC_DEMO
SUP00912,LOC00856,Warehouse,LEASED,MEDIUM,PROJECT_DEMO_EXPANSION,2026-09-23,Synthetic/demo relationship; not a verified facility relationship.,SYNTHETIC_DEMO
SUP00913,LOC00869,Factory,OWNED,HIGH,PROJECT_DEMO_EXPANSION,2026-09-23,Synthetic/demo relationship; not a verified facility relationship.,SYNTHETIC_DEMO
SUP00914,LOC00882,Warehouse,LEASED,LOW,PROJECT_DEMO_EXPANSION,2026-09-23,Synthetic/demo relationship; not a verified facility relationship.,SYNTHETIC_DEMO
SUP00915,LOC00895,Warehouse,OWNED,MEDIUM,PROJECT_DEMO_EXPANSION,2026-09-23,Synthetic/demo relationship; not a verified facility relationship.,SYNTHETIC_DEMO
SUP00916,LOC00908,Distribution Center,UNKNOWN,MEDIUM,PROJECT_DEMO_EXPANSION,2026-09-23,Synthetic/demo relationship; not a verified facility relationship.,SYNTHETIC_DEMO
SUP00917,LOC00921,Distribution Center,OWNED,MEDIUM,PROJECT_DEMO_EXPANSION,2026-09-23,Synthetic/demo relationship; not a verified facility relationship.,SYNTHETIC_DEMO
SUP00918,LOC00934,Distribution Center,UNKNOWN,MEDIUM,PROJECT_DEMO_EXPANSION,2026-09-23,Synthetic/demo relationship; not a verified facility relationship.,SYNTHETIC_DEMO
SUP00919,LOC00947,Warehouse,UNKNOWN,HIGH,PROJECT_DEMO_EXPANSION,2026-09-23,Synthetic/demo relationship; not a verified facility relationship.,SYNTHETIC_DEMO
SUP00920,LOC00960,Warehouse,LEASED,HIGH,PROJECT_DEMO_EXPANSION,2026-09-23,Synthetic/demo relationship; not a verified facility relationship.,SYNTHETIC_DEMO
SUP00921,LOC00973,Factory,UNKNOWN,HIGH,PROJECT_DEMO_EXPANSION,2026-09-23,Synthetic/demo relationship; not a verified facility relationship.,SYNTHETIC_DEMO
SUP00922,LOC00986,Distribution Center,UNKNOWN,LOW,PROJECT_DEMO_EXPANSION,2026-09-23,Synthetic/demo relationship; not a verified facility relationship.,SYNTHETIC_DEMO
SUP00923,LOC00999,Factory,UNKNOWN,MEDIUM,PROJECT_DEMO_EXPANSION,2026-09-23,Synthetic/demo relationship; not a verified facility relationship.,SYNTHETIC_DEMO
SUP00924,LOC00012,Factory,OWNED,MEDIUM,PROJECT_DEMO_EXPANSION,2026-09-23,Synthetic/demo relationship; not a verified facility relationship.,SYNTHETIC_DEMO
SUP00925,LOC00025,Factory,OWNED,MEDIUM,PROJECT_DEMO_EXPANSION,2026-09-23,Synthetic/demo relationship; not a verified facility relationship.,SYNTHETIC_DEMO
SUP00926,LOC00038,Factory,UNKNOWN,HIGH,PROJECT_DEMO_EXPANSION,2026-09-23,Synthetic/demo relationship; not a verified facility relationship.,SYNTHETIC_DEMO
SUP00927,LOC00051,Warehouse,OWNED,MEDIUM,PROJECT_DEMO_EXPANSION,2026-09-23,Synthetic/demo relationship; not a verified facility relationship.,SYNTHETIC_DEMO
SUP00928,LOC00064,Factory,OWNED,MEDIUM,PROJECT_DEMO_EXPANSION,2026-09-23,Synthetic/demo relationship; not a verified facility relationship.,SYNTHETIC_DEMO
SUP00929,LOC00077,Warehouse,OWNED,HIGH,PROJECT_DEMO_EXPANSION,2026-09-23,Synthetic/demo relationship; not a verified facility relationship.,SYNTHETIC_DEMO
SUP00930,LOC00090,Distribution Center,UNKNOWN,MEDIUM,PROJECT_DEMO_EXPANSION,2026-09-23,Synthetic/demo relationship; not a verified facility relationship.,SYNTHETIC_DEMO
SUP00931,LOC00103,Distribution Center,OWNED,HIGH,PROJECT_DEMO_EXPANSION,2026-09-23,Synthetic/demo relationship; not a verified facility relationship.,SYNTHETIC_DEMO
SUP00932,LOC00116,Warehouse,OWNED,HIGH,PROJECT_DEMO_EXPANSION,2026-09-23,Synthetic/demo relationship; not a verified facility relationship.,SYNTHETIC_DEMO
SUP00933,LOC00129,Warehouse,LEASED,HIGH,PROJECT_DEMO_EXPANSION,2026-09-23,Synthetic/demo relationship; not a verified facility relationship.,SYNTHETIC_DEMO
SUP00934,LOC00142,Distribution Center,OWNED,MEDIUM,PROJECT_DEMO_EXPANSION,2026-09-23,Synthetic/demo relationship; not a verified facility relationship.,SYNTHETIC_DEMO
SUP00935,LOC00155,Warehouse,LEASED,LOW,PROJECT_DEMO_EXPANSION,2026-09-23,Synthetic/demo relationship; not a verified facility relationship.,SYNTHETIC_DEMO
SUP00936,LOC00168,Distribution Center,UNKNOWN,MEDIUM,PROJECT_DEMO_EXPANSION,2026-09-23,Synthetic/demo relationship; not a verified facility relationship.,SYNTHETIC_DEMO
SUP00937,LOC00181,Factory,LEASED,HIGH,PROJECT_DEMO_EXPANSION,2026-09-23,Synthetic/demo relationship; not a verified facility relationship.,SYNTHETIC_DEMO
SUP00938,LOC00194,Distribution Center,LEASED,LOW,PROJECT_DEMO_EXPANSION,2026-09-23,Synthetic/demo relationship; not a verified facility relationship.,SYNTHETIC_DEMO
SUP00939,LOC00207,Warehouse,UNKNOWN,MEDIUM,PROJECT_DEMO_EXPANSION,2026-09-23,Synthetic/demo relationship; not a verified facility relationship.,SYNTHETIC_DEMO
SUP00940,LOC00220,Distribution Center,UNKNOWN,HIGH,PROJECT_DEMO_EXPANSION,2026-09-23,Synthetic/demo relationship; not a verified facility relationship.,SYNTHETIC_DEMO
SUP00941,LOC00233,Warehouse,UNKNOWN,LOW,PROJECT_DEMO_EXPANSION,2026-09-23,Synthetic/demo relationship; not a verified facility relationship.,SYNTHETIC_DEMO
SUP00942,LOC00246,Factory,OWNED,LOW,PROJECT_DEMO_EXPANSION,2026-09-23,Synthetic/demo relationship; not a verified facility relationship.,SYNTHETIC_DEMO
SUP00943,LOC00259,Factory,LEASED,LOW,PROJECT_DEMO_EXPANSION,2026-09-23,Synthetic/demo relationship; not a verified facility relationship.,SYNTHETIC_DEMO
SUP00944,LOC00272,Factory,UNKNOWN,HIGH,PROJECT_DEMO_EXPANSION,2026-09-23,Synthetic/demo relationship; not a verified facility relationship.,SYNTHETIC_DEMO
SUP00945,LOC00285,Distribution Center,OWNED,HIGH,PROJECT_DEMO_EXPANSION,2026-09-23,Synthetic/demo relationship; not a verified facility relationship.,SYNTHETIC_DEMO
SUP00946,LOC00298,Warehouse,LEASED,LOW,PROJECT_DEMO_EXPANSION,2026-09-23,Synthetic/demo relationship; not a verified facility relationship.,SYNTHETIC_DEMO
SUP00947,LOC00311,Distribution Center,UNKNOWN,LOW,PROJECT_DEMO_EXPANSION,2026-09-23,Synthetic/demo relationship; not a verified facility relationship.,SYNTHETIC_DEMO
SUP00948,LOC00324,Distribution Center,OWNED,LOW,PROJECT_DEMO_EXPANSION,2026-09-23,Synthetic/demo relationship; not a verified facility relationship.,SYNTHETIC_DEMO
SUP00949,LOC00337,Distribution Center,UNKNOWN,MEDIUM,PROJECT_DEMO_EXPANSION,2026-09-23,Synthetic/demo relationship; not a verified facility relationship.,SYNTHETIC_DEMO
SUP00950,LOC00350,Factory,OWNED,MEDIUM,PROJECT_DEMO_EXPANSION,2026-09-23,Synthetic/demo relationship; not a verified facility relationship.,SYNTHETIC_DEMO
SUP00951,LOC00363,Warehouse,OWNED,MEDIUM,PROJECT_DEMO_EXPANSION,2026-09-23,Synthetic/demo relationship; not a verified facility relationship.,SYNTHETIC_DEMO
SUP00952,LOC00376,Factory,LEASED,LOW,PROJECT_DEMO_EXPANSION,2026-09-23,Synthetic/demo relationship; not a verified facility relationship.,SYNTHETIC_DEMO
SUP00953,LOC00389,Distribution Center,LEASED,MEDIUM,PROJECT_DEMO_EXPANSION,2026-09-23,Synthetic/demo relationship; not a verified facility relationship.,SYNTHETIC_DEMO
SUP00954,LOC00402,Distribution Center,OWNED,HIGH,PROJECT_DEMO_EXPANSION,2026-09-23,Synthetic/demo relationship; not a verified facility relationship.,SYNTHETIC_DEMO
SUP00955,LOC00415,Distribution Center,UNKNOWN,LOW,PROJECT_DEMO_EXPANSION,2026-09-23,Synthetic/demo relationship; not a verified facility relationship.,SYNTHETIC_DEMO
SUP00956,LOC00428,Distribution Center,UNKNOWN,LOW,PROJECT_DEMO_EXPANSION,2026-09-23,Synthetic/demo relationship; not a verified facility relationship.,SYNTHETIC_DEMO
SUP00957,LOC00441,Distribution Center,OWNED,MEDIUM,PROJECT_DEMO_EXPANSION,2026-09-23,Synthetic/demo relationship; not a verified facility relationship.,SYNTHETIC_DEMO
SUP00958,LOC00454,Warehouse,UNKNOWN,LOW,PROJECT_DEMO_EXPANSION,2026-09-23,Synthetic/demo relationship; not a verified facility relationship.,SYNTHETIC_DEMO
SUP00959,LOC00467,Warehouse,OWNED,MEDIUM,PROJECT_DEMO_EXPANSION,2026-09-23,Synthetic/demo relationship; not a verified facility relationship.,SYNTHETIC_DEMO
SUP00960,LOC00480,Warehouse,UNKNOWN,LOW,PROJECT_DEMO_EXPANSION,2026-09-23,Synthetic/demo relationship; not a verified facility relationship.,SYNTHETIC_DEMO
SUP00961,LOC00493,Factory,UNKNOWN,LOW,PROJECT_DEMO_EXPANSION,2026-09-23,Synthetic/demo relationship; not a verified facility relationship.,SYNTHETIC_DEMO
SUP00962,LOC00506,Distribution Center,UNKNOWN,MEDIUM,PROJECT_DEMO_EXPANSION,2026-09-23,Synthetic/demo relationship; not a verified facility relationship.,SYNTHETIC_DEMO
SUP00963,LOC00519,Warehouse,UNKNOWN,LOW,PROJECT_DEMO_EXPANSION,2026-09-23,Synthetic/demo relationship; not a verified facility relationship.,SYNTHETIC_DEMO
SUP00964,LOC00532,Distribution Center,UNKNOWN,MEDIUM,PROJECT_DEMO_EXPANSION,2026-09-23,Synthetic/demo relationship; not a verified facility relationship.,SYNTHETIC_DEMO
SUP00965,LOC00545,Factory,LEASED,HIGH,PROJECT_DEMO_EXPANSION,2026-09-23,Synthetic/demo relationship; not a verified facility relationship.,SYNTHETIC_DEMO
SUP00966,LOC00558,Distribution Center,UNKNOWN,MEDIUM,PROJECT_DEMO_EXPANSION,2026-09-23,Synthetic/demo relationship; not a verified facility relationship.,SYNTHETIC_DEMO
SUP00967,LOC00571,Distribution Center,LEASED,HIGH,PROJECT_DEMO_EXPANSION,2026-09-23,Synthetic/demo relationship; not a verified facility relationship.,SYNTHETIC_DEMO
SUP00968,LOC00584,Warehouse,LEASED,LOW,PROJECT_DEMO_EXPANSION,2026-09-23,Synthetic/demo relationship; not a verified facility relationship.,SYNTHETIC_DEMO
SUP00969,LOC00597,Factory,UNKNOWN,MEDIUM,PROJECT_DEMO_EXPANSION,2026-09-23,Synthetic/demo relationship; not a verified facility relationship.,SYNTHETIC_DEMO
SUP00970,LOC00610,Warehouse,LEASED,LOW,PROJECT_DEMO_EXPANSION,2026-09-23,Synthetic/demo relationship; not a verified facility relationship.,SYNTHETIC_DEMO
SUP00971,LOC00623,Factory,OWNED,HIGH,PROJECT_DEMO_EXPANSION,2026-09-23,Synthetic/demo relationship; not a verified facility relationship.,SYNTHETIC_DEMO
SUP00972,LOC00636,Factory,UNKNOWN,HIGH,PROJECT_DEMO_EXPANSION,2026-09-23,Synthetic/demo relationship; not a verified facility relationship.,SYNTHETIC_DEMO
SUP00973,LOC00649,Factory,UNKNOWN,HIGH,PROJECT_DEMO_EXPANSION,2026-09-23,Synthetic/demo relationship; not a verified facility relationship.,SYNTHETIC_DEMO
SUP00974,LOC00662,Factory,OWNED,LOW,PROJECT_DEMO_EXPANSION,2026-09-23,Synthetic/demo relationship; not a verified facility relationship.,SYNTHETIC_DEMO
SUP00975,LOC00675,Warehouse,UNKNOWN,LOW,PROJECT_DEMO_EXPANSION,2026-09-23,Synthetic/demo relationship; not a verified facility relationship.,SYNTHETIC_DEMO
SUP00976,LOC00688,Warehouse,UNKNOWN,HIGH,PROJECT_DEMO_EXPANSION,2026-09-23,Synthetic/demo relationship; not a verified facility relationship.,SYNTHETIC_DEMO
SUP00977,LOC00701,Distribution Center,OWNED,MEDIUM,PROJECT_DEMO_EXPANSION,2026-09-23,Synthetic/demo relationship; not a verified facility relationship.,SYNTHETIC_DEMO
SUP00978,LOC00714,Distribution Center,UNKNOWN,LOW,PROJECT_DEMO_EXPANSION,2026-09-23,Synthetic/demo relationship; not a verified facility relationship.,SYNTHETIC_DEMO
SUP00979,LOC00727,Distribution Center,UNKNOWN,LOW,PROJECT_DEMO_EXPANSION,2026-09-23,Synthetic/demo relationship; not a verified facility relationship.,SYNTHETIC_DEMO
SUP00980,LOC00740,Warehouse,UNKNOWN,HIGH,PROJECT_DEMO_EXPANSION,2026-09-23,Synthetic/demo relationship; not a verified facility relationship.,SYNTHETIC_DEMO
SUP00981,LOC00753,Warehouse,OWNED,LOW,PROJECT_DEMO_EXPANSION,2026-09-23,Synthetic/demo relationship; not a verified facility relationship.,SYNTHETIC_DEMO
SUP00982,LOC00766,Distribution Center,OWNED,MEDIUM,PROJECT_DEMO_EXPANSION,2026-09-23,Synthetic/demo relationship; not a verified facility relationship.,SYNTHETIC_DEMO
SUP00983,LOC00779,Factory,OWNED,LOW,PROJECT_DEMO_EXPANSION,2026-09-23,Synthetic/demo relationship; not a verified facility relationship.,SYNTHETIC_DEMO
SUP00984,LOC00792,Distribution Center,LEASED,MEDIUM,PROJECT_DEMO_EXPANSION,2026-09-23,Synthetic/demo relationship; not a verified facility relationship.,SYNTHETIC_DEMO
SUP00985,LOC00805,Warehouse,UNKNOWN,MEDIUM,PROJECT_DEMO_EXPANSION,2026-09-23,Synthetic/demo relationship; not a verified facility relationship.,SYNTHETIC_DEMO
SUP00986,LOC00818,Warehouse,UNKNOWN,HIGH,PROJECT_DEMO_EXPANSION,2026-09-23,Synthetic/demo relationship; not a verified facility relationship.,SYNTHETIC_DEMO
SUP00987,LOC00831,Factory,OWNED,HIGH,PROJECT_DEMO_EXPANSION,2026-09-23,Synthetic/demo relationship; not a verified facility relationship.,SYNTHETIC_DEMO
SUP00988,LOC00844,Factory,OWNED,HIGH,PROJECT_DEMO_EXPANSION,2026-09-23,Synthetic/demo relationship; not a verified facility relationship.,SYNTHETIC_DEMO
SUP00989,LOC00857,Warehouse,LEASED,HIGH,PROJECT_DEMO_EXPANSION,2026-09-23,Synthetic/demo relationship; not a verified facility relationship.,SYNTHETIC_DEMO
SUP00990,LOC00870,Distribution Center,OWNED,LOW,PROJECT_DEMO_EXPANSION,2026-09-23,Synthetic/demo relationship; not a verified facility relationship.,SYNTHETIC_DEMO
SUP00991,LOC00883,Warehouse,LEASED,MEDIUM,PROJECT_DEMO_EXPANSION,2026-09-23,Synthetic/demo relationship; not a verified facility relationship.,SYNTHETIC_DEMO
SUP00992,LOC00896,Distribution Center,UNKNOWN,HIGH,PROJECT_DEMO_EXPANSION,2026-09-23,Synthetic/demo relationship; not a verified facility relationship.,SYNTHETIC_DEMO
SUP00993,LOC00909,Warehouse,UNKNOWN,MEDIUM,PROJECT_DEMO_EXPANSION,2026-09-23,Synthetic/demo relationship; not a verified facility relationship.,SYNTHETIC_DEMO
SUP00994,LOC00922,Distribution Center,LEASED,HIGH,PROJECT_DEMO_EXPANSION,2026-09-23,Synthetic/demo relationship; not a verified facility relationship.,SYNTHETIC_DEMO
SUP00995,LOC00935,Factory,OWNED,LOW,PROJECT_DEMO_EXPANSION,2026-09-23,Synthetic/demo relationship; not a verified facility relationship.,SYNTHETIC_DEMO
SUP00996,LOC00948,Warehouse,LEASED,MEDIUM,PROJECT_DEMO_EXPANSION,2026-09-23,Synthetic/demo relationship; not a verified facility relationship.,SYNTHETIC_DEMO
SUP00997,LOC00961,Distribution Center,OWNED,HIGH,PROJECT_DEMO_EXPANSION,2026-09-23,Synthetic/demo relationship; not a verified facility relationship.,SYNTHETIC_DEMO
SUP00998,LOC00974,Warehouse,UNKNOWN,MEDIUM,PROJECT_DEMO_EXPANSION,2026-09-23,Synthetic/demo relationship; not a verified facility relationship.,SYNTHETIC_DEMO
SUP00999,LOC00987,Distribution Center,OWNED,HIGH,PROJECT_DEMO_EXPANSION,2026-09-23,Synthetic/demo relationship; not a verified facility relationship.,SYNTHETIC_DEMO
SUP01000,LOC01000,Distribution Center,UNKNOWN,HIGH,PROJECT_DEMO_EXPANSION,2026-09-23,Synthetic/demo relationship; not a verified facility relationship.,SYNTHETIC_DEMO
SUP00001,LOC00013,Warehouse,OWNED,LOW,PROJECT_DEMO_EXPANSION,2026-09-23,Synthetic/demo relationship; not a verified facility relationship.,SYNTHETIC_DEMO
SUP00002,LOC00026,Warehouse,LEASED,LOW,PROJECT_DEMO_EXPANSION,2026-09-23,Synthetic/demo relationship; not a verified facility relationship.,SYNTHETIC_DEMO
SUP00003,LOC00039,Factory,OWNED,HIGH,PROJECT_DEMO_EXPANSION,2026-09-23,Synthetic/demo relationship; not a verified facility relationship.,SYNTHETIC_DEMO
SUP00004,LOC00052,Warehouse,OWNED,MEDIUM,PROJECT_DEMO_EXPANSION,2026-09-23,Synthetic/demo relationship; not a verified facility relationship.,SYNTHETIC_DEMO
SUP00005,LOC00065,Distribution Center,LEASED,MEDIUM,PROJECT_DEMO_EXPANSION,2026-09-23,Synthetic/demo relationship; not a verified facility relationship.,SYNTHETIC_DEMO
SUP00006,LOC00078,Distribution Center,LEASED,MEDIUM,PROJECT_DEMO_EXPANSION,2026-09-23,Synthetic/demo relationship; not a verified facility relationship.,SYNTHETIC_DEMO
SUP00007,LOC00091,Factory,UNKNOWN,MEDIUM,PROJECT_DEMO_EXPANSION,2026-09-23,Synthetic/demo relationship; not a verified facility relationship.,SYNTHETIC_DEMO
SUP00008,LOC00104,Distribution Center,LEASED,HIGH,PROJECT_DEMO_EXPANSION,2026-09-23,Synthetic/demo relationship; not a verified facility relationship.,SYNTHETIC_DEMO
SUP00009,LOC00117,Distribution Center,LEASED,MEDIUM,PROJECT_DEMO_EXPANSION,2026-09-23,Synthetic/demo relationship; not a verified facility relationship.,SYNTHETIC_DEMO
SUP00010,LOC00130,Warehouse,UNKNOWN,HIGH,PROJECT_DEMO_EXPANSION,2026-09-23,Synthetic/demo relationship; not a verified facility relationship.,SYNTHETIC_DEMO
SUP00011,LOC00143,Factory,OWNED,MEDIUM,PROJECT_DEMO_EXPANSION,2026-09-23,Synthetic/demo relationship; not a verified facility relationship.,SYNTHETIC_DEMO
SUP00012,LOC00156,Warehouse,LEASED,HIGH,PROJECT_DEMO_EXPANSION,2026-09-23,Synthetic/demo relationship; not a verified facility relationship.,SYNTHETIC_DEMO
SUP00013,LOC00169,Distribution Center,UNKNOWN,MEDIUM,PROJECT_DEMO_EXPANSION,2026-09-23,Synthetic/demo relationship; not a verified facility relationship.,SYNTHETIC_DEMO
SUP00014,LOC00182,Factory,OWNED,LOW,PROJECT_DEMO_EXPANSION,2026-09-23,Synthetic/demo relationship; not a verified facility relationship.,SYNTHETIC_DEMO
SUP00015,LOC00195,Factory,UNKNOWN,LOW,PROJECT_DEMO_EXPANSION,2026-09-23,Synthetic/demo relationship; not a verified facility relationship.,SYNTHETIC_DEMO
SUP00016,LOC00208,Factory,LEASED,HIGH,PROJECT_DEMO_EXPANSION,2026-09-23,Synthetic/demo relationship; not a verified facility relationship.,SYNTHETIC_DEMO
SUP00017,LOC00221,Warehouse,OWNED,MEDIUM,PROJECT_DEMO_EXPANSION,2026-09-23,Synthetic/demo relationship; not a verified facility relationship.,SYNTHETIC_DEMO
SUP00018,LOC00234,Distribution Center,OWNED,LOW,PROJECT_DEMO_EXPANSION,2026-09-23,Synthetic/demo relationship; not a verified facility relationship.,SYNTHETIC_DEMO
SUP00019,LOC00247,Distribution Center,OWNED,HIGH,PROJECT_DEMO_EXPANSION,2026-09-23,Synthetic/demo relationship; not a verified facility relationship.,SYNTHETIC_DEMO
SUP00020,LOC00260,Warehouse,LEASED,HIGH,PROJECT_DEMO_EXPANSION,2026-09-23,Synthetic/demo relationship; not a verified facility relationship.,SYNTHETIC_DEMO
SUP00021,LOC00273,Factory,UNKNOWN,LOW,PROJECT_DEMO_EXPANSION,2026-09-23,Synthetic/demo relationship; not a verified facility relationship.,SYNTHETIC_DEMO
SUP00022,LOC00286,Warehouse,UNKNOWN,HIGH,PROJECT_DEMO_EXPANSION,2026-09-23,Synthetic/demo relationship; not a verified facility relationship.,SYNTHETIC_DEMO
SUP00023,LOC00299,Warehouse,LEASED,LOW,PROJECT_DEMO_EXPANSION,2026-09-23,Synthetic/demo relationship; not a verified facility relationship.,SYNTHETIC_DEMO
SUP00024,LOC00312,Warehouse,LEASED,HIGH,PROJECT_DEMO_EXPANSION,2026-09-23,Synthetic/demo relationship; not a verified facility relationship.,SYNTHETIC_DEMO
SUP00025,LOC00325,Warehouse,OWNED,MEDIUM,PROJECT_DEMO_EXPANSION,2026-09-23,Synthetic/demo relationship; not a verified facility relationship.,SYNTHETIC_DEMO
SUP00026,LOC00338,Distribution Center,OWNED,LOW,PROJECT_DEMO_EXPANSION,2026-09-23,Synthetic/demo relationship; not a verified facility relationship.,SYNTHETIC_DEMO
SUP00027,LOC00351,Factory,OWNED,LOW,PROJECT_DEMO_EXPANSION,2026-09-23,Synthetic/demo relationship; not a verified facility relationship.,SYNTHETIC_DEMO
SUP00028,LOC00364,Factory,LEASED,HIGH,PROJECT_DEMO_EXPANSION,2026-09-23,Synthetic/demo relationship; not a verified facility relationship.,SYNTHETIC_DEMO
SUP00029,LOC00377,Distribution Center,LEASED,HIGH,PROJECT_DEMO_EXPANSION,2026-09-23,Synthetic/demo relationship; not a verified facility relationship.,SYNTHETIC_DEMO
SUP00030,LOC00390,Warehouse,UNKNOWN,LOW,PROJECT_DEMO_EXPANSION,2026-09-23,Synthetic/demo relationship; not a verified facility relationship.,SYNTHETIC_DEMO
SUP00031,LOC00403,Factory,UNKNOWN,HIGH,PROJECT_DEMO_EXPANSION,2026-09-23,Synthetic/demo relationship; not a verified facility relationship.,SYNTHETIC_DEMO
SUP00032,LOC00416,Distribution Center,LEASED,HIGH,PROJECT_DEMO_EXPANSION,2026-09-23,Synthetic/demo relationship; not a verified facility relationship.,SYNTHETIC_DEMO
SUP00033,LOC00429,Factory,LEASED,LOW,PROJECT_DEMO_EXPANSION,2026-09-23,Synthetic/demo relationship; not a verified facility relationship.,SYNTHETIC_DEMO
SUP00034,LOC00442,Factory,UNKNOWN,MEDIUM,PROJECT_DEMO_EXPANSION,2026-09-23,Synthetic/demo relationship; not a verified facility relationship.,SYNTHETIC_DEMO
SUP00035,LOC00455,Factory,LEASED,HIGH,PROJECT_DEMO_EXPANSION,2026-09-23,Synthetic/demo relationship; not a verified facility relationship.,SYNTHETIC_DEMO
SUP00036,LOC00468,Factory,UNKNOWN,MEDIUM,PROJECT_DEMO_EXPANSION,2026-09-23,Synthetic/demo relationship; not a verified facility relationship.,SYNTHETIC_DEMO
SUP00037,LOC00481,Warehouse,UNKNOWN,LOW,PROJECT_DEMO_EXPANSION,2026-09-23,Synthetic/demo relationship; not a verified facility relationship.,SYNTHETIC_DEMO
SUP00038,LOC00494,Factory,UNKNOWN,HIGH,PROJECT_DEMO_EXPANSION,2026-09-23,Synthetic/demo relationship; not a verified facility relationship.,SYNTHETIC_DEMO
SUP00039,LOC00507,Warehouse,UNKNOWN,MEDIUM,PROJECT_DEMO_EXPANSION,2026-09-23,Synthetic/demo relationship; not a verified facility relationship.,SYNTHETIC_DEMO
SUP00040,LOC00520,Distribution Center,UNKNOWN,LOW,PROJECT_DEMO_EXPANSION,2026-09-23,Synthetic/demo relationship; not a verified facility relationship.,SYNTHETIC_DEMO
SUP00041,LOC00533,Warehouse,UNKNOWN,MEDIUM,PROJECT_DEMO_EXPANSION,2026-09-23,Synthetic/demo relationship; not a verified facility relationship.,SYNTHETIC_DEMO
SUP00042,LOC00546,Factory,OWNED,HIGH,PROJECT_DEMO_EXPANSION,2026-09-23,Synthetic/demo relationship; not a verified facility relationship.,SYNTHETIC_DEMO
SUP00043,LOC00559,Factory,LEASED,HIGH,PROJECT_DEMO_EXPANSION,2026-09-23,Synthetic/demo relationship; not a verified facility relationship.,SYNTHETIC_DEMO
SUP00044,LOC00572,Distribution Center,LEASED,LOW,PROJECT_DEMO_EXPANSION,2026-09-23,Synthetic/demo relationship; not a verified facility relationship.,SYNTHETIC_DEMO
SUP00045,LOC00585,Warehouse,LEASED,MEDIUM,PROJECT_DEMO_EXPANSION,2026-09-23,Synthetic/demo relationship; not a verified facility relationship.,SYNTHETIC_DEMO
SUP00046,LOC00598,Distribution Center,UNKNOWN,LOW,PROJECT_DEMO_EXPANSION,2026-09-23,Synthetic/demo relationship; not a verified facility relationship.,SYNTHETIC_DEMO
SUP00047,LOC00611,Factory,OWNED,LOW,PROJECT_DEMO_EXPANSION,2026-09-23,Synthetic/demo relationship; not a verified facility relationship.,SYNTHETIC_DEMO
SUP00048,LOC00624,Warehouse,UNKNOWN,LOW,PROJECT_DEMO_EXPANSION,2026-09-23,Synthetic/demo relationship; not a verified facility relationship.,SYNTHETIC_DEMO
SUP00049,LOC00637,Factory,LEASED,LOW,PROJECT_DEMO_EXPANSION,2026-09-23,Synthetic/demo relationship; not a verified facility relationship.,SYNTHETIC_DEMO
SUP00050,LOC00650,Warehouse,OWNED,LOW,PROJECT_DEMO_EXPANSION,2026-09-23,Synthetic/demo relationship; not a verified facility relationship.,SYNTHETIC_DEMO
SUP00051,LOC00663,Factory,UNKNOWN,MEDIUM,PROJECT_DEMO_EXPANSION,2026-09-23,Synthetic/demo relationship; not a verified facility relationship.,SYNTHETIC_DEMO
SUP00052,LOC00676,Factory,OWNED,MEDIUM,PROJECT_DEMO_EXPANSION,2026-09-23,Synthetic/demo relationship; not a verified facility relationship.,SYNTHETIC_DEMO
SUP00053,LOC00689,Distribution Center,UNKNOWN,HIGH,PROJECT_DEMO_EXPANSION,2026-09-23,Synthetic/demo relationship; not a verified facility relationship.,SYNTHETIC_DEMO
SUP00054,LOC00702,Warehouse,LEASED,LOW,PROJECT_DEMO_EXPANSION,2026-09-23,Synthetic/demo relationship; not a verified facility relationship.,SYNTHETIC_DEMO
SUP00055,LOC00715,Factory,OWNED,HIGH,PROJECT_DEMO_EXPANSION,2026-09-23,Synthetic/demo relationship; not a verified facility relationship.,SYNTHETIC_DEMO
SUP00056,LOC00728,Warehouse,LEASED,LOW,PROJECT_DEMO_EXPANSION,2026-09-23,Synthetic/demo relationship; not a verified facility relationship.,SYNTHETIC_DEMO
SUP00057,LOC00741,Distribution Center,LEASED,LOW,PROJECT_DEMO_EXPANSION,2026-09-23,Synthetic/demo relationship; not a verified facility relationship.,SYNTHETIC_DEMO
SUP00058,LOC00754,Distribution Center,UNKNOWN,MEDIUM,PROJECT_DEMO_EXPANSION,2026-09-23,Synthetic/demo relationship; not a verified facility relationship.,SYNTHETIC_DEMO
SUP00059,LOC00767,Warehouse,UNKNOWN,MEDIUM,PROJECT_DEMO_EXPANSION,2026-09-23,Synthetic/demo relationship; not a verified facility relationship.,SYNTHETIC_DEMO
SUP00060,LOC00780,Distribution Center,UNKNOWN,LOW,PROJECT_DEMO_EXPANSION,2026-09-23,Synthetic/demo relationship; not a verified facility relationship.,SYNTHETIC_DEMO
SUP00061,LOC00793,Factory,LEASED,HIGH,PROJECT_DEMO_EXPANSION,2026-09-23,Synthetic/demo relationship; not a verified facility relationship.,SYNTHETIC_DEMO
SUP00062,LOC00806,Warehouse,LEASED,MEDIUM,PROJECT_DEMO_EXPANSION,2026-09-23,Synthetic/demo relationship; not a verified facility relationship.,SYNTHETIC_DEMO
SUP00063,LOC00819,Factory,LEASED,MEDIUM,PROJECT_DEMO_EXPANSION,2026-09-23,Synthetic/demo relationship; not a verified facility relationship.,SYNTHETIC_DEMO
SUP00064,LOC00832,Warehouse,UNKNOWN,HIGH,PROJECT_DEMO_EXPANSION,2026-09-23,Synthetic/demo relationship; not a verified facility relationship.,SYNTHETIC_DEMO
SUP00065,LOC00845,Factory,OWNED,MEDIUM,PROJECT_DEMO_EXPANSION,2026-09-23,Synthetic/demo relationship; not a verified facility relationship.,SYNTHETIC_DEMO
SUP00066,LOC00858,Warehouse,UNKNOWN,LOW,PROJECT_DEMO_EXPANSION,2026-09-23,Synthetic/demo relationship; not a verified facility relationship.,SYNTHETIC_DEMO
SUP00067,LOC00871,Factory,UNKNOWN,HIGH,PROJECT_DEMO_EXPANSION,2026-09-23,Synthetic/demo relationship; not a verified facility relationship.,SYNTHETIC_DEMO
SUP00068,LOC00884,Factory,LEASED,MEDIUM,PROJECT_DEMO_EXPANSION,2026-09-23,Synthetic/demo relationship; not a verified facility relationship.,SYNTHETIC_DEMO
SUP00069,LOC00897,Distribution Center,UNKNOWN,LOW,PROJECT_DEMO_EXPANSION,2026-09-23,Synthetic/demo relationship; not a verified facility relationship.,SYNTHETIC_DEMO
SUP00070,LOC00910,Warehouse,UNKNOWN,LOW,PROJECT_DEMO_EXPANSION,2026-09-23,Synthetic/demo relationship; not a verified facility relationship.,SYNTHETIC_DEMO
SUP00071,LOC00923,Distribution Center,UNKNOWN,HIGH,PROJECT_DEMO_EXPANSION,2026-09-23,Synthetic/demo relationship; not a verified facility relationship.,SYNTHETIC_DEMO
SUP00072,LOC00936,Warehouse,UNKNOWN,HIGH,PROJECT_DEMO_EXPANSION,2026-09-23,Synthetic/demo relationship; not a verified facility relationship.,SYNTHETIC_DEMO
SUP00073,LOC00949,Factory,UNKNOWN,MEDIUM,PROJECT_DEMO_EXPANSION,2026-09-23,Synthetic/demo relationship; not a verified facility relationship.,SYNTHETIC_DEMO
SUP00074,LOC00962,Warehouse,UNKNOWN,LOW,PROJECT_DEMO_EXPANSION,2026-09-23,Synthetic/demo relationship; not a verified facility relationship.,SYNTHETIC_DEMO
SUP00075,LOC00975,Distribution Center,UNKNOWN,LOW,PROJECT_DEMO_EXPANSION,2026-09-23,Synthetic/demo relationship; not a verified facility relationship.,SYNTHETIC_DEMO
SUP00076,LOC00988,Warehouse,OWNED,MEDIUM,PROJECT_DEMO_EXPANSION,2026-09-23,Synthetic/demo relationship; not a verified facility relationship.,SYNTHETIC_DEMO
SUP00077,LOC00001,Factory,LEASED,LOW,PROJECT_DEMO_EXPANSION,2026-09-23,Synthetic/demo relationship; not a verified facility relationship.,SYNTHETIC_DEMO
SUP00078,LOC00014,Distribution Center,OWNED,MEDIUM,PROJECT_DEMO_EXPANSION,2026-09-23,Synthetic/demo relationship; not a verified facility relationship.,SYNTHETIC_DEMO
SUP00079,LOC00027,Warehouse,OWNED,LOW,PROJECT_DEMO_EXPANSION,2026-09-23,Synthetic/demo relationship; not a verified facility relationship.,SYNTHETIC_DEMO
SUP00080,LOC00040,Warehouse,UNKNOWN,LOW,PROJECT_DEMO_EXPANSION,2026-09-23,Synthetic/demo relationship; not a verified facility relationship.,SYNTHETIC_DEMO
SUP00081,LOC00053,Factory,LEASED,MEDIUM,PROJECT_DEMO_EXPANSION,2026-09-23,Synthetic/demo relationship; not a verified facility relationship.,SYNTHETIC_DEMO
SUP00082,LOC00066,Warehouse,OWNED,MEDIUM,PROJECT_DEMO_EXPANSION,2026-09-23,Synthetic/demo relationship; not a verified facility relationship.,SYNTHETIC_DEMO
SUP00083,LOC00079,Factory,LEASED,LOW,PROJECT_DEMO_EXPANSION,2026-09-23,Synthetic/demo relationship; not a verified facility relationship.,SYNTHETIC_DEMO
SUP00084,LOC00092,Warehouse,UNKNOWN,HIGH,PROJECT_DEMO_EXPANSION,2026-09-23,Synthetic/demo relationship; not a verified facility relationship.,SYNTHETIC_DEMO
SUP00085,LOC00105,Warehouse,UNKNOWN,LOW,PROJECT_DEMO_EXPANSION,2026-09-23,Synthetic/demo relationship; not a verified facility relationship.,SYNTHETIC_DEMO
SUP00086,LOC00118,Warehouse,UNKNOWN,LOW,PROJECT_DEMO_EXPANSION,2026-09-23,Synthetic/demo relationship; not a verified facility relationship.,SYNTHETIC_DEMO
SUP00087,LOC00131,Distribution Center,UNKNOWN,HIGH,PROJECT_DEMO_EXPANSION,2026-09-23,Synthetic/demo relationship; not a verified facility relationship.,SYNTHETIC_DEMO
SUP00088,LOC00144,Factory,LEASED,MEDIUM,PROJECT_DEMO_EXPANSION,2026-09-23,Synthetic/demo relationship; not a verified facility relationship.,SYNTHETIC_DEMO
SUP00089,LOC00157,Factory,LEASED,MEDIUM,PROJECT_DEMO_EXPANSION,2026-09-23,Synthetic/demo relationship; not a verified facility relationship.,SYNTHETIC_DEMO
SUP00090,LOC00170,Warehouse,LEASED,HIGH,PROJECT_DEMO_EXPANSION,2026-09-23,Synthetic/demo relationship; not a verified facility relationship.,SYNTHETIC_DEMO
SUP00091,LOC00183,Warehouse,OWNED,MEDIUM,PROJECT_DEMO_EXPANSION,2026-09-23,Synthetic/demo relationship; not a verified facility relationship.,SYNTHETIC_DEMO
SUP00092,LOC00196,Warehouse,LEASED,HIGH,PROJECT_DEMO_EXPANSION,2026-09-23,Synthetic/demo relationship; not a verified facility relationship.,SYNTHETIC_DEMO
SUP00093,LOC00209,Factory,UNKNOWN,MEDIUM,PROJECT_DEMO_EXPANSION,2026-09-23,Synthetic/demo relationship; not a verified facility relationship.,SYNTHETIC_DEMO
SUP00094,LOC00222,Warehouse,OWNED,MEDIUM,PROJECT_DEMO_EXPANSION,2026-09-23,Synthetic/demo relationship; not a verified facility relationship.,SYNTHETIC_DEMO
SUP00095,LOC00235,Factory,UNKNOWN,LOW,PROJECT_DEMO_EXPANSION,2026-09-23,Synthetic/demo relationship; not a verified facility relationship.,SYNTHETIC_DEMO
SUP00096,LOC00248,Distribution Center,UNKNOWN,HIGH,PROJECT_DEMO_EXPANSION,2026-09-23,Synthetic/demo relationship; not a verified facility relationship.,SYNTHETIC_DEMO
SUP00097,LOC00261,Warehouse,LEASED,HIGH,PROJECT_DEMO_EXPANSION,2026-09-23,Synthetic/demo relationship; not a verified facility relationship.,SYNTHETIC_DEMO
SUP00098,LOC00274,Warehouse,OWNED,HIGH,PROJECT_DEMO_EXPANSION,2026-09-23,Synthetic/demo relationship; not a verified facility relationship.,SYNTHETIC_DEMO
SUP00099,LOC00287,Factory,UNKNOWN,LOW,PROJECT_DEMO_EXPANSION,2026-09-23,Synthetic/demo relationship; not a verified facility relationship.,SYNTHETIC_DEMO
SUP00100,LOC00300,Warehouse,OWNED,LOW,PROJECT_DEMO_EXPANSION,2026-09-23,Synthetic/demo relationship; not a verified facility relationship.,SYNTHETIC_DEMO
SUP00101,LOC00313,Distribution Center,LEASED,HIGH,PROJECT_DEMO_EXPANSION,2026-09-23,Synthetic/demo relationship; not a verified facility relationship.,SYNTHETIC_DEMO
SUP00102,LOC00326,Distribution Center,LEASED,MEDIUM,PROJECT_DEMO_EXPANSION,2026-09-23,Synthetic/demo relationship; not a verified facility relationship.,SYNTHETIC_DEMO
SUP00103,LOC00339,Warehouse,OWNED,LOW,PROJECT_DEMO_EXPANSION,2026-09-23,Synthetic/demo relationship; not a verified facility relationship.,SYNTHETIC_DEMO
SUP00104,LOC00352,Factory,LEASED,HIGH,PROJECT_DEMO_EXPANSION,2026-09-23,Synthetic/demo relationship; not a verified facility relationship.,SYNTHETIC_DEMO
SUP00105,LOC00365,Distribution Center,OWNED,MEDIUM,PROJECT_DEMO_EXPANSION,2026-09-23,Synthetic/demo relationship; not a verified facility relationship.,SYNTHETIC_DEMO
SUP00106,LOC00378,Distribution Center,OWNED,HIGH,PROJECT_DEMO_EXPANSION,2026-09-23,Synthetic/demo relationship; not a verified facility relationship.,SYNTHETIC_DEMO
SUP00107,LOC00391,Factory,OWNED,HIGH,PROJECT_DEMO_EXPANSION,2026-09-23,Synthetic/demo relationship; not a verified facility relationship.,SYNTHETIC_DEMO
SUP00108,LOC00404,Factory,UNKNOWN,MEDIUM,PROJECT_DEMO_EXPANSION,2026-09-23,Synthetic/demo relationship; not a verified facility relationship.,SYNTHETIC_DEMO
SUP00109,LOC00417,Factory,LEASED,MEDIUM,PROJECT_DEMO_EXPANSION,2026-09-23,Synthetic/demo relationship; not a verified facility relationship.,SYNTHETIC_DEMO
SUP00110,LOC00430,Warehouse,UNKNOWN,HIGH,PROJECT_DEMO_EXPANSION,2026-09-23,Synthetic/demo relationship; not a verified facility relationship.,SYNTHETIC_DEMO
SUP00111,LOC00443,Factory,LEASED,MEDIUM,PROJECT_DEMO_EXPANSION,2026-09-23,Synthetic/demo relationship; not a verified facility relationship.,SYNTHETIC_DEMO
SUP00112,LOC00456,Warehouse,OWNED,LOW,PROJECT_DEMO_EXPANSION,2026-09-23,Synthetic/demo relationship; not a verified facility relationship.,SYNTHETIC_DEMO
SUP00113,LOC00469,Warehouse,LEASED,MEDIUM,PROJECT_DEMO_EXPANSION,2026-09-23,Synthetic/demo relationship; not a verified facility relationship.,SYNTHETIC_DEMO
SUP00114,LOC00482,Distribution Center,UNKNOWN,HIGH,PROJECT_DEMO_EXPANSION,2026-09-23,Synthetic/demo relationship; not a verified facility relationship.,SYNTHETIC_DEMO
SUP00115,LOC00495,Warehouse,LEASED,MEDIUM,PROJECT_DEMO_EXPANSION,2026-09-23,Synthetic/demo relationship; not a verified facility relationship.,SYNTHETIC_DEMO
SUP00116,LOC00508,Warehouse,LEASED,LOW,PROJECT_DEMO_EXPANSION,2026-09-23,Synthetic/demo relationship; not a verified facility relationship.,SYNTHETIC_DEMO
SUP00117,LOC00521,Distribution Center,OWNED,LOW,PROJECT_DEMO_EXPANSION,2026-09-23,Synthetic/demo relationship; not a verified facility relationship.,SYNTHETIC_DEMO
SUP00118,LOC00534,Factory,UNKNOWN,LOW,PROJECT_DEMO_EXPANSION,2026-09-23,Synthetic/demo relationship; not a verified facility relationship.,SYNTHETIC_DEMO
SUP00119,LOC00547,Factory,OWNED,LOW,PROJECT_DEMO_EXPANSION,2026-09-23,Synthetic/demo relationship; not a verified facility relationship.,SYNTHETIC_DEMO
SUP00120,LOC00560,Warehouse,LEASED,MEDIUM,PROJECT_DEMO_EXPANSION,2026-09-23,Synthetic/demo relationship; not a verified facility relationship.,SYNTHETIC_DEMO
SUP00121,LOC00573,Factory,LEASED,HIGH,PROJECT_DEMO_EXPANSION,2026-09-23,Synthetic/demo relationship; not a verified facility relationship.,SYNTHETIC_DEMO
SUP00122,LOC00586,Factory,LEASED,MEDIUM,PROJECT_DEMO_EXPANSION,2026-09-23,Synthetic/demo relationship; not a verified facility relationship.,SYNTHETIC_DEMO
SUP00123,LOC00599,Warehouse,OWNED,MEDIUM,PROJECT_DEMO_EXPANSION,2026-09-23,Synthetic/demo relationship; not a verified facility relationship.,SYNTHETIC_DEMO
SUP00124,LOC00612,Factory,LEASED,HIGH,PROJECT_DEMO_EXPANSION,2026-09-23,Synthetic/demo relationship; not a verified facility relationship.,SYNTHETIC_DEMO
SUP00125,LOC00625,Warehouse,LEASED,LOW,PROJECT_DEMO_EXPANSION,2026-09-23,Synthetic/demo relationship; not a verified facility relationship.,SYNTHETIC_DEMO
SUP00126,LOC00638,Warehouse,OWNED,LOW,PROJECT_DEMO_EXPANSION,2026-09-23,Synthetic/demo relationship; not a verified facility relationship.,SYNTHETIC_DEMO
SUP00127,LOC00651,Factory,LEASED,HIGH,PROJECT_DEMO_EXPANSION,2026-09-23,Synthetic/demo relationship; not a verified facility relationship.,SYNTHETIC_DEMO
SUP00128,LOC00664,Factory,OWNED,HIGH,PROJECT_DEMO_EXPANSION,2026-09-23,Synthetic/demo relationship; not a verified facility relationship.,SYNTHETIC_DEMO
SUP00129,LOC00677,Warehouse,OWNED,MEDIUM,PROJECT_DEMO_EXPANSION,2026-09-23,Synthetic/demo relationship; not a verified facility relationship.,SYNTHETIC_DEMO
SUP00130,LOC00690,Warehouse,UNKNOWN,LOW,PROJECT_DEMO_EXPANSION,2026-09-23,Synthetic/demo relationship; not a verified facility relationship.,SYNTHETIC_DEMO
SUP00131,LOC00703,Distribution Center,UNKNOWN,MEDIUM,PROJECT_DEMO_EXPANSION,2026-09-23,Synthetic/demo relationship; not a verified facility relationship.,SYNTHETIC_DEMO
SUP00132,LOC00716,Factory,UNKNOWN,LOW,PROJECT_DEMO_EXPANSION,2026-09-23,Synthetic/demo relationship; not a verified facility relationship.,SYNTHETIC_DEMO
SUP00133,LOC00729,Warehouse,UNKNOWN,MEDIUM,PROJECT_DEMO_EXPANSION,2026-09-23,Synthetic/demo relationship; not a verified facility relationship.,SYNTHETIC_DEMO
SUP00134,LOC00742,Factory,LEASED,HIGH,PROJECT_DEMO_EXPANSION,2026-09-23,Synthetic/demo relationship; not a verified facility relationship.,SYNTHETIC_DEMO
SUP00135,LOC00755,Distribution Center,LEASED,MEDIUM,PROJECT_DEMO_EXPANSION,2026-09-23,Synthetic/demo relationship; not a verified facility relationship.,SYNTHETIC_DEMO
SUP00136,LOC00768,Factory,OWNED,MEDIUM,PROJECT_DEMO_EXPANSION,2026-09-23,Synthetic/demo relationship; not a verified facility relationship.,SYNTHETIC_DEMO
SUP00137,LOC00781,Warehouse,UNKNOWN,MEDIUM,PROJECT_DEMO_EXPANSION,2026-09-23,Synthetic/demo relationship; not a verified facility relationship.,SYNTHETIC_DEMO
SUP00138,LOC00794,Distribution Center,LEASED,MEDIUM,PROJECT_DEMO_EXPANSION,2026-09-23,Synthetic/demo relationship; not a verified facility relationship.,SYNTHETIC_DEMO
SUP00139,LOC00807,Warehouse,OWNED,MEDIUM,PROJECT_DEMO_EXPANSION,2026-09-23,Synthetic/demo relationship; not a verified facility relationship.,SYNTHETIC_DEMO
SUP00140,LOC00820,Distribution Center,LEASED,MEDIUM,PROJECT_DEMO_EXPANSION,2026-09-23,Synthetic/demo relationship; not a verified facility relationship.,SYNTHETIC_DEMO
SUP00141,LOC00833,Factory,UNKNOWN,MEDIUM,PROJECT_DEMO_EXPANSION,2026-09-23,Synthetic/demo relationship; not a verified facility relationship.,SYNTHETIC_DEMO
SUP00142,LOC00846,Warehouse,LEASED,MEDIUM,PROJECT_DEMO_EXPANSION,2026-09-23,Synthetic/demo relationship; not a verified facility relationship.,SYNTHETIC_DEMO
SUP00143,LOC00859,Distribution Center,LEASED,LOW,PROJECT_DEMO_EXPANSION,2026-09-23,Synthetic/demo relationship; not a verified facility relationship.,SYNTHETIC_DEMO
SUP00144,LOC00872,Warehouse,OWNED,LOW,PROJECT_DEMO_EXPANSION,2026-09-23,Synthetic/demo relationship; not a verified facility relationship.,SYNTHETIC_DEMO
SUP00145,LOC00885,Distribution Center,OWNED,HIGH,PROJECT_DEMO_EXPANSION,2026-09-23,Synthetic/demo relationship; not a verified facility relationship.,SYNTHETIC_DEMO
SUP00146,LOC00898,Warehouse,LEASED,MEDIUM,PROJECT_DEMO_EXPANSION,2026-09-23,Synthetic/demo relationship; not a verified facility relationship.,SYNTHETIC_DEMO
SUP00147,LOC00911,Distribution Center,LEASED,HIGH,PROJECT_DEMO_EXPANSION,2026-09-23,Synthetic/demo relationship; not a verified facility relationship.,SYNTHETIC_DEMO
SUP00148,LOC00924,Distribution Center,LEASED,LOW,PROJECT_DEMO_EXPANSION,2026-09-23,Synthetic/demo relationship; not a verified facility relationship.,SYNTHETIC_DEMO
SUP00149,LOC00937,Warehouse,UNKNOWN,LOW,PROJECT_DEMO_EXPANSION,2026-09-23,Synthetic/demo relationship; not a verified facility relationship.,SYNTHETIC_DEMO
SUP00150,LOC00950,Warehouse,UNKNOWN,MEDIUM,PROJECT_DEMO_EXPANSION,2026-09-23,Synthetic/demo relationship; not a verified facility relationship.,SYNTHETIC_DEMO
SUP00151,LOC00963,Distribution Center,LEASED,HIGH,PROJECT_DEMO_EXPANSION,2026-09-23,Synthetic/demo relationship; not a verified facility relationship.,SYNTHETIC_DEMO
SUP00152,LOC00976,Factory,UNKNOWN,MEDIUM,PROJECT_DEMO_EXPANSION,2026-09-23,Synthetic/demo relationship; not a verified facility relationship.,SYNTHETIC_DEMO
SUP00153,LOC00989,Distribution Center,OWNED,LOW,PROJECT_DEMO_EXPANSION,2026-09-23,Synthetic/demo relationship; not a verified facility relationship.,SYNTHETIC_DEMO
SUP00154,LOC00002,Warehouse,LEASED,HIGH,PROJECT_DEMO_EXPANSION,2026-09-23,Synthetic/demo relationship; not a verified facility relationship.,SYNTHETIC_DEMO
SUP00155,LOC00015,Distribution Center,LEASED,MEDIUM,PROJECT_DEMO_EXPANSION,2026-09-23,Synthetic/demo relationship; not a verified facility relationship.,SYNTHETIC_DEMO
SUP00156,LOC00028,Distribution Center,OWNED,HIGH,PROJECT_DEMO_EXPANSION,2026-09-23,Synthetic/demo relationship; not a verified facility relationship.,SYNTHETIC_DEMO
SUP00157,LOC00041,Factory,UNKNOWN,HIGH,PROJECT_DEMO_EXPANSION,2026-09-23,Synthetic/demo relationship; not a verified facility relationship.,SYNTHETIC_DEMO
SUP00158,LOC00054,Warehouse,LEASED,MEDIUM,PROJECT_DEMO_EXPANSION,2026-09-23,Synthetic/demo relationship; not a verified facility relationship.,SYNTHETIC_DEMO
SUP00159,LOC00067,Warehouse,LEASED,HIGH,PROJECT_DEMO_EXPANSION,2026-09-23,Synthetic/demo relationship; not a verified facility relationship.,SYNTHETIC_DEMO
SUP00160,LOC00080,Distribution Center,OWNED,HIGH,PROJECT_DEMO_EXPANSION,2026-09-23,Synthetic/demo relationship; not a verified facility relationship.,SYNTHETIC_DEMO
SUP00161,LOC00093,Warehouse,UNKNOWN,MEDIUM,PROJECT_DEMO_EXPANSION,2026-09-23,Synthetic/demo relationship; not a verified facility relationship.,SYNTHETIC_DEMO
SUP00162,LOC00106,Factory,UNKNOWN,HIGH,PROJECT_DEMO_EXPANSION,2026-09-23,Synthetic/demo relationship; not a verified facility relationship.,SYNTHETIC_DEMO
SUP00163,LOC00119,Factory,LEASED,LOW,PROJECT_DEMO_EXPANSION,2026-09-23,Synthetic/demo relationship; not a verified facility relationship.,SYNTHETIC_DEMO
SUP00164,LOC00132,Distribution Center,LEASED,HIGH,PROJECT_DEMO_EXPANSION,2026-09-23,Synthetic/demo relationship; not a verified facility relationship.,SYNTHETIC_DEMO
SUP00165,LOC00145,Warehouse,OWNED,HIGH,PROJECT_DEMO_EXPANSION,2026-09-23,Synthetic/demo relationship; not a verified facility relationship.,SYNTHETIC_DEMO
SUP00166,LOC00158,Distribution Center,UNKNOWN,HIGH,PROJECT_DEMO_EXPANSION,2026-09-23,Synthetic/demo relationship; not a verified facility relationship.,SYNTHETIC_DEMO
SUP00167,LOC00171,Factory,OWNED,LOW,PROJECT_DEMO_EXPANSION,2026-09-23,Synthetic/demo relationship; not a verified facility relationship.,SYNTHETIC_DEMO
SUP00168,LOC00184,Factory,OWNED,MEDIUM,PROJECT_DEMO_EXPANSION,2026-09-23,Synthetic/demo relationship; not a verified facility relationship.,SYNTHETIC_DEMO
SUP00169,LOC00197,Factory,OWNED,HIGH,PROJECT_DEMO_EXPANSION,2026-09-23,Synthetic/demo relationship; not a verified facility relationship.,SYNTHETIC_DEMO
SUP00170,LOC00210,Distribution Center,LEASED,MEDIUM,PROJECT_DEMO_EXPANSION,2026-09-23,Synthetic/demo relationship; not a verified facility relationship.,SYNTHETIC_DEMO
SUP00171,LOC00223,Warehouse,LEASED,LOW,PROJECT_DEMO_EXPANSION,2026-09-23,Synthetic/demo relationship; not a verified facility relationship.,SYNTHETIC_DEMO
SUP00172,LOC00236,Distribution Center,UNKNOWN,LOW,PROJECT_DEMO_EXPANSION,2026-09-23,Synthetic/demo relationship; not a verified facility relationship.,SYNTHETIC_DEMO
SUP00173,LOC00249,Warehouse,UNKNOWN,LOW,PROJECT_DEMO_EXPANSION,2026-09-23,Synthetic/demo relationship; not a verified facility relationship.,SYNTHETIC_DEMO
SUP00174,LOC00262,Factory,OWNED,MEDIUM,PROJECT_DEMO_EXPANSION,2026-09-23,Synthetic/demo relationship; not a verified facility relationship.,SYNTHETIC_DEMO
SUP00175,LOC00275,Warehouse,LEASED,LOW,PROJECT_DEMO_EXPANSION,2026-09-23,Synthetic/demo relationship; not a verified facility relationship.,SYNTHETIC_DEMO
SUP00176,LOC00288,Distribution Center,LEASED,MEDIUM,PROJECT_DEMO_EXPANSION,2026-09-23,Synthetic/demo relationship; not a verified facility relationship.,SYNTHETIC_DEMO
SUP00177,LOC00301,Warehouse,LEASED,LOW,PROJECT_DEMO_EXPANSION,2026-09-23,Synthetic/demo relationship; not a verified facility relationship.,SYNTHETIC_DEMO
SUP00178,LOC00314,Factory,OWNED,LOW,PROJECT_DEMO_EXPANSION,2026-09-23,Synthetic/demo relationship; not a verified facility relationship.,SYNTHETIC_DEMO
SUP00179,LOC00327,Warehouse,UNKNOWN,LOW,PROJECT_DEMO_EXPANSION,2026-09-23,Synthetic/demo relationship; not a verified facility relationship.,SYNTHETIC_DEMO
SUP00180,LOC00340,Warehouse,LEASED,HIGH,PROJECT_DEMO_EXPANSION,2026-09-23,Synthetic/demo relationship; not a verified facility relationship.,SYNTHETIC_DEMO
SUP00181,LOC00353,Factory,OWNED,MEDIUM,PROJECT_DEMO_EXPANSION,2026-09-23,Synthetic/demo relationship; not a verified facility relationship.,SYNTHETIC_DEMO
SUP00182,LOC00366,Distribution Center,LEASED,LOW,PROJECT_DEMO_EXPANSION,2026-09-23,Synthetic/demo relationship; not a verified facility relationship.,SYNTHETIC_DEMO
SUP00183,LOC00379,Distribution Center,UNKNOWN,HIGH,PROJECT_DEMO_EXPANSION,2026-09-23,Synthetic/demo relationship; not a verified facility relationship.,SYNTHETIC_DEMO
SUP00184,LOC00392,Warehouse,LEASED,HIGH,PROJECT_DEMO_EXPANSION,2026-09-23,Synthetic/demo relationship; not a verified facility relationship.,SYNTHETIC_DEMO
SUP00185,LOC00405,Warehouse,UNKNOWN,LOW,PROJECT_DEMO_EXPANSION,2026-09-23,Synthetic/demo relationship; not a verified facility relationship.,SYNTHETIC_DEMO
SUP00186,LOC00418,Warehouse,OWNED,MEDIUM,PROJECT_DEMO_EXPANSION,2026-09-23,Synthetic/demo relationship; not a verified facility relationship.,SYNTHETIC_DEMO
SUP00187,LOC00431,Warehouse,LEASED,HIGH,PROJECT_DEMO_EXPANSION,2026-09-23,Synthetic/demo relationship; not a verified facility relationship.,SYNTHETIC_DEMO
SUP00188,LOC00444,Factory,UNKNOWN,MEDIUM,PROJECT_DEMO_EXPANSION,2026-09-23,Synthetic/demo relationship; not a verified facility relationship.,SYNTHETIC_DEMO
SUP00189,LOC00457,Warehouse,UNKNOWN,LOW,PROJECT_DEMO_EXPANSION,2026-09-23,Synthetic/demo relationship; not a verified facility relationship.,SYNTHETIC_DEMO
SUP00190,LOC00470,Warehouse,OWNED,MEDIUM,PROJECT_DEMO_EXPANSION,2026-09-23,Synthetic/demo relationship; not a verified facility relationship.,SYNTHETIC_DEMO
SUP00191,LOC00483,Warehouse,LEASED,LOW,PROJECT_DEMO_EXPANSION,2026-09-23,Synthetic/demo relationship; not a verified facility relationship.,SYNTHETIC_DEMO
SUP00192,LOC00496,Distribution Center,UNKNOWN,HIGH,PROJECT_DEMO_EXPANSION,2026-09-23,Synthetic/demo relationship; not a verified facility relationship.,SYNTHETIC_DEMO
SUP00193,LOC00509,Factory,OWNED,MEDIUM,PROJECT_DEMO_EXPANSION,2026-09-23,Synthetic/demo relationship; not a verified facility relationship.,SYNTHETIC_DEMO
SUP00194,LOC00522,Distribution Center,UNKNOWN,MEDIUM,PROJECT_DEMO_EXPANSION,2026-09-23,Synthetic/demo relationship; not a verified facility relationship.,SYNTHETIC_DEMO
SUP00195,LOC00535,Distribution Center,LEASED,HIGH,PROJECT_DEMO_EXPANSION,2026-09-23,Synthetic/demo relationship; not a verified facility relationship.,SYNTHETIC_DEMO
SUP00196,LOC00548,Distribution Center,LEASED,HIGH,PROJECT_DEMO_EXPANSION,2026-09-23,Synthetic/demo relationship; not a verified facility relationship.,SYNTHETIC_DEMO
SUP00197,LOC00561,Factory,UNKNOWN,LOW,PROJECT_DEMO_EXPANSION,2026-09-23,Synthetic/demo relationship; not a verified facility relationship.,SYNTHETIC_DEMO
SUP00198,LOC00574,Distribution Center,UNKNOWN,HIGH,PROJECT_DEMO_EXPANSION,2026-09-23,Synthetic/demo relationship; not a verified facility relationship.,SYNTHETIC_DEMO
SUP00199,LOC00587,Distribution Center,OWNED,LOW,PROJECT_DEMO_EXPANSION,2026-09-23,Synthetic/demo relationship; not a verified facility relationship.,SYNTHETIC_DEMO
SUP00200,LOC00600,Warehouse,UNKNOWN,HIGH,PROJECT_DEMO_EXPANSION,2026-09-23,Synthetic/demo relationship; not a verified facility relationship.,SYNTHETIC_DEMO
SUP00201,LOC00613,Warehouse,OWNED,LOW,PROJECT_DEMO_EXPANSION,2026-09-23,Synthetic/demo relationship; not a verified facility relationship.,SYNTHETIC_DEMO
SUP00202,LOC00626,Factory,OWNED,HIGH,PROJECT_DEMO_EXPANSION,2026-09-23,Synthetic/demo relationship; not a verified facility relationship.,SYNTHETIC_DEMO
SUP00203,LOC00639,Warehouse,OWNED,LOW,PROJECT_DEMO_EXPANSION,2026-09-23,Synthetic/demo relationship; not a verified facility relationship.,SYNTHETIC_DEMO
SUP00204,LOC00652,Warehouse,LEASED,LOW,PROJECT_DEMO_EXPANSION,2026-09-23,Synthetic/demo relationship; not a verified facility relationship.,SYNTHETIC_DEMO
SUP00205,LOC00665,Warehouse,LEASED,HIGH,PROJECT_DEMO_EXPANSION,2026-09-23,Synthetic/demo relationship; not a verified facility relationship.,SYNTHETIC_DEMO
SUP00206,LOC00678,Warehouse,LEASED,LOW,PROJECT_DEMO_EXPANSION,2026-09-23,Synthetic/demo relationship; not a verified facility relationship.,SYNTHETIC_DEMO
SUP00207,LOC00691,Distribution Center,OWNED,MEDIUM,PROJECT_DEMO_EXPANSION,2026-09-23,Synthetic/demo relationship; not a verified facility relationship.,SYNTHETIC_DEMO
SUP00208,LOC00704,Factory,LEASED,LOW,PROJECT_DEMO_EXPANSION,2026-09-23,Synthetic/demo relationship; not a verified facility relationship.,SYNTHETIC_DEMO
SUP00209,LOC00717,Distribution Center,UNKNOWN,LOW,PROJECT_DEMO_EXPANSION,2026-09-23,Synthetic/demo relationship; not a verified facility relationship.,SYNTHETIC_DEMO
SUP00210,LOC00730,Factory,OWNED,HIGH,PROJECT_DEMO_EXPANSION,2026-09-23,Synthetic/demo relationship; not a verified facility relationship.,SYNTHETIC_DEMO
SUP00211,LOC00743,Warehouse,UNKNOWN,HIGH,PROJECT_DEMO_EXPANSION,2026-09-23,Synthetic/demo relationship; not a verified facility relationship.,SYNTHETIC_DEMO
SUP00212,LOC00756,Warehouse,LEASED,LOW,PROJECT_DEMO_EXPANSION,2026-09-23,Synthetic/demo relationship; not a verified facility relationship.,SYNTHETIC_DEMO
SUP00213,LOC00769,Warehouse,LEASED,HIGH,PROJECT_DEMO_EXPANSION,2026-09-23,Synthetic/demo relationship; not a verified facility relationship.,SYNTHETIC_DEMO
SUP00214,LOC00782,Distribution Center,UNKNOWN,LOW,PROJECT_DEMO_EXPANSION,2026-09-23,Synthetic/demo relationship; not a verified facility relationship.,SYNTHETIC_DEMO
SUP00215,LOC00795,Warehouse,LEASED,HIGH,PROJECT_DEMO_EXPANSION,2026-09-23,Synthetic/demo relationship; not a verified facility relationship.,SYNTHETIC_DEMO
SUP00216,LOC00808,Warehouse,LEASED,HIGH,PROJECT_DEMO_EXPANSION,2026-09-23,Synthetic/demo relationship; not a verified facility relationship.,SYNTHETIC_DEMO
SUP00217,LOC00821,Factory,LEASED,HIGH,PROJECT_DEMO_EXPANSION,2026-09-23,Synthetic/demo relationship; not a verified facility relationship.,SYNTHETIC_DEMO
SUP00218,LOC00834,Factory,LEASED,LOW,PROJECT_DEMO_EXPANSION,2026-09-23,Synthetic/demo relationship; not a verified facility relationship.,SYNTHETIC_DEMO
SUP00219,LOC00847,Factory,UNKNOWN,HIGH,PROJECT_DEMO_EXPANSION,2026-09-23,Synthetic/demo relationship; not a verified facility relationship.,SYNTHETIC_DEMO
SUP00220,LOC00860,Factory,UNKNOWN,HIGH,PROJECT_DEMO_EXPANSION,2026-09-23,Synthetic/demo relationship; not a verified facility relationship.,SYNTHETIC_DEMO
SUP00221,LOC00873,Warehouse,OWNED,LOW,PROJECT_DEMO_EXPANSION,2026-09-23,Synthetic/demo relationship; not a verified facility relationship.,SYNTHETIC_DEMO
SUP00222,LOC00886,Factory,UNKNOWN,LOW,PROJECT_DEMO_EXPANSION,2026-09-23,Synthetic/demo relationship; not a verified facility relationship.,SYNTHETIC_DEMO
SUP00223,LOC00899,Factory,OWNED,LOW,PROJECT_DEMO_EXPANSION,2026-09-23,Synthetic/demo relationship; not a verified facility relationship.,SYNTHETIC_DEMO
SUP00224,LOC00912,Distribution Center,UNKNOWN,MEDIUM,PROJECT_DEMO_EXPANSION,2026-09-23,Synthetic/demo relationship; not a verified facility relationship.,SYNTHETIC_DEMO
SUP00225,LOC00925,Warehouse,UNKNOWN,MEDIUM,PROJECT_DEMO_EXPANSION,2026-09-23,Synthetic/demo relationship; not a verified facility relationship.,SYNTHETIC_DEMO
SUP00226,LOC00938,Factory,OWNED,MEDIUM,PROJECT_DEMO_EXPANSION,2026-09-23,Synthetic/demo relationship; not a verified facility relationship.,SYNTHETIC_DEMO
SUP00227,LOC00951,Factory,LEASED,MEDIUM,PROJECT_DEMO_EXPANSION,2026-09-23,Synthetic/demo relationship; not a verified facility relationship.,SYNTHETIC_DEMO
SUP00228,LOC00964,Warehouse,UNKNOWN,HIGH,PROJECT_DEMO_EXPANSION,2026-09-23,Synthetic/demo relationship; not a verified facility relationship.,SYNTHETIC_DEMO
SUP00229,LOC00977,Warehouse,OWNED,MEDIUM,PROJECT_DEMO_EXPANSION,2026-09-23,Synthetic/demo relationship; not a verified facility relationship.,SYNTHETIC_DEMO
SUP00230,LOC00990,Warehouse,LEASED,LOW,PROJECT_DEMO_EXPANSION,2026-09-23,Synthetic/demo relationship; not a verified facility relationship.,SYNTHETIC_DEMO
SUP00231,LOC00003,Factory,LEASED,LOW,PROJECT_DEMO_EXPANSION,2026-09-23,Synthetic/demo relationship; not a verified facility relationship.,SYNTHETIC_DEMO
SUP00232,LOC00016,Warehouse,LEASED,HIGH,PROJECT_DEMO_EXPANSION,2026-09-23,Synthetic/demo relationship; not a verified facility relationship.,SYNTHETIC_DEMO
SUP00233,LOC00029,Factory,LEASED,LOW,PROJECT_DEMO_EXPANSION,2026-09-23,Synthetic/demo relationship; not a verified facility relationship.,SYNTHETIC_DEMO
SUP00234,LOC00042,Warehouse,UNKNOWN,MEDIUM,PROJECT_DEMO_EXPANSION,2026-09-23,Synthetic/demo relationship; not a verified facility relationship.,SYNTHETIC_DEMO
SUP00235,LOC00055,Warehouse,UNKNOWN,LOW,PROJECT_DEMO_EXPANSION,2026-09-23,Synthetic/demo relationship; not a verified facility relationship.,SYNTHETIC_DEMO
SUP00236,LOC00068,Distribution Center,OWNED,HIGH,PROJECT_DEMO_EXPANSION,2026-09-23,Synthetic/demo relationship; not a verified facility relationship.,SYNTHETIC_DEMO
SUP00237,LOC00081,Warehouse,UNKNOWN,MEDIUM,PROJECT_DEMO_EXPANSION,2026-09-23,Synthetic/demo relationship; not a verified facility relationship.,SYNTHETIC_DEMO
SUP00238,LOC00094,Warehouse,UNKNOWN,HIGH,PROJECT_DEMO_EXPANSION,2026-09-23,Synthetic/demo relationship; not a verified facility relationship.,SYNTHETIC_DEMO
SUP00239,LOC00107,Distribution Center,OWNED,MEDIUM,PROJECT_DEMO_EXPANSION,2026-09-23,Synthetic/demo relationship; not a verified facility relationship.,SYNTHETIC_DEMO
SUP00240,LOC00120,Factory,OWNED,HIGH,PROJECT_DEMO_EXPANSION,2026-09-23,Synthetic/demo relationship; not a verified facility relationship.,SYNTHETIC_DEMO
SUP00241,LOC00133,Distribution Center,LEASED,LOW,PROJECT_DEMO_EXPANSION,2026-09-23,Synthetic/demo relationship; not a verified facility relationship.,SYNTHETIC_DEMO
SUP00242,LOC00146,Warehouse,OWNED,LOW,PROJECT_DEMO_EXPANSION,2026-09-23,Synthetic/demo relationship; not a verified facility relationship.,SYNTHETIC_DEMO
SUP00243,LOC00159,Warehouse,UNKNOWN,LOW,PROJECT_DEMO_EXPANSION,2026-09-23,Synthetic/demo relationship; not a verified facility relationship.,SYNTHETIC_DEMO
SUP00244,LOC00172,Distribution Center,UNKNOWN,LOW,PROJECT_DEMO_EXPANSION,2026-09-23,Synthetic/demo relationship; not a verified facility relationship.,SYNTHETIC_DEMO
SUP00245,LOC00185,Distribution Center,OWNED,LOW,PROJECT_DEMO_EXPANSION,2026-09-23,Synthetic/demo relationship; not a verified facility relationship.,SYNTHETIC_DEMO
SUP00246,LOC00198,Factory,UNKNOWN,MEDIUM,PROJECT_DEMO_EXPANSION,2026-09-23,Synthetic/demo relationship; not a verified facility relationship.,SYNTHETIC_DEMO
SUP00247,LOC00211,Distribution Center,OWNED,LOW,PROJECT_DEMO_EXPANSION,2026-09-23,Synthetic/demo relationship; not a verified facility relationship.,SYNTHETIC_DEMO
SUP00248,LOC00224,Factory,OWNED,MEDIUM,PROJECT_DEMO_EXPANSION,2026-09-23,Synthetic/demo relationship; not a verified facility relationship.,SYNTHETIC_DEMO
SUP00249,LOC00237,Distribution Center,LEASED,LOW,PROJECT_DEMO_EXPANSION,2026-09-23,Synthetic/demo relationship; not a verified facility relationship.,SYNTHETIC_DEMO
SUP00250,LOC00250,Distribution Center,LEASED,LOW,PROJECT_DEMO_EXPANSION,2026-09-23,Synthetic/demo relationship; not a verified facility relationship.,SYNTHETIC_DEMO
SUP00251,LOC00263,Distribution Center,UNKNOWN,MEDIUM,PROJECT_DEMO_EXPANSION,2026-09-23,Synthetic/demo relationship; not a verified facility relationship.,SYNTHETIC_DEMO
SUP00252,LOC00276,Distribution Center,OWNED,LOW,PROJECT_DEMO_EXPANSION,2026-09-23,Synthetic/demo relationship; not a verified facility relationship.,SYNTHETIC_DEMO
SUP00253,LOC00289,Distribution Center,OWNED,HIGH,PROJECT_DEMO_EXPANSION,2026-09-23,Synthetic/demo relationship; not a verified facility relationship.,SYNTHETIC_DEMO
SUP00254,LOC00302,Factory,LEASED,MEDIUM,PROJECT_DEMO_EXPANSION,2026-09-23,Synthetic/demo relationship; not a verified facility relationship.,SYNTHETIC_DEMO
SUP00255,LOC00315,Distribution Center,LEASED,LOW,PROJECT_DEMO_EXPANSION,2026-09-23,Synthetic/demo relationship; not a verified facility relationship.,SYNTHETIC_DEMO
SUP00256,LOC00328,Warehouse,UNKNOWN,HIGH,PROJECT_DEMO_EXPANSION,2026-09-23,Synthetic/demo relationship; not a verified facility relationship.,SYNTHETIC_DEMO
SUP00257,LOC00341,Distribution Center,LEASED,LOW,PROJECT_DEMO_EXPANSION,2026-09-23,Synthetic/demo relationship; not a verified facility relationship.,SYNTHETIC_DEMO
SUP00258,LOC00354,Distribution Center,UNKNOWN,HIGH,PROJECT_DEMO_EXPANSION,2026-09-23,Synthetic/demo relationship; not a verified facility relationship.,SYNTHETIC_DEMO
SUP00259,LOC00367,Factory,UNKNOWN,LOW,PROJECT_DEMO_EXPANSION,2026-09-23,Synthetic/demo relationship; not a verified facility relationship.,SYNTHETIC_DEMO
SUP00260,LOC00380,Warehouse,LEASED,HIGH,PROJECT_DEMO_EXPANSION,2026-09-23,Synthetic/demo relationship; not a verified facility relationship.,SYNTHETIC_DEMO
SUP00261,LOC00393,Distribution Center,LEASED,MEDIUM,PROJECT_DEMO_EXPANSION,2026-09-23,Synthetic/demo relationship; not a verified facility relationship.,SYNTHETIC_DEMO
SUP00262,LOC00406,Distribution Center,UNKNOWN,MEDIUM,PROJECT_DEMO_EXPANSION,2026-09-23,Synthetic/demo relationship; not a verified facility relationship.,SYNTHETIC_DEMO
SUP00263,LOC00419,Distribution Center,LEASED,HIGH,PROJECT_DEMO_EXPANSION,2026-09-23,Synthetic/demo relationship; not a verified facility relationship.,SYNTHETIC_DEMO
SUP00264,LOC00432,Factory,LEASED,MEDIUM,PROJECT_DEMO_EXPANSION,2026-09-23,Synthetic/demo relationship; not a verified facility relationship.,SYNTHETIC_DEMO
SUP00265,LOC00445,Warehouse,LEASED,LOW,PROJECT_DEMO_EXPANSION,2026-09-23,Synthetic/demo relationship; not a verified facility relationship.,SYNTHETIC_DEMO
SUP00266,LOC00458,Distribution Center,LEASED,LOW,PROJECT_DEMO_EXPANSION,2026-09-23,Synthetic/demo relationship; not a verified facility relationship.,SYNTHETIC_DEMO
SUP00267,LOC00471,Distribution Center,UNKNOWN,LOW,PROJECT_DEMO_EXPANSION,2026-09-23,Synthetic/demo relationship; not a verified facility relationship.,SYNTHETIC_DEMO
SUP00268,LOC00484,Distribution Center,LEASED,HIGH,PROJECT_DEMO_EXPANSION,2026-09-23,Synthetic/demo relationship; not a verified facility relationship.,SYNTHETIC_DEMO
SUP00269,LOC00497,Distribution Center,UNKNOWN,HIGH,PROJECT_DEMO_EXPANSION,2026-09-23,Synthetic/demo relationship; not a verified facility relationship.,SYNTHETIC_DEMO
SUP00270,LOC00510,Warehouse,UNKNOWN,HIGH,PROJECT_DEMO_EXPANSION,2026-09-23,Synthetic/demo relationship; not a verified facility relationship.,SYNTHETIC_DEMO
SUP00271,LOC00523,Factory,UNKNOWN,LOW,PROJECT_DEMO_EXPANSION,2026-09-23,Synthetic/demo relationship; not a verified facility relationship.,SYNTHETIC_DEMO
SUP00272,LOC00536,Warehouse,UNKNOWN,HIGH,PROJECT_DEMO_EXPANSION,2026-09-23,Synthetic/demo relationship; not a verified facility relationship.,SYNTHETIC_DEMO
SUP00273,LOC00549,Factory,OWNED,HIGH,PROJECT_DEMO_EXPANSION,2026-09-23,Synthetic/demo relationship; not a verified facility relationship.,SYNTHETIC_DEMO
SUP00274,LOC00562,Factory,OWNED,LOW,PROJECT_DEMO_EXPANSION,2026-09-23,Synthetic/demo relationship; not a verified facility relationship.,SYNTHETIC_DEMO
SUP00275,LOC00575,Factory,UNKNOWN,HIGH,PROJECT_DEMO_EXPANSION,2026-09-23,Synthetic/demo relationship; not a verified facility relationship.,SYNTHETIC_DEMO
SUP00276,LOC00588,Warehouse,UNKNOWN,LOW,PROJECT_DEMO_EXPANSION,2026-09-23,Synthetic/demo relationship; not a verified facility relationship.,SYNTHETIC_DEMO
SUP00277,LOC00601,Warehouse,OWNED,HIGH,PROJECT_DEMO_EXPANSION,2026-09-23,Synthetic/demo relationship; not a verified facility relationship.,SYNTHETIC_DEMO
SUP00278,LOC00614,Distribution Center,OWNED,LOW,PROJECT_DEMO_EXPANSION,2026-09-23,Synthetic/demo relationship; not a verified facility relationship.,SYNTHETIC_DEMO
SUP00279,LOC00627,Factory,UNKNOWN,LOW,PROJECT_DEMO_EXPANSION,2026-09-23,Synthetic/demo relationship; not a verified facility relationship.,SYNTHETIC_DEMO
SUP00280,LOC00640,Warehouse,LEASED,MEDIUM,PROJECT_DEMO_EXPANSION,2026-09-23,Synthetic/demo relationship; not a verified facility relationship.,SYNTHETIC_DEMO
SUP00281,LOC00653,Warehouse,OWNED,MEDIUM,PROJECT_DEMO_EXPANSION,2026-09-23,Synthetic/demo relationship; not a verified facility relationship.,SYNTHETIC_DEMO
SUP00282,LOC00666,Factory,LEASED,LOW,PROJECT_DEMO_EXPANSION,2026-09-23,Synthetic/demo relationship; not a verified facility relationship.,SYNTHETIC_DEMO
SUP00283,LOC00679,Warehouse,OWNED,MEDIUM,PROJECT_DEMO_EXPANSION,2026-09-23,Synthetic/demo relationship; not a verified facility relationship.,SYNTHETIC_DEMO
SUP00284,LOC00692,Warehouse,LEASED,LOW,PROJECT_DEMO_EXPANSION,2026-09-23,Synthetic/demo relationship; not a verified facility relationship.,SYNTHETIC_DEMO
SUP00285,LOC00705,Factory,UNKNOWN,MEDIUM,PROJECT_DEMO_EXPANSION,2026-09-23,Synthetic/demo relationship; not a verified facility relationship.,SYNTHETIC_DEMO
SUP00286,LOC00718,Warehouse,UNKNOWN,HIGH,PROJECT_DEMO_EXPANSION,2026-09-23,Synthetic/demo relationship; not a verified facility relationship.,SYNTHETIC_DEMO
SUP00287,LOC00731,Distribution Center,OWNED,HIGH,PROJECT_DEMO_EXPANSION,2026-09-23,Synthetic/demo relationship; not a verified facility relationship.,SYNTHETIC_DEMO
SUP00288,LOC00744,Factory,UNKNOWN,MEDIUM,PROJECT_DEMO_EXPANSION,2026-09-23,Synthetic/demo relationship; not a verified facility relationship.,SYNTHETIC_DEMO
SUP00289,LOC00757,Distribution Center,OWNED,HIGH,PROJECT_DEMO_EXPANSION,2026-09-23,Synthetic/demo relationship; not a verified facility relationship.,SYNTHETIC_DEMO
SUP00290,LOC00770,Factory,OWNED,MEDIUM,PROJECT_DEMO_EXPANSION,2026-09-23,Synthetic/demo relationship; not a verified facility relationship.,SYNTHETIC_DEMO
SUP00291,LOC00783,Warehouse,LEASED,LOW,PROJECT_DEMO_EXPANSION,2026-09-23,Synthetic/demo relationship; not a verified facility relationship.,SYNTHETIC_DEMO
SUP00292,LOC00796,Warehouse,OWNED,MEDIUM,PROJECT_DEMO_EXPANSION,2026-09-23,Synthetic/demo relationship; not a verified facility relationship.,SYNTHETIC_DEMO
SUP00293,LOC00809,Distribution Center,OWNED,LOW,PROJECT_DEMO_EXPANSION,2026-09-23,Synthetic/demo relationship; not a verified facility relationship.,SYNTHETIC_DEMO
SUP00294,LOC00822,Distribution Center,LEASED,LOW,PROJECT_DEMO_EXPANSION,2026-09-23,Synthetic/demo relationship; not a verified facility relationship.,SYNTHETIC_DEMO
SUP00295,LOC00835,Distribution Center,LEASED,MEDIUM,PROJECT_DEMO_EXPANSION,2026-09-23,Synthetic/demo relationship; not a verified facility relationship.,SYNTHETIC_DEMO
SUP00296,LOC00848,Warehouse,UNKNOWN,LOW,PROJECT_DEMO_EXPANSION,2026-09-23,Synthetic/demo relationship; not a verified facility relationship.,SYNTHETIC_DEMO
SUP00297,LOC00861,Warehouse,LEASED,MEDIUM,PROJECT_DEMO_EXPANSION,2026-09-23,Synthetic/demo relationship; not a verified facility relationship.,SYNTHETIC_DEMO
SUP00298,LOC00874,Warehouse,LEASED,LOW,PROJECT_DEMO_EXPANSION,2026-09-23,Synthetic/demo relationship; not a verified facility relationship.,SYNTHETIC_DEMO
SUP00299,LOC00887,Distribution Center,UNKNOWN,HIGH,PROJECT_DEMO_EXPANSION,2026-09-23,Synthetic/demo relationship; not a verified facility relationship.,SYNTHETIC_DEMO
SUP00300,LOC00900,Distribution Center,OWNED,HIGH,PROJECT_DEMO_EXPANSION,2026-09-23,Synthetic/demo relationship; not a verified facility relationship.,SYNTHETIC_DEMO
SUP00301,LOC00913,Warehouse,LEASED,HIGH,PROJECT_DEMO_EXPANSION,2026-09-23,Synthetic/demo relationship; not a verified facility relationship.,SYNTHETIC_DEMO
SUP00302,LOC00926,Factory,LEASED,HIGH,PROJECT_DEMO_EXPANSION,2026-09-23,Synthetic/demo relationship; not a verified facility relationship.,SYNTHETIC_DEMO
SUP00303,LOC00939,Distribution Center,OWNED,MEDIUM,PROJECT_DEMO_EXPANSION,2026-09-23,Synthetic/demo relationship; not a verified facility relationship.,SYNTHETIC_DEMO
SUP00304,LOC00952,Factory,OWNED,LOW,PROJECT_DEMO_EXPANSION,2026-09-23,Synthetic/demo relationship; not a verified facility relationship.,SYNTHETIC_DEMO
SUP00305,LOC00965,Factory,LEASED,LOW,PROJECT_DEMO_EXPANSION,2026-09-23,Synthetic/demo relationship; not a verified facility relationship.,SYNTHETIC_DEMO
SUP00306,LOC00978,Factory,OWNED,LOW,PROJECT_DEMO_EXPANSION,2026-09-23,Synthetic/demo relationship; not a verified facility relationship.,SYNTHETIC_DEMO
SUP00307,LOC00991,Warehouse,UNKNOWN,LOW,PROJECT_DEMO_EXPANSION,2026-09-23,Synthetic/demo relationship; not a verified facility relationship.,SYNTHETIC_DEMO
SUP00308,LOC00004,Distribution Center,UNKNOWN,LOW,PROJECT_DEMO_EXPANSION,2026-09-23,Synthetic/demo relationship; not a verified facility relationship.,SYNTHETIC_DEMO
SUP00309,LOC00017,Distribution Center,UNKNOWN,LOW,PROJECT_DEMO_EXPANSION,2026-09-23,Synthetic/demo relationship; not a verified facility relationship.,SYNTHETIC_DEMO
SUP00310,LOC00030,Warehouse,UNKNOWN,MEDIUM,PROJECT_DEMO_EXPANSION,2026-09-23,Synthetic/demo relationship; not a verified facility relationship.,SYNTHETIC_DEMO
SUP00311,LOC00043,Distribution Center,LEASED,MEDIUM,PROJECT_DEMO_EXPANSION,2026-09-23,Synthetic/demo relationship; not a verified facility relationship.,SYNTHETIC_DEMO
SUP00312,LOC00056,Factory,UNKNOWN,MEDIUM,PROJECT_DEMO_EXPANSION,2026-09-23,Synthetic/demo relationship; not a verified facility relationship.,SYNTHETIC_DEMO
SUP00313,LOC00069,Warehouse,LEASED,HIGH,PROJECT_DEMO_EXPANSION,2026-09-23,Synthetic/demo relationship; not a verified facility relationship.,SYNTHETIC_DEMO
SUP00314,LOC00082,Distribution Center,OWNED,LOW,PROJECT_DEMO_EXPANSION,2026-09-23,Synthetic/demo relationship; not a verified facility relationship.,SYNTHETIC_DEMO
SUP00315,LOC00095,Warehouse,LEASED,LOW,PROJECT_DEMO_EXPANSION,2026-09-23,Synthetic/demo relationship; not a verified facility relationship.,SYNTHETIC_DEMO
SUP00316,LOC00108,Warehouse,UNKNOWN,LOW,PROJECT_DEMO_EXPANSION,2026-09-23,Synthetic/demo relationship; not a verified facility relationship.,SYNTHETIC_DEMO
SUP00317,LOC00121,Distribution Center,LEASED,LOW,PROJECT_DEMO_EXPANSION,2026-09-23,Synthetic/demo relationship; not a verified facility relationship.,SYNTHETIC_DEMO
SUP00318,LOC00134,Warehouse,OWNED,LOW,PROJECT_DEMO_EXPANSION,2026-09-23,Synthetic/demo relationship; not a verified facility relationship.,SYNTHETIC_DEMO
SUP00319,LOC00147,Distribution Center,UNKNOWN,MEDIUM,PROJECT_DEMO_EXPANSION,2026-09-23,Synthetic/demo relationship; not a verified facility relationship.,SYNTHETIC_DEMO
SUP00320,LOC00160,Factory,LEASED,MEDIUM,PROJECT_DEMO_EXPANSION,2026-09-23,Synthetic/demo relationship; not a verified facility relationship.,SYNTHETIC_DEMO
SUP00321,LOC00173,Factory,UNKNOWN,LOW,PROJECT_DEMO_EXPANSION,2026-09-23,Synthetic/demo relationship; not a verified facility relationship.,SYNTHETIC_DEMO
SUP00322,LOC00186,Factory,LEASED,HIGH,PROJECT_DEMO_EXPANSION,2026-09-23,Synthetic/demo relationship; not a verified facility relationship.,SYNTHETIC_DEMO
SUP00323,LOC00199,Warehouse,LEASED,HIGH,PROJECT_DEMO_EXPANSION,2026-09-23,Synthetic/demo relationship; not a verified facility relationship.,SYNTHETIC_DEMO
SUP00324,LOC00212,Factory,LEASED,LOW,PROJECT_DEMO_EXPANSION,2026-09-23,Synthetic/demo relationship; not a verified facility relationship.,SYNTHETIC_DEMO
SUP00325,LOC00225,Factory,UNKNOWN,LOW,PROJECT_DEMO_EXPANSION,2026-09-23,Synthetic/demo relationship; not a verified facility relationship.,SYNTHETIC_DEMO
SUP00326,LOC00238,Distribution Center,UNKNOWN,HIGH,PROJECT_DEMO_EXPANSION,2026-09-23,Synthetic/demo relationship; not a verified facility relationship.,SYNTHETIC_DEMO
SUP00327,LOC00251,Warehouse,OWNED,MEDIUM,PROJECT_DEMO_EXPANSION,2026-09-23,Synthetic/demo relationship; not a verified facility relationship.,SYNTHETIC_DEMO
SUP00328,LOC00264,Factory,UNKNOWN,LOW,PROJECT_DEMO_EXPANSION,2026-09-23,Synthetic/demo relationship; not a verified facility relationship.,SYNTHETIC_DEMO
SUP00329,LOC00277,Distribution Center,OWNED,LOW,PROJECT_DEMO_EXPANSION,2026-09-23,Synthetic/demo relationship; not a verified facility relationship.,SYNTHETIC_DEMO
SUP00330,LOC00290,Distribution Center,UNKNOWN,MEDIUM,PROJECT_DEMO_EXPANSION,2026-09-23,Synthetic/demo relationship; not a verified facility relationship.,SYNTHETIC_DEMO
SUP00331,LOC00303,Factory,LEASED,LOW,PROJECT_DEMO_EXPANSION,2026-09-23,Synthetic/demo relationship; not a verified facility relationship.,SYNTHETIC_DEMO
SUP00332,LOC00316,Distribution Center,LEASED,HIGH,PROJECT_DEMO_EXPANSION,2026-09-23,Synthetic/demo relationship; not a verified facility relationship.,SYNTHETIC_DEMO
SUP00333,LOC00329,Warehouse,UNKNOWN,MEDIUM,PROJECT_DEMO_EXPANSION,2026-09-23,Synthetic/demo relationship; not a verified facility relationship.,SYNTHETIC_DEMO
SUP00334,LOC00342,Warehouse,OWNED,LOW,PROJECT_DEMO_EXPANSION,2026-09-23,Synthetic/demo relationship; not a verified facility relationship.,SYNTHETIC_DEMO
SUP00335,LOC00355,Distribution Center,LEASED,MEDIUM,PROJECT_DEMO_EXPANSION,2026-09-23,Synthetic/demo relationship; not a verified facility relationship.,SYNTHETIC_DEMO
SUP00336,LOC00368,Factory,UNKNOWN,MEDIUM,PROJECT_DEMO_EXPANSION,2026-09-23,Synthetic/demo relationship; not a verified facility relationship.,SYNTHETIC_DEMO
SUP00337,LOC00381,Distribution Center,UNKNOWN,HIGH,PROJECT_DEMO_EXPANSION,2026-09-23,Synthetic/demo relationship; not a verified facility relationship.,SYNTHETIC_DEMO
SUP00338,LOC00394,Distribution Center,OWNED,MEDIUM,PROJECT_DEMO_EXPANSION,2026-09-23,Synthetic/demo relationship; not a verified facility relationship.,SYNTHETIC_DEMO
SUP00339,LOC00407,Factory,OWNED,LOW,PROJECT_DEMO_EXPANSION,2026-09-23,Synthetic/demo relationship; not a verified facility relationship.,SYNTHETIC_DEMO
SUP00340,LOC00420,Warehouse,LEASED,HIGH,PROJECT_DEMO_EXPANSION,2026-09-23,Synthetic/demo relationship; not a verified facility relationship.,SYNTHETIC_DEMO
SUP00341,LOC00433,Distribution Center,OWNED,MEDIUM,PROJECT_DEMO_EXPANSION,2026-09-23,Synthetic/demo relationship; not a verified facility relationship.,SYNTHETIC_DEMO
SUP00342,LOC00446,Distribution Center,UNKNOWN,MEDIUM,PROJECT_DEMO_EXPANSION,2026-09-23,Synthetic/demo relationship; not a verified facility relationship.,SYNTHETIC_DEMO
SUP00343,LOC00459,Factory,UNKNOWN,HIGH,PROJECT_DEMO_EXPANSION,2026-09-23,Synthetic/demo relationship; not a verified facility relationship.,SYNTHETIC_DEMO
SUP00344,LOC00472,Factory,OWNED,HIGH,PROJECT_DEMO_EXPANSION,2026-09-23,Synthetic/demo relationship; not a verified facility relationship.,SYNTHETIC_DEMO
SUP00345,LOC00485,Warehouse,LEASED,HIGH,PROJECT_DEMO_EXPANSION,2026-09-23,Synthetic/demo relationship; not a verified facility relationship.,SYNTHETIC_DEMO
SUP00346,LOC00498,Factory,OWNED,LOW,PROJECT_DEMO_EXPANSION,2026-09-23,Synthetic/demo relationship; not a verified facility relationship.,SYNTHETIC_DEMO
SUP00347,LOC00511,Factory,UNKNOWN,LOW,PROJECT_DEMO_EXPANSION,2026-09-23,Synthetic/demo relationship; not a verified facility relationship.,SYNTHETIC_DEMO
SUP00348,LOC00524,Distribution Center,LEASED,MEDIUM,PROJECT_DEMO_EXPANSION,2026-09-23,Synthetic/demo relationship; not a verified facility relationship.,SYNTHETIC_DEMO
SUP00349,LOC00537,Factory,UNKNOWN,LOW,PROJECT_DEMO_EXPANSION,2026-09-23,Synthetic/demo relationship; not a verified facility relationship.,SYNTHETIC_DEMO
SUP00350,LOC00550,Warehouse,LEASED,MEDIUM,PROJECT_DEMO_EXPANSION,2026-09-23,Synthetic/demo relationship; not a verified facility relationship.,SYNTHETIC_DEMO
SUP00351,LOC00563,Distribution Center,UNKNOWN,HIGH,PROJECT_DEMO_EXPANSION,2026-09-23,Synthetic/demo relationship; not a verified facility relationship.,SYNTHETIC_DEMO
SUP00352,LOC00576,Factory,OWNED,MEDIUM,PROJECT_DEMO_EXPANSION,2026-09-23,Synthetic/demo relationship; not a verified facility relationship.,SYNTHETIC_DEMO
SUP00353,LOC00589,Factory,LEASED,MEDIUM,PROJECT_DEMO_EXPANSION,2026-09-23,Synthetic/demo relationship; not a verified facility relationship.,SYNTHETIC_DEMO
SUP00354,LOC00602,Factory,OWNED,MEDIUM,PROJECT_DEMO_EXPANSION,2026-09-23,Synthetic/demo relationship; not a verified facility relationship.,SYNTHETIC_DEMO
SUP00355,LOC00615,Factory,LEASED,HIGH,PROJECT_DEMO_EXPANSION,2026-09-23,Synthetic/demo relationship; not a verified facility relationship.,SYNTHETIC_DEMO
SUP00356,LOC00628,Warehouse,OWNED,MEDIUM,PROJECT_DEMO_EXPANSION,2026-09-23,Synthetic/demo relationship; not a verified facility relationship.,SYNTHETIC_DEMO
SUP00357,LOC00641,Distribution Center,UNKNOWN,MEDIUM,PROJECT_DEMO_EXPANSION,2026-09-23,Synthetic/demo relationship; not a verified facility relationship.,SYNTHETIC_DEMO
SUP00358,LOC00654,Warehouse,UNKNOWN,HIGH,PROJECT_DEMO_EXPANSION,2026-09-23,Synthetic/demo relationship; not a verified facility relationship.,SYNTHETIC_DEMO
SUP00359,LOC00667,Distribution Center,LEASED,LOW,PROJECT_DEMO_EXPANSION,2026-09-23,Synthetic/demo relationship; not a verified facility relationship.,SYNTHETIC_DEMO
SUP00360,LOC00680,Factory,UNKNOWN,LOW,PROJECT_DEMO_EXPANSION,2026-09-23,Synthetic/demo relationship; not a verified facility relationship.,SYNTHETIC_DEMO
SUP00361,LOC00693,Distribution Center,OWNED,LOW,PROJECT_DEMO_EXPANSION,2026-09-23,Synthetic/demo relationship; not a verified facility relationship.,SYNTHETIC_DEMO
SUP00362,LOC00706,Factory,UNKNOWN,MEDIUM,PROJECT_DEMO_EXPANSION,2026-09-23,Synthetic/demo relationship; not a verified facility relationship.,SYNTHETIC_DEMO
SUP00363,LOC00719,Factory,OWNED,MEDIUM,PROJECT_DEMO_EXPANSION,2026-09-23,Synthetic/demo relationship; not a verified facility relationship.,SYNTHETIC_DEMO
SUP00364,LOC00732,Distribution Center,UNKNOWN,MEDIUM,PROJECT_DEMO_EXPANSION,2026-09-23,Synthetic/demo relationship; not a verified facility relationship.,SYNTHETIC_DEMO
SUP00365,LOC00745,Factory,LEASED,MEDIUM,PROJECT_DEMO_EXPANSION,2026-09-23,Synthetic/demo relationship; not a verified facility relationship.,SYNTHETIC_DEMO
SUP00366,LOC00758,Warehouse,UNKNOWN,HIGH,PROJECT_DEMO_EXPANSION,2026-09-23,Synthetic/demo relationship; not a verified facility relationship.,SYNTHETIC_DEMO
SUP00367,LOC00771,Factory,UNKNOWN,LOW,PROJECT_DEMO_EXPANSION,2026-09-23,Synthetic/demo relationship; not a verified facility relationship.,SYNTHETIC_DEMO
SUP00368,LOC00784,Warehouse,LEASED,MEDIUM,PROJECT_DEMO_EXPANSION,2026-09-23,Synthetic/demo relationship; not a verified facility relationship.,SYNTHETIC_DEMO
SUP00369,LOC00797,Distribution Center,UNKNOWN,HIGH,PROJECT_DEMO_EXPANSION,2026-09-23,Synthetic/demo relationship; not a verified facility relationship.,SYNTHETIC_DEMO
SUP00370,LOC00810,Distribution Center,UNKNOWN,MEDIUM,PROJECT_DEMO_EXPANSION,2026-09-23,Synthetic/demo relationship; not a verified facility relationship.,SYNTHETIC_DEMO
SUP00371,LOC00823,Distribution Center,UNKNOWN,LOW,PROJECT_DEMO_EXPANSION,2026-09-23,Synthetic/demo relationship; not a verified facility relationship.,SYNTHETIC_DEMO
SUP00372,LOC00836,Warehouse,LEASED,HIGH,PROJECT_DEMO_EXPANSION,2026-09-23,Synthetic/demo relationship; not a verified facility relationship.,SYNTHETIC_DEMO
SUP00373,LOC00849,Factory,OWNED,MEDIUM,PROJECT_DEMO_EXPANSION,2026-09-23,Synthetic/demo relationship; not a verified facility relationship.,SYNTHETIC_DEMO
SUP00374,LOC00862,Factory,OWNED,MEDIUM,PROJECT_DEMO_EXPANSION,2026-09-23,Synthetic/demo relationship; not a verified facility relationship.,SYNTHETIC_DEMO
SUP00375,LOC00875,Distribution Center,LEASED,LOW,PROJECT_DEMO_EXPANSION,2026-09-23,Synthetic/demo relationship; not a verified facility relationship.,SYNTHETIC_DEMO
SUP00376,LOC00888,Distribution Center,UNKNOWN,MEDIUM,PROJECT_DEMO_EXPANSION,2026-09-23,Synthetic/demo relationship; not a verified facility relationship.,SYNTHETIC_DEMO
SUP00377,LOC00901,Distribution Center,OWNED,LOW,PROJECT_DEMO_EXPANSION,2026-09-23,Synthetic/demo relationship; not a verified facility relationship.,SYNTHETIC_DEMO
SUP00378,LOC00914,Factory,LEASED,HIGH,PROJECT_DEMO_EXPANSION,2026-09-23,Synthetic/demo relationship; not a verified facility relationship.,SYNTHETIC_DEMO
SUP00379,LOC00927,Factory,LEASED,MEDIUM,PROJECT_DEMO_EXPANSION,2026-09-23,Synthetic/demo relationship; not a verified facility relationship.,SYNTHETIC_DEMO
SUP00380,LOC00940,Factory,UNKNOWN,LOW,PROJECT_DEMO_EXPANSION,2026-09-23,Synthetic/demo relationship; not a verified facility relationship.,SYNTHETIC_DEMO
SUP00381,LOC00953,Factory,UNKNOWN,HIGH,PROJECT_DEMO_EXPANSION,2026-09-23,Synthetic/demo relationship; not a verified facility relationship.,SYNTHETIC_DEMO
SUP00382,LOC00966,Warehouse,UNKNOWN,HIGH,PROJECT_DEMO_EXPANSION,2026-09-23,Synthetic/demo relationship; not a verified facility relationship.,SYNTHETIC_DEMO
SUP00383,LOC00979,Factory,UNKNOWN,MEDIUM,PROJECT_DEMO_EXPANSION,2026-09-23,Synthetic/demo relationship; not a verified facility relationship.,SYNTHETIC_DEMO
SUP00384,LOC00992,Warehouse,UNKNOWN,HIGH,PROJECT_DEMO_EXPANSION,2026-09-23,Synthetic/demo relationship; not a verified facility relationship.,SYNTHETIC_DEMO
SUP00385,LOC00005,Distribution Center,LEASED,LOW,PROJECT_DEMO_EXPANSION,2026-09-23,Synthetic/demo relationship; not a verified facility relationship.,SYNTHETIC_DEMO
SUP00386,LOC00018,Warehouse,OWNED,MEDIUM,PROJECT_DEMO_EXPANSION,2026-09-23,Synthetic/demo relationship; not a verified facility relationship.,SYNTHETIC_DEMO
SUP00387,LOC00031,Factory,LEASED,HIGH,PROJECT_DEMO_EXPANSION,2026-09-23,Synthetic/demo relationship; not a verified facility relationship.,SYNTHETIC_DEMO
SUP00388,LOC00044,Warehouse,OWNED,LOW,PROJECT_DEMO_EXPANSION,2026-09-23,Synthetic/demo relationship; not a verified facility relationship.,SYNTHETIC_DEMO
SUP00389,LOC00057,Factory,LEASED,HIGH,PROJECT_DEMO_EXPANSION,2026-09-23,Synthetic/demo relationship; not a verified facility relationship.,SYNTHETIC_DEMO
SUP00390,LOC00070,Distribution Center,LEASED,HIGH,PROJECT_DEMO_EXPANSION,2026-09-23,Synthetic/demo relationship; not a verified facility relationship.,SYNTHETIC_DEMO
SUP00391,LOC00083,Factory,LEASED,HIGH,PROJECT_DEMO_EXPANSION,2026-09-23,Synthetic/demo relationship; not a verified facility relationship.,SYNTHETIC_DEMO
SUP00392,LOC00096,Warehouse,UNKNOWN,LOW,PROJECT_DEMO_EXPANSION,2026-09-23,Synthetic/demo relationship; not a verified facility relationship.,SYNTHETIC_DEMO
SUP00393,LOC00109,Factory,LEASED,HIGH,PROJECT_DEMO_EXPANSION,2026-09-23,Synthetic/demo relationship; not a verified facility relationship.,SYNTHETIC_DEMO
SUP00394,LOC00122,Distribution Center,UNKNOWN,MEDIUM,PROJECT_DEMO_EXPANSION,2026-09-23,Synthetic/demo relationship; not a verified facility relationship.,SYNTHETIC_DEMO
SUP00395,LOC00135,Warehouse,OWNED,LOW,PROJECT_DEMO_EXPANSION,2026-09-23,Synthetic/demo relationship; not a verified facility relationship.,SYNTHETIC_DEMO
SUP00396,LOC00148,Factory,UNKNOWN,HIGH,PROJECT_DEMO_EXPANSION,2026-09-23,Synthetic/demo relationship; not a verified facility relationship.,SYNTHETIC_DEMO
SUP00397,LOC00161,Warehouse,LEASED,LOW,PROJECT_DEMO_EXPANSION,2026-09-23,Synthetic/demo relationship; not a verified facility relationship.,SYNTHETIC_DEMO
SUP00398,LOC00174,Factory,UNKNOWN,HIGH,PROJECT_DEMO_EXPANSION,2026-09-23,Synthetic/demo relationship; not a verified facility relationship.,SYNTHETIC_DEMO
SUP00399,LOC00187,Factory,UNKNOWN,LOW,PROJECT_DEMO_EXPANSION,2026-09-23,Synthetic/demo relationship; not a verified facility relationship.,SYNTHETIC_DEMO
SUP00400,LOC00200,Factory,UNKNOWN,LOW,PROJECT_DEMO_EXPANSION,2026-09-23,Synthetic/demo relationship; not a verified facility relationship.,SYNTHETIC_DEMO
SUP00401,LOC00213,Factory,OWNED,HIGH,PROJECT_DEMO_EXPANSION,2026-09-23,Synthetic/demo relationship; not a verified facility relationship.,SYNTHETIC_DEMO
SUP00402,LOC00226,Distribution Center,OWNED,HIGH,PROJECT_DEMO_EXPANSION,2026-09-23,Synthetic/demo relationship; not a verified facility relationship.,SYNTHETIC_DEMO
SUP00403,LOC00239,Distribution Center,LEASED,LOW,PROJECT_DEMO_EXPANSION,2026-09-23,Synthetic/demo relationship; not a verified facility relationship.,SYNTHETIC_DEMO
SUP00404,LOC00252,Factory,OWNED,LOW,PROJECT_DEMO_EXPANSION,2026-09-23,Synthetic/demo relationship; not a verified facility relationship.,SYNTHETIC_DEMO
SUP00405,LOC00265,Factory,UNKNOWN,LOW,PROJECT_DEMO_EXPANSION,2026-09-23,Synthetic/demo relationship; not a verified facility relationship.,SYNTHETIC_DEMO
SUP00406,LOC00278,Warehouse,UNKNOWN,MEDIUM,PROJECT_DEMO_EXPANSION,2026-09-23,Synthetic/demo relationship; not a verified facility relationship.,SYNTHETIC_DEMO
SUP00407,LOC00291,Warehouse,UNKNOWN,MEDIUM,PROJECT_DEMO_EXPANSION,2026-09-23,Synthetic/demo relationship; not a verified facility relationship.,SYNTHETIC_DEMO
SUP00408,LOC00304,Distribution Center,UNKNOWN,LOW,PROJECT_DEMO_EXPANSION,2026-09-23,Synthetic/demo relationship; not a verified facility relationship.,SYNTHETIC_DEMO
SUP00409,LOC00317,Distribution Center,OWNED,MEDIUM,PROJECT_DEMO_EXPANSION,2026-09-23,Synthetic/demo relationship; not a verified facility relationship.,SYNTHETIC_DEMO
SUP00410,LOC00330,Warehouse,OWNED,HIGH,PROJECT_DEMO_EXPANSION,2026-09-23,Synthetic/demo relationship; not a verified facility relationship.,SYNTHETIC_DEMO
SUP00411,LOC00343,Distribution Center,OWNED,LOW,PROJECT_DEMO_EXPANSION,2026-09-23,Synthetic/demo relationship; not a verified facility relationship.,SYNTHETIC_DEMO
SUP00412,LOC00356,Distribution Center,UNKNOWN,LOW,PROJECT_DEMO_EXPANSION,2026-09-23,Synthetic/demo relationship; not a verified facility relationship.,SYNTHETIC_DEMO
SUP00413,LOC00369,Factory,OWNED,MEDIUM,PROJECT_DEMO_EXPANSION,2026-09-23,Synthetic/demo relationship; not a verified facility relationship.,SYNTHETIC_DEMO
SUP00414,LOC00382,Factory,OWNED,MEDIUM,PROJECT_DEMO_EXPANSION,2026-09-23,Synthetic/demo relationship; not a verified facility relationship.,SYNTHETIC_DEMO
SUP00415,LOC00395,Warehouse,LEASED,LOW,PROJECT_DEMO_EXPANSION,2026-09-23,Synthetic/demo relationship; not a verified facility relationship.,SYNTHETIC_DEMO
SUP00416,LOC00408,Warehouse,UNKNOWN,MEDIUM,PROJECT_DEMO_EXPANSION,2026-09-23,Synthetic/demo relationship; not a verified facility relationship.,SYNTHETIC_DEMO
SUP00417,LOC00421,Distribution Center,OWNED,HIGH,PROJECT_DEMO_EXPANSION,2026-09-23,Synthetic/demo relationship; not a verified facility relationship.,SYNTHETIC_DEMO
SUP00418,LOC00434,Factory,LEASED,MEDIUM,PROJECT_DEMO_EXPANSION,2026-09-23,Synthetic/demo relationship; not a verified facility relationship.,SYNTHETIC_DEMO
SUP00419,LOC00447,Factory,OWNED,HIGH,PROJECT_DEMO_EXPANSION,2026-09-23,Synthetic/demo relationship; not a verified facility relationship.,SYNTHETIC_DEMO
SUP00420,LOC00460,Factory,UNKNOWN,HIGH,PROJECT_DEMO_EXPANSION,2026-09-23,Synthetic/demo relationship; not a verified facility relationship.,SYNTHETIC_DEMO
SUP00421,LOC00473,Distribution Center,UNKNOWN,LOW,PROJECT_DEMO_EXPANSION,2026-09-23,Synthetic/demo relationship; not a verified facility relationship.,SYNTHETIC_DEMO
SUP00422,LOC00486,Warehouse,OWNED,MEDIUM,PROJECT_DEMO_EXPANSION,2026-09-23,Synthetic/demo relationship; not a verified facility relationship.,SYNTHETIC_DEMO
SUP00423,LOC00499,Warehouse,UNKNOWN,HIGH,PROJECT_DEMO_EXPANSION,2026-09-23,Synthetic/demo relationship; not a verified facility relationship.,SYNTHETIC_DEMO
SUP00424,LOC00512,Distribution Center,UNKNOWN,LOW,PROJECT_DEMO_EXPANSION,2026-09-23,Synthetic/demo relationship; not a verified facility relationship.,SYNTHETIC_DEMO
SUP00425,LOC00525,Warehouse,LEASED,LOW,PROJECT_DEMO_EXPANSION,2026-09-23,Synthetic/demo relationship; not a verified facility relationship.,SYNTHETIC_DEMO
SUP00426,LOC00538,Factory,OWNED,MEDIUM,PROJECT_DEMO_EXPANSION,2026-09-23,Synthetic/demo relationship; not a verified facility relationship.,SYNTHETIC_DEMO
SUP00427,LOC00551,Warehouse,UNKNOWN,HIGH,PROJECT_DEMO_EXPANSION,2026-09-23,Synthetic/demo relationship; not a verified facility relationship.,SYNTHETIC_DEMO
SUP00428,LOC00564,Distribution Center,LEASED,MEDIUM,PROJECT_DEMO_EXPANSION,2026-09-23,Synthetic/demo relationship; not a verified facility relationship.,SYNTHETIC_DEMO
SUP00429,LOC00577,Warehouse,OWNED,MEDIUM,PROJECT_DEMO_EXPANSION,2026-09-23,Synthetic/demo relationship; not a verified facility relationship.,SYNTHETIC_DEMO
SUP00430,LOC00590,Distribution Center,LEASED,LOW,PROJECT_DEMO_EXPANSION,2026-09-23,Synthetic/demo relationship; not a verified facility relationship.,SYNTHETIC_DEMO
SUP00431,LOC00603,Distribution Center,UNKNOWN,MEDIUM,PROJECT_DEMO_EXPANSION,2026-09-23,Synthetic/demo relationship; not a verified facility relationship.,SYNTHETIC_DEMO
SUP00432,LOC00616,Distribution Center,OWNED,HIGH,PROJECT_DEMO_EXPANSION,2026-09-23,Synthetic/demo relationship; not a verified facility relationship.,SYNTHETIC_DEMO
SUP00433,LOC00629,Warehouse,UNKNOWN,LOW,PROJECT_DEMO_EXPANSION,2026-09-23,Synthetic/demo relationship; not a verified facility relationship.,SYNTHETIC_DEMO
SUP00434,LOC00642,Factory,OWNED,HIGH,PROJECT_DEMO_EXPANSION,2026-09-23,Synthetic/demo relationship; not a verified facility relationship.,SYNTHETIC_DEMO
SUP00435,LOC00655,Distribution Center,OWNED,MEDIUM,PROJECT_DEMO_EXPANSION,2026-09-23,Synthetic/demo relationship; not a verified facility relationship.,SYNTHETIC_DEMO
SUP00436,LOC00668,Distribution Center,OWNED,LOW,PROJECT_DEMO_EXPANSION,2026-09-23,Synthetic/demo relationship; not a verified facility relationship.,SYNTHETIC_DEMO
SUP00437,LOC00681,Factory,UNKNOWN,MEDIUM,PROJECT_DEMO_EXPANSION,2026-09-23,Synthetic/demo relationship; not a verified facility relationship.,SYNTHETIC_DEMO
SUP00438,LOC00694,Warehouse,OWNED,HIGH,PROJECT_DEMO_EXPANSION,2026-09-23,Synthetic/demo relationship; not a verified facility relationship.,SYNTHETIC_DEMO
SUP00439,LOC00707,Factory,OWNED,LOW,PROJECT_DEMO_EXPANSION,2026-09-23,Synthetic/demo relationship; not a verified facility relationship.,SYNTHETIC_DEMO
SUP00440,LOC00720,Warehouse,LEASED,MEDIUM,PROJECT_DEMO_EXPANSION,2026-09-23,Synthetic/demo relationship; not a verified facility relationship.,SYNTHETIC_DEMO
SUP00441,LOC00733,Distribution Center,LEASED,MEDIUM,PROJECT_DEMO_EXPANSION,2026-09-23,Synthetic/demo relationship; not a verified facility relationship.,SYNTHETIC_DEMO
SUP00442,LOC00746,Distribution Center,OWNED,HIGH,PROJECT_DEMO_EXPANSION,2026-09-23,Synthetic/demo relationship; not a verified facility relationship.,SYNTHETIC_DEMO
SUP00443,LOC00759,Factory,LEASED,MEDIUM,PROJECT_DEMO_EXPANSION,2026-09-23,Synthetic/demo relationship; not a verified facility relationship.,SYNTHETIC_DEMO
SUP00444,LOC00772,Warehouse,LEASED,LOW,PROJECT_DEMO_EXPANSION,2026-09-23,Synthetic/demo relationship; not a verified facility relationship.,SYNTHETIC_DEMO
SUP00445,LOC00785,Factory,LEASED,HIGH,PROJECT_DEMO_EXPANSION,2026-09-23,Synthetic/demo relationship; not a verified facility relationship.,SYNTHETIC_DEMO
SUP00446,LOC00798,Factory,UNKNOWN,LOW,PROJECT_DEMO_EXPANSION,2026-09-23,Synthetic/demo relationship; not a verified facility relationship.,SYNTHETIC_DEMO
SUP00447,LOC00811,Distribution Center,UNKNOWN,HIGH,PROJECT_DEMO_EXPANSION,2026-09-23,Synthetic/demo relationship; not a verified facility relationship.,SYNTHETIC_DEMO
SUP00448,LOC00824,Warehouse,LEASED,HIGH,PROJECT_DEMO_EXPANSION,2026-09-23,Synthetic/demo relationship; not a verified facility relationship.,SYNTHETIC_DEMO
SUP00449,LOC00837,Distribution Center,LEASED,MEDIUM,PROJECT_DEMO_EXPANSION,2026-09-23,Synthetic/demo relationship; not a verified facility relationship.,SYNTHETIC_DEMO
SUP00450,LOC00850,Factory,LEASED,LOW,PROJECT_DEMO_EXPANSION,2026-09-23,Synthetic/demo relationship; not a verified facility relationship.,SYNTHETIC_DEMO
SUP00451,LOC00863,Warehouse,LEASED,MEDIUM,PROJECT_DEMO_EXPANSION,2026-09-23,Synthetic/demo relationship; not a verified facility relationship.,SYNTHETIC_DEMO
SUP00452,LOC00876,Warehouse,OWNED,HIGH,PROJECT_DEMO_EXPANSION,2026-09-23,Synthetic/demo relationship; not a verified facility relationship.,SYNTHETIC_DEMO
SUP00453,LOC00889,Factory,OWNED,LOW,PROJECT_DEMO_EXPANSION,2026-09-23,Synthetic/demo relationship; not a verified facility relationship.,SYNTHETIC_DEMO
SUP00454,LOC00902,Warehouse,LEASED,MEDIUM,PROJECT_DEMO_EXPANSION,2026-09-23,Synthetic/demo relationship; not a verified facility relationship.,SYNTHETIC_DEMO
SUP00455,LOC00915,Distribution Center,LEASED,MEDIUM,PROJECT_DEMO_EXPANSION,2026-09-23,Synthetic/demo relationship; not a verified facility relationship.,SYNTHETIC_DEMO
SUP00456,LOC00928,Warehouse,UNKNOWN,MEDIUM,PROJECT_DEMO_EXPANSION,2026-09-23,Synthetic/demo relationship; not a verified facility relationship.,SYNTHETIC_DEMO
SUP00457,LOC00941,Factory,LEASED,LOW,PROJECT_DEMO_EXPANSION,2026-09-23,Synthetic/demo relationship; not a verified facility relationship.,SYNTHETIC_DEMO
SUP00458,LOC00954,Factory,LEASED,LOW,PROJECT_DEMO_EXPANSION,2026-09-23,Synthetic/demo relationship; not a verified facility relationship.,SYNTHETIC_DEMO
SUP00459,LOC00967,Warehouse,OWNED,LOW,PROJECT_DEMO_EXPANSION,2026-09-23,Synthetic/demo relationship; not a verified facility relationship.,SYNTHETIC_DEMO
SUP00460,LOC00980,Factory,OWNED,LOW,PROJECT_DEMO_EXPANSION,2026-09-23,Synthetic/demo relationship; not a verified facility relationship.,SYNTHETIC_DEMO
SUP00461,LOC00993,Warehouse,OWNED,LOW,PROJECT_DEMO_EXPANSION,2026-09-23,Synthetic/demo relationship; not a verified facility relationship.,SYNTHETIC_DEMO
SUP00462,LOC00006,Distribution Center,OWNED,LOW,PROJECT_DEMO_EXPANSION,2026-09-23,Synthetic/demo relationship; not a verified facility relationship.,SYNTHETIC_DEMO
SUP00463,LOC00019,Factory,LEASED,HIGH,PROJECT_DEMO_EXPANSION,2026-09-23,Synthetic/demo relationship; not a verified facility relationship.,SYNTHETIC_DEMO
SUP00464,LOC00032,Factory,OWNED,MEDIUM,PROJECT_DEMO_EXPANSION,2026-09-23,Synthetic/demo relationship; not a verified facility relationship.,SYNTHETIC_DEMO
SUP00465,LOC00045,Distribution Center,LEASED,LOW,PROJECT_DEMO_EXPANSION,2026-09-23,Synthetic/demo relationship; not a verified facility relationship.,SYNTHETIC_DEMO
SUP00466,LOC00058,Factory,OWNED,MEDIUM,PROJECT_DEMO_EXPANSION,2026-09-23,Synthetic/demo relationship; not a verified facility relationship.,SYNTHETIC_DEMO
SUP00467,LOC00071,Factory,UNKNOWN,LOW,PROJECT_DEMO_EXPANSION,2026-09-23,Synthetic/demo relationship; not a verified facility relationship.,SYNTHETIC_DEMO
SUP00468,LOC00084,Distribution Center,UNKNOWN,MEDIUM,PROJECT_DEMO_EXPANSION,2026-09-23,Synthetic/demo relationship; not a verified facility relationship.,SYNTHETIC_DEMO
SUP00469,LOC00097,Distribution Center,OWNED,MEDIUM,PROJECT_DEMO_EXPANSION,2026-09-23,Synthetic/demo relationship; not a verified facility relationship.,SYNTHETIC_DEMO
SUP00470,LOC00110,Distribution Center,LEASED,HIGH,PROJECT_DEMO_EXPANSION,2026-09-23,Synthetic/demo relationship; not a verified facility relationship.,SYNTHETIC_DEMO
SUP00471,LOC00123,Distribution Center,UNKNOWN,MEDIUM,PROJECT_DEMO_EXPANSION,2026-09-23,Synthetic/demo relationship; not a verified facility relationship.,SYNTHETIC_DEMO
SUP00472,LOC00136,Factory,LEASED,HIGH,PROJECT_DEMO_EXPANSION,2026-09-23,Synthetic/demo relationship; not a verified facility relationship.,SYNTHETIC_DEMO
SUP00473,LOC00149,Factory,LEASED,HIGH,PROJECT_DEMO_EXPANSION,2026-09-23,Synthetic/demo relationship; not a verified facility relationship.,SYNTHETIC_DEMO
SUP00474,LOC00162,Distribution Center,OWNED,HIGH,PROJECT_DEMO_EXPANSION,2026-09-23,Synthetic/demo relationship; not a verified facility relationship.,SYNTHETIC_DEMO
SUP00475,LOC00175,Warehouse,LEASED,HIGH,PROJECT_DEMO_EXPANSION,2026-09-23,Synthetic/demo relationship; not a verified facility relationship.,SYNTHETIC_DEMO
SUP00476,LOC00188,Distribution Center,UNKNOWN,LOW,PROJECT_DEMO_EXPANSION,2026-09-23,Synthetic/demo relationship; not a verified facility relationship.,SYNTHETIC_DEMO
SUP00477,LOC00201,Factory,UNKNOWN,HIGH,PROJECT_DEMO_EXPANSION,2026-09-23,Synthetic/demo relationship; not a verified facility relationship.,SYNTHETIC_DEMO
SUP00478,LOC00214,Warehouse,UNKNOWN,MEDIUM,PROJECT_DEMO_EXPANSION,2026-09-23,Synthetic/demo relationship; not a verified facility relationship.,SYNTHETIC_DEMO
SUP00479,LOC00227,Factory,OWNED,HIGH,PROJECT_DEMO_EXPANSION,2026-09-23,Synthetic/demo relationship; not a verified facility relationship.,SYNTHETIC_DEMO
SUP00480,LOC00240,Warehouse,OWNED,HIGH,PROJECT_DEMO_EXPANSION,2026-09-23,Synthetic/demo relationship; not a verified facility relationship.,SYNTHETIC_DEMO
SUP00481,LOC00253,Factory,OWNED,HIGH,PROJECT_DEMO_EXPANSION,2026-09-23,Synthetic/demo relationship; not a verified facility relationship.,SYNTHETIC_DEMO
SUP00482,LOC00266,Warehouse,UNKNOWN,MEDIUM,PROJECT_DEMO_EXPANSION,2026-09-23,Synthetic/demo relationship; not a verified facility relationship.,SYNTHETIC_DEMO
SUP00483,LOC00279,Warehouse,UNKNOWN,HIGH,PROJECT_DEMO_EXPANSION,2026-09-23,Synthetic/demo relationship; not a verified facility relationship.,SYNTHETIC_DEMO
SUP00484,LOC00292,Factory,LEASED,HIGH,PROJECT_DEMO_EXPANSION,2026-09-23,Synthetic/demo relationship; not a verified facility relationship.,SYNTHETIC_DEMO
SUP00485,LOC00305,Distribution Center,OWNED,MEDIUM,PROJECT_DEMO_EXPANSION,2026-09-23,Synthetic/demo relationship; not a verified facility relationship.,SYNTHETIC_DEMO
SUP00486,LOC00318,Warehouse,LEASED,LOW,PROJECT_DEMO_EXPANSION,2026-09-23,Synthetic/demo relationship; not a verified facility relationship.,SYNTHETIC_DEMO
SUP00487,LOC00331,Warehouse,LEASED,LOW,PROJECT_DEMO_EXPANSION,2026-09-23,Synthetic/demo relationship; not a verified facility relationship.,SYNTHETIC_DEMO
SUP00488,LOC00344,Distribution Center,LEASED,MEDIUM,PROJECT_DEMO_EXPANSION,2026-09-23,Synthetic/demo relationship; not a verified facility relationship.,SYNTHETIC_DEMO
SUP00489,LOC00357,Distribution Center,LEASED,MEDIUM,PROJECT_DEMO_EXPANSION,2026-09-23,Synthetic/demo relationship; not a verified facility relationship.,SYNTHETIC_DEMO
SUP00490,LOC00370,Warehouse,UNKNOWN,LOW,PROJECT_DEMO_EXPANSION,2026-09-23,Synthetic/demo relationship; not a verified facility relationship.,SYNTHETIC_DEMO
SUP00491,LOC00383,Warehouse,UNKNOWN,MEDIUM,PROJECT_DEMO_EXPANSION,2026-09-23,Synthetic/demo relationship; not a verified facility relationship.,SYNTHETIC_DEMO
SUP00492,LOC00396,Warehouse,UNKNOWN,LOW,PROJECT_DEMO_EXPANSION,2026-09-23,Synthetic/demo relationship; not a verified facility relationship.,SYNTHETIC_DEMO
SUP00493,LOC00409,Warehouse,OWNED,LOW,PROJECT_DEMO_EXPANSION,2026-09-23,Synthetic/demo relationship; not a verified facility relationship.,SYNTHETIC_DEMO
SUP00494,LOC00422,Factory,LEASED,LOW,PROJECT_DEMO_EXPANSION,2026-09-23,Synthetic/demo relationship; not a verified facility relationship.,SYNTHETIC_DEMO
SUP00495,LOC00435,Warehouse,OWNED,HIGH,PROJECT_DEMO_EXPANSION,2026-09-23,Synthetic/demo relationship; not a verified facility relationship.,SYNTHETIC_DEMO
SUP00496,LOC00448,Warehouse,LEASED,HIGH,PROJECT_DEMO_EXPANSION,2026-09-23,Synthetic/demo relationship; not a verified facility relationship.,SYNTHETIC_DEMO
SUP00497,LOC00461,Distribution Center,OWNED,MEDIUM,PROJECT_DEMO_EXPANSION,2026-09-23,Synthetic/demo relationship; not a verified facility relationship.,SYNTHETIC_DEMO
SUP00498,LOC00474,Distribution Center,UNKNOWN,LOW,PROJECT_DEMO_EXPANSION,2026-09-23,Synthetic/demo relationship; not a verified facility relationship.,SYNTHETIC_DEMO
SUP00499,LOC00487,Distribution Center,UNKNOWN,HIGH,PROJECT_DEMO_EXPANSION,2026-09-23,Synthetic/demo relationship; not a verified facility relationship.,SYNTHETIC_DEMO
SUP00500,LOC00500,Distribution Center,OWNED,HIGH,PROJECT_DEMO_EXPANSION,2026-09-23,Synthetic/demo relationship; not a verified facility relationship.,SYNTHETIC_DEMO
SUP00501,LOC00513,Warehouse,LEASED,MEDIUM,PROJECT_DEMO_EXPANSION,2026-09-23,Synthetic/demo relationship; not a verified facility relationship.,SYNTHETIC_DEMO
SUP00502,LOC00526,Factory,OWNED,MEDIUM,PROJECT_DEMO_EXPANSION,2026-09-23,Synthetic/demo relationship; not a verified facility relationship.,SYNTHETIC_DEMO
SUP00503,LOC00539,Factory,LEASED,HIGH,PROJECT_DEMO_EXPANSION,2026-09-23,Synthetic/demo relationship; not a verified facility relationship.,SYNTHETIC_DEMO
SUP00504,LOC00552,Warehouse,LEASED,MEDIUM,PROJECT_DEMO_EXPANSION,2026-09-23,Synthetic/demo relationship; not a verified facility relationship.,SYNTHETIC_DEMO
SUP00505,LOC00565,Distribution Center,UNKNOWN,LOW,PROJECT_DEMO_EXPANSION,2026-09-23,Synthetic/demo relationship; not a verified facility relationship.,SYNTHETIC_DEMO
SUP00506,LOC00578,Warehouse,UNKNOWN,LOW,PROJECT_DEMO_EXPANSION,2026-09-23,Synthetic/demo relationship; not a verified facility relationship.,SYNTHETIC_DEMO
SUP00507,LOC00591,Factory,UNKNOWN,HIGH,PROJECT_DEMO_EXPANSION,2026-09-23,Synthetic/demo relationship; not a verified facility relationship.,SYNTHETIC_DEMO
SUP00508,LOC00604,Warehouse,UNKNOWN,MEDIUM,PROJECT_DEMO_EXPANSION,2026-09-23,Synthetic/demo relationship; not a verified facility relationship.,SYNTHETIC_DEMO
SUP00509,LOC00617,Warehouse,OWNED,LOW,PROJECT_DEMO_EXPANSION,2026-09-23,Synthetic/demo relationship; not a verified facility relationship.,SYNTHETIC_DEMO
SUP00510,LOC00630,Factory,UNKNOWN,HIGH,PROJECT_DEMO_EXPANSION,2026-09-23,Synthetic/demo relationship; not a verified facility relationship.,SYNTHETIC_DEMO
SUP00511,LOC00643,Warehouse,OWNED,HIGH,PROJECT_DEMO_EXPANSION,2026-09-23,Synthetic/demo relationship; not a verified facility relationship.,SYNTHETIC_DEMO
SUP00512,LOC00656,Warehouse,OWNED,MEDIUM,PROJECT_DEMO_EXPANSION,2026-09-23,Synthetic/demo relationship; not a verified facility relationship.,SYNTHETIC_DEMO
SUP00513,LOC00669,Distribution Center,OWNED,HIGH,PROJECT_DEMO_EXPANSION,2026-09-23,Synthetic/demo relationship; not a verified facility relationship.,SYNTHETIC_DEMO
SUP00514,LOC00682,Factory,OWNED,HIGH,PROJECT_DEMO_EXPANSION,2026-09-23,Synthetic/demo relationship; not a verified facility relationship.,SYNTHETIC_DEMO
SUP00515,LOC00695,Distribution Center,UNKNOWN,LOW,PROJECT_DEMO_EXPANSION,2026-09-23,Synthetic/demo relationship; not a verified facility relationship.,SYNTHETIC_DEMO
SUP00516,LOC00708,Distribution Center,LEASED,HIGH,PROJECT_DEMO_EXPANSION,2026-09-23,Synthetic/demo relationship; not a verified facility relationship.,SYNTHETIC_DEMO
SUP00517,LOC00721,Factory,OWNED,MEDIUM,PROJECT_DEMO_EXPANSION,2026-09-23,Synthetic/demo relationship; not a verified facility relationship.,SYNTHETIC_DEMO
SUP00518,LOC00734,Warehouse,LEASED,MEDIUM,PROJECT_DEMO_EXPANSION,2026-09-23,Synthetic/demo relationship; not a verified facility relationship.,SYNTHETIC_DEMO
SUP00519,LOC00747,Distribution Center,UNKNOWN,MEDIUM,PROJECT_DEMO_EXPANSION,2026-09-23,Synthetic/demo relationship; not a verified facility relationship.,SYNTHETIC_DEMO
SUP00520,LOC00760,Distribution Center,OWNED,MEDIUM,PROJECT_DEMO_EXPANSION,2026-09-23,Synthetic/demo relationship; not a verified facility relationship.,SYNTHETIC_DEMO
SUP00521,LOC00773,Warehouse,UNKNOWN,HIGH,PROJECT_DEMO_EXPANSION,2026-09-23,Synthetic/demo relationship; not a verified facility relationship.,SYNTHETIC_DEMO
SUP00522,LOC00786,Warehouse,UNKNOWN,MEDIUM,PROJECT_DEMO_EXPANSION,2026-09-23,Synthetic/demo relationship; not a verified facility relationship.,SYNTHETIC_DEMO
SUP00523,LOC00799,Distribution Center,OWNED,MEDIUM,PROJECT_DEMO_EXPANSION,2026-09-23,Synthetic/demo relationship; not a verified facility relationship.,SYNTHETIC_DEMO
SUP00524,LOC00812,Distribution Center,LEASED,LOW,PROJECT_DEMO_EXPANSION,2026-09-23,Synthetic/demo relationship; not a verified facility relationship.,SYNTHETIC_DEMO
SUP00525,LOC00825,Factory,LEASED,MEDIUM,PROJECT_DEMO_EXPANSION,2026-09-23,Synthetic/demo relationship; not a verified facility relationship.,SYNTHETIC_DEMO
SUP00526,LOC00838,Factory,OWNED,HIGH,PROJECT_DEMO_EXPANSION,2026-09-23,Synthetic/demo relationship; not a verified facility relationship.,SYNTHETIC_DEMO
SUP00527,LOC00851,Factory,OWNED,LOW,PROJECT_DEMO_EXPANSION,2026-09-23,Synthetic/demo relationship; not a verified facility relationship.,SYNTHETIC_DEMO
SUP00528,LOC00864,Warehouse,OWNED,LOW,PROJECT_DEMO_EXPANSION,2026-09-23,Synthetic/demo relationship; not a verified facility relationship.,SYNTHETIC_DEMO
SUP00529,LOC00877,Warehouse,OWNED,HIGH,PROJECT_DEMO_EXPANSION,2026-09-23,Synthetic/demo relationship; not a verified facility relationship.,SYNTHETIC_DEMO
SUP00530,LOC00890,Distribution Center,OWNED,MEDIUM,PROJECT_DEMO_EXPANSION,2026-09-23,Synthetic/demo relationship; not a verified facility relationship.,SYNTHETIC_DEMO
SUP00531,LOC00903,Warehouse,LEASED,MEDIUM,PROJECT_DEMO_EXPANSION,2026-09-23,Synthetic/demo relationship; not a verified facility relationship.,SYNTHETIC_DEMO
SUP00532,LOC00916,Warehouse,OWNED,MEDIUM,PROJECT_DEMO_EXPANSION,2026-09-23,Synthetic/demo relationship; not a verified facility relationship.,SYNTHETIC_DEMO
SUP00533,LOC00929,Warehouse,UNKNOWN,LOW,PROJECT_DEMO_EXPANSION,2026-09-23,Synthetic/demo relationship; not a verified facility relationship.,SYNTHETIC_DEMO
SUP00534,LOC00942,Warehouse,OWNED,LOW,PROJECT_DEMO_EXPANSION,2026-09-23,Synthetic/demo relationship; not a verified facility relationship.,SYNTHETIC_DEMO
SUP00535,LOC00955,Warehouse,LEASED,LOW,PROJECT_DEMO_EXPANSION,2026-09-23,Synthetic/demo relationship; not a verified facility relationship.,SYNTHETIC_DEMO
SUP00536,LOC00968,Warehouse,UNKNOWN,MEDIUM,PROJECT_DEMO_EXPANSION,2026-09-23,Synthetic/demo relationship; not a verified facility relationship.,SYNTHETIC_DEMO
SUP00537,LOC00981,Factory,UNKNOWN,MEDIUM,PROJECT_DEMO_EXPANSION,2026-09-23,Synthetic/demo relationship; not a verified facility relationship.,SYNTHETIC_DEMO
SUP00538,LOC00994,Factory,LEASED,LOW,PROJECT_DEMO_EXPANSION,2026-09-23,Synthetic/demo relationship; not a verified facility relationship.,SYNTHETIC_DEMO
SUP00539,LOC00007,Distribution Center,LEASED,LOW,PROJECT_DEMO_EXPANSION,2026-09-23,Synthetic/demo relationship; not a verified facility relationship.,SYNTHETIC_DEMO
SUP00540,LOC00020,Warehouse,UNKNOWN,HIGH,PROJECT_DEMO_EXPANSION,2026-09-23,Synthetic/demo relationship; not a verified facility relationship.,SYNTHETIC_DEMO
SUP00541,LOC00033,Factory,LEASED,HIGH,PROJECT_DEMO_EXPANSION,2026-09-23,Synthetic/demo relationship; not a verified facility relationship.,SYNTHETIC_DEMO
SUP00542,LOC00046,Distribution Center,OWNED,MEDIUM,PROJECT_DEMO_EXPANSION,2026-09-23,Synthetic/demo relationship; not a verified facility relationship.,SYNTHETIC_DEMO
SUP00543,LOC00059,Factory,OWNED,MEDIUM,PROJECT_DEMO_EXPANSION,2026-09-23,Synthetic/demo relationship; not a verified facility relationship.,SYNTHETIC_DEMO
SUP00544,LOC00072,Warehouse,LEASED,LOW,PROJECT_DEMO_EXPANSION,2026-09-23,Synthetic/demo relationship; not a verified facility relationship.,SYNTHETIC_DEMO
SUP00545,LOC00085,Warehouse,OWNED,HIGH,PROJECT_DEMO_EXPANSION,2026-09-23,Synthetic/demo relationship; not a verified facility relationship.,SYNTHETIC_DEMO
SUP00546,LOC00098,Factory,OWNED,MEDIUM,PROJECT_DEMO_EXPANSION,2026-09-23,Synthetic/demo relationship; not a verified facility relationship.,SYNTHETIC_DEMO
SUP00547,LOC00111,Warehouse,OWNED,LOW,PROJECT_DEMO_EXPANSION,2026-09-23,Synthetic/demo relationship; not a verified facility relationship.,SYNTHETIC_DEMO
SUP00548,LOC00124,Factory,OWNED,MEDIUM,PROJECT_DEMO_EXPANSION,2026-09-23,Synthetic/demo relationship; not a verified facility relationship.,SYNTHETIC_DEMO
SUP00549,LOC00137,Warehouse,UNKNOWN,MEDIUM,PROJECT_DEMO_EXPANSION,2026-09-23,Synthetic/demo relationship; not a verified facility relationship.,SYNTHETIC_DEMO
SUP00550,LOC00150,Distribution Center,OWNED,HIGH,PROJECT_DEMO_EXPANSION,2026-09-23,Synthetic/demo relationship; not a verified facility relationship.,SYNTHETIC_DEMO
SUP00551,LOC00163,Factory,UNKNOWN,HIGH,PROJECT_DEMO_EXPANSION,2026-09-23,Synthetic/demo relationship; not a verified facility relationship.,SYNTHETIC_DEMO
SUP00552,LOC00176,Warehouse,OWNED,HIGH,PROJECT_DEMO_EXPANSION,2026-09-23,Synthetic/demo relationship; not a verified facility relationship.,SYNTHETIC_DEMO
SUP00553,LOC00189,Warehouse,UNKNOWN,LOW,PROJECT_DEMO_EXPANSION,2026-09-23,Synthetic/demo relationship; not a verified facility relationship.,SYNTHETIC_DEMO
SUP00554,LOC00202,Distribution Center,OWNED,HIGH,PROJECT_DEMO_EXPANSION,2026-09-23,Synthetic/demo relationship; not a verified facility relationship.,SYNTHETIC_DEMO
SUP00555,LOC00215,Distribution Center,UNKNOWN,HIGH,PROJECT_DEMO_EXPANSION,2026-09-23,Synthetic/demo relationship; not a verified facility relationship.,SYNTHETIC_DEMO
SUP00556,LOC00228,Factory,OWNED,HIGH,PROJECT_DEMO_EXPANSION,2026-09-23,Synthetic/demo relationship; not a verified facility relationship.,SYNTHETIC_DEMO
SUP00557,LOC00241,Distribution Center,LEASED,LOW,PROJECT_DEMO_EXPANSION,2026-09-23,Synthetic/demo relationship; not a verified facility relationship.,SYNTHETIC_DEMO
SUP00558,LOC00254,Warehouse,UNKNOWN,LOW,PROJECT_DEMO_EXPANSION,2026-09-23,Synthetic/demo relationship; not a verified facility relationship.,SYNTHETIC_DEMO
SUP00559,LOC00267,Factory,UNKNOWN,MEDIUM,PROJECT_DEMO_EXPANSION,2026-09-23,Synthetic/demo relationship; not a verified facility relationship.,SYNTHETIC_DEMO
SUP00560,LOC00280,Distribution Center,OWNED,LOW,PROJECT_DEMO_EXPANSION,2026-09-23,Synthetic/demo relationship; not a verified facility relationship.,SYNTHETIC_DEMO
SUP00561,LOC00293,Distribution Center,LEASED,HIGH,PROJECT_DEMO_EXPANSION,2026-09-23,Synthetic/demo relationship; not a verified facility relationship.,SYNTHETIC_DEMO
SUP00562,LOC00306,Distribution Center,UNKNOWN,MEDIUM,PROJECT_DEMO_EXPANSION,2026-09-23,Synthetic/demo relationship; not a verified facility relationship.,SYNTHETIC_DEMO
SUP00563,LOC00319,Warehouse,OWNED,HIGH,PROJECT_DEMO_EXPANSION,2026-09-23,Synthetic/demo relationship; not a verified facility relationship.,SYNTHETIC_DEMO
SUP00564,LOC00332,Warehouse,LEASED,HIGH,PROJECT_DEMO_EXPANSION,2026-09-23,Synthetic/demo relationship; not a verified facility relationship.,SYNTHETIC_DEMO
SUP00565,LOC00345,Warehouse,LEASED,MEDIUM,PROJECT_DEMO_EXPANSION,2026-09-23,Synthetic/demo relationship; not a verified facility relationship.,SYNTHETIC_DEMO
SUP00566,LOC00358,Warehouse,OWNED,MEDIUM,PROJECT_DEMO_EXPANSION,2026-09-23,Synthetic/demo relationship; not a verified facility relationship.,SYNTHETIC_DEMO
SUP00567,LOC00371,Distribution Center,UNKNOWN,MEDIUM,PROJECT_DEMO_EXPANSION,2026-09-23,Synthetic/demo relationship; not a verified facility relationship.,SYNTHETIC_DEMO
SUP00568,LOC00384,Distribution Center,OWNED,MEDIUM,PROJECT_DEMO_EXPANSION,2026-09-23,Synthetic/demo relationship; not a verified facility relationship.,SYNTHETIC_DEMO
SUP00569,LOC00397,Warehouse,UNKNOWN,LOW,PROJECT_DEMO_EXPANSION,2026-09-23,Synthetic/demo relationship; not a verified facility relationship.,SYNTHETIC_DEMO
SUP00570,LOC00410,Distribution Center,UNKNOWN,LOW,PROJECT_DEMO_EXPANSION,2026-09-23,Synthetic/demo relationship; not a verified facility relationship.,SYNTHETIC_DEMO
SUP00571,LOC00423,Factory,LEASED,LOW,PROJECT_DEMO_EXPANSION,2026-09-23,Synthetic/demo relationship; not a verified facility relationship.,SYNTHETIC_DEMO
SUP00572,LOC00436,Factory,UNKNOWN,MEDIUM,PROJECT_DEMO_EXPANSION,2026-09-23,Synthetic/demo relationship; not a verified facility relationship.,SYNTHETIC_DEMO
SUP00573,LOC00449,Factory,LEASED,LOW,PROJECT_DEMO_EXPANSION,2026-09-23,Synthetic/demo relationship; not a verified facility relationship.,SYNTHETIC_DEMO
SUP00574,LOC00462,Distribution Center,OWNED,LOW,PROJECT_DEMO_EXPANSION,2026-09-23,Synthetic/demo relationship; not a verified facility relationship.,SYNTHETIC_DEMO
SUP00575,LOC00475,Warehouse,LEASED,LOW,PROJECT_DEMO_EXPANSION,2026-09-23,Synthetic/demo relationship; not a verified facility relationship.,SYNTHETIC_DEMO
SUP00576,LOC00488,Distribution Center,OWNED,HIGH,PROJECT_DEMO_EXPANSION,2026-09-23,Synthetic/demo relationship; not a verified facility relationship.,SYNTHETIC_DEMO
SUP00577,LOC00501,Distribution Center,OWNED,HIGH,PROJECT_DEMO_EXPANSION,2026-09-23,Synthetic/demo relationship; not a verified facility relationship.,SYNTHETIC_DEMO
SUP00578,LOC00514,Factory,LEASED,LOW,PROJECT_DEMO_EXPANSION,2026-09-23,Synthetic/demo relationship; not a verified facility relationship.,SYNTHETIC_DEMO
SUP00579,LOC00527,Distribution Center,OWNED,HIGH,PROJECT_DEMO_EXPANSION,2026-09-23,Synthetic/demo relationship; not a verified facility relationship.,SYNTHETIC_DEMO
SUP00580,LOC00540,Warehouse,LEASED,MEDIUM,PROJECT_DEMO_EXPANSION,2026-09-23,Synthetic/demo relationship; not a verified facility relationship.,SYNTHETIC_DEMO
SUP00581,LOC00553,Factory,UNKNOWN,MEDIUM,PROJECT_DEMO_EXPANSION,2026-09-23,Synthetic/demo relationship; not a verified facility relationship.,SYNTHETIC_DEMO
SUP00582,LOC00566,Factory,LEASED,LOW,PROJECT_DEMO_EXPANSION,2026-09-23,Synthetic/demo relationship; not a verified facility relationship.,SYNTHETIC_DEMO
SUP00583,LOC00579,Factory,UNKNOWN,LOW,PROJECT_DEMO_EXPANSION,2026-09-23,Synthetic/demo relationship; not a verified facility relationship.,SYNTHETIC_DEMO
SUP00584,LOC00592,Factory,UNKNOWN,HIGH,PROJECT_DEMO_EXPANSION,2026-09-23,Synthetic/demo relationship; not a verified facility relationship.,SYNTHETIC_DEMO
SUP00585,LOC00605,Factory,UNKNOWN,MEDIUM,PROJECT_DEMO_EXPANSION,2026-09-23,Synthetic/demo relationship; not a verified facility relationship.,SYNTHETIC_DEMO
SUP00586,LOC00618,Distribution Center,LEASED,MEDIUM,PROJECT_DEMO_EXPANSION,2026-09-23,Synthetic/demo relationship; not a verified facility relationship.,SYNTHETIC_DEMO
SUP00587,LOC00631,Factory,UNKNOWN,LOW,PROJECT_DEMO_EXPANSION,2026-09-23,Synthetic/demo relationship; not a verified facility relationship.,SYNTHETIC_DEMO
SUP00588,LOC00644,Warehouse,LEASED,HIGH,PROJECT_DEMO_EXPANSION,2026-09-23,Synthetic/demo relationship; not a verified facility relationship.,SYNTHETIC_DEMO
SUP00589,LOC00657,Distribution Center,OWNED,HIGH,PROJECT_DEMO_EXPANSION,2026-09-23,Synthetic/demo relationship; not a verified facility relationship.,SYNTHETIC_DEMO
SUP00590,LOC00670,Distribution Center,OWNED,HIGH,PROJECT_DEMO_EXPANSION,2026-09-23,Synthetic/demo relationship; not a verified facility relationship.,SYNTHETIC_DEMO
SUP00591,LOC00683,Distribution Center,UNKNOWN,HIGH,PROJECT_DEMO_EXPANSION,2026-09-23,Synthetic/demo relationship; not a verified facility relationship.,SYNTHETIC_DEMO
SUP00592,LOC00696,Distribution Center,OWNED,LOW,PROJECT_DEMO_EXPANSION,2026-09-23,Synthetic/demo relationship; not a verified facility relationship.,SYNTHETIC_DEMO
SUP00593,LOC00709,Distribution Center,UNKNOWN,MEDIUM,PROJECT_DEMO_EXPANSION,2026-09-23,Synthetic/demo relationship; not a verified facility relationship.,SYNTHETIC_DEMO
SUP00594,LOC00722,Distribution Center,OWNED,MEDIUM,PROJECT_DEMO_EXPANSION,2026-09-23,Synthetic/demo relationship; not a verified facility relationship.,SYNTHETIC_DEMO
SUP00595,LOC00735,Distribution Center,UNKNOWN,HIGH,PROJECT_DEMO_EXPANSION,2026-09-23,Synthetic/demo relationship; not a verified facility relationship.,SYNTHETIC_DEMO
SUP00596,LOC00748,Warehouse,OWNED,MEDIUM,PROJECT_DEMO_EXPANSION,2026-09-23,Synthetic/demo relationship; not a verified facility relationship.,SYNTHETIC_DEMO
SUP00597,LOC00761,Warehouse,UNKNOWN,MEDIUM,PROJECT_DEMO_EXPANSION,2026-09-23,Synthetic/demo relationship; not a verified facility relationship.,SYNTHETIC_DEMO
SUP00598,LOC00774,Factory,LEASED,LOW,PROJECT_DEMO_EXPANSION,2026-09-23,Synthetic/demo relationship; not a verified facility relationship.,SYNTHETIC_DEMO
SUP00599,LOC00787,Factory,UNKNOWN,LOW,PROJECT_DEMO_EXPANSION,2026-09-23,Synthetic/demo relationship; not a verified facility relationship.,SYNTHETIC_DEMO
SUP00600,LOC00800,Warehouse,UNKNOWN,HIGH,PROJECT_DEMO_EXPANSION,2026-09-23,Synthetic/demo relationship; not a verified facility relationship.,SYNTHETIC_DEMO
SUP00601,LOC00813,Distribution Center,UNKNOWN,MEDIUM,PROJECT_DEMO_EXPANSION,2026-09-23,Synthetic/demo relationship; not a verified facility relationship.,SYNTHETIC_DEMO
SUP00602,LOC00826,Warehouse,UNKNOWN,HIGH,PROJECT_DEMO_EXPANSION,2026-09-23,Synthetic/demo relationship; not a verified facility relationship.,SYNTHETIC_DEMO
SUP00603,LOC00839,Distribution Center,OWNED,HIGH,PROJECT_DEMO_EXPANSION,2026-09-23,Synthetic/demo relationship; not a verified facility relationship.,SYNTHETIC_DEMO
SUP00604,LOC00852,Distribution Center,OWNED,LOW,PROJECT_DEMO_EXPANSION,2026-09-23,Synthetic/demo relationship; not a verified facility relationship.,SYNTHETIC_DEMO
SUP00605,LOC00865,Distribution Center,LEASED,MEDIUM,PROJECT_DEMO_EXPANSION,2026-09-23,Synthetic/demo relationship; not a verified facility relationship.,SYNTHETIC_DEMO
SUP00606,LOC00878,Factory,UNKNOWN,MEDIUM,PROJECT_DEMO_EXPANSION,2026-09-23,Synthetic/demo relationship; not a verified facility relationship.,SYNTHETIC_DEMO
SUP00607,LOC00891,Warehouse,OWNED,MEDIUM,PROJECT_DEMO_EXPANSION,2026-09-23,Synthetic/demo relationship; not a verified facility relationship.,SYNTHETIC_DEMO
SUP00608,LOC00904,Distribution Center,LEASED,LOW,PROJECT_DEMO_EXPANSION,2026-09-23,Synthetic/demo relationship; not a verified facility relationship.,SYNTHETIC_DEMO
SUP00609,LOC00917,Distribution Center,OWNED,MEDIUM,PROJECT_DEMO_EXPANSION,2026-09-23,Synthetic/demo relationship; not a verified facility relationship.,SYNTHETIC_DEMO
SUP00610,LOC00930,Warehouse,OWNED,HIGH,PROJECT_DEMO_EXPANSION,2026-09-23,Synthetic/demo relationship; not a verified facility relationship.,SYNTHETIC_DEMO
SUP00611,LOC00943,Distribution Center,LEASED,LOW,PROJECT_DEMO_EXPANSION,2026-09-23,Synthetic/demo relationship; not a verified facility relationship.,SYNTHETIC_DEMO
SUP00612,LOC00956,Warehouse,OWNED,LOW,PROJECT_DEMO_EXPANSION,2026-09-23,Synthetic/demo relationship; not a verified facility relationship.,SYNTHETIC_DEMO
SUP00613,LOC00969,Warehouse,OWNED,HIGH,PROJECT_DEMO_EXPANSION,2026-09-23,Synthetic/demo relationship; not a verified facility relationship.,SYNTHETIC_DEMO
SUP00614,LOC00982,Factory,LEASED,HIGH,PROJECT_DEMO_EXPANSION,2026-09-23,Synthetic/demo relationship; not a verified facility relationship.,SYNTHETIC_DEMO
SUP00615,LOC00995,Distribution Center,OWNED,MEDIUM,PROJECT_DEMO_EXPANSION,2026-09-23,Synthetic/demo relationship; not a verified facility relationship.,SYNTHETIC_DEMO
SUP00616,LOC00008,Warehouse,OWNED,HIGH,PROJECT_DEMO_EXPANSION,2026-09-23,Synthetic/demo relationship; not a verified facility relationship.,SYNTHETIC_DEMO
SUP00617,LOC00021,Distribution Center,LEASED,LOW,PROJECT_DEMO_EXPANSION,2026-09-23,Synthetic/demo relationship; not a verified facility relationship.,SYNTHETIC_DEMO
SUP00618,LOC00034,Distribution Center,UNKNOWN,MEDIUM,PROJECT_DEMO_EXPANSION,2026-09-23,Synthetic/demo relationship; not a verified facility relationship.,SYNTHETIC_DEMO
SUP00619,LOC00047,Factory,OWNED,LOW,PROJECT_DEMO_EXPANSION,2026-09-23,Synthetic/demo relationship; not a verified facility relationship.,SYNTHETIC_DEMO
SUP00620,LOC00060,Factory,LEASED,HIGH,PROJECT_DEMO_EXPANSION,2026-09-23,Synthetic/demo relationship; not a verified facility relationship.,SYNTHETIC_DEMO
SUP00621,LOC00073,Distribution Center,LEASED,LOW,PROJECT_DEMO_EXPANSION,2026-09-23,Synthetic/demo relationship; not a verified facility relationship.,SYNTHETIC_DEMO
SUP00622,LOC00086,Factory,UNKNOWN,LOW,PROJECT_DEMO_EXPANSION,2026-09-23,Synthetic/demo relationship; not a verified facility relationship.,SYNTHETIC_DEMO
SUP00623,LOC00099,Distribution Center,OWNED,HIGH,PROJECT_DEMO_EXPANSION,2026-09-23,Synthetic/demo relationship; not a verified facility relationship.,SYNTHETIC_DEMO
SUP00624,LOC00112,Factory,LEASED,HIGH,PROJECT_DEMO_EXPANSION,2026-09-23,Synthetic/demo relationship; not a verified facility relationship.,SYNTHETIC_DEMO
SUP00625,LOC00125,Factory,LEASED,MEDIUM,PROJECT_DEMO_EXPANSION,2026-09-23,Synthetic/demo relationship; not a verified facility relationship.,SYNTHETIC_DEMO
SUP00626,LOC00138,Warehouse,UNKNOWN,HIGH,PROJECT_DEMO_EXPANSION,2026-09-23,Synthetic/demo relationship; not a verified facility relationship.,SYNTHETIC_DEMO
SUP00627,LOC00151,Factory,OWNED,LOW,PROJECT_DEMO_EXPANSION,2026-09-23,Synthetic/demo relationship; not a verified facility relationship.,SYNTHETIC_DEMO
SUP00628,LOC00164,Factory,OWNED,MEDIUM,PROJECT_DEMO_EXPANSION,2026-09-23,Synthetic/demo relationship; not a verified facility relationship.,SYNTHETIC_DEMO
SUP00629,LOC00177,Distribution Center,UNKNOWN,HIGH,PROJECT_DEMO_EXPANSION,2026-09-23,Synthetic/demo relationship; not a verified facility relationship.,SYNTHETIC_DEMO
SUP00630,LOC00190,Distribution Center,LEASED,HIGH,PROJECT_DEMO_EXPANSION,2026-09-23,Synthetic/demo relationship; not a verified facility relationship.,SYNTHETIC_DEMO
SUP00631,LOC00203,Distribution Center,OWNED,MEDIUM,PROJECT_DEMO_EXPANSION,2026-09-23,Synthetic/demo relationship; not a verified facility relationship.,SYNTHETIC_DEMO
SUP00632,LOC00216,Warehouse,UNKNOWN,MEDIUM,PROJECT_DEMO_EXPANSION,2026-09-23,Synthetic/demo relationship; not a verified facility relationship.,SYNTHETIC_DEMO
SUP00633,LOC00229,Distribution Center,OWNED,LOW,PROJECT_DEMO_EXPANSION,2026-09-23,Synthetic/demo relationship; not a verified facility relationship.,SYNTHETIC_DEMO
SUP00634,LOC00242,Warehouse,OWNED,HIGH,PROJECT_DEMO_EXPANSION,2026-09-23,Synthetic/demo relationship; not a verified facility relationship.,SYNTHETIC_DEMO
SUP00635,LOC00255,Warehouse,OWNED,HIGH,PROJECT_DEMO_EXPANSION,2026-09-23,Synthetic/demo relationship; not a verified facility relationship.,SYNTHETIC_DEMO
SUP00636,LOC00268,Distribution Center,UNKNOWN,HIGH,PROJECT_DEMO_EXPANSION,2026-09-23,Synthetic/demo relationship; not a verified facility relationship.,SYNTHETIC_DEMO
SUP00637,LOC00281,Factory,OWNED,MEDIUM,PROJECT_DEMO_EXPANSION,2026-09-23,Synthetic/demo relationship; not a verified facility relationship.,SYNTHETIC_DEMO
SUP00638,LOC00294,Distribution Center,LEASED,MEDIUM,PROJECT_DEMO_EXPANSION,2026-09-23,Synthetic/demo relationship; not a verified facility relationship.,SYNTHETIC_DEMO
SUP00639,LOC00307,Warehouse,OWNED,LOW,PROJECT_DEMO_EXPANSION,2026-09-23,Synthetic/demo relationship; not a verified facility relationship.,SYNTHETIC_DEMO
SUP00640,LOC00320,Warehouse,LEASED,HIGH,PROJECT_DEMO_EXPANSION,2026-09-23,Synthetic/demo relationship; not a verified facility relationship.,SYNTHETIC_DEMO
SUP00641,LOC00333,Distribution Center,LEASED,HIGH,PROJECT_DEMO_EXPANSION,2026-09-23,Synthetic/demo relationship; not a verified facility relationship.,SYNTHETIC_DEMO
SUP00642,LOC00346,Factory,LEASED,LOW,PROJECT_DEMO_EXPANSION,2026-09-23,Synthetic/demo relationship; not a verified facility relationship.,SYNTHETIC_DEMO
SUP00643,LOC00359,Distribution Center,UNKNOWN,HIGH,PROJECT_DEMO_EXPANSION,2026-09-23,Synthetic/demo relationship; not a verified facility relationship.,SYNTHETIC_DEMO
SUP00644,LOC00372,Factory,LEASED,MEDIUM,PROJECT_DEMO_EXPANSION,2026-09-23,Synthetic/demo relationship; not a verified facility relationship.,SYNTHETIC_DEMO
SUP00645,LOC00385,Distribution Center,OWNED,MEDIUM,PROJECT_DEMO_EXPANSION,2026-09-23,Synthetic/demo relationship; not a verified facility relationship.,SYNTHETIC_DEMO
SUP00646,LOC00398,Distribution Center,LEASED,LOW,PROJECT_DEMO_EXPANSION,2026-09-23,Synthetic/demo relationship; not a verified facility relationship.,SYNTHETIC_DEMO
SUP00647,LOC00411,Warehouse,UNKNOWN,LOW,PROJECT_DEMO_EXPANSION,2026-09-23,Synthetic/demo relationship; not a verified facility relationship.,SYNTHETIC_DEMO
SUP00648,LOC00424,Warehouse,LEASED,HIGH,PROJECT_DEMO_EXPANSION,2026-09-23,Synthetic/demo relationship; not a verified facility relationship.,SYNTHETIC_DEMO
SUP00649,LOC00437,Distribution Center,OWNED,MEDIUM,PROJECT_DEMO_EXPANSION,2026-09-23,Synthetic/demo relationship; not a verified facility relationship.,SYNTHETIC_DEMO
SUP00650,LOC00450,Factory,OWNED,LOW,PROJECT_DEMO_EXPANSION,2026-09-23,Synthetic/demo relationship; not a verified facility relationship.,SYNTHETIC_DEMO
SUP00651,LOC00463,Distribution Center,UNKNOWN,MEDIUM,PROJECT_DEMO_EXPANSION,2026-09-23,Synthetic/demo relationship; not a verified facility relationship.,SYNTHETIC_DEMO
SUP00652,LOC00476,Factory,UNKNOWN,LOW,PROJECT_DEMO_EXPANSION,2026-09-23,Synthetic/demo relationship; not a verified facility relationship.,SYNTHETIC_DEMO
SUP00653,LOC00489,Distribution Center,UNKNOWN,MEDIUM,PROJECT_DEMO_EXPANSION,2026-09-23,Synthetic/demo relationship; not a verified facility relationship.,SYNTHETIC_DEMO
SUP00654,LOC00502,Warehouse,OWNED,HIGH,PROJECT_DEMO_EXPANSION,2026-09-23,Synthetic/demo relationship; not a verified facility relationship.,SYNTHETIC_DEMO
SUP00655,LOC00515,Distribution Center,OWNED,LOW,PROJECT_DEMO_EXPANSION,2026-09-23,Synthetic/demo relationship; not a verified facility relationship.,SYNTHETIC_DEMO
SUP00656,LOC00528,Factory,UNKNOWN,MEDIUM,PROJECT_DEMO_EXPANSION,2026-09-23,Synthetic/demo relationship; not a verified facility relationship.,SYNTHETIC_DEMO
SUP00657,LOC00541,Warehouse,UNKNOWN,MEDIUM,PROJECT_DEMO_EXPANSION,2026-09-23,Synthetic/demo relationship; not a verified facility relationship.,SYNTHETIC_DEMO
SUP00658,LOC00554,Warehouse,LEASED,HIGH,PROJECT_DEMO_EXPANSION,2026-09-23,Synthetic/demo relationship; not a verified facility relationship.,SYNTHETIC_DEMO
SUP00659,LOC00567,Distribution Center,UNKNOWN,LOW,PROJECT_DEMO_EXPANSION,2026-09-23,Synthetic/demo relationship; not a verified facility relationship.,SYNTHETIC_DEMO
SUP00660,LOC00580,Distribution Center,OWNED,LOW,PROJECT_DEMO_EXPANSION,2026-09-23,Synthetic/demo relationship; not a verified facility relationship.,SYNTHETIC_DEMO
SUP00661,LOC00593,Warehouse,LEASED,MEDIUM,PROJECT_DEMO_EXPANSION,2026-09-23,Synthetic/demo relationship; not a verified facility relationship.,SYNTHETIC_DEMO
SUP00662,LOC00606,Distribution Center,LEASED,LOW,PROJECT_DEMO_EXPANSION,2026-09-23,Synthetic/demo relationship; not a verified facility relationship.,SYNTHETIC_DEMO
SUP00663,LOC00619,Distribution Center,UNKNOWN,HIGH,PROJECT_DEMO_EXPANSION,2026-09-23,Synthetic/demo relationship; not a verified facility relationship.,SYNTHETIC_DEMO
SUP00664,LOC00632,Warehouse,LEASED,LOW,PROJECT_DEMO_EXPANSION,2026-09-23,Synthetic/demo relationship; not a verified facility relationship.,SYNTHETIC_DEMO
SUP00665,LOC00645,Factory,OWNED,HIGH,PROJECT_DEMO_EXPANSION,2026-09-23,Synthetic/demo relationship; not a verified facility relationship.,SYNTHETIC_DEMO
SUP00666,LOC00658,Factory,UNKNOWN,HIGH,PROJECT_DEMO_EXPANSION,2026-09-23,Synthetic/demo relationship; not a verified facility relationship.,SYNTHETIC_DEMO
SUP00667,LOC00671,Warehouse,UNKNOWN,LOW,PROJECT_DEMO_EXPANSION,2026-09-23,Synthetic/demo relationship; not a verified facility relationship.,SYNTHETIC_DEMO
SUP00668,LOC00684,Factory,LEASED,LOW,PROJECT_DEMO_EXPANSION,2026-09-23,Synthetic/demo relationship; not a verified facility relationship.,SYNTHETIC_DEMO
SUP00669,LOC00697,Factory,UNKNOWN,MEDIUM,PROJECT_DEMO_EXPANSION,2026-09-23,Synthetic/demo relationship; not a verified facility relationship.,SYNTHETIC_DEMO
SUP00670,LOC00710,Factory,OWNED,HIGH,PROJECT_DEMO_EXPANSION,2026-09-23,Synthetic/demo relationship; not a verified facility relationship.,SYNTHETIC_DEMO
SUP00671,LOC00723,Warehouse,LEASED,HIGH,PROJECT_DEMO_EXPANSION,2026-09-23,Synthetic/demo relationship; not a verified facility relationship.,SYNTHETIC_DEMO
SUP00672,LOC00736,Distribution Center,LEASED,MEDIUM,PROJECT_DEMO_EXPANSION,2026-09-23,Synthetic/demo relationship; not a verified facility relationship.,SYNTHETIC_DEMO
SUP00673,LOC00749,Warehouse,LEASED,HIGH,PROJECT_DEMO_EXPANSION,2026-09-23,Synthetic/demo relationship; not a verified facility relationship.,SYNTHETIC_DEMO
SUP00674,LOC00762,Warehouse,OWNED,LOW,PROJECT_DEMO_EXPANSION,2026-09-23,Synthetic/demo relationship; not a verified facility relationship.,SYNTHETIC_DEMO
SUP00675,LOC00775,Distribution Center,UNKNOWN,LOW,PROJECT_DEMO_EXPANSION,2026-09-23,Synthetic/demo relationship; not a verified facility relationship.,SYNTHETIC_DEMO
SUP00676,LOC00788,Warehouse,OWNED,LOW,PROJECT_DEMO_EXPANSION,2026-09-23,Synthetic/demo relationship; not a verified facility relationship.,SYNTHETIC_DEMO
SUP00677,LOC00801,Warehouse,UNKNOWN,LOW,PROJECT_DEMO_EXPANSION,2026-09-23,Synthetic/demo relationship; not a verified facility relationship.,SYNTHETIC_DEMO
SUP00678,LOC00814,Warehouse,OWNED,MEDIUM,PROJECT_DEMO_EXPANSION,2026-09-23,Synthetic/demo relationship; not a verified facility relationship.,SYNTHETIC_DEMO
SUP00679,LOC00827,Warehouse,UNKNOWN,LOW,PROJECT_DEMO_EXPANSION,2026-09-23,Synthetic/demo relationship; not a verified facility relationship.,SYNTHETIC_DEMO
SUP00680,LOC00840,Factory,OWNED,MEDIUM,PROJECT_DEMO_EXPANSION,2026-09-23,Synthetic/demo relationship; not a verified facility relationship.,SYNTHETIC_DEMO
SUP00681,LOC00853,Distribution Center,UNKNOWN,HIGH,PROJECT_DEMO_EXPANSION,2026-09-23,Synthetic/demo relationship; not a verified facility relationship.,SYNTHETIC_DEMO
SUP00682,LOC00866,Warehouse,OWNED,HIGH,PROJECT_DEMO_EXPANSION,2026-09-23,Synthetic/demo relationship; not a verified facility relationship.,SYNTHETIC_DEMO
SUP00683,LOC00879,Factory,OWNED,HIGH,PROJECT_DEMO_EXPANSION,2026-09-23,Synthetic/demo relationship; not a verified facility relationship.,SYNTHETIC_DEMO
SUP00684,LOC00892,Warehouse,LEASED,HIGH,PROJECT_DEMO_EXPANSION,2026-09-23,Synthetic/demo relationship; not a verified facility relationship.,SYNTHETIC_DEMO
SUP00685,LOC00905,Warehouse,UNKNOWN,MEDIUM,PROJECT_DEMO_EXPANSION,2026-09-23,Synthetic/demo relationship; not a verified facility relationship.,SYNTHETIC_DEMO
SUP00686,LOC00918,Warehouse,OWNED,MEDIUM,PROJECT_DEMO_EXPANSION,2026-09-23,Synthetic/demo relationship; not a verified facility relationship.,SYNTHETIC_DEMO
SUP00687,LOC00931,Warehouse,OWNED,LOW,PROJECT_DEMO_EXPANSION,2026-09-23,Synthetic/demo relationship; not a verified facility relationship.,SYNTHETIC_DEMO
SUP00688,LOC00944,Distribution Center,UNKNOWN,LOW,PROJECT_DEMO_EXPANSION,2026-09-23,Synthetic/demo relationship; not a verified facility relationship.,SYNTHETIC_DEMO
SUP00689,LOC00957,Warehouse,OWNED,MEDIUM,PROJECT_DEMO_EXPANSION,2026-09-23,Synthetic/demo relationship; not a verified facility relationship.,SYNTHETIC_DEMO
SUP00690,LOC00970,Warehouse,UNKNOWN,LOW,PROJECT_DEMO_EXPANSION,2026-09-23,Synthetic/demo relationship; not a verified facility relationship.,SYNTHETIC_DEMO
SUP00691,LOC00983,Factory,OWNED,MEDIUM,PROJECT_DEMO_EXPANSION,2026-09-23,Synthetic/demo relationship; not a verified facility relationship.,SYNTHETIC_DEMO
SUP00692,LOC00996,Factory,LEASED,MEDIUM,PROJECT_DEMO_EXPANSION,2026-09-23,Synthetic/demo relationship; not a verified facility relationship.,SYNTHETIC_DEMO
SUP00693,LOC00009,Distribution Center,LEASED,HIGH,PROJECT_DEMO_EXPANSION,2026-09-23,Synthetic/demo relationship; not a verified facility relationship.,SYNTHETIC_DEMO
SUP00694,LOC00022,Factory,OWNED,LOW,PROJECT_DEMO_EXPANSION,2026-09-23,Synthetic/demo relationship; not a verified facility relationship.,SYNTHETIC_DEMO
SUP00695,LOC00035,Distribution Center,OWNED,LOW,PROJECT_DEMO_EXPANSION,2026-09-23,Synthetic/demo relationship; not a verified facility relationship.,SYNTHETIC_DEMO
SUP00696,LOC00048,Distribution Center,UNKNOWN,MEDIUM,PROJECT_DEMO_EXPANSION,2026-09-23,Synthetic/demo relationship; not a verified facility relationship.,SYNTHETIC_DEMO
SUP00697,LOC00061,Warehouse,OWNED,LOW,PROJECT_DEMO_EXPANSION,2026-09-23,Synthetic/demo relationship; not a verified facility relationship.,SYNTHETIC_DEMO
SUP00698,LOC00074,Distribution Center,UNKNOWN,HIGH,PROJECT_DEMO_EXPANSION,2026-09-23,Synthetic/demo relationship; not a verified facility relationship.,SYNTHETIC_DEMO
SUP00699,LOC00087,Distribution Center,LEASED,LOW,PROJECT_DEMO_EXPANSION,2026-09-23,Synthetic/demo relationship; not a verified facility relationship.,SYNTHETIC_DEMO
SUP00700,LOC00100,Factory,UNKNOWN,HIGH,PROJECT_DEMO_EXPANSION,2026-09-23,Synthetic/demo relationship; not a verified facility relationship.,SYNTHETIC_DEMO
SUP00701,LOC00113,Distribution Center,UNKNOWN,MEDIUM,PROJECT_DEMO_EXPANSION,2026-09-23,Synthetic/demo relationship; not a verified facility relationship.,SYNTHETIC_DEMO
SUP00702,LOC00126,Distribution Center,OWNED,MEDIUM,PROJECT_DEMO_EXPANSION,2026-09-23,Synthetic/demo relationship; not a verified facility relationship.,SYNTHETIC_DEMO
SUP00703,LOC00139,Warehouse,OWNED,MEDIUM,PROJECT_DEMO_EXPANSION,2026-09-23,Synthetic/demo relationship; not a verified facility relationship.,SYNTHETIC_DEMO
SUP00704,LOC00152,Distribution Center,UNKNOWN,MEDIUM,PROJECT_DEMO_EXPANSION,2026-09-23,Synthetic/demo relationship; not a verified facility relationship.,SYNTHETIC_DEMO
SUP00705,LOC00165,Distribution Center,LEASED,HIGH,PROJECT_DEMO_EXPANSION,2026-09-23,Synthetic/demo relationship; not a verified facility relationship.,SYNTHETIC_DEMO
SUP00706,LOC00178,Factory,LEASED,LOW,PROJECT_DEMO_EXPANSION,2026-09-23,Synthetic/demo relationship; not a verified facility relationship.,SYNTHETIC_DEMO
SUP00707,LOC00191,Factory,LEASED,HIGH,PROJECT_DEMO_EXPANSION,2026-09-23,Synthetic/demo relationship; not a verified facility relationship.,SYNTHETIC_DEMO
SUP00708,LOC00204,Factory,OWNED,HIGH,PROJECT_DEMO_EXPANSION,2026-09-23,Synthetic/demo relationship; not a verified facility relationship.,SYNTHETIC_DEMO
SUP00709,LOC00217,Distribution Center,OWNED,LOW,PROJECT_DEMO_EXPANSION,2026-09-23,Synthetic/demo relationship; not a verified facility relationship.,SYNTHETIC_DEMO
SUP00710,LOC00230,Distribution Center,UNKNOWN,MEDIUM,PROJECT_DEMO_EXPANSION,2026-09-23,Synthetic/demo relationship; not a verified facility relationship.,SYNTHETIC_DEMO
SUP00711,LOC00243,Distribution Center,UNKNOWN,MEDIUM,PROJECT_DEMO_EXPANSION,2026-09-23,Synthetic/demo relationship; not a verified facility relationship.,SYNTHETIC_DEMO
SUP00712,LOC00256,Distribution Center,OWNED,LOW,PROJECT_DEMO_EXPANSION,2026-09-23,Synthetic/demo relationship; not a verified facility relationship.,SYNTHETIC_DEMO
SUP00713,LOC00269,Factory,OWNED,HIGH,PROJECT_DEMO_EXPANSION,2026-09-23,Synthetic/demo relationship; not a verified facility relationship.,SYNTHETIC_DEMO
SUP00714,LOC00282,Distribution Center,OWNED,HIGH,PROJECT_DEMO_EXPANSION,2026-09-23,Synthetic/demo relationship; not a verified facility relationship.,SYNTHETIC_DEMO
SUP00715,LOC00295,Factory,LEASED,HIGH,PROJECT_DEMO_EXPANSION,2026-09-23,Synthetic/demo relationship; not a verified facility relationship.,SYNTHETIC_DEMO
SUP00716,LOC00308,Distribution Center,LEASED,LOW,PROJECT_DEMO_EXPANSION,2026-09-23,Synthetic/demo relationship; not a verified facility relationship.,SYNTHETIC_DEMO
SUP00717,LOC00321,Factory,UNKNOWN,LOW,PROJECT_DEMO_EXPANSION,2026-09-23,Synthetic/demo relationship; not a verified facility relationship.,SYNTHETIC_DEMO
SUP00718,LOC00334,Factory,OWNED,HIGH,PROJECT_DEMO_EXPANSION,2026-09-23,Synthetic/demo relationship; not a verified facility relationship.,SYNTHETIC_DEMO
SUP00719,LOC00347,Distribution Center,UNKNOWN,LOW,PROJECT_DEMO_EXPANSION,2026-09-23,Synthetic/demo relationship; not a verified facility relationship.,SYNTHETIC_DEMO
SUP00720,LOC00360,Warehouse,UNKNOWN,MEDIUM,PROJECT_DEMO_EXPANSION,2026-09-23,Synthetic/demo relationship; not a verified facility relationship.,SYNTHETIC_DEMO
SUP00721,LOC00373,Distribution Center,UNKNOWN,HIGH,PROJECT_DEMO_EXPANSION,2026-09-23,Synthetic/demo relationship; not a verified facility relationship.,SYNTHETIC_DEMO
SUP00722,LOC00386,Factory,OWNED,MEDIUM,PROJECT_DEMO_EXPANSION,2026-09-23,Synthetic/demo relationship; not a verified facility relationship.,SYNTHETIC_DEMO
SUP00723,LOC00399,Factory,LEASED,MEDIUM,PROJECT_DEMO_EXPANSION,2026-09-23,Synthetic/demo relationship; not a verified facility relationship.,SYNTHETIC_DEMO
SUP00724,LOC00412,Factory,OWNED,MEDIUM,PROJECT_DEMO_EXPANSION,2026-09-23,Synthetic/demo relationship; not a verified facility relationship.,SYNTHETIC_DEMO
SUP00725,LOC00425,Warehouse,UNKNOWN,MEDIUM,PROJECT_DEMO_EXPANSION,2026-09-23,Synthetic/demo relationship; not a verified facility relationship.,SYNTHETIC_DEMO
SUP00726,LOC00438,Warehouse,UNKNOWN,HIGH,PROJECT_DEMO_EXPANSION,2026-09-23,Synthetic/demo relationship; not a verified facility relationship.,SYNTHETIC_DEMO
SUP00727,LOC00451,Warehouse,UNKNOWN,LOW,PROJECT_DEMO_EXPANSION,2026-09-23,Synthetic/demo relationship; not a verified facility relationship.,SYNTHETIC_DEMO
SUP00728,LOC00464,Distribution Center,LEASED,MEDIUM,PROJECT_DEMO_EXPANSION,2026-09-23,Synthetic/demo relationship; not a verified facility relationship.,SYNTHETIC_DEMO
SUP00729,LOC00477,Distribution Center,LEASED,HIGH,PROJECT_DEMO_EXPANSION,2026-09-23,Synthetic/demo relationship; not a verified facility relationship.,SYNTHETIC_DEMO
SUP00730,LOC00490,Warehouse,UNKNOWN,LOW,PROJECT_DEMO_EXPANSION,2026-09-23,Synthetic/demo relationship; not a verified facility relationship.,SYNTHETIC_DEMO
SUP00731,LOC00503,Distribution Center,LEASED,MEDIUM,PROJECT_DEMO_EXPANSION,2026-09-23,Synthetic/demo relationship; not a verified facility relationship.,SYNTHETIC_DEMO
SUP00732,LOC00516,Factory,LEASED,LOW,PROJECT_DEMO_EXPANSION,2026-09-23,Synthetic/demo relationship; not a verified facility relationship.,SYNTHETIC_DEMO
SUP00733,LOC00529,Distribution Center,UNKNOWN,MEDIUM,PROJECT_DEMO_EXPANSION,2026-09-23,Synthetic/demo relationship; not a verified facility relationship.,SYNTHETIC_DEMO
SUP00734,LOC00542,Warehouse,OWNED,LOW,PROJECT_DEMO_EXPANSION,2026-09-23,Synthetic/demo relationship; not a verified facility relationship.,SYNTHETIC_DEMO
SUP00735,LOC00555,Distribution Center,LEASED,HIGH,PROJECT_DEMO_EXPANSION,2026-09-23,Synthetic/demo relationship; not a verified facility relationship.,SYNTHETIC_DEMO
SUP00736,LOC00568,Distribution Center,OWNED,HIGH,PROJECT_DEMO_EXPANSION,2026-09-23,Synthetic/demo relationship; not a verified facility relationship.,SYNTHETIC_DEMO
SUP00737,LOC00581,Distribution Center,LEASED,LOW,PROJECT_DEMO_EXPANSION,2026-09-23,Synthetic/demo relationship; not a verified facility relationship.,SYNTHETIC_DEMO
SUP00738,LOC00594,Factory,UNKNOWN,HIGH,PROJECT_DEMO_EXPANSION,2026-09-23,Synthetic/demo relationship; not a verified facility relationship.,SYNTHETIC_DEMO
SUP00739,LOC00607,Distribution Center,LEASED,MEDIUM,PROJECT_DEMO_EXPANSION,2026-09-23,Synthetic/demo relationship; not a verified facility relationship.,SYNTHETIC_DEMO
SUP00740,LOC00620,Distribution Center,UNKNOWN,MEDIUM,PROJECT_DEMO_EXPANSION,2026-09-23,Synthetic/demo relationship; not a verified facility relationship.,SYNTHETIC_DEMO
SUP00741,LOC00633,Factory,LEASED,HIGH,PROJECT_DEMO_EXPANSION,2026-09-23,Synthetic/demo relationship; not a verified facility relationship.,SYNTHETIC_DEMO
SUP00742,LOC00646,Warehouse,LEASED,LOW,PROJECT_DEMO_EXPANSION,2026-09-23,Synthetic/demo relationship; not a verified facility relationship.,SYNTHETIC_DEMO
SUP00743,LOC00659,Distribution Center,UNKNOWN,HIGH,PROJECT_DEMO_EXPANSION,2026-09-23,Synthetic/demo relationship; not a verified facility relationship.,SYNTHETIC_DEMO
SUP00744,LOC00672,Warehouse,UNKNOWN,HIGH,PROJECT_DEMO_EXPANSION,2026-09-23,Synthetic/demo relationship; not a verified facility relationship.,SYNTHETIC_DEMO
SUP00745,LOC00685,Warehouse,OWNED,HIGH,PROJECT_DEMO_EXPANSION,2026-09-23,Synthetic/demo relationship; not a verified facility relationship.,SYNTHETIC_DEMO
SUP00746,LOC00698,Distribution Center,UNKNOWN,MEDIUM,PROJECT_DEMO_EXPANSION,2026-09-23,Synthetic/demo relationship; not a verified facility relationship.,SYNTHETIC_DEMO
SUP00747,LOC00711,Factory,OWNED,HIGH,PROJECT_DEMO_EXPANSION,2026-09-23,Synthetic/demo relationship; not a verified facility relationship.,SYNTHETIC_DEMO
SUP00748,LOC00724,Warehouse,OWNED,HIGH,PROJECT_DEMO_EXPANSION,2026-09-23,Synthetic/demo relationship; not a verified facility relationship.,SYNTHETIC_DEMO
SUP00749,LOC00737,Warehouse,OWNED,LOW,PROJECT_DEMO_EXPANSION,2026-09-23,Synthetic/demo relationship; not a verified facility relationship.,SYNTHETIC_DEMO
SUP00750,LOC00750,Warehouse,UNKNOWN,HIGH,PROJECT_DEMO_EXPANSION,2026-09-23,Synthetic/demo relationship; not a verified facility relationship.,SYNTHETIC_DEMO
SUP00751,LOC00763,Factory,LEASED,LOW,PROJECT_DEMO_EXPANSION,2026-09-23,Synthetic/demo relationship; not a verified facility relationship.,SYNTHETIC_DEMO
SUP00752,LOC00776,Distribution Center,OWNED,HIGH,PROJECT_DEMO_EXPANSION,2026-09-23,Synthetic/demo relationship; not a verified facility relationship.,SYNTHETIC_DEMO
SUP00753,LOC00789,Warehouse,OWNED,LOW,PROJECT_DEMO_EXPANSION,2026-09-23,Synthetic/demo relationship; not a verified facility relationship.,SYNTHETIC_DEMO
SUP00754,LOC00802,Warehouse,LEASED,HIGH,PROJECT_DEMO_EXPANSION,2026-09-23,Synthetic/demo relationship; not a verified facility relationship.,SYNTHETIC_DEMO
SUP00755,LOC00815,Factory,OWNED,LOW,PROJECT_DEMO_EXPANSION,2026-09-23,Synthetic/demo relationship; not a verified facility relationship.,SYNTHETIC_DEMO
SUP00756,LOC00828,Factory,LEASED,HIGH,PROJECT_DEMO_EXPANSION,2026-09-23,Synthetic/demo relationship; not a verified facility relationship.,SYNTHETIC_DEMO
SUP00757,LOC00841,Factory,LEASED,HIGH,PROJECT_DEMO_EXPANSION,2026-09-23,Synthetic/demo relationship; not a verified facility relationship.,SYNTHETIC_DEMO
SUP00758,LOC00854,Factory,UNKNOWN,LOW,PROJECT_DEMO_EXPANSION,2026-09-23,Synthetic/demo relationship; not a verified facility relationship.,SYNTHETIC_DEMO
SUP00759,LOC00867,Distribution Center,LEASED,HIGH,PROJECT_DEMO_EXPANSION,2026-09-23,Synthetic/demo relationship; not a verified facility relationship.,SYNTHETIC_DEMO
SUP00760,LOC00880,Factory,OWNED,LOW,PROJECT_DEMO_EXPANSION,2026-09-23,Synthetic/demo relationship; not a verified facility relationship.,SYNTHETIC_DEMO
SUP00761,LOC00893,Warehouse,OWNED,MEDIUM,PROJECT_DEMO_EXPANSION,2026-09-23,Synthetic/demo relationship; not a verified facility relationship.,SYNTHETIC_DEMO
SUP00762,LOC00906,Distribution Center,UNKNOWN,LOW,PROJECT_DEMO_EXPANSION,2026-09-23,Synthetic/demo relationship; not a verified facility relationship.,SYNTHETIC_DEMO
SUP00763,LOC00919,Warehouse,UNKNOWN,MEDIUM,PROJECT_DEMO_EXPANSION,2026-09-23,Synthetic/demo relationship; not a verified facility relationship.,SYNTHETIC_DEMO
SUP00764,LOC00932,Factory,UNKNOWN,MEDIUM,PROJECT_DEMO_EXPANSION,2026-09-23,Synthetic/demo relationship; not a verified facility relationship.,SYNTHETIC_DEMO
SUP00765,LOC00945,Warehouse,UNKNOWN,MEDIUM,PROJECT_DEMO_EXPANSION,2026-09-23,Synthetic/demo relationship; not a verified facility relationship.,SYNTHETIC_DEMO
SUP00766,LOC00958,Factory,LEASED,MEDIUM,PROJECT_DEMO_EXPANSION,2026-09-23,Synthetic/demo relationship; not a verified facility relationship.,SYNTHETIC_DEMO
SUP00767,LOC00971,Distribution Center,OWNED,HIGH,PROJECT_DEMO_EXPANSION,2026-09-23,Synthetic/demo relationship; not a verified facility relationship.,SYNTHETIC_DEMO
SUP00768,LOC00984,Warehouse,UNKNOWN,MEDIUM,PROJECT_DEMO_EXPANSION,2026-09-23,Synthetic/demo relationship; not a verified facility relationship.,SYNTHETIC_DEMO
SUP00769,LOC00997,Factory,UNKNOWN,MEDIUM,PROJECT_DEMO_EXPANSION,2026-09-23,Synthetic/demo relationship; not a verified facility relationship.,SYNTHETIC_DEMO
SUP00770,LOC00010,Warehouse,UNKNOWN,MEDIUM,PROJECT_DEMO_EXPANSION,2026-09-23,Synthetic/demo relationship; not a verified facility relationship.,SYNTHETIC_DEMO
SUP00771,LOC00023,Warehouse,OWNED,HIGH,PROJECT_DEMO_EXPANSION,2026-09-23,Synthetic/demo relationship; not a verified facility relationship.,SYNTHETIC_DEMO
SUP00772,LOC00036,Factory,UNKNOWN,LOW,PROJECT_DEMO_EXPANSION,2026-09-23,Synthetic/demo relationship; not a verified facility relationship.,SYNTHETIC_DEMO
SUP00773,LOC00049,Factory,OWNED,LOW,PROJECT_DEMO_EXPANSION,2026-09-23,Synthetic/demo relationship; not a verified facility relationship.,SYNTHETIC_DEMO
SUP00774,LOC00062,Factory,LEASED,HIGH,PROJECT_DEMO_EXPANSION,2026-09-23,Synthetic/demo relationship; not a verified facility relationship.,SYNTHETIC_DEMO
SUP00775,LOC00075,Factory,OWNED,HIGH,PROJECT_DEMO_EXPANSION,2026-09-23,Synthetic/demo relationship; not a verified facility relationship.,SYNTHETIC_DEMO
SUP00776,LOC00088,Distribution Center,LEASED,LOW,PROJECT_DEMO_EXPANSION,2026-09-23,Synthetic/demo relationship; not a verified facility relationship.,SYNTHETIC_DEMO
SUP00777,LOC00101,Factory,LEASED,HIGH,PROJECT_DEMO_EXPANSION,2026-09-23,Synthetic/demo relationship; not a verified facility relationship.,SYNTHETIC_DEMO
SUP00778,LOC00114,Distribution Center,OWNED,LOW,PROJECT_DEMO_EXPANSION,2026-09-23,Synthetic/demo relationship; not a verified facility relationship.,SYNTHETIC_DEMO
SUP00779,LOC00127,Factory,LEASED,MEDIUM,PROJECT_DEMO_EXPANSION,2026-09-23,Synthetic/demo relationship; not a verified facility relationship.,SYNTHETIC_DEMO
SUP00780,LOC00140,Factory,UNKNOWN,MEDIUM,PROJECT_DEMO_EXPANSION,2026-09-23,Synthetic/demo relationship; not a verified facility relationship.,SYNTHETIC_DEMO
SUP00781,LOC00153,Distribution Center,UNKNOWN,MEDIUM,PROJECT_DEMO_EXPANSION,2026-09-23,Synthetic/demo relationship; not a verified facility relationship.,SYNTHETIC_DEMO
SUP00782,LOC00166,Factory,UNKNOWN,HIGH,PROJECT_DEMO_EXPANSION,2026-09-23,Synthetic/demo relationship; not a verified facility relationship.,SYNTHETIC_DEMO
SUP00783,LOC00179,Distribution Center,UNKNOWN,HIGH,PROJECT_DEMO_EXPANSION,2026-09-23,Synthetic/demo relationship; not a verified facility relationship.,SYNTHETIC_DEMO
SUP00784,LOC00192,Distribution Center,OWNED,HIGH,PROJECT_DEMO_EXPANSION,2026-09-23,Synthetic/demo relationship; not a verified facility relationship.,SYNTHETIC_DEMO
SUP00785,LOC00205,Factory,OWNED,MEDIUM,PROJECT_DEMO_EXPANSION,2026-09-23,Synthetic/demo relationship; not a verified facility relationship.,SYNTHETIC_DEMO
SUP00786,LOC00218,Distribution Center,LEASED,LOW,PROJECT_DEMO_EXPANSION,2026-09-23,Synthetic/demo relationship; not a verified facility relationship.,SYNTHETIC_DEMO
SUP00787,LOC00231,Distribution Center,UNKNOWN,HIGH,PROJECT_DEMO_EXPANSION,2026-09-23,Synthetic/demo relationship; not a verified facility relationship.,SYNTHETIC_DEMO
SUP00788,LOC00244,Factory,UNKNOWN,LOW,PROJECT_DEMO_EXPANSION,2026-09-23,Synthetic/demo relationship; not a verified facility relationship.,SYNTHETIC_DEMO
SUP00789,LOC00257,Factory,LEASED,LOW,PROJECT_DEMO_EXPANSION,2026-09-23,Synthetic/demo relationship; not a verified facility relationship.,SYNTHETIC_DEMO
SUP00790,LOC00270,Factory,OWNED,LOW,PROJECT_DEMO_EXPANSION,2026-09-23,Synthetic/demo relationship; not a verified facility relationship.,SYNTHETIC_DEMO
SUP00791,LOC00283,Distribution Center,UNKNOWN,HIGH,PROJECT_DEMO_EXPANSION,2026-09-23,Synthetic/demo relationship; not a verified facility relationship.,SYNTHETIC_DEMO
SUP00792,LOC00296,Factory,OWNED,MEDIUM,PROJECT_DEMO_EXPANSION,2026-09-23,Synthetic/demo relationship; not a verified facility relationship.,SYNTHETIC_DEMO
SUP00793,LOC00309,Distribution Center,OWNED,LOW,PROJECT_DEMO_EXPANSION,2026-09-23,Synthetic/demo relationship; not a verified facility relationship.,SYNTHETIC_DEMO
SUP00794,LOC00322,Distribution Center,OWNED,MEDIUM,PROJECT_DEMO_EXPANSION,2026-09-23,Synthetic/demo relationship; not a verified facility relationship.,SYNTHETIC_DEMO
SUP00795,LOC00335,Warehouse,OWNED,HIGH,PROJECT_DEMO_EXPANSION,2026-09-23,Synthetic/demo relationship; not a verified facility relationship.,SYNTHETIC_DEMO
SUP00796,LOC00348,Warehouse,OWNED,MEDIUM,PROJECT_DEMO_EXPANSION,2026-09-23,Synthetic/demo relationship; not a verified facility relationship.,SYNTHETIC_DEMO
SUP00797,LOC00361,Distribution Center,OWNED,HIGH,PROJECT_DEMO_EXPANSION,2026-09-23,Synthetic/demo relationship; not a verified facility relationship.,SYNTHETIC_DEMO
SUP00798,LOC00374,Warehouse,UNKNOWN,HIGH,PROJECT_DEMO_EXPANSION,2026-09-23,Synthetic/demo relationship; not a verified facility relationship.,SYNTHETIC_DEMO
SUP00799,LOC00387,Factory,LEASED,LOW,PROJECT_DEMO_EXPANSION,2026-09-23,Synthetic/demo relationship; not a verified facility relationship.,SYNTHETIC_DEMO
SUP00800,LOC00400,Warehouse,LEASED,MEDIUM,PROJECT_DEMO_EXPANSION,2026-09-23,Synthetic/demo relationship; not a verified facility relationship.,SYNTHETIC_DEMO
SUP00801,LOC00413,Factory,OWNED,LOW,PROJECT_DEMO_EXPANSION,2026-09-23,Synthetic/demo relationship; not a verified facility relationship.,SYNTHETIC_DEMO
SUP00802,LOC00426,Warehouse,UNKNOWN,MEDIUM,PROJECT_DEMO_EXPANSION,2026-09-23,Synthetic/demo relationship; not a verified facility relationship.,SYNTHETIC_DEMO
SUP00803,LOC00439,Warehouse,LEASED,MEDIUM,PROJECT_DEMO_EXPANSION,2026-09-23,Synthetic/demo relationship; not a verified facility relationship.,SYNTHETIC_DEMO
SUP00804,LOC00452,Warehouse,UNKNOWN,MEDIUM,PROJECT_DEMO_EXPANSION,2026-09-23,Synthetic/demo relationship; not a verified facility relationship.,SYNTHETIC_DEMO
SUP00805,LOC00465,Warehouse,UNKNOWN,LOW,PROJECT_DEMO_EXPANSION,2026-09-23,Synthetic/demo relationship; not a verified facility relationship.,SYNTHETIC_DEMO
SUP00806,LOC00478,Factory,OWNED,LOW,PROJECT_DEMO_EXPANSION,2026-09-23,Synthetic/demo relationship; not a verified facility relationship.,SYNTHETIC_DEMO
SUP00807,LOC00491,Distribution Center,UNKNOWN,MEDIUM,PROJECT_DEMO_EXPANSION,2026-09-23,Synthetic/demo relationship; not a verified facility relationship.,SYNTHETIC_DEMO
SUP00808,LOC00504,Warehouse,OWNED,HIGH,PROJECT_DEMO_EXPANSION,2026-09-23,Synthetic/demo relationship; not a verified facility relationship.,SYNTHETIC_DEMO
SUP00809,LOC00517,Warehouse,UNKNOWN,HIGH,PROJECT_DEMO_EXPANSION,2026-09-23,Synthetic/demo relationship; not a verified facility relationship.,SYNTHETIC_DEMO
SUP00810,LOC00530,Warehouse,LEASED,LOW,PROJECT_DEMO_EXPANSION,2026-09-23,Synthetic/demo relationship; not a verified facility relationship.,SYNTHETIC_DEMO
SUP00811,LOC00543,Factory,UNKNOWN,HIGH,PROJECT_DEMO_EXPANSION,2026-09-23,Synthetic/demo relationship; not a verified facility relationship.,SYNTHETIC_DEMO
SUP00812,LOC00556,Distribution Center,UNKNOWN,MEDIUM,PROJECT_DEMO_EXPANSION,2026-09-23,Synthetic/demo relationship; not a verified facility relationship.,SYNTHETIC_DEMO
SUP00813,LOC00569,Factory,LEASED,LOW,PROJECT_DEMO_EXPANSION,2026-09-23,Synthetic/demo relationship; not a verified facility relationship.,SYNTHETIC_DEMO
SUP00814,LOC00582,Factory,OWNED,HIGH,PROJECT_DEMO_EXPANSION,2026-09-23,Synthetic/demo relationship; not a verified facility relationship.,SYNTHETIC_DEMO
SUP00815,LOC00595,Warehouse,LEASED,LOW,PROJECT_DEMO_EXPANSION,2026-09-23,Synthetic/demo relationship; not a verified facility relationship.,SYNTHETIC_DEMO
SUP00816,LOC00608,Distribution Center,LEASED,HIGH,PROJECT_DEMO_EXPANSION,2026-09-23,Synthetic/demo relationship; not a verified facility relationship.,SYNTHETIC_DEMO
SUP00817,LOC00621,Factory,LEASED,LOW,PROJECT_DEMO_EXPANSION,2026-09-23,Synthetic/demo relationship; not a verified facility relationship.,SYNTHETIC_DEMO
SUP00818,LOC00634,Distribution Center,LEASED,HIGH,PROJECT_DEMO_EXPANSION,2026-09-23,Synthetic/demo relationship; not a verified facility relationship.,SYNTHETIC_DEMO
SUP00819,LOC00647,Distribution Center,LEASED,MEDIUM,PROJECT_DEMO_EXPANSION,2026-09-23,Synthetic/demo relationship; not a verified facility relationship.,SYNTHETIC_DEMO
SUP00820,LOC00660,Warehouse,LEASED,LOW,PROJECT_DEMO_EXPANSION,2026-09-23,Synthetic/demo relationship; not a verified facility relationship.,SYNTHETIC_DEMO
SUP00821,LOC00673,Distribution Center,OWNED,MEDIUM,PROJECT_DEMO_EXPANSION,2026-09-23,Synthetic/demo relationship; not a verified facility relationship.,SYNTHETIC_DEMO
SUP00822,LOC00686,Distribution Center,OWNED,MEDIUM,PROJECT_DEMO_EXPANSION,2026-09-23,Synthetic/demo relationship; not a verified facility relationship.,SYNTHETIC_DEMO
SUP00823,LOC00699,Factory,OWNED,HIGH,PROJECT_DEMO_EXPANSION,2026-09-23,Synthetic/demo relationship; not a verified facility relationship.,SYNTHETIC_DEMO
SUP00824,LOC00712,Warehouse,UNKNOWN,HIGH,PROJECT_DEMO_EXPANSION,2026-09-23,Synthetic/demo relationship; not a verified facility relationship.,SYNTHETIC_DEMO
SUP00825,LOC00725,Factory,OWNED,LOW,PROJECT_DEMO_EXPANSION,2026-09-23,Synthetic/demo relationship; not a verified facility relationship.,SYNTHETIC_DEMO
SUP00826,LOC00738,Distribution Center,UNKNOWN,LOW,PROJECT_DEMO_EXPANSION,2026-09-23,Synthetic/demo relationship; not a verified facility relationship.,SYNTHETIC_DEMO
SUP00827,LOC00751,Factory,LEASED,HIGH,PROJECT_DEMO_EXPANSION,2026-09-23,Synthetic/demo relationship; not a verified facility relationship.,SYNTHETIC_DEMO
SUP00828,LOC00764,Factory,OWNED,LOW,PROJECT_DEMO_EXPANSION,2026-09-23,Synthetic/demo relationship; not a verified facility relationship.,SYNTHETIC_DEMO
SUP00829,LOC00777,Factory,OWNED,HIGH,PROJECT_DEMO_EXPANSION,2026-09-23,Synthetic/demo relationship; not a verified facility relationship.,SYNTHETIC_DEMO
SUP00830,LOC00790,Factory,OWNED,LOW,PROJECT_DEMO_EXPANSION,2026-09-23,Synthetic/demo relationship; not a verified facility relationship.,SYNTHETIC_DEMO
SUP00831,LOC00803,Warehouse,UNKNOWN,MEDIUM,PROJECT_DEMO_EXPANSION,2026-09-23,Synthetic/demo relationship; not a verified facility relationship.,SYNTHETIC_DEMO
SUP00832,LOC00816,Distribution Center,UNKNOWN,LOW,PROJECT_DEMO_EXPANSION,2026-09-23,Synthetic/demo relationship; not a verified facility relationship.,SYNTHETIC_DEMO
SUP00833,LOC00829,Factory,UNKNOWN,LOW,PROJECT_DEMO_EXPANSION,2026-09-23,Synthetic/demo relationship; not a verified facility relationship.,SYNTHETIC_DEMO
SUP00834,LOC00842,Distribution Center,LEASED,HIGH,PROJECT_DEMO_EXPANSION,2026-09-23,Synthetic/demo relationship; not a verified facility relationship.,SYNTHETIC_DEMO
SUP00835,LOC00855,Warehouse,LEASED,HIGH,PROJECT_DEMO_EXPANSION,2026-09-23,Synthetic/demo relationship; not a verified facility relationship.,SYNTHETIC_DEMO
SUP00836,LOC00868,Warehouse,UNKNOWN,MEDIUM,PROJECT_DEMO_EXPANSION,2026-09-23,Synthetic/demo relationship; not a verified facility relationship.,SYNTHETIC_DEMO
SUP00837,LOC00881,Distribution Center,LEASED,MEDIUM,PROJECT_DEMO_EXPANSION,2026-09-23,Synthetic/demo relationship; not a verified facility relationship.,SYNTHETIC_DEMO
SUP00838,LOC00894,Warehouse,OWNED,HIGH,PROJECT_DEMO_EXPANSION,2026-09-23,Synthetic/demo relationship; not a verified facility relationship.,SYNTHETIC_DEMO
SUP00839,LOC00907,Distribution Center,OWNED,HIGH,PROJECT_DEMO_EXPANSION,2026-09-23,Synthetic/demo relationship; not a verified facility relationship.,SYNTHETIC_DEMO
SUP00840,LOC00920,Factory,LEASED,LOW,PROJECT_DEMO_EXPANSION,2026-09-23,Synthetic/demo relationship; not a verified facility relationship.,SYNTHETIC_DEMO
SUP00841,LOC00933,Factory,OWNED,HIGH,PROJECT_DEMO_EXPANSION,2026-09-23,Synthetic/demo relationship; not a verified facility relationship.,SYNTHETIC_DEMO
SUP00842,LOC00946,Factory,LEASED,LOW,PROJECT_DEMO_EXPANSION,2026-09-23,Synthetic/demo relationship; not a verified facility relationship.,SYNTHETIC_DEMO
SUP00843,LOC00959,Distribution Center,OWNED,MEDIUM,PROJECT_DEMO_EXPANSION,2026-09-23,Synthetic/demo relationship; not a verified facility relationship.,SYNTHETIC_DEMO
SUP00844,LOC00972,Factory,LEASED,HIGH,PROJECT_DEMO_EXPANSION,2026-09-23,Synthetic/demo relationship; not a verified facility relationship.,SYNTHETIC_DEMO
SUP00845,LOC00985,Factory,OWNED,LOW,PROJECT_DEMO_EXPANSION,2026-09-23,Synthetic/demo relationship; not a verified facility relationship.,SYNTHETIC_DEMO
SUP00846,LOC00998,Warehouse,OWNED,LOW,PROJECT_DEMO_EXPANSION,2026-09-23,Synthetic/demo relationship; not a verified facility relationship.,SYNTHETIC_DEMO
SUP00847,LOC00011,Warehouse,OWNED,LOW,PROJECT_DEMO_EXPANSION,2026-09-23,Synthetic/demo relationship; not a verified facility relationship.,SYNTHETIC_DEMO
SUP00848,LOC00024,Distribution Center,OWNED,MEDIUM,PROJECT_DEMO_EXPANSION,2026-09-23,Synthetic/demo relationship; not a verified facility relationship.,SYNTHETIC_DEMO
SUP00849,LOC00037,Distribution Center,LEASED,HIGH,PROJECT_DEMO_EXPANSION,2026-09-23,Synthetic/demo relationship; not a verified facility relationship.,SYNTHETIC_DEMO
SUP00850,LOC00050,Warehouse,UNKNOWN,LOW,PROJECT_DEMO_EXPANSION,2026-09-23,Synthetic/demo relationship; not a verified facility relationship.,SYNTHETIC_DEMO
SUP00851,LOC00063,Distribution Center,UNKNOWN,HIGH,PROJECT_DEMO_EXPANSION,2026-09-23,Synthetic/demo relationship; not a verified facility relationship.,SYNTHETIC_DEMO
SUP00852,LOC00076,Warehouse,UNKNOWN,LOW,PROJECT_DEMO_EXPANSION,2026-09-23,Synthetic/demo relationship; not a verified facility relationship.,SYNTHETIC_DEMO
SUP00853,LOC00089,Distribution Center,LEASED,HIGH,PROJECT_DEMO_EXPANSION,2026-09-23,Synthetic/demo relationship; not a verified facility relationship.,SYNTHETIC_DEMO
SUP00854,LOC00102,Distribution Center,LEASED,HIGH,PROJECT_DEMO_EXPANSION,2026-09-23,Synthetic/demo relationship; not a verified facility relationship.,SYNTHETIC_DEMO
SUP00855,LOC00115,Distribution Center,UNKNOWN,MEDIUM,PROJECT_DEMO_EXPANSION,2026-09-23,Synthetic/demo relationship; not a verified facility relationship.,SYNTHETIC_DEMO
SUP00856,LOC00128,Distribution Center,LEASED,HIGH,PROJECT_DEMO_EXPANSION,2026-09-23,Synthetic/demo relationship; not a verified facility relationship.,SYNTHETIC_DEMO
SUP00857,LOC00141,Distribution Center,OWNED,LOW,PROJECT_DEMO_EXPANSION,2026-09-23,Synthetic/demo relationship; not a verified facility relationship.,SYNTHETIC_DEMO
SUP00858,LOC00154,Distribution Center,OWNED,HIGH,PROJECT_DEMO_EXPANSION,2026-09-23,Synthetic/demo relationship; not a verified facility relationship.,SYNTHETIC_DEMO
SUP00859,LOC00167,Distribution Center,LEASED,LOW,PROJECT_DEMO_EXPANSION,2026-09-23,Synthetic/demo relationship; not a verified facility relationship.,SYNTHETIC_DEMO
SUP00860,LOC00180,Factory,OWNED,HIGH,PROJECT_DEMO_EXPANSION,2026-09-23,Synthetic/demo relationship; not a verified facility relationship.,SYNTHETIC_DEMO
SUP00861,LOC00193,Warehouse,UNKNOWN,MEDIUM,PROJECT_DEMO_EXPANSION,2026-09-23,Synthetic/demo relationship; not a verified facility relationship.,SYNTHETIC_DEMO
SUP00862,LOC00206,Distribution Center,UNKNOWN,MEDIUM,PROJECT_DEMO_EXPANSION,2026-09-23,Synthetic/demo relationship; not a verified facility relationship.,SYNTHETIC_DEMO
SUP00863,LOC00219,Distribution Center,OWNED,HIGH,PROJECT_DEMO_EXPANSION,2026-09-23,Synthetic/demo relationship; not a verified facility relationship.,SYNTHETIC_DEMO
SUP00864,LOC00232,Warehouse,OWNED,MEDIUM,PROJECT_DEMO_EXPANSION,2026-09-23,Synthetic/demo relationship; not a verified facility relationship.,SYNTHETIC_DEMO
SUP00865,LOC00245,Warehouse,OWNED,HIGH,PROJECT_DEMO_EXPANSION,2026-09-23,Synthetic/demo relationship; not a verified facility relationship.,SYNTHETIC_DEMO
SUP00866,LOC00258,Factory,UNKNOWN,LOW,PROJECT_DEMO_EXPANSION,2026-09-23,Synthetic/demo relationship; not a verified facility relationship.,SYNTHETIC_DEMO
SUP00867,LOC00271,Warehouse,UNKNOWN,MEDIUM,PROJECT_DEMO_EXPANSION,2026-09-23,Synthetic/demo relationship; not a verified facility relationship.,SYNTHETIC_DEMO
SUP00868,LOC00284,Factory,OWNED,HIGH,PROJECT_DEMO_EXPANSION,2026-09-23,Synthetic/demo relationship; not a verified facility relationship.,SYNTHETIC_DEMO
SUP00869,LOC00297,Distribution Center,LEASED,LOW,PROJECT_DEMO_EXPANSION,2026-09-23,Synthetic/demo relationship; not a verified facility relationship.,SYNTHETIC_DEMO
SUP00870,LOC00310,Warehouse,OWNED,LOW,PROJECT_DEMO_EXPANSION,2026-09-23,Synthetic/demo relationship; not a verified facility relationship.,SYNTHETIC_DEMO
SUP00871,LOC00323,Warehouse,LEASED,HIGH,PROJECT_DEMO_EXPANSION,2026-09-23,Synthetic/demo relationship; not a verified facility relationship.,SYNTHETIC_DEMO
SUP00872,LOC00336,Factory,UNKNOWN,HIGH,PROJECT_DEMO_EXPANSION,2026-09-23,Synthetic/demo relationship; not a verified facility relationship.,SYNTHETIC_DEMO
SUP00873,LOC00349,Distribution Center,UNKNOWN,MEDIUM,PROJECT_DEMO_EXPANSION,2026-09-23,Synthetic/demo relationship; not a verified facility relationship.,SYNTHETIC_DEMO
SUP00874,LOC00362,Warehouse,LEASED,LOW,PROJECT_DEMO_EXPANSION,2026-09-23,Synthetic/demo relationship; not a verified facility relationship.,SYNTHETIC_DEMO
SUP00875,LOC00375,Distribution Center,UNKNOWN,LOW,PROJECT_DEMO_EXPANSION,2026-09-23,Synthetic/demo relationship; not a verified facility relationship.,SYNTHETIC_DEMO
SUP00876,LOC00388,Distribution Center,OWNED,LOW,PROJECT_DEMO_EXPANSION,2026-09-23,Synthetic/demo relationship; not a verified facility relationship.,SYNTHETIC_DEMO
SUP00877,LOC00401,Factory,UNKNOWN,LOW,PROJECT_DEMO_EXPANSION,2026-09-23,Synthetic/demo relationship; not a verified facility relationship.,SYNTHETIC_DEMO
SUP00878,LOC00414,Warehouse,LEASED,HIGH,PROJECT_DEMO_EXPANSION,2026-09-23,Synthetic/demo relationship; not a verified facility relationship.,SYNTHETIC_DEMO
SUP00879,LOC00427,Factory,LEASED,MEDIUM,PROJECT_DEMO_EXPANSION,2026-09-23,Synthetic/demo relationship; not a verified facility relationship.,SYNTHETIC_DEMO
SUP00880,LOC00440,Distribution Center,LEASED,LOW,PROJECT_DEMO_EXPANSION,2026-09-23,Synthetic/demo relationship; not a verified facility relationship.,SYNTHETIC_DEMO
SUP00881,LOC00453,Distribution Center,LEASED,LOW,PROJECT_DEMO_EXPANSION,2026-09-23,Synthetic/demo relationship; not a verified facility relationship.,SYNTHETIC_DEMO
SUP00882,LOC00466,Distribution Center,OWNED,HIGH,PROJECT_DEMO_EXPANSION,2026-09-23,Synthetic/demo relationship; not a verified facility relationship.,SYNTHETIC_DEMO
SUP00883,LOC00479,Warehouse,OWNED,MEDIUM,PROJECT_DEMO_EXPANSION,2026-09-23,Synthetic/demo relationship; not a verified facility relationship.,SYNTHETIC_DEMO
SUP00884,LOC00492,Distribution Center,UNKNOWN,LOW,PROJECT_DEMO_EXPANSION,2026-09-23,Synthetic/demo relationship; not a verified facility relationship.,SYNTHETIC_DEMO
SUP00885,LOC00505,Distribution Center,LEASED,LOW,PROJECT_DEMO_EXPANSION,2026-09-23,Synthetic/demo relationship; not a verified facility relationship.,SYNTHETIC_DEMO
SUP00886,LOC00518,Factory,UNKNOWN,MEDIUM,PROJECT_DEMO_EXPANSION,2026-09-23,Synthetic/demo relationship; not a verified facility relationship.,SYNTHETIC_DEMO
SUP00887,LOC00531,Warehouse,OWNED,LOW,PROJECT_DEMO_EXPANSION,2026-09-23,Synthetic/demo relationship; not a verified facility relationship.,SYNTHETIC_DEMO
SUP00888,LOC00544,Factory,UNKNOWN,LOW,PROJECT_DEMO_EXPANSION,2026-09-23,Synthetic/demo relationship; not a verified facility relationship.,SYNTHETIC_DEMO
SUP00889,LOC00557,Warehouse,OWNED,HIGH,PROJECT_DEMO_EXPANSION,2026-09-23,Synthetic/demo relationship; not a verified facility relationship.,SYNTHETIC_DEMO
SUP00890,LOC00570,Distribution Center,UNKNOWN,LOW,PROJECT_DEMO_EXPANSION,2026-09-23,Synthetic/demo relationship; not a verified facility relationship.,SYNTHETIC_DEMO
SUP00891,LOC00583,Warehouse,UNKNOWN,LOW,PROJECT_DEMO_EXPANSION,2026-09-23,Synthetic/demo relationship; not a verified facility relationship.,SYNTHETIC_DEMO
SUP00892,LOC00596,Distribution Center,LEASED,MEDIUM,PROJECT_DEMO_EXPANSION,2026-09-23,Synthetic/demo relationship; not a verified facility relationship.,SYNTHETIC_DEMO
SUP00893,LOC00609,Factory,OWNED,HIGH,PROJECT_DEMO_EXPANSION,2026-09-23,Synthetic/demo relationship; not a verified facility relationship.,SYNTHETIC_DEMO
SUP00894,LOC00622,Distribution Center,LEASED,MEDIUM,PROJECT_DEMO_EXPANSION,2026-09-23,Synthetic/demo relationship; not a verified facility relationship.,SYNTHETIC_DEMO
SUP00895,LOC00635,Distribution Center,UNKNOWN,MEDIUM,PROJECT_DEMO_EXPANSION,2026-09-23,Synthetic/demo relationship; not a verified facility relationship.,SYNTHETIC_DEMO
SUP00896,LOC00648,Warehouse,LEASED,HIGH,PROJECT_DEMO_EXPANSION,2026-09-23,Synthetic/demo relationship; not a verified facility relationship.,SYNTHETIC_DEMO
SUP00897,LOC00661,Factory,UNKNOWN,MEDIUM,PROJECT_DEMO_EXPANSION,2026-09-23,Synthetic/demo relationship; not a verified facility relationship.,SYNTHETIC_DEMO
SUP00898,LOC00674,Factory,UNKNOWN,LOW,PROJECT_DEMO_EXPANSION,2026-09-23,Synthetic/demo relationship; not a verified facility relationship.,SYNTHETIC_DEMO
SUP00899,LOC00687,Factory,LEASED,LOW,PROJECT_DEMO_EXPANSION,2026-09-23,Synthetic/demo relationship; not a verified facility relationship.,SYNTHETIC_DEMO
SUP00900,LOC00700,Factory,OWNED,LOW,PROJECT_DEMO_EXPANSION,2026-09-23,Synthetic/demo relationship; not a verified facility relationship.,SYNTHETIC_DEMO
SUP00901,LOC00713,Warehouse,OWNED,LOW,PROJECT_DEMO_EXPANSION,2026-09-23,Synthetic/demo relationship; not a verified facility relationship.,SYNTHETIC_DEMO
SUP00902,LOC00726,Distribution Center,LEASED,HIGH,PROJECT_DEMO_EXPANSION,2026-09-23,Synthetic/demo relationship; not a verified facility relationship.,SYNTHETIC_DEMO
SUP00903,LOC00739,Warehouse,UNKNOWN,MEDIUM,PROJECT_DEMO_EXPANSION,2026-09-23,Synthetic/demo relationship; not a verified facility relationship.,SYNTHETIC_DEMO
SUP00904,LOC00752,Distribution Center,LEASED,HIGH,PROJECT_DEMO_EXPANSION,2026-09-23,Synthetic/demo relationship; not a verified facility relationship.,SYNTHETIC_DEMO
SUP00905,LOC00765,Warehouse,OWNED,LOW,PROJECT_DEMO_EXPANSION,2026-09-23,Synthetic/demo relationship; not a verified facility relationship.,SYNTHETIC_DEMO
SUP00906,LOC00778,Warehouse,OWNED,LOW,PROJECT_DEMO_EXPANSION,2026-09-23,Synthetic/demo relationship; not a verified facility relationship.,SYNTHETIC_DEMO
SUP00907,LOC00791,Distribution Center,UNKNOWN,LOW,PROJECT_DEMO_EXPANSION,2026-09-23,Synthetic/demo relationship; not a verified facility relationship.,SYNTHETIC_DEMO
SUP00908,LOC00804,Factory,LEASED,LOW,PROJECT_DEMO_EXPANSION,2026-09-23,Synthetic/demo relationship; not a verified facility relationship.,SYNTHETIC_DEMO
SUP00909,LOC00817,Warehouse,LEASED,MEDIUM,PROJECT_DEMO_EXPANSION,2026-09-23,Synthetic/demo relationship; not a verified facility relationship.,SYNTHETIC_DEMO
SUP00910,LOC00830,Warehouse,LEASED,MEDIUM,PROJECT_DEMO_EXPANSION,2026-09-23,Synthetic/demo relationship; not a verified facility relationship.,SYNTHETIC_DEMO
SUP00911,LOC00843,Warehouse,UNKNOWN,LOW,PROJECT_DEMO_EXPANSION,2026-09-23,Synthetic/demo relationship; not a verified facility relationship.,SYNTHETIC_DEMO
SUP00912,LOC00856,Distribution Center,LEASED,MEDIUM,PROJECT_DEMO_EXPANSION,2026-09-23,Synthetic/demo relationship; not a verified facility relationship.,SYNTHETIC_DEMO
SUP00913,LOC00869,Distribution Center,OWNED,HIGH,PROJECT_DEMO_EXPANSION,2026-09-23,Synthetic/demo relationship; not a verified facility relationship.,SYNTHETIC_DEMO
SUP00914,LOC00882,Warehouse,OWNED,LOW,PROJECT_DEMO_EXPANSION,2026-09-23,Synthetic/demo relationship; not a verified facility relationship.,SYNTHETIC_DEMO
SUP00915,LOC00895,Distribution Center,OWNED,HIGH,PROJECT_DEMO_EXPANSION,2026-09-23,Synthetic/demo relationship; not a verified facility relationship.,SYNTHETIC_DEMO
SUP00916,LOC00908,Distribution Center,LEASED,LOW,PROJECT_DEMO_EXPANSION,2026-09-23,Synthetic/demo relationship; not a verified facility relationship.,SYNTHETIC_DEMO
SUP00917,LOC00921,Warehouse,LEASED,HIGH,PROJECT_DEMO_EXPANSION,2026-09-23,Synthetic/demo relationship; not a verified facility relationship.,SYNTHETIC_DEMO
SUP00918,LOC00934,Distribution Center,OWNED,LOW,PROJECT_DEMO_EXPANSION,2026-09-23,Synthetic/demo relationship; not a verified facility relationship.,SYNTHETIC_DEMO
SUP00919,LOC00947,Warehouse,LEASED,HIGH,PROJECT_DEMO_EXPANSION,2026-09-23,Synthetic/demo relationship; not a verified facility relationship.,SYNTHETIC_DEMO
SUP00920,LOC00960,Distribution Center,LEASED,HIGH,PROJECT_DEMO_EXPANSION,2026-09-23,Synthetic/demo relationship; not a verified facility relationship.,SYNTHETIC_DEMO
SUP00921,LOC00973,Distribution Center,UNKNOWN,LOW,PROJECT_DEMO_EXPANSION,2026-09-23,Synthetic/demo relationship; not a verified facility relationship.,SYNTHETIC_DEMO
SUP00922,LOC00986,Distribution Center,OWNED,MEDIUM,PROJECT_DEMO_EXPANSION,2026-09-23,Synthetic/demo relationship; not a verified facility relationship.,SYNTHETIC_DEMO
SUP00923,LOC00999,Warehouse,OWNED,LOW,PROJECT_DEMO_EXPANSION,2026-09-23,Synthetic/demo relationship; not a verified facility relationship.,SYNTHETIC_DEMO
SUP00924,LOC00012,Distribution Center,LEASED,HIGH,PROJECT_DEMO_EXPANSION,2026-09-23,Synthetic/demo relationship; not a verified facility relationship.,SYNTHETIC_DEMO
SUP00925,LOC00025,Warehouse,LEASED,LOW,PROJECT_DEMO_EXPANSION,2026-09-23,Synthetic/demo relationship; not a verified facility relationship.,SYNTHETIC_DEMO
SUP00926,LOC00038,Warehouse,OWNED,MEDIUM,PROJECT_DEMO_EXPANSION,2026-09-23,Synthetic/demo relationship; not a verified facility relationship.,SYNTHETIC_DEMO
SUP00927,LOC00051,Warehouse,LEASED,LOW,PROJECT_DEMO_EXPANSION,2026-09-23,Synthetic/demo relationship; not a verified facility relationship.,SYNTHETIC_DEMO
SUP00928,LOC00064,Warehouse,UNKNOWN,LOW,PROJECT_DEMO_EXPANSION,2026-09-23,Synthetic/demo relationship; not a verified facility relationship.,SYNTHETIC_DEMO
SUP00929,LOC00077,Warehouse,LEASED,LOW,PROJECT_DEMO_EXPANSION,2026-09-23,Synthetic/demo relationship; not a verified facility relationship.,SYNTHETIC_DEMO
SUP00930,LOC00090,Distribution Center,UNKNOWN,MEDIUM,PROJECT_DEMO_EXPANSION,2026-09-23,Synthetic/demo relationship; not a verified facility relationship.,SYNTHETIC_DEMO
SUP00931,LOC00103,Factory,LEASED,HIGH,PROJECT_DEMO_EXPANSION,2026-09-23,Synthetic/demo relationship; not a verified facility relationship.,SYNTHETIC_DEMO
SUP00932,LOC00116,Distribution Center,OWNED,LOW,PROJECT_DEMO_EXPANSION,2026-09-23,Synthetic/demo relationship; not a verified facility relationship.,SYNTHETIC_DEMO
SUP00933,LOC00129,Distribution Center,LEASED,LOW,PROJECT_DEMO_EXPANSION,2026-09-23,Synthetic/demo relationship; not a verified facility relationship.,SYNTHETIC_DEMO
SUP00934,LOC00142,Factory,OWNED,MEDIUM,PROJECT_DEMO_EXPANSION,2026-09-23,Synthetic/demo relationship; not a verified facility relationship.,SYNTHETIC_DEMO
SUP00935,LOC00155,Distribution Center,LEASED,MEDIUM,PROJECT_DEMO_EXPANSION,2026-09-23,Synthetic/demo relationship; not a verified facility relationship.,SYNTHETIC_DEMO
SUP00936,LOC00168,Warehouse,OWNED,MEDIUM,PROJECT_DEMO_EXPANSION,2026-09-23,Synthetic/demo relationship; not a verified facility relationship.,SYNTHETIC_DEMO
SUP00937,LOC00181,Factory,LEASED,MEDIUM,PROJECT_DEMO_EXPANSION,2026-09-23,Synthetic/demo relationship; not a verified facility relationship.,SYNTHETIC_DEMO
SUP00938,LOC00194,Factory,UNKNOWN,MEDIUM,PROJECT_DEMO_EXPANSION,2026-09-23,Synthetic/demo relationship; not a verified facility relationship.,SYNTHETIC_DEMO
SUP00939,LOC00207,Warehouse,LEASED,LOW,PROJECT_DEMO_EXPANSION,2026-09-23,Synthetic/demo relationship; not a verified facility relationship.,SYNTHETIC_DEMO
SUP00940,LOC00220,Warehouse,OWNED,HIGH,PROJECT_DEMO_EXPANSION,2026-09-23,Synthetic/demo relationship; not a verified facility relationship.,SYNTHETIC_DEMO
SUP00941,LOC00233,Distribution Center,UNKNOWN,HIGH,PROJECT_DEMO_EXPANSION,2026-09-23,Synthetic/demo relationship; not a verified facility relationship.,SYNTHETIC_DEMO
SUP00942,LOC00246,Factory,OWNED,MEDIUM,PROJECT_DEMO_EXPANSION,2026-09-23,Synthetic/demo relationship; not a verified facility relationship.,SYNTHETIC_DEMO
SUP00943,LOC00259,Warehouse,UNKNOWN,LOW,PROJECT_DEMO_EXPANSION,2026-09-23,Synthetic/demo relationship; not a verified facility relationship.,SYNTHETIC_DEMO
SUP00944,LOC00272,Distribution Center,OWNED,LOW,PROJECT_DEMO_EXPANSION,2026-09-23,Synthetic/demo relationship; not a verified facility relationship.,SYNTHETIC_DEMO
SUP00945,LOC00285,Factory,UNKNOWN,MEDIUM,PROJECT_DEMO_EXPANSION,2026-09-23,Synthetic/demo relationship; not a verified facility relationship.,SYNTHETIC_DEMO
SUP00946,LOC00298,Warehouse,LEASED,LOW,PROJECT_DEMO_EXPANSION,2026-09-23,Synthetic/demo relationship; not a verified facility relationship.,SYNTHETIC_DEMO
SUP00947,LOC00311,Factory,OWNED,LOW,PROJECT_DEMO_EXPANSION,2026-09-23,Synthetic/demo relationship; not a verified facility relationship.,SYNTHETIC_DEMO
SUP00948,LOC00324,Factory,OWNED,MEDIUM,PROJECT_DEMO_EXPANSION,2026-09-23,Synthetic/demo relationship; not a verified facility relationship.,SYNTHETIC_DEMO
SUP00949,LOC00337,Warehouse,LEASED,LOW,PROJECT_DEMO_EXPANSION,2026-09-23,Synthetic/demo relationship; not a verified facility relationship.,SYNTHETIC_DEMO
SUP00950,LOC00350,Factory,UNKNOWN,LOW,PROJECT_DEMO_EXPANSION,2026-09-23,Synthetic/demo relationship; not a verified facility relationship.,SYNTHETIC_DEMO
SUP00951,LOC00363,Factory,OWNED,HIGH,PROJECT_DEMO_EXPANSION,2026-09-23,Synthetic/demo relationship; not a verified facility relationship.,SYNTHETIC_DEMO
SUP00952,LOC00376,Factory,LEASED,LOW,PROJECT_DEMO_EXPANSION,2026-09-23,Synthetic/demo relationship; not a verified facility relationship.,SYNTHETIC_DEMO
SUP00953,LOC00389,Warehouse,UNKNOWN,MEDIUM,PROJECT_DEMO_EXPANSION,2026-09-23,Synthetic/demo relationship; not a verified facility relationship.,SYNTHETIC_DEMO
SUP00954,LOC00402,Warehouse,OWNED,MEDIUM,PROJECT_DEMO_EXPANSION,2026-09-23,Synthetic/demo relationship; not a verified facility relationship.,SYNTHETIC_DEMO
SUP00955,LOC00415,Factory,OWNED,HIGH,PROJECT_DEMO_EXPANSION,2026-09-23,Synthetic/demo relationship; not a verified facility relationship.,SYNTHETIC_DEMO
SUP00956,LOC00428,Factory,OWNED,LOW,PROJECT_DEMO_EXPANSION,2026-09-23,Synthetic/demo relationship; not a verified facility relationship.,SYNTHETIC_DEMO
SUP00957,LOC00441,Warehouse,LEASED,MEDIUM,PROJECT_DEMO_EXPANSION,2026-09-23,Synthetic/demo relationship; not a verified facility relationship.,SYNTHETIC_DEMO
SUP00958,LOC00454,Warehouse,LEASED,HIGH,PROJECT_DEMO_EXPANSION,2026-09-23,Synthetic/demo relationship; not a verified facility relationship.,SYNTHETIC_DEMO
SUP00959,LOC00467,Distribution Center,OWNED,MEDIUM,PROJECT_DEMO_EXPANSION,2026-09-23,Synthetic/demo relationship; not a verified facility relationship.,SYNTHETIC_DEMO
SUP00960,LOC00480,Factory,LEASED,LOW,PROJECT_DEMO_EXPANSION,2026-09-23,Synthetic/demo relationship; not a verified facility relationship.,SYNTHETIC_DEMO
SUP00961,LOC00493,Factory,LEASED,LOW,PROJECT_DEMO_EXPANSION,2026-09-23,Synthetic/demo relationship; not a verified facility relationship.,SYNTHETIC_DEMO
SUP00962,LOC00506,Factory,LEASED,MEDIUM,PROJECT_DEMO_EXPANSION,2026-09-23,Synthetic/demo relationship; not a verified facility relationship.,SYNTHETIC_DEMO
SUP00963,LOC00519,Distribution Center,OWNED,LOW,PROJECT_DEMO_EXPANSION,2026-09-23,Synthetic/demo relationship; not a verified facility relationship.,SYNTHETIC_DEMO
SUP00964,LOC00532,Warehouse,LEASED,MEDIUM,PROJECT_DEMO_EXPANSION,2026-09-23,Synthetic/demo relationship; not a verified facility relationship.,SYNTHETIC_DEMO
SUP00965,LOC00545,Distribution Center,LEASED,MEDIUM,PROJECT_DEMO_EXPANSION,2026-09-23,Synthetic/demo relationship; not a verified facility relationship.,SYNTHETIC_DEMO
SUP00966,LOC00558,Warehouse,OWNED,LOW,PROJECT_DEMO_EXPANSION,2026-09-23,Synthetic/demo relationship; not a verified facility relationship.,SYNTHETIC_DEMO
SUP00967,LOC00571,Warehouse,UNKNOWN,MEDIUM,PROJECT_DEMO_EXPANSION,2026-09-23,Synthetic/demo relationship; not a verified facility relationship.,SYNTHETIC_DEMO
SUP00968,LOC00584,Warehouse,LEASED,HIGH,PROJECT_DEMO_EXPANSION,2026-09-23,Synthetic/demo relationship; not a verified facility relationship.,SYNTHETIC_DEMO
SUP00969,LOC00597,Distribution Center,UNKNOWN,HIGH,PROJECT_DEMO_EXPANSION,2026-09-23,Synthetic/demo relationship; not a verified facility relationship.,SYNTHETIC_DEMO
SUP00970,LOC00610,Warehouse,LEASED,LOW,PROJECT_DEMO_EXPANSION,2026-09-23,Synthetic/demo relationship; not a verified facility relationship.,SYNTHETIC_DEMO
SUP00971,LOC00623,Warehouse,OWNED,MEDIUM,PROJECT_DEMO_EXPANSION,2026-09-23,Synthetic/demo relationship; not a verified facility relationship.,SYNTHETIC_DEMO
SUP00972,LOC00636,Warehouse,UNKNOWN,MEDIUM,PROJECT_DEMO_EXPANSION,2026-09-23,Synthetic/demo relationship; not a verified facility relationship.,SYNTHETIC_DEMO
SUP00973,LOC00649,Warehouse,OWNED,MEDIUM,PROJECT_DEMO_EXPANSION,2026-09-23,Synthetic/demo relationship; not a verified facility relationship.,SYNTHETIC_DEMO
SUP00974,LOC00662,Distribution Center,UNKNOWN,HIGH,PROJECT_DEMO_EXPANSION,2026-09-23,Synthetic/demo relationship; not a verified facility relationship.,SYNTHETIC_DEMO
SUP00975,LOC00675,Factory,UNKNOWN,LOW,PROJECT_DEMO_EXPANSION,2026-09-23,Synthetic/demo relationship; not a verified facility relationship.,SYNTHETIC_DEMO
SUP00976,LOC00688,Warehouse,UNKNOWN,MEDIUM,PROJECT_DEMO_EXPANSION,2026-09-23,Synthetic/demo relationship; not a verified facility relationship.,SYNTHETIC_DEMO
SUP00977,LOC00701,Distribution Center,UNKNOWN,MEDIUM,PROJECT_DEMO_EXPANSION,2026-09-23,Synthetic/demo relationship; not a verified facility relationship.,SYNTHETIC_DEMO
SUP00978,LOC00714,Factory,LEASED,MEDIUM,PROJECT_DEMO_EXPANSION,2026-09-23,Synthetic/demo relationship; not a verified facility relationship.,SYNTHETIC_DEMO
SUP00979,LOC00727,Factory,LEASED,LOW,PROJECT_DEMO_EXPANSION,2026-09-23,Synthetic/demo relationship; not a verified facility relationship.,SYNTHETIC_DEMO
SUP00980,LOC00740,Distribution Center,UNKNOWN,MEDIUM,PROJECT_DEMO_EXPANSION,2026-09-23,Synthetic/demo relationship; not a verified facility relationship.,SYNTHETIC_DEMO
SUP00981,LOC00753,Warehouse,UNKNOWN,HIGH,PROJECT_DEMO_EXPANSION,2026-09-23,Synthetic/demo relationship; not a verified facility relationship.,SYNTHETIC_DEMO
SUP00982,LOC00766,Factory,LEASED,HIGH,PROJECT_DEMO_EXPANSION,2026-09-23,Synthetic/demo relationship; not a verified facility relationship.,SYNTHETIC_DEMO
SUP00983,LOC00779,Distribution Center,LEASED,HIGH,PROJECT_DEMO_EXPANSION,2026-09-23,Synthetic/demo relationship; not a verified facility relationship.,SYNTHETIC_DEMO
SUP00984,LOC00792,Factory,UNKNOWN,HIGH,PROJECT_DEMO_EXPANSION,2026-09-23,Synthetic/demo relationship; not a verified facility relationship.,SYNTHETIC_DEMO
SUP00985,LOC00805,Warehouse,LEASED,MEDIUM,PROJECT_DEMO_EXPANSION,2026-09-23,Synthetic/demo relationship; not a verified facility relationship.,SYNTHETIC_DEMO
SUP00986,LOC00818,Distribution Center,LEASED,HIGH,PROJECT_DEMO_EXPANSION,2026-09-23,Synthetic/demo relationship; not a verified facility relationship.,SYNTHETIC_DEMO
SUP00987,LOC00831,Factory,LEASED,MEDIUM,PROJECT_DEMO_EXPANSION,2026-09-23,Synthetic/demo relationship; not a verified facility relationship.,SYNTHETIC_DEMO
SUP00988,LOC00844,Distribution Center,OWNED,LOW,PROJECT_DEMO_EXPANSION,2026-09-23,Synthetic/demo relationship; not a verified facility relationship.,SYNTHETIC_DEMO
SUP00989,LOC00857,Distribution Center,OWNED,HIGH,PROJECT_DEMO_EXPANSION,2026-09-23,Synthetic/demo relationship; not a verified facility relationship.,SYNTHETIC_DEMO
SUP00990,LOC00870,Factory,OWNED,LOW,PROJECT_DEMO_EXPANSION,2026-09-23,Synthetic/demo relationship; not a verified facility relationship.,SYNTHETIC_DEMO
SUP00991,LOC00883,Factory,LEASED,HIGH,PROJECT_DEMO_EXPANSION,2026-09-23,Synthetic/demo relationship; not a verified facility relationship.,SYNTHETIC_DEMO
SUP00992,LOC00896,Warehouse,UNKNOWN,LOW,PROJECT_DEMO_EXPANSION,2026-09-23,Synthetic/demo relationship; not a verified facility relationship.,SYNTHETIC_DEMO
SUP00993,LOC00909,Factory,OWNED,HIGH,PROJECT_DEMO_EXPANSION,2026-09-23,Synthetic/demo relationship; not a verified facility relationship.,SYNTHETIC_DEMO
SUP00994,LOC00922,Distribution Center,OWNED,MEDIUM,PROJECT_DEMO_EXPANSION,2026-09-23,Synthetic/demo relationship; not a verified facility relationship.,SYNTHETIC_DEMO
SUP00995,LOC00935,Warehouse,OWNED,LOW,PROJECT_DEMO_EXPANSION,2026-09-23,Synthetic/demo relationship; not a verified facility relationship.,SYNTHETIC_DEMO
SUP00996,LOC00948,Distribution Center,UNKNOWN,LOW,PROJECT_DEMO_EXPANSION,2026-09-23,Synthetic/demo relationship; not a verified facility relationship.,SYNTHETIC_DEMO
SUP00997,LOC00961,Warehouse,LEASED,LOW,PROJECT_DEMO_EXPANSION,2026-09-23,Synthetic/demo relationship; not a verified facility relationship.,SYNTHETIC_DEMO
SUP00998,LOC00974,Distribution Center,UNKNOWN,MEDIUM,PROJECT_DEMO_EXPANSION,2026-09-23,Synthetic/demo relationship; not a verified facility relationship.,SYNTHETIC_DEMO
SUP00999,LOC00987,Distribution Center,LEASED,LOW,PROJECT_DEMO_EXPANSION,2026-09-23,Synthetic/demo relationship; not a verified facility relationship.,SYNTHETIC_DEMO
SUP01000,LOC01000,Warehouse,UNKNOWN,MEDIUM,PROJECT_DEMO_EXPANSION,2026-09-23,Synthetic/demo relationship; not a verified facility relationship.,SYNTHETIC_DEMO
