supplier_id,product_id,relationship_type,dependency_level,share_percent,lead_time_days,source,source_date,evidence,data_status
SUP00001,PROD00007,DISTRIBUTES,HIGH,5.57,60,PROJECT_DEMO_EXPANSION,2026-09-23,Synthetic/demo relationship; not a verified commercial contract.,SYNTHETIC_DEMO
SUP00002,PROD00014,MANUFACTURES,HIGH,15.95,60,PROJECT_DEMO_EXPANSION,2026-09-23,Synthetic/demo relationship; not a verified commercial contract.,SYNTHETIC_DEMO
SUP00003,PROD00021,MANUFACTURES,HIGH,2.61,60,PROJECT_DEMO_EXPANSION,2026-09-23,Synthetic/demo relationship; not a verified commercial contract.,SYNTHETIC_DEMO
SUP00004,PROD00028,MANUFACTURES,MEDIUM,10.61,30,PROJECT_DEMO_EXPANSION,2026-09-23,Synthetic/demo relationship; not a verified commercial contract.,SYNTHETIC_DEMO
SUP00005,PROD00035,SUPPLIES,HIGH,24.85,30,PROJECT_DEMO_EXPANSION,2026-09-23,Synthetic/demo relationship; not a verified commercial contract.,SYNTHETIC_DEMO
SUP00006,PROD00042,SUPPLIES,LOW,12.8,7,PROJECT_DEMO_EXPANSION,2026-09-23,Synthetic/demo relationship; not a verified commercial contract.,SYNTHETIC_DEMO
SUP00007,PROD00049,DISTRIBUTES,MEDIUM,4.14,7,PROJECT_DEMO_EXPANSION,2026-09-23,Synthetic/demo relationship; not a verified commercial contract.,SYNTHETIC_DEMO
SUP00008,PROD00056,MANUFACTURES,LOW,9.04,14,PROJECT_DEMO_EXPANSION,2026-09-23,Synthetic/demo relationship; not a verified commercial contract.,SYNTHETIC_DEMO
SUP00009,PROD00063,SUPPLIES,HIGH,14.81,14,PROJECT_DEMO_EXPANSION,2026-09-23,Synthetic/demo relationship; not a verified commercial contract.,SYNTHETIC_DEMO
SUP00010,PROD00070,SUPPLIES,MEDIUM,31.39,21,PROJECT_DEMO_EXPANSION,2026-09-23,Synthetic/demo relationship; not a verified commercial contract.,SYNTHETIC_DEMO
SUP00011,PROD00077,MANUFACTURES,HIGH,29.01,21,PROJECT_DEMO_EXPANSION,2026-09-23,Synthetic/demo relationship; not a verified commercial contract.,SYNTHETIC_DEMO
SUP00012,PROD00084,MANUFACTURES,MEDIUM,10.55,30,PROJECT_DEMO_EXPANSION,2026-09-23,Synthetic/demo relationship; not a verified commercial contract.,SYNTHETIC_DEMO
SUP00013,PROD00091,MANUFACTURES,MEDIUM,27.59,45,PROJECT_DEMO_EXPANSION,2026-09-23,Synthetic/demo relationship; not a verified commercial contract.,SYNTHETIC_DEMO
SUP00014,PROD00098,DISTRIBUTES,HIGH,27.09,21,PROJECT_DEMO_EXPANSION,2026-09-23,Synthetic/demo relationship; not a verified commercial contract.,SYNTHETIC_DEMO
SUP00015,PROD00105,SUPPLIES,HIGH,36.99,60,PROJECT_DEMO_EXPANSION,2026-09-23,Synthetic/demo relationship; not a verified commercial contract.,SYNTHETIC_DEMO
SUP00016,PROD00112,MANUFACTURES,MEDIUM,12.27,90,PROJECT_DEMO_EXPANSION,2026-09-23,Synthetic/demo relationship; not a verified commercial contract.,SYNTHETIC_DEMO
SUP00017,PROD00119,SUPPLIES,MEDIUM,29.62,14,PROJECT_DEMO_EXPANSION,2026-09-23,Synthetic/demo relationship; not a verified commercial contract.,SYNTHETIC_DEMO
SUP00018,PROD00126,DISTRIBUTES,HIGH,31.34,21,PROJECT_DEMO_EXPANSION,2026-09-23,Synthetic/demo relationship; not a verified commercial contract.,SYNTHETIC_DEMO
SUP00019,PROD00133,DISTRIBUTES,MEDIUM,11.14,7,PROJECT_DEMO_EXPANSION,2026-09-23,Synthetic/demo relationship; not a verified commercial contract.,SYNTHETIC_DEMO
SUP00020,PROD00140,DISTRIBUTES,HIGH,7.08,14,PROJECT_DEMO_EXPANSION,2026-09-23,Synthetic/demo relationship; not a verified commercial contract.,SYNTHETIC_DEMO
SUP00021,PROD00147,DISTRIBUTES,HIGH,33.12,45,PROJECT_DEMO_EXPANSION,2026-09-23,Synthetic/demo relationship; not a verified commercial contract.,SYNTHETIC_DEMO
SUP00022,PROD00154,MANUFACTURES,HIGH,34.39,60,PROJECT_DEMO_EXPANSION,2026-09-23,Synthetic/demo relationship; not a verified commercial contract.,SYNTHETIC_DEMO
SUP00023,PROD00161,DISTRIBUTES,HIGH,33.7,30,PROJECT_DEMO_EXPANSION,2026-09-23,Synthetic/demo relationship; not a verified commercial contract.,SYNTHETIC_DEMO
SUP00024,PROD00168,MANUFACTURES,HIGH,22.96,14,PROJECT_DEMO_EXPANSION,2026-09-23,Synthetic/demo relationship; not a verified commercial contract.,SYNTHETIC_DEMO
SUP00025,PROD00175,MANUFACTURES,LOW,1.12,30,PROJECT_DEMO_EXPANSION,2026-09-23,Synthetic/demo relationship; not a verified commercial contract.,SYNTHETIC_DEMO
SUP00026,PROD00182,MANUFACTURES,MEDIUM,2.95,7,PROJECT_DEMO_EXPANSION,2026-09-23,Synthetic/demo relationship; not a verified commercial contract.,SYNTHETIC_DEMO
SUP00027,PROD00189,MANUFACTURES,HIGH,23.62,21,PROJECT_DEMO_EXPANSION,2026-09-23,Synthetic/demo relationship; not a verified commercial contract.,SYNTHETIC_DEMO
SUP00028,PROD00196,SUPPLIES,HIGH,17.15,45,PROJECT_DEMO_EXPANSION,2026-09-23,Synthetic/demo relationship; not a verified commercial contract.,SYNTHETIC_DEMO
SUP00029,PROD00203,DISTRIBUTES,HIGH,12.91,14,PROJECT_DEMO_EXPANSION,2026-09-23,Synthetic/demo relationship; not a verified commercial contract.,SYNTHETIC_DEMO
SUP00030,PROD00210,MANUFACTURES,LOW,5.8,45,PROJECT_DEMO_EXPANSION,2026-09-23,Synthetic/demo relationship; not a verified commercial contract.,SYNTHETIC_DEMO
SUP00031,PROD00217,MANUFACTURES,HIGH,37.38,7,PROJECT_DEMO_EXPANSION,2026-09-23,Synthetic/demo relationship; not a verified commercial contract.,SYNTHETIC_DEMO
SUP00032,PROD00224,DISTRIBUTES,MEDIUM,30.82,30,PROJECT_DEMO_EXPANSION,2026-09-23,Synthetic/demo relationship; not a verified commercial contract.,SYNTHETIC_DEMO
SUP00033,PROD00231,MANUFACTURES,LOW,14.56,14,PROJECT_DEMO_EXPANSION,2026-09-23,Synthetic/demo relationship; not a verified commercial contract.,SYNTHETIC_DEMO
SUP00034,PROD00238,SUPPLIES,HIGH,28.79,7,PROJECT_DEMO_EXPANSION,2026-09-23,Synthetic/demo relationship; not a verified commercial contract.,SYNTHETIC_DEMO
SUP00035,PROD00245,DISTRIBUTES,MEDIUM,28.78,7,PROJECT_DEMO_EXPANSION,2026-09-23,Synthetic/demo relationship; not a verified commercial contract.,SYNTHETIC_DEMO
SUP00036,PROD00252,MANUFACTURES,HIGH,38.36,45,PROJECT_DEMO_EXPANSION,2026-09-23,Synthetic/demo relationship; not a verified commercial contract.,SYNTHETIC_DEMO
SUP00037,PROD00259,DISTRIBUTES,LOW,24.71,60,PROJECT_DEMO_EXPANSION,2026-09-23,Synthetic/demo relationship; not a verified commercial contract.,SYNTHETIC_DEMO
SUP00038,PROD00266,MANUFACTURES,LOW,25.63,7,PROJECT_DEMO_EXPANSION,2026-09-23,Synthetic/demo relationship; not a verified commercial contract.,SYNTHETIC_DEMO
SUP00039,PROD00273,SUPPLIES,HIGH,16.58,90,PROJECT_DEMO_EXPANSION,2026-09-23,Synthetic/demo relationship; not a verified commercial contract.,SYNTHETIC_DEMO
SUP00040,PROD00280,MANUFACTURES,LOW,6.8,60,PROJECT_DEMO_EXPANSION,2026-09-23,Synthetic/demo relationship; not a verified commercial contract.,SYNTHETIC_DEMO
SUP00041,PROD00287,MANUFACTURES,MEDIUM,11.82,90,PROJECT_DEMO_EXPANSION,2026-09-23,Synthetic/demo relationship; not a verified commercial contract.,SYNTHETIC_DEMO
SUP00042,PROD00294,DISTRIBUTES,MEDIUM,17.92,14,PROJECT_DEMO_EXPANSION,2026-09-23,Synthetic/demo relationship; not a verified commercial contract.,SYNTHETIC_DEMO
SUP00043,PROD00301,DISTRIBUTES,LOW,18.26,45,PROJECT_DEMO_EXPANSION,2026-09-23,Synthetic/demo relationship; not a verified commercial contract.,SYNTHETIC_DEMO
SUP00044,PROD00308,SUPPLIES,MEDIUM,22.36,21,PROJECT_DEMO_EXPANSION,2026-09-23,Synthetic/demo relationship; not a verified commercial contract.,SYNTHETIC_DEMO
SUP00045,PROD00315,DISTRIBUTES,MEDIUM,6.24,90,PROJECT_DEMO_EXPANSION,2026-09-23,Synthetic/demo relationship; not a verified commercial contract.,SYNTHETIC_DEMO
SUP00046,PROD00322,MANUFACTURES,MEDIUM,39.37,90,PROJECT_DEMO_EXPANSION,2026-09-23,Synthetic/demo relationship; not a verified commercial contract.,SYNTHETIC_DEMO
SUP00047,PROD00329,MANUFACTURES,HIGH,21.29,90,PROJECT_DEMO_EXPANSION,2026-09-23,Synthetic/demo relationship; not a verified commercial contract.,SYNTHETIC_DEMO
SUP00048,PROD00336,MANUFACTURES,HIGH,8.26,45,PROJECT_DEMO_EXPANSION,2026-09-23,Synthetic/demo relationship; not a verified commercial contract.,SYNTHETIC_DEMO
SUP00049,PROD00343,MANUFACTURES,HIGH,36.16,7,PROJECT_DEMO_EXPANSION,2026-09-23,Synthetic/demo relationship; not a verified commercial contract.,SYNTHETIC_DEMO
SUP00050,PROD00350,SUPPLIES,LOW,32.9,45,PROJECT_DEMO_EXPANSION,2026-09-23,Synthetic/demo relationship; not a verified commercial contract.,SYNTHETIC_DEMO
SUP00051,PROD00357,SUPPLIES,LOW,23.99,90,PROJECT_DEMO_EXPANSION,2026-09-23,Synthetic/demo relationship; not a verified commercial contract.,SYNTHETIC_DEMO
SUP00052,PROD00364,DISTRIBUTES,MEDIUM,6.84,90,PROJECT_DEMO_EXPANSION,2026-09-23,Synthetic/demo relationship; not a verified commercial contract.,SYNTHETIC_DEMO
SUP00053,PROD00371,SUPPLIES,HIGH,2.28,7,PROJECT_DEMO_EXPANSION,2026-09-23,Synthetic/demo relationship; not a verified commercial contract.,SYNTHETIC_DEMO
SUP00054,PROD00378,SUPPLIES,MEDIUM,32.85,30,PROJECT_DEMO_EXPANSION,2026-09-23,Synthetic/demo relationship; not a verified commercial contract.,SYNTHETIC_DEMO
SUP00055,PROD00385,MANUFACTURES,LOW,39.47,90,PROJECT_DEMO_EXPANSION,2026-09-23,Synthetic/demo relationship; not a verified commercial contract.,SYNTHETIC_DEMO
SUP00056,PROD00392,SUPPLIES,HIGH,35.9,60,PROJECT_DEMO_EXPANSION,2026-09-23,Synthetic/demo relationship; not a verified commercial contract.,SYNTHETIC_DEMO
SUP00057,PROD00399,SUPPLIES,MEDIUM,20.64,90,PROJECT_DEMO_EXPANSION,2026-09-23,Synthetic/demo relationship; not a verified commercial contract.,SYNTHETIC_DEMO
SUP00058,PROD00406,DISTRIBUTES,MEDIUM,35.41,14,PROJECT_DEMO_EXPANSION,2026-09-23,Synthetic/demo relationship; not a verified commercial contract.,SYNTHETIC_DEMO
SUP00059,PROD00413,SUPPLIES,MEDIUM,8.06,7,PROJECT_DEMO_EXPANSION,2026-09-23,Synthetic/demo relationship; not a verified commercial contract.,SYNTHETIC_DEMO
SUP00060,PROD00420,DISTRIBUTES,HIGH,6.86,14,PROJECT_DEMO_EXPANSION,2026-09-23,Synthetic/demo relationship; not a verified commercial contract.,SYNTHETIC_DEMO
SUP00061,PROD00427,SUPPLIES,HIGH,35.14,45,PROJECT_DEMO_EXPANSION,2026-09-23,Synthetic/demo relationship; not a verified commercial contract.,SYNTHETIC_DEMO
SUP00062,PROD00434,MANUFACTURES,LOW,34.07,60,PROJECT_DEMO_EXPANSION,2026-09-23,Synthetic/demo relationship; not a verified commercial contract.,SYNTHETIC_DEMO
SUP00063,PROD00441,DISTRIBUTES,MEDIUM,5.77,7,PROJECT_DEMO_EXPANSION,2026-09-23,Synthetic/demo relationship; not a verified commercial contract.,SYNTHETIC_DEMO
SUP00064,PROD00448,DISTRIBUTES,HIGH,18.45,45,PROJECT_DEMO_EXPANSION,2026-09-23,Synthetic/demo relationship; not a verified commercial contract.,SYNTHETIC_DEMO
SUP00065,PROD00455,MANUFACTURES,LOW,12.14,45,PROJECT_DEMO_EXPANSION,2026-09-23,Synthetic/demo relationship; not a verified commercial contract.,SYNTHETIC_DEMO
SUP00066,PROD00462,SUPPLIES,LOW,5.25,45,PROJECT_DEMO_EXPANSION,2026-09-23,Synthetic/demo relationship; not a verified commercial contract.,SYNTHETIC_DEMO
SUP00067,PROD00469,SUPPLIES,MEDIUM,6.64,14,PROJECT_DEMO_EXPANSION,2026-09-23,Synthetic/demo relationship; not a verified commercial contract.,SYNTHETIC_DEMO
SUP00068,PROD00476,SUPPLIES,LOW,1.67,14,PROJECT_DEMO_EXPANSION,2026-09-23,Synthetic/demo relationship; not a verified commercial contract.,SYNTHETIC_DEMO
SUP00069,PROD00483,DISTRIBUTES,HIGH,9.07,30,PROJECT_DEMO_EXPANSION,2026-09-23,Synthetic/demo relationship; not a verified commercial contract.,SYNTHETIC_DEMO
SUP00070,PROD00490,MANUFACTURES,MEDIUM,22.67,21,PROJECT_DEMO_EXPANSION,2026-09-23,Synthetic/demo relationship; not a verified commercial contract.,SYNTHETIC_DEMO
SUP00071,PROD00497,MANUFACTURES,HIGH,3.3,45,PROJECT_DEMO_EXPANSION,2026-09-23,Synthetic/demo relationship; not a verified commercial contract.,SYNTHETIC_DEMO
SUP00072,PROD00504,SUPPLIES,HIGH,17.8,90,PROJECT_DEMO_EXPANSION,2026-09-23,Synthetic/demo relationship; not a verified commercial contract.,SYNTHETIC_DEMO
SUP00073,PROD00511,SUPPLIES,MEDIUM,21.35,30,PROJECT_DEMO_EXPANSION,2026-09-23,Synthetic/demo relationship; not a verified commercial contract.,SYNTHETIC_DEMO
SUP00074,PROD00518,SUPPLIES,MEDIUM,6.82,14,PROJECT_DEMO_EXPANSION,2026-09-23,Synthetic/demo relationship; not a verified commercial contract.,SYNTHETIC_DEMO
SUP00075,PROD00525,MANUFACTURES,LOW,13.55,14,PROJECT_DEMO_EXPANSION,2026-09-23,Synthetic/demo relationship; not a verified commercial contract.,SYNTHETIC_DEMO
SUP00076,PROD00532,DISTRIBUTES,HIGH,16.64,60,PROJECT_DEMO_EXPANSION,2026-09-23,Synthetic/demo relationship; not a verified commercial contract.,SYNTHETIC_DEMO
SUP00077,PROD00539,MANUFACTURES,HIGH,13.93,21,PROJECT_DEMO_EXPANSION,2026-09-23,Synthetic/demo relationship; not a verified commercial contract.,SYNTHETIC_DEMO
SUP00078,PROD00546,DISTRIBUTES,LOW,31.85,7,PROJECT_DEMO_EXPANSION,2026-09-23,Synthetic/demo relationship; not a verified commercial contract.,SYNTHETIC_DEMO
SUP00079,PROD00553,SUPPLIES,HIGH,1.6,45,PROJECT_DEMO_EXPANSION,2026-09-23,Synthetic/demo relationship; not a verified commercial contract.,SYNTHETIC_DEMO
SUP00080,PROD00560,DISTRIBUTES,LOW,26.63,45,PROJECT_DEMO_EXPANSION,2026-09-23,Synthetic/demo relationship; not a verified commercial contract.,SYNTHETIC_DEMO
SUP00081,PROD00567,MANUFACTURES,MEDIUM,37.64,7,PROJECT_DEMO_EXPANSION,2026-09-23,Synthetic/demo relationship; not a verified commercial contract.,SYNTHETIC_DEMO
SUP00082,PROD00574,SUPPLIES,MEDIUM,19.65,45,PROJECT_DEMO_EXPANSION,2026-09-23,Synthetic/demo relationship; not a verified commercial contract.,SYNTHETIC_DEMO
SUP00083,PROD00581,DISTRIBUTES,HIGH,38.41,60,PROJECT_DEMO_EXPANSION,2026-09-23,Synthetic/demo relationship; not a verified commercial contract.,SYNTHETIC_DEMO
SUP00084,PROD00588,SUPPLIES,LOW,10.38,90,PROJECT_DEMO_EXPANSION,2026-09-23,Synthetic/demo relationship; not a verified commercial contract.,SYNTHETIC_DEMO
SUP00085,PROD00595,DISTRIBUTES,LOW,13.69,45,PROJECT_DEMO_EXPANSION,2026-09-23,Synthetic/demo relationship; not a verified commercial contract.,SYNTHETIC_DEMO
SUP00086,PROD00602,SUPPLIES,LOW,35.86,7,PROJECT_DEMO_EXPANSION,2026-09-23,Synthetic/demo relationship; not a verified commercial contract.,SYNTHETIC_DEMO
SUP00087,PROD00609,SUPPLIES,LOW,2.13,45,PROJECT_DEMO_EXPANSION,2026-09-23,Synthetic/demo relationship; not a verified commercial contract.,SYNTHETIC_DEMO
SUP00088,PROD00616,SUPPLIES,MEDIUM,10.15,45,PROJECT_DEMO_EXPANSION,2026-09-23,Synthetic/demo relationship; not a verified commercial contract.,SYNTHETIC_DEMO
SUP00089,PROD00623,MANUFACTURES,MEDIUM,5.12,60,PROJECT_DEMO_EXPANSION,2026-09-23,Synthetic/demo relationship; not a verified commercial contract.,SYNTHETIC_DEMO
SUP00090,PROD00630,MANUFACTURES,HIGH,24.55,7,PROJECT_DEMO_EXPANSION,2026-09-23,Synthetic/demo relationship; not a verified commercial contract.,SYNTHETIC_DEMO
SUP00091,PROD00637,DISTRIBUTES,LOW,20.19,7,PROJECT_DEMO_EXPANSION,2026-09-23,Synthetic/demo relationship; not a verified commercial contract.,SYNTHETIC_DEMO
SUP00092,PROD00644,SUPPLIES,LOW,15.67,30,PROJECT_DEMO_EXPANSION,2026-09-23,Synthetic/demo relationship; not a verified commercial contract.,SYNTHETIC_DEMO
SUP00093,PROD00651,SUPPLIES,HIGH,34.66,90,PROJECT_DEMO_EXPANSION,2026-09-23,Synthetic/demo relationship; not a verified commercial contract.,SYNTHETIC_DEMO
SUP00094,PROD00658,MANUFACTURES,HIGH,39.87,90,PROJECT_DEMO_EXPANSION,2026-09-23,Synthetic/demo relationship; not a verified commercial contract.,SYNTHETIC_DEMO
SUP00095,PROD00665,SUPPLIES,LOW,23.28,45,PROJECT_DEMO_EXPANSION,2026-09-23,Synthetic/demo relationship; not a verified commercial contract.,SYNTHETIC_DEMO
SUP00096,PROD00672,MANUFACTURES,LOW,30.6,90,PROJECT_DEMO_EXPANSION,2026-09-23,Synthetic/demo relationship; not a verified commercial contract.,SYNTHETIC_DEMO
SUP00097,PROD00679,MANUFACTURES,MEDIUM,18.25,45,PROJECT_DEMO_EXPANSION,2026-09-23,Synthetic/demo relationship; not a verified commercial contract.,SYNTHETIC_DEMO
SUP00098,PROD00686,MANUFACTURES,LOW,39.63,90,PROJECT_DEMO_EXPANSION,2026-09-23,Synthetic/demo relationship; not a verified commercial contract.,SYNTHETIC_DEMO
SUP00099,PROD00693,MANUFACTURES,HIGH,6.97,45,PROJECT_DEMO_EXPANSION,2026-09-23,Synthetic/demo relationship; not a verified commercial contract.,SYNTHETIC_DEMO
SUP00100,PROD00700,DISTRIBUTES,HIGH,17.71,90,PROJECT_DEMO_EXPANSION,2026-09-23,Synthetic/demo relationship; not a verified commercial contract.,SYNTHETIC_DEMO
SUP00101,PROD00707,DISTRIBUTES,LOW,13.49,60,PROJECT_DEMO_EXPANSION,2026-09-23,Synthetic/demo relationship; not a verified commercial contract.,SYNTHETIC_DEMO
SUP00102,PROD00714,MANUFACTURES,LOW,2.45,21,PROJECT_DEMO_EXPANSION,2026-09-23,Synthetic/demo relationship; not a verified commercial contract.,SYNTHETIC_DEMO
SUP00103,PROD00721,MANUFACTURES,HIGH,5.65,30,PROJECT_DEMO_EXPANSION,2026-09-23,Synthetic/demo relationship; not a verified commercial contract.,SYNTHETIC_DEMO
SUP00104,PROD00728,DISTRIBUTES,LOW,14.11,14,PROJECT_DEMO_EXPANSION,2026-09-23,Synthetic/demo relationship; not a verified commercial contract.,SYNTHETIC_DEMO
SUP00105,PROD00735,MANUFACTURES,HIGH,4.13,90,PROJECT_DEMO_EXPANSION,2026-09-23,Synthetic/demo relationship; not a verified commercial contract.,SYNTHETIC_DEMO
SUP00106,PROD00742,DISTRIBUTES,LOW,23.85,21,PROJECT_DEMO_EXPANSION,2026-09-23,Synthetic/demo relationship; not a verified commercial contract.,SYNTHETIC_DEMO
SUP00107,PROD00749,MANUFACTURES,MEDIUM,8.81,7,PROJECT_DEMO_EXPANSION,2026-09-23,Synthetic/demo relationship; not a verified commercial contract.,SYNTHETIC_DEMO
SUP00108,PROD00756,MANUFACTURES,MEDIUM,7.37,90,PROJECT_DEMO_EXPANSION,2026-09-23,Synthetic/demo relationship; not a verified commercial contract.,SYNTHETIC_DEMO
SUP00109,PROD00763,MANUFACTURES,HIGH,35.21,14,PROJECT_DEMO_EXPANSION,2026-09-23,Synthetic/demo relationship; not a verified commercial contract.,SYNTHETIC_DEMO
SUP00110,PROD00770,MANUFACTURES,LOW,16.68,60,PROJECT_DEMO_EXPANSION,2026-09-23,Synthetic/demo relationship; not a verified commercial contract.,SYNTHETIC_DEMO
SUP00111,PROD00777,SUPPLIES,LOW,19.97,60,PROJECT_DEMO_EXPANSION,2026-09-23,Synthetic/demo relationship; not a verified commercial contract.,SYNTHETIC_DEMO
SUP00112,PROD00784,SUPPLIES,HIGH,15.74,45,PROJECT_DEMO_EXPANSION,2026-09-23,Synthetic/demo relationship; not a verified commercial contract.,SYNTHETIC_DEMO
SUP00113,PROD00791,MANUFACTURES,MEDIUM,24.07,21,PROJECT_DEMO_EXPANSION,2026-09-23,Synthetic/demo relationship; not a verified commercial contract.,SYNTHETIC_DEMO
SUP00114,PROD00798,MANUFACTURES,LOW,5.66,45,PROJECT_DEMO_EXPANSION,2026-09-23,Synthetic/demo relationship; not a verified commercial contract.,SYNTHETIC_DEMO
SUP00115,PROD00805,DISTRIBUTES,MEDIUM,39.93,60,PROJECT_DEMO_EXPANSION,2026-09-23,Synthetic/demo relationship; not a verified commercial contract.,SYNTHETIC_DEMO
SUP00116,PROD00812,MANUFACTURES,MEDIUM,20.96,90,PROJECT_DEMO_EXPANSION,2026-09-23,Synthetic/demo relationship; not a verified commercial contract.,SYNTHETIC_DEMO
SUP00117,PROD00819,MANUFACTURES,MEDIUM,26.33,14,PROJECT_DEMO_EXPANSION,2026-09-23,Synthetic/demo relationship; not a verified commercial contract.,SYNTHETIC_DEMO
SUP00118,PROD00826,DISTRIBUTES,LOW,1.65,60,PROJECT_DEMO_EXPANSION,2026-09-23,Synthetic/demo relationship; not a verified commercial contract.,SYNTHETIC_DEMO
SUP00119,PROD00833,SUPPLIES,HIGH,35.07,90,PROJECT_DEMO_EXPANSION,2026-09-23,Synthetic/demo relationship; not a verified commercial contract.,SYNTHETIC_DEMO
SUP00120,PROD00840,SUPPLIES,LOW,36.19,45,PROJECT_DEMO_EXPANSION,2026-09-23,Synthetic/demo relationship; not a verified commercial contract.,SYNTHETIC_DEMO
SUP00121,PROD00847,DISTRIBUTES,LOW,14.54,7,PROJECT_DEMO_EXPANSION,2026-09-23,Synthetic/demo relationship; not a verified commercial contract.,SYNTHETIC_DEMO
SUP00122,PROD00854,MANUFACTURES,LOW,20.69,7,PROJECT_DEMO_EXPANSION,2026-09-23,Synthetic/demo relationship; not a verified commercial contract.,SYNTHETIC_DEMO
SUP00123,PROD00861,SUPPLIES,LOW,9.07,60,PROJECT_DEMO_EXPANSION,2026-09-23,Synthetic/demo relationship; not a verified commercial contract.,SYNTHETIC_DEMO
SUP00124,PROD00868,DISTRIBUTES,MEDIUM,21.68,21,PROJECT_DEMO_EXPANSION,2026-09-23,Synthetic/demo relationship; not a verified commercial contract.,SYNTHETIC_DEMO
SUP00125,PROD00875,SUPPLIES,HIGH,39.95,14,PROJECT_DEMO_EXPANSION,2026-09-23,Synthetic/demo relationship; not a verified commercial contract.,SYNTHETIC_DEMO
SUP00126,PROD00882,SUPPLIES,HIGH,31.05,90,PROJECT_DEMO_EXPANSION,2026-09-23,Synthetic/demo relationship; not a verified commercial contract.,SYNTHETIC_DEMO
SUP00127,PROD00889,SUPPLIES,HIGH,26.66,45,PROJECT_DEMO_EXPANSION,2026-09-23,Synthetic/demo relationship; not a verified commercial contract.,SYNTHETIC_DEMO
SUP00128,PROD00896,DISTRIBUTES,LOW,31.92,45,PROJECT_DEMO_EXPANSION,2026-09-23,Synthetic/demo relationship; not a verified commercial contract.,SYNTHETIC_DEMO
SUP00129,PROD00903,SUPPLIES,MEDIUM,11.03,60,PROJECT_DEMO_EXPANSION,2026-09-23,Synthetic/demo relationship; not a verified commercial contract.,SYNTHETIC_DEMO
SUP00130,PROD00910,DISTRIBUTES,HIGH,19.58,90,PROJECT_DEMO_EXPANSION,2026-09-23,Synthetic/demo relationship; not a verified commercial contract.,SYNTHETIC_DEMO
SUP00131,PROD00917,MANUFACTURES,MEDIUM,5.57,14,PROJECT_DEMO_EXPANSION,2026-09-23,Synthetic/demo relationship; not a verified commercial contract.,SYNTHETIC_DEMO
SUP00132,PROD00924,SUPPLIES,LOW,20.09,21,PROJECT_DEMO_EXPANSION,2026-09-23,Synthetic/demo relationship; not a verified commercial contract.,SYNTHETIC_DEMO
SUP00133,PROD00931,DISTRIBUTES,LOW,25.97,21,PROJECT_DEMO_EXPANSION,2026-09-23,Synthetic/demo relationship; not a verified commercial contract.,SYNTHETIC_DEMO
SUP00134,PROD00938,SUPPLIES,MEDIUM,2.11,45,PROJECT_DEMO_EXPANSION,2026-09-23,Synthetic/demo relationship; not a verified commercial contract.,SYNTHETIC_DEMO
SUP00135,PROD00945,MANUFACTURES,HIGH,21.42,14,PROJECT_DEMO_EXPANSION,2026-09-23,Synthetic/demo relationship; not a verified commercial contract.,SYNTHETIC_DEMO
SUP00136,PROD00952,MANUFACTURES,LOW,31.24,30,PROJECT_DEMO_EXPANSION,2026-09-23,Synthetic/demo relationship; not a verified commercial contract.,SYNTHETIC_DEMO
SUP00137,PROD00959,DISTRIBUTES,HIGH,23.11,7,PROJECT_DEMO_EXPANSION,2026-09-23,Synthetic/demo relationship; not a verified commercial contract.,SYNTHETIC_DEMO
SUP00138,PROD00966,MANUFACTURES,LOW,11.34,7,PROJECT_DEMO_EXPANSION,2026-09-23,Synthetic/demo relationship; not a verified commercial contract.,SYNTHETIC_DEMO
SUP00139,PROD00973,SUPPLIES,LOW,14.75,21,PROJECT_DEMO_EXPANSION,2026-09-23,Synthetic/demo relationship; not a verified commercial contract.,SYNTHETIC_DEMO
SUP00140,PROD00980,SUPPLIES,LOW,34.55,7,PROJECT_DEMO_EXPANSION,2026-09-23,Synthetic/demo relationship; not a verified commercial contract.,SYNTHETIC_DEMO
SUP00141,PROD00987,DISTRIBUTES,LOW,11.64,45,PROJECT_DEMO_EXPANSION,2026-09-23,Synthetic/demo relationship; not a verified commercial contract.,SYNTHETIC_DEMO
SUP00142,PROD00994,DISTRIBUTES,HIGH,31.1,60,PROJECT_DEMO_EXPANSION,2026-09-23,Synthetic/demo relationship; not a verified commercial contract.,SYNTHETIC_DEMO
SUP00143,PROD00001,SUPPLIES,MEDIUM,3.52,21,PROJECT_DEMO_EXPANSION,2026-09-23,Synthetic/demo relationship; not a verified commercial contract.,SYNTHETIC_DEMO
SUP00144,PROD00008,DISTRIBUTES,LOW,15.94,30,PROJECT_DEMO_EXPANSION,2026-09-23,Synthetic/demo relationship; not a verified commercial contract.,SYNTHETIC_DEMO
SUP00145,PROD00015,MANUFACTURES,MEDIUM,7.19,14,PROJECT_DEMO_EXPANSION,2026-09-23,Synthetic/demo relationship; not a verified commercial contract.,SYNTHETIC_DEMO
SUP00146,PROD00022,MANUFACTURES,MEDIUM,15.44,30,PROJECT_DEMO_EXPANSION,2026-09-23,Synthetic/demo relationship; not a verified commercial contract.,SYNTHETIC_DEMO
SUP00147,PROD00029,MANUFACTURES,MEDIUM,22.8,60,PROJECT_DEMO_EXPANSION,2026-09-23,Synthetic/demo relationship; not a verified commercial contract.,SYNTHETIC_DEMO
SUP00148,PROD00036,DISTRIBUTES,MEDIUM,20.13,45,PROJECT_DEMO_EXPANSION,2026-09-23,Synthetic/demo relationship; not a verified commercial contract.,SYNTHETIC_DEMO
SUP00149,PROD00043,SUPPLIES,HIGH,25.4,14,PROJECT_DEMO_EXPANSION,2026-09-23,Synthetic/demo relationship; not a verified commercial contract.,SYNTHETIC_DEMO
SUP00150,PROD00050,DISTRIBUTES,MEDIUM,11.11,14,PROJECT_DEMO_EXPANSION,2026-09-23,Synthetic/demo relationship; not a verified commercial contract.,SYNTHETIC_DEMO
SUP00151,PROD00057,SUPPLIES,HIGH,35.9,90,PROJECT_DEMO_EXPANSION,2026-09-23,Synthetic/demo relationship; not a verified commercial contract.,SYNTHETIC_DEMO
SUP00152,PROD00064,MANUFACTURES,MEDIUM,34.67,90,PROJECT_DEMO_EXPANSION,2026-09-23,Synthetic/demo relationship; not a verified commercial contract.,SYNTHETIC_DEMO
SUP00153,PROD00071,SUPPLIES,MEDIUM,20.14,90,PROJECT_DEMO_EXPANSION,2026-09-23,Synthetic/demo relationship; not a verified commercial contract.,SYNTHETIC_DEMO
SUP00154,PROD00078,DISTRIBUTES,HIGH,13.05,45,PROJECT_DEMO_EXPANSION,2026-09-23,Synthetic/demo relationship; not a verified commercial contract.,SYNTHETIC_DEMO
SUP00155,PROD00085,DISTRIBUTES,HIGH,6.21,21,PROJECT_DEMO_EXPANSION,2026-09-23,Synthetic/demo relationship; not a verified commercial contract.,SYNTHETIC_DEMO
SUP00156,PROD00092,DISTRIBUTES,LOW,7.13,30,PROJECT_DEMO_EXPANSION,2026-09-23,Synthetic/demo relationship; not a verified commercial contract.,SYNTHETIC_DEMO
SUP00157,PROD00099,DISTRIBUTES,MEDIUM,5.51,90,PROJECT_DEMO_EXPANSION,2026-09-23,Synthetic/demo relationship; not a verified commercial contract.,SYNTHETIC_DEMO
SUP00158,PROD00106,MANUFACTURES,MEDIUM,2.73,30,PROJECT_DEMO_EXPANSION,2026-09-23,Synthetic/demo relationship; not a verified commercial contract.,SYNTHETIC_DEMO
SUP00159,PROD00113,SUPPLIES,HIGH,23.41,60,PROJECT_DEMO_EXPANSION,2026-09-23,Synthetic/demo relationship; not a verified commercial contract.,SYNTHETIC_DEMO
SUP00160,PROD00120,DISTRIBUTES,HIGH,2.04,60,PROJECT_DEMO_EXPANSION,2026-09-23,Synthetic/demo relationship; not a verified commercial contract.,SYNTHETIC_DEMO
SUP00161,PROD00127,SUPPLIES,LOW,23.6,60,PROJECT_DEMO_EXPANSION,2026-09-23,Synthetic/demo relationship; not a verified commercial contract.,SYNTHETIC_DEMO
SUP00162,PROD00134,SUPPLIES,MEDIUM,1.45,90,PROJECT_DEMO_EXPANSION,2026-09-23,Synthetic/demo relationship; not a verified commercial contract.,SYNTHETIC_DEMO
SUP00163,PROD00141,DISTRIBUTES,LOW,31.66,60,PROJECT_DEMO_EXPANSION,2026-09-23,Synthetic/demo relationship; not a verified commercial contract.,SYNTHETIC_DEMO
SUP00164,PROD00148,DISTRIBUTES,HIGH,13.42,45,PROJECT_DEMO_EXPANSION,2026-09-23,Synthetic/demo relationship; not a verified commercial contract.,SYNTHETIC_DEMO
SUP00165,PROD00155,SUPPLIES,HIGH,36.32,30,PROJECT_DEMO_EXPANSION,2026-09-23,Synthetic/demo relationship; not a verified commercial contract.,SYNTHETIC_DEMO
SUP00166,PROD00162,DISTRIBUTES,LOW,33.52,45,PROJECT_DEMO_EXPANSION,2026-09-23,Synthetic/demo relationship; not a verified commercial contract.,SYNTHETIC_DEMO
SUP00167,PROD00169,SUPPLIES,HIGH,29.69,14,PROJECT_DEMO_EXPANSION,2026-09-23,Synthetic/demo relationship; not a verified commercial contract.,SYNTHETIC_DEMO
SUP00168,PROD00176,SUPPLIES,LOW,22.68,45,PROJECT_DEMO_EXPANSION,2026-09-23,Synthetic/demo relationship; not a verified commercial contract.,SYNTHETIC_DEMO
SUP00169,PROD00183,DISTRIBUTES,LOW,3.78,30,PROJECT_DEMO_EXPANSION,2026-09-23,Synthetic/demo relationship; not a verified commercial contract.,SYNTHETIC_DEMO
SUP00170,PROD00190,DISTRIBUTES,LOW,37.88,14,PROJECT_DEMO_EXPANSION,2026-09-23,Synthetic/demo relationship; not a verified commercial contract.,SYNTHETIC_DEMO
SUP00171,PROD00197,SUPPLIES,MEDIUM,35.12,7,PROJECT_DEMO_EXPANSION,2026-09-23,Synthetic/demo relationship; not a verified commercial contract.,SYNTHETIC_DEMO
SUP00172,PROD00204,DISTRIBUTES,HIGH,20.73,60,PROJECT_DEMO_EXPANSION,2026-09-23,Synthetic/demo relationship; not a verified commercial contract.,SYNTHETIC_DEMO
SUP00173,PROD00211,DISTRIBUTES,HIGH,32.37,7,PROJECT_DEMO_EXPANSION,2026-09-23,Synthetic/demo relationship; not a verified commercial contract.,SYNTHETIC_DEMO
SUP00174,PROD00218,DISTRIBUTES,HIGH,3.34,14,PROJECT_DEMO_EXPANSION,2026-09-23,Synthetic/demo relationship; not a verified commercial contract.,SYNTHETIC_DEMO
SUP00175,PROD00225,MANUFACTURES,HIGH,3.97,45,PROJECT_DEMO_EXPANSION,2026-09-23,Synthetic/demo relationship; not a verified commercial contract.,SYNTHETIC_DEMO
SUP00176,PROD00232,MANUFACTURES,HIGH,9.27,60,PROJECT_DEMO_EXPANSION,2026-09-23,Synthetic/demo relationship; not a verified commercial contract.,SYNTHETIC_DEMO
SUP00177,PROD00239,DISTRIBUTES,HIGH,16.33,7,PROJECT_DEMO_EXPANSION,2026-09-23,Synthetic/demo relationship; not a verified commercial contract.,SYNTHETIC_DEMO
SUP00178,PROD00246,DISTRIBUTES,MEDIUM,31.13,90,PROJECT_DEMO_EXPANSION,2026-09-23,Synthetic/demo relationship; not a verified commercial contract.,SYNTHETIC_DEMO
SUP00179,PROD00253,MANUFACTURES,HIGH,2.78,90,PROJECT_DEMO_EXPANSION,2026-09-23,Synthetic/demo relationship; not a verified commercial contract.,SYNTHETIC_DEMO
SUP00180,PROD00260,DISTRIBUTES,HIGH,38.01,60,PROJECT_DEMO_EXPANSION,2026-09-23,Synthetic/demo relationship; not a verified commercial contract.,SYNTHETIC_DEMO
SUP00181,PROD00267,SUPPLIES,MEDIUM,19.77,7,PROJECT_DEMO_EXPANSION,2026-09-23,Synthetic/demo relationship; not a verified commercial contract.,SYNTHETIC_DEMO
SUP00182,PROD00274,SUPPLIES,LOW,39.53,21,PROJECT_DEMO_EXPANSION,2026-09-23,Synthetic/demo relationship; not a verified commercial contract.,SYNTHETIC_DEMO
SUP00183,PROD00281,DISTRIBUTES,LOW,37.29,30,PROJECT_DEMO_EXPANSION,2026-09-23,Synthetic/demo relationship; not a verified commercial contract.,SYNTHETIC_DEMO
SUP00184,PROD00288,DISTRIBUTES,LOW,20.93,60,PROJECT_DEMO_EXPANSION,2026-09-23,Synthetic/demo relationship; not a verified commercial contract.,SYNTHETIC_DEMO
SUP00185,PROD00295,SUPPLIES,LOW,10.43,21,PROJECT_DEMO_EXPANSION,2026-09-23,Synthetic/demo relationship; not a verified commercial contract.,SYNTHETIC_DEMO
SUP00186,PROD00302,SUPPLIES,LOW,8.64,7,PROJECT_DEMO_EXPANSION,2026-09-23,Synthetic/demo relationship; not a verified commercial contract.,SYNTHETIC_DEMO
SUP00187,PROD00309,SUPPLIES,LOW,2.34,30,PROJECT_DEMO_EXPANSION,2026-09-23,Synthetic/demo relationship; not a verified commercial contract.,SYNTHETIC_DEMO
SUP00188,PROD00316,SUPPLIES,HIGH,31.68,90,PROJECT_DEMO_EXPANSION,2026-09-23,Synthetic/demo relationship; not a verified commercial contract.,SYNTHETIC_DEMO
SUP00189,PROD00323,MANUFACTURES,HIGH,39.18,30,PROJECT_DEMO_EXPANSION,2026-09-23,Synthetic/demo relationship; not a verified commercial contract.,SYNTHETIC_DEMO
SUP00190,PROD00330,DISTRIBUTES,LOW,35.92,21,PROJECT_DEMO_EXPANSION,2026-09-23,Synthetic/demo relationship; not a verified commercial contract.,SYNTHETIC_DEMO
SUP00191,PROD00337,SUPPLIES,LOW,2.64,30,PROJECT_DEMO_EXPANSION,2026-09-23,Synthetic/demo relationship; not a verified commercial contract.,SYNTHETIC_DEMO
SUP00192,PROD00344,MANUFACTURES,HIGH,29.74,90,PROJECT_DEMO_EXPANSION,2026-09-23,Synthetic/demo relationship; not a verified commercial contract.,SYNTHETIC_DEMO
SUP00193,PROD00351,SUPPLIES,MEDIUM,33.79,21,PROJECT_DEMO_EXPANSION,2026-09-23,Synthetic/demo relationship; not a verified commercial contract.,SYNTHETIC_DEMO
SUP00194,PROD00358,MANUFACTURES,MEDIUM,1.85,21,PROJECT_DEMO_EXPANSION,2026-09-23,Synthetic/demo relationship; not a verified commercial contract.,SYNTHETIC_DEMO
SUP00195,PROD00365,DISTRIBUTES,MEDIUM,9.03,90,PROJECT_DEMO_EXPANSION,2026-09-23,Synthetic/demo relationship; not a verified commercial contract.,SYNTHETIC_DEMO
SUP00196,PROD00372,SUPPLIES,MEDIUM,1.73,7,PROJECT_DEMO_EXPANSION,2026-09-23,Synthetic/demo relationship; not a verified commercial contract.,SYNTHETIC_DEMO
SUP00197,PROD00379,MANUFACTURES,LOW,18.53,45,PROJECT_DEMO_EXPANSION,2026-09-23,Synthetic/demo relationship; not a verified commercial contract.,SYNTHETIC_DEMO
SUP00198,PROD00386,SUPPLIES,MEDIUM,14.97,45,PROJECT_DEMO_EXPANSION,2026-09-23,Synthetic/demo relationship; not a verified commercial contract.,SYNTHETIC_DEMO
SUP00199,PROD00393,MANUFACTURES,HIGH,33.27,30,PROJECT_DEMO_EXPANSION,2026-09-23,Synthetic/demo relationship; not a verified commercial contract.,SYNTHETIC_DEMO
SUP00200,PROD00400,MANUFACTURES,LOW,8.5,14,PROJECT_DEMO_EXPANSION,2026-09-23,Synthetic/demo relationship; not a verified commercial contract.,SYNTHETIC_DEMO
SUP00201,PROD00407,SUPPLIES,LOW,24.55,7,PROJECT_DEMO_EXPANSION,2026-09-23,Synthetic/demo relationship; not a verified commercial contract.,SYNTHETIC_DEMO
SUP00202,PROD00414,MANUFACTURES,MEDIUM,15.75,45,PROJECT_DEMO_EXPANSION,2026-09-23,Synthetic/demo relationship; not a verified commercial contract.,SYNTHETIC_DEMO
SUP00203,PROD00421,DISTRIBUTES,LOW,24.28,21,PROJECT_DEMO_EXPANSION,2026-09-23,Synthetic/demo relationship; not a verified commercial contract.,SYNTHETIC_DEMO
SUP00204,PROD00428,SUPPLIES,HIGH,1.13,7,PROJECT_DEMO_EXPANSION,2026-09-23,Synthetic/demo relationship; not a verified commercial contract.,SYNTHETIC_DEMO
SUP00205,PROD00435,SUPPLIES,MEDIUM,3.64,45,PROJECT_DEMO_EXPANSION,2026-09-23,Synthetic/demo relationship; not a verified commercial contract.,SYNTHETIC_DEMO
SUP00206,PROD00442,MANUFACTURES,HIGH,6.92,90,PROJECT_DEMO_EXPANSION,2026-09-23,Synthetic/demo relationship; not a verified commercial contract.,SYNTHETIC_DEMO
SUP00207,PROD00449,SUPPLIES,LOW,21.23,7,PROJECT_DEMO_EXPANSION,2026-09-23,Synthetic/demo relationship; not a verified commercial contract.,SYNTHETIC_DEMO
SUP00208,PROD00456,DISTRIBUTES,HIGH,2.67,30,PROJECT_DEMO_EXPANSION,2026-09-23,Synthetic/demo relationship; not a verified commercial contract.,SYNTHETIC_DEMO
SUP00209,PROD00463,SUPPLIES,MEDIUM,25.41,30,PROJECT_DEMO_EXPANSION,2026-09-23,Synthetic/demo relationship; not a verified commercial contract.,SYNTHETIC_DEMO
SUP00210,PROD00470,MANUFACTURES,LOW,25.5,30,PROJECT_DEMO_EXPANSION,2026-09-23,Synthetic/demo relationship; not a verified commercial contract.,SYNTHETIC_DEMO
SUP00211,PROD00477,DISTRIBUTES,MEDIUM,27.56,21,PROJECT_DEMO_EXPANSION,2026-09-23,Synthetic/demo relationship; not a verified commercial contract.,SYNTHETIC_DEMO
SUP00212,PROD00484,SUPPLIES,MEDIUM,15.87,45,PROJECT_DEMO_EXPANSION,2026-09-23,Synthetic/demo relationship; not a verified commercial contract.,SYNTHETIC_DEMO
SUP00213,PROD00491,MANUFACTURES,HIGH,15.14,21,PROJECT_DEMO_EXPANSION,2026-09-23,Synthetic/demo relationship; not a verified commercial contract.,SYNTHETIC_DEMO
SUP00214,PROD00498,DISTRIBUTES,LOW,5.61,90,PROJECT_DEMO_EXPANSION,2026-09-23,Synthetic/demo relationship; not a verified commercial contract.,SYNTHETIC_DEMO
SUP00215,PROD00505,DISTRIBUTES,MEDIUM,39.04,60,PROJECT_DEMO_EXPANSION,2026-09-23,Synthetic/demo relationship; not a verified commercial contract.,SYNTHETIC_DEMO
SUP00216,PROD00512,SUPPLIES,HIGH,38.21,90,PROJECT_DEMO_EXPANSION,2026-09-23,Synthetic/demo relationship; not a verified commercial contract.,SYNTHETIC_DEMO
SUP00217,PROD00519,MANUFACTURES,HIGH,28.35,30,PROJECT_DEMO_EXPANSION,2026-09-23,Synthetic/demo relationship; not a verified commercial contract.,SYNTHETIC_DEMO
SUP00218,PROD00526,DISTRIBUTES,MEDIUM,6.24,7,PROJECT_DEMO_EXPANSION,2026-09-23,Synthetic/demo relationship; not a verified commercial contract.,SYNTHETIC_DEMO
SUP00219,PROD00533,SUPPLIES,MEDIUM,38.99,60,PROJECT_DEMO_EXPANSION,2026-09-23,Synthetic/demo relationship; not a verified commercial contract.,SYNTHETIC_DEMO
SUP00220,PROD00540,MANUFACTURES,LOW,18.88,90,PROJECT_DEMO_EXPANSION,2026-09-23,Synthetic/demo relationship; not a verified commercial contract.,SYNTHETIC_DEMO
SUP00221,PROD00547,DISTRIBUTES,LOW,17.48,30,PROJECT_DEMO_EXPANSION,2026-09-23,Synthetic/demo relationship; not a verified commercial contract.,SYNTHETIC_DEMO
SUP00222,PROD00554,DISTRIBUTES,MEDIUM,10.1,21,PROJECT_DEMO_EXPANSION,2026-09-23,Synthetic/demo relationship; not a verified commercial contract.,SYNTHETIC_DEMO
SUP00223,PROD00561,DISTRIBUTES,MEDIUM,26.82,21,PROJECT_DEMO_EXPANSION,2026-09-23,Synthetic/demo relationship; not a verified commercial contract.,SYNTHETIC_DEMO
SUP00224,PROD00568,SUPPLIES,HIGH,4.8,60,PROJECT_DEMO_EXPANSION,2026-09-23,Synthetic/demo relationship; not a verified commercial contract.,SYNTHETIC_DEMO
SUP00225,PROD00575,DISTRIBUTES,LOW,15.7,90,PROJECT_DEMO_EXPANSION,2026-09-23,Synthetic/demo relationship; not a verified commercial contract.,SYNTHETIC_DEMO
SUP00226,PROD00582,DISTRIBUTES,MEDIUM,5.62,60,PROJECT_DEMO_EXPANSION,2026-09-23,Synthetic/demo relationship; not a verified commercial contract.,SYNTHETIC_DEMO
SUP00227,PROD00589,DISTRIBUTES,HIGH,21.01,30,PROJECT_DEMO_EXPANSION,2026-09-23,Synthetic/demo relationship; not a verified commercial contract.,SYNTHETIC_DEMO
SUP00228,PROD00596,DISTRIBUTES,HIGH,12.91,30,PROJECT_DEMO_EXPANSION,2026-09-23,Synthetic/demo relationship; not a verified commercial contract.,SYNTHETIC_DEMO
SUP00229,PROD00603,DISTRIBUTES,MEDIUM,25.76,90,PROJECT_DEMO_EXPANSION,2026-09-23,Synthetic/demo relationship; not a verified commercial contract.,SYNTHETIC_DEMO
SUP00230,PROD00610,SUPPLIES,HIGH,14.79,14,PROJECT_DEMO_EXPANSION,2026-09-23,Synthetic/demo relationship; not a verified commercial contract.,SYNTHETIC_DEMO
SUP00231,PROD00617,SUPPLIES,HIGH,27.67,7,PROJECT_DEMO_EXPANSION,2026-09-23,Synthetic/demo relationship; not a verified commercial contract.,SYNTHETIC_DEMO
SUP00232,PROD00624,SUPPLIES,LOW,6.39,90,PROJECT_DEMO_EXPANSION,2026-09-23,Synthetic/demo relationship; not a verified commercial contract.,SYNTHETIC_DEMO
SUP00233,PROD00631,MANUFACTURES,HIGH,23.26,60,PROJECT_DEMO_EXPANSION,2026-09-23,Synthetic/demo relationship; not a verified commercial contract.,SYNTHETIC_DEMO
SUP00234,PROD00638,MANUFACTURES,MEDIUM,27.97,21,PROJECT_DEMO_EXPANSION,2026-09-23,Synthetic/demo relationship; not a verified commercial contract.,SYNTHETIC_DEMO
SUP00235,PROD00645,SUPPLIES,LOW,28.09,14,PROJECT_DEMO_EXPANSION,2026-09-23,Synthetic/demo relationship; not a verified commercial contract.,SYNTHETIC_DEMO
SUP00236,PROD00652,SUPPLIES,HIGH,24.9,21,PROJECT_DEMO_EXPANSION,2026-09-23,Synthetic/demo relationship; not a verified commercial contract.,SYNTHETIC_DEMO
SUP00237,PROD00659,SUPPLIES,MEDIUM,34.49,21,PROJECT_DEMO_EXPANSION,2026-09-23,Synthetic/demo relationship; not a verified commercial contract.,SYNTHETIC_DEMO
SUP00238,PROD00666,SUPPLIES,MEDIUM,30.44,21,PROJECT_DEMO_EXPANSION,2026-09-23,Synthetic/demo relationship; not a verified commercial contract.,SYNTHETIC_DEMO
SUP00239,PROD00673,MANUFACTURES,MEDIUM,19.81,14,PROJECT_DEMO_EXPANSION,2026-09-23,Synthetic/demo relationship; not a verified commercial contract.,SYNTHETIC_DEMO
SUP00240,PROD00680,MANUFACTURES,MEDIUM,21.27,45,PROJECT_DEMO_EXPANSION,2026-09-23,Synthetic/demo relationship; not a verified commercial contract.,SYNTHETIC_DEMO
SUP00241,PROD00687,SUPPLIES,HIGH,27.47,21,PROJECT_DEMO_EXPANSION,2026-09-23,Synthetic/demo relationship; not a verified commercial contract.,SYNTHETIC_DEMO
SUP00242,PROD00694,DISTRIBUTES,MEDIUM,6.12,21,PROJECT_DEMO_EXPANSION,2026-09-23,Synthetic/demo relationship; not a verified commercial contract.,SYNTHETIC_DEMO
SUP00243,PROD00701,SUPPLIES,MEDIUM,12.16,14,PROJECT_DEMO_EXPANSION,2026-09-23,Synthetic/demo relationship; not a verified commercial contract.,SYNTHETIC_DEMO
SUP00244,PROD00708,SUPPLIES,HIGH,19.56,21,PROJECT_DEMO_EXPANSION,2026-09-23,Synthetic/demo relationship; not a verified commercial contract.,SYNTHETIC_DEMO
SUP00245,PROD00715,MANUFACTURES,LOW,26.22,30,PROJECT_DEMO_EXPANSION,2026-09-23,Synthetic/demo relationship; not a verified commercial contract.,SYNTHETIC_DEMO
SUP00246,PROD00722,SUPPLIES,MEDIUM,17.56,45,PROJECT_DEMO_EXPANSION,2026-09-23,Synthetic/demo relationship; not a verified commercial contract.,SYNTHETIC_DEMO
SUP00247,PROD00729,SUPPLIES,HIGH,20.39,60,PROJECT_DEMO_EXPANSION,2026-09-23,Synthetic/demo relationship; not a verified commercial contract.,SYNTHETIC_DEMO
SUP00248,PROD00736,DISTRIBUTES,LOW,35.62,21,PROJECT_DEMO_EXPANSION,2026-09-23,Synthetic/demo relationship; not a verified commercial contract.,SYNTHETIC_DEMO
SUP00249,PROD00743,DISTRIBUTES,HIGH,29.5,14,PROJECT_DEMO_EXPANSION,2026-09-23,Synthetic/demo relationship; not a verified commercial contract.,SYNTHETIC_DEMO
SUP00250,PROD00750,DISTRIBUTES,LOW,16.14,21,PROJECT_DEMO_EXPANSION,2026-09-23,Synthetic/demo relationship; not a verified commercial contract.,SYNTHETIC_DEMO
SUP00251,PROD00757,SUPPLIES,LOW,29.79,90,PROJECT_DEMO_EXPANSION,2026-09-23,Synthetic/demo relationship; not a verified commercial contract.,SYNTHETIC_DEMO
SUP00252,PROD00764,SUPPLIES,HIGH,28.21,30,PROJECT_DEMO_EXPANSION,2026-09-23,Synthetic/demo relationship; not a verified commercial contract.,SYNTHETIC_DEMO
SUP00253,PROD00771,DISTRIBUTES,HIGH,33.82,7,PROJECT_DEMO_EXPANSION,2026-09-23,Synthetic/demo relationship; not a verified commercial contract.,SYNTHETIC_DEMO
SUP00254,PROD00778,MANUFACTURES,LOW,26.83,90,PROJECT_DEMO_EXPANSION,2026-09-23,Synthetic/demo relationship; not a verified commercial contract.,SYNTHETIC_DEMO
SUP00255,PROD00785,SUPPLIES,HIGH,34.82,21,PROJECT_DEMO_EXPANSION,2026-09-23,Synthetic/demo relationship; not a verified commercial contract.,SYNTHETIC_DEMO
SUP00256,PROD00792,MANUFACTURES,HIGH,37.01,14,PROJECT_DEMO_EXPANSION,2026-09-23,Synthetic/demo relationship; not a verified commercial contract.,SYNTHETIC_DEMO
SUP00257,PROD00799,DISTRIBUTES,MEDIUM,27.87,14,PROJECT_DEMO_EXPANSION,2026-09-23,Synthetic/demo relationship; not a verified commercial contract.,SYNTHETIC_DEMO
SUP00258,PROD00806,DISTRIBUTES,LOW,34.48,21,PROJECT_DEMO_EXPANSION,2026-09-23,Synthetic/demo relationship; not a verified commercial contract.,SYNTHETIC_DEMO
SUP00259,PROD00813,MANUFACTURES,LOW,8.41,7,PROJECT_DEMO_EXPANSION,2026-09-23,Synthetic/demo relationship; not a verified commercial contract.,SYNTHETIC_DEMO
SUP00260,PROD00820,SUPPLIES,LOW,38.63,45,PROJECT_DEMO_EXPANSION,2026-09-23,Synthetic/demo relationship; not a verified commercial contract.,SYNTHETIC_DEMO
SUP00261,PROD00827,MANUFACTURES,LOW,11.68,60,PROJECT_DEMO_EXPANSION,2026-09-23,Synthetic/demo relationship; not a verified commercial contract.,SYNTHETIC_DEMO
SUP00262,PROD00834,SUPPLIES,LOW,13.74,30,PROJECT_DEMO_EXPANSION,2026-09-23,Synthetic/demo relationship; not a verified commercial contract.,SYNTHETIC_DEMO
SUP00263,PROD00841,DISTRIBUTES,LOW,13.21,60,PROJECT_DEMO_EXPANSION,2026-09-23,Synthetic/demo relationship; not a verified commercial contract.,SYNTHETIC_DEMO
SUP00264,PROD00848,MANUFACTURES,HIGH,37.3,90,PROJECT_DEMO_EXPANSION,2026-09-23,Synthetic/demo relationship; not a verified commercial contract.,SYNTHETIC_DEMO
SUP00265,PROD00855,MANUFACTURES,LOW,12.36,45,PROJECT_DEMO_EXPANSION,2026-09-23,Synthetic/demo relationship; not a verified commercial contract.,SYNTHETIC_DEMO
SUP00266,PROD00862,SUPPLIES,HIGH,1.55,14,PROJECT_DEMO_EXPANSION,2026-09-23,Synthetic/demo relationship; not a verified commercial contract.,SYNTHETIC_DEMO
SUP00267,PROD00869,DISTRIBUTES,HIGH,30.19,60,PROJECT_DEMO_EXPANSION,2026-09-23,Synthetic/demo relationship; not a verified commercial contract.,SYNTHETIC_DEMO
SUP00268,PROD00876,SUPPLIES,MEDIUM,1.32,7,PROJECT_DEMO_EXPANSION,2026-09-23,Synthetic/demo relationship; not a verified commercial contract.,SYNTHETIC_DEMO
SUP00269,PROD00883,MANUFACTURES,MEDIUM,29.76,60,PROJECT_DEMO_EXPANSION,2026-09-23,Synthetic/demo relationship; not a verified commercial contract.,SYNTHETIC_DEMO
SUP00270,PROD00890,SUPPLIES,MEDIUM,16.84,30,PROJECT_DEMO_EXPANSION,2026-09-23,Synthetic/demo relationship; not a verified commercial contract.,SYNTHETIC_DEMO
SUP00271,PROD00897,SUPPLIES,LOW,23.32,14,PROJECT_DEMO_EXPANSION,2026-09-23,Synthetic/demo relationship; not a verified commercial contract.,SYNTHETIC_DEMO
SUP00272,PROD00904,SUPPLIES,MEDIUM,39.24,45,PROJECT_DEMO_EXPANSION,2026-09-23,Synthetic/demo relationship; not a verified commercial contract.,SYNTHETIC_DEMO
SUP00273,PROD00911,MANUFACTURES,LOW,21.03,30,PROJECT_DEMO_EXPANSION,2026-09-23,Synthetic/demo relationship; not a verified commercial contract.,SYNTHETIC_DEMO
SUP00274,PROD00918,DISTRIBUTES,LOW,21.73,30,PROJECT_DEMO_EXPANSION,2026-09-23,Synthetic/demo relationship; not a verified commercial contract.,SYNTHETIC_DEMO
SUP00275,PROD00925,SUPPLIES,HIGH,2.86,7,PROJECT_DEMO_EXPANSION,2026-09-23,Synthetic/demo relationship; not a verified commercial contract.,SYNTHETIC_DEMO
SUP00276,PROD00932,SUPPLIES,MEDIUM,32.23,21,PROJECT_DEMO_EXPANSION,2026-09-23,Synthetic/demo relationship; not a verified commercial contract.,SYNTHETIC_DEMO
SUP00277,PROD00939,MANUFACTURES,HIGH,24.78,7,PROJECT_DEMO_EXPANSION,2026-09-23,Synthetic/demo relationship; not a verified commercial contract.,SYNTHETIC_DEMO
SUP00278,PROD00946,MANUFACTURES,HIGH,34.03,14,PROJECT_DEMO_EXPANSION,2026-09-23,Synthetic/demo relationship; not a verified commercial contract.,SYNTHETIC_DEMO
SUP00279,PROD00953,MANUFACTURES,HIGH,24.93,90,PROJECT_DEMO_EXPANSION,2026-09-23,Synthetic/demo relationship; not a verified commercial contract.,SYNTHETIC_DEMO
SUP00280,PROD00960,MANUFACTURES,MEDIUM,8.01,90,PROJECT_DEMO_EXPANSION,2026-09-23,Synthetic/demo relationship; not a verified commercial contract.,SYNTHETIC_DEMO
SUP00281,PROD00967,MANUFACTURES,MEDIUM,11.55,14,PROJECT_DEMO_EXPANSION,2026-09-23,Synthetic/demo relationship; not a verified commercial contract.,SYNTHETIC_DEMO
SUP00282,PROD00974,SUPPLIES,HIGH,34.2,30,PROJECT_DEMO_EXPANSION,2026-09-23,Synthetic/demo relationship; not a verified commercial contract.,SYNTHETIC_DEMO
SUP00283,PROD00981,MANUFACTURES,LOW,4.71,21,PROJECT_DEMO_EXPANSION,2026-09-23,Synthetic/demo relationship; not a verified commercial contract.,SYNTHETIC_DEMO
SUP00284,PROD00988,MANUFACTURES,LOW,36.81,30,PROJECT_DEMO_EXPANSION,2026-09-23,Synthetic/demo relationship; not a verified commercial contract.,SYNTHETIC_DEMO
SUP00285,PROD00995,MANUFACTURES,MEDIUM,13.32,45,PROJECT_DEMO_EXPANSION,2026-09-23,Synthetic/demo relationship; not a verified commercial contract.,SYNTHETIC_DEMO
SUP00286,PROD00002,MANUFACTURES,HIGH,23.91,60,PROJECT_DEMO_EXPANSION,2026-09-23,Synthetic/demo relationship; not a verified commercial contract.,SYNTHETIC_DEMO
SUP00287,PROD00009,MANUFACTURES,LOW,19.93,90,PROJECT_DEMO_EXPANSION,2026-09-23,Synthetic/demo relationship; not a verified commercial contract.,SYNTHETIC_DEMO
SUP00288,PROD00016,SUPPLIES,HIGH,22.39,21,PROJECT_DEMO_EXPANSION,2026-09-23,Synthetic/demo relationship; not a verified commercial contract.,SYNTHETIC_DEMO
SUP00289,PROD00023,MANUFACTURES,MEDIUM,20.44,21,PROJECT_DEMO_EXPANSION,2026-09-23,Synthetic/demo relationship; not a verified commercial contract.,SYNTHETIC_DEMO
SUP00290,PROD00030,SUPPLIES,LOW,21.51,90,PROJECT_DEMO_EXPANSION,2026-09-23,Synthetic/demo relationship; not a verified commercial contract.,SYNTHETIC_DEMO
SUP00291,PROD00037,MANUFACTURES,LOW,17.95,7,PROJECT_DEMO_EXPANSION,2026-09-23,Synthetic/demo relationship; not a verified commercial contract.,SYNTHETIC_DEMO
SUP00292,PROD00044,MANUFACTURES,MEDIUM,38.85,14,PROJECT_DEMO_EXPANSION,2026-09-23,Synthetic/demo relationship; not a verified commercial contract.,SYNTHETIC_DEMO
SUP00293,PROD00051,MANUFACTURES,LOW,6.64,60,PROJECT_DEMO_EXPANSION,2026-09-23,Synthetic/demo relationship; not a verified commercial contract.,SYNTHETIC_DEMO
SUP00294,PROD00058,DISTRIBUTES,MEDIUM,30.33,7,PROJECT_DEMO_EXPANSION,2026-09-23,Synthetic/demo relationship; not a verified commercial contract.,SYNTHETIC_DEMO
SUP00295,PROD00065,MANUFACTURES,LOW,27.47,90,PROJECT_DEMO_EXPANSION,2026-09-23,Synthetic/demo relationship; not a verified commercial contract.,SYNTHETIC_DEMO
SUP00296,PROD00072,DISTRIBUTES,HIGH,23.88,60,PROJECT_DEMO_EXPANSION,2026-09-23,Synthetic/demo relationship; not a verified commercial contract.,SYNTHETIC_DEMO
SUP00297,PROD00079,MANUFACTURES,MEDIUM,5.2,30,PROJECT_DEMO_EXPANSION,2026-09-23,Synthetic/demo relationship; not a verified commercial contract.,SYNTHETIC_DEMO
SUP00298,PROD00086,DISTRIBUTES,MEDIUM,38.18,21,PROJECT_DEMO_EXPANSION,2026-09-23,Synthetic/demo relationship; not a verified commercial contract.,SYNTHETIC_DEMO
SUP00299,PROD00093,SUPPLIES,MEDIUM,22.19,14,PROJECT_DEMO_EXPANSION,2026-09-23,Synthetic/demo relationship; not a verified commercial contract.,SYNTHETIC_DEMO
SUP00300,PROD00100,DISTRIBUTES,MEDIUM,11.87,14,PROJECT_DEMO_EXPANSION,2026-09-23,Synthetic/demo relationship; not a verified commercial contract.,SYNTHETIC_DEMO
SUP00301,PROD00107,MANUFACTURES,MEDIUM,31.44,7,PROJECT_DEMO_EXPANSION,2026-09-23,Synthetic/demo relationship; not a verified commercial contract.,SYNTHETIC_DEMO
SUP00302,PROD00114,DISTRIBUTES,LOW,11.75,90,PROJECT_DEMO_EXPANSION,2026-09-23,Synthetic/demo relationship; not a verified commercial contract.,SYNTHETIC_DEMO
SUP00303,PROD00121,SUPPLIES,LOW,4.69,30,PROJECT_DEMO_EXPANSION,2026-09-23,Synthetic/demo relationship; not a verified commercial contract.,SYNTHETIC_DEMO
SUP00304,PROD00128,SUPPLIES,LOW,23.63,45,PROJECT_DEMO_EXPANSION,2026-09-23,Synthetic/demo relationship; not a verified commercial contract.,SYNTHETIC_DEMO
SUP00305,PROD00135,MANUFACTURES,HIGH,6.0,60,PROJECT_DEMO_EXPANSION,2026-09-23,Synthetic/demo relationship; not a verified commercial contract.,SYNTHETIC_DEMO
SUP00306,PROD00142,MANUFACTURES,MEDIUM,34.65,30,PROJECT_DEMO_EXPANSION,2026-09-23,Synthetic/demo relationship; not a verified commercial contract.,SYNTHETIC_DEMO
SUP00307,PROD00149,SUPPLIES,LOW,13.72,14,PROJECT_DEMO_EXPANSION,2026-09-23,Synthetic/demo relationship; not a verified commercial contract.,SYNTHETIC_DEMO
SUP00308,PROD00156,DISTRIBUTES,MEDIUM,2.92,14,PROJECT_DEMO_EXPANSION,2026-09-23,Synthetic/demo relationship; not a verified commercial contract.,SYNTHETIC_DEMO
SUP00309,PROD00163,SUPPLIES,HIGH,27.71,21,PROJECT_DEMO_EXPANSION,2026-09-23,Synthetic/demo relationship; not a verified commercial contract.,SYNTHETIC_DEMO
SUP00310,PROD00170,SUPPLIES,LOW,30.03,90,PROJECT_DEMO_EXPANSION,2026-09-23,Synthetic/demo relationship; not a verified commercial contract.,SYNTHETIC_DEMO
SUP00311,PROD00177,MANUFACTURES,MEDIUM,2.31,90,PROJECT_DEMO_EXPANSION,2026-09-23,Synthetic/demo relationship; not a verified commercial contract.,SYNTHETIC_DEMO
SUP00312,PROD00184,MANUFACTURES,LOW,30.95,45,PROJECT_DEMO_EXPANSION,2026-09-23,Synthetic/demo relationship; not a verified commercial contract.,SYNTHETIC_DEMO
SUP00313,PROD00191,SUPPLIES,HIGH,4.42,30,PROJECT_DEMO_EXPANSION,2026-09-23,Synthetic/demo relationship; not a verified commercial contract.,SYNTHETIC_DEMO
SUP00314,PROD00198,MANUFACTURES,LOW,7.18,30,PROJECT_DEMO_EXPANSION,2026-09-23,Synthetic/demo relationship; not a verified commercial contract.,SYNTHETIC_DEMO
SUP00315,PROD00205,MANUFACTURES,LOW,4.89,7,PROJECT_DEMO_EXPANSION,2026-09-23,Synthetic/demo relationship; not a verified commercial contract.,SYNTHETIC_DEMO
SUP00316,PROD00212,MANUFACTURES,LOW,18.25,14,PROJECT_DEMO_EXPANSION,2026-09-23,Synthetic/demo relationship; not a verified commercial contract.,SYNTHETIC_DEMO
SUP00317,PROD00219,MANUFACTURES,MEDIUM,33.04,45,PROJECT_DEMO_EXPANSION,2026-09-23,Synthetic/demo relationship; not a verified commercial contract.,SYNTHETIC_DEMO
SUP00318,PROD00226,DISTRIBUTES,MEDIUM,22.21,7,PROJECT_DEMO_EXPANSION,2026-09-23,Synthetic/demo relationship; not a verified commercial contract.,SYNTHETIC_DEMO
SUP00319,PROD00233,DISTRIBUTES,HIGH,14.43,45,PROJECT_DEMO_EXPANSION,2026-09-23,Synthetic/demo relationship; not a verified commercial contract.,SYNTHETIC_DEMO
SUP00320,PROD00240,MANUFACTURES,LOW,22.76,7,PROJECT_DEMO_EXPANSION,2026-09-23,Synthetic/demo relationship; not a verified commercial contract.,SYNTHETIC_DEMO
SUP00321,PROD00247,SUPPLIES,HIGH,26.43,21,PROJECT_DEMO_EXPANSION,2026-09-23,Synthetic/demo relationship; not a verified commercial contract.,SYNTHETIC_DEMO
SUP00322,PROD00254,MANUFACTURES,HIGH,11.2,45,PROJECT_DEMO_EXPANSION,2026-09-23,Synthetic/demo relationship; not a verified commercial contract.,SYNTHETIC_DEMO
SUP00323,PROD00261,DISTRIBUTES,LOW,25.73,7,PROJECT_DEMO_EXPANSION,2026-09-23,Synthetic/demo relationship; not a verified commercial contract.,SYNTHETIC_DEMO
SUP00324,PROD00268,SUPPLIES,HIGH,19.32,21,PROJECT_DEMO_EXPANSION,2026-09-23,Synthetic/demo relationship; not a verified commercial contract.,SYNTHETIC_DEMO
SUP00325,PROD00275,DISTRIBUTES,HIGH,5.36,14,PROJECT_DEMO_EXPANSION,2026-09-23,Synthetic/demo relationship; not a verified commercial contract.,SYNTHETIC_DEMO
SUP00326,PROD00282,SUPPLIES,MEDIUM,26.16,7,PROJECT_DEMO_EXPANSION,2026-09-23,Synthetic/demo relationship; not a verified commercial contract.,SYNTHETIC_DEMO
SUP00327,PROD00289,DISTRIBUTES,LOW,23.78,7,PROJECT_DEMO_EXPANSION,2026-09-23,Synthetic/demo relationship; not a verified commercial contract.,SYNTHETIC_DEMO
SUP00328,PROD00296,SUPPLIES,MEDIUM,16.12,14,PROJECT_DEMO_EXPANSION,2026-09-23,Synthetic/demo relationship; not a verified commercial contract.,SYNTHETIC_DEMO
SUP00329,PROD00303,DISTRIBUTES,LOW,17.89,45,PROJECT_DEMO_EXPANSION,2026-09-23,Synthetic/demo relationship; not a verified commercial contract.,SYNTHETIC_DEMO
SUP00330,PROD00310,DISTRIBUTES,LOW,6.24,90,PROJECT_DEMO_EXPANSION,2026-09-23,Synthetic/demo relationship; not a verified commercial contract.,SYNTHETIC_DEMO
SUP00331,PROD00317,MANUFACTURES,MEDIUM,25.41,30,PROJECT_DEMO_EXPANSION,2026-09-23,Synthetic/demo relationship; not a verified commercial contract.,SYNTHETIC_DEMO
SUP00332,PROD00324,MANUFACTURES,HIGH,28.67,45,PROJECT_DEMO_EXPANSION,2026-09-23,Synthetic/demo relationship; not a verified commercial contract.,SYNTHETIC_DEMO
SUP00333,PROD00331,MANUFACTURES,HIGH,23.28,30,PROJECT_DEMO_EXPANSION,2026-09-23,Synthetic/demo relationship; not a verified commercial contract.,SYNTHETIC_DEMO
SUP00334,PROD00338,DISTRIBUTES,HIGH,37.93,45,PROJECT_DEMO_EXPANSION,2026-09-23,Synthetic/demo relationship; not a verified commercial contract.,SYNTHETIC_DEMO
SUP00335,PROD00345,MANUFACTURES,LOW,36.04,60,PROJECT_DEMO_EXPANSION,2026-09-23,Synthetic/demo relationship; not a verified commercial contract.,SYNTHETIC_DEMO
SUP00336,PROD00352,MANUFACTURES,MEDIUM,19.41,14,PROJECT_DEMO_EXPANSION,2026-09-23,Synthetic/demo relationship; not a verified commercial contract.,SYNTHETIC_DEMO
SUP00337,PROD00359,MANUFACTURES,HIGH,35.65,30,PROJECT_DEMO_EXPANSION,2026-09-23,Synthetic/demo relationship; not a verified commercial contract.,SYNTHETIC_DEMO
SUP00338,PROD00366,DISTRIBUTES,HIGH,21.86,21,PROJECT_DEMO_EXPANSION,2026-09-23,Synthetic/demo relationship; not a verified commercial contract.,SYNTHETIC_DEMO
SUP00339,PROD00373,SUPPLIES,LOW,19.06,21,PROJECT_DEMO_EXPANSION,2026-09-23,Synthetic/demo relationship; not a verified commercial contract.,SYNTHETIC_DEMO
SUP00340,PROD00380,MANUFACTURES,LOW,11.18,60,PROJECT_DEMO_EXPANSION,2026-09-23,Synthetic/demo relationship; not a verified commercial contract.,SYNTHETIC_DEMO
SUP00341,PROD00387,SUPPLIES,MEDIUM,14.86,60,PROJECT_DEMO_EXPANSION,2026-09-23,Synthetic/demo relationship; not a verified commercial contract.,SYNTHETIC_DEMO
SUP00342,PROD00394,MANUFACTURES,HIGH,29.53,90,PROJECT_DEMO_EXPANSION,2026-09-23,Synthetic/demo relationship; not a verified commercial contract.,SYNTHETIC_DEMO
SUP00343,PROD00401,MANUFACTURES,HIGH,29.49,7,PROJECT_DEMO_EXPANSION,2026-09-23,Synthetic/demo relationship; not a verified commercial contract.,SYNTHETIC_DEMO
SUP00344,PROD00408,MANUFACTURES,MEDIUM,7.43,14,PROJECT_DEMO_EXPANSION,2026-09-23,Synthetic/demo relationship; not a verified commercial contract.,SYNTHETIC_DEMO
SUP00345,PROD00415,DISTRIBUTES,MEDIUM,16.31,30,PROJECT_DEMO_EXPANSION,2026-09-23,Synthetic/demo relationship; not a verified commercial contract.,SYNTHETIC_DEMO
SUP00346,PROD00422,SUPPLIES,MEDIUM,6.57,45,PROJECT_DEMO_EXPANSION,2026-09-23,Synthetic/demo relationship; not a verified commercial contract.,SYNTHETIC_DEMO
SUP00347,PROD00429,DISTRIBUTES,LOW,15.92,21,PROJECT_DEMO_EXPANSION,2026-09-23,Synthetic/demo relationship; not a verified commercial contract.,SYNTHETIC_DEMO
SUP00348,PROD00436,MANUFACTURES,LOW,18.78,90,PROJECT_DEMO_EXPANSION,2026-09-23,Synthetic/demo relationship; not a verified commercial contract.,SYNTHETIC_DEMO
SUP00349,PROD00443,MANUFACTURES,MEDIUM,28.2,60,PROJECT_DEMO_EXPANSION,2026-09-23,Synthetic/demo relationship; not a verified commercial contract.,SYNTHETIC_DEMO
SUP00350,PROD00450,MANUFACTURES,HIGH,24.97,30,PROJECT_DEMO_EXPANSION,2026-09-23,Synthetic/demo relationship; not a verified commercial contract.,SYNTHETIC_DEMO
SUP00351,PROD00457,MANUFACTURES,HIGH,5.03,14,PROJECT_DEMO_EXPANSION,2026-09-23,Synthetic/demo relationship; not a verified commercial contract.,SYNTHETIC_DEMO
SUP00352,PROD00464,MANUFACTURES,MEDIUM,2.88,14,PROJECT_DEMO_EXPANSION,2026-09-23,Synthetic/demo relationship; not a verified commercial contract.,SYNTHETIC_DEMO
SUP00353,PROD00471,MANUFACTURES,LOW,3.38,60,PROJECT_DEMO_EXPANSION,2026-09-23,Synthetic/demo relationship; not a verified commercial contract.,SYNTHETIC_DEMO
SUP00354,PROD00478,MANUFACTURES,MEDIUM,18.68,14,PROJECT_DEMO_EXPANSION,2026-09-23,Synthetic/demo relationship; not a verified commercial contract.,SYNTHETIC_DEMO
SUP00355,PROD00485,SUPPLIES,HIGH,13.69,14,PROJECT_DEMO_EXPANSION,2026-09-23,Synthetic/demo relationship; not a verified commercial contract.,SYNTHETIC_DEMO
SUP00356,PROD00492,MANUFACTURES,MEDIUM,38.26,90,PROJECT_DEMO_EXPANSION,2026-09-23,Synthetic/demo relationship; not a verified commercial contract.,SYNTHETIC_DEMO
SUP00357,PROD00499,MANUFACTURES,MEDIUM,8.53,45,PROJECT_DEMO_EXPANSION,2026-09-23,Synthetic/demo relationship; not a verified commercial contract.,SYNTHETIC_DEMO
SUP00358,PROD00506,MANUFACTURES,LOW,12.56,21,PROJECT_DEMO_EXPANSION,2026-09-23,Synthetic/demo relationship; not a verified commercial contract.,SYNTHETIC_DEMO
SUP00359,PROD00513,DISTRIBUTES,HIGH,36.92,90,PROJECT_DEMO_EXPANSION,2026-09-23,Synthetic/demo relationship; not a verified commercial contract.,SYNTHETIC_DEMO
SUP00360,PROD00520,DISTRIBUTES,HIGH,18.51,60,PROJECT_DEMO_EXPANSION,2026-09-23,Synthetic/demo relationship; not a verified commercial contract.,SYNTHETIC_DEMO
SUP00361,PROD00527,MANUFACTURES,MEDIUM,14.88,90,PROJECT_DEMO_EXPANSION,2026-09-23,Synthetic/demo relationship; not a verified commercial contract.,SYNTHETIC_DEMO
SUP00362,PROD00534,MANUFACTURES,LOW,37.1,60,PROJECT_DEMO_EXPANSION,2026-09-23,Synthetic/demo relationship; not a verified commercial contract.,SYNTHETIC_DEMO
SUP00363,PROD00541,DISTRIBUTES,LOW,1.47,21,PROJECT_DEMO_EXPANSION,2026-09-23,Synthetic/demo relationship; not a verified commercial contract.,SYNTHETIC_DEMO
SUP00364,PROD00548,SUPPLIES,MEDIUM,27.66,21,PROJECT_DEMO_EXPANSION,2026-09-23,Synthetic/demo relationship; not a verified commercial contract.,SYNTHETIC_DEMO
SUP00365,PROD00555,MANUFACTURES,MEDIUM,26.42,14,PROJECT_DEMO_EXPANSION,2026-09-23,Synthetic/demo relationship; not a verified commercial contract.,SYNTHETIC_DEMO
SUP00366,PROD00562,MANUFACTURES,HIGH,1.91,60,PROJECT_DEMO_EXPANSION,2026-09-23,Synthetic/demo relationship; not a verified commercial contract.,SYNTHETIC_DEMO
SUP00367,PROD00569,MANUFACTURES,MEDIUM,19.62,7,PROJECT_DEMO_EXPANSION,2026-09-23,Synthetic/demo relationship; not a verified commercial contract.,SYNTHETIC_DEMO
SUP00368,PROD00576,DISTRIBUTES,LOW,30.19,45,PROJECT_DEMO_EXPANSION,2026-09-23,Synthetic/demo relationship; not a verified commercial contract.,SYNTHETIC_DEMO
SUP00369,PROD00583,MANUFACTURES,LOW,27.38,7,PROJECT_DEMO_EXPANSION,2026-09-23,Synthetic/demo relationship; not a verified commercial contract.,SYNTHETIC_DEMO
SUP00370,PROD00590,MANUFACTURES,MEDIUM,8.03,14,PROJECT_DEMO_EXPANSION,2026-09-23,Synthetic/demo relationship; not a verified commercial contract.,SYNTHETIC_DEMO
SUP00371,PROD00597,SUPPLIES,MEDIUM,39.54,7,PROJECT_DEMO_EXPANSION,2026-09-23,Synthetic/demo relationship; not a verified commercial contract.,SYNTHETIC_DEMO
SUP00372,PROD00604,DISTRIBUTES,MEDIUM,18.96,45,PROJECT_DEMO_EXPANSION,2026-09-23,Synthetic/demo relationship; not a verified commercial contract.,SYNTHETIC_DEMO
SUP00373,PROD00611,SUPPLIES,LOW,33.05,7,PROJECT_DEMO_EXPANSION,2026-09-23,Synthetic/demo relationship; not a verified commercial contract.,SYNTHETIC_DEMO
SUP00374,PROD00618,DISTRIBUTES,HIGH,30.9,21,PROJECT_DEMO_EXPANSION,2026-09-23,Synthetic/demo relationship; not a verified commercial contract.,SYNTHETIC_DEMO
SUP00375,PROD00625,MANUFACTURES,LOW,10.68,60,PROJECT_DEMO_EXPANSION,2026-09-23,Synthetic/demo relationship; not a verified commercial contract.,SYNTHETIC_DEMO
SUP00376,PROD00632,DISTRIBUTES,HIGH,11.92,21,PROJECT_DEMO_EXPANSION,2026-09-23,Synthetic/demo relationship; not a verified commercial contract.,SYNTHETIC_DEMO
SUP00377,PROD00639,MANUFACTURES,MEDIUM,17.82,60,PROJECT_DEMO_EXPANSION,2026-09-23,Synthetic/demo relationship; not a verified commercial contract.,SYNTHETIC_DEMO
SUP00378,PROD00646,DISTRIBUTES,MEDIUM,34.81,7,PROJECT_DEMO_EXPANSION,2026-09-23,Synthetic/demo relationship; not a verified commercial contract.,SYNTHETIC_DEMO
SUP00379,PROD00653,DISTRIBUTES,HIGH,25.82,14,PROJECT_DEMO_EXPANSION,2026-09-23,Synthetic/demo relationship; not a verified commercial contract.,SYNTHETIC_DEMO
SUP00380,PROD00660,SUPPLIES,HIGH,38.82,30,PROJECT_DEMO_EXPANSION,2026-09-23,Synthetic/demo relationship; not a verified commercial contract.,SYNTHETIC_DEMO
SUP00381,PROD00667,SUPPLIES,LOW,39.34,7,PROJECT_DEMO_EXPANSION,2026-09-23,Synthetic/demo relationship; not a verified commercial contract.,SYNTHETIC_DEMO
SUP00382,PROD00674,DISTRIBUTES,HIGH,22.66,7,PROJECT_DEMO_EXPANSION,2026-09-23,Synthetic/demo relationship; not a verified commercial contract.,SYNTHETIC_DEMO
SUP00383,PROD00681,DISTRIBUTES,MEDIUM,11.32,45,PROJECT_DEMO_EXPANSION,2026-09-23,Synthetic/demo relationship; not a verified commercial contract.,SYNTHETIC_DEMO
SUP00384,PROD00688,MANUFACTURES,MEDIUM,26.71,7,PROJECT_DEMO_EXPANSION,2026-09-23,Synthetic/demo relationship; not a verified commercial contract.,SYNTHETIC_DEMO
SUP00385,PROD00695,MANUFACTURES,HIGH,4.78,21,PROJECT_DEMO_EXPANSION,2026-09-23,Synthetic/demo relationship; not a verified commercial contract.,SYNTHETIC_DEMO
SUP00386,PROD00702,DISTRIBUTES,LOW,12.38,14,PROJECT_DEMO_EXPANSION,2026-09-23,Synthetic/demo relationship; not a verified commercial contract.,SYNTHETIC_DEMO
SUP00387,PROD00709,SUPPLIES,LOW,14.63,30,PROJECT_DEMO_EXPANSION,2026-09-23,Synthetic/demo relationship; not a verified commercial contract.,SYNTHETIC_DEMO
SUP00388,PROD00716,DISTRIBUTES,HIGH,19.45,90,PROJECT_DEMO_EXPANSION,2026-09-23,Synthetic/demo relationship; not a verified commercial contract.,SYNTHETIC_DEMO
SUP00389,PROD00723,DISTRIBUTES,LOW,6.39,45,PROJECT_DEMO_EXPANSION,2026-09-23,Synthetic/demo relationship; not a verified commercial contract.,SYNTHETIC_DEMO
SUP00390,PROD00730,SUPPLIES,HIGH,21.59,45,PROJECT_DEMO_EXPANSION,2026-09-23,Synthetic/demo relationship; not a verified commercial contract.,SYNTHETIC_DEMO
SUP00391,PROD00737,SUPPLIES,MEDIUM,3.27,30,PROJECT_DEMO_EXPANSION,2026-09-23,Synthetic/demo relationship; not a verified commercial contract.,SYNTHETIC_DEMO
SUP00392,PROD00744,MANUFACTURES,LOW,31.72,14,PROJECT_DEMO_EXPANSION,2026-09-23,Synthetic/demo relationship; not a verified commercial contract.,SYNTHETIC_DEMO
SUP00393,PROD00751,SUPPLIES,HIGH,12.72,90,PROJECT_DEMO_EXPANSION,2026-09-23,Synthetic/demo relationship; not a verified commercial contract.,SYNTHETIC_DEMO
SUP00394,PROD00758,MANUFACTURES,HIGH,37.39,21,PROJECT_DEMO_EXPANSION,2026-09-23,Synthetic/demo relationship; not a verified commercial contract.,SYNTHETIC_DEMO
SUP00395,PROD00765,MANUFACTURES,HIGH,5.78,45,PROJECT_DEMO_EXPANSION,2026-09-23,Synthetic/demo relationship; not a verified commercial contract.,SYNTHETIC_DEMO
SUP00396,PROD00772,MANUFACTURES,LOW,12.87,45,PROJECT_DEMO_EXPANSION,2026-09-23,Synthetic/demo relationship; not a verified commercial contract.,SYNTHETIC_DEMO
SUP00397,PROD00779,SUPPLIES,LOW,13.76,60,PROJECT_DEMO_EXPANSION,2026-09-23,Synthetic/demo relationship; not a verified commercial contract.,SYNTHETIC_DEMO
SUP00398,PROD00786,DISTRIBUTES,LOW,34.9,60,PROJECT_DEMO_EXPANSION,2026-09-23,Synthetic/demo relationship; not a verified commercial contract.,SYNTHETIC_DEMO
SUP00399,PROD00793,DISTRIBUTES,HIGH,26.19,7,PROJECT_DEMO_EXPANSION,2026-09-23,Synthetic/demo relationship; not a verified commercial contract.,SYNTHETIC_DEMO
SUP00400,PROD00800,SUPPLIES,LOW,1.08,45,PROJECT_DEMO_EXPANSION,2026-09-23,Synthetic/demo relationship; not a verified commercial contract.,SYNTHETIC_DEMO
SUP00401,PROD00807,MANUFACTURES,LOW,20.93,45,PROJECT_DEMO_EXPANSION,2026-09-23,Synthetic/demo relationship; not a verified commercial contract.,SYNTHETIC_DEMO
SUP00402,PROD00814,SUPPLIES,LOW,19.67,14,PROJECT_DEMO_EXPANSION,2026-09-23,Synthetic/demo relationship; not a verified commercial contract.,SYNTHETIC_DEMO
SUP00403,PROD00821,DISTRIBUTES,MEDIUM,26.45,45,PROJECT_DEMO_EXPANSION,2026-09-23,Synthetic/demo relationship; not a verified commercial contract.,SYNTHETIC_DEMO
SUP00404,PROD00828,SUPPLIES,HIGH,5.58,90,PROJECT_DEMO_EXPANSION,2026-09-23,Synthetic/demo relationship; not a verified commercial contract.,SYNTHETIC_DEMO
SUP00405,PROD00835,MANUFACTURES,MEDIUM,13.78,7,PROJECT_DEMO_EXPANSION,2026-09-23,Synthetic/demo relationship; not a verified commercial contract.,SYNTHETIC_DEMO
SUP00406,PROD00842,MANUFACTURES,LOW,18.53,7,PROJECT_DEMO_EXPANSION,2026-09-23,Synthetic/demo relationship; not a verified commercial contract.,SYNTHETIC_DEMO
SUP00407,PROD00849,SUPPLIES,LOW,34.57,90,PROJECT_DEMO_EXPANSION,2026-09-23,Synthetic/demo relationship; not a verified commercial contract.,SYNTHETIC_DEMO
SUP00408,PROD00856,MANUFACTURES,MEDIUM,12.06,14,PROJECT_DEMO_EXPANSION,2026-09-23,Synthetic/demo relationship; not a verified commercial contract.,SYNTHETIC_DEMO
SUP00409,PROD00863,DISTRIBUTES,LOW,36.31,21,PROJECT_DEMO_EXPANSION,2026-09-23,Synthetic/demo relationship; not a verified commercial contract.,SYNTHETIC_DEMO
SUP00410,PROD00870,SUPPLIES,MEDIUM,12.96,21,PROJECT_DEMO_EXPANSION,2026-09-23,Synthetic/demo relationship; not a verified commercial contract.,SYNTHETIC_DEMO
SUP00411,PROD00877,SUPPLIES,HIGH,8.77,14,PROJECT_DEMO_EXPANSION,2026-09-23,Synthetic/demo relationship; not a verified commercial contract.,SYNTHETIC_DEMO
SUP00412,PROD00884,DISTRIBUTES,MEDIUM,10.22,7,PROJECT_DEMO_EXPANSION,2026-09-23,Synthetic/demo relationship; not a verified commercial contract.,SYNTHETIC_DEMO
SUP00413,PROD00891,MANUFACTURES,HIGH,28.73,45,PROJECT_DEMO_EXPANSION,2026-09-23,Synthetic/demo relationship; not a verified commercial contract.,SYNTHETIC_DEMO
SUP00414,PROD00898,DISTRIBUTES,LOW,3.96,14,PROJECT_DEMO_EXPANSION,2026-09-23,Synthetic/demo relationship; not a verified commercial contract.,SYNTHETIC_DEMO
SUP00415,PROD00905,SUPPLIES,LOW,35.4,7,PROJECT_DEMO_EXPANSION,2026-09-23,Synthetic/demo relationship; not a verified commercial contract.,SYNTHETIC_DEMO
SUP00416,PROD00912,MANUFACTURES,LOW,23.82,60,PROJECT_DEMO_EXPANSION,2026-09-23,Synthetic/demo relationship; not a verified commercial contract.,SYNTHETIC_DEMO
SUP00417,PROD00919,SUPPLIES,HIGH,30.23,60,PROJECT_DEMO_EXPANSION,2026-09-23,Synthetic/demo relationship; not a verified commercial contract.,SYNTHETIC_DEMO
SUP00418,PROD00926,MANUFACTURES,LOW,16.51,90,PROJECT_DEMO_EXPANSION,2026-09-23,Synthetic/demo relationship; not a verified commercial contract.,SYNTHETIC_DEMO
SUP00419,PROD00933,DISTRIBUTES,HIGH,18.82,90,PROJECT_DEMO_EXPANSION,2026-09-23,Synthetic/demo relationship; not a verified commercial contract.,SYNTHETIC_DEMO
SUP00420,PROD00940,MANUFACTURES,LOW,14.2,45,PROJECT_DEMO_EXPANSION,2026-09-23,Synthetic/demo relationship; not a verified commercial contract.,SYNTHETIC_DEMO
SUP00421,PROD00947,SUPPLIES,LOW,29.78,21,PROJECT_DEMO_EXPANSION,2026-09-23,Synthetic/demo relationship; not a verified commercial contract.,SYNTHETIC_DEMO
SUP00422,PROD00954,DISTRIBUTES,HIGH,19.64,7,PROJECT_DEMO_EXPANSION,2026-09-23,Synthetic/demo relationship; not a verified commercial contract.,SYNTHETIC_DEMO
SUP00423,PROD00961,DISTRIBUTES,LOW,39.58,7,PROJECT_DEMO_EXPANSION,2026-09-23,Synthetic/demo relationship; not a verified commercial contract.,SYNTHETIC_DEMO
SUP00424,PROD00968,SUPPLIES,MEDIUM,18.26,14,PROJECT_DEMO_EXPANSION,2026-09-23,Synthetic/demo relationship; not a verified commercial contract.,SYNTHETIC_DEMO
SUP00425,PROD00975,MANUFACTURES,LOW,38.68,30,PROJECT_DEMO_EXPANSION,2026-09-23,Synthetic/demo relationship; not a verified commercial contract.,SYNTHETIC_DEMO
SUP00426,PROD00982,SUPPLIES,MEDIUM,33.26,30,PROJECT_DEMO_EXPANSION,2026-09-23,Synthetic/demo relationship; not a verified commercial contract.,SYNTHETIC_DEMO
SUP00427,PROD00989,SUPPLIES,MEDIUM,14.61,60,PROJECT_DEMO_EXPANSION,2026-09-23,Synthetic/demo relationship; not a verified commercial contract.,SYNTHETIC_DEMO
SUP00428,PROD00996,DISTRIBUTES,HIGH,20.53,60,PROJECT_DEMO_EXPANSION,2026-09-23,Synthetic/demo relationship; not a verified commercial contract.,SYNTHETIC_DEMO
SUP00429,PROD00003,DISTRIBUTES,LOW,3.86,30,PROJECT_DEMO_EXPANSION,2026-09-23,Synthetic/demo relationship; not a verified commercial contract.,SYNTHETIC_DEMO
SUP00430,PROD00010,DISTRIBUTES,MEDIUM,19.17,90,PROJECT_DEMO_EXPANSION,2026-09-23,Synthetic/demo relationship; not a verified commercial contract.,SYNTHETIC_DEMO
SUP00431,PROD00017,DISTRIBUTES,MEDIUM,33.35,30,PROJECT_DEMO_EXPANSION,2026-09-23,Synthetic/demo relationship; not a verified commercial contract.,SYNTHETIC_DEMO
SUP00432,PROD00024,SUPPLIES,LOW,34.45,60,PROJECT_DEMO_EXPANSION,2026-09-23,Synthetic/demo relationship; not a verified commercial contract.,SYNTHETIC_DEMO
SUP00433,PROD00031,SUPPLIES,MEDIUM,34.22,21,PROJECT_DEMO_EXPANSION,2026-09-23,Synthetic/demo relationship; not a verified commercial contract.,SYNTHETIC_DEMO
SUP00434,PROD00038,DISTRIBUTES,HIGH,30.27,60,PROJECT_DEMO_EXPANSION,2026-09-23,Synthetic/demo relationship; not a verified commercial contract.,SYNTHETIC_DEMO
SUP00435,PROD00045,SUPPLIES,MEDIUM,5.05,30,PROJECT_DEMO_EXPANSION,2026-09-23,Synthetic/demo relationship; not a verified commercial contract.,SYNTHETIC_DEMO
SUP00436,PROD00052,MANUFACTURES,LOW,29.76,45,PROJECT_DEMO_EXPANSION,2026-09-23,Synthetic/demo relationship; not a verified commercial contract.,SYNTHETIC_DEMO
SUP00437,PROD00059,SUPPLIES,LOW,28.55,60,PROJECT_DEMO_EXPANSION,2026-09-23,Synthetic/demo relationship; not a verified commercial contract.,SYNTHETIC_DEMO
SUP00438,PROD00066,DISTRIBUTES,MEDIUM,34.89,14,PROJECT_DEMO_EXPANSION,2026-09-23,Synthetic/demo relationship; not a verified commercial contract.,SYNTHETIC_DEMO
SUP00439,PROD00073,MANUFACTURES,HIGH,27.67,7,PROJECT_DEMO_EXPANSION,2026-09-23,Synthetic/demo relationship; not a verified commercial contract.,SYNTHETIC_DEMO
SUP00440,PROD00080,MANUFACTURES,MEDIUM,5.26,30,PROJECT_DEMO_EXPANSION,2026-09-23,Synthetic/demo relationship; not a verified commercial contract.,SYNTHETIC_DEMO
SUP00441,PROD00087,DISTRIBUTES,LOW,30.45,30,PROJECT_DEMO_EXPANSION,2026-09-23,Synthetic/demo relationship; not a verified commercial contract.,SYNTHETIC_DEMO
SUP00442,PROD00094,SUPPLIES,MEDIUM,38.08,45,PROJECT_DEMO_EXPANSION,2026-09-23,Synthetic/demo relationship; not a verified commercial contract.,SYNTHETIC_DEMO
SUP00443,PROD00101,DISTRIBUTES,MEDIUM,33.27,30,PROJECT_DEMO_EXPANSION,2026-09-23,Synthetic/demo relationship; not a verified commercial contract.,SYNTHETIC_DEMO
SUP00444,PROD00108,MANUFACTURES,LOW,37.78,30,PROJECT_DEMO_EXPANSION,2026-09-23,Synthetic/demo relationship; not a verified commercial contract.,SYNTHETIC_DEMO
SUP00445,PROD00115,MANUFACTURES,LOW,29.96,21,PROJECT_DEMO_EXPANSION,2026-09-23,Synthetic/demo relationship; not a verified commercial contract.,SYNTHETIC_DEMO
SUP00446,PROD00122,DISTRIBUTES,MEDIUM,26.27,30,PROJECT_DEMO_EXPANSION,2026-09-23,Synthetic/demo relationship; not a verified commercial contract.,SYNTHETIC_DEMO
SUP00447,PROD00129,SUPPLIES,HIGH,12.88,14,PROJECT_DEMO_EXPANSION,2026-09-23,Synthetic/demo relationship; not a verified commercial contract.,SYNTHETIC_DEMO
SUP00448,PROD00136,SUPPLIES,LOW,27.99,60,PROJECT_DEMO_EXPANSION,2026-09-23,Synthetic/demo relationship; not a verified commercial contract.,SYNTHETIC_DEMO
SUP00449,PROD00143,SUPPLIES,MEDIUM,12.37,45,PROJECT_DEMO_EXPANSION,2026-09-23,Synthetic/demo relationship; not a verified commercial contract.,SYNTHETIC_DEMO
SUP00450,PROD00150,MANUFACTURES,LOW,19.7,21,PROJECT_DEMO_EXPANSION,2026-09-23,Synthetic/demo relationship; not a verified commercial contract.,SYNTHETIC_DEMO
SUP00451,PROD00157,SUPPLIES,LOW,10.73,45,PROJECT_DEMO_EXPANSION,2026-09-23,Synthetic/demo relationship; not a verified commercial contract.,SYNTHETIC_DEMO
SUP00452,PROD00164,SUPPLIES,HIGH,5.07,14,PROJECT_DEMO_EXPANSION,2026-09-23,Synthetic/demo relationship; not a verified commercial contract.,SYNTHETIC_DEMO
SUP00453,PROD00171,MANUFACTURES,MEDIUM,18.83,7,PROJECT_DEMO_EXPANSION,2026-09-23,Synthetic/demo relationship; not a verified commercial contract.,SYNTHETIC_DEMO
SUP00454,PROD00178,MANUFACTURES,MEDIUM,14.89,14,PROJECT_DEMO_EXPANSION,2026-09-23,Synthetic/demo relationship; not a verified commercial contract.,SYNTHETIC_DEMO
SUP00455,PROD00185,MANUFACTURES,LOW,1.64,30,PROJECT_DEMO_EXPANSION,2026-09-23,Synthetic/demo relationship; not a verified commercial contract.,SYNTHETIC_DEMO
SUP00456,PROD00192,SUPPLIES,MEDIUM,36.03,14,PROJECT_DEMO_EXPANSION,2026-09-23,Synthetic/demo relationship; not a verified commercial contract.,SYNTHETIC_DEMO
SUP00457,PROD00199,MANUFACTURES,MEDIUM,14.87,60,PROJECT_DEMO_EXPANSION,2026-09-23,Synthetic/demo relationship; not a verified commercial contract.,SYNTHETIC_DEMO
SUP00458,PROD00206,DISTRIBUTES,LOW,39.32,21,PROJECT_DEMO_EXPANSION,2026-09-23,Synthetic/demo relationship; not a verified commercial contract.,SYNTHETIC_DEMO
SUP00459,PROD00213,MANUFACTURES,LOW,20.24,45,PROJECT_DEMO_EXPANSION,2026-09-23,Synthetic/demo relationship; not a verified commercial contract.,SYNTHETIC_DEMO
SUP00460,PROD00220,MANUFACTURES,LOW,19.22,14,PROJECT_DEMO_EXPANSION,2026-09-23,Synthetic/demo relationship; not a verified commercial contract.,SYNTHETIC_DEMO
SUP00461,PROD00227,DISTRIBUTES,LOW,37.98,14,PROJECT_DEMO_EXPANSION,2026-09-23,Synthetic/demo relationship; not a verified commercial contract.,SYNTHETIC_DEMO
SUP00462,PROD00234,DISTRIBUTES,HIGH,27.49,45,PROJECT_DEMO_EXPANSION,2026-09-23,Synthetic/demo relationship; not a verified commercial contract.,SYNTHETIC_DEMO
SUP00463,PROD00241,MANUFACTURES,LOW,4.17,90,PROJECT_DEMO_EXPANSION,2026-09-23,Synthetic/demo relationship; not a verified commercial contract.,SYNTHETIC_DEMO
SUP00464,PROD00248,SUPPLIES,LOW,26.79,60,PROJECT_DEMO_EXPANSION,2026-09-23,Synthetic/demo relationship; not a verified commercial contract.,SYNTHETIC_DEMO
SUP00465,PROD00255,SUPPLIES,MEDIUM,11.85,90,PROJECT_DEMO_EXPANSION,2026-09-23,Synthetic/demo relationship; not a verified commercial contract.,SYNTHETIC_DEMO
SUP00466,PROD00262,MANUFACTURES,HIGH,37.87,90,PROJECT_DEMO_EXPANSION,2026-09-23,Synthetic/demo relationship; not a verified commercial contract.,SYNTHETIC_DEMO
SUP00467,PROD00269,DISTRIBUTES,MEDIUM,24.34,90,PROJECT_DEMO_EXPANSION,2026-09-23,Synthetic/demo relationship; not a verified commercial contract.,SYNTHETIC_DEMO
SUP00468,PROD00276,DISTRIBUTES,MEDIUM,5.75,21,PROJECT_DEMO_EXPANSION,2026-09-23,Synthetic/demo relationship; not a verified commercial contract.,SYNTHETIC_DEMO
SUP00469,PROD00283,MANUFACTURES,LOW,22.84,30,PROJECT_DEMO_EXPANSION,2026-09-23,Synthetic/demo relationship; not a verified commercial contract.,SYNTHETIC_DEMO
SUP00470,PROD00290,MANUFACTURES,LOW,18.34,14,PROJECT_DEMO_EXPANSION,2026-09-23,Synthetic/demo relationship; not a verified commercial contract.,SYNTHETIC_DEMO
SUP00471,PROD00297,DISTRIBUTES,LOW,2.84,21,PROJECT_DEMO_EXPANSION,2026-09-23,Synthetic/demo relationship; not a verified commercial contract.,SYNTHETIC_DEMO
SUP00472,PROD00304,MANUFACTURES,HIGH,12.57,21,PROJECT_DEMO_EXPANSION,2026-09-23,Synthetic/demo relationship; not a verified commercial contract.,SYNTHETIC_DEMO
SUP00473,PROD00311,SUPPLIES,HIGH,35.95,30,PROJECT_DEMO_EXPANSION,2026-09-23,Synthetic/demo relationship; not a verified commercial contract.,SYNTHETIC_DEMO
SUP00474,PROD00318,SUPPLIES,HIGH,25.49,90,PROJECT_DEMO_EXPANSION,2026-09-23,Synthetic/demo relationship; not a verified commercial contract.,SYNTHETIC_DEMO
SUP00475,PROD00325,DISTRIBUTES,LOW,20.27,7,PROJECT_DEMO_EXPANSION,2026-09-23,Synthetic/demo relationship; not a verified commercial contract.,SYNTHETIC_DEMO
SUP00476,PROD00332,DISTRIBUTES,MEDIUM,14.83,14,PROJECT_DEMO_EXPANSION,2026-09-23,Synthetic/demo relationship; not a verified commercial contract.,SYNTHETIC_DEMO
SUP00477,PROD00339,DISTRIBUTES,LOW,39.6,21,PROJECT_DEMO_EXPANSION,2026-09-23,Synthetic/demo relationship; not a verified commercial contract.,SYNTHETIC_DEMO
SUP00478,PROD00346,DISTRIBUTES,LOW,13.28,60,PROJECT_DEMO_EXPANSION,2026-09-23,Synthetic/demo relationship; not a verified commercial contract.,SYNTHETIC_DEMO
SUP00479,PROD00353,SUPPLIES,MEDIUM,22.19,7,PROJECT_DEMO_EXPANSION,2026-09-23,Synthetic/demo relationship; not a verified commercial contract.,SYNTHETIC_DEMO
SUP00480,PROD00360,DISTRIBUTES,LOW,10.7,14,PROJECT_DEMO_EXPANSION,2026-09-23,Synthetic/demo relationship; not a verified commercial contract.,SYNTHETIC_DEMO
SUP00481,PROD00367,SUPPLIES,HIGH,16.82,45,PROJECT_DEMO_EXPANSION,2026-09-23,Synthetic/demo relationship; not a verified commercial contract.,SYNTHETIC_DEMO
SUP00482,PROD00374,SUPPLIES,MEDIUM,13.56,30,PROJECT_DEMO_EXPANSION,2026-09-23,Synthetic/demo relationship; not a verified commercial contract.,SYNTHETIC_DEMO
SUP00483,PROD00381,SUPPLIES,MEDIUM,37.71,60,PROJECT_DEMO_EXPANSION,2026-09-23,Synthetic/demo relationship; not a verified commercial contract.,SYNTHETIC_DEMO
SUP00484,PROD00388,DISTRIBUTES,HIGH,13.3,45,PROJECT_DEMO_EXPANSION,2026-09-23,Synthetic/demo relationship; not a verified commercial contract.,SYNTHETIC_DEMO
SUP00485,PROD00395,MANUFACTURES,HIGH,35.53,45,PROJECT_DEMO_EXPANSION,2026-09-23,Synthetic/demo relationship; not a verified commercial contract.,SYNTHETIC_DEMO
SUP00486,PROD00402,MANUFACTURES,LOW,18.5,7,PROJECT_DEMO_EXPANSION,2026-09-23,Synthetic/demo relationship; not a verified commercial contract.,SYNTHETIC_DEMO
SUP00487,PROD00409,SUPPLIES,LOW,10.62,45,PROJECT_DEMO_EXPANSION,2026-09-23,Synthetic/demo relationship; not a verified commercial contract.,SYNTHETIC_DEMO
SUP00488,PROD00416,SUPPLIES,LOW,8.65,14,PROJECT_DEMO_EXPANSION,2026-09-23,Synthetic/demo relationship; not a verified commercial contract.,SYNTHETIC_DEMO
SUP00489,PROD00423,SUPPLIES,HIGH,28.06,45,PROJECT_DEMO_EXPANSION,2026-09-23,Synthetic/demo relationship; not a verified commercial contract.,SYNTHETIC_DEMO
SUP00490,PROD00430,DISTRIBUTES,MEDIUM,36.94,90,PROJECT_DEMO_EXPANSION,2026-09-23,Synthetic/demo relationship; not a verified commercial contract.,SYNTHETIC_DEMO
SUP00491,PROD00437,SUPPLIES,LOW,10.12,90,PROJECT_DEMO_EXPANSION,2026-09-23,Synthetic/demo relationship; not a verified commercial contract.,SYNTHETIC_DEMO
SUP00492,PROD00444,DISTRIBUTES,MEDIUM,27.71,7,PROJECT_DEMO_EXPANSION,2026-09-23,Synthetic/demo relationship; not a verified commercial contract.,SYNTHETIC_DEMO
SUP00493,PROD00451,DISTRIBUTES,HIGH,25.2,60,PROJECT_DEMO_EXPANSION,2026-09-23,Synthetic/demo relationship; not a verified commercial contract.,SYNTHETIC_DEMO
SUP00494,PROD00458,SUPPLIES,HIGH,9.52,7,PROJECT_DEMO_EXPANSION,2026-09-23,Synthetic/demo relationship; not a verified commercial contract.,SYNTHETIC_DEMO
SUP00495,PROD00465,MANUFACTURES,MEDIUM,14.52,60,PROJECT_DEMO_EXPANSION,2026-09-23,Synthetic/demo relationship; not a verified commercial contract.,SYNTHETIC_DEMO
SUP00496,PROD00472,MANUFACTURES,MEDIUM,34.05,21,PROJECT_DEMO_EXPANSION,2026-09-23,Synthetic/demo relationship; not a verified commercial contract.,SYNTHETIC_DEMO
SUP00497,PROD00479,SUPPLIES,MEDIUM,19.82,45,PROJECT_DEMO_EXPANSION,2026-09-23,Synthetic/demo relationship; not a verified commercial contract.,SYNTHETIC_DEMO
SUP00498,PROD00486,DISTRIBUTES,MEDIUM,24.51,60,PROJECT_DEMO_EXPANSION,2026-09-23,Synthetic/demo relationship; not a verified commercial contract.,SYNTHETIC_DEMO
SUP00499,PROD00493,MANUFACTURES,LOW,7.28,30,PROJECT_DEMO_EXPANSION,2026-09-23,Synthetic/demo relationship; not a verified commercial contract.,SYNTHETIC_DEMO
SUP00500,PROD00500,MANUFACTURES,MEDIUM,4.53,14,PROJECT_DEMO_EXPANSION,2026-09-23,Synthetic/demo relationship; not a verified commercial contract.,SYNTHETIC_DEMO
SUP00501,PROD00507,DISTRIBUTES,HIGH,34.16,30,PROJECT_DEMO_EXPANSION,2026-09-23,Synthetic/demo relationship; not a verified commercial contract.,SYNTHETIC_DEMO
SUP00502,PROD00514,DISTRIBUTES,LOW,13.21,14,PROJECT_DEMO_EXPANSION,2026-09-23,Synthetic/demo relationship; not a verified commercial contract.,SYNTHETIC_DEMO
SUP00503,PROD00521,DISTRIBUTES,HIGH,35.41,21,PROJECT_DEMO_EXPANSION,2026-09-23,Synthetic/demo relationship; not a verified commercial contract.,SYNTHETIC_DEMO
SUP00504,PROD00528,SUPPLIES,MEDIUM,17.67,21,PROJECT_DEMO_EXPANSION,2026-09-23,Synthetic/demo relationship; not a verified commercial contract.,SYNTHETIC_DEMO
SUP00505,PROD00535,MANUFACTURES,HIGH,28.32,45,PROJECT_DEMO_EXPANSION,2026-09-23,Synthetic/demo relationship; not a verified commercial contract.,SYNTHETIC_DEMO
SUP00506,PROD00542,SUPPLIES,HIGH,31.34,7,PROJECT_DEMO_EXPANSION,2026-09-23,Synthetic/demo relationship; not a verified commercial contract.,SYNTHETIC_DEMO
SUP00507,PROD00549,MANUFACTURES,LOW,27.93,45,PROJECT_DEMO_EXPANSION,2026-09-23,Synthetic/demo relationship; not a verified commercial contract.,SYNTHETIC_DEMO
SUP00508,PROD00556,SUPPLIES,HIGH,27.28,21,PROJECT_DEMO_EXPANSION,2026-09-23,Synthetic/demo relationship; not a verified commercial contract.,SYNTHETIC_DEMO
SUP00509,PROD00563,SUPPLIES,HIGH,24.32,60,PROJECT_DEMO_EXPANSION,2026-09-23,Synthetic/demo relationship; not a verified commercial contract.,SYNTHETIC_DEMO
SUP00510,PROD00570,MANUFACTURES,LOW,35.31,7,PROJECT_DEMO_EXPANSION,2026-09-23,Synthetic/demo relationship; not a verified commercial contract.,SYNTHETIC_DEMO
SUP00511,PROD00577,DISTRIBUTES,LOW,3.91,30,PROJECT_DEMO_EXPANSION,2026-09-23,Synthetic/demo relationship; not a verified commercial contract.,SYNTHETIC_DEMO
SUP00512,PROD00584,SUPPLIES,HIGH,36.61,30,PROJECT_DEMO_EXPANSION,2026-09-23,Synthetic/demo relationship; not a verified commercial contract.,SYNTHETIC_DEMO
SUP00513,PROD00591,DISTRIBUTES,HIGH,20.08,21,PROJECT_DEMO_EXPANSION,2026-09-23,Synthetic/demo relationship; not a verified commercial contract.,SYNTHETIC_DEMO
SUP00514,PROD00598,MANUFACTURES,HIGH,20.41,60,PROJECT_DEMO_EXPANSION,2026-09-23,Synthetic/demo relationship; not a verified commercial contract.,SYNTHETIC_DEMO
SUP00515,PROD00605,DISTRIBUTES,MEDIUM,27.23,90,PROJECT_DEMO_EXPANSION,2026-09-23,Synthetic/demo relationship; not a verified commercial contract.,SYNTHETIC_DEMO
SUP00516,PROD00612,MANUFACTURES,MEDIUM,8.92,60,PROJECT_DEMO_EXPANSION,2026-09-23,Synthetic/demo relationship; not a verified commercial contract.,SYNTHETIC_DEMO
SUP00517,PROD00619,SUPPLIES,MEDIUM,25.98,90,PROJECT_DEMO_EXPANSION,2026-09-23,Synthetic/demo relationship; not a verified commercial contract.,SYNTHETIC_DEMO
SUP00518,PROD00626,SUPPLIES,LOW,19.49,60,PROJECT_DEMO_EXPANSION,2026-09-23,Synthetic/demo relationship; not a verified commercial contract.,SYNTHETIC_DEMO
SUP00519,PROD00633,DISTRIBUTES,MEDIUM,10.6,30,PROJECT_DEMO_EXPANSION,2026-09-23,Synthetic/demo relationship; not a verified commercial contract.,SYNTHETIC_DEMO
SUP00520,PROD00640,MANUFACTURES,LOW,4.98,7,PROJECT_DEMO_EXPANSION,2026-09-23,Synthetic/demo relationship; not a verified commercial contract.,SYNTHETIC_DEMO
SUP00521,PROD00647,MANUFACTURES,HIGH,1.96,7,PROJECT_DEMO_EXPANSION,2026-09-23,Synthetic/demo relationship; not a verified commercial contract.,SYNTHETIC_DEMO
SUP00522,PROD00654,MANUFACTURES,HIGH,35.11,14,PROJECT_DEMO_EXPANSION,2026-09-23,Synthetic/demo relationship; not a verified commercial contract.,SYNTHETIC_DEMO
SUP00523,PROD00661,SUPPLIES,HIGH,33.87,60,PROJECT_DEMO_EXPANSION,2026-09-23,Synthetic/demo relationship; not a verified commercial contract.,SYNTHETIC_DEMO
SUP00524,PROD00668,DISTRIBUTES,HIGH,12.56,30,PROJECT_DEMO_EXPANSION,2026-09-23,Synthetic/demo relationship; not a verified commercial contract.,SYNTHETIC_DEMO
SUP00525,PROD00675,DISTRIBUTES,MEDIUM,22.92,60,PROJECT_DEMO_EXPANSION,2026-09-23,Synthetic/demo relationship; not a verified commercial contract.,SYNTHETIC_DEMO
SUP00526,PROD00682,MANUFACTURES,MEDIUM,2.85,90,PROJECT_DEMO_EXPANSION,2026-09-23,Synthetic/demo relationship; not a verified commercial contract.,SYNTHETIC_DEMO
SUP00527,PROD00689,SUPPLIES,HIGH,30.67,90,PROJECT_DEMO_EXPANSION,2026-09-23,Synthetic/demo relationship; not a verified commercial contract.,SYNTHETIC_DEMO
SUP00528,PROD00696,SUPPLIES,LOW,38.89,90,PROJECT_DEMO_EXPANSION,2026-09-23,Synthetic/demo relationship; not a verified commercial contract.,SYNTHETIC_DEMO
SUP00529,PROD00703,MANUFACTURES,HIGH,9.05,21,PROJECT_DEMO_EXPANSION,2026-09-23,Synthetic/demo relationship; not a verified commercial contract.,SYNTHETIC_DEMO
SUP00530,PROD00710,MANUFACTURES,HIGH,23.08,21,PROJECT_DEMO_EXPANSION,2026-09-23,Synthetic/demo relationship; not a verified commercial contract.,SYNTHETIC_DEMO
SUP00531,PROD00717,SUPPLIES,MEDIUM,8.6,45,PROJECT_DEMO_EXPANSION,2026-09-23,Synthetic/demo relationship; not a verified commercial contract.,SYNTHETIC_DEMO
SUP00532,PROD00724,MANUFACTURES,LOW,35.06,14,PROJECT_DEMO_EXPANSION,2026-09-23,Synthetic/demo relationship; not a verified commercial contract.,SYNTHETIC_DEMO
SUP00533,PROD00731,DISTRIBUTES,MEDIUM,30.08,7,PROJECT_DEMO_EXPANSION,2026-09-23,Synthetic/demo relationship; not a verified commercial contract.,SYNTHETIC_DEMO
SUP00534,PROD00738,SUPPLIES,MEDIUM,38.49,60,PROJECT_DEMO_EXPANSION,2026-09-23,Synthetic/demo relationship; not a verified commercial contract.,SYNTHETIC_DEMO
SUP00535,PROD00745,MANUFACTURES,MEDIUM,4.9,90,PROJECT_DEMO_EXPANSION,2026-09-23,Synthetic/demo relationship; not a verified commercial contract.,SYNTHETIC_DEMO
SUP00536,PROD00752,MANUFACTURES,LOW,19.64,30,PROJECT_DEMO_EXPANSION,2026-09-23,Synthetic/demo relationship; not a verified commercial contract.,SYNTHETIC_DEMO
SUP00537,PROD00759,SUPPLIES,HIGH,39.35,7,PROJECT_DEMO_EXPANSION,2026-09-23,Synthetic/demo relationship; not a verified commercial contract.,SYNTHETIC_DEMO
SUP00538,PROD00766,DISTRIBUTES,LOW,15.01,21,PROJECT_DEMO_EXPANSION,2026-09-23,Synthetic/demo relationship; not a verified commercial contract.,SYNTHETIC_DEMO
SUP00539,PROD00773,MANUFACTURES,LOW,36.56,21,PROJECT_DEMO_EXPANSION,2026-09-23,Synthetic/demo relationship; not a verified commercial contract.,SYNTHETIC_DEMO
SUP00540,PROD00780,MANUFACTURES,MEDIUM,11.85,21,PROJECT_DEMO_EXPANSION,2026-09-23,Synthetic/demo relationship; not a verified commercial contract.,SYNTHETIC_DEMO
SUP00541,PROD00787,SUPPLIES,LOW,38.85,30,PROJECT_DEMO_EXPANSION,2026-09-23,Synthetic/demo relationship; not a verified commercial contract.,SYNTHETIC_DEMO
SUP00542,PROD00794,SUPPLIES,HIGH,12.66,60,PROJECT_DEMO_EXPANSION,2026-09-23,Synthetic/demo relationship; not a verified commercial contract.,SYNTHETIC_DEMO
SUP00543,PROD00801,SUPPLIES,MEDIUM,18.45,21,PROJECT_DEMO_EXPANSION,2026-09-23,Synthetic/demo relationship; not a verified commercial contract.,SYNTHETIC_DEMO
SUP00544,PROD00808,SUPPLIES,LOW,13.87,30,PROJECT_DEMO_EXPANSION,2026-09-23,Synthetic/demo relationship; not a verified commercial contract.,SYNTHETIC_DEMO
SUP00545,PROD00815,SUPPLIES,MEDIUM,11.16,60,PROJECT_DEMO_EXPANSION,2026-09-23,Synthetic/demo relationship; not a verified commercial contract.,SYNTHETIC_DEMO
SUP00546,PROD00822,SUPPLIES,LOW,23.51,90,PROJECT_DEMO_EXPANSION,2026-09-23,Synthetic/demo relationship; not a verified commercial contract.,SYNTHETIC_DEMO
SUP00547,PROD00829,DISTRIBUTES,LOW,3.37,90,PROJECT_DEMO_EXPANSION,2026-09-23,Synthetic/demo relationship; not a verified commercial contract.,SYNTHETIC_DEMO
SUP00548,PROD00836,SUPPLIES,HIGH,33.58,60,PROJECT_DEMO_EXPANSION,2026-09-23,Synthetic/demo relationship; not a verified commercial contract.,SYNTHETIC_DEMO
SUP00549,PROD00843,SUPPLIES,HIGH,37.21,7,PROJECT_DEMO_EXPANSION,2026-09-23,Synthetic/demo relationship; not a verified commercial contract.,SYNTHETIC_DEMO
SUP00550,PROD00850,DISTRIBUTES,LOW,38.63,7,PROJECT_DEMO_EXPANSION,2026-09-23,Synthetic/demo relationship; not a verified commercial contract.,SYNTHETIC_DEMO
SUP00551,PROD00857,SUPPLIES,MEDIUM,6.91,14,PROJECT_DEMO_EXPANSION,2026-09-23,Synthetic/demo relationship; not a verified commercial contract.,SYNTHETIC_DEMO
SUP00552,PROD00864,DISTRIBUTES,LOW,10.8,45,PROJECT_DEMO_EXPANSION,2026-09-23,Synthetic/demo relationship; not a verified commercial contract.,SYNTHETIC_DEMO
SUP00553,PROD00871,MANUFACTURES,MEDIUM,6.49,30,PROJECT_DEMO_EXPANSION,2026-09-23,Synthetic/demo relationship; not a verified commercial contract.,SYNTHETIC_DEMO
SUP00554,PROD00878,DISTRIBUTES,LOW,9.05,7,PROJECT_DEMO_EXPANSION,2026-09-23,Synthetic/demo relationship; not a verified commercial contract.,SYNTHETIC_DEMO
SUP00555,PROD00885,MANUFACTURES,LOW,28.78,7,PROJECT_DEMO_EXPANSION,2026-09-23,Synthetic/demo relationship; not a verified commercial contract.,SYNTHETIC_DEMO
SUP00556,PROD00892,DISTRIBUTES,MEDIUM,37.06,45,PROJECT_DEMO_EXPANSION,2026-09-23,Synthetic/demo relationship; not a verified commercial contract.,SYNTHETIC_DEMO
SUP00557,PROD00899,SUPPLIES,LOW,17.02,21,PROJECT_DEMO_EXPANSION,2026-09-23,Synthetic/demo relationship; not a verified commercial contract.,SYNTHETIC_DEMO
SUP00558,PROD00906,MANUFACTURES,HIGH,36.56,60,PROJECT_DEMO_EXPANSION,2026-09-23,Synthetic/demo relationship; not a verified commercial contract.,SYNTHETIC_DEMO
SUP00559,PROD00913,DISTRIBUTES,HIGH,15.38,60,PROJECT_DEMO_EXPANSION,2026-09-23,Synthetic/demo relationship; not a verified commercial contract.,SYNTHETIC_DEMO
SUP00560,PROD00920,SUPPLIES,MEDIUM,32.36,7,PROJECT_DEMO_EXPANSION,2026-09-23,Synthetic/demo relationship; not a verified commercial contract.,SYNTHETIC_DEMO
SUP00561,PROD00927,DISTRIBUTES,LOW,36.08,7,PROJECT_DEMO_EXPANSION,2026-09-23,Synthetic/demo relationship; not a verified commercial contract.,SYNTHETIC_DEMO
SUP00562,PROD00934,SUPPLIES,HIGH,39.07,30,PROJECT_DEMO_EXPANSION,2026-09-23,Synthetic/demo relationship; not a verified commercial contract.,SYNTHETIC_DEMO
SUP00563,PROD00941,SUPPLIES,MEDIUM,18.75,90,PROJECT_DEMO_EXPANSION,2026-09-23,Synthetic/demo relationship; not a verified commercial contract.,SYNTHETIC_DEMO
SUP00564,PROD00948,DISTRIBUTES,LOW,36.6,14,PROJECT_DEMO_EXPANSION,2026-09-23,Synthetic/demo relationship; not a verified commercial contract.,SYNTHETIC_DEMO
SUP00565,PROD00955,SUPPLIES,HIGH,39.57,21,PROJECT_DEMO_EXPANSION,2026-09-23,Synthetic/demo relationship; not a verified commercial contract.,SYNTHETIC_DEMO
SUP00566,PROD00962,SUPPLIES,HIGH,19.71,21,PROJECT_DEMO_EXPANSION,2026-09-23,Synthetic/demo relationship; not a verified commercial contract.,SYNTHETIC_DEMO
SUP00567,PROD00969,MANUFACTURES,MEDIUM,11.83,60,PROJECT_DEMO_EXPANSION,2026-09-23,Synthetic/demo relationship; not a verified commercial contract.,SYNTHETIC_DEMO
SUP00568,PROD00976,DISTRIBUTES,MEDIUM,1.55,14,PROJECT_DEMO_EXPANSION,2026-09-23,Synthetic/demo relationship; not a verified commercial contract.,SYNTHETIC_DEMO
SUP00569,PROD00983,MANUFACTURES,HIGH,34.77,14,PROJECT_DEMO_EXPANSION,2026-09-23,Synthetic/demo relationship; not a verified commercial contract.,SYNTHETIC_DEMO
SUP00570,PROD00990,DISTRIBUTES,HIGH,12.11,7,PROJECT_DEMO_EXPANSION,2026-09-23,Synthetic/demo relationship; not a verified commercial contract.,SYNTHETIC_DEMO
SUP00571,PROD00997,SUPPLIES,LOW,16.52,60,PROJECT_DEMO_EXPANSION,2026-09-23,Synthetic/demo relationship; not a verified commercial contract.,SYNTHETIC_DEMO
SUP00572,PROD00004,MANUFACTURES,HIGH,39.41,90,PROJECT_DEMO_EXPANSION,2026-09-23,Synthetic/demo relationship; not a verified commercial contract.,SYNTHETIC_DEMO
SUP00573,PROD00011,DISTRIBUTES,MEDIUM,14.98,7,PROJECT_DEMO_EXPANSION,2026-09-23,Synthetic/demo relationship; not a verified commercial contract.,SYNTHETIC_DEMO
SUP00574,PROD00018,MANUFACTURES,LOW,14.44,21,PROJECT_DEMO_EXPANSION,2026-09-23,Synthetic/demo relationship; not a verified commercial contract.,SYNTHETIC_DEMO
SUP00575,PROD00025,DISTRIBUTES,HIGH,21.02,14,PROJECT_DEMO_EXPANSION,2026-09-23,Synthetic/demo relationship; not a verified commercial contract.,SYNTHETIC_DEMO
SUP00576,PROD00032,SUPPLIES,LOW,12.22,30,PROJECT_DEMO_EXPANSION,2026-09-23,Synthetic/demo relationship; not a verified commercial contract.,SYNTHETIC_DEMO
SUP00577,PROD00039,DISTRIBUTES,LOW,36.92,90,PROJECT_DEMO_EXPANSION,2026-09-23,Synthetic/demo relationship; not a verified commercial contract.,SYNTHETIC_DEMO
SUP00578,PROD00046,MANUFACTURES,HIGH,8.78,30,PROJECT_DEMO_EXPANSION,2026-09-23,Synthetic/demo relationship; not a verified commercial contract.,SYNTHETIC_DEMO
SUP00579,PROD00053,MANUFACTURES,LOW,26.42,30,PROJECT_DEMO_EXPANSION,2026-09-23,Synthetic/demo relationship; not a verified commercial contract.,SYNTHETIC_DEMO
SUP00580,PROD00060,MANUFACTURES,LOW,21.85,14,PROJECT_DEMO_EXPANSION,2026-09-23,Synthetic/demo relationship; not a verified commercial contract.,SYNTHETIC_DEMO
SUP00581,PROD00067,SUPPLIES,MEDIUM,14.47,21,PROJECT_DEMO_EXPANSION,2026-09-23,Synthetic/demo relationship; not a verified commercial contract.,SYNTHETIC_DEMO
SUP00582,PROD00074,MANUFACTURES,LOW,22.09,30,PROJECT_DEMO_EXPANSION,2026-09-23,Synthetic/demo relationship; not a verified commercial contract.,SYNTHETIC_DEMO
SUP00583,PROD00081,MANUFACTURES,HIGH,6.5,14,PROJECT_DEMO_EXPANSION,2026-09-23,Synthetic/demo relationship; not a verified commercial contract.,SYNTHETIC_DEMO
SUP00584,PROD00088,SUPPLIES,HIGH,20.85,90,PROJECT_DEMO_EXPANSION,2026-09-23,Synthetic/demo relationship; not a verified commercial contract.,SYNTHETIC_DEMO
SUP00585,PROD00095,MANUFACTURES,HIGH,6.59,45,PROJECT_DEMO_EXPANSION,2026-09-23,Synthetic/demo relationship; not a verified commercial contract.,SYNTHETIC_DEMO
SUP00586,PROD00102,SUPPLIES,MEDIUM,22.92,21,PROJECT_DEMO_EXPANSION,2026-09-23,Synthetic/demo relationship; not a verified commercial contract.,SYNTHETIC_DEMO
SUP00587,PROD00109,DISTRIBUTES,MEDIUM,16.46,14,PROJECT_DEMO_EXPANSION,2026-09-23,Synthetic/demo relationship; not a verified commercial contract.,SYNTHETIC_DEMO
SUP00588,PROD00116,DISTRIBUTES,LOW,19.11,30,PROJECT_DEMO_EXPANSION,2026-09-23,Synthetic/demo relationship; not a verified commercial contract.,SYNTHETIC_DEMO
SUP00589,PROD00123,MANUFACTURES,MEDIUM,27.83,60,PROJECT_DEMO_EXPANSION,2026-09-23,Synthetic/demo relationship; not a verified commercial contract.,SYNTHETIC_DEMO
SUP00590,PROD00130,SUPPLIES,MEDIUM,38.77,45,PROJECT_DEMO_EXPANSION,2026-09-23,Synthetic/demo relationship; not a verified commercial contract.,SYNTHETIC_DEMO
SUP00591,PROD00137,MANUFACTURES,HIGH,1.96,7,PROJECT_DEMO_EXPANSION,2026-09-23,Synthetic/demo relationship; not a verified commercial contract.,SYNTHETIC_DEMO
SUP00592,PROD00144,DISTRIBUTES,LOW,11.42,21,PROJECT_DEMO_EXPANSION,2026-09-23,Synthetic/demo relationship; not a verified commercial contract.,SYNTHETIC_DEMO
SUP00593,PROD00151,MANUFACTURES,HIGH,26.03,21,PROJECT_DEMO_EXPANSION,2026-09-23,Synthetic/demo relationship; not a verified commercial contract.,SYNTHETIC_DEMO
SUP00594,PROD00158,MANUFACTURES,LOW,3.96,30,PROJECT_DEMO_EXPANSION,2026-09-23,Synthetic/demo relationship; not a verified commercial contract.,SYNTHETIC_DEMO
SUP00595,PROD00165,DISTRIBUTES,LOW,11.08,45,PROJECT_DEMO_EXPANSION,2026-09-23,Synthetic/demo relationship; not a verified commercial contract.,SYNTHETIC_DEMO
SUP00596,PROD00172,MANUFACTURES,HIGH,34.71,14,PROJECT_DEMO_EXPANSION,2026-09-23,Synthetic/demo relationship; not a verified commercial contract.,SYNTHETIC_DEMO
SUP00597,PROD00179,SUPPLIES,HIGH,11.4,45,PROJECT_DEMO_EXPANSION,2026-09-23,Synthetic/demo relationship; not a verified commercial contract.,SYNTHETIC_DEMO
SUP00598,PROD00186,DISTRIBUTES,MEDIUM,13.07,45,PROJECT_DEMO_EXPANSION,2026-09-23,Synthetic/demo relationship; not a verified commercial contract.,SYNTHETIC_DEMO
SUP00599,PROD00193,DISTRIBUTES,HIGH,15.69,30,PROJECT_DEMO_EXPANSION,2026-09-23,Synthetic/demo relationship; not a verified commercial contract.,SYNTHETIC_DEMO
SUP00600,PROD00200,MANUFACTURES,LOW,25.18,21,PROJECT_DEMO_EXPANSION,2026-09-23,Synthetic/demo relationship; not a verified commercial contract.,SYNTHETIC_DEMO
SUP00601,PROD00207,DISTRIBUTES,LOW,22.78,90,PROJECT_DEMO_EXPANSION,2026-09-23,Synthetic/demo relationship; not a verified commercial contract.,SYNTHETIC_DEMO
SUP00602,PROD00214,DISTRIBUTES,LOW,3.87,60,PROJECT_DEMO_EXPANSION,2026-09-23,Synthetic/demo relationship; not a verified commercial contract.,SYNTHETIC_DEMO
SUP00603,PROD00221,MANUFACTURES,HIGH,16.04,45,PROJECT_DEMO_EXPANSION,2026-09-23,Synthetic/demo relationship; not a verified commercial contract.,SYNTHETIC_DEMO
SUP00604,PROD00228,DISTRIBUTES,HIGH,12.08,21,PROJECT_DEMO_EXPANSION,2026-09-23,Synthetic/demo relationship; not a verified commercial contract.,SYNTHETIC_DEMO
SUP00605,PROD00235,DISTRIBUTES,HIGH,22.03,14,PROJECT_DEMO_EXPANSION,2026-09-23,Synthetic/demo relationship; not a verified commercial contract.,SYNTHETIC_DEMO
SUP00606,PROD00242,SUPPLIES,HIGH,20.26,7,PROJECT_DEMO_EXPANSION,2026-09-23,Synthetic/demo relationship; not a verified commercial contract.,SYNTHETIC_DEMO
SUP00607,PROD00249,MANUFACTURES,LOW,28.6,14,PROJECT_DEMO_EXPANSION,2026-09-23,Synthetic/demo relationship; not a verified commercial contract.,SYNTHETIC_DEMO
SUP00608,PROD00256,SUPPLIES,LOW,8.81,30,PROJECT_DEMO_EXPANSION,2026-09-23,Synthetic/demo relationship; not a verified commercial contract.,SYNTHETIC_DEMO
SUP00609,PROD00263,SUPPLIES,LOW,6.19,90,PROJECT_DEMO_EXPANSION,2026-09-23,Synthetic/demo relationship; not a verified commercial contract.,SYNTHETIC_DEMO
SUP00610,PROD00270,SUPPLIES,LOW,28.24,30,PROJECT_DEMO_EXPANSION,2026-09-23,Synthetic/demo relationship; not a verified commercial contract.,SYNTHETIC_DEMO
SUP00611,PROD00277,MANUFACTURES,MEDIUM,11.25,14,PROJECT_DEMO_EXPANSION,2026-09-23,Synthetic/demo relationship; not a verified commercial contract.,SYNTHETIC_DEMO
SUP00612,PROD00284,DISTRIBUTES,HIGH,20.21,14,PROJECT_DEMO_EXPANSION,2026-09-23,Synthetic/demo relationship; not a verified commercial contract.,SYNTHETIC_DEMO
SUP00613,PROD00291,SUPPLIES,HIGH,2.32,7,PROJECT_DEMO_EXPANSION,2026-09-23,Synthetic/demo relationship; not a verified commercial contract.,SYNTHETIC_DEMO
SUP00614,PROD00298,DISTRIBUTES,MEDIUM,3.73,30,PROJECT_DEMO_EXPANSION,2026-09-23,Synthetic/demo relationship; not a verified commercial contract.,SYNTHETIC_DEMO
SUP00615,PROD00305,DISTRIBUTES,MEDIUM,25.2,7,PROJECT_DEMO_EXPANSION,2026-09-23,Synthetic/demo relationship; not a verified commercial contract.,SYNTHETIC_DEMO
SUP00616,PROD00312,DISTRIBUTES,MEDIUM,38.88,14,PROJECT_DEMO_EXPANSION,2026-09-23,Synthetic/demo relationship; not a verified commercial contract.,SYNTHETIC_DEMO
SUP00617,PROD00319,DISTRIBUTES,HIGH,34.27,14,PROJECT_DEMO_EXPANSION,2026-09-23,Synthetic/demo relationship; not a verified commercial contract.,SYNTHETIC_DEMO
SUP00618,PROD00326,SUPPLIES,MEDIUM,5.12,45,PROJECT_DEMO_EXPANSION,2026-09-23,Synthetic/demo relationship; not a verified commercial contract.,SYNTHETIC_DEMO
SUP00619,PROD00333,MANUFACTURES,MEDIUM,28.14,21,PROJECT_DEMO_EXPANSION,2026-09-23,Synthetic/demo relationship; not a verified commercial contract.,SYNTHETIC_DEMO
SUP00620,PROD00340,DISTRIBUTES,MEDIUM,10.0,45,PROJECT_DEMO_EXPANSION,2026-09-23,Synthetic/demo relationship; not a verified commercial contract.,SYNTHETIC_DEMO
SUP00621,PROD00347,DISTRIBUTES,MEDIUM,21.98,21,PROJECT_DEMO_EXPANSION,2026-09-23,Synthetic/demo relationship; not a verified commercial contract.,SYNTHETIC_DEMO
SUP00622,PROD00354,DISTRIBUTES,HIGH,14.56,21,PROJECT_DEMO_EXPANSION,2026-09-23,Synthetic/demo relationship; not a verified commercial contract.,SYNTHETIC_DEMO
SUP00623,PROD00361,MANUFACTURES,MEDIUM,34.01,14,PROJECT_DEMO_EXPANSION,2026-09-23,Synthetic/demo relationship; not a verified commercial contract.,SYNTHETIC_DEMO
SUP00624,PROD00368,MANUFACTURES,HIGH,7.69,21,PROJECT_DEMO_EXPANSION,2026-09-23,Synthetic/demo relationship; not a verified commercial contract.,SYNTHETIC_DEMO
SUP00625,PROD00375,MANUFACTURES,HIGH,30.47,21,PROJECT_DEMO_EXPANSION,2026-09-23,Synthetic/demo relationship; not a verified commercial contract.,SYNTHETIC_DEMO
SUP00626,PROD00382,SUPPLIES,HIGH,4.75,14,PROJECT_DEMO_EXPANSION,2026-09-23,Synthetic/demo relationship; not a verified commercial contract.,SYNTHETIC_DEMO
SUP00627,PROD00389,MANUFACTURES,HIGH,22.24,90,PROJECT_DEMO_EXPANSION,2026-09-23,Synthetic/demo relationship; not a verified commercial contract.,SYNTHETIC_DEMO
SUP00628,PROD00396,MANUFACTURES,HIGH,14.35,90,PROJECT_DEMO_EXPANSION,2026-09-23,Synthetic/demo relationship; not a verified commercial contract.,SYNTHETIC_DEMO
SUP00629,PROD00403,MANUFACTURES,HIGH,16.06,14,PROJECT_DEMO_EXPANSION,2026-09-23,Synthetic/demo relationship; not a verified commercial contract.,SYNTHETIC_DEMO
SUP00630,PROD00410,DISTRIBUTES,MEDIUM,9.38,21,PROJECT_DEMO_EXPANSION,2026-09-23,Synthetic/demo relationship; not a verified commercial contract.,SYNTHETIC_DEMO
SUP00631,PROD00417,MANUFACTURES,HIGH,34.33,60,PROJECT_DEMO_EXPANSION,2026-09-23,Synthetic/demo relationship; not a verified commercial contract.,SYNTHETIC_DEMO
SUP00632,PROD00424,DISTRIBUTES,MEDIUM,39.63,30,PROJECT_DEMO_EXPANSION,2026-09-23,Synthetic/demo relationship; not a verified commercial contract.,SYNTHETIC_DEMO
SUP00633,PROD00431,MANUFACTURES,HIGH,12.88,21,PROJECT_DEMO_EXPANSION,2026-09-23,Synthetic/demo relationship; not a verified commercial contract.,SYNTHETIC_DEMO
SUP00634,PROD00438,MANUFACTURES,MEDIUM,19.05,45,PROJECT_DEMO_EXPANSION,2026-09-23,Synthetic/demo relationship; not a verified commercial contract.,SYNTHETIC_DEMO
SUP00635,PROD00445,DISTRIBUTES,LOW,6.91,14,PROJECT_DEMO_EXPANSION,2026-09-23,Synthetic/demo relationship; not a verified commercial contract.,SYNTHETIC_DEMO
SUP00636,PROD00452,SUPPLIES,LOW,23.59,21,PROJECT_DEMO_EXPANSION,2026-09-23,Synthetic/demo relationship; not a verified commercial contract.,SYNTHETIC_DEMO
SUP00637,PROD00459,MANUFACTURES,HIGH,13.21,45,PROJECT_DEMO_EXPANSION,2026-09-23,Synthetic/demo relationship; not a verified commercial contract.,SYNTHETIC_DEMO
SUP00638,PROD00466,DISTRIBUTES,MEDIUM,25.36,21,PROJECT_DEMO_EXPANSION,2026-09-23,Synthetic/demo relationship; not a verified commercial contract.,SYNTHETIC_DEMO
SUP00639,PROD00473,DISTRIBUTES,MEDIUM,26.93,7,PROJECT_DEMO_EXPANSION,2026-09-23,Synthetic/demo relationship; not a verified commercial contract.,SYNTHETIC_DEMO
SUP00640,PROD00480,MANUFACTURES,HIGH,17.4,14,PROJECT_DEMO_EXPANSION,2026-09-23,Synthetic/demo relationship; not a verified commercial contract.,SYNTHETIC_DEMO
SUP00641,PROD00487,MANUFACTURES,HIGH,8.93,60,PROJECT_DEMO_EXPANSION,2026-09-23,Synthetic/demo relationship; not a verified commercial contract.,SYNTHETIC_DEMO
SUP00642,PROD00494,MANUFACTURES,LOW,12.77,7,PROJECT_DEMO_EXPANSION,2026-09-23,Synthetic/demo relationship; not a verified commercial contract.,SYNTHETIC_DEMO
SUP00643,PROD00501,SUPPLIES,LOW,17.74,7,PROJECT_DEMO_EXPANSION,2026-09-23,Synthetic/demo relationship; not a verified commercial contract.,SYNTHETIC_DEMO
SUP00644,PROD00508,SUPPLIES,HIGH,36.98,7,PROJECT_DEMO_EXPANSION,2026-09-23,Synthetic/demo relationship; not a verified commercial contract.,SYNTHETIC_DEMO
SUP00645,PROD00515,MANUFACTURES,LOW,4.79,30,PROJECT_DEMO_EXPANSION,2026-09-23,Synthetic/demo relationship; not a verified commercial contract.,SYNTHETIC_DEMO
SUP00646,PROD00522,DISTRIBUTES,MEDIUM,24.36,90,PROJECT_DEMO_EXPANSION,2026-09-23,Synthetic/demo relationship; not a verified commercial contract.,SYNTHETIC_DEMO
SUP00647,PROD00529,DISTRIBUTES,HIGH,21.26,14,PROJECT_DEMO_EXPANSION,2026-09-23,Synthetic/demo relationship; not a verified commercial contract.,SYNTHETIC_DEMO
SUP00648,PROD00536,MANUFACTURES,LOW,28.98,45,PROJECT_DEMO_EXPANSION,2026-09-23,Synthetic/demo relationship; not a verified commercial contract.,SYNTHETIC_DEMO
SUP00649,PROD00543,DISTRIBUTES,HIGH,23.05,7,PROJECT_DEMO_EXPANSION,2026-09-23,Synthetic/demo relationship; not a verified commercial contract.,SYNTHETIC_DEMO
SUP00650,PROD00550,DISTRIBUTES,LOW,19.88,90,PROJECT_DEMO_EXPANSION,2026-09-23,Synthetic/demo relationship; not a verified commercial contract.,SYNTHETIC_DEMO
SUP00651,PROD00557,SUPPLIES,LOW,9.93,30,PROJECT_DEMO_EXPANSION,2026-09-23,Synthetic/demo relationship; not a verified commercial contract.,SYNTHETIC_DEMO
SUP00652,PROD00564,SUPPLIES,HIGH,31.38,7,PROJECT_DEMO_EXPANSION,2026-09-23,Synthetic/demo relationship; not a verified commercial contract.,SYNTHETIC_DEMO
SUP00653,PROD00571,SUPPLIES,LOW,12.53,45,PROJECT_DEMO_EXPANSION,2026-09-23,Synthetic/demo relationship; not a verified commercial contract.,SYNTHETIC_DEMO
SUP00654,PROD00578,SUPPLIES,HIGH,37.35,30,PROJECT_DEMO_EXPANSION,2026-09-23,Synthetic/demo relationship; not a verified commercial contract.,SYNTHETIC_DEMO
SUP00655,PROD00585,MANUFACTURES,HIGH,32.54,90,PROJECT_DEMO_EXPANSION,2026-09-23,Synthetic/demo relationship; not a verified commercial contract.,SYNTHETIC_DEMO
SUP00656,PROD00592,SUPPLIES,LOW,23.65,7,PROJECT_DEMO_EXPANSION,2026-09-23,Synthetic/demo relationship; not a verified commercial contract.,SYNTHETIC_DEMO
SUP00657,PROD00599,SUPPLIES,MEDIUM,13.4,45,PROJECT_DEMO_EXPANSION,2026-09-23,Synthetic/demo relationship; not a verified commercial contract.,SYNTHETIC_DEMO
SUP00658,PROD00606,DISTRIBUTES,LOW,17.54,45,PROJECT_DEMO_EXPANSION,2026-09-23,Synthetic/demo relationship; not a verified commercial contract.,SYNTHETIC_DEMO
SUP00659,PROD00613,DISTRIBUTES,LOW,18.07,60,PROJECT_DEMO_EXPANSION,2026-09-23,Synthetic/demo relationship; not a verified commercial contract.,SYNTHETIC_DEMO
SUP00660,PROD00620,MANUFACTURES,MEDIUM,18.63,30,PROJECT_DEMO_EXPANSION,2026-09-23,Synthetic/demo relationship; not a verified commercial contract.,SYNTHETIC_DEMO
SUP00661,PROD00627,SUPPLIES,MEDIUM,34.39,21,PROJECT_DEMO_EXPANSION,2026-09-23,Synthetic/demo relationship; not a verified commercial contract.,SYNTHETIC_DEMO
SUP00662,PROD00634,DISTRIBUTES,LOW,29.31,30,PROJECT_DEMO_EXPANSION,2026-09-23,Synthetic/demo relationship; not a verified commercial contract.,SYNTHETIC_DEMO
SUP00663,PROD00641,MANUFACTURES,HIGH,6.8,7,PROJECT_DEMO_EXPANSION,2026-09-23,Synthetic/demo relationship; not a verified commercial contract.,SYNTHETIC_DEMO
SUP00664,PROD00648,MANUFACTURES,MEDIUM,9.69,7,PROJECT_DEMO_EXPANSION,2026-09-23,Synthetic/demo relationship; not a verified commercial contract.,SYNTHETIC_DEMO
SUP00665,PROD00655,SUPPLIES,HIGH,29.58,60,PROJECT_DEMO_EXPANSION,2026-09-23,Synthetic/demo relationship; not a verified commercial contract.,SYNTHETIC_DEMO
SUP00666,PROD00662,SUPPLIES,HIGH,37.37,21,PROJECT_DEMO_EXPANSION,2026-09-23,Synthetic/demo relationship; not a verified commercial contract.,SYNTHETIC_DEMO
SUP00667,PROD00669,DISTRIBUTES,MEDIUM,15.32,45,PROJECT_DEMO_EXPANSION,2026-09-23,Synthetic/demo relationship; not a verified commercial contract.,SYNTHETIC_DEMO
SUP00668,PROD00676,SUPPLIES,HIGH,19.28,14,PROJECT_DEMO_EXPANSION,2026-09-23,Synthetic/demo relationship; not a verified commercial contract.,SYNTHETIC_DEMO
SUP00669,PROD00683,SUPPLIES,LOW,15.31,7,PROJECT_DEMO_EXPANSION,2026-09-23,Synthetic/demo relationship; not a verified commercial contract.,SYNTHETIC_DEMO
SUP00670,PROD00690,SUPPLIES,LOW,7.71,21,PROJECT_DEMO_EXPANSION,2026-09-23,Synthetic/demo relationship; not a verified commercial contract.,SYNTHETIC_DEMO
SUP00671,PROD00697,DISTRIBUTES,HIGH,15.92,14,PROJECT_DEMO_EXPANSION,2026-09-23,Synthetic/demo relationship; not a verified commercial contract.,SYNTHETIC_DEMO
SUP00672,PROD00704,MANUFACTURES,MEDIUM,28.9,7,PROJECT_DEMO_EXPANSION,2026-09-23,Synthetic/demo relationship; not a verified commercial contract.,SYNTHETIC_DEMO
SUP00673,PROD00711,SUPPLIES,HIGH,22.2,7,PROJECT_DEMO_EXPANSION,2026-09-23,Synthetic/demo relationship; not a verified commercial contract.,SYNTHETIC_DEMO
SUP00674,PROD00718,MANUFACTURES,LOW,2.32,45,PROJECT_DEMO_EXPANSION,2026-09-23,Synthetic/demo relationship; not a verified commercial contract.,SYNTHETIC_DEMO
SUP00675,PROD00725,SUPPLIES,MEDIUM,16.99,45,PROJECT_DEMO_EXPANSION,2026-09-23,Synthetic/demo relationship; not a verified commercial contract.,SYNTHETIC_DEMO
SUP00676,PROD00732,SUPPLIES,MEDIUM,23.74,14,PROJECT_DEMO_EXPANSION,2026-09-23,Synthetic/demo relationship; not a verified commercial contract.,SYNTHETIC_DEMO
SUP00677,PROD00739,MANUFACTURES,MEDIUM,14.65,21,PROJECT_DEMO_EXPANSION,2026-09-23,Synthetic/demo relationship; not a verified commercial contract.,SYNTHETIC_DEMO
SUP00678,PROD00746,MANUFACTURES,LOW,29.87,14,PROJECT_DEMO_EXPANSION,2026-09-23,Synthetic/demo relationship; not a verified commercial contract.,SYNTHETIC_DEMO
SUP00679,PROD00753,MANUFACTURES,MEDIUM,36.52,21,PROJECT_DEMO_EXPANSION,2026-09-23,Synthetic/demo relationship; not a verified commercial contract.,SYNTHETIC_DEMO
SUP00680,PROD00760,DISTRIBUTES,HIGH,6.41,90,PROJECT_DEMO_EXPANSION,2026-09-23,Synthetic/demo relationship; not a verified commercial contract.,SYNTHETIC_DEMO
SUP00681,PROD00767,SUPPLIES,LOW,26.8,7,PROJECT_DEMO_EXPANSION,2026-09-23,Synthetic/demo relationship; not a verified commercial contract.,SYNTHETIC_DEMO
SUP00682,PROD00774,DISTRIBUTES,LOW,7.21,7,PROJECT_DEMO_EXPANSION,2026-09-23,Synthetic/demo relationship; not a verified commercial contract.,SYNTHETIC_DEMO
SUP00683,PROD00781,MANUFACTURES,LOW,1.35,14,PROJECT_DEMO_EXPANSION,2026-09-23,Synthetic/demo relationship; not a verified commercial contract.,SYNTHETIC_DEMO
SUP00684,PROD00788,SUPPLIES,MEDIUM,6.78,45,PROJECT_DEMO_EXPANSION,2026-09-23,Synthetic/demo relationship; not a verified commercial contract.,SYNTHETIC_DEMO
SUP00685,PROD00795,DISTRIBUTES,LOW,15.74,30,PROJECT_DEMO_EXPANSION,2026-09-23,Synthetic/demo relationship; not a verified commercial contract.,SYNTHETIC_DEMO
SUP00686,PROD00802,MANUFACTURES,LOW,4.6,45,PROJECT_DEMO_EXPANSION,2026-09-23,Synthetic/demo relationship; not a verified commercial contract.,SYNTHETIC_DEMO
SUP00687,PROD00809,DISTRIBUTES,MEDIUM,13.49,21,PROJECT_DEMO_EXPANSION,2026-09-23,Synthetic/demo relationship; not a verified commercial contract.,SYNTHETIC_DEMO
SUP00688,PROD00816,SUPPLIES,MEDIUM,5.8,30,PROJECT_DEMO_EXPANSION,2026-09-23,Synthetic/demo relationship; not a verified commercial contract.,SYNTHETIC_DEMO
SUP00689,PROD00823,SUPPLIES,MEDIUM,18.89,14,PROJECT_DEMO_EXPANSION,2026-09-23,Synthetic/demo relationship; not a verified commercial contract.,SYNTHETIC_DEMO
SUP00690,PROD00830,SUPPLIES,MEDIUM,7.86,60,PROJECT_DEMO_EXPANSION,2026-09-23,Synthetic/demo relationship; not a verified commercial contract.,SYNTHETIC_DEMO
SUP00691,PROD00837,DISTRIBUTES,LOW,33.05,30,PROJECT_DEMO_EXPANSION,2026-09-23,Synthetic/demo relationship; not a verified commercial contract.,SYNTHETIC_DEMO
SUP00692,PROD00844,SUPPLIES,LOW,30.47,90,PROJECT_DEMO_EXPANSION,2026-09-23,Synthetic/demo relationship; not a verified commercial contract.,SYNTHETIC_DEMO
SUP00693,PROD00851,SUPPLIES,HIGH,5.89,60,PROJECT_DEMO_EXPANSION,2026-09-23,Synthetic/demo relationship; not a verified commercial contract.,SYNTHETIC_DEMO
SUP00694,PROD00858,SUPPLIES,MEDIUM,10.3,30,PROJECT_DEMO_EXPANSION,2026-09-23,Synthetic/demo relationship; not a verified commercial contract.,SYNTHETIC_DEMO
SUP00695,PROD00865,DISTRIBUTES,LOW,1.49,21,PROJECT_DEMO_EXPANSION,2026-09-23,Synthetic/demo relationship; not a verified commercial contract.,SYNTHETIC_DEMO
SUP00696,PROD00872,SUPPLIES,LOW,17.74,21,PROJECT_DEMO_EXPANSION,2026-09-23,Synthetic/demo relationship; not a verified commercial contract.,SYNTHETIC_DEMO
SUP00697,PROD00879,DISTRIBUTES,HIGH,13.49,90,PROJECT_DEMO_EXPANSION,2026-09-23,Synthetic/demo relationship; not a verified commercial contract.,SYNTHETIC_DEMO
SUP00698,PROD00886,DISTRIBUTES,LOW,11.32,90,PROJECT_DEMO_EXPANSION,2026-09-23,Synthetic/demo relationship; not a verified commercial contract.,SYNTHETIC_DEMO
SUP00699,PROD00893,MANUFACTURES,MEDIUM,7.24,30,PROJECT_DEMO_EXPANSION,2026-09-23,Synthetic/demo relationship; not a verified commercial contract.,SYNTHETIC_DEMO
SUP00700,PROD00900,MANUFACTURES,HIGH,30.47,45,PROJECT_DEMO_EXPANSION,2026-09-23,Synthetic/demo relationship; not a verified commercial contract.,SYNTHETIC_DEMO
SUP00701,PROD00907,SUPPLIES,MEDIUM,26.44,7,PROJECT_DEMO_EXPANSION,2026-09-23,Synthetic/demo relationship; not a verified commercial contract.,SYNTHETIC_DEMO
SUP00702,PROD00914,DISTRIBUTES,MEDIUM,14.25,30,PROJECT_DEMO_EXPANSION,2026-09-23,Synthetic/demo relationship; not a verified commercial contract.,SYNTHETIC_DEMO
SUP00703,PROD00921,DISTRIBUTES,LOW,18.96,60,PROJECT_DEMO_EXPANSION,2026-09-23,Synthetic/demo relationship; not a verified commercial contract.,SYNTHETIC_DEMO
SUP00704,PROD00928,SUPPLIES,MEDIUM,2.76,21,PROJECT_DEMO_EXPANSION,2026-09-23,Synthetic/demo relationship; not a verified commercial contract.,SYNTHETIC_DEMO
SUP00705,PROD00935,SUPPLIES,MEDIUM,17.75,45,PROJECT_DEMO_EXPANSION,2026-09-23,Synthetic/demo relationship; not a verified commercial contract.,SYNTHETIC_DEMO
SUP00706,PROD00942,DISTRIBUTES,LOW,37.88,60,PROJECT_DEMO_EXPANSION,2026-09-23,Synthetic/demo relationship; not a verified commercial contract.,SYNTHETIC_DEMO
SUP00707,PROD00949,MANUFACTURES,MEDIUM,7.34,90,PROJECT_DEMO_EXPANSION,2026-09-23,Synthetic/demo relationship; not a verified commercial contract.,SYNTHETIC_DEMO
SUP00708,PROD00956,MANUFACTURES,MEDIUM,11.32,21,PROJECT_DEMO_EXPANSION,2026-09-23,Synthetic/demo relationship; not a verified commercial contract.,SYNTHETIC_DEMO
SUP00709,PROD00963,SUPPLIES,MEDIUM,26.41,30,PROJECT_DEMO_EXPANSION,2026-09-23,Synthetic/demo relationship; not a verified commercial contract.,SYNTHETIC_DEMO
SUP00710,PROD00970,SUPPLIES,HIGH,3.02,30,PROJECT_DEMO_EXPANSION,2026-09-23,Synthetic/demo relationship; not a verified commercial contract.,SYNTHETIC_DEMO
SUP00711,PROD00977,SUPPLIES,LOW,26.21,7,PROJECT_DEMO_EXPANSION,2026-09-23,Synthetic/demo relationship; not a verified commercial contract.,SYNTHETIC_DEMO
SUP00712,PROD00984,DISTRIBUTES,HIGH,34.47,60,PROJECT_DEMO_EXPANSION,2026-09-23,Synthetic/demo relationship; not a verified commercial contract.,SYNTHETIC_DEMO
SUP00713,PROD00991,DISTRIBUTES,HIGH,18.86,14,PROJECT_DEMO_EXPANSION,2026-09-23,Synthetic/demo relationship; not a verified commercial contract.,SYNTHETIC_DEMO
SUP00714,PROD00998,SUPPLIES,MEDIUM,32.23,14,PROJECT_DEMO_EXPANSION,2026-09-23,Synthetic/demo relationship; not a verified commercial contract.,SYNTHETIC_DEMO
SUP00715,PROD00005,DISTRIBUTES,HIGH,4.32,90,PROJECT_DEMO_EXPANSION,2026-09-23,Synthetic/demo relationship; not a verified commercial contract.,SYNTHETIC_DEMO
SUP00716,PROD00012,MANUFACTURES,HIGH,29.54,21,PROJECT_DEMO_EXPANSION,2026-09-23,Synthetic/demo relationship; not a verified commercial contract.,SYNTHETIC_DEMO
SUP00717,PROD00019,DISTRIBUTES,HIGH,23.7,21,PROJECT_DEMO_EXPANSION,2026-09-23,Synthetic/demo relationship; not a verified commercial contract.,SYNTHETIC_DEMO
SUP00718,PROD00026,MANUFACTURES,MEDIUM,8.74,60,PROJECT_DEMO_EXPANSION,2026-09-23,Synthetic/demo relationship; not a verified commercial contract.,SYNTHETIC_DEMO
SUP00719,PROD00033,MANUFACTURES,MEDIUM,20.44,60,PROJECT_DEMO_EXPANSION,2026-09-23,Synthetic/demo relationship; not a verified commercial contract.,SYNTHETIC_DEMO
SUP00720,PROD00040,DISTRIBUTES,HIGH,37.73,14,PROJECT_DEMO_EXPANSION,2026-09-23,Synthetic/demo relationship; not a verified commercial contract.,SYNTHETIC_DEMO
SUP00721,PROD00047,DISTRIBUTES,HIGH,16.77,7,PROJECT_DEMO_EXPANSION,2026-09-23,Synthetic/demo relationship; not a verified commercial contract.,SYNTHETIC_DEMO
SUP00722,PROD00054,MANUFACTURES,LOW,27.61,30,PROJECT_DEMO_EXPANSION,2026-09-23,Synthetic/demo relationship; not a verified commercial contract.,SYNTHETIC_DEMO
SUP00723,PROD00061,MANUFACTURES,LOW,2.42,60,PROJECT_DEMO_EXPANSION,2026-09-23,Synthetic/demo relationship; not a verified commercial contract.,SYNTHETIC_DEMO
SUP00724,PROD00068,SUPPLIES,HIGH,3.92,30,PROJECT_DEMO_EXPANSION,2026-09-23,Synthetic/demo relationship; not a verified commercial contract.,SYNTHETIC_DEMO
SUP00725,PROD00075,SUPPLIES,LOW,29.87,7,PROJECT_DEMO_EXPANSION,2026-09-23,Synthetic/demo relationship; not a verified commercial contract.,SYNTHETIC_DEMO
SUP00726,PROD00082,SUPPLIES,HIGH,7.53,21,PROJECT_DEMO_EXPANSION,2026-09-23,Synthetic/demo relationship; not a verified commercial contract.,SYNTHETIC_DEMO
SUP00727,PROD00089,SUPPLIES,LOW,7.22,45,PROJECT_DEMO_EXPANSION,2026-09-23,Synthetic/demo relationship; not a verified commercial contract.,SYNTHETIC_DEMO
SUP00728,PROD00096,MANUFACTURES,LOW,24.92,7,PROJECT_DEMO_EXPANSION,2026-09-23,Synthetic/demo relationship; not a verified commercial contract.,SYNTHETIC_DEMO
SUP00729,PROD00103,MANUFACTURES,MEDIUM,21.5,45,PROJECT_DEMO_EXPANSION,2026-09-23,Synthetic/demo relationship; not a verified commercial contract.,SYNTHETIC_DEMO
SUP00730,PROD00110,DISTRIBUTES,MEDIUM,28.6,90,PROJECT_DEMO_EXPANSION,2026-09-23,Synthetic/demo relationship; not a verified commercial contract.,SYNTHETIC_DEMO
SUP00731,PROD00117,SUPPLIES,LOW,28.28,7,PROJECT_DEMO_EXPANSION,2026-09-23,Synthetic/demo relationship; not a verified commercial contract.,SYNTHETIC_DEMO
SUP00732,PROD00124,DISTRIBUTES,LOW,25.55,14,PROJECT_DEMO_EXPANSION,2026-09-23,Synthetic/demo relationship; not a verified commercial contract.,SYNTHETIC_DEMO
SUP00733,PROD00131,MANUFACTURES,LOW,31.47,45,PROJECT_DEMO_EXPANSION,2026-09-23,Synthetic/demo relationship; not a verified commercial contract.,SYNTHETIC_DEMO
SUP00734,PROD00138,MANUFACTURES,HIGH,14.09,21,PROJECT_DEMO_EXPANSION,2026-09-23,Synthetic/demo relationship; not a verified commercial contract.,SYNTHETIC_DEMO
SUP00735,PROD00145,DISTRIBUTES,LOW,28.05,60,PROJECT_DEMO_EXPANSION,2026-09-23,Synthetic/demo relationship; not a verified commercial contract.,SYNTHETIC_DEMO
SUP00736,PROD00152,MANUFACTURES,LOW,31.64,21,PROJECT_DEMO_EXPANSION,2026-09-23,Synthetic/demo relationship; not a verified commercial contract.,SYNTHETIC_DEMO
SUP00737,PROD00159,SUPPLIES,MEDIUM,29.72,90,PROJECT_DEMO_EXPANSION,2026-09-23,Synthetic/demo relationship; not a verified commercial contract.,SYNTHETIC_DEMO
SUP00738,PROD00166,DISTRIBUTES,HIGH,36.95,21,PROJECT_DEMO_EXPANSION,2026-09-23,Synthetic/demo relationship; not a verified commercial contract.,SYNTHETIC_DEMO
SUP00739,PROD00173,SUPPLIES,MEDIUM,31.78,90,PROJECT_DEMO_EXPANSION,2026-09-23,Synthetic/demo relationship; not a verified commercial contract.,SYNTHETIC_DEMO
SUP00740,PROD00180,MANUFACTURES,HIGH,3.7,7,PROJECT_DEMO_EXPANSION,2026-09-23,Synthetic/demo relationship; not a verified commercial contract.,SYNTHETIC_DEMO
SUP00741,PROD00187,DISTRIBUTES,HIGH,3.09,14,PROJECT_DEMO_EXPANSION,2026-09-23,Synthetic/demo relationship; not a verified commercial contract.,SYNTHETIC_DEMO
SUP00742,PROD00194,DISTRIBUTES,LOW,37.96,45,PROJECT_DEMO_EXPANSION,2026-09-23,Synthetic/demo relationship; not a verified commercial contract.,SYNTHETIC_DEMO
SUP00743,PROD00201,SUPPLIES,MEDIUM,32.0,21,PROJECT_DEMO_EXPANSION,2026-09-23,Synthetic/demo relationship; not a verified commercial contract.,SYNTHETIC_DEMO
SUP00744,PROD00208,SUPPLIES,MEDIUM,26.85,7,PROJECT_DEMO_EXPANSION,2026-09-23,Synthetic/demo relationship; not a verified commercial contract.,SYNTHETIC_DEMO
SUP00745,PROD00215,DISTRIBUTES,HIGH,28.24,60,PROJECT_DEMO_EXPANSION,2026-09-23,Synthetic/demo relationship; not a verified commercial contract.,SYNTHETIC_DEMO
SUP00746,PROD00222,DISTRIBUTES,LOW,12.0,60,PROJECT_DEMO_EXPANSION,2026-09-23,Synthetic/demo relationship; not a verified commercial contract.,SYNTHETIC_DEMO
SUP00747,PROD00229,DISTRIBUTES,MEDIUM,8.68,90,PROJECT_DEMO_EXPANSION,2026-09-23,Synthetic/demo relationship; not a verified commercial contract.,SYNTHETIC_DEMO
SUP00748,PROD00236,SUPPLIES,HIGH,27.91,21,PROJECT_DEMO_EXPANSION,2026-09-23,Synthetic/demo relationship; not a verified commercial contract.,SYNTHETIC_DEMO
SUP00749,PROD00243,MANUFACTURES,LOW,31.04,90,PROJECT_DEMO_EXPANSION,2026-09-23,Synthetic/demo relationship; not a verified commercial contract.,SYNTHETIC_DEMO
SUP00750,PROD00250,DISTRIBUTES,LOW,31.13,14,PROJECT_DEMO_EXPANSION,2026-09-23,Synthetic/demo relationship; not a verified commercial contract.,SYNTHETIC_DEMO
SUP00751,PROD00257,MANUFACTURES,HIGH,29.6,45,PROJECT_DEMO_EXPANSION,2026-09-23,Synthetic/demo relationship; not a verified commercial contract.,SYNTHETIC_DEMO
SUP00752,PROD00264,SUPPLIES,MEDIUM,34.12,90,PROJECT_DEMO_EXPANSION,2026-09-23,Synthetic/demo relationship; not a verified commercial contract.,SYNTHETIC_DEMO
SUP00753,PROD00271,SUPPLIES,MEDIUM,39.13,90,PROJECT_DEMO_EXPANSION,2026-09-23,Synthetic/demo relationship; not a verified commercial contract.,SYNTHETIC_DEMO
SUP00754,PROD00278,MANUFACTURES,LOW,16.96,30,PROJECT_DEMO_EXPANSION,2026-09-23,Synthetic/demo relationship; not a verified commercial contract.,SYNTHETIC_DEMO
SUP00755,PROD00285,MANUFACTURES,LOW,15.47,30,PROJECT_DEMO_EXPANSION,2026-09-23,Synthetic/demo relationship; not a verified commercial contract.,SYNTHETIC_DEMO
SUP00756,PROD00292,MANUFACTURES,HIGH,7.23,7,PROJECT_DEMO_EXPANSION,2026-09-23,Synthetic/demo relationship; not a verified commercial contract.,SYNTHETIC_DEMO
SUP00757,PROD00299,MANUFACTURES,MEDIUM,10.11,7,PROJECT_DEMO_EXPANSION,2026-09-23,Synthetic/demo relationship; not a verified commercial contract.,SYNTHETIC_DEMO
SUP00758,PROD00306,DISTRIBUTES,MEDIUM,5.51,7,PROJECT_DEMO_EXPANSION,2026-09-23,Synthetic/demo relationship; not a verified commercial contract.,SYNTHETIC_DEMO
SUP00759,PROD00313,MANUFACTURES,LOW,39.66,45,PROJECT_DEMO_EXPANSION,2026-09-23,Synthetic/demo relationship; not a verified commercial contract.,SYNTHETIC_DEMO
SUP00760,PROD00320,DISTRIBUTES,HIGH,33.16,30,PROJECT_DEMO_EXPANSION,2026-09-23,Synthetic/demo relationship; not a verified commercial contract.,SYNTHETIC_DEMO
SUP00761,PROD00327,MANUFACTURES,HIGH,1.48,21,PROJECT_DEMO_EXPANSION,2026-09-23,Synthetic/demo relationship; not a verified commercial contract.,SYNTHETIC_DEMO
SUP00762,PROD00334,DISTRIBUTES,MEDIUM,15.24,60,PROJECT_DEMO_EXPANSION,2026-09-23,Synthetic/demo relationship; not a verified commercial contract.,SYNTHETIC_DEMO
SUP00763,PROD00341,MANUFACTURES,HIGH,14.01,45,PROJECT_DEMO_EXPANSION,2026-09-23,Synthetic/demo relationship; not a verified commercial contract.,SYNTHETIC_DEMO
SUP00764,PROD00348,DISTRIBUTES,HIGH,38.87,90,PROJECT_DEMO_EXPANSION,2026-09-23,Synthetic/demo relationship; not a verified commercial contract.,SYNTHETIC_DEMO
SUP00765,PROD00355,MANUFACTURES,LOW,15.62,14,PROJECT_DEMO_EXPANSION,2026-09-23,Synthetic/demo relationship; not a verified commercial contract.,SYNTHETIC_DEMO
SUP00766,PROD00362,DISTRIBUTES,HIGH,8.29,90,PROJECT_DEMO_EXPANSION,2026-09-23,Synthetic/demo relationship; not a verified commercial contract.,SYNTHETIC_DEMO
SUP00767,PROD00369,SUPPLIES,MEDIUM,18.16,21,PROJECT_DEMO_EXPANSION,2026-09-23,Synthetic/demo relationship; not a verified commercial contract.,SYNTHETIC_DEMO
SUP00768,PROD00376,MANUFACTURES,HIGH,24.7,30,PROJECT_DEMO_EXPANSION,2026-09-23,Synthetic/demo relationship; not a verified commercial contract.,SYNTHETIC_DEMO
SUP00769,PROD00383,MANUFACTURES,LOW,24.16,45,PROJECT_DEMO_EXPANSION,2026-09-23,Synthetic/demo relationship; not a verified commercial contract.,SYNTHETIC_DEMO
SUP00770,PROD00390,MANUFACTURES,LOW,22.73,21,PROJECT_DEMO_EXPANSION,2026-09-23,Synthetic/demo relationship; not a verified commercial contract.,SYNTHETIC_DEMO
SUP00771,PROD00397,MANUFACTURES,LOW,9.32,90,PROJECT_DEMO_EXPANSION,2026-09-23,Synthetic/demo relationship; not a verified commercial contract.,SYNTHETIC_DEMO
SUP00772,PROD00404,MANUFACTURES,LOW,3.68,60,PROJECT_DEMO_EXPANSION,2026-09-23,Synthetic/demo relationship; not a verified commercial contract.,SYNTHETIC_DEMO
SUP00773,PROD00411,SUPPLIES,MEDIUM,6.96,21,PROJECT_DEMO_EXPANSION,2026-09-23,Synthetic/demo relationship; not a verified commercial contract.,SYNTHETIC_DEMO
SUP00774,PROD00418,MANUFACTURES,MEDIUM,17.55,30,PROJECT_DEMO_EXPANSION,2026-09-23,Synthetic/demo relationship; not a verified commercial contract.,SYNTHETIC_DEMO
SUP00775,PROD00425,DISTRIBUTES,MEDIUM,18.66,30,PROJECT_DEMO_EXPANSION,2026-09-23,Synthetic/demo relationship; not a verified commercial contract.,SYNTHETIC_DEMO
SUP00776,PROD00432,SUPPLIES,MEDIUM,33.43,30,PROJECT_DEMO_EXPANSION,2026-09-23,Synthetic/demo relationship; not a verified commercial contract.,SYNTHETIC_DEMO
SUP00777,PROD00439,MANUFACTURES,MEDIUM,38.52,30,PROJECT_DEMO_EXPANSION,2026-09-23,Synthetic/demo relationship; not a verified commercial contract.,SYNTHETIC_DEMO
SUP00778,PROD00446,DISTRIBUTES,HIGH,20.63,60,PROJECT_DEMO_EXPANSION,2026-09-23,Synthetic/demo relationship; not a verified commercial contract.,SYNTHETIC_DEMO
SUP00779,PROD00453,DISTRIBUTES,MEDIUM,30.55,60,PROJECT_DEMO_EXPANSION,2026-09-23,Synthetic/demo relationship; not a verified commercial contract.,SYNTHETIC_DEMO
SUP00780,PROD00460,SUPPLIES,LOW,6.61,21,PROJECT_DEMO_EXPANSION,2026-09-23,Synthetic/demo relationship; not a verified commercial contract.,SYNTHETIC_DEMO
SUP00781,PROD00467,SUPPLIES,MEDIUM,14.58,21,PROJECT_DEMO_EXPANSION,2026-09-23,Synthetic/demo relationship; not a verified commercial contract.,SYNTHETIC_DEMO
SUP00782,PROD00474,DISTRIBUTES,HIGH,24.54,14,PROJECT_DEMO_EXPANSION,2026-09-23,Synthetic/demo relationship; not a verified commercial contract.,SYNTHETIC_DEMO
SUP00783,PROD00481,DISTRIBUTES,HIGH,17.94,7,PROJECT_DEMO_EXPANSION,2026-09-23,Synthetic/demo relationship; not a verified commercial contract.,SYNTHETIC_DEMO
SUP00784,PROD00488,SUPPLIES,LOW,37.61,14,PROJECT_DEMO_EXPANSION,2026-09-23,Synthetic/demo relationship; not a verified commercial contract.,SYNTHETIC_DEMO
SUP00785,PROD00495,MANUFACTURES,HIGH,12.77,45,PROJECT_DEMO_EXPANSION,2026-09-23,Synthetic/demo relationship; not a verified commercial contract.,SYNTHETIC_DEMO
SUP00786,PROD00502,DISTRIBUTES,LOW,13.92,7,PROJECT_DEMO_EXPANSION,2026-09-23,Synthetic/demo relationship; not a verified commercial contract.,SYNTHETIC_DEMO
SUP00787,PROD00509,DISTRIBUTES,MEDIUM,6.88,30,PROJECT_DEMO_EXPANSION,2026-09-23,Synthetic/demo relationship; not a verified commercial contract.,SYNTHETIC_DEMO
SUP00788,PROD00516,DISTRIBUTES,MEDIUM,13.1,21,PROJECT_DEMO_EXPANSION,2026-09-23,Synthetic/demo relationship; not a verified commercial contract.,SYNTHETIC_DEMO
SUP00789,PROD00523,SUPPLIES,MEDIUM,38.52,90,PROJECT_DEMO_EXPANSION,2026-09-23,Synthetic/demo relationship; not a verified commercial contract.,SYNTHETIC_DEMO
SUP00790,PROD00530,DISTRIBUTES,HIGH,21.09,21,PROJECT_DEMO_EXPANSION,2026-09-23,Synthetic/demo relationship; not a verified commercial contract.,SYNTHETIC_DEMO
SUP00791,PROD00537,DISTRIBUTES,LOW,28.09,21,PROJECT_DEMO_EXPANSION,2026-09-23,Synthetic/demo relationship; not a verified commercial contract.,SYNTHETIC_DEMO
SUP00792,PROD00544,DISTRIBUTES,LOW,39.08,21,PROJECT_DEMO_EXPANSION,2026-09-23,Synthetic/demo relationship; not a verified commercial contract.,SYNTHETIC_DEMO
SUP00793,PROD00551,DISTRIBUTES,MEDIUM,7.47,45,PROJECT_DEMO_EXPANSION,2026-09-23,Synthetic/demo relationship; not a verified commercial contract.,SYNTHETIC_DEMO
SUP00794,PROD00558,DISTRIBUTES,MEDIUM,20.04,30,PROJECT_DEMO_EXPANSION,2026-09-23,Synthetic/demo relationship; not a verified commercial contract.,SYNTHETIC_DEMO
SUP00795,PROD00565,DISTRIBUTES,HIGH,29.25,90,PROJECT_DEMO_EXPANSION,2026-09-23,Synthetic/demo relationship; not a verified commercial contract.,SYNTHETIC_DEMO
SUP00796,PROD00572,DISTRIBUTES,HIGH,1.96,45,PROJECT_DEMO_EXPANSION,2026-09-23,Synthetic/demo relationship; not a verified commercial contract.,SYNTHETIC_DEMO
SUP00797,PROD00579,MANUFACTURES,HIGH,15.88,30,PROJECT_DEMO_EXPANSION,2026-09-23,Synthetic/demo relationship; not a verified commercial contract.,SYNTHETIC_DEMO
SUP00798,PROD00586,MANUFACTURES,HIGH,25.87,60,PROJECT_DEMO_EXPANSION,2026-09-23,Synthetic/demo relationship; not a verified commercial contract.,SYNTHETIC_DEMO
SUP00799,PROD00593,MANUFACTURES,HIGH,7.36,45,PROJECT_DEMO_EXPANSION,2026-09-23,Synthetic/demo relationship; not a verified commercial contract.,SYNTHETIC_DEMO
SUP00800,PROD00600,SUPPLIES,HIGH,9.01,45,PROJECT_DEMO_EXPANSION,2026-09-23,Synthetic/demo relationship; not a verified commercial contract.,SYNTHETIC_DEMO
SUP00801,PROD00607,DISTRIBUTES,LOW,25.62,90,PROJECT_DEMO_EXPANSION,2026-09-23,Synthetic/demo relationship; not a verified commercial contract.,SYNTHETIC_DEMO
SUP00802,PROD00614,SUPPLIES,HIGH,20.41,60,PROJECT_DEMO_EXPANSION,2026-09-23,Synthetic/demo relationship; not a verified commercial contract.,SYNTHETIC_DEMO
SUP00803,PROD00621,DISTRIBUTES,MEDIUM,2.79,30,PROJECT_DEMO_EXPANSION,2026-09-23,Synthetic/demo relationship; not a verified commercial contract.,SYNTHETIC_DEMO
SUP00804,PROD00628,DISTRIBUTES,MEDIUM,8.8,14,PROJECT_DEMO_EXPANSION,2026-09-23,Synthetic/demo relationship; not a verified commercial contract.,SYNTHETIC_DEMO
SUP00805,PROD00635,DISTRIBUTES,HIGH,19.77,45,PROJECT_DEMO_EXPANSION,2026-09-23,Synthetic/demo relationship; not a verified commercial contract.,SYNTHETIC_DEMO
SUP00806,PROD00642,DISTRIBUTES,LOW,26.44,30,PROJECT_DEMO_EXPANSION,2026-09-23,Synthetic/demo relationship; not a verified commercial contract.,SYNTHETIC_DEMO
SUP00807,PROD00649,SUPPLIES,HIGH,9.65,45,PROJECT_DEMO_EXPANSION,2026-09-23,Synthetic/demo relationship; not a verified commercial contract.,SYNTHETIC_DEMO
SUP00808,PROD00656,DISTRIBUTES,HIGH,4.26,30,PROJECT_DEMO_EXPANSION,2026-09-23,Synthetic/demo relationship; not a verified commercial contract.,SYNTHETIC_DEMO
SUP00809,PROD00663,MANUFACTURES,HIGH,8.16,90,PROJECT_DEMO_EXPANSION,2026-09-23,Synthetic/demo relationship; not a verified commercial contract.,SYNTHETIC_DEMO
SUP00810,PROD00670,MANUFACTURES,HIGH,2.43,14,PROJECT_DEMO_EXPANSION,2026-09-23,Synthetic/demo relationship; not a verified commercial contract.,SYNTHETIC_DEMO
SUP00811,PROD00677,DISTRIBUTES,LOW,9.89,7,PROJECT_DEMO_EXPANSION,2026-09-23,Synthetic/demo relationship; not a verified commercial contract.,SYNTHETIC_DEMO
SUP00812,PROD00684,DISTRIBUTES,LOW,23.32,45,PROJECT_DEMO_EXPANSION,2026-09-23,Synthetic/demo relationship; not a verified commercial contract.,SYNTHETIC_DEMO
SUP00813,PROD00691,MANUFACTURES,MEDIUM,12.8,7,PROJECT_DEMO_EXPANSION,2026-09-23,Synthetic/demo relationship; not a verified commercial contract.,SYNTHETIC_DEMO
SUP00814,PROD00698,SUPPLIES,MEDIUM,39.59,21,PROJECT_DEMO_EXPANSION,2026-09-23,Synthetic/demo relationship; not a verified commercial contract.,SYNTHETIC_DEMO
SUP00815,PROD00705,SUPPLIES,MEDIUM,16.5,30,PROJECT_DEMO_EXPANSION,2026-09-23,Synthetic/demo relationship; not a verified commercial contract.,SYNTHETIC_DEMO
SUP00816,PROD00712,SUPPLIES,HIGH,33.7,7,PROJECT_DEMO_EXPANSION,2026-09-23,Synthetic/demo relationship; not a verified commercial contract.,SYNTHETIC_DEMO
SUP00817,PROD00719,DISTRIBUTES,HIGH,25.9,45,PROJECT_DEMO_EXPANSION,2026-09-23,Synthetic/demo relationship; not a verified commercial contract.,SYNTHETIC_DEMO
SUP00818,PROD00726,MANUFACTURES,HIGH,26.32,60,PROJECT_DEMO_EXPANSION,2026-09-23,Synthetic/demo relationship; not a verified commercial contract.,SYNTHETIC_DEMO
SUP00819,PROD00733,DISTRIBUTES,HIGH,25.68,21,PROJECT_DEMO_EXPANSION,2026-09-23,Synthetic/demo relationship; not a verified commercial contract.,SYNTHETIC_DEMO
SUP00820,PROD00740,DISTRIBUTES,HIGH,8.73,60,PROJECT_DEMO_EXPANSION,2026-09-23,Synthetic/demo relationship; not a verified commercial contract.,SYNTHETIC_DEMO
SUP00821,PROD00747,MANUFACTURES,MEDIUM,26.91,30,PROJECT_DEMO_EXPANSION,2026-09-23,Synthetic/demo relationship; not a verified commercial contract.,SYNTHETIC_DEMO
SUP00822,PROD00754,SUPPLIES,HIGH,9.46,7,PROJECT_DEMO_EXPANSION,2026-09-23,Synthetic/demo relationship; not a verified commercial contract.,SYNTHETIC_DEMO
SUP00823,PROD00761,MANUFACTURES,LOW,24.1,21,PROJECT_DEMO_EXPANSION,2026-09-23,Synthetic/demo relationship; not a verified commercial contract.,SYNTHETIC_DEMO
SUP00824,PROD00768,SUPPLIES,HIGH,26.39,30,PROJECT_DEMO_EXPANSION,2026-09-23,Synthetic/demo relationship; not a verified commercial contract.,SYNTHETIC_DEMO
SUP00825,PROD00775,MANUFACTURES,HIGH,25.59,14,PROJECT_DEMO_EXPANSION,2026-09-23,Synthetic/demo relationship; not a verified commercial contract.,SYNTHETIC_DEMO
SUP00826,PROD00782,DISTRIBUTES,HIGH,26.95,21,PROJECT_DEMO_EXPANSION,2026-09-23,Synthetic/demo relationship; not a verified commercial contract.,SYNTHETIC_DEMO
SUP00827,PROD00789,MANUFACTURES,LOW,33.05,21,PROJECT_DEMO_EXPANSION,2026-09-23,Synthetic/demo relationship; not a verified commercial contract.,SYNTHETIC_DEMO
SUP00828,PROD00796,SUPPLIES,LOW,26.15,45,PROJECT_DEMO_EXPANSION,2026-09-23,Synthetic/demo relationship; not a verified commercial contract.,SYNTHETIC_DEMO
SUP00829,PROD00803,DISTRIBUTES,LOW,32.57,45,PROJECT_DEMO_EXPANSION,2026-09-23,Synthetic/demo relationship; not a verified commercial contract.,SYNTHETIC_DEMO
SUP00830,PROD00810,MANUFACTURES,LOW,19.21,45,PROJECT_DEMO_EXPANSION,2026-09-23,Synthetic/demo relationship; not a verified commercial contract.,SYNTHETIC_DEMO
SUP00831,PROD00817,MANUFACTURES,LOW,13.05,90,PROJECT_DEMO_EXPANSION,2026-09-23,Synthetic/demo relationship; not a verified commercial contract.,SYNTHETIC_DEMO
SUP00832,PROD00824,MANUFACTURES,LOW,20.76,7,PROJECT_DEMO_EXPANSION,2026-09-23,Synthetic/demo relationship; not a verified commercial contract.,SYNTHETIC_DEMO
SUP00833,PROD00831,DISTRIBUTES,LOW,11.39,45,PROJECT_DEMO_EXPANSION,2026-09-23,Synthetic/demo relationship; not a verified commercial contract.,SYNTHETIC_DEMO
SUP00834,PROD00838,DISTRIBUTES,HIGH,36.55,21,PROJECT_DEMO_EXPANSION,2026-09-23,Synthetic/demo relationship; not a verified commercial contract.,SYNTHETIC_DEMO
SUP00835,PROD00845,DISTRIBUTES,HIGH,14.59,90,PROJECT_DEMO_EXPANSION,2026-09-23,Synthetic/demo relationship; not a verified commercial contract.,SYNTHETIC_DEMO
SUP00836,PROD00852,DISTRIBUTES,MEDIUM,7.97,21,PROJECT_DEMO_EXPANSION,2026-09-23,Synthetic/demo relationship; not a verified commercial contract.,SYNTHETIC_DEMO
SUP00837,PROD00859,DISTRIBUTES,HIGH,6.3,30,PROJECT_DEMO_EXPANSION,2026-09-23,Synthetic/demo relationship; not a verified commercial contract.,SYNTHETIC_DEMO
SUP00838,PROD00866,MANUFACTURES,MEDIUM,37.88,14,PROJECT_DEMO_EXPANSION,2026-09-23,Synthetic/demo relationship; not a verified commercial contract.,SYNTHETIC_DEMO
SUP00839,PROD00873,DISTRIBUTES,LOW,12.11,90,PROJECT_DEMO_EXPANSION,2026-09-23,Synthetic/demo relationship; not a verified commercial contract.,SYNTHETIC_DEMO
SUP00840,PROD00880,DISTRIBUTES,HIGH,5.04,90,PROJECT_DEMO_EXPANSION,2026-09-23,Synthetic/demo relationship; not a verified commercial contract.,SYNTHETIC_DEMO
SUP00841,PROD00887,MANUFACTURES,HIGH,11.19,7,PROJECT_DEMO_EXPANSION,2026-09-23,Synthetic/demo relationship; not a verified commercial contract.,SYNTHETIC_DEMO
SUP00842,PROD00894,SUPPLIES,MEDIUM,37.19,90,PROJECT_DEMO_EXPANSION,2026-09-23,Synthetic/demo relationship; not a verified commercial contract.,SYNTHETIC_DEMO
SUP00843,PROD00901,SUPPLIES,MEDIUM,23.7,45,PROJECT_DEMO_EXPANSION,2026-09-23,Synthetic/demo relationship; not a verified commercial contract.,SYNTHETIC_DEMO
SUP00844,PROD00908,DISTRIBUTES,LOW,34.66,21,PROJECT_DEMO_EXPANSION,2026-09-23,Synthetic/demo relationship; not a verified commercial contract.,SYNTHETIC_DEMO
SUP00845,PROD00915,SUPPLIES,LOW,27.23,21,PROJECT_DEMO_EXPANSION,2026-09-23,Synthetic/demo relationship; not a verified commercial contract.,SYNTHETIC_DEMO
SUP00846,PROD00922,DISTRIBUTES,LOW,19.63,21,PROJECT_DEMO_EXPANSION,2026-09-23,Synthetic/demo relationship; not a verified commercial contract.,SYNTHETIC_DEMO
SUP00847,PROD00929,DISTRIBUTES,MEDIUM,38.99,45,PROJECT_DEMO_EXPANSION,2026-09-23,Synthetic/demo relationship; not a verified commercial contract.,SYNTHETIC_DEMO
SUP00848,PROD00936,SUPPLIES,HIGH,27.87,21,PROJECT_DEMO_EXPANSION,2026-09-23,Synthetic/demo relationship; not a verified commercial contract.,SYNTHETIC_DEMO
SUP00849,PROD00943,DISTRIBUTES,LOW,20.39,14,PROJECT_DEMO_EXPANSION,2026-09-23,Synthetic/demo relationship; not a verified commercial contract.,SYNTHETIC_DEMO
SUP00850,PROD00950,SUPPLIES,LOW,26.16,60,PROJECT_DEMO_EXPANSION,2026-09-23,Synthetic/demo relationship; not a verified commercial contract.,SYNTHETIC_DEMO
SUP00851,PROD00957,DISTRIBUTES,LOW,13.25,30,PROJECT_DEMO_EXPANSION,2026-09-23,Synthetic/demo relationship; not a verified commercial contract.,SYNTHETIC_DEMO
SUP00852,PROD00964,MANUFACTURES,LOW,5.88,30,PROJECT_DEMO_EXPANSION,2026-09-23,Synthetic/demo relationship; not a verified commercial contract.,SYNTHETIC_DEMO
SUP00853,PROD00971,SUPPLIES,LOW,5.72,60,PROJECT_DEMO_EXPANSION,2026-09-23,Synthetic/demo relationship; not a verified commercial contract.,SYNTHETIC_DEMO
SUP00854,PROD00978,DISTRIBUTES,LOW,23.54,30,PROJECT_DEMO_EXPANSION,2026-09-23,Synthetic/demo relationship; not a verified commercial contract.,SYNTHETIC_DEMO
SUP00855,PROD00985,DISTRIBUTES,LOW,39.35,7,PROJECT_DEMO_EXPANSION,2026-09-23,Synthetic/demo relationship; not a verified commercial contract.,SYNTHETIC_DEMO
SUP00856,PROD00992,MANUFACTURES,MEDIUM,14.99,45,PROJECT_DEMO_EXPANSION,2026-09-23,Synthetic/demo relationship; not a verified commercial contract.,SYNTHETIC_DEMO
SUP00857,PROD00999,MANUFACTURES,MEDIUM,19.92,30,PROJECT_DEMO_EXPANSION,2026-09-23,Synthetic/demo relationship; not a verified commercial contract.,SYNTHETIC_DEMO
SUP00858,PROD00006,SUPPLIES,MEDIUM,39.59,14,PROJECT_DEMO_EXPANSION,2026-09-23,Synthetic/demo relationship; not a verified commercial contract.,SYNTHETIC_DEMO
SUP00859,PROD00013,DISTRIBUTES,MEDIUM,27.47,60,PROJECT_DEMO_EXPANSION,2026-09-23,Synthetic/demo relationship; not a verified commercial contract.,SYNTHETIC_DEMO
SUP00860,PROD00020,SUPPLIES,HIGH,28.76,21,PROJECT_DEMO_EXPANSION,2026-09-23,Synthetic/demo relationship; not a verified commercial contract.,SYNTHETIC_DEMO
SUP00861,PROD00027,DISTRIBUTES,MEDIUM,4.52,14,PROJECT_DEMO_EXPANSION,2026-09-23,Synthetic/demo relationship; not a verified commercial contract.,SYNTHETIC_DEMO
SUP00862,PROD00034,DISTRIBUTES,LOW,21.72,14,PROJECT_DEMO_EXPANSION,2026-09-23,Synthetic/demo relationship; not a verified commercial contract.,SYNTHETIC_DEMO
SUP00863,PROD00041,DISTRIBUTES,MEDIUM,5.2,30,PROJECT_DEMO_EXPANSION,2026-09-23,Synthetic/demo relationship; not a verified commercial contract.,SYNTHETIC_DEMO
SUP00864,PROD00048,SUPPLIES,MEDIUM,26.37,60,PROJECT_DEMO_EXPANSION,2026-09-23,Synthetic/demo relationship; not a verified commercial contract.,SYNTHETIC_DEMO
SUP00865,PROD00055,DISTRIBUTES,LOW,37.96,45,PROJECT_DEMO_EXPANSION,2026-09-23,Synthetic/demo relationship; not a verified commercial contract.,SYNTHETIC_DEMO
SUP00866,PROD00062,SUPPLIES,LOW,1.29,7,PROJECT_DEMO_EXPANSION,2026-09-23,Synthetic/demo relationship; not a verified commercial contract.,SYNTHETIC_DEMO
SUP00867,PROD00069,SUPPLIES,MEDIUM,8.43,45,PROJECT_DEMO_EXPANSION,2026-09-23,Synthetic/demo relationship; not a verified commercial contract.,SYNTHETIC_DEMO
SUP00868,PROD00076,MANUFACTURES,HIGH,6.89,14,PROJECT_DEMO_EXPANSION,2026-09-23,Synthetic/demo relationship; not a verified commercial contract.,SYNTHETIC_DEMO
SUP00869,PROD00083,MANUFACTURES,HIGH,29.29,60,PROJECT_DEMO_EXPANSION,2026-09-23,Synthetic/demo relationship; not a verified commercial contract.,SYNTHETIC_DEMO
SUP00870,PROD00090,MANUFACTURES,MEDIUM,21.46,90,PROJECT_DEMO_EXPANSION,2026-09-23,Synthetic/demo relationship; not a verified commercial contract.,SYNTHETIC_DEMO
SUP00871,PROD00097,MANUFACTURES,HIGH,35.74,30,PROJECT_DEMO_EXPANSION,2026-09-23,Synthetic/demo relationship; not a verified commercial contract.,SYNTHETIC_DEMO
SUP00872,PROD00104,DISTRIBUTES,HIGH,7.22,30,PROJECT_DEMO_EXPANSION,2026-09-23,Synthetic/demo relationship; not a verified commercial contract.,SYNTHETIC_DEMO
SUP00873,PROD00111,DISTRIBUTES,MEDIUM,25.17,90,PROJECT_DEMO_EXPANSION,2026-09-23,Synthetic/demo relationship; not a verified commercial contract.,SYNTHETIC_DEMO
SUP00874,PROD00118,MANUFACTURES,LOW,24.0,14,PROJECT_DEMO_EXPANSION,2026-09-23,Synthetic/demo relationship; not a verified commercial contract.,SYNTHETIC_DEMO
SUP00875,PROD00125,SUPPLIES,LOW,18.83,30,PROJECT_DEMO_EXPANSION,2026-09-23,Synthetic/demo relationship; not a verified commercial contract.,SYNTHETIC_DEMO
SUP00876,PROD00132,MANUFACTURES,HIGH,35.05,14,PROJECT_DEMO_EXPANSION,2026-09-23,Synthetic/demo relationship; not a verified commercial contract.,SYNTHETIC_DEMO
SUP00877,PROD00139,MANUFACTURES,HIGH,20.27,30,PROJECT_DEMO_EXPANSION,2026-09-23,Synthetic/demo relationship; not a verified commercial contract.,SYNTHETIC_DEMO
SUP00878,PROD00146,DISTRIBUTES,MEDIUM,23.81,45,PROJECT_DEMO_EXPANSION,2026-09-23,Synthetic/demo relationship; not a verified commercial contract.,SYNTHETIC_DEMO
SUP00879,PROD00153,MANUFACTURES,LOW,35.77,90,PROJECT_DEMO_EXPANSION,2026-09-23,Synthetic/demo relationship; not a verified commercial contract.,SYNTHETIC_DEMO
SUP00880,PROD00160,SUPPLIES,MEDIUM,39.51,14,PROJECT_DEMO_EXPANSION,2026-09-23,Synthetic/demo relationship; not a verified commercial contract.,SYNTHETIC_DEMO
SUP00881,PROD00167,DISTRIBUTES,HIGH,16.18,14,PROJECT_DEMO_EXPANSION,2026-09-23,Synthetic/demo relationship; not a verified commercial contract.,SYNTHETIC_DEMO
SUP00882,PROD00174,SUPPLIES,LOW,36.39,21,PROJECT_DEMO_EXPANSION,2026-09-23,Synthetic/demo relationship; not a verified commercial contract.,SYNTHETIC_DEMO
SUP00883,PROD00181,SUPPLIES,HIGH,12.54,30,PROJECT_DEMO_EXPANSION,2026-09-23,Synthetic/demo relationship; not a verified commercial contract.,SYNTHETIC_DEMO
SUP00884,PROD00188,MANUFACTURES,HIGH,27.02,7,PROJECT_DEMO_EXPANSION,2026-09-23,Synthetic/demo relationship; not a verified commercial contract.,SYNTHETIC_DEMO
SUP00885,PROD00195,MANUFACTURES,HIGH,19.17,21,PROJECT_DEMO_EXPANSION,2026-09-23,Synthetic/demo relationship; not a verified commercial contract.,SYNTHETIC_DEMO
SUP00886,PROD00202,MANUFACTURES,HIGH,14.64,45,PROJECT_DEMO_EXPANSION,2026-09-23,Synthetic/demo relationship; not a verified commercial contract.,SYNTHETIC_DEMO
SUP00887,PROD00209,DISTRIBUTES,HIGH,20.27,7,PROJECT_DEMO_EXPANSION,2026-09-23,Synthetic/demo relationship; not a verified commercial contract.,SYNTHETIC_DEMO
SUP00888,PROD00216,DISTRIBUTES,HIGH,25.66,90,PROJECT_DEMO_EXPANSION,2026-09-23,Synthetic/demo relationship; not a verified commercial contract.,SYNTHETIC_DEMO
SUP00889,PROD00223,DISTRIBUTES,MEDIUM,10.3,60,PROJECT_DEMO_EXPANSION,2026-09-23,Synthetic/demo relationship; not a verified commercial contract.,SYNTHETIC_DEMO
SUP00890,PROD00230,SUPPLIES,HIGH,19.02,45,PROJECT_DEMO_EXPANSION,2026-09-23,Synthetic/demo relationship; not a verified commercial contract.,SYNTHETIC_DEMO
SUP00891,PROD00237,MANUFACTURES,LOW,17.57,30,PROJECT_DEMO_EXPANSION,2026-09-23,Synthetic/demo relationship; not a verified commercial contract.,SYNTHETIC_DEMO
SUP00892,PROD00244,DISTRIBUTES,MEDIUM,21.39,30,PROJECT_DEMO_EXPANSION,2026-09-23,Synthetic/demo relationship; not a verified commercial contract.,SYNTHETIC_DEMO
SUP00893,PROD00251,MANUFACTURES,LOW,3.06,45,PROJECT_DEMO_EXPANSION,2026-09-23,Synthetic/demo relationship; not a verified commercial contract.,SYNTHETIC_DEMO
SUP00894,PROD00258,DISTRIBUTES,LOW,20.74,90,PROJECT_DEMO_EXPANSION,2026-09-23,Synthetic/demo relationship; not a verified commercial contract.,SYNTHETIC_DEMO
SUP00895,PROD00265,SUPPLIES,LOW,34.94,7,PROJECT_DEMO_EXPANSION,2026-09-23,Synthetic/demo relationship; not a verified commercial contract.,SYNTHETIC_DEMO
SUP00896,PROD00272,MANUFACTURES,HIGH,3.37,21,PROJECT_DEMO_EXPANSION,2026-09-23,Synthetic/demo relationship; not a verified commercial contract.,SYNTHETIC_DEMO
SUP00897,PROD00279,MANUFACTURES,LOW,1.59,7,PROJECT_DEMO_EXPANSION,2026-09-23,Synthetic/demo relationship; not a verified commercial contract.,SYNTHETIC_DEMO
SUP00898,PROD00286,DISTRIBUTES,LOW,32.26,14,PROJECT_DEMO_EXPANSION,2026-09-23,Synthetic/demo relationship; not a verified commercial contract.,SYNTHETIC_DEMO
SUP00899,PROD00293,SUPPLIES,HIGH,6.42,30,PROJECT_DEMO_EXPANSION,2026-09-23,Synthetic/demo relationship; not a verified commercial contract.,SYNTHETIC_DEMO
SUP00900,PROD00300,DISTRIBUTES,LOW,27.5,45,PROJECT_DEMO_EXPANSION,2026-09-23,Synthetic/demo relationship; not a verified commercial contract.,SYNTHETIC_DEMO
SUP00901,PROD00307,MANUFACTURES,LOW,26.78,14,PROJECT_DEMO_EXPANSION,2026-09-23,Synthetic/demo relationship; not a verified commercial contract.,SYNTHETIC_DEMO
SUP00902,PROD00314,MANUFACTURES,MEDIUM,8.08,60,PROJECT_DEMO_EXPANSION,2026-09-23,Synthetic/demo relationship; not a verified commercial contract.,SYNTHETIC_DEMO
SUP00903,PROD00321,DISTRIBUTES,MEDIUM,7.06,30,PROJECT_DEMO_EXPANSION,2026-09-23,Synthetic/demo relationship; not a verified commercial contract.,SYNTHETIC_DEMO
SUP00904,PROD00328,SUPPLIES,HIGH,21.6,60,PROJECT_DEMO_EXPANSION,2026-09-23,Synthetic/demo relationship; not a verified commercial contract.,SYNTHETIC_DEMO
SUP00905,PROD00335,MANUFACTURES,LOW,28.63,21,PROJECT_DEMO_EXPANSION,2026-09-23,Synthetic/demo relationship; not a verified commercial contract.,SYNTHETIC_DEMO
SUP00906,PROD00342,DISTRIBUTES,MEDIUM,31.84,21,PROJECT_DEMO_EXPANSION,2026-09-23,Synthetic/demo relationship; not a verified commercial contract.,SYNTHETIC_DEMO
SUP00907,PROD00349,DISTRIBUTES,MEDIUM,38.24,30,PROJECT_DEMO_EXPANSION,2026-09-23,Synthetic/demo relationship; not a verified commercial contract.,SYNTHETIC_DEMO
SUP00908,PROD00356,MANUFACTURES,MEDIUM,31.09,60,PROJECT_DEMO_EXPANSION,2026-09-23,Synthetic/demo relationship; not a verified commercial contract.,SYNTHETIC_DEMO
SUP00909,PROD00363,MANUFACTURES,MEDIUM,29.91,30,PROJECT_DEMO_EXPANSION,2026-09-23,Synthetic/demo relationship; not a verified commercial contract.,SYNTHETIC_DEMO
SUP00910,PROD00370,DISTRIBUTES,MEDIUM,9.74,90,PROJECT_DEMO_EXPANSION,2026-09-23,Synthetic/demo relationship; not a verified commercial contract.,SYNTHETIC_DEMO
SUP00911,PROD00377,SUPPLIES,MEDIUM,2.96,14,PROJECT_DEMO_EXPANSION,2026-09-23,Synthetic/demo relationship; not a verified commercial contract.,SYNTHETIC_DEMO
SUP00912,PROD00384,DISTRIBUTES,MEDIUM,10.37,7,PROJECT_DEMO_EXPANSION,2026-09-23,Synthetic/demo relationship; not a verified commercial contract.,SYNTHETIC_DEMO
SUP00913,PROD00391,DISTRIBUTES,LOW,20.84,60,PROJECT_DEMO_EXPANSION,2026-09-23,Synthetic/demo relationship; not a verified commercial contract.,SYNTHETIC_DEMO
SUP00914,PROD00398,SUPPLIES,LOW,19.59,45,PROJECT_DEMO_EXPANSION,2026-09-23,Synthetic/demo relationship; not a verified commercial contract.,SYNTHETIC_DEMO
SUP00915,PROD00405,DISTRIBUTES,LOW,23.87,45,PROJECT_DEMO_EXPANSION,2026-09-23,Synthetic/demo relationship; not a verified commercial contract.,SYNTHETIC_DEMO
SUP00916,PROD00412,DISTRIBUTES,HIGH,7.81,45,PROJECT_DEMO_EXPANSION,2026-09-23,Synthetic/demo relationship; not a verified commercial contract.,SYNTHETIC_DEMO
SUP00917,PROD00419,MANUFACTURES,MEDIUM,3.2,45,PROJECT_DEMO_EXPANSION,2026-09-23,Synthetic/demo relationship; not a verified commercial contract.,SYNTHETIC_DEMO
SUP00918,PROD00426,DISTRIBUTES,LOW,16.21,90,PROJECT_DEMO_EXPANSION,2026-09-23,Synthetic/demo relationship; not a verified commercial contract.,SYNTHETIC_DEMO
SUP00919,PROD00433,DISTRIBUTES,HIGH,35.61,21,PROJECT_DEMO_EXPANSION,2026-09-23,Synthetic/demo relationship; not a verified commercial contract.,SYNTHETIC_DEMO
SUP00920,PROD00440,SUPPLIES,LOW,17.42,30,PROJECT_DEMO_EXPANSION,2026-09-23,Synthetic/demo relationship; not a verified commercial contract.,SYNTHETIC_DEMO
SUP00921,PROD00447,MANUFACTURES,HIGH,7.72,45,PROJECT_DEMO_EXPANSION,2026-09-23,Synthetic/demo relationship; not a verified commercial contract.,SYNTHETIC_DEMO
SUP00922,PROD00454,SUPPLIES,MEDIUM,3.28,30,PROJECT_DEMO_EXPANSION,2026-09-23,Synthetic/demo relationship; not a verified commercial contract.,SYNTHETIC_DEMO
SUP00923,PROD00461,DISTRIBUTES,MEDIUM,29.23,21,PROJECT_DEMO_EXPANSION,2026-09-23,Synthetic/demo relationship; not a verified commercial contract.,SYNTHETIC_DEMO
SUP00924,PROD00468,SUPPLIES,LOW,15.02,45,PROJECT_DEMO_EXPANSION,2026-09-23,Synthetic/demo relationship; not a verified commercial contract.,SYNTHETIC_DEMO
SUP00925,PROD00475,SUPPLIES,HIGH,35.83,21,PROJECT_DEMO_EXPANSION,2026-09-23,Synthetic/demo relationship; not a verified commercial contract.,SYNTHETIC_DEMO
SUP00926,PROD00482,MANUFACTURES,HIGH,26.93,14,PROJECT_DEMO_EXPANSION,2026-09-23,Synthetic/demo relationship; not a verified commercial contract.,SYNTHETIC_DEMO
SUP00927,PROD00489,MANUFACTURES,HIGH,17.42,90,PROJECT_DEMO_EXPANSION,2026-09-23,Synthetic/demo relationship; not a verified commercial contract.,SYNTHETIC_DEMO
SUP00928,PROD00496,SUPPLIES,LOW,19.26,45,PROJECT_DEMO_EXPANSION,2026-09-23,Synthetic/demo relationship; not a verified commercial contract.,SYNTHETIC_DEMO
SUP00929,PROD00503,DISTRIBUTES,MEDIUM,33.17,14,PROJECT_DEMO_EXPANSION,2026-09-23,Synthetic/demo relationship; not a verified commercial contract.,SYNTHETIC_DEMO
SUP00930,PROD00510,MANUFACTURES,LOW,12.66,45,PROJECT_DEMO_EXPANSION,2026-09-23,Synthetic/demo relationship; not a verified commercial contract.,SYNTHETIC_DEMO
SUP00931,PROD00517,SUPPLIES,MEDIUM,37.32,7,PROJECT_DEMO_EXPANSION,2026-09-23,Synthetic/demo relationship; not a verified commercial contract.,SYNTHETIC_DEMO
SUP00932,PROD00524,DISTRIBUTES,LOW,29.53,45,PROJECT_DEMO_EXPANSION,2026-09-23,Synthetic/demo relationship; not a verified commercial contract.,SYNTHETIC_DEMO
SUP00933,PROD00531,MANUFACTURES,MEDIUM,23.87,45,PROJECT_DEMO_EXPANSION,2026-09-23,Synthetic/demo relationship; not a verified commercial contract.,SYNTHETIC_DEMO
SUP00934,PROD00538,SUPPLIES,MEDIUM,5.07,30,PROJECT_DEMO_EXPANSION,2026-09-23,Synthetic/demo relationship; not a verified commercial contract.,SYNTHETIC_DEMO
SUP00935,PROD00545,SUPPLIES,MEDIUM,25.64,7,PROJECT_DEMO_EXPANSION,2026-09-23,Synthetic/demo relationship; not a verified commercial contract.,SYNTHETIC_DEMO
SUP00936,PROD00552,MANUFACTURES,MEDIUM,1.38,21,PROJECT_DEMO_EXPANSION,2026-09-23,Synthetic/demo relationship; not a verified commercial contract.,SYNTHETIC_DEMO
SUP00937,PROD00559,SUPPLIES,MEDIUM,33.73,7,PROJECT_DEMO_EXPANSION,2026-09-23,Synthetic/demo relationship; not a verified commercial contract.,SYNTHETIC_DEMO
SUP00938,PROD00566,DISTRIBUTES,MEDIUM,2.11,30,PROJECT_DEMO_EXPANSION,2026-09-23,Synthetic/demo relationship; not a verified commercial contract.,SYNTHETIC_DEMO
SUP00939,PROD00573,MANUFACTURES,HIGH,8.06,45,PROJECT_DEMO_EXPANSION,2026-09-23,Synthetic/demo relationship; not a verified commercial contract.,SYNTHETIC_DEMO
SUP00940,PROD00580,DISTRIBUTES,LOW,5.77,45,PROJECT_DEMO_EXPANSION,2026-09-23,Synthetic/demo relationship; not a verified commercial contract.,SYNTHETIC_DEMO
SUP00941,PROD00587,DISTRIBUTES,MEDIUM,35.75,21,PROJECT_DEMO_EXPANSION,2026-09-23,Synthetic/demo relationship; not a verified commercial contract.,SYNTHETIC_DEMO
SUP00942,PROD00594,DISTRIBUTES,LOW,2.39,90,PROJECT_DEMO_EXPANSION,2026-09-23,Synthetic/demo relationship; not a verified commercial contract.,SYNTHETIC_DEMO
SUP00943,PROD00601,SUPPLIES,LOW,7.35,90,PROJECT_DEMO_EXPANSION,2026-09-23,Synthetic/demo relationship; not a verified commercial contract.,SYNTHETIC_DEMO
SUP00944,PROD00608,MANUFACTURES,HIGH,31.42,45,PROJECT_DEMO_EXPANSION,2026-09-23,Synthetic/demo relationship; not a verified commercial contract.,SYNTHETIC_DEMO
SUP00945,PROD00615,DISTRIBUTES,HIGH,30.19,14,PROJECT_DEMO_EXPANSION,2026-09-23,Synthetic/demo relationship; not a verified commercial contract.,SYNTHETIC_DEMO
SUP00946,PROD00622,SUPPLIES,HIGH,35.44,45,PROJECT_DEMO_EXPANSION,2026-09-23,Synthetic/demo relationship; not a verified commercial contract.,SYNTHETIC_DEMO
SUP00947,PROD00629,SUPPLIES,MEDIUM,39.93,90,PROJECT_DEMO_EXPANSION,2026-09-23,Synthetic/demo relationship; not a verified commercial contract.,SYNTHETIC_DEMO
SUP00948,PROD00636,MANUFACTURES,HIGH,35.39,30,PROJECT_DEMO_EXPANSION,2026-09-23,Synthetic/demo relationship; not a verified commercial contract.,SYNTHETIC_DEMO
SUP00949,PROD00643,DISTRIBUTES,MEDIUM,13.05,45,PROJECT_DEMO_EXPANSION,2026-09-23,Synthetic/demo relationship; not a verified commercial contract.,SYNTHETIC_DEMO
SUP00950,PROD00650,MANUFACTURES,MEDIUM,22.16,7,PROJECT_DEMO_EXPANSION,2026-09-23,Synthetic/demo relationship; not a verified commercial contract.,SYNTHETIC_DEMO
SUP00951,PROD00657,MANUFACTURES,HIGH,15.14,30,PROJECT_DEMO_EXPANSION,2026-09-23,Synthetic/demo relationship; not a verified commercial contract.,SYNTHETIC_DEMO
SUP00952,PROD00664,DISTRIBUTES,LOW,30.12,14,PROJECT_DEMO_EXPANSION,2026-09-23,Synthetic/demo relationship; not a verified commercial contract.,SYNTHETIC_DEMO
SUP00953,PROD00671,SUPPLIES,HIGH,16.54,60,PROJECT_DEMO_EXPANSION,2026-09-23,Synthetic/demo relationship; not a verified commercial contract.,SYNTHETIC_DEMO
SUP00954,PROD00678,DISTRIBUTES,HIGH,5.84,90,PROJECT_DEMO_EXPANSION,2026-09-23,Synthetic/demo relationship; not a verified commercial contract.,SYNTHETIC_DEMO
SUP00955,PROD00685,DISTRIBUTES,HIGH,31.48,14,PROJECT_DEMO_EXPANSION,2026-09-23,Synthetic/demo relationship; not a verified commercial contract.,SYNTHETIC_DEMO
SUP00956,PROD00692,DISTRIBUTES,MEDIUM,31.94,90,PROJECT_DEMO_EXPANSION,2026-09-23,Synthetic/demo relationship; not a verified commercial contract.,SYNTHETIC_DEMO
SUP00957,PROD00699,SUPPLIES,MEDIUM,28.68,7,PROJECT_DEMO_EXPANSION,2026-09-23,Synthetic/demo relationship; not a verified commercial contract.,SYNTHETIC_DEMO
SUP00958,PROD00706,MANUFACTURES,MEDIUM,20.57,90,PROJECT_DEMO_EXPANSION,2026-09-23,Synthetic/demo relationship; not a verified commercial contract.,SYNTHETIC_DEMO
SUP00959,PROD00713,DISTRIBUTES,LOW,27.99,90,PROJECT_DEMO_EXPANSION,2026-09-23,Synthetic/demo relationship; not a verified commercial contract.,SYNTHETIC_DEMO
SUP00960,PROD00720,DISTRIBUTES,HIGH,23.37,21,PROJECT_DEMO_EXPANSION,2026-09-23,Synthetic/demo relationship; not a verified commercial contract.,SYNTHETIC_DEMO
SUP00961,PROD00727,MANUFACTURES,MEDIUM,26.12,60,PROJECT_DEMO_EXPANSION,2026-09-23,Synthetic/demo relationship; not a verified commercial contract.,SYNTHETIC_DEMO
SUP00962,PROD00734,DISTRIBUTES,MEDIUM,30.05,7,PROJECT_DEMO_EXPANSION,2026-09-23,Synthetic/demo relationship; not a verified commercial contract.,SYNTHETIC_DEMO
SUP00963,PROD00741,MANUFACTURES,LOW,6.4,90,PROJECT_DEMO_EXPANSION,2026-09-23,Synthetic/demo relationship; not a verified commercial contract.,SYNTHETIC_DEMO
SUP00964,PROD00748,SUPPLIES,MEDIUM,17.37,60,PROJECT_DEMO_EXPANSION,2026-09-23,Synthetic/demo relationship; not a verified commercial contract.,SYNTHETIC_DEMO
SUP00965,PROD00755,DISTRIBUTES,MEDIUM,1.9,14,PROJECT_DEMO_EXPANSION,2026-09-23,Synthetic/demo relationship; not a verified commercial contract.,SYNTHETIC_DEMO
SUP00966,PROD00762,SUPPLIES,MEDIUM,8.8,7,PROJECT_DEMO_EXPANSION,2026-09-23,Synthetic/demo relationship; not a verified commercial contract.,SYNTHETIC_DEMO
SUP00967,PROD00769,DISTRIBUTES,LOW,35.89,14,PROJECT_DEMO_EXPANSION,2026-09-23,Synthetic/demo relationship; not a verified commercial contract.,SYNTHETIC_DEMO
SUP00968,PROD00776,MANUFACTURES,LOW,39.6,90,PROJECT_DEMO_EXPANSION,2026-09-23,Synthetic/demo relationship; not a verified commercial contract.,SYNTHETIC_DEMO
SUP00969,PROD00783,SUPPLIES,HIGH,17.65,60,PROJECT_DEMO_EXPANSION,2026-09-23,Synthetic/demo relationship; not a verified commercial contract.,SYNTHETIC_DEMO
SUP00970,PROD00790,SUPPLIES,MEDIUM,5.92,45,PROJECT_DEMO_EXPANSION,2026-09-23,Synthetic/demo relationship; not a verified commercial contract.,SYNTHETIC_DEMO
SUP00971,PROD00797,DISTRIBUTES,HIGH,11.14,14,PROJECT_DEMO_EXPANSION,2026-09-23,Synthetic/demo relationship; not a verified commercial contract.,SYNTHETIC_DEMO
SUP00972,PROD00804,SUPPLIES,HIGH,39.71,90,PROJECT_DEMO_EXPANSION,2026-09-23,Synthetic/demo relationship; not a verified commercial contract.,SYNTHETIC_DEMO
SUP00973,PROD00811,MANUFACTURES,LOW,25.11,90,PROJECT_DEMO_EXPANSION,2026-09-23,Synthetic/demo relationship; not a verified commercial contract.,SYNTHETIC_DEMO
SUP00974,PROD00818,MANUFACTURES,LOW,5.47,14,PROJECT_DEMO_EXPANSION,2026-09-23,Synthetic/demo relationship; not a verified commercial contract.,SYNTHETIC_DEMO
SUP00975,PROD00825,SUPPLIES,MEDIUM,38.67,14,PROJECT_DEMO_EXPANSION,2026-09-23,Synthetic/demo relationship; not a verified commercial contract.,SYNTHETIC_DEMO
SUP00976,PROD00832,SUPPLIES,LOW,21.49,30,PROJECT_DEMO_EXPANSION,2026-09-23,Synthetic/demo relationship; not a verified commercial contract.,SYNTHETIC_DEMO
SUP00977,PROD00839,DISTRIBUTES,HIGH,36.47,90,PROJECT_DEMO_EXPANSION,2026-09-23,Synthetic/demo relationship; not a verified commercial contract.,SYNTHETIC_DEMO
SUP00978,PROD00846,DISTRIBUTES,MEDIUM,28.47,30,PROJECT_DEMO_EXPANSION,2026-09-23,Synthetic/demo relationship; not a verified commercial contract.,SYNTHETIC_DEMO
SUP00979,PROD00853,DISTRIBUTES,LOW,36.4,21,PROJECT_DEMO_EXPANSION,2026-09-23,Synthetic/demo relationship; not a verified commercial contract.,SYNTHETIC_DEMO
SUP00980,PROD00860,MANUFACTURES,LOW,19.68,90,PROJECT_DEMO_EXPANSION,2026-09-23,Synthetic/demo relationship; not a verified commercial contract.,SYNTHETIC_DEMO
SUP00981,PROD00867,MANUFACTURES,MEDIUM,35.79,30,PROJECT_DEMO_EXPANSION,2026-09-23,Synthetic/demo relationship; not a verified commercial contract.,SYNTHETIC_DEMO
SUP00982,PROD00874,SUPPLIES,HIGH,32.2,90,PROJECT_DEMO_EXPANSION,2026-09-23,Synthetic/demo relationship; not a verified commercial contract.,SYNTHETIC_DEMO
SUP00983,PROD00881,MANUFACTURES,LOW,4.31,90,PROJECT_DEMO_EXPANSION,2026-09-23,Synthetic/demo relationship; not a verified commercial contract.,SYNTHETIC_DEMO
SUP00984,PROD00888,MANUFACTURES,HIGH,29.11,90,PROJECT_DEMO_EXPANSION,2026-09-23,Synthetic/demo relationship; not a verified commercial contract.,SYNTHETIC_DEMO
SUP00985,PROD00895,DISTRIBUTES,MEDIUM,27.85,90,PROJECT_DEMO_EXPANSION,2026-09-23,Synthetic/demo relationship; not a verified commercial contract.,SYNTHETIC_DEMO
SUP00986,PROD00902,SUPPLIES,MEDIUM,19.79,21,PROJECT_DEMO_EXPANSION,2026-09-23,Synthetic/demo relationship; not a verified commercial contract.,SYNTHETIC_DEMO
SUP00987,PROD00909,DISTRIBUTES,HIGH,20.41,30,PROJECT_DEMO_EXPANSION,2026-09-23,Synthetic/demo relationship; not a verified commercial contract.,SYNTHETIC_DEMO
SUP00988,PROD00916,MANUFACTURES,HIGH,1.34,7,PROJECT_DEMO_EXPANSION,2026-09-23,Synthetic/demo relationship; not a verified commercial contract.,SYNTHETIC_DEMO
SUP00989,PROD00923,DISTRIBUTES,HIGH,32.61,45,PROJECT_DEMO_EXPANSION,2026-09-23,Synthetic/demo relationship; not a verified commercial contract.,SYNTHETIC_DEMO
SUP00990,PROD00930,DISTRIBUTES,HIGH,38.74,14,PROJECT_DEMO_EXPANSION,2026-09-23,Synthetic/demo relationship; not a verified commercial contract.,SYNTHETIC_DEMO
SUP00991,PROD00937,SUPPLIES,MEDIUM,34.56,14,PROJECT_DEMO_EXPANSION,2026-09-23,Synthetic/demo relationship; not a verified commercial contract.,SYNTHETIC_DEMO
SUP00992,PROD00944,SUPPLIES,LOW,22.09,30,PROJECT_DEMO_EXPANSION,2026-09-23,Synthetic/demo relationship; not a verified commercial contract.,SYNTHETIC_DEMO
SUP00993,PROD00951,SUPPLIES,MEDIUM,5.94,45,PROJECT_DEMO_EXPANSION,2026-09-23,Synthetic/demo relationship; not a verified commercial contract.,SYNTHETIC_DEMO
SUP00994,PROD00958,SUPPLIES,LOW,23.74,7,PROJECT_DEMO_EXPANSION,2026-09-23,Synthetic/demo relationship; not a verified commercial contract.,SYNTHETIC_DEMO
SUP00995,PROD00965,SUPPLIES,LOW,1.94,21,PROJECT_DEMO_EXPANSION,2026-09-23,Synthetic/demo relationship; not a verified commercial contract.,SYNTHETIC_DEMO
SUP00996,PROD00972,MANUFACTURES,LOW,13.59,14,PROJECT_DEMO_EXPANSION,2026-09-23,Synthetic/demo relationship; not a verified commercial contract.,SYNTHETIC_DEMO
SUP00997,PROD00979,SUPPLIES,HIGH,33.3,45,PROJECT_DEMO_EXPANSION,2026-09-23,Synthetic/demo relationship; not a verified commercial contract.,SYNTHETIC_DEMO
SUP00998,PROD00986,SUPPLIES,MEDIUM,6.02,21,PROJECT_DEMO_EXPANSION,2026-09-23,Synthetic/demo relationship; not a verified commercial contract.,SYNTHETIC_DEMO
SUP00999,PROD00993,MANUFACTURES,HIGH,39.92,7,PROJECT_DEMO_EXPANSION,2026-09-23,Synthetic/demo relationship; not a verified commercial contract.,SYNTHETIC_DEMO
SUP01000,PROD01000,DISTRIBUTES,HIGH,30.67,30,PROJECT_DEMO_EXPANSION,2026-09-23,Synthetic/demo relationship; not a verified commercial contract.,SYNTHETIC_DEMO
SUP00001,PROD00007,MANUFACTURES,MEDIUM,38.26,14,PROJECT_DEMO_EXPANSION,2026-09-23,Synthetic/demo relationship; not a verified commercial contract.,SYNTHETIC_DEMO
SUP00002,PROD00014,MANUFACTURES,HIGH,37.97,30,PROJECT_DEMO_EXPANSION,2026-09-23,Synthetic/demo relationship; not a verified commercial contract.,SYNTHETIC_DEMO
SUP00003,PROD00021,DISTRIBUTES,MEDIUM,15.79,60,PROJECT_DEMO_EXPANSION,2026-09-23,Synthetic/demo relationship; not a verified commercial contract.,SYNTHETIC_DEMO
SUP00004,PROD00028,SUPPLIES,HIGH,24.44,60,PROJECT_DEMO_EXPANSION,2026-09-23,Synthetic/demo relationship; not a verified commercial contract.,SYNTHETIC_DEMO
SUP00005,PROD00035,SUPPLIES,MEDIUM,26.56,30,PROJECT_DEMO_EXPANSION,2026-09-23,Synthetic/demo relationship; not a verified commercial contract.,SYNTHETIC_DEMO
SUP00006,PROD00042,MANUFACTURES,HIGH,7.12,45,PROJECT_DEMO_EXPANSION,2026-09-23,Synthetic/demo relationship; not a verified commercial contract.,SYNTHETIC_DEMO
SUP00007,PROD00049,DISTRIBUTES,HIGH,29.82,21,PROJECT_DEMO_EXPANSION,2026-09-23,Synthetic/demo relationship; not a verified commercial contract.,SYNTHETIC_DEMO
SUP00008,PROD00056,MANUFACTURES,MEDIUM,11.49,45,PROJECT_DEMO_EXPANSION,2026-09-23,Synthetic/demo relationship; not a verified commercial contract.,SYNTHETIC_DEMO
SUP00009,PROD00063,DISTRIBUTES,LOW,21.18,90,PROJECT_DEMO_EXPANSION,2026-09-23,Synthetic/demo relationship; not a verified commercial contract.,SYNTHETIC_DEMO
SUP00010,PROD00070,MANUFACTURES,LOW,13.79,60,PROJECT_DEMO_EXPANSION,2026-09-23,Synthetic/demo relationship; not a verified commercial contract.,SYNTHETIC_DEMO
SUP00011,PROD00077,DISTRIBUTES,LOW,13.28,7,PROJECT_DEMO_EXPANSION,2026-09-23,Synthetic/demo relationship; not a verified commercial contract.,SYNTHETIC_DEMO
SUP00012,PROD00084,SUPPLIES,MEDIUM,29.53,60,PROJECT_DEMO_EXPANSION,2026-09-23,Synthetic/demo relationship; not a verified commercial contract.,SYNTHETIC_DEMO
SUP00013,PROD00091,DISTRIBUTES,HIGH,12.49,30,PROJECT_DEMO_EXPANSION,2026-09-23,Synthetic/demo relationship; not a verified commercial contract.,SYNTHETIC_DEMO
SUP00014,PROD00098,SUPPLIES,MEDIUM,6.55,7,PROJECT_DEMO_EXPANSION,2026-09-23,Synthetic/demo relationship; not a verified commercial contract.,SYNTHETIC_DEMO
SUP00015,PROD00105,SUPPLIES,LOW,21.69,14,PROJECT_DEMO_EXPANSION,2026-09-23,Synthetic/demo relationship; not a verified commercial contract.,SYNTHETIC_DEMO
SUP00016,PROD00112,DISTRIBUTES,HIGH,11.39,21,PROJECT_DEMO_EXPANSION,2026-09-23,Synthetic/demo relationship; not a verified commercial contract.,SYNTHETIC_DEMO
SUP00017,PROD00119,DISTRIBUTES,LOW,34.65,60,PROJECT_DEMO_EXPANSION,2026-09-23,Synthetic/demo relationship; not a verified commercial contract.,SYNTHETIC_DEMO
SUP00018,PROD00126,MANUFACTURES,LOW,20.43,90,PROJECT_DEMO_EXPANSION,2026-09-23,Synthetic/demo relationship; not a verified commercial contract.,SYNTHETIC_DEMO
SUP00019,PROD00133,SUPPLIES,MEDIUM,24.75,21,PROJECT_DEMO_EXPANSION,2026-09-23,Synthetic/demo relationship; not a verified commercial contract.,SYNTHETIC_DEMO
SUP00020,PROD00140,MANUFACTURES,LOW,5.72,14,PROJECT_DEMO_EXPANSION,2026-09-23,Synthetic/demo relationship; not a verified commercial contract.,SYNTHETIC_DEMO
SUP00021,PROD00147,SUPPLIES,MEDIUM,39.13,21,PROJECT_DEMO_EXPANSION,2026-09-23,Synthetic/demo relationship; not a verified commercial contract.,SYNTHETIC_DEMO
SUP00022,PROD00154,SUPPLIES,MEDIUM,31.14,7,PROJECT_DEMO_EXPANSION,2026-09-23,Synthetic/demo relationship; not a verified commercial contract.,SYNTHETIC_DEMO
SUP00023,PROD00161,MANUFACTURES,MEDIUM,22.63,21,PROJECT_DEMO_EXPANSION,2026-09-23,Synthetic/demo relationship; not a verified commercial contract.,SYNTHETIC_DEMO
SUP00024,PROD00168,SUPPLIES,MEDIUM,19.88,7,PROJECT_DEMO_EXPANSION,2026-09-23,Synthetic/demo relationship; not a verified commercial contract.,SYNTHETIC_DEMO
SUP00025,PROD00175,DISTRIBUTES,LOW,21.98,30,PROJECT_DEMO_EXPANSION,2026-09-23,Synthetic/demo relationship; not a verified commercial contract.,SYNTHETIC_DEMO
SUP00026,PROD00182,DISTRIBUTES,MEDIUM,38.13,14,PROJECT_DEMO_EXPANSION,2026-09-23,Synthetic/demo relationship; not a verified commercial contract.,SYNTHETIC_DEMO
SUP00027,PROD00189,DISTRIBUTES,MEDIUM,34.9,30,PROJECT_DEMO_EXPANSION,2026-09-23,Synthetic/demo relationship; not a verified commercial contract.,SYNTHETIC_DEMO
SUP00028,PROD00196,SUPPLIES,LOW,39.97,21,PROJECT_DEMO_EXPANSION,2026-09-23,Synthetic/demo relationship; not a verified commercial contract.,SYNTHETIC_DEMO
SUP00029,PROD00203,MANUFACTURES,LOW,14.33,90,PROJECT_DEMO_EXPANSION,2026-09-23,Synthetic/demo relationship; not a verified commercial contract.,SYNTHETIC_DEMO
SUP00030,PROD00210,MANUFACTURES,HIGH,8.11,60,PROJECT_DEMO_EXPANSION,2026-09-23,Synthetic/demo relationship; not a verified commercial contract.,SYNTHETIC_DEMO
SUP00031,PROD00217,DISTRIBUTES,MEDIUM,7.39,30,PROJECT_DEMO_EXPANSION,2026-09-23,Synthetic/demo relationship; not a verified commercial contract.,SYNTHETIC_DEMO
SUP00032,PROD00224,DISTRIBUTES,HIGH,31.4,7,PROJECT_DEMO_EXPANSION,2026-09-23,Synthetic/demo relationship; not a verified commercial contract.,SYNTHETIC_DEMO
SUP00033,PROD00231,MANUFACTURES,MEDIUM,26.76,14,PROJECT_DEMO_EXPANSION,2026-09-23,Synthetic/demo relationship; not a verified commercial contract.,SYNTHETIC_DEMO
SUP00034,PROD00238,MANUFACTURES,MEDIUM,4.74,7,PROJECT_DEMO_EXPANSION,2026-09-23,Synthetic/demo relationship; not a verified commercial contract.,SYNTHETIC_DEMO
SUP00035,PROD00245,MANUFACTURES,LOW,6.96,30,PROJECT_DEMO_EXPANSION,2026-09-23,Synthetic/demo relationship; not a verified commercial contract.,SYNTHETIC_DEMO
SUP00036,PROD00252,MANUFACTURES,LOW,22.35,21,PROJECT_DEMO_EXPANSION,2026-09-23,Synthetic/demo relationship; not a verified commercial contract.,SYNTHETIC_DEMO
SUP00037,PROD00259,MANUFACTURES,MEDIUM,26.81,60,PROJECT_DEMO_EXPANSION,2026-09-23,Synthetic/demo relationship; not a verified commercial contract.,SYNTHETIC_DEMO
SUP00038,PROD00266,DISTRIBUTES,MEDIUM,15.35,30,PROJECT_DEMO_EXPANSION,2026-09-23,Synthetic/demo relationship; not a verified commercial contract.,SYNTHETIC_DEMO
SUP00039,PROD00273,MANUFACTURES,HIGH,33.82,45,PROJECT_DEMO_EXPANSION,2026-09-23,Synthetic/demo relationship; not a verified commercial contract.,SYNTHETIC_DEMO
SUP00040,PROD00280,DISTRIBUTES,LOW,33.85,45,PROJECT_DEMO_EXPANSION,2026-09-23,Synthetic/demo relationship; not a verified commercial contract.,SYNTHETIC_DEMO
SUP00041,PROD00287,DISTRIBUTES,LOW,11.46,30,PROJECT_DEMO_EXPANSION,2026-09-23,Synthetic/demo relationship; not a verified commercial contract.,SYNTHETIC_DEMO
SUP00042,PROD00294,SUPPLIES,MEDIUM,3.97,21,PROJECT_DEMO_EXPANSION,2026-09-23,Synthetic/demo relationship; not a verified commercial contract.,SYNTHETIC_DEMO
SUP00043,PROD00301,DISTRIBUTES,MEDIUM,3.65,30,PROJECT_DEMO_EXPANSION,2026-09-23,Synthetic/demo relationship; not a verified commercial contract.,SYNTHETIC_DEMO
SUP00044,PROD00308,MANUFACTURES,LOW,8.35,60,PROJECT_DEMO_EXPANSION,2026-09-23,Synthetic/demo relationship; not a verified commercial contract.,SYNTHETIC_DEMO
SUP00045,PROD00315,SUPPLIES,LOW,30.93,14,PROJECT_DEMO_EXPANSION,2026-09-23,Synthetic/demo relationship; not a verified commercial contract.,SYNTHETIC_DEMO
SUP00046,PROD00322,SUPPLIES,LOW,33.98,45,PROJECT_DEMO_EXPANSION,2026-09-23,Synthetic/demo relationship; not a verified commercial contract.,SYNTHETIC_DEMO
SUP00047,PROD00329,DISTRIBUTES,HIGH,21.48,7,PROJECT_DEMO_EXPANSION,2026-09-23,Synthetic/demo relationship; not a verified commercial contract.,SYNTHETIC_DEMO
SUP00048,PROD00336,SUPPLIES,HIGH,7.88,21,PROJECT_DEMO_EXPANSION,2026-09-23,Synthetic/demo relationship; not a verified commercial contract.,SYNTHETIC_DEMO
SUP00049,PROD00343,DISTRIBUTES,LOW,7.6,14,PROJECT_DEMO_EXPANSION,2026-09-23,Synthetic/demo relationship; not a verified commercial contract.,SYNTHETIC_DEMO
SUP00050,PROD00350,MANUFACTURES,HIGH,3.24,21,PROJECT_DEMO_EXPANSION,2026-09-23,Synthetic/demo relationship; not a verified commercial contract.,SYNTHETIC_DEMO
SUP00051,PROD00357,DISTRIBUTES,HIGH,30.13,45,PROJECT_DEMO_EXPANSION,2026-09-23,Synthetic/demo relationship; not a verified commercial contract.,SYNTHETIC_DEMO
SUP00052,PROD00364,DISTRIBUTES,LOW,36.53,90,PROJECT_DEMO_EXPANSION,2026-09-23,Synthetic/demo relationship; not a verified commercial contract.,SYNTHETIC_DEMO
SUP00053,PROD00371,DISTRIBUTES,LOW,38.28,14,PROJECT_DEMO_EXPANSION,2026-09-23,Synthetic/demo relationship; not a verified commercial contract.,SYNTHETIC_DEMO
SUP00054,PROD00378,DISTRIBUTES,LOW,13.82,7,PROJECT_DEMO_EXPANSION,2026-09-23,Synthetic/demo relationship; not a verified commercial contract.,SYNTHETIC_DEMO
SUP00055,PROD00385,SUPPLIES,LOW,14.16,7,PROJECT_DEMO_EXPANSION,2026-09-23,Synthetic/demo relationship; not a verified commercial contract.,SYNTHETIC_DEMO
SUP00056,PROD00392,SUPPLIES,LOW,3.26,60,PROJECT_DEMO_EXPANSION,2026-09-23,Synthetic/demo relationship; not a verified commercial contract.,SYNTHETIC_DEMO
SUP00057,PROD00399,DISTRIBUTES,HIGH,20.66,21,PROJECT_DEMO_EXPANSION,2026-09-23,Synthetic/demo relationship; not a verified commercial contract.,SYNTHETIC_DEMO
SUP00058,PROD00406,MANUFACTURES,LOW,14.08,30,PROJECT_DEMO_EXPANSION,2026-09-23,Synthetic/demo relationship; not a verified commercial contract.,SYNTHETIC_DEMO
SUP00059,PROD00413,MANUFACTURES,LOW,1.04,30,PROJECT_DEMO_EXPANSION,2026-09-23,Synthetic/demo relationship; not a verified commercial contract.,SYNTHETIC_DEMO
SUP00060,PROD00420,MANUFACTURES,HIGH,7.6,45,PROJECT_DEMO_EXPANSION,2026-09-23,Synthetic/demo relationship; not a verified commercial contract.,SYNTHETIC_DEMO
SUP00061,PROD00427,DISTRIBUTES,MEDIUM,23.54,90,PROJECT_DEMO_EXPANSION,2026-09-23,Synthetic/demo relationship; not a verified commercial contract.,SYNTHETIC_DEMO
SUP00062,PROD00434,MANUFACTURES,HIGH,14.72,90,PROJECT_DEMO_EXPANSION,2026-09-23,Synthetic/demo relationship; not a verified commercial contract.,SYNTHETIC_DEMO
SUP00063,PROD00441,SUPPLIES,MEDIUM,30.7,60,PROJECT_DEMO_EXPANSION,2026-09-23,Synthetic/demo relationship; not a verified commercial contract.,SYNTHETIC_DEMO
SUP00064,PROD00448,SUPPLIES,MEDIUM,14.35,60,PROJECT_DEMO_EXPANSION,2026-09-23,Synthetic/demo relationship; not a verified commercial contract.,SYNTHETIC_DEMO
SUP00065,PROD00455,MANUFACTURES,MEDIUM,36.9,45,PROJECT_DEMO_EXPANSION,2026-09-23,Synthetic/demo relationship; not a verified commercial contract.,SYNTHETIC_DEMO
SUP00066,PROD00462,MANUFACTURES,MEDIUM,2.86,21,PROJECT_DEMO_EXPANSION,2026-09-23,Synthetic/demo relationship; not a verified commercial contract.,SYNTHETIC_DEMO
SUP00067,PROD00469,SUPPLIES,HIGH,19.58,45,PROJECT_DEMO_EXPANSION,2026-09-23,Synthetic/demo relationship; not a verified commercial contract.,SYNTHETIC_DEMO
SUP00068,PROD00476,DISTRIBUTES,HIGH,15.27,45,PROJECT_DEMO_EXPANSION,2026-09-23,Synthetic/demo relationship; not a verified commercial contract.,SYNTHETIC_DEMO
SUP00069,PROD00483,DISTRIBUTES,HIGH,26.99,30,PROJECT_DEMO_EXPANSION,2026-09-23,Synthetic/demo relationship; not a verified commercial contract.,SYNTHETIC_DEMO
SUP00070,PROD00490,DISTRIBUTES,LOW,28.83,90,PROJECT_DEMO_EXPANSION,2026-09-23,Synthetic/demo relationship; not a verified commercial contract.,SYNTHETIC_DEMO
SUP00071,PROD00497,SUPPLIES,HIGH,2.19,45,PROJECT_DEMO_EXPANSION,2026-09-23,Synthetic/demo relationship; not a verified commercial contract.,SYNTHETIC_DEMO
SUP00072,PROD00504,MANUFACTURES,HIGH,7.89,21,PROJECT_DEMO_EXPANSION,2026-09-23,Synthetic/demo relationship; not a verified commercial contract.,SYNTHETIC_DEMO
SUP00073,PROD00511,SUPPLIES,LOW,14.77,90,PROJECT_DEMO_EXPANSION,2026-09-23,Synthetic/demo relationship; not a verified commercial contract.,SYNTHETIC_DEMO
SUP00074,PROD00518,MANUFACTURES,MEDIUM,5.27,21,PROJECT_DEMO_EXPANSION,2026-09-23,Synthetic/demo relationship; not a verified commercial contract.,SYNTHETIC_DEMO
SUP00075,PROD00525,DISTRIBUTES,MEDIUM,7.67,30,PROJECT_DEMO_EXPANSION,2026-09-23,Synthetic/demo relationship; not a verified commercial contract.,SYNTHETIC_DEMO
SUP00076,PROD00532,SUPPLIES,MEDIUM,35.17,14,PROJECT_DEMO_EXPANSION,2026-09-23,Synthetic/demo relationship; not a verified commercial contract.,SYNTHETIC_DEMO
SUP00077,PROD00539,DISTRIBUTES,LOW,19.38,14,PROJECT_DEMO_EXPANSION,2026-09-23,Synthetic/demo relationship; not a verified commercial contract.,SYNTHETIC_DEMO
SUP00078,PROD00546,SUPPLIES,MEDIUM,34.48,90,PROJECT_DEMO_EXPANSION,2026-09-23,Synthetic/demo relationship; not a verified commercial contract.,SYNTHETIC_DEMO
SUP00079,PROD00553,DISTRIBUTES,HIGH,25.59,21,PROJECT_DEMO_EXPANSION,2026-09-23,Synthetic/demo relationship; not a verified commercial contract.,SYNTHETIC_DEMO
SUP00080,PROD00560,DISTRIBUTES,MEDIUM,3.85,21,PROJECT_DEMO_EXPANSION,2026-09-23,Synthetic/demo relationship; not a verified commercial contract.,SYNTHETIC_DEMO
SUP00081,PROD00567,DISTRIBUTES,HIGH,19.01,14,PROJECT_DEMO_EXPANSION,2026-09-23,Synthetic/demo relationship; not a verified commercial contract.,SYNTHETIC_DEMO
SUP00082,PROD00574,MANUFACTURES,LOW,36.64,45,PROJECT_DEMO_EXPANSION,2026-09-23,Synthetic/demo relationship; not a verified commercial contract.,SYNTHETIC_DEMO
SUP00083,PROD00581,SUPPLIES,MEDIUM,28.34,21,PROJECT_DEMO_EXPANSION,2026-09-23,Synthetic/demo relationship; not a verified commercial contract.,SYNTHETIC_DEMO
SUP00084,PROD00588,MANUFACTURES,MEDIUM,7.67,45,PROJECT_DEMO_EXPANSION,2026-09-23,Synthetic/demo relationship; not a verified commercial contract.,SYNTHETIC_DEMO
SUP00085,PROD00595,MANUFACTURES,HIGH,35.97,60,PROJECT_DEMO_EXPANSION,2026-09-23,Synthetic/demo relationship; not a verified commercial contract.,SYNTHETIC_DEMO
SUP00086,PROD00602,DISTRIBUTES,HIGH,7.28,21,PROJECT_DEMO_EXPANSION,2026-09-23,Synthetic/demo relationship; not a verified commercial contract.,SYNTHETIC_DEMO
SUP00087,PROD00609,SUPPLIES,MEDIUM,20.02,45,PROJECT_DEMO_EXPANSION,2026-09-23,Synthetic/demo relationship; not a verified commercial contract.,SYNTHETIC_DEMO
SUP00088,PROD00616,DISTRIBUTES,LOW,12.39,7,PROJECT_DEMO_EXPANSION,2026-09-23,Synthetic/demo relationship; not a verified commercial contract.,SYNTHETIC_DEMO
SUP00089,PROD00623,DISTRIBUTES,HIGH,10.56,90,PROJECT_DEMO_EXPANSION,2026-09-23,Synthetic/demo relationship; not a verified commercial contract.,SYNTHETIC_DEMO
SUP00090,PROD00630,MANUFACTURES,LOW,4.43,45,PROJECT_DEMO_EXPANSION,2026-09-23,Synthetic/demo relationship; not a verified commercial contract.,SYNTHETIC_DEMO
SUP00091,PROD00637,MANUFACTURES,LOW,4.87,21,PROJECT_DEMO_EXPANSION,2026-09-23,Synthetic/demo relationship; not a verified commercial contract.,SYNTHETIC_DEMO
SUP00092,PROD00644,DISTRIBUTES,HIGH,1.9,7,PROJECT_DEMO_EXPANSION,2026-09-23,Synthetic/demo relationship; not a verified commercial contract.,SYNTHETIC_DEMO
SUP00093,PROD00651,DISTRIBUTES,HIGH,32.77,7,PROJECT_DEMO_EXPANSION,2026-09-23,Synthetic/demo relationship; not a verified commercial contract.,SYNTHETIC_DEMO
SUP00094,PROD00658,DISTRIBUTES,LOW,12.45,30,PROJECT_DEMO_EXPANSION,2026-09-23,Synthetic/demo relationship; not a verified commercial contract.,SYNTHETIC_DEMO
SUP00095,PROD00665,SUPPLIES,MEDIUM,15.81,90,PROJECT_DEMO_EXPANSION,2026-09-23,Synthetic/demo relationship; not a verified commercial contract.,SYNTHETIC_DEMO
SUP00096,PROD00672,MANUFACTURES,LOW,6.33,60,PROJECT_DEMO_EXPANSION,2026-09-23,Synthetic/demo relationship; not a verified commercial contract.,SYNTHETIC_DEMO
SUP00097,PROD00679,DISTRIBUTES,MEDIUM,33.26,90,PROJECT_DEMO_EXPANSION,2026-09-23,Synthetic/demo relationship; not a verified commercial contract.,SYNTHETIC_DEMO
SUP00098,PROD00686,DISTRIBUTES,LOW,13.89,45,PROJECT_DEMO_EXPANSION,2026-09-23,Synthetic/demo relationship; not a verified commercial contract.,SYNTHETIC_DEMO
SUP00099,PROD00693,MANUFACTURES,HIGH,20.71,7,PROJECT_DEMO_EXPANSION,2026-09-23,Synthetic/demo relationship; not a verified commercial contract.,SYNTHETIC_DEMO
SUP00100,PROD00700,SUPPLIES,LOW,34.93,45,PROJECT_DEMO_EXPANSION,2026-09-23,Synthetic/demo relationship; not a verified commercial contract.,SYNTHETIC_DEMO
SUP00101,PROD00707,SUPPLIES,HIGH,27.98,7,PROJECT_DEMO_EXPANSION,2026-09-23,Synthetic/demo relationship; not a verified commercial contract.,SYNTHETIC_DEMO
SUP00102,PROD00714,SUPPLIES,LOW,27.65,90,PROJECT_DEMO_EXPANSION,2026-09-23,Synthetic/demo relationship; not a verified commercial contract.,SYNTHETIC_DEMO
SUP00103,PROD00721,MANUFACTURES,LOW,18.77,30,PROJECT_DEMO_EXPANSION,2026-09-23,Synthetic/demo relationship; not a verified commercial contract.,SYNTHETIC_DEMO
SUP00104,PROD00728,SUPPLIES,LOW,10.65,90,PROJECT_DEMO_EXPANSION,2026-09-23,Synthetic/demo relationship; not a verified commercial contract.,SYNTHETIC_DEMO
SUP00105,PROD00735,DISTRIBUTES,HIGH,37.24,7,PROJECT_DEMO_EXPANSION,2026-09-23,Synthetic/demo relationship; not a verified commercial contract.,SYNTHETIC_DEMO
SUP00106,PROD00742,DISTRIBUTES,LOW,9.63,45,PROJECT_DEMO_EXPANSION,2026-09-23,Synthetic/demo relationship; not a verified commercial contract.,SYNTHETIC_DEMO
SUP00107,PROD00749,MANUFACTURES,MEDIUM,24.44,30,PROJECT_DEMO_EXPANSION,2026-09-23,Synthetic/demo relationship; not a verified commercial contract.,SYNTHETIC_DEMO
SUP00108,PROD00756,MANUFACTURES,HIGH,39.32,21,PROJECT_DEMO_EXPANSION,2026-09-23,Synthetic/demo relationship; not a verified commercial contract.,SYNTHETIC_DEMO
SUP00109,PROD00763,MANUFACTURES,HIGH,21.06,7,PROJECT_DEMO_EXPANSION,2026-09-23,Synthetic/demo relationship; not a verified commercial contract.,SYNTHETIC_DEMO
SUP00110,PROD00770,SUPPLIES,HIGH,33.78,60,PROJECT_DEMO_EXPANSION,2026-09-23,Synthetic/demo relationship; not a verified commercial contract.,SYNTHETIC_DEMO
SUP00111,PROD00777,MANUFACTURES,HIGH,5.68,45,PROJECT_DEMO_EXPANSION,2026-09-23,Synthetic/demo relationship; not a verified commercial contract.,SYNTHETIC_DEMO
SUP00112,PROD00784,DISTRIBUTES,LOW,32.85,30,PROJECT_DEMO_EXPANSION,2026-09-23,Synthetic/demo relationship; not a verified commercial contract.,SYNTHETIC_DEMO
SUP00113,PROD00791,MANUFACTURES,MEDIUM,29.82,7,PROJECT_DEMO_EXPANSION,2026-09-23,Synthetic/demo relationship; not a verified commercial contract.,SYNTHETIC_DEMO
SUP00114,PROD00798,MANUFACTURES,LOW,11.92,30,PROJECT_DEMO_EXPANSION,2026-09-23,Synthetic/demo relationship; not a verified commercial contract.,SYNTHETIC_DEMO
SUP00115,PROD00805,DISTRIBUTES,MEDIUM,2.05,90,PROJECT_DEMO_EXPANSION,2026-09-23,Synthetic/demo relationship; not a verified commercial contract.,SYNTHETIC_DEMO
SUP00116,PROD00812,MANUFACTURES,MEDIUM,39.63,60,PROJECT_DEMO_EXPANSION,2026-09-23,Synthetic/demo relationship; not a verified commercial contract.,SYNTHETIC_DEMO
SUP00117,PROD00819,SUPPLIES,MEDIUM,34.81,30,PROJECT_DEMO_EXPANSION,2026-09-23,Synthetic/demo relationship; not a verified commercial contract.,SYNTHETIC_DEMO
SUP00118,PROD00826,MANUFACTURES,MEDIUM,15.35,60,PROJECT_DEMO_EXPANSION,2026-09-23,Synthetic/demo relationship; not a verified commercial contract.,SYNTHETIC_DEMO
SUP00119,PROD00833,SUPPLIES,MEDIUM,14.83,14,PROJECT_DEMO_EXPANSION,2026-09-23,Synthetic/demo relationship; not a verified commercial contract.,SYNTHETIC_DEMO
SUP00120,PROD00840,MANUFACTURES,HIGH,36.98,30,PROJECT_DEMO_EXPANSION,2026-09-23,Synthetic/demo relationship; not a verified commercial contract.,SYNTHETIC_DEMO
SUP00121,PROD00847,DISTRIBUTES,MEDIUM,29.11,90,PROJECT_DEMO_EXPANSION,2026-09-23,Synthetic/demo relationship; not a verified commercial contract.,SYNTHETIC_DEMO
SUP00122,PROD00854,MANUFACTURES,LOW,26.1,7,PROJECT_DEMO_EXPANSION,2026-09-23,Synthetic/demo relationship; not a verified commercial contract.,SYNTHETIC_DEMO
SUP00123,PROD00861,DISTRIBUTES,MEDIUM,6.4,7,PROJECT_DEMO_EXPANSION,2026-09-23,Synthetic/demo relationship; not a verified commercial contract.,SYNTHETIC_DEMO
SUP00124,PROD00868,DISTRIBUTES,MEDIUM,15.88,30,PROJECT_DEMO_EXPANSION,2026-09-23,Synthetic/demo relationship; not a verified commercial contract.,SYNTHETIC_DEMO
SUP00125,PROD00875,DISTRIBUTES,LOW,27.67,7,PROJECT_DEMO_EXPANSION,2026-09-23,Synthetic/demo relationship; not a verified commercial contract.,SYNTHETIC_DEMO
SUP00126,PROD00882,SUPPLIES,HIGH,9.76,21,PROJECT_DEMO_EXPANSION,2026-09-23,Synthetic/demo relationship; not a verified commercial contract.,SYNTHETIC_DEMO
SUP00127,PROD00889,MANUFACTURES,LOW,5.05,14,PROJECT_DEMO_EXPANSION,2026-09-23,Synthetic/demo relationship; not a verified commercial contract.,SYNTHETIC_DEMO
SUP00128,PROD00896,SUPPLIES,LOW,24.78,30,PROJECT_DEMO_EXPANSION,2026-09-23,Synthetic/demo relationship; not a verified commercial contract.,SYNTHETIC_DEMO
SUP00129,PROD00903,DISTRIBUTES,MEDIUM,36.13,21,PROJECT_DEMO_EXPANSION,2026-09-23,Synthetic/demo relationship; not a verified commercial contract.,SYNTHETIC_DEMO
SUP00130,PROD00910,SUPPLIES,HIGH,18.69,7,PROJECT_DEMO_EXPANSION,2026-09-23,Synthetic/demo relationship; not a verified commercial contract.,SYNTHETIC_DEMO
SUP00131,PROD00917,SUPPLIES,LOW,10.44,60,PROJECT_DEMO_EXPANSION,2026-09-23,Synthetic/demo relationship; not a verified commercial contract.,SYNTHETIC_DEMO
SUP00132,PROD00924,DISTRIBUTES,LOW,20.26,90,PROJECT_DEMO_EXPANSION,2026-09-23,Synthetic/demo relationship; not a verified commercial contract.,SYNTHETIC_DEMO
SUP00133,PROD00931,DISTRIBUTES,LOW,24.21,14,PROJECT_DEMO_EXPANSION,2026-09-23,Synthetic/demo relationship; not a verified commercial contract.,SYNTHETIC_DEMO
SUP00134,PROD00938,MANUFACTURES,LOW,38.5,45,PROJECT_DEMO_EXPANSION,2026-09-23,Synthetic/demo relationship; not a verified commercial contract.,SYNTHETIC_DEMO
SUP00135,PROD00945,MANUFACTURES,LOW,20.78,30,PROJECT_DEMO_EXPANSION,2026-09-23,Synthetic/demo relationship; not a verified commercial contract.,SYNTHETIC_DEMO
SUP00136,PROD00952,DISTRIBUTES,LOW,6.78,60,PROJECT_DEMO_EXPANSION,2026-09-23,Synthetic/demo relationship; not a verified commercial contract.,SYNTHETIC_DEMO
SUP00137,PROD00959,DISTRIBUTES,MEDIUM,23.99,21,PROJECT_DEMO_EXPANSION,2026-09-23,Synthetic/demo relationship; not a verified commercial contract.,SYNTHETIC_DEMO
SUP00138,PROD00966,MANUFACTURES,LOW,38.37,45,PROJECT_DEMO_EXPANSION,2026-09-23,Synthetic/demo relationship; not a verified commercial contract.,SYNTHETIC_DEMO
SUP00139,PROD00973,SUPPLIES,MEDIUM,14.68,7,PROJECT_DEMO_EXPANSION,2026-09-23,Synthetic/demo relationship; not a verified commercial contract.,SYNTHETIC_DEMO
SUP00140,PROD00980,DISTRIBUTES,MEDIUM,8.27,14,PROJECT_DEMO_EXPANSION,2026-09-23,Synthetic/demo relationship; not a verified commercial contract.,SYNTHETIC_DEMO
SUP00141,PROD00987,MANUFACTURES,LOW,33.66,14,PROJECT_DEMO_EXPANSION,2026-09-23,Synthetic/demo relationship; not a verified commercial contract.,SYNTHETIC_DEMO
SUP00142,PROD00994,SUPPLIES,LOW,29.25,60,PROJECT_DEMO_EXPANSION,2026-09-23,Synthetic/demo relationship; not a verified commercial contract.,SYNTHETIC_DEMO
SUP00143,PROD00001,SUPPLIES,MEDIUM,25.17,45,PROJECT_DEMO_EXPANSION,2026-09-23,Synthetic/demo relationship; not a verified commercial contract.,SYNTHETIC_DEMO
SUP00144,PROD00008,SUPPLIES,HIGH,4.38,90,PROJECT_DEMO_EXPANSION,2026-09-23,Synthetic/demo relationship; not a verified commercial contract.,SYNTHETIC_DEMO
SUP00145,PROD00015,DISTRIBUTES,LOW,3.83,7,PROJECT_DEMO_EXPANSION,2026-09-23,Synthetic/demo relationship; not a verified commercial contract.,SYNTHETIC_DEMO
SUP00146,PROD00022,SUPPLIES,HIGH,4.05,7,PROJECT_DEMO_EXPANSION,2026-09-23,Synthetic/demo relationship; not a verified commercial contract.,SYNTHETIC_DEMO
SUP00147,PROD00029,MANUFACTURES,LOW,8.78,45,PROJECT_DEMO_EXPANSION,2026-09-23,Synthetic/demo relationship; not a verified commercial contract.,SYNTHETIC_DEMO
SUP00148,PROD00036,SUPPLIES,MEDIUM,39.93,60,PROJECT_DEMO_EXPANSION,2026-09-23,Synthetic/demo relationship; not a verified commercial contract.,SYNTHETIC_DEMO
SUP00149,PROD00043,DISTRIBUTES,HIGH,21.08,7,PROJECT_DEMO_EXPANSION,2026-09-23,Synthetic/demo relationship; not a verified commercial contract.,SYNTHETIC_DEMO
SUP00150,PROD00050,MANUFACTURES,LOW,37.82,30,PROJECT_DEMO_EXPANSION,2026-09-23,Synthetic/demo relationship; not a verified commercial contract.,SYNTHETIC_DEMO
SUP00151,PROD00057,DISTRIBUTES,HIGH,18.1,30,PROJECT_DEMO_EXPANSION,2026-09-23,Synthetic/demo relationship; not a verified commercial contract.,SYNTHETIC_DEMO
SUP00152,PROD00064,MANUFACTURES,LOW,16.76,7,PROJECT_DEMO_EXPANSION,2026-09-23,Synthetic/demo relationship; not a verified commercial contract.,SYNTHETIC_DEMO
SUP00153,PROD00071,MANUFACTURES,MEDIUM,24.5,90,PROJECT_DEMO_EXPANSION,2026-09-23,Synthetic/demo relationship; not a verified commercial contract.,SYNTHETIC_DEMO
SUP00154,PROD00078,SUPPLIES,LOW,13.47,7,PROJECT_DEMO_EXPANSION,2026-09-23,Synthetic/demo relationship; not a verified commercial contract.,SYNTHETIC_DEMO
SUP00155,PROD00085,SUPPLIES,HIGH,4.86,14,PROJECT_DEMO_EXPANSION,2026-09-23,Synthetic/demo relationship; not a verified commercial contract.,SYNTHETIC_DEMO
SUP00156,PROD00092,MANUFACTURES,HIGH,34.54,90,PROJECT_DEMO_EXPANSION,2026-09-23,Synthetic/demo relationship; not a verified commercial contract.,SYNTHETIC_DEMO
SUP00157,PROD00099,DISTRIBUTES,HIGH,24.58,7,PROJECT_DEMO_EXPANSION,2026-09-23,Synthetic/demo relationship; not a verified commercial contract.,SYNTHETIC_DEMO
SUP00158,PROD00106,SUPPLIES,MEDIUM,27.31,14,PROJECT_DEMO_EXPANSION,2026-09-23,Synthetic/demo relationship; not a verified commercial contract.,SYNTHETIC_DEMO
SUP00159,PROD00113,SUPPLIES,HIGH,21.6,21,PROJECT_DEMO_EXPANSION,2026-09-23,Synthetic/demo relationship; not a verified commercial contract.,SYNTHETIC_DEMO
SUP00160,PROD00120,SUPPLIES,MEDIUM,4.28,60,PROJECT_DEMO_EXPANSION,2026-09-23,Synthetic/demo relationship; not a verified commercial contract.,SYNTHETIC_DEMO
SUP00161,PROD00127,DISTRIBUTES,LOW,5.38,14,PROJECT_DEMO_EXPANSION,2026-09-23,Synthetic/demo relationship; not a verified commercial contract.,SYNTHETIC_DEMO
SUP00162,PROD00134,MANUFACTURES,MEDIUM,25.98,30,PROJECT_DEMO_EXPANSION,2026-09-23,Synthetic/demo relationship; not a verified commercial contract.,SYNTHETIC_DEMO
SUP00163,PROD00141,MANUFACTURES,HIGH,10.5,45,PROJECT_DEMO_EXPANSION,2026-09-23,Synthetic/demo relationship; not a verified commercial contract.,SYNTHETIC_DEMO
SUP00164,PROD00148,SUPPLIES,LOW,15.07,45,PROJECT_DEMO_EXPANSION,2026-09-23,Synthetic/demo relationship; not a verified commercial contract.,SYNTHETIC_DEMO
SUP00165,PROD00155,DISTRIBUTES,LOW,27.81,90,PROJECT_DEMO_EXPANSION,2026-09-23,Synthetic/demo relationship; not a verified commercial contract.,SYNTHETIC_DEMO
SUP00166,PROD00162,DISTRIBUTES,LOW,11.37,21,PROJECT_DEMO_EXPANSION,2026-09-23,Synthetic/demo relationship; not a verified commercial contract.,SYNTHETIC_DEMO
SUP00167,PROD00169,SUPPLIES,HIGH,22.94,21,PROJECT_DEMO_EXPANSION,2026-09-23,Synthetic/demo relationship; not a verified commercial contract.,SYNTHETIC_DEMO
SUP00168,PROD00176,MANUFACTURES,HIGH,24.44,21,PROJECT_DEMO_EXPANSION,2026-09-23,Synthetic/demo relationship; not a verified commercial contract.,SYNTHETIC_DEMO
SUP00169,PROD00183,MANUFACTURES,LOW,9.47,30,PROJECT_DEMO_EXPANSION,2026-09-23,Synthetic/demo relationship; not a verified commercial contract.,SYNTHETIC_DEMO
SUP00170,PROD00190,MANUFACTURES,HIGH,11.66,30,PROJECT_DEMO_EXPANSION,2026-09-23,Synthetic/demo relationship; not a verified commercial contract.,SYNTHETIC_DEMO
SUP00171,PROD00197,DISTRIBUTES,MEDIUM,34.26,7,PROJECT_DEMO_EXPANSION,2026-09-23,Synthetic/demo relationship; not a verified commercial contract.,SYNTHETIC_DEMO
SUP00172,PROD00204,MANUFACTURES,LOW,15.53,45,PROJECT_DEMO_EXPANSION,2026-09-23,Synthetic/demo relationship; not a verified commercial contract.,SYNTHETIC_DEMO
SUP00173,PROD00211,SUPPLIES,LOW,9.57,30,PROJECT_DEMO_EXPANSION,2026-09-23,Synthetic/demo relationship; not a verified commercial contract.,SYNTHETIC_DEMO
SUP00174,PROD00218,SUPPLIES,HIGH,30.24,90,PROJECT_DEMO_EXPANSION,2026-09-23,Synthetic/demo relationship; not a verified commercial contract.,SYNTHETIC_DEMO
SUP00175,PROD00225,DISTRIBUTES,LOW,1.04,60,PROJECT_DEMO_EXPANSION,2026-09-23,Synthetic/demo relationship; not a verified commercial contract.,SYNTHETIC_DEMO
SUP00176,PROD00232,DISTRIBUTES,MEDIUM,6.6,30,PROJECT_DEMO_EXPANSION,2026-09-23,Synthetic/demo relationship; not a verified commercial contract.,SYNTHETIC_DEMO
SUP00177,PROD00239,SUPPLIES,LOW,36.58,90,PROJECT_DEMO_EXPANSION,2026-09-23,Synthetic/demo relationship; not a verified commercial contract.,SYNTHETIC_DEMO
SUP00178,PROD00246,SUPPLIES,HIGH,18.04,45,PROJECT_DEMO_EXPANSION,2026-09-23,Synthetic/demo relationship; not a verified commercial contract.,SYNTHETIC_DEMO
SUP00179,PROD00253,DISTRIBUTES,MEDIUM,32.83,7,PROJECT_DEMO_EXPANSION,2026-09-23,Synthetic/demo relationship; not a verified commercial contract.,SYNTHETIC_DEMO
SUP00180,PROD00260,MANUFACTURES,LOW,5.88,21,PROJECT_DEMO_EXPANSION,2026-09-23,Synthetic/demo relationship; not a verified commercial contract.,SYNTHETIC_DEMO
SUP00181,PROD00267,SUPPLIES,LOW,37.6,14,PROJECT_DEMO_EXPANSION,2026-09-23,Synthetic/demo relationship; not a verified commercial contract.,SYNTHETIC_DEMO
SUP00182,PROD00274,MANUFACTURES,LOW,4.54,21,PROJECT_DEMO_EXPANSION,2026-09-23,Synthetic/demo relationship; not a verified commercial contract.,SYNTHETIC_DEMO
SUP00183,PROD00281,MANUFACTURES,LOW,25.95,7,PROJECT_DEMO_EXPANSION,2026-09-23,Synthetic/demo relationship; not a verified commercial contract.,SYNTHETIC_DEMO
SUP00184,PROD00288,DISTRIBUTES,LOW,33.46,45,PROJECT_DEMO_EXPANSION,2026-09-23,Synthetic/demo relationship; not a verified commercial contract.,SYNTHETIC_DEMO
SUP00185,PROD00295,DISTRIBUTES,MEDIUM,2.68,30,PROJECT_DEMO_EXPANSION,2026-09-23,Synthetic/demo relationship; not a verified commercial contract.,SYNTHETIC_DEMO
SUP00186,PROD00302,DISTRIBUTES,HIGH,15.29,45,PROJECT_DEMO_EXPANSION,2026-09-23,Synthetic/demo relationship; not a verified commercial contract.,SYNTHETIC_DEMO
SUP00187,PROD00309,DISTRIBUTES,HIGH,37.57,60,PROJECT_DEMO_EXPANSION,2026-09-23,Synthetic/demo relationship; not a verified commercial contract.,SYNTHETIC_DEMO
SUP00188,PROD00316,DISTRIBUTES,LOW,14.94,90,PROJECT_DEMO_EXPANSION,2026-09-23,Synthetic/demo relationship; not a verified commercial contract.,SYNTHETIC_DEMO
SUP00189,PROD00323,MANUFACTURES,MEDIUM,15.69,21,PROJECT_DEMO_EXPANSION,2026-09-23,Synthetic/demo relationship; not a verified commercial contract.,SYNTHETIC_DEMO
SUP00190,PROD00330,DISTRIBUTES,LOW,11.03,90,PROJECT_DEMO_EXPANSION,2026-09-23,Synthetic/demo relationship; not a verified commercial contract.,SYNTHETIC_DEMO
SUP00191,PROD00337,SUPPLIES,LOW,20.55,45,PROJECT_DEMO_EXPANSION,2026-09-23,Synthetic/demo relationship; not a verified commercial contract.,SYNTHETIC_DEMO
SUP00192,PROD00344,SUPPLIES,LOW,20.99,14,PROJECT_DEMO_EXPANSION,2026-09-23,Synthetic/demo relationship; not a verified commercial contract.,SYNTHETIC_DEMO
SUP00193,PROD00351,DISTRIBUTES,HIGH,19.96,60,PROJECT_DEMO_EXPANSION,2026-09-23,Synthetic/demo relationship; not a verified commercial contract.,SYNTHETIC_DEMO
SUP00194,PROD00358,SUPPLIES,LOW,37.3,7,PROJECT_DEMO_EXPANSION,2026-09-23,Synthetic/demo relationship; not a verified commercial contract.,SYNTHETIC_DEMO
SUP00195,PROD00365,SUPPLIES,HIGH,27.58,90,PROJECT_DEMO_EXPANSION,2026-09-23,Synthetic/demo relationship; not a verified commercial contract.,SYNTHETIC_DEMO
SUP00196,PROD00372,SUPPLIES,LOW,38.6,45,PROJECT_DEMO_EXPANSION,2026-09-23,Synthetic/demo relationship; not a verified commercial contract.,SYNTHETIC_DEMO
SUP00197,PROD00379,DISTRIBUTES,LOW,5.85,7,PROJECT_DEMO_EXPANSION,2026-09-23,Synthetic/demo relationship; not a verified commercial contract.,SYNTHETIC_DEMO
SUP00198,PROD00386,SUPPLIES,MEDIUM,32.57,21,PROJECT_DEMO_EXPANSION,2026-09-23,Synthetic/demo relationship; not a verified commercial contract.,SYNTHETIC_DEMO
SUP00199,PROD00393,MANUFACTURES,MEDIUM,20.58,14,PROJECT_DEMO_EXPANSION,2026-09-23,Synthetic/demo relationship; not a verified commercial contract.,SYNTHETIC_DEMO
SUP00200,PROD00400,MANUFACTURES,LOW,37.82,90,PROJECT_DEMO_EXPANSION,2026-09-23,Synthetic/demo relationship; not a verified commercial contract.,SYNTHETIC_DEMO
SUP00201,PROD00407,SUPPLIES,MEDIUM,1.52,7,PROJECT_DEMO_EXPANSION,2026-09-23,Synthetic/demo relationship; not a verified commercial contract.,SYNTHETIC_DEMO
SUP00202,PROD00414,SUPPLIES,HIGH,16.74,60,PROJECT_DEMO_EXPANSION,2026-09-23,Synthetic/demo relationship; not a verified commercial contract.,SYNTHETIC_DEMO
SUP00203,PROD00421,SUPPLIES,HIGH,33.24,90,PROJECT_DEMO_EXPANSION,2026-09-23,Synthetic/demo relationship; not a verified commercial contract.,SYNTHETIC_DEMO
SUP00204,PROD00428,DISTRIBUTES,MEDIUM,16.33,30,PROJECT_DEMO_EXPANSION,2026-09-23,Synthetic/demo relationship; not a verified commercial contract.,SYNTHETIC_DEMO
SUP00205,PROD00435,DISTRIBUTES,LOW,2.23,14,PROJECT_DEMO_EXPANSION,2026-09-23,Synthetic/demo relationship; not a verified commercial contract.,SYNTHETIC_DEMO
SUP00206,PROD00442,SUPPLIES,LOW,26.51,90,PROJECT_DEMO_EXPANSION,2026-09-23,Synthetic/demo relationship; not a verified commercial contract.,SYNTHETIC_DEMO
SUP00207,PROD00449,MANUFACTURES,MEDIUM,5.84,45,PROJECT_DEMO_EXPANSION,2026-09-23,Synthetic/demo relationship; not a verified commercial contract.,SYNTHETIC_DEMO
SUP00208,PROD00456,SUPPLIES,MEDIUM,12.49,7,PROJECT_DEMO_EXPANSION,2026-09-23,Synthetic/demo relationship; not a verified commercial contract.,SYNTHETIC_DEMO
SUP00209,PROD00463,SUPPLIES,MEDIUM,16.92,7,PROJECT_DEMO_EXPANSION,2026-09-23,Synthetic/demo relationship; not a verified commercial contract.,SYNTHETIC_DEMO
SUP00210,PROD00470,DISTRIBUTES,HIGH,38.65,14,PROJECT_DEMO_EXPANSION,2026-09-23,Synthetic/demo relationship; not a verified commercial contract.,SYNTHETIC_DEMO
SUP00211,PROD00477,SUPPLIES,LOW,30.59,90,PROJECT_DEMO_EXPANSION,2026-09-23,Synthetic/demo relationship; not a verified commercial contract.,SYNTHETIC_DEMO
SUP00212,PROD00484,MANUFACTURES,LOW,39.57,21,PROJECT_DEMO_EXPANSION,2026-09-23,Synthetic/demo relationship; not a verified commercial contract.,SYNTHETIC_DEMO
SUP00213,PROD00491,DISTRIBUTES,HIGH,32.19,45,PROJECT_DEMO_EXPANSION,2026-09-23,Synthetic/demo relationship; not a verified commercial contract.,SYNTHETIC_DEMO
SUP00214,PROD00498,MANUFACTURES,MEDIUM,25.09,14,PROJECT_DEMO_EXPANSION,2026-09-23,Synthetic/demo relationship; not a verified commercial contract.,SYNTHETIC_DEMO
SUP00215,PROD00505,MANUFACTURES,MEDIUM,37.72,21,PROJECT_DEMO_EXPANSION,2026-09-23,Synthetic/demo relationship; not a verified commercial contract.,SYNTHETIC_DEMO
SUP00216,PROD00512,MANUFACTURES,HIGH,22.39,30,PROJECT_DEMO_EXPANSION,2026-09-23,Synthetic/demo relationship; not a verified commercial contract.,SYNTHETIC_DEMO
SUP00217,PROD00519,MANUFACTURES,MEDIUM,36.45,30,PROJECT_DEMO_EXPANSION,2026-09-23,Synthetic/demo relationship; not a verified commercial contract.,SYNTHETIC_DEMO
SUP00218,PROD00526,MANUFACTURES,HIGH,35.75,21,PROJECT_DEMO_EXPANSION,2026-09-23,Synthetic/demo relationship; not a verified commercial contract.,SYNTHETIC_DEMO
SUP00219,PROD00533,SUPPLIES,MEDIUM,32.78,45,PROJECT_DEMO_EXPANSION,2026-09-23,Synthetic/demo relationship; not a verified commercial contract.,SYNTHETIC_DEMO
SUP00220,PROD00540,MANUFACTURES,MEDIUM,25.79,60,PROJECT_DEMO_EXPANSION,2026-09-23,Synthetic/demo relationship; not a verified commercial contract.,SYNTHETIC_DEMO
SUP00221,PROD00547,MANUFACTURES,LOW,26.3,14,PROJECT_DEMO_EXPANSION,2026-09-23,Synthetic/demo relationship; not a verified commercial contract.,SYNTHETIC_DEMO
SUP00222,PROD00554,MANUFACTURES,LOW,28.16,21,PROJECT_DEMO_EXPANSION,2026-09-23,Synthetic/demo relationship; not a verified commercial contract.,SYNTHETIC_DEMO
SUP00223,PROD00561,MANUFACTURES,MEDIUM,4.09,60,PROJECT_DEMO_EXPANSION,2026-09-23,Synthetic/demo relationship; not a verified commercial contract.,SYNTHETIC_DEMO
SUP00224,PROD00568,DISTRIBUTES,HIGH,17.71,45,PROJECT_DEMO_EXPANSION,2026-09-23,Synthetic/demo relationship; not a verified commercial contract.,SYNTHETIC_DEMO
SUP00225,PROD00575,MANUFACTURES,MEDIUM,1.82,90,PROJECT_DEMO_EXPANSION,2026-09-23,Synthetic/demo relationship; not a verified commercial contract.,SYNTHETIC_DEMO
SUP00226,PROD00582,MANUFACTURES,MEDIUM,32.95,7,PROJECT_DEMO_EXPANSION,2026-09-23,Synthetic/demo relationship; not a verified commercial contract.,SYNTHETIC_DEMO
SUP00227,PROD00589,SUPPLIES,LOW,34.33,60,PROJECT_DEMO_EXPANSION,2026-09-23,Synthetic/demo relationship; not a verified commercial contract.,SYNTHETIC_DEMO
SUP00228,PROD00596,DISTRIBUTES,LOW,14.89,7,PROJECT_DEMO_EXPANSION,2026-09-23,Synthetic/demo relationship; not a verified commercial contract.,SYNTHETIC_DEMO
SUP00229,PROD00603,SUPPLIES,HIGH,35.11,90,PROJECT_DEMO_EXPANSION,2026-09-23,Synthetic/demo relationship; not a verified commercial contract.,SYNTHETIC_DEMO
SUP00230,PROD00610,MANUFACTURES,LOW,3.93,21,PROJECT_DEMO_EXPANSION,2026-09-23,Synthetic/demo relationship; not a verified commercial contract.,SYNTHETIC_DEMO
SUP00231,PROD00617,SUPPLIES,MEDIUM,35.34,45,PROJECT_DEMO_EXPANSION,2026-09-23,Synthetic/demo relationship; not a verified commercial contract.,SYNTHETIC_DEMO
SUP00232,PROD00624,MANUFACTURES,LOW,12.19,14,PROJECT_DEMO_EXPANSION,2026-09-23,Synthetic/demo relationship; not a verified commercial contract.,SYNTHETIC_DEMO
SUP00233,PROD00631,SUPPLIES,MEDIUM,17.95,21,PROJECT_DEMO_EXPANSION,2026-09-23,Synthetic/demo relationship; not a verified commercial contract.,SYNTHETIC_DEMO
SUP00234,PROD00638,SUPPLIES,MEDIUM,11.37,30,PROJECT_DEMO_EXPANSION,2026-09-23,Synthetic/demo relationship; not a verified commercial contract.,SYNTHETIC_DEMO
SUP00235,PROD00645,SUPPLIES,MEDIUM,8.73,21,PROJECT_DEMO_EXPANSION,2026-09-23,Synthetic/demo relationship; not a verified commercial contract.,SYNTHETIC_DEMO
SUP00236,PROD00652,SUPPLIES,HIGH,31.01,30,PROJECT_DEMO_EXPANSION,2026-09-23,Synthetic/demo relationship; not a verified commercial contract.,SYNTHETIC_DEMO
SUP00237,PROD00659,SUPPLIES,MEDIUM,27.3,14,PROJECT_DEMO_EXPANSION,2026-09-23,Synthetic/demo relationship; not a verified commercial contract.,SYNTHETIC_DEMO
SUP00238,PROD00666,SUPPLIES,MEDIUM,4.78,14,PROJECT_DEMO_EXPANSION,2026-09-23,Synthetic/demo relationship; not a verified commercial contract.,SYNTHETIC_DEMO
SUP00239,PROD00673,DISTRIBUTES,HIGH,29.34,7,PROJECT_DEMO_EXPANSION,2026-09-23,Synthetic/demo relationship; not a verified commercial contract.,SYNTHETIC_DEMO
SUP00240,PROD00680,DISTRIBUTES,MEDIUM,18.57,30,PROJECT_DEMO_EXPANSION,2026-09-23,Synthetic/demo relationship; not a verified commercial contract.,SYNTHETIC_DEMO
SUP00241,PROD00687,DISTRIBUTES,MEDIUM,24.9,45,PROJECT_DEMO_EXPANSION,2026-09-23,Synthetic/demo relationship; not a verified commercial contract.,SYNTHETIC_DEMO
SUP00242,PROD00694,DISTRIBUTES,MEDIUM,12.74,60,PROJECT_DEMO_EXPANSION,2026-09-23,Synthetic/demo relationship; not a verified commercial contract.,SYNTHETIC_DEMO
SUP00243,PROD00701,DISTRIBUTES,MEDIUM,36.29,14,PROJECT_DEMO_EXPANSION,2026-09-23,Synthetic/demo relationship; not a verified commercial contract.,SYNTHETIC_DEMO
SUP00244,PROD00708,SUPPLIES,LOW,13.65,21,PROJECT_DEMO_EXPANSION,2026-09-23,Synthetic/demo relationship; not a verified commercial contract.,SYNTHETIC_DEMO
SUP00245,PROD00715,DISTRIBUTES,MEDIUM,39.54,21,PROJECT_DEMO_EXPANSION,2026-09-23,Synthetic/demo relationship; not a verified commercial contract.,SYNTHETIC_DEMO
SUP00246,PROD00722,SUPPLIES,HIGH,8.67,60,PROJECT_DEMO_EXPANSION,2026-09-23,Synthetic/demo relationship; not a verified commercial contract.,SYNTHETIC_DEMO
SUP00247,PROD00729,SUPPLIES,MEDIUM,3.76,30,PROJECT_DEMO_EXPANSION,2026-09-23,Synthetic/demo relationship; not a verified commercial contract.,SYNTHETIC_DEMO
SUP00248,PROD00736,MANUFACTURES,LOW,27.2,7,PROJECT_DEMO_EXPANSION,2026-09-23,Synthetic/demo relationship; not a verified commercial contract.,SYNTHETIC_DEMO
SUP00249,PROD00743,DISTRIBUTES,MEDIUM,26.08,90,PROJECT_DEMO_EXPANSION,2026-09-23,Synthetic/demo relationship; not a verified commercial contract.,SYNTHETIC_DEMO
SUP00250,PROD00750,SUPPLIES,HIGH,24.87,90,PROJECT_DEMO_EXPANSION,2026-09-23,Synthetic/demo relationship; not a verified commercial contract.,SYNTHETIC_DEMO
SUP00251,PROD00757,DISTRIBUTES,LOW,18.36,21,PROJECT_DEMO_EXPANSION,2026-09-23,Synthetic/demo relationship; not a verified commercial contract.,SYNTHETIC_DEMO
SUP00252,PROD00764,SUPPLIES,LOW,13.49,7,PROJECT_DEMO_EXPANSION,2026-09-23,Synthetic/demo relationship; not a verified commercial contract.,SYNTHETIC_DEMO
SUP00253,PROD00771,MANUFACTURES,HIGH,22.56,30,PROJECT_DEMO_EXPANSION,2026-09-23,Synthetic/demo relationship; not a verified commercial contract.,SYNTHETIC_DEMO
SUP00254,PROD00778,DISTRIBUTES,MEDIUM,25.44,21,PROJECT_DEMO_EXPANSION,2026-09-23,Synthetic/demo relationship; not a verified commercial contract.,SYNTHETIC_DEMO
SUP00255,PROD00785,MANUFACTURES,HIGH,5.15,7,PROJECT_DEMO_EXPANSION,2026-09-23,Synthetic/demo relationship; not a verified commercial contract.,SYNTHETIC_DEMO
SUP00256,PROD00792,DISTRIBUTES,HIGH,17.96,14,PROJECT_DEMO_EXPANSION,2026-09-23,Synthetic/demo relationship; not a verified commercial contract.,SYNTHETIC_DEMO
SUP00257,PROD00799,MANUFACTURES,MEDIUM,20.24,30,PROJECT_DEMO_EXPANSION,2026-09-23,Synthetic/demo relationship; not a verified commercial contract.,SYNTHETIC_DEMO
SUP00258,PROD00806,SUPPLIES,MEDIUM,37.46,7,PROJECT_DEMO_EXPANSION,2026-09-23,Synthetic/demo relationship; not a verified commercial contract.,SYNTHETIC_DEMO
SUP00259,PROD00813,SUPPLIES,HIGH,13.67,7,PROJECT_DEMO_EXPANSION,2026-09-23,Synthetic/demo relationship; not a verified commercial contract.,SYNTHETIC_DEMO
SUP00260,PROD00820,SUPPLIES,MEDIUM,27.04,21,PROJECT_DEMO_EXPANSION,2026-09-23,Synthetic/demo relationship; not a verified commercial contract.,SYNTHETIC_DEMO
SUP00261,PROD00827,SUPPLIES,MEDIUM,2.99,90,PROJECT_DEMO_EXPANSION,2026-09-23,Synthetic/demo relationship; not a verified commercial contract.,SYNTHETIC_DEMO
SUP00262,PROD00834,DISTRIBUTES,HIGH,6.35,21,PROJECT_DEMO_EXPANSION,2026-09-23,Synthetic/demo relationship; not a verified commercial contract.,SYNTHETIC_DEMO
SUP00263,PROD00841,SUPPLIES,HIGH,20.13,90,PROJECT_DEMO_EXPANSION,2026-09-23,Synthetic/demo relationship; not a verified commercial contract.,SYNTHETIC_DEMO
SUP00264,PROD00848,DISTRIBUTES,LOW,11.15,7,PROJECT_DEMO_EXPANSION,2026-09-23,Synthetic/demo relationship; not a verified commercial contract.,SYNTHETIC_DEMO
SUP00265,PROD00855,DISTRIBUTES,MEDIUM,38.1,45,PROJECT_DEMO_EXPANSION,2026-09-23,Synthetic/demo relationship; not a verified commercial contract.,SYNTHETIC_DEMO
SUP00266,PROD00862,DISTRIBUTES,MEDIUM,23.34,45,PROJECT_DEMO_EXPANSION,2026-09-23,Synthetic/demo relationship; not a verified commercial contract.,SYNTHETIC_DEMO
SUP00267,PROD00869,SUPPLIES,HIGH,27.78,90,PROJECT_DEMO_EXPANSION,2026-09-23,Synthetic/demo relationship; not a verified commercial contract.,SYNTHETIC_DEMO
SUP00268,PROD00876,SUPPLIES,LOW,11.58,21,PROJECT_DEMO_EXPANSION,2026-09-23,Synthetic/demo relationship; not a verified commercial contract.,SYNTHETIC_DEMO
SUP00269,PROD00883,DISTRIBUTES,HIGH,29.42,30,PROJECT_DEMO_EXPANSION,2026-09-23,Synthetic/demo relationship; not a verified commercial contract.,SYNTHETIC_DEMO
SUP00270,PROD00890,DISTRIBUTES,LOW,6.56,30,PROJECT_DEMO_EXPANSION,2026-09-23,Synthetic/demo relationship; not a verified commercial contract.,SYNTHETIC_DEMO
SUP00271,PROD00897,SUPPLIES,HIGH,32.83,60,PROJECT_DEMO_EXPANSION,2026-09-23,Synthetic/demo relationship; not a verified commercial contract.,SYNTHETIC_DEMO
SUP00272,PROD00904,MANUFACTURES,HIGH,20.3,7,PROJECT_DEMO_EXPANSION,2026-09-23,Synthetic/demo relationship; not a verified commercial contract.,SYNTHETIC_DEMO
SUP00273,PROD00911,MANUFACTURES,LOW,18.51,45,PROJECT_DEMO_EXPANSION,2026-09-23,Synthetic/demo relationship; not a verified commercial contract.,SYNTHETIC_DEMO
SUP00274,PROD00918,MANUFACTURES,LOW,23.34,7,PROJECT_DEMO_EXPANSION,2026-09-23,Synthetic/demo relationship; not a verified commercial contract.,SYNTHETIC_DEMO
SUP00275,PROD00925,MANUFACTURES,MEDIUM,38.69,21,PROJECT_DEMO_EXPANSION,2026-09-23,Synthetic/demo relationship; not a verified commercial contract.,SYNTHETIC_DEMO
SUP00276,PROD00932,SUPPLIES,MEDIUM,28.38,60,PROJECT_DEMO_EXPANSION,2026-09-23,Synthetic/demo relationship; not a verified commercial contract.,SYNTHETIC_DEMO
SUP00277,PROD00939,DISTRIBUTES,LOW,18.9,14,PROJECT_DEMO_EXPANSION,2026-09-23,Synthetic/demo relationship; not a verified commercial contract.,SYNTHETIC_DEMO
SUP00278,PROD00946,DISTRIBUTES,HIGH,28.62,14,PROJECT_DEMO_EXPANSION,2026-09-23,Synthetic/demo relationship; not a verified commercial contract.,SYNTHETIC_DEMO
SUP00279,PROD00953,DISTRIBUTES,LOW,1.2,45,PROJECT_DEMO_EXPANSION,2026-09-23,Synthetic/demo relationship; not a verified commercial contract.,SYNTHETIC_DEMO
SUP00280,PROD00960,MANUFACTURES,MEDIUM,9.06,45,PROJECT_DEMO_EXPANSION,2026-09-23,Synthetic/demo relationship; not a verified commercial contract.,SYNTHETIC_DEMO
SUP00281,PROD00967,DISTRIBUTES,LOW,37.89,30,PROJECT_DEMO_EXPANSION,2026-09-23,Synthetic/demo relationship; not a verified commercial contract.,SYNTHETIC_DEMO
SUP00282,PROD00974,MANUFACTURES,HIGH,30.57,90,PROJECT_DEMO_EXPANSION,2026-09-23,Synthetic/demo relationship; not a verified commercial contract.,SYNTHETIC_DEMO
SUP00283,PROD00981,DISTRIBUTES,HIGH,14.32,21,PROJECT_DEMO_EXPANSION,2026-09-23,Synthetic/demo relationship; not a verified commercial contract.,SYNTHETIC_DEMO
SUP00284,PROD00988,MANUFACTURES,LOW,16.39,90,PROJECT_DEMO_EXPANSION,2026-09-23,Synthetic/demo relationship; not a verified commercial contract.,SYNTHETIC_DEMO
SUP00285,PROD00995,DISTRIBUTES,LOW,19.87,21,PROJECT_DEMO_EXPANSION,2026-09-23,Synthetic/demo relationship; not a verified commercial contract.,SYNTHETIC_DEMO
SUP00286,PROD00002,DISTRIBUTES,HIGH,33.11,60,PROJECT_DEMO_EXPANSION,2026-09-23,Synthetic/demo relationship; not a verified commercial contract.,SYNTHETIC_DEMO
SUP00287,PROD00009,MANUFACTURES,MEDIUM,31.45,60,PROJECT_DEMO_EXPANSION,2026-09-23,Synthetic/demo relationship; not a verified commercial contract.,SYNTHETIC_DEMO
SUP00288,PROD00016,DISTRIBUTES,LOW,24.79,14,PROJECT_DEMO_EXPANSION,2026-09-23,Synthetic/demo relationship; not a verified commercial contract.,SYNTHETIC_DEMO
SUP00289,PROD00023,SUPPLIES,MEDIUM,30.47,14,PROJECT_DEMO_EXPANSION,2026-09-23,Synthetic/demo relationship; not a verified commercial contract.,SYNTHETIC_DEMO
SUP00290,PROD00030,MANUFACTURES,LOW,11.73,90,PROJECT_DEMO_EXPANSION,2026-09-23,Synthetic/demo relationship; not a verified commercial contract.,SYNTHETIC_DEMO
SUP00291,PROD00037,SUPPLIES,MEDIUM,10.22,90,PROJECT_DEMO_EXPANSION,2026-09-23,Synthetic/demo relationship; not a verified commercial contract.,SYNTHETIC_DEMO
SUP00292,PROD00044,SUPPLIES,HIGH,8.39,90,PROJECT_DEMO_EXPANSION,2026-09-23,Synthetic/demo relationship; not a verified commercial contract.,SYNTHETIC_DEMO
SUP00293,PROD00051,SUPPLIES,LOW,22.59,21,PROJECT_DEMO_EXPANSION,2026-09-23,Synthetic/demo relationship; not a verified commercial contract.,SYNTHETIC_DEMO
SUP00294,PROD00058,SUPPLIES,MEDIUM,23.26,90,PROJECT_DEMO_EXPANSION,2026-09-23,Synthetic/demo relationship; not a verified commercial contract.,SYNTHETIC_DEMO
SUP00295,PROD00065,SUPPLIES,HIGH,14.93,30,PROJECT_DEMO_EXPANSION,2026-09-23,Synthetic/demo relationship; not a verified commercial contract.,SYNTHETIC_DEMO
SUP00296,PROD00072,DISTRIBUTES,HIGH,11.14,30,PROJECT_DEMO_EXPANSION,2026-09-23,Synthetic/demo relationship; not a verified commercial contract.,SYNTHETIC_DEMO
SUP00297,PROD00079,DISTRIBUTES,MEDIUM,32.06,7,PROJECT_DEMO_EXPANSION,2026-09-23,Synthetic/demo relationship; not a verified commercial contract.,SYNTHETIC_DEMO
SUP00298,PROD00086,MANUFACTURES,MEDIUM,2.51,7,PROJECT_DEMO_EXPANSION,2026-09-23,Synthetic/demo relationship; not a verified commercial contract.,SYNTHETIC_DEMO
SUP00299,PROD00093,DISTRIBUTES,HIGH,11.72,60,PROJECT_DEMO_EXPANSION,2026-09-23,Synthetic/demo relationship; not a verified commercial contract.,SYNTHETIC_DEMO
SUP00300,PROD00100,DISTRIBUTES,MEDIUM,7.79,14,PROJECT_DEMO_EXPANSION,2026-09-23,Synthetic/demo relationship; not a verified commercial contract.,SYNTHETIC_DEMO
SUP00301,PROD00107,SUPPLIES,LOW,21.2,30,PROJECT_DEMO_EXPANSION,2026-09-23,Synthetic/demo relationship; not a verified commercial contract.,SYNTHETIC_DEMO
SUP00302,PROD00114,DISTRIBUTES,MEDIUM,22.12,7,PROJECT_DEMO_EXPANSION,2026-09-23,Synthetic/demo relationship; not a verified commercial contract.,SYNTHETIC_DEMO
SUP00303,PROD00121,DISTRIBUTES,MEDIUM,21.26,14,PROJECT_DEMO_EXPANSION,2026-09-23,Synthetic/demo relationship; not a verified commercial contract.,SYNTHETIC_DEMO
SUP00304,PROD00128,SUPPLIES,LOW,21.84,90,PROJECT_DEMO_EXPANSION,2026-09-23,Synthetic/demo relationship; not a verified commercial contract.,SYNTHETIC_DEMO
SUP00305,PROD00135,DISTRIBUTES,MEDIUM,15.15,90,PROJECT_DEMO_EXPANSION,2026-09-23,Synthetic/demo relationship; not a verified commercial contract.,SYNTHETIC_DEMO
SUP00306,PROD00142,MANUFACTURES,MEDIUM,8.68,60,PROJECT_DEMO_EXPANSION,2026-09-23,Synthetic/demo relationship; not a verified commercial contract.,SYNTHETIC_DEMO
SUP00307,PROD00149,SUPPLIES,LOW,4.39,21,PROJECT_DEMO_EXPANSION,2026-09-23,Synthetic/demo relationship; not a verified commercial contract.,SYNTHETIC_DEMO
SUP00308,PROD00156,DISTRIBUTES,MEDIUM,29.35,45,PROJECT_DEMO_EXPANSION,2026-09-23,Synthetic/demo relationship; not a verified commercial contract.,SYNTHETIC_DEMO
SUP00309,PROD00163,MANUFACTURES,MEDIUM,13.68,30,PROJECT_DEMO_EXPANSION,2026-09-23,Synthetic/demo relationship; not a verified commercial contract.,SYNTHETIC_DEMO
SUP00310,PROD00170,SUPPLIES,MEDIUM,39.35,45,PROJECT_DEMO_EXPANSION,2026-09-23,Synthetic/demo relationship; not a verified commercial contract.,SYNTHETIC_DEMO
SUP00311,PROD00177,MANUFACTURES,LOW,8.49,7,PROJECT_DEMO_EXPANSION,2026-09-23,Synthetic/demo relationship; not a verified commercial contract.,SYNTHETIC_DEMO
SUP00312,PROD00184,SUPPLIES,LOW,35.15,21,PROJECT_DEMO_EXPANSION,2026-09-23,Synthetic/demo relationship; not a verified commercial contract.,SYNTHETIC_DEMO
SUP00313,PROD00191,SUPPLIES,MEDIUM,34.0,60,PROJECT_DEMO_EXPANSION,2026-09-23,Synthetic/demo relationship; not a verified commercial contract.,SYNTHETIC_DEMO
SUP00314,PROD00198,DISTRIBUTES,MEDIUM,8.47,30,PROJECT_DEMO_EXPANSION,2026-09-23,Synthetic/demo relationship; not a verified commercial contract.,SYNTHETIC_DEMO
SUP00315,PROD00205,SUPPLIES,HIGH,4.28,14,PROJECT_DEMO_EXPANSION,2026-09-23,Synthetic/demo relationship; not a verified commercial contract.,SYNTHETIC_DEMO
SUP00316,PROD00212,SUPPLIES,LOW,29.66,60,PROJECT_DEMO_EXPANSION,2026-09-23,Synthetic/demo relationship; not a verified commercial contract.,SYNTHETIC_DEMO
SUP00317,PROD00219,MANUFACTURES,HIGH,33.29,90,PROJECT_DEMO_EXPANSION,2026-09-23,Synthetic/demo relationship; not a verified commercial contract.,SYNTHETIC_DEMO
SUP00318,PROD00226,SUPPLIES,MEDIUM,5.9,45,PROJECT_DEMO_EXPANSION,2026-09-23,Synthetic/demo relationship; not a verified commercial contract.,SYNTHETIC_DEMO
SUP00319,PROD00233,DISTRIBUTES,HIGH,11.07,60,PROJECT_DEMO_EXPANSION,2026-09-23,Synthetic/demo relationship; not a verified commercial contract.,SYNTHETIC_DEMO
SUP00320,PROD00240,MANUFACTURES,MEDIUM,2.87,45,PROJECT_DEMO_EXPANSION,2026-09-23,Synthetic/demo relationship; not a verified commercial contract.,SYNTHETIC_DEMO
SUP00321,PROD00247,SUPPLIES,HIGH,26.42,60,PROJECT_DEMO_EXPANSION,2026-09-23,Synthetic/demo relationship; not a verified commercial contract.,SYNTHETIC_DEMO
SUP00322,PROD00254,MANUFACTURES,HIGH,26.82,14,PROJECT_DEMO_EXPANSION,2026-09-23,Synthetic/demo relationship; not a verified commercial contract.,SYNTHETIC_DEMO
SUP00323,PROD00261,MANUFACTURES,LOW,15.44,90,PROJECT_DEMO_EXPANSION,2026-09-23,Synthetic/demo relationship; not a verified commercial contract.,SYNTHETIC_DEMO
SUP00324,PROD00268,DISTRIBUTES,LOW,28.87,30,PROJECT_DEMO_EXPANSION,2026-09-23,Synthetic/demo relationship; not a verified commercial contract.,SYNTHETIC_DEMO
SUP00325,PROD00275,MANUFACTURES,HIGH,8.69,45,PROJECT_DEMO_EXPANSION,2026-09-23,Synthetic/demo relationship; not a verified commercial contract.,SYNTHETIC_DEMO
SUP00326,PROD00282,SUPPLIES,LOW,5.38,60,PROJECT_DEMO_EXPANSION,2026-09-23,Synthetic/demo relationship; not a verified commercial contract.,SYNTHETIC_DEMO
SUP00327,PROD00289,DISTRIBUTES,LOW,5.94,45,PROJECT_DEMO_EXPANSION,2026-09-23,Synthetic/demo relationship; not a verified commercial contract.,SYNTHETIC_DEMO
SUP00328,PROD00296,SUPPLIES,MEDIUM,15.04,90,PROJECT_DEMO_EXPANSION,2026-09-23,Synthetic/demo relationship; not a verified commercial contract.,SYNTHETIC_DEMO
SUP00329,PROD00303,SUPPLIES,LOW,15.33,14,PROJECT_DEMO_EXPANSION,2026-09-23,Synthetic/demo relationship; not a verified commercial contract.,SYNTHETIC_DEMO
SUP00330,PROD00310,DISTRIBUTES,MEDIUM,10.86,7,PROJECT_DEMO_EXPANSION,2026-09-23,Synthetic/demo relationship; not a verified commercial contract.,SYNTHETIC_DEMO
SUP00331,PROD00317,SUPPLIES,HIGH,20.28,14,PROJECT_DEMO_EXPANSION,2026-09-23,Synthetic/demo relationship; not a verified commercial contract.,SYNTHETIC_DEMO
SUP00332,PROD00324,MANUFACTURES,LOW,19.53,14,PROJECT_DEMO_EXPANSION,2026-09-23,Synthetic/demo relationship; not a verified commercial contract.,SYNTHETIC_DEMO
SUP00333,PROD00331,DISTRIBUTES,HIGH,3.26,90,PROJECT_DEMO_EXPANSION,2026-09-23,Synthetic/demo relationship; not a verified commercial contract.,SYNTHETIC_DEMO
SUP00334,PROD00338,MANUFACTURES,MEDIUM,8.82,7,PROJECT_DEMO_EXPANSION,2026-09-23,Synthetic/demo relationship; not a verified commercial contract.,SYNTHETIC_DEMO
SUP00335,PROD00345,MANUFACTURES,MEDIUM,14.82,60,PROJECT_DEMO_EXPANSION,2026-09-23,Synthetic/demo relationship; not a verified commercial contract.,SYNTHETIC_DEMO
SUP00336,PROD00352,DISTRIBUTES,MEDIUM,14.93,45,PROJECT_DEMO_EXPANSION,2026-09-23,Synthetic/demo relationship; not a verified commercial contract.,SYNTHETIC_DEMO
SUP00337,PROD00359,SUPPLIES,HIGH,16.8,21,PROJECT_DEMO_EXPANSION,2026-09-23,Synthetic/demo relationship; not a verified commercial contract.,SYNTHETIC_DEMO
SUP00338,PROD00366,MANUFACTURES,HIGH,8.97,90,PROJECT_DEMO_EXPANSION,2026-09-23,Synthetic/demo relationship; not a verified commercial contract.,SYNTHETIC_DEMO
SUP00339,PROD00373,MANUFACTURES,HIGH,34.64,14,PROJECT_DEMO_EXPANSION,2026-09-23,Synthetic/demo relationship; not a verified commercial contract.,SYNTHETIC_DEMO
SUP00340,PROD00380,MANUFACTURES,HIGH,38.87,90,PROJECT_DEMO_EXPANSION,2026-09-23,Synthetic/demo relationship; not a verified commercial contract.,SYNTHETIC_DEMO
SUP00341,PROD00387,MANUFACTURES,LOW,21.29,60,PROJECT_DEMO_EXPANSION,2026-09-23,Synthetic/demo relationship; not a verified commercial contract.,SYNTHETIC_DEMO
SUP00342,PROD00394,SUPPLIES,MEDIUM,31.97,90,PROJECT_DEMO_EXPANSION,2026-09-23,Synthetic/demo relationship; not a verified commercial contract.,SYNTHETIC_DEMO
SUP00343,PROD00401,MANUFACTURES,HIGH,19.06,14,PROJECT_DEMO_EXPANSION,2026-09-23,Synthetic/demo relationship; not a verified commercial contract.,SYNTHETIC_DEMO
SUP00344,PROD00408,SUPPLIES,MEDIUM,1.23,60,PROJECT_DEMO_EXPANSION,2026-09-23,Synthetic/demo relationship; not a verified commercial contract.,SYNTHETIC_DEMO
SUP00345,PROD00415,DISTRIBUTES,LOW,33.53,14,PROJECT_DEMO_EXPANSION,2026-09-23,Synthetic/demo relationship; not a verified commercial contract.,SYNTHETIC_DEMO
SUP00346,PROD00422,MANUFACTURES,MEDIUM,38.84,14,PROJECT_DEMO_EXPANSION,2026-09-23,Synthetic/demo relationship; not a verified commercial contract.,SYNTHETIC_DEMO
SUP00347,PROD00429,DISTRIBUTES,HIGH,11.28,45,PROJECT_DEMO_EXPANSION,2026-09-23,Synthetic/demo relationship; not a verified commercial contract.,SYNTHETIC_DEMO
SUP00348,PROD00436,SUPPLIES,LOW,12.82,90,PROJECT_DEMO_EXPANSION,2026-09-23,Synthetic/demo relationship; not a verified commercial contract.,SYNTHETIC_DEMO
SUP00349,PROD00443,MANUFACTURES,MEDIUM,28.82,90,PROJECT_DEMO_EXPANSION,2026-09-23,Synthetic/demo relationship; not a verified commercial contract.,SYNTHETIC_DEMO
SUP00350,PROD00450,MANUFACTURES,LOW,12.04,90,PROJECT_DEMO_EXPANSION,2026-09-23,Synthetic/demo relationship; not a verified commercial contract.,SYNTHETIC_DEMO
SUP00351,PROD00457,MANUFACTURES,HIGH,36.33,90,PROJECT_DEMO_EXPANSION,2026-09-23,Synthetic/demo relationship; not a verified commercial contract.,SYNTHETIC_DEMO
SUP00352,PROD00464,SUPPLIES,MEDIUM,28.76,7,PROJECT_DEMO_EXPANSION,2026-09-23,Synthetic/demo relationship; not a verified commercial contract.,SYNTHETIC_DEMO
SUP00353,PROD00471,DISTRIBUTES,HIGH,30.69,30,PROJECT_DEMO_EXPANSION,2026-09-23,Synthetic/demo relationship; not a verified commercial contract.,SYNTHETIC_DEMO
SUP00354,PROD00478,MANUFACTURES,MEDIUM,39.17,60,PROJECT_DEMO_EXPANSION,2026-09-23,Synthetic/demo relationship; not a verified commercial contract.,SYNTHETIC_DEMO
SUP00355,PROD00485,SUPPLIES,MEDIUM,33.23,90,PROJECT_DEMO_EXPANSION,2026-09-23,Synthetic/demo relationship; not a verified commercial contract.,SYNTHETIC_DEMO
SUP00356,PROD00492,DISTRIBUTES,MEDIUM,35.33,45,PROJECT_DEMO_EXPANSION,2026-09-23,Synthetic/demo relationship; not a verified commercial contract.,SYNTHETIC_DEMO
SUP00357,PROD00499,SUPPLIES,HIGH,6.13,30,PROJECT_DEMO_EXPANSION,2026-09-23,Synthetic/demo relationship; not a verified commercial contract.,SYNTHETIC_DEMO
SUP00358,PROD00506,SUPPLIES,HIGH,12.67,60,PROJECT_DEMO_EXPANSION,2026-09-23,Synthetic/demo relationship; not a verified commercial contract.,SYNTHETIC_DEMO
SUP00359,PROD00513,SUPPLIES,HIGH,26.07,60,PROJECT_DEMO_EXPANSION,2026-09-23,Synthetic/demo relationship; not a verified commercial contract.,SYNTHETIC_DEMO
SUP00360,PROD00520,DISTRIBUTES,HIGH,16.94,14,PROJECT_DEMO_EXPANSION,2026-09-23,Synthetic/demo relationship; not a verified commercial contract.,SYNTHETIC_DEMO
SUP00361,PROD00527,SUPPLIES,HIGH,24.54,21,PROJECT_DEMO_EXPANSION,2026-09-23,Synthetic/demo relationship; not a verified commercial contract.,SYNTHETIC_DEMO
SUP00362,PROD00534,MANUFACTURES,LOW,35.98,7,PROJECT_DEMO_EXPANSION,2026-09-23,Synthetic/demo relationship; not a verified commercial contract.,SYNTHETIC_DEMO
SUP00363,PROD00541,MANUFACTURES,MEDIUM,10.44,30,PROJECT_DEMO_EXPANSION,2026-09-23,Synthetic/demo relationship; not a verified commercial contract.,SYNTHETIC_DEMO
SUP00364,PROD00548,DISTRIBUTES,LOW,4.87,90,PROJECT_DEMO_EXPANSION,2026-09-23,Synthetic/demo relationship; not a verified commercial contract.,SYNTHETIC_DEMO
SUP00365,PROD00555,MANUFACTURES,MEDIUM,14.34,30,PROJECT_DEMO_EXPANSION,2026-09-23,Synthetic/demo relationship; not a verified commercial contract.,SYNTHETIC_DEMO
SUP00366,PROD00562,MANUFACTURES,HIGH,30.63,7,PROJECT_DEMO_EXPANSION,2026-09-23,Synthetic/demo relationship; not a verified commercial contract.,SYNTHETIC_DEMO
SUP00367,PROD00569,SUPPLIES,HIGH,33.46,60,PROJECT_DEMO_EXPANSION,2026-09-23,Synthetic/demo relationship; not a verified commercial contract.,SYNTHETIC_DEMO
SUP00368,PROD00576,DISTRIBUTES,LOW,17.45,14,PROJECT_DEMO_EXPANSION,2026-09-23,Synthetic/demo relationship; not a verified commercial contract.,SYNTHETIC_DEMO
SUP00369,PROD00583,MANUFACTURES,HIGH,26.35,90,PROJECT_DEMO_EXPANSION,2026-09-23,Synthetic/demo relationship; not a verified commercial contract.,SYNTHETIC_DEMO
SUP00370,PROD00590,MANUFACTURES,LOW,5.09,60,PROJECT_DEMO_EXPANSION,2026-09-23,Synthetic/demo relationship; not a verified commercial contract.,SYNTHETIC_DEMO
SUP00371,PROD00597,DISTRIBUTES,LOW,8.27,14,PROJECT_DEMO_EXPANSION,2026-09-23,Synthetic/demo relationship; not a verified commercial contract.,SYNTHETIC_DEMO
SUP00372,PROD00604,SUPPLIES,MEDIUM,17.07,30,PROJECT_DEMO_EXPANSION,2026-09-23,Synthetic/demo relationship; not a verified commercial contract.,SYNTHETIC_DEMO
SUP00373,PROD00611,DISTRIBUTES,LOW,39.28,90,PROJECT_DEMO_EXPANSION,2026-09-23,Synthetic/demo relationship; not a verified commercial contract.,SYNTHETIC_DEMO
SUP00374,PROD00618,DISTRIBUTES,MEDIUM,7.21,90,PROJECT_DEMO_EXPANSION,2026-09-23,Synthetic/demo relationship; not a verified commercial contract.,SYNTHETIC_DEMO
SUP00375,PROD00625,SUPPLIES,MEDIUM,30.65,21,PROJECT_DEMO_EXPANSION,2026-09-23,Synthetic/demo relationship; not a verified commercial contract.,SYNTHETIC_DEMO
SUP00376,PROD00632,SUPPLIES,LOW,32.69,60,PROJECT_DEMO_EXPANSION,2026-09-23,Synthetic/demo relationship; not a verified commercial contract.,SYNTHETIC_DEMO
SUP00377,PROD00639,DISTRIBUTES,LOW,30.95,14,PROJECT_DEMO_EXPANSION,2026-09-23,Synthetic/demo relationship; not a verified commercial contract.,SYNTHETIC_DEMO
SUP00378,PROD00646,DISTRIBUTES,LOW,29.9,7,PROJECT_DEMO_EXPANSION,2026-09-23,Synthetic/demo relationship; not a verified commercial contract.,SYNTHETIC_DEMO
SUP00379,PROD00653,DISTRIBUTES,HIGH,39.1,60,PROJECT_DEMO_EXPANSION,2026-09-23,Synthetic/demo relationship; not a verified commercial contract.,SYNTHETIC_DEMO
SUP00380,PROD00660,DISTRIBUTES,LOW,24.84,30,PROJECT_DEMO_EXPANSION,2026-09-23,Synthetic/demo relationship; not a verified commercial contract.,SYNTHETIC_DEMO
SUP00381,PROD00667,DISTRIBUTES,LOW,15.57,45,PROJECT_DEMO_EXPANSION,2026-09-23,Synthetic/demo relationship; not a verified commercial contract.,SYNTHETIC_DEMO
SUP00382,PROD00674,MANUFACTURES,LOW,2.7,45,PROJECT_DEMO_EXPANSION,2026-09-23,Synthetic/demo relationship; not a verified commercial contract.,SYNTHETIC_DEMO
SUP00383,PROD00681,MANUFACTURES,LOW,12.46,60,PROJECT_DEMO_EXPANSION,2026-09-23,Synthetic/demo relationship; not a verified commercial contract.,SYNTHETIC_DEMO
SUP00384,PROD00688,DISTRIBUTES,LOW,24.04,90,PROJECT_DEMO_EXPANSION,2026-09-23,Synthetic/demo relationship; not a verified commercial contract.,SYNTHETIC_DEMO
SUP00385,PROD00695,DISTRIBUTES,MEDIUM,37.85,60,PROJECT_DEMO_EXPANSION,2026-09-23,Synthetic/demo relationship; not a verified commercial contract.,SYNTHETIC_DEMO
SUP00386,PROD00702,MANUFACTURES,MEDIUM,5.11,21,PROJECT_DEMO_EXPANSION,2026-09-23,Synthetic/demo relationship; not a verified commercial contract.,SYNTHETIC_DEMO
SUP00387,PROD00709,SUPPLIES,LOW,10.17,60,PROJECT_DEMO_EXPANSION,2026-09-23,Synthetic/demo relationship; not a verified commercial contract.,SYNTHETIC_DEMO
SUP00388,PROD00716,DISTRIBUTES,MEDIUM,6.68,14,PROJECT_DEMO_EXPANSION,2026-09-23,Synthetic/demo relationship; not a verified commercial contract.,SYNTHETIC_DEMO
SUP00389,PROD00723,DISTRIBUTES,LOW,5.71,30,PROJECT_DEMO_EXPANSION,2026-09-23,Synthetic/demo relationship; not a verified commercial contract.,SYNTHETIC_DEMO
SUP00390,PROD00730,DISTRIBUTES,MEDIUM,2.13,30,PROJECT_DEMO_EXPANSION,2026-09-23,Synthetic/demo relationship; not a verified commercial contract.,SYNTHETIC_DEMO
SUP00391,PROD00737,DISTRIBUTES,HIGH,37.17,30,PROJECT_DEMO_EXPANSION,2026-09-23,Synthetic/demo relationship; not a verified commercial contract.,SYNTHETIC_DEMO
SUP00392,PROD00744,SUPPLIES,LOW,21.07,30,PROJECT_DEMO_EXPANSION,2026-09-23,Synthetic/demo relationship; not a verified commercial contract.,SYNTHETIC_DEMO
SUP00393,PROD00751,SUPPLIES,LOW,13.99,21,PROJECT_DEMO_EXPANSION,2026-09-23,Synthetic/demo relationship; not a verified commercial contract.,SYNTHETIC_DEMO
SUP00394,PROD00758,DISTRIBUTES,LOW,6.87,14,PROJECT_DEMO_EXPANSION,2026-09-23,Synthetic/demo relationship; not a verified commercial contract.,SYNTHETIC_DEMO
SUP00395,PROD00765,DISTRIBUTES,HIGH,29.88,21,PROJECT_DEMO_EXPANSION,2026-09-23,Synthetic/demo relationship; not a verified commercial contract.,SYNTHETIC_DEMO
SUP00396,PROD00772,MANUFACTURES,MEDIUM,19.7,21,PROJECT_DEMO_EXPANSION,2026-09-23,Synthetic/demo relationship; not a verified commercial contract.,SYNTHETIC_DEMO
SUP00397,PROD00779,DISTRIBUTES,HIGH,35.02,21,PROJECT_DEMO_EXPANSION,2026-09-23,Synthetic/demo relationship; not a verified commercial contract.,SYNTHETIC_DEMO
SUP00398,PROD00786,DISTRIBUTES,MEDIUM,12.62,7,PROJECT_DEMO_EXPANSION,2026-09-23,Synthetic/demo relationship; not a verified commercial contract.,SYNTHETIC_DEMO
SUP00399,PROD00793,SUPPLIES,HIGH,28.63,60,PROJECT_DEMO_EXPANSION,2026-09-23,Synthetic/demo relationship; not a verified commercial contract.,SYNTHETIC_DEMO
SUP00400,PROD00800,SUPPLIES,MEDIUM,37.24,21,PROJECT_DEMO_EXPANSION,2026-09-23,Synthetic/demo relationship; not a verified commercial contract.,SYNTHETIC_DEMO
SUP00401,PROD00807,SUPPLIES,LOW,11.96,21,PROJECT_DEMO_EXPANSION,2026-09-23,Synthetic/demo relationship; not a verified commercial contract.,SYNTHETIC_DEMO
SUP00402,PROD00814,MANUFACTURES,LOW,26.64,14,PROJECT_DEMO_EXPANSION,2026-09-23,Synthetic/demo relationship; not a verified commercial contract.,SYNTHETIC_DEMO
SUP00403,PROD00821,DISTRIBUTES,HIGH,6.46,90,PROJECT_DEMO_EXPANSION,2026-09-23,Synthetic/demo relationship; not a verified commercial contract.,SYNTHETIC_DEMO
SUP00404,PROD00828,DISTRIBUTES,MEDIUM,9.29,60,PROJECT_DEMO_EXPANSION,2026-09-23,Synthetic/demo relationship; not a verified commercial contract.,SYNTHETIC_DEMO
SUP00405,PROD00835,SUPPLIES,HIGH,10.03,7,PROJECT_DEMO_EXPANSION,2026-09-23,Synthetic/demo relationship; not a verified commercial contract.,SYNTHETIC_DEMO
SUP00406,PROD00842,DISTRIBUTES,MEDIUM,8.42,60,PROJECT_DEMO_EXPANSION,2026-09-23,Synthetic/demo relationship; not a verified commercial contract.,SYNTHETIC_DEMO
SUP00407,PROD00849,DISTRIBUTES,LOW,8.61,45,PROJECT_DEMO_EXPANSION,2026-09-23,Synthetic/demo relationship; not a verified commercial contract.,SYNTHETIC_DEMO
SUP00408,PROD00856,MANUFACTURES,LOW,21.26,14,PROJECT_DEMO_EXPANSION,2026-09-23,Synthetic/demo relationship; not a verified commercial contract.,SYNTHETIC_DEMO
SUP00409,PROD00863,MANUFACTURES,HIGH,26.81,7,PROJECT_DEMO_EXPANSION,2026-09-23,Synthetic/demo relationship; not a verified commercial contract.,SYNTHETIC_DEMO
SUP00410,PROD00870,DISTRIBUTES,LOW,35.86,45,PROJECT_DEMO_EXPANSION,2026-09-23,Synthetic/demo relationship; not a verified commercial contract.,SYNTHETIC_DEMO
SUP00411,PROD00877,DISTRIBUTES,HIGH,23.76,60,PROJECT_DEMO_EXPANSION,2026-09-23,Synthetic/demo relationship; not a verified commercial contract.,SYNTHETIC_DEMO
SUP00412,PROD00884,SUPPLIES,MEDIUM,39.69,90,PROJECT_DEMO_EXPANSION,2026-09-23,Synthetic/demo relationship; not a verified commercial contract.,SYNTHETIC_DEMO
SUP00413,PROD00891,DISTRIBUTES,HIGH,17.88,14,PROJECT_DEMO_EXPANSION,2026-09-23,Synthetic/demo relationship; not a verified commercial contract.,SYNTHETIC_DEMO
SUP00414,PROD00898,DISTRIBUTES,MEDIUM,28.75,14,PROJECT_DEMO_EXPANSION,2026-09-23,Synthetic/demo relationship; not a verified commercial contract.,SYNTHETIC_DEMO
SUP00415,PROD00905,SUPPLIES,MEDIUM,22.98,60,PROJECT_DEMO_EXPANSION,2026-09-23,Synthetic/demo relationship; not a verified commercial contract.,SYNTHETIC_DEMO
SUP00416,PROD00912,SUPPLIES,LOW,2.28,90,PROJECT_DEMO_EXPANSION,2026-09-23,Synthetic/demo relationship; not a verified commercial contract.,SYNTHETIC_DEMO
SUP00417,PROD00919,MANUFACTURES,LOW,7.76,21,PROJECT_DEMO_EXPANSION,2026-09-23,Synthetic/demo relationship; not a verified commercial contract.,SYNTHETIC_DEMO
SUP00418,PROD00926,MANUFACTURES,HIGH,27.73,21,PROJECT_DEMO_EXPANSION,2026-09-23,Synthetic/demo relationship; not a verified commercial contract.,SYNTHETIC_DEMO
SUP00419,PROD00933,MANUFACTURES,LOW,8.91,7,PROJECT_DEMO_EXPANSION,2026-09-23,Synthetic/demo relationship; not a verified commercial contract.,SYNTHETIC_DEMO
SUP00420,PROD00940,DISTRIBUTES,MEDIUM,20.75,14,PROJECT_DEMO_EXPANSION,2026-09-23,Synthetic/demo relationship; not a verified commercial contract.,SYNTHETIC_DEMO
SUP00421,PROD00947,SUPPLIES,HIGH,28.08,45,PROJECT_DEMO_EXPANSION,2026-09-23,Synthetic/demo relationship; not a verified commercial contract.,SYNTHETIC_DEMO
SUP00422,PROD00954,DISTRIBUTES,LOW,6.37,21,PROJECT_DEMO_EXPANSION,2026-09-23,Synthetic/demo relationship; not a verified commercial contract.,SYNTHETIC_DEMO
SUP00423,PROD00961,MANUFACTURES,MEDIUM,12.18,45,PROJECT_DEMO_EXPANSION,2026-09-23,Synthetic/demo relationship; not a verified commercial contract.,SYNTHETIC_DEMO
SUP00424,PROD00968,MANUFACTURES,MEDIUM,12.2,14,PROJECT_DEMO_EXPANSION,2026-09-23,Synthetic/demo relationship; not a verified commercial contract.,SYNTHETIC_DEMO
SUP00425,PROD00975,DISTRIBUTES,MEDIUM,18.65,60,PROJECT_DEMO_EXPANSION,2026-09-23,Synthetic/demo relationship; not a verified commercial contract.,SYNTHETIC_DEMO
SUP00426,PROD00982,DISTRIBUTES,LOW,20.67,30,PROJECT_DEMO_EXPANSION,2026-09-23,Synthetic/demo relationship; not a verified commercial contract.,SYNTHETIC_DEMO
SUP00427,PROD00989,MANUFACTURES,MEDIUM,32.21,90,PROJECT_DEMO_EXPANSION,2026-09-23,Synthetic/demo relationship; not a verified commercial contract.,SYNTHETIC_DEMO
SUP00428,PROD00996,MANUFACTURES,LOW,39.66,45,PROJECT_DEMO_EXPANSION,2026-09-23,Synthetic/demo relationship; not a verified commercial contract.,SYNTHETIC_DEMO
SUP00429,PROD00003,DISTRIBUTES,MEDIUM,35.59,7,PROJECT_DEMO_EXPANSION,2026-09-23,Synthetic/demo relationship; not a verified commercial contract.,SYNTHETIC_DEMO
SUP00430,PROD00010,DISTRIBUTES,LOW,35.5,14,PROJECT_DEMO_EXPANSION,2026-09-23,Synthetic/demo relationship; not a verified commercial contract.,SYNTHETIC_DEMO
SUP00431,PROD00017,MANUFACTURES,MEDIUM,1.24,7,PROJECT_DEMO_EXPANSION,2026-09-23,Synthetic/demo relationship; not a verified commercial contract.,SYNTHETIC_DEMO
SUP00432,PROD00024,DISTRIBUTES,HIGH,4.25,14,PROJECT_DEMO_EXPANSION,2026-09-23,Synthetic/demo relationship; not a verified commercial contract.,SYNTHETIC_DEMO
SUP00433,PROD00031,SUPPLIES,HIGH,24.1,7,PROJECT_DEMO_EXPANSION,2026-09-23,Synthetic/demo relationship; not a verified commercial contract.,SYNTHETIC_DEMO
SUP00434,PROD00038,MANUFACTURES,LOW,23.69,60,PROJECT_DEMO_EXPANSION,2026-09-23,Synthetic/demo relationship; not a verified commercial contract.,SYNTHETIC_DEMO
SUP00435,PROD00045,DISTRIBUTES,HIGH,15.52,60,PROJECT_DEMO_EXPANSION,2026-09-23,Synthetic/demo relationship; not a verified commercial contract.,SYNTHETIC_DEMO
SUP00436,PROD00052,SUPPLIES,MEDIUM,5.16,90,PROJECT_DEMO_EXPANSION,2026-09-23,Synthetic/demo relationship; not a verified commercial contract.,SYNTHETIC_DEMO
SUP00437,PROD00059,DISTRIBUTES,LOW,14.53,14,PROJECT_DEMO_EXPANSION,2026-09-23,Synthetic/demo relationship; not a verified commercial contract.,SYNTHETIC_DEMO
SUP00438,PROD00066,SUPPLIES,LOW,13.02,90,PROJECT_DEMO_EXPANSION,2026-09-23,Synthetic/demo relationship; not a verified commercial contract.,SYNTHETIC_DEMO
SUP00439,PROD00073,SUPPLIES,MEDIUM,31.82,45,PROJECT_DEMO_EXPANSION,2026-09-23,Synthetic/demo relationship; not a verified commercial contract.,SYNTHETIC_DEMO
SUP00440,PROD00080,SUPPLIES,MEDIUM,31.04,14,PROJECT_DEMO_EXPANSION,2026-09-23,Synthetic/demo relationship; not a verified commercial contract.,SYNTHETIC_DEMO
SUP00441,PROD00087,MANUFACTURES,MEDIUM,1.21,45,PROJECT_DEMO_EXPANSION,2026-09-23,Synthetic/demo relationship; not a verified commercial contract.,SYNTHETIC_DEMO
SUP00442,PROD00094,MANUFACTURES,HIGH,11.37,21,PROJECT_DEMO_EXPANSION,2026-09-23,Synthetic/demo relationship; not a verified commercial contract.,SYNTHETIC_DEMO
SUP00443,PROD00101,DISTRIBUTES,MEDIUM,19.39,45,PROJECT_DEMO_EXPANSION,2026-09-23,Synthetic/demo relationship; not a verified commercial contract.,SYNTHETIC_DEMO
SUP00444,PROD00108,DISTRIBUTES,HIGH,10.32,14,PROJECT_DEMO_EXPANSION,2026-09-23,Synthetic/demo relationship; not a verified commercial contract.,SYNTHETIC_DEMO
SUP00445,PROD00115,MANUFACTURES,LOW,10.69,7,PROJECT_DEMO_EXPANSION,2026-09-23,Synthetic/demo relationship; not a verified commercial contract.,SYNTHETIC_DEMO
SUP00446,PROD00122,DISTRIBUTES,HIGH,19.24,21,PROJECT_DEMO_EXPANSION,2026-09-23,Synthetic/demo relationship; not a verified commercial contract.,SYNTHETIC_DEMO
SUP00447,PROD00129,DISTRIBUTES,LOW,13.0,45,PROJECT_DEMO_EXPANSION,2026-09-23,Synthetic/demo relationship; not a verified commercial contract.,SYNTHETIC_DEMO
SUP00448,PROD00136,MANUFACTURES,MEDIUM,10.78,21,PROJECT_DEMO_EXPANSION,2026-09-23,Synthetic/demo relationship; not a verified commercial contract.,SYNTHETIC_DEMO
SUP00449,PROD00143,SUPPLIES,HIGH,3.17,7,PROJECT_DEMO_EXPANSION,2026-09-23,Synthetic/demo relationship; not a verified commercial contract.,SYNTHETIC_DEMO
SUP00450,PROD00150,MANUFACTURES,HIGH,27.75,30,PROJECT_DEMO_EXPANSION,2026-09-23,Synthetic/demo relationship; not a verified commercial contract.,SYNTHETIC_DEMO
SUP00451,PROD00157,MANUFACTURES,LOW,25.2,21,PROJECT_DEMO_EXPANSION,2026-09-23,Synthetic/demo relationship; not a verified commercial contract.,SYNTHETIC_DEMO
SUP00452,PROD00164,DISTRIBUTES,LOW,23.49,14,PROJECT_DEMO_EXPANSION,2026-09-23,Synthetic/demo relationship; not a verified commercial contract.,SYNTHETIC_DEMO
SUP00453,PROD00171,SUPPLIES,MEDIUM,38.29,14,PROJECT_DEMO_EXPANSION,2026-09-23,Synthetic/demo relationship; not a verified commercial contract.,SYNTHETIC_DEMO
SUP00454,PROD00178,DISTRIBUTES,LOW,24.16,30,PROJECT_DEMO_EXPANSION,2026-09-23,Synthetic/demo relationship; not a verified commercial contract.,SYNTHETIC_DEMO
SUP00455,PROD00185,DISTRIBUTES,LOW,26.34,14,PROJECT_DEMO_EXPANSION,2026-09-23,Synthetic/demo relationship; not a verified commercial contract.,SYNTHETIC_DEMO
SUP00456,PROD00192,SUPPLIES,LOW,37.41,7,PROJECT_DEMO_EXPANSION,2026-09-23,Synthetic/demo relationship; not a verified commercial contract.,SYNTHETIC_DEMO
SUP00457,PROD00199,SUPPLIES,MEDIUM,16.03,45,PROJECT_DEMO_EXPANSION,2026-09-23,Synthetic/demo relationship; not a verified commercial contract.,SYNTHETIC_DEMO
SUP00458,PROD00206,DISTRIBUTES,LOW,28.4,90,PROJECT_DEMO_EXPANSION,2026-09-23,Synthetic/demo relationship; not a verified commercial contract.,SYNTHETIC_DEMO
SUP00459,PROD00213,MANUFACTURES,LOW,10.57,14,PROJECT_DEMO_EXPANSION,2026-09-23,Synthetic/demo relationship; not a verified commercial contract.,SYNTHETIC_DEMO
SUP00460,PROD00220,MANUFACTURES,HIGH,30.51,21,PROJECT_DEMO_EXPANSION,2026-09-23,Synthetic/demo relationship; not a verified commercial contract.,SYNTHETIC_DEMO
SUP00461,PROD00227,DISTRIBUTES,LOW,28.48,21,PROJECT_DEMO_EXPANSION,2026-09-23,Synthetic/demo relationship; not a verified commercial contract.,SYNTHETIC_DEMO
SUP00462,PROD00234,DISTRIBUTES,HIGH,32.49,14,PROJECT_DEMO_EXPANSION,2026-09-23,Synthetic/demo relationship; not a verified commercial contract.,SYNTHETIC_DEMO
SUP00463,PROD00241,MANUFACTURES,LOW,7.84,45,PROJECT_DEMO_EXPANSION,2026-09-23,Synthetic/demo relationship; not a verified commercial contract.,SYNTHETIC_DEMO
SUP00464,PROD00248,SUPPLIES,MEDIUM,11.04,30,PROJECT_DEMO_EXPANSION,2026-09-23,Synthetic/demo relationship; not a verified commercial contract.,SYNTHETIC_DEMO
SUP00465,PROD00255,SUPPLIES,LOW,10.08,21,PROJECT_DEMO_EXPANSION,2026-09-23,Synthetic/demo relationship; not a verified commercial contract.,SYNTHETIC_DEMO
SUP00466,PROD00262,DISTRIBUTES,HIGH,33.97,45,PROJECT_DEMO_EXPANSION,2026-09-23,Synthetic/demo relationship; not a verified commercial contract.,SYNTHETIC_DEMO
SUP00467,PROD00269,MANUFACTURES,MEDIUM,26.06,30,PROJECT_DEMO_EXPANSION,2026-09-23,Synthetic/demo relationship; not a verified commercial contract.,SYNTHETIC_DEMO
SUP00468,PROD00276,MANUFACTURES,MEDIUM,3.53,45,PROJECT_DEMO_EXPANSION,2026-09-23,Synthetic/demo relationship; not a verified commercial contract.,SYNTHETIC_DEMO
SUP00469,PROD00283,MANUFACTURES,MEDIUM,26.71,90,PROJECT_DEMO_EXPANSION,2026-09-23,Synthetic/demo relationship; not a verified commercial contract.,SYNTHETIC_DEMO
SUP00470,PROD00290,MANUFACTURES,LOW,7.5,60,PROJECT_DEMO_EXPANSION,2026-09-23,Synthetic/demo relationship; not a verified commercial contract.,SYNTHETIC_DEMO
SUP00471,PROD00297,SUPPLIES,MEDIUM,4.3,45,PROJECT_DEMO_EXPANSION,2026-09-23,Synthetic/demo relationship; not a verified commercial contract.,SYNTHETIC_DEMO
SUP00472,PROD00304,SUPPLIES,HIGH,9.37,90,PROJECT_DEMO_EXPANSION,2026-09-23,Synthetic/demo relationship; not a verified commercial contract.,SYNTHETIC_DEMO
SUP00473,PROD00311,MANUFACTURES,HIGH,25.6,7,PROJECT_DEMO_EXPANSION,2026-09-23,Synthetic/demo relationship; not a verified commercial contract.,SYNTHETIC_DEMO
SUP00474,PROD00318,DISTRIBUTES,LOW,17.64,7,PROJECT_DEMO_EXPANSION,2026-09-23,Synthetic/demo relationship; not a verified commercial contract.,SYNTHETIC_DEMO
SUP00475,PROD00325,DISTRIBUTES,LOW,4.38,30,PROJECT_DEMO_EXPANSION,2026-09-23,Synthetic/demo relationship; not a verified commercial contract.,SYNTHETIC_DEMO
SUP00476,PROD00332,SUPPLIES,LOW,30.82,45,PROJECT_DEMO_EXPANSION,2026-09-23,Synthetic/demo relationship; not a verified commercial contract.,SYNTHETIC_DEMO
SUP00477,PROD00339,DISTRIBUTES,LOW,20.55,14,PROJECT_DEMO_EXPANSION,2026-09-23,Synthetic/demo relationship; not a verified commercial contract.,SYNTHETIC_DEMO
SUP00478,PROD00346,DISTRIBUTES,MEDIUM,11.67,21,PROJECT_DEMO_EXPANSION,2026-09-23,Synthetic/demo relationship; not a verified commercial contract.,SYNTHETIC_DEMO
SUP00479,PROD00353,DISTRIBUTES,LOW,1.8,21,PROJECT_DEMO_EXPANSION,2026-09-23,Synthetic/demo relationship; not a verified commercial contract.,SYNTHETIC_DEMO
SUP00480,PROD00360,SUPPLIES,MEDIUM,10.7,30,PROJECT_DEMO_EXPANSION,2026-09-23,Synthetic/demo relationship; not a verified commercial contract.,SYNTHETIC_DEMO
SUP00481,PROD00367,DISTRIBUTES,MEDIUM,21.07,60,PROJECT_DEMO_EXPANSION,2026-09-23,Synthetic/demo relationship; not a verified commercial contract.,SYNTHETIC_DEMO
SUP00482,PROD00374,SUPPLIES,LOW,20.26,14,PROJECT_DEMO_EXPANSION,2026-09-23,Synthetic/demo relationship; not a verified commercial contract.,SYNTHETIC_DEMO
SUP00483,PROD00381,MANUFACTURES,MEDIUM,27.43,14,PROJECT_DEMO_EXPANSION,2026-09-23,Synthetic/demo relationship; not a verified commercial contract.,SYNTHETIC_DEMO
SUP00484,PROD00388,MANUFACTURES,LOW,21.21,14,PROJECT_DEMO_EXPANSION,2026-09-23,Synthetic/demo relationship; not a verified commercial contract.,SYNTHETIC_DEMO
SUP00485,PROD00395,SUPPLIES,HIGH,39.71,14,PROJECT_DEMO_EXPANSION,2026-09-23,Synthetic/demo relationship; not a verified commercial contract.,SYNTHETIC_DEMO
SUP00486,PROD00402,DISTRIBUTES,HIGH,24.15,21,PROJECT_DEMO_EXPANSION,2026-09-23,Synthetic/demo relationship; not a verified commercial contract.,SYNTHETIC_DEMO
SUP00487,PROD00409,SUPPLIES,MEDIUM,18.12,60,PROJECT_DEMO_EXPANSION,2026-09-23,Synthetic/demo relationship; not a verified commercial contract.,SYNTHETIC_DEMO
SUP00488,PROD00416,MANUFACTURES,HIGH,30.81,60,PROJECT_DEMO_EXPANSION,2026-09-23,Synthetic/demo relationship; not a verified commercial contract.,SYNTHETIC_DEMO
SUP00489,PROD00423,MANUFACTURES,LOW,10.5,45,PROJECT_DEMO_EXPANSION,2026-09-23,Synthetic/demo relationship; not a verified commercial contract.,SYNTHETIC_DEMO
SUP00490,PROD00430,SUPPLIES,MEDIUM,27.29,21,PROJECT_DEMO_EXPANSION,2026-09-23,Synthetic/demo relationship; not a verified commercial contract.,SYNTHETIC_DEMO
SUP00491,PROD00437,DISTRIBUTES,MEDIUM,17.03,14,PROJECT_DEMO_EXPANSION,2026-09-23,Synthetic/demo relationship; not a verified commercial contract.,SYNTHETIC_DEMO
SUP00492,PROD00444,MANUFACTURES,MEDIUM,11.74,7,PROJECT_DEMO_EXPANSION,2026-09-23,Synthetic/demo relationship; not a verified commercial contract.,SYNTHETIC_DEMO
SUP00493,PROD00451,DISTRIBUTES,LOW,27.59,45,PROJECT_DEMO_EXPANSION,2026-09-23,Synthetic/demo relationship; not a verified commercial contract.,SYNTHETIC_DEMO
SUP00494,PROD00458,MANUFACTURES,LOW,29.56,21,PROJECT_DEMO_EXPANSION,2026-09-23,Synthetic/demo relationship; not a verified commercial contract.,SYNTHETIC_DEMO
SUP00495,PROD00465,MANUFACTURES,MEDIUM,26.87,14,PROJECT_DEMO_EXPANSION,2026-09-23,Synthetic/demo relationship; not a verified commercial contract.,SYNTHETIC_DEMO
SUP00496,PROD00472,DISTRIBUTES,LOW,39.47,45,PROJECT_DEMO_EXPANSION,2026-09-23,Synthetic/demo relationship; not a verified commercial contract.,SYNTHETIC_DEMO
SUP00497,PROD00479,SUPPLIES,LOW,24.75,90,PROJECT_DEMO_EXPANSION,2026-09-23,Synthetic/demo relationship; not a verified commercial contract.,SYNTHETIC_DEMO
SUP00498,PROD00486,DISTRIBUTES,MEDIUM,16.01,60,PROJECT_DEMO_EXPANSION,2026-09-23,Synthetic/demo relationship; not a verified commercial contract.,SYNTHETIC_DEMO
SUP00499,PROD00493,DISTRIBUTES,MEDIUM,10.56,60,PROJECT_DEMO_EXPANSION,2026-09-23,Synthetic/demo relationship; not a verified commercial contract.,SYNTHETIC_DEMO
SUP00500,PROD00500,MANUFACTURES,HIGH,7.17,21,PROJECT_DEMO_EXPANSION,2026-09-23,Synthetic/demo relationship; not a verified commercial contract.,SYNTHETIC_DEMO
SUP00501,PROD00507,SUPPLIES,LOW,30.8,45,PROJECT_DEMO_EXPANSION,2026-09-23,Synthetic/demo relationship; not a verified commercial contract.,SYNTHETIC_DEMO
SUP00502,PROD00514,SUPPLIES,HIGH,30.76,90,PROJECT_DEMO_EXPANSION,2026-09-23,Synthetic/demo relationship; not a verified commercial contract.,SYNTHETIC_DEMO
SUP00503,PROD00521,MANUFACTURES,MEDIUM,14.23,7,PROJECT_DEMO_EXPANSION,2026-09-23,Synthetic/demo relationship; not a verified commercial contract.,SYNTHETIC_DEMO
SUP00504,PROD00528,MANUFACTURES,MEDIUM,6.53,45,PROJECT_DEMO_EXPANSION,2026-09-23,Synthetic/demo relationship; not a verified commercial contract.,SYNTHETIC_DEMO
SUP00505,PROD00535,MANUFACTURES,MEDIUM,24.4,30,PROJECT_DEMO_EXPANSION,2026-09-23,Synthetic/demo relationship; not a verified commercial contract.,SYNTHETIC_DEMO
SUP00506,PROD00542,MANUFACTURES,MEDIUM,35.2,14,PROJECT_DEMO_EXPANSION,2026-09-23,Synthetic/demo relationship; not a verified commercial contract.,SYNTHETIC_DEMO
SUP00507,PROD00549,SUPPLIES,LOW,5.94,7,PROJECT_DEMO_EXPANSION,2026-09-23,Synthetic/demo relationship; not a verified commercial contract.,SYNTHETIC_DEMO
SUP00508,PROD00556,SUPPLIES,HIGH,29.72,90,PROJECT_DEMO_EXPANSION,2026-09-23,Synthetic/demo relationship; not a verified commercial contract.,SYNTHETIC_DEMO
SUP00509,PROD00563,SUPPLIES,LOW,37.3,14,PROJECT_DEMO_EXPANSION,2026-09-23,Synthetic/demo relationship; not a verified commercial contract.,SYNTHETIC_DEMO
SUP00510,PROD00570,SUPPLIES,HIGH,4.35,60,PROJECT_DEMO_EXPANSION,2026-09-23,Synthetic/demo relationship; not a verified commercial contract.,SYNTHETIC_DEMO
SUP00511,PROD00577,DISTRIBUTES,HIGH,15.82,90,PROJECT_DEMO_EXPANSION,2026-09-23,Synthetic/demo relationship; not a verified commercial contract.,SYNTHETIC_DEMO
SUP00512,PROD00584,DISTRIBUTES,LOW,14.04,14,PROJECT_DEMO_EXPANSION,2026-09-23,Synthetic/demo relationship; not a verified commercial contract.,SYNTHETIC_DEMO
SUP00513,PROD00591,DISTRIBUTES,HIGH,23.36,14,PROJECT_DEMO_EXPANSION,2026-09-23,Synthetic/demo relationship; not a verified commercial contract.,SYNTHETIC_DEMO
SUP00514,PROD00598,MANUFACTURES,HIGH,22.15,21,PROJECT_DEMO_EXPANSION,2026-09-23,Synthetic/demo relationship; not a verified commercial contract.,SYNTHETIC_DEMO
SUP00515,PROD00605,DISTRIBUTES,MEDIUM,39.4,60,PROJECT_DEMO_EXPANSION,2026-09-23,Synthetic/demo relationship; not a verified commercial contract.,SYNTHETIC_DEMO
SUP00516,PROD00612,MANUFACTURES,LOW,35.08,60,PROJECT_DEMO_EXPANSION,2026-09-23,Synthetic/demo relationship; not a verified commercial contract.,SYNTHETIC_DEMO
SUP00517,PROD00619,DISTRIBUTES,HIGH,4.91,30,PROJECT_DEMO_EXPANSION,2026-09-23,Synthetic/demo relationship; not a verified commercial contract.,SYNTHETIC_DEMO
SUP00518,PROD00626,SUPPLIES,LOW,36.33,14,PROJECT_DEMO_EXPANSION,2026-09-23,Synthetic/demo relationship; not a verified commercial contract.,SYNTHETIC_DEMO
SUP00519,PROD00633,DISTRIBUTES,MEDIUM,25.49,60,PROJECT_DEMO_EXPANSION,2026-09-23,Synthetic/demo relationship; not a verified commercial contract.,SYNTHETIC_DEMO
SUP00520,PROD00640,SUPPLIES,MEDIUM,1.31,14,PROJECT_DEMO_EXPANSION,2026-09-23,Synthetic/demo relationship; not a verified commercial contract.,SYNTHETIC_DEMO
SUP00521,PROD00647,MANUFACTURES,LOW,24.62,7,PROJECT_DEMO_EXPANSION,2026-09-23,Synthetic/demo relationship; not a verified commercial contract.,SYNTHETIC_DEMO
SUP00522,PROD00654,MANUFACTURES,MEDIUM,33.32,7,PROJECT_DEMO_EXPANSION,2026-09-23,Synthetic/demo relationship; not a verified commercial contract.,SYNTHETIC_DEMO
SUP00523,PROD00661,DISTRIBUTES,MEDIUM,26.14,30,PROJECT_DEMO_EXPANSION,2026-09-23,Synthetic/demo relationship; not a verified commercial contract.,SYNTHETIC_DEMO
SUP00524,PROD00668,SUPPLIES,MEDIUM,13.36,14,PROJECT_DEMO_EXPANSION,2026-09-23,Synthetic/demo relationship; not a verified commercial contract.,SYNTHETIC_DEMO
SUP00525,PROD00675,SUPPLIES,HIGH,17.0,45,PROJECT_DEMO_EXPANSION,2026-09-23,Synthetic/demo relationship; not a verified commercial contract.,SYNTHETIC_DEMO
SUP00526,PROD00682,DISTRIBUTES,HIGH,5.49,21,PROJECT_DEMO_EXPANSION,2026-09-23,Synthetic/demo relationship; not a verified commercial contract.,SYNTHETIC_DEMO
SUP00527,PROD00689,MANUFACTURES,HIGH,16.55,14,PROJECT_DEMO_EXPANSION,2026-09-23,Synthetic/demo relationship; not a verified commercial contract.,SYNTHETIC_DEMO
SUP00528,PROD00696,MANUFACTURES,LOW,36.39,90,PROJECT_DEMO_EXPANSION,2026-09-23,Synthetic/demo relationship; not a verified commercial contract.,SYNTHETIC_DEMO
SUP00529,PROD00703,SUPPLIES,LOW,37.41,14,PROJECT_DEMO_EXPANSION,2026-09-23,Synthetic/demo relationship; not a verified commercial contract.,SYNTHETIC_DEMO
SUP00530,PROD00710,SUPPLIES,MEDIUM,24.3,30,PROJECT_DEMO_EXPANSION,2026-09-23,Synthetic/demo relationship; not a verified commercial contract.,SYNTHETIC_DEMO
SUP00531,PROD00717,SUPPLIES,HIGH,14.67,7,PROJECT_DEMO_EXPANSION,2026-09-23,Synthetic/demo relationship; not a verified commercial contract.,SYNTHETIC_DEMO
SUP00532,PROD00724,MANUFACTURES,LOW,24.4,21,PROJECT_DEMO_EXPANSION,2026-09-23,Synthetic/demo relationship; not a verified commercial contract.,SYNTHETIC_DEMO
SUP00533,PROD00731,SUPPLIES,MEDIUM,32.59,60,PROJECT_DEMO_EXPANSION,2026-09-23,Synthetic/demo relationship; not a verified commercial contract.,SYNTHETIC_DEMO
SUP00534,PROD00738,SUPPLIES,LOW,27.24,30,PROJECT_DEMO_EXPANSION,2026-09-23,Synthetic/demo relationship; not a verified commercial contract.,SYNTHETIC_DEMO
SUP00535,PROD00745,MANUFACTURES,MEDIUM,30.11,21,PROJECT_DEMO_EXPANSION,2026-09-23,Synthetic/demo relationship; not a verified commercial contract.,SYNTHETIC_DEMO
SUP00536,PROD00752,SUPPLIES,HIGH,6.4,14,PROJECT_DEMO_EXPANSION,2026-09-23,Synthetic/demo relationship; not a verified commercial contract.,SYNTHETIC_DEMO
SUP00537,PROD00759,DISTRIBUTES,MEDIUM,4.05,21,PROJECT_DEMO_EXPANSION,2026-09-23,Synthetic/demo relationship; not a verified commercial contract.,SYNTHETIC_DEMO
SUP00538,PROD00766,SUPPLIES,HIGH,39.08,21,PROJECT_DEMO_EXPANSION,2026-09-23,Synthetic/demo relationship; not a verified commercial contract.,SYNTHETIC_DEMO
SUP00539,PROD00773,DISTRIBUTES,MEDIUM,10.58,45,PROJECT_DEMO_EXPANSION,2026-09-23,Synthetic/demo relationship; not a verified commercial contract.,SYNTHETIC_DEMO
SUP00540,PROD00780,SUPPLIES,LOW,38.4,90,PROJECT_DEMO_EXPANSION,2026-09-23,Synthetic/demo relationship; not a verified commercial contract.,SYNTHETIC_DEMO
SUP00541,PROD00787,SUPPLIES,HIGH,27.17,90,PROJECT_DEMO_EXPANSION,2026-09-23,Synthetic/demo relationship; not a verified commercial contract.,SYNTHETIC_DEMO
SUP00542,PROD00794,MANUFACTURES,HIGH,10.58,90,PROJECT_DEMO_EXPANSION,2026-09-23,Synthetic/demo relationship; not a verified commercial contract.,SYNTHETIC_DEMO
SUP00543,PROD00801,MANUFACTURES,HIGH,10.74,45,PROJECT_DEMO_EXPANSION,2026-09-23,Synthetic/demo relationship; not a verified commercial contract.,SYNTHETIC_DEMO
SUP00544,PROD00808,MANUFACTURES,MEDIUM,15.27,45,PROJECT_DEMO_EXPANSION,2026-09-23,Synthetic/demo relationship; not a verified commercial contract.,SYNTHETIC_DEMO
SUP00545,PROD00815,DISTRIBUTES,MEDIUM,32.41,30,PROJECT_DEMO_EXPANSION,2026-09-23,Synthetic/demo relationship; not a verified commercial contract.,SYNTHETIC_DEMO
SUP00546,PROD00822,DISTRIBUTES,HIGH,27.53,14,PROJECT_DEMO_EXPANSION,2026-09-23,Synthetic/demo relationship; not a verified commercial contract.,SYNTHETIC_DEMO
SUP00547,PROD00829,MANUFACTURES,MEDIUM,39.51,60,PROJECT_DEMO_EXPANSION,2026-09-23,Synthetic/demo relationship; not a verified commercial contract.,SYNTHETIC_DEMO
SUP00548,PROD00836,MANUFACTURES,MEDIUM,24.97,14,PROJECT_DEMO_EXPANSION,2026-09-23,Synthetic/demo relationship; not a verified commercial contract.,SYNTHETIC_DEMO
SUP00549,PROD00843,MANUFACTURES,LOW,10.31,90,PROJECT_DEMO_EXPANSION,2026-09-23,Synthetic/demo relationship; not a verified commercial contract.,SYNTHETIC_DEMO
SUP00550,PROD00850,DISTRIBUTES,HIGH,18.75,30,PROJECT_DEMO_EXPANSION,2026-09-23,Synthetic/demo relationship; not a verified commercial contract.,SYNTHETIC_DEMO
SUP00551,PROD00857,SUPPLIES,HIGH,6.03,30,PROJECT_DEMO_EXPANSION,2026-09-23,Synthetic/demo relationship; not a verified commercial contract.,SYNTHETIC_DEMO
SUP00552,PROD00864,SUPPLIES,HIGH,27.88,30,PROJECT_DEMO_EXPANSION,2026-09-23,Synthetic/demo relationship; not a verified commercial contract.,SYNTHETIC_DEMO
SUP00553,PROD00871,DISTRIBUTES,HIGH,9.91,7,PROJECT_DEMO_EXPANSION,2026-09-23,Synthetic/demo relationship; not a verified commercial contract.,SYNTHETIC_DEMO
SUP00554,PROD00878,MANUFACTURES,HIGH,22.97,30,PROJECT_DEMO_EXPANSION,2026-09-23,Synthetic/demo relationship; not a verified commercial contract.,SYNTHETIC_DEMO
SUP00555,PROD00885,MANUFACTURES,LOW,37.9,60,PROJECT_DEMO_EXPANSION,2026-09-23,Synthetic/demo relationship; not a verified commercial contract.,SYNTHETIC_DEMO
SUP00556,PROD00892,MANUFACTURES,MEDIUM,7.44,7,PROJECT_DEMO_EXPANSION,2026-09-23,Synthetic/demo relationship; not a verified commercial contract.,SYNTHETIC_DEMO
SUP00557,PROD00899,SUPPLIES,MEDIUM,9.5,90,PROJECT_DEMO_EXPANSION,2026-09-23,Synthetic/demo relationship; not a verified commercial contract.,SYNTHETIC_DEMO
SUP00558,PROD00906,MANUFACTURES,HIGH,17.76,7,PROJECT_DEMO_EXPANSION,2026-09-23,Synthetic/demo relationship; not a verified commercial contract.,SYNTHETIC_DEMO
SUP00559,PROD00913,MANUFACTURES,MEDIUM,36.84,30,PROJECT_DEMO_EXPANSION,2026-09-23,Synthetic/demo relationship; not a verified commercial contract.,SYNTHETIC_DEMO
SUP00560,PROD00920,SUPPLIES,LOW,28.01,21,PROJECT_DEMO_EXPANSION,2026-09-23,Synthetic/demo relationship; not a verified commercial contract.,SYNTHETIC_DEMO
SUP00561,PROD00927,DISTRIBUTES,MEDIUM,39.7,90,PROJECT_DEMO_EXPANSION,2026-09-23,Synthetic/demo relationship; not a verified commercial contract.,SYNTHETIC_DEMO
SUP00562,PROD00934,DISTRIBUTES,HIGH,35.71,45,PROJECT_DEMO_EXPANSION,2026-09-23,Synthetic/demo relationship; not a verified commercial contract.,SYNTHETIC_DEMO
SUP00563,PROD00941,SUPPLIES,MEDIUM,32.56,45,PROJECT_DEMO_EXPANSION,2026-09-23,Synthetic/demo relationship; not a verified commercial contract.,SYNTHETIC_DEMO
SUP00564,PROD00948,MANUFACTURES,LOW,14.35,14,PROJECT_DEMO_EXPANSION,2026-09-23,Synthetic/demo relationship; not a verified commercial contract.,SYNTHETIC_DEMO
SUP00565,PROD00955,SUPPLIES,LOW,10.97,21,PROJECT_DEMO_EXPANSION,2026-09-23,Synthetic/demo relationship; not a verified commercial contract.,SYNTHETIC_DEMO
SUP00566,PROD00962,MANUFACTURES,HIGH,2.48,30,PROJECT_DEMO_EXPANSION,2026-09-23,Synthetic/demo relationship; not a verified commercial contract.,SYNTHETIC_DEMO
SUP00567,PROD00969,MANUFACTURES,LOW,21.35,7,PROJECT_DEMO_EXPANSION,2026-09-23,Synthetic/demo relationship; not a verified commercial contract.,SYNTHETIC_DEMO
SUP00568,PROD00976,MANUFACTURES,HIGH,5.51,21,PROJECT_DEMO_EXPANSION,2026-09-23,Synthetic/demo relationship; not a verified commercial contract.,SYNTHETIC_DEMO
SUP00569,PROD00983,DISTRIBUTES,MEDIUM,21.75,7,PROJECT_DEMO_EXPANSION,2026-09-23,Synthetic/demo relationship; not a verified commercial contract.,SYNTHETIC_DEMO
SUP00570,PROD00990,SUPPLIES,MEDIUM,27.9,60,PROJECT_DEMO_EXPANSION,2026-09-23,Synthetic/demo relationship; not a verified commercial contract.,SYNTHETIC_DEMO
SUP00571,PROD00997,SUPPLIES,HIGH,24.99,21,PROJECT_DEMO_EXPANSION,2026-09-23,Synthetic/demo relationship; not a verified commercial contract.,SYNTHETIC_DEMO
SUP00572,PROD00004,DISTRIBUTES,MEDIUM,15.71,60,PROJECT_DEMO_EXPANSION,2026-09-23,Synthetic/demo relationship; not a verified commercial contract.,SYNTHETIC_DEMO
SUP00573,PROD00011,MANUFACTURES,MEDIUM,5.74,14,PROJECT_DEMO_EXPANSION,2026-09-23,Synthetic/demo relationship; not a verified commercial contract.,SYNTHETIC_DEMO
SUP00574,PROD00018,SUPPLIES,HIGH,30.14,7,PROJECT_DEMO_EXPANSION,2026-09-23,Synthetic/demo relationship; not a verified commercial contract.,SYNTHETIC_DEMO
SUP00575,PROD00025,DISTRIBUTES,HIGH,13.15,30,PROJECT_DEMO_EXPANSION,2026-09-23,Synthetic/demo relationship; not a verified commercial contract.,SYNTHETIC_DEMO
SUP00576,PROD00032,DISTRIBUTES,LOW,39.92,45,PROJECT_DEMO_EXPANSION,2026-09-23,Synthetic/demo relationship; not a verified commercial contract.,SYNTHETIC_DEMO
SUP00577,PROD00039,DISTRIBUTES,MEDIUM,7.47,7,PROJECT_DEMO_EXPANSION,2026-09-23,Synthetic/demo relationship; not a verified commercial contract.,SYNTHETIC_DEMO
SUP00578,PROD00046,DISTRIBUTES,MEDIUM,37.28,7,PROJECT_DEMO_EXPANSION,2026-09-23,Synthetic/demo relationship; not a verified commercial contract.,SYNTHETIC_DEMO
SUP00579,PROD00053,SUPPLIES,LOW,13.81,14,PROJECT_DEMO_EXPANSION,2026-09-23,Synthetic/demo relationship; not a verified commercial contract.,SYNTHETIC_DEMO
SUP00580,PROD00060,MANUFACTURES,LOW,12.07,45,PROJECT_DEMO_EXPANSION,2026-09-23,Synthetic/demo relationship; not a verified commercial contract.,SYNTHETIC_DEMO
SUP00581,PROD00067,MANUFACTURES,MEDIUM,14.93,21,PROJECT_DEMO_EXPANSION,2026-09-23,Synthetic/demo relationship; not a verified commercial contract.,SYNTHETIC_DEMO
SUP00582,PROD00074,MANUFACTURES,HIGH,34.79,14,PROJECT_DEMO_EXPANSION,2026-09-23,Synthetic/demo relationship; not a verified commercial contract.,SYNTHETIC_DEMO
SUP00583,PROD00081,MANUFACTURES,MEDIUM,23.94,60,PROJECT_DEMO_EXPANSION,2026-09-23,Synthetic/demo relationship; not a verified commercial contract.,SYNTHETIC_DEMO
SUP00584,PROD00088,SUPPLIES,MEDIUM,20.6,30,PROJECT_DEMO_EXPANSION,2026-09-23,Synthetic/demo relationship; not a verified commercial contract.,SYNTHETIC_DEMO
SUP00585,PROD00095,SUPPLIES,MEDIUM,22.93,7,PROJECT_DEMO_EXPANSION,2026-09-23,Synthetic/demo relationship; not a verified commercial contract.,SYNTHETIC_DEMO
SUP00586,PROD00102,DISTRIBUTES,HIGH,36.5,60,PROJECT_DEMO_EXPANSION,2026-09-23,Synthetic/demo relationship; not a verified commercial contract.,SYNTHETIC_DEMO
SUP00587,PROD00109,DISTRIBUTES,MEDIUM,35.38,60,PROJECT_DEMO_EXPANSION,2026-09-23,Synthetic/demo relationship; not a verified commercial contract.,SYNTHETIC_DEMO
SUP00588,PROD00116,MANUFACTURES,MEDIUM,11.19,30,PROJECT_DEMO_EXPANSION,2026-09-23,Synthetic/demo relationship; not a verified commercial contract.,SYNTHETIC_DEMO
SUP00589,PROD00123,MANUFACTURES,HIGH,35.95,45,PROJECT_DEMO_EXPANSION,2026-09-23,Synthetic/demo relationship; not a verified commercial contract.,SYNTHETIC_DEMO
SUP00590,PROD00130,DISTRIBUTES,HIGH,27.88,21,PROJECT_DEMO_EXPANSION,2026-09-23,Synthetic/demo relationship; not a verified commercial contract.,SYNTHETIC_DEMO
SUP00591,PROD00137,MANUFACTURES,HIGH,21.79,14,PROJECT_DEMO_EXPANSION,2026-09-23,Synthetic/demo relationship; not a verified commercial contract.,SYNTHETIC_DEMO
SUP00592,PROD00144,SUPPLIES,LOW,30.66,7,PROJECT_DEMO_EXPANSION,2026-09-23,Synthetic/demo relationship; not a verified commercial contract.,SYNTHETIC_DEMO
SUP00593,PROD00151,SUPPLIES,HIGH,19.93,7,PROJECT_DEMO_EXPANSION,2026-09-23,Synthetic/demo relationship; not a verified commercial contract.,SYNTHETIC_DEMO
SUP00594,PROD00158,DISTRIBUTES,HIGH,13.53,30,PROJECT_DEMO_EXPANSION,2026-09-23,Synthetic/demo relationship; not a verified commercial contract.,SYNTHETIC_DEMO
SUP00595,PROD00165,MANUFACTURES,HIGH,24.27,7,PROJECT_DEMO_EXPANSION,2026-09-23,Synthetic/demo relationship; not a verified commercial contract.,SYNTHETIC_DEMO
SUP00596,PROD00172,SUPPLIES,HIGH,37.62,60,PROJECT_DEMO_EXPANSION,2026-09-23,Synthetic/demo relationship; not a verified commercial contract.,SYNTHETIC_DEMO
SUP00597,PROD00179,SUPPLIES,MEDIUM,6.78,90,PROJECT_DEMO_EXPANSION,2026-09-23,Synthetic/demo relationship; not a verified commercial contract.,SYNTHETIC_DEMO
SUP00598,PROD00186,MANUFACTURES,MEDIUM,36.3,7,PROJECT_DEMO_EXPANSION,2026-09-23,Synthetic/demo relationship; not a verified commercial contract.,SYNTHETIC_DEMO
SUP00599,PROD00193,DISTRIBUTES,LOW,38.27,14,PROJECT_DEMO_EXPANSION,2026-09-23,Synthetic/demo relationship; not a verified commercial contract.,SYNTHETIC_DEMO
SUP00600,PROD00200,SUPPLIES,MEDIUM,18.17,21,PROJECT_DEMO_EXPANSION,2026-09-23,Synthetic/demo relationship; not a verified commercial contract.,SYNTHETIC_DEMO
SUP00601,PROD00207,DISTRIBUTES,MEDIUM,22.52,30,PROJECT_DEMO_EXPANSION,2026-09-23,Synthetic/demo relationship; not a verified commercial contract.,SYNTHETIC_DEMO
SUP00602,PROD00214,DISTRIBUTES,MEDIUM,26.23,45,PROJECT_DEMO_EXPANSION,2026-09-23,Synthetic/demo relationship; not a verified commercial contract.,SYNTHETIC_DEMO
SUP00603,PROD00221,DISTRIBUTES,LOW,8.11,7,PROJECT_DEMO_EXPANSION,2026-09-23,Synthetic/demo relationship; not a verified commercial contract.,SYNTHETIC_DEMO
SUP00604,PROD00228,DISTRIBUTES,LOW,26.84,30,PROJECT_DEMO_EXPANSION,2026-09-23,Synthetic/demo relationship; not a verified commercial contract.,SYNTHETIC_DEMO
SUP00605,PROD00235,SUPPLIES,LOW,16.0,45,PROJECT_DEMO_EXPANSION,2026-09-23,Synthetic/demo relationship; not a verified commercial contract.,SYNTHETIC_DEMO
SUP00606,PROD00242,SUPPLIES,MEDIUM,6.94,45,PROJECT_DEMO_EXPANSION,2026-09-23,Synthetic/demo relationship; not a verified commercial contract.,SYNTHETIC_DEMO
SUP00607,PROD00249,MANUFACTURES,HIGH,34.11,7,PROJECT_DEMO_EXPANSION,2026-09-23,Synthetic/demo relationship; not a verified commercial contract.,SYNTHETIC_DEMO
SUP00608,PROD00256,SUPPLIES,HIGH,12.78,14,PROJECT_DEMO_EXPANSION,2026-09-23,Synthetic/demo relationship; not a verified commercial contract.,SYNTHETIC_DEMO
SUP00609,PROD00263,SUPPLIES,LOW,23.37,7,PROJECT_DEMO_EXPANSION,2026-09-23,Synthetic/demo relationship; not a verified commercial contract.,SYNTHETIC_DEMO
SUP00610,PROD00270,MANUFACTURES,MEDIUM,19.12,30,PROJECT_DEMO_EXPANSION,2026-09-23,Synthetic/demo relationship; not a verified commercial contract.,SYNTHETIC_DEMO
SUP00611,PROD00277,SUPPLIES,MEDIUM,5.04,21,PROJECT_DEMO_EXPANSION,2026-09-23,Synthetic/demo relationship; not a verified commercial contract.,SYNTHETIC_DEMO
SUP00612,PROD00284,DISTRIBUTES,HIGH,12.15,21,PROJECT_DEMO_EXPANSION,2026-09-23,Synthetic/demo relationship; not a verified commercial contract.,SYNTHETIC_DEMO
SUP00613,PROD00291,SUPPLIES,HIGH,28.51,30,PROJECT_DEMO_EXPANSION,2026-09-23,Synthetic/demo relationship; not a verified commercial contract.,SYNTHETIC_DEMO
SUP00614,PROD00298,SUPPLIES,LOW,34.19,90,PROJECT_DEMO_EXPANSION,2026-09-23,Synthetic/demo relationship; not a verified commercial contract.,SYNTHETIC_DEMO
SUP00615,PROD00305,DISTRIBUTES,MEDIUM,20.53,30,PROJECT_DEMO_EXPANSION,2026-09-23,Synthetic/demo relationship; not a verified commercial contract.,SYNTHETIC_DEMO
SUP00616,PROD00312,MANUFACTURES,LOW,16.67,7,PROJECT_DEMO_EXPANSION,2026-09-23,Synthetic/demo relationship; not a verified commercial contract.,SYNTHETIC_DEMO
SUP00617,PROD00319,SUPPLIES,HIGH,14.44,14,PROJECT_DEMO_EXPANSION,2026-09-23,Synthetic/demo relationship; not a verified commercial contract.,SYNTHETIC_DEMO
SUP00618,PROD00326,SUPPLIES,HIGH,19.51,90,PROJECT_DEMO_EXPANSION,2026-09-23,Synthetic/demo relationship; not a verified commercial contract.,SYNTHETIC_DEMO
SUP00619,PROD00333,DISTRIBUTES,LOW,33.11,14,PROJECT_DEMO_EXPANSION,2026-09-23,Synthetic/demo relationship; not a verified commercial contract.,SYNTHETIC_DEMO
SUP00620,PROD00340,SUPPLIES,HIGH,17.04,60,PROJECT_DEMO_EXPANSION,2026-09-23,Synthetic/demo relationship; not a verified commercial contract.,SYNTHETIC_DEMO
SUP00621,PROD00347,MANUFACTURES,MEDIUM,34.93,21,PROJECT_DEMO_EXPANSION,2026-09-23,Synthetic/demo relationship; not a verified commercial contract.,SYNTHETIC_DEMO
SUP00622,PROD00354,DISTRIBUTES,LOW,5.17,90,PROJECT_DEMO_EXPANSION,2026-09-23,Synthetic/demo relationship; not a verified commercial contract.,SYNTHETIC_DEMO
SUP00623,PROD00361,MANUFACTURES,HIGH,34.87,90,PROJECT_DEMO_EXPANSION,2026-09-23,Synthetic/demo relationship; not a verified commercial contract.,SYNTHETIC_DEMO
SUP00624,PROD00368,SUPPLIES,MEDIUM,36.22,90,PROJECT_DEMO_EXPANSION,2026-09-23,Synthetic/demo relationship; not a verified commercial contract.,SYNTHETIC_DEMO
SUP00625,PROD00375,DISTRIBUTES,HIGH,18.18,60,PROJECT_DEMO_EXPANSION,2026-09-23,Synthetic/demo relationship; not a verified commercial contract.,SYNTHETIC_DEMO
SUP00626,PROD00382,DISTRIBUTES,HIGH,22.07,45,PROJECT_DEMO_EXPANSION,2026-09-23,Synthetic/demo relationship; not a verified commercial contract.,SYNTHETIC_DEMO
SUP00627,PROD00389,MANUFACTURES,LOW,25.18,45,PROJECT_DEMO_EXPANSION,2026-09-23,Synthetic/demo relationship; not a verified commercial contract.,SYNTHETIC_DEMO
SUP00628,PROD00396,SUPPLIES,LOW,28.18,45,PROJECT_DEMO_EXPANSION,2026-09-23,Synthetic/demo relationship; not a verified commercial contract.,SYNTHETIC_DEMO
SUP00629,PROD00403,DISTRIBUTES,LOW,32.5,45,PROJECT_DEMO_EXPANSION,2026-09-23,Synthetic/demo relationship; not a verified commercial contract.,SYNTHETIC_DEMO
SUP00630,PROD00410,SUPPLIES,LOW,20.75,21,PROJECT_DEMO_EXPANSION,2026-09-23,Synthetic/demo relationship; not a verified commercial contract.,SYNTHETIC_DEMO
SUP00631,PROD00417,SUPPLIES,HIGH,25.51,7,PROJECT_DEMO_EXPANSION,2026-09-23,Synthetic/demo relationship; not a verified commercial contract.,SYNTHETIC_DEMO
SUP00632,PROD00424,SUPPLIES,LOW,28.03,21,PROJECT_DEMO_EXPANSION,2026-09-23,Synthetic/demo relationship; not a verified commercial contract.,SYNTHETIC_DEMO
SUP00633,PROD00431,SUPPLIES,LOW,34.9,90,PROJECT_DEMO_EXPANSION,2026-09-23,Synthetic/demo relationship; not a verified commercial contract.,SYNTHETIC_DEMO
SUP00634,PROD00438,DISTRIBUTES,HIGH,29.96,45,PROJECT_DEMO_EXPANSION,2026-09-23,Synthetic/demo relationship; not a verified commercial contract.,SYNTHETIC_DEMO
SUP00635,PROD00445,MANUFACTURES,HIGH,2.81,21,PROJECT_DEMO_EXPANSION,2026-09-23,Synthetic/demo relationship; not a verified commercial contract.,SYNTHETIC_DEMO
SUP00636,PROD00452,MANUFACTURES,MEDIUM,7.71,45,PROJECT_DEMO_EXPANSION,2026-09-23,Synthetic/demo relationship; not a verified commercial contract.,SYNTHETIC_DEMO
SUP00637,PROD00459,DISTRIBUTES,HIGH,15.21,45,PROJECT_DEMO_EXPANSION,2026-09-23,Synthetic/demo relationship; not a verified commercial contract.,SYNTHETIC_DEMO
SUP00638,PROD00466,SUPPLIES,HIGH,15.9,60,PROJECT_DEMO_EXPANSION,2026-09-23,Synthetic/demo relationship; not a verified commercial contract.,SYNTHETIC_DEMO
SUP00639,PROD00473,MANUFACTURES,LOW,13.29,21,PROJECT_DEMO_EXPANSION,2026-09-23,Synthetic/demo relationship; not a verified commercial contract.,SYNTHETIC_DEMO
SUP00640,PROD00480,SUPPLIES,HIGH,27.53,45,PROJECT_DEMO_EXPANSION,2026-09-23,Synthetic/demo relationship; not a verified commercial contract.,SYNTHETIC_DEMO
SUP00641,PROD00487,MANUFACTURES,LOW,17.27,45,PROJECT_DEMO_EXPANSION,2026-09-23,Synthetic/demo relationship; not a verified commercial contract.,SYNTHETIC_DEMO
SUP00642,PROD00494,DISTRIBUTES,HIGH,28.16,60,PROJECT_DEMO_EXPANSION,2026-09-23,Synthetic/demo relationship; not a verified commercial contract.,SYNTHETIC_DEMO
SUP00643,PROD00501,DISTRIBUTES,LOW,24.36,30,PROJECT_DEMO_EXPANSION,2026-09-23,Synthetic/demo relationship; not a verified commercial contract.,SYNTHETIC_DEMO
SUP00644,PROD00508,SUPPLIES,MEDIUM,3.24,60,PROJECT_DEMO_EXPANSION,2026-09-23,Synthetic/demo relationship; not a verified commercial contract.,SYNTHETIC_DEMO
SUP00645,PROD00515,MANUFACTURES,HIGH,21.18,21,PROJECT_DEMO_EXPANSION,2026-09-23,Synthetic/demo relationship; not a verified commercial contract.,SYNTHETIC_DEMO
SUP00646,PROD00522,DISTRIBUTES,HIGH,11.29,60,PROJECT_DEMO_EXPANSION,2026-09-23,Synthetic/demo relationship; not a verified commercial contract.,SYNTHETIC_DEMO
SUP00647,PROD00529,SUPPLIES,HIGH,24.84,21,PROJECT_DEMO_EXPANSION,2026-09-23,Synthetic/demo relationship; not a verified commercial contract.,SYNTHETIC_DEMO
SUP00648,PROD00536,SUPPLIES,MEDIUM,13.91,45,PROJECT_DEMO_EXPANSION,2026-09-23,Synthetic/demo relationship; not a verified commercial contract.,SYNTHETIC_DEMO
SUP00649,PROD00543,DISTRIBUTES,MEDIUM,32.6,21,PROJECT_DEMO_EXPANSION,2026-09-23,Synthetic/demo relationship; not a verified commercial contract.,SYNTHETIC_DEMO
SUP00650,PROD00550,SUPPLIES,HIGH,39.09,60,PROJECT_DEMO_EXPANSION,2026-09-23,Synthetic/demo relationship; not a verified commercial contract.,SYNTHETIC_DEMO
SUP00651,PROD00557,SUPPLIES,MEDIUM,18.73,45,PROJECT_DEMO_EXPANSION,2026-09-23,Synthetic/demo relationship; not a verified commercial contract.,SYNTHETIC_DEMO
SUP00652,PROD00564,MANUFACTURES,HIGH,20.37,21,PROJECT_DEMO_EXPANSION,2026-09-23,Synthetic/demo relationship; not a verified commercial contract.,SYNTHETIC_DEMO
SUP00653,PROD00571,SUPPLIES,LOW,16.14,21,PROJECT_DEMO_EXPANSION,2026-09-23,Synthetic/demo relationship; not a verified commercial contract.,SYNTHETIC_DEMO
SUP00654,PROD00578,DISTRIBUTES,HIGH,13.44,21,PROJECT_DEMO_EXPANSION,2026-09-23,Synthetic/demo relationship; not a verified commercial contract.,SYNTHETIC_DEMO
SUP00655,PROD00585,MANUFACTURES,HIGH,37.7,7,PROJECT_DEMO_EXPANSION,2026-09-23,Synthetic/demo relationship; not a verified commercial contract.,SYNTHETIC_DEMO
SUP00656,PROD00592,DISTRIBUTES,HIGH,9.61,7,PROJECT_DEMO_EXPANSION,2026-09-23,Synthetic/demo relationship; not a verified commercial contract.,SYNTHETIC_DEMO
SUP00657,PROD00599,SUPPLIES,HIGH,8.6,90,PROJECT_DEMO_EXPANSION,2026-09-23,Synthetic/demo relationship; not a verified commercial contract.,SYNTHETIC_DEMO
SUP00658,PROD00606,DISTRIBUTES,MEDIUM,2.91,7,PROJECT_DEMO_EXPANSION,2026-09-23,Synthetic/demo relationship; not a verified commercial contract.,SYNTHETIC_DEMO
SUP00659,PROD00613,MANUFACTURES,MEDIUM,28.81,14,PROJECT_DEMO_EXPANSION,2026-09-23,Synthetic/demo relationship; not a verified commercial contract.,SYNTHETIC_DEMO
SUP00660,PROD00620,DISTRIBUTES,HIGH,5.11,60,PROJECT_DEMO_EXPANSION,2026-09-23,Synthetic/demo relationship; not a verified commercial contract.,SYNTHETIC_DEMO
SUP00661,PROD00627,DISTRIBUTES,MEDIUM,15.35,60,PROJECT_DEMO_EXPANSION,2026-09-23,Synthetic/demo relationship; not a verified commercial contract.,SYNTHETIC_DEMO
SUP00662,PROD00634,SUPPLIES,HIGH,27.92,21,PROJECT_DEMO_EXPANSION,2026-09-23,Synthetic/demo relationship; not a verified commercial contract.,SYNTHETIC_DEMO
SUP00663,PROD00641,DISTRIBUTES,MEDIUM,9.97,21,PROJECT_DEMO_EXPANSION,2026-09-23,Synthetic/demo relationship; not a verified commercial contract.,SYNTHETIC_DEMO
SUP00664,PROD00648,MANUFACTURES,HIGH,37.66,14,PROJECT_DEMO_EXPANSION,2026-09-23,Synthetic/demo relationship; not a verified commercial contract.,SYNTHETIC_DEMO
SUP00665,PROD00655,DISTRIBUTES,HIGH,16.29,7,PROJECT_DEMO_EXPANSION,2026-09-23,Synthetic/demo relationship; not a verified commercial contract.,SYNTHETIC_DEMO
SUP00666,PROD00662,MANUFACTURES,MEDIUM,12.03,90,PROJECT_DEMO_EXPANSION,2026-09-23,Synthetic/demo relationship; not a verified commercial contract.,SYNTHETIC_DEMO
SUP00667,PROD00669,DISTRIBUTES,HIGH,36.57,21,PROJECT_DEMO_EXPANSION,2026-09-23,Synthetic/demo relationship; not a verified commercial contract.,SYNTHETIC_DEMO
SUP00668,PROD00676,DISTRIBUTES,MEDIUM,25.38,7,PROJECT_DEMO_EXPANSION,2026-09-23,Synthetic/demo relationship; not a verified commercial contract.,SYNTHETIC_DEMO
SUP00669,PROD00683,DISTRIBUTES,LOW,6.22,7,PROJECT_DEMO_EXPANSION,2026-09-23,Synthetic/demo relationship; not a verified commercial contract.,SYNTHETIC_DEMO
SUP00670,PROD00690,MANUFACTURES,LOW,9.38,7,PROJECT_DEMO_EXPANSION,2026-09-23,Synthetic/demo relationship; not a verified commercial contract.,SYNTHETIC_DEMO
SUP00671,PROD00697,SUPPLIES,HIGH,3.33,30,PROJECT_DEMO_EXPANSION,2026-09-23,Synthetic/demo relationship; not a verified commercial contract.,SYNTHETIC_DEMO
SUP00672,PROD00704,DISTRIBUTES,MEDIUM,29.08,90,PROJECT_DEMO_EXPANSION,2026-09-23,Synthetic/demo relationship; not a verified commercial contract.,SYNTHETIC_DEMO
SUP00673,PROD00711,SUPPLIES,LOW,2.07,45,PROJECT_DEMO_EXPANSION,2026-09-23,Synthetic/demo relationship; not a verified commercial contract.,SYNTHETIC_DEMO
SUP00674,PROD00718,DISTRIBUTES,MEDIUM,31.24,21,PROJECT_DEMO_EXPANSION,2026-09-23,Synthetic/demo relationship; not a verified commercial contract.,SYNTHETIC_DEMO
SUP00675,PROD00725,SUPPLIES,LOW,16.35,14,PROJECT_DEMO_EXPANSION,2026-09-23,Synthetic/demo relationship; not a verified commercial contract.,SYNTHETIC_DEMO
SUP00676,PROD00732,MANUFACTURES,HIGH,15.66,14,PROJECT_DEMO_EXPANSION,2026-09-23,Synthetic/demo relationship; not a verified commercial contract.,SYNTHETIC_DEMO
SUP00677,PROD00739,MANUFACTURES,MEDIUM,12.94,60,PROJECT_DEMO_EXPANSION,2026-09-23,Synthetic/demo relationship; not a verified commercial contract.,SYNTHETIC_DEMO
SUP00678,PROD00746,DISTRIBUTES,HIGH,38.97,60,PROJECT_DEMO_EXPANSION,2026-09-23,Synthetic/demo relationship; not a verified commercial contract.,SYNTHETIC_DEMO
SUP00679,PROD00753,DISTRIBUTES,MEDIUM,39.69,7,PROJECT_DEMO_EXPANSION,2026-09-23,Synthetic/demo relationship; not a verified commercial contract.,SYNTHETIC_DEMO
SUP00680,PROD00760,MANUFACTURES,MEDIUM,29.35,14,PROJECT_DEMO_EXPANSION,2026-09-23,Synthetic/demo relationship; not a verified commercial contract.,SYNTHETIC_DEMO
SUP00681,PROD00767,SUPPLIES,HIGH,35.76,30,PROJECT_DEMO_EXPANSION,2026-09-23,Synthetic/demo relationship; not a verified commercial contract.,SYNTHETIC_DEMO
SUP00682,PROD00774,MANUFACTURES,LOW,6.86,30,PROJECT_DEMO_EXPANSION,2026-09-23,Synthetic/demo relationship; not a verified commercial contract.,SYNTHETIC_DEMO
SUP00683,PROD00781,DISTRIBUTES,HIGH,3.16,60,PROJECT_DEMO_EXPANSION,2026-09-23,Synthetic/demo relationship; not a verified commercial contract.,SYNTHETIC_DEMO
SUP00684,PROD00788,SUPPLIES,MEDIUM,8.37,30,PROJECT_DEMO_EXPANSION,2026-09-23,Synthetic/demo relationship; not a verified commercial contract.,SYNTHETIC_DEMO
SUP00685,PROD00795,SUPPLIES,LOW,5.66,21,PROJECT_DEMO_EXPANSION,2026-09-23,Synthetic/demo relationship; not a verified commercial contract.,SYNTHETIC_DEMO
SUP00686,PROD00802,MANUFACTURES,LOW,23.05,30,PROJECT_DEMO_EXPANSION,2026-09-23,Synthetic/demo relationship; not a verified commercial contract.,SYNTHETIC_DEMO
SUP00687,PROD00809,MANUFACTURES,HIGH,30.97,21,PROJECT_DEMO_EXPANSION,2026-09-23,Synthetic/demo relationship; not a verified commercial contract.,SYNTHETIC_DEMO
SUP00688,PROD00816,MANUFACTURES,HIGH,26.66,45,PROJECT_DEMO_EXPANSION,2026-09-23,Synthetic/demo relationship; not a verified commercial contract.,SYNTHETIC_DEMO
SUP00689,PROD00823,MANUFACTURES,LOW,7.3,60,PROJECT_DEMO_EXPANSION,2026-09-23,Synthetic/demo relationship; not a verified commercial contract.,SYNTHETIC_DEMO
SUP00690,PROD00830,MANUFACTURES,HIGH,26.98,21,PROJECT_DEMO_EXPANSION,2026-09-23,Synthetic/demo relationship; not a verified commercial contract.,SYNTHETIC_DEMO
SUP00691,PROD00837,DISTRIBUTES,HIGH,38.49,7,PROJECT_DEMO_EXPANSION,2026-09-23,Synthetic/demo relationship; not a verified commercial contract.,SYNTHETIC_DEMO
SUP00692,PROD00844,DISTRIBUTES,HIGH,6.05,90,PROJECT_DEMO_EXPANSION,2026-09-23,Synthetic/demo relationship; not a verified commercial contract.,SYNTHETIC_DEMO
SUP00693,PROD00851,MANUFACTURES,MEDIUM,16.19,30,PROJECT_DEMO_EXPANSION,2026-09-23,Synthetic/demo relationship; not a verified commercial contract.,SYNTHETIC_DEMO
SUP00694,PROD00858,MANUFACTURES,HIGH,32.2,60,PROJECT_DEMO_EXPANSION,2026-09-23,Synthetic/demo relationship; not a verified commercial contract.,SYNTHETIC_DEMO
SUP00695,PROD00865,SUPPLIES,LOW,14.99,30,PROJECT_DEMO_EXPANSION,2026-09-23,Synthetic/demo relationship; not a verified commercial contract.,SYNTHETIC_DEMO
SUP00696,PROD00872,SUPPLIES,HIGH,11.34,60,PROJECT_DEMO_EXPANSION,2026-09-23,Synthetic/demo relationship; not a verified commercial contract.,SYNTHETIC_DEMO
SUP00697,PROD00879,DISTRIBUTES,HIGH,13.09,7,PROJECT_DEMO_EXPANSION,2026-09-23,Synthetic/demo relationship; not a verified commercial contract.,SYNTHETIC_DEMO
SUP00698,PROD00886,MANUFACTURES,MEDIUM,25.2,7,PROJECT_DEMO_EXPANSION,2026-09-23,Synthetic/demo relationship; not a verified commercial contract.,SYNTHETIC_DEMO
SUP00699,PROD00893,DISTRIBUTES,LOW,21.13,90,PROJECT_DEMO_EXPANSION,2026-09-23,Synthetic/demo relationship; not a verified commercial contract.,SYNTHETIC_DEMO
SUP00700,PROD00900,MANUFACTURES,LOW,38.1,21,PROJECT_DEMO_EXPANSION,2026-09-23,Synthetic/demo relationship; not a verified commercial contract.,SYNTHETIC_DEMO
SUP00701,PROD00907,SUPPLIES,LOW,16.95,45,PROJECT_DEMO_EXPANSION,2026-09-23,Synthetic/demo relationship; not a verified commercial contract.,SYNTHETIC_DEMO
SUP00702,PROD00914,SUPPLIES,MEDIUM,38.34,14,PROJECT_DEMO_EXPANSION,2026-09-23,Synthetic/demo relationship; not a verified commercial contract.,SYNTHETIC_DEMO
SUP00703,PROD00921,DISTRIBUTES,LOW,36.18,14,PROJECT_DEMO_EXPANSION,2026-09-23,Synthetic/demo relationship; not a verified commercial contract.,SYNTHETIC_DEMO
SUP00704,PROD00928,DISTRIBUTES,LOW,13.09,30,PROJECT_DEMO_EXPANSION,2026-09-23,Synthetic/demo relationship; not a verified commercial contract.,SYNTHETIC_DEMO
SUP00705,PROD00935,MANUFACTURES,MEDIUM,13.85,60,PROJECT_DEMO_EXPANSION,2026-09-23,Synthetic/demo relationship; not a verified commercial contract.,SYNTHETIC_DEMO
SUP00706,PROD00942,SUPPLIES,HIGH,39.4,21,PROJECT_DEMO_EXPANSION,2026-09-23,Synthetic/demo relationship; not a verified commercial contract.,SYNTHETIC_DEMO
SUP00707,PROD00949,MANUFACTURES,MEDIUM,39.07,7,PROJECT_DEMO_EXPANSION,2026-09-23,Synthetic/demo relationship; not a verified commercial contract.,SYNTHETIC_DEMO
SUP00708,PROD00956,DISTRIBUTES,LOW,19.69,60,PROJECT_DEMO_EXPANSION,2026-09-23,Synthetic/demo relationship; not a verified commercial contract.,SYNTHETIC_DEMO
SUP00709,PROD00963,DISTRIBUTES,HIGH,12.53,60,PROJECT_DEMO_EXPANSION,2026-09-23,Synthetic/demo relationship; not a verified commercial contract.,SYNTHETIC_DEMO
SUP00710,PROD00970,DISTRIBUTES,HIGH,28.41,90,PROJECT_DEMO_EXPANSION,2026-09-23,Synthetic/demo relationship; not a verified commercial contract.,SYNTHETIC_DEMO
SUP00711,PROD00977,DISTRIBUTES,MEDIUM,15.46,45,PROJECT_DEMO_EXPANSION,2026-09-23,Synthetic/demo relationship; not a verified commercial contract.,SYNTHETIC_DEMO
SUP00712,PROD00984,MANUFACTURES,LOW,21.43,14,PROJECT_DEMO_EXPANSION,2026-09-23,Synthetic/demo relationship; not a verified commercial contract.,SYNTHETIC_DEMO
SUP00713,PROD00991,DISTRIBUTES,MEDIUM,27.18,21,PROJECT_DEMO_EXPANSION,2026-09-23,Synthetic/demo relationship; not a verified commercial contract.,SYNTHETIC_DEMO
SUP00714,PROD00998,MANUFACTURES,HIGH,6.63,30,PROJECT_DEMO_EXPANSION,2026-09-23,Synthetic/demo relationship; not a verified commercial contract.,SYNTHETIC_DEMO
SUP00715,PROD00005,MANUFACTURES,LOW,13.2,45,PROJECT_DEMO_EXPANSION,2026-09-23,Synthetic/demo relationship; not a verified commercial contract.,SYNTHETIC_DEMO
SUP00716,PROD00012,DISTRIBUTES,MEDIUM,18.96,60,PROJECT_DEMO_EXPANSION,2026-09-23,Synthetic/demo relationship; not a verified commercial contract.,SYNTHETIC_DEMO
SUP00717,PROD00019,SUPPLIES,LOW,16.51,21,PROJECT_DEMO_EXPANSION,2026-09-23,Synthetic/demo relationship; not a verified commercial contract.,SYNTHETIC_DEMO
SUP00718,PROD00026,MANUFACTURES,LOW,39.29,21,PROJECT_DEMO_EXPANSION,2026-09-23,Synthetic/demo relationship; not a verified commercial contract.,SYNTHETIC_DEMO
SUP00719,PROD00033,MANUFACTURES,LOW,16.84,45,PROJECT_DEMO_EXPANSION,2026-09-23,Synthetic/demo relationship; not a verified commercial contract.,SYNTHETIC_DEMO
SUP00720,PROD00040,SUPPLIES,HIGH,36.74,7,PROJECT_DEMO_EXPANSION,2026-09-23,Synthetic/demo relationship; not a verified commercial contract.,SYNTHETIC_DEMO
SUP00721,PROD00047,MANUFACTURES,MEDIUM,32.12,45,PROJECT_DEMO_EXPANSION,2026-09-23,Synthetic/demo relationship; not a verified commercial contract.,SYNTHETIC_DEMO
SUP00722,PROD00054,SUPPLIES,HIGH,9.17,7,PROJECT_DEMO_EXPANSION,2026-09-23,Synthetic/demo relationship; not a verified commercial contract.,SYNTHETIC_DEMO
SUP00723,PROD00061,DISTRIBUTES,HIGH,27.43,45,PROJECT_DEMO_EXPANSION,2026-09-23,Synthetic/demo relationship; not a verified commercial contract.,SYNTHETIC_DEMO
SUP00724,PROD00068,SUPPLIES,HIGH,17.14,90,PROJECT_DEMO_EXPANSION,2026-09-23,Synthetic/demo relationship; not a verified commercial contract.,SYNTHETIC_DEMO
SUP00725,PROD00075,SUPPLIES,LOW,4.28,45,PROJECT_DEMO_EXPANSION,2026-09-23,Synthetic/demo relationship; not a verified commercial contract.,SYNTHETIC_DEMO
SUP00726,PROD00082,SUPPLIES,LOW,17.78,21,PROJECT_DEMO_EXPANSION,2026-09-23,Synthetic/demo relationship; not a verified commercial contract.,SYNTHETIC_DEMO
SUP00727,PROD00089,MANUFACTURES,MEDIUM,38.78,21,PROJECT_DEMO_EXPANSION,2026-09-23,Synthetic/demo relationship; not a verified commercial contract.,SYNTHETIC_DEMO
SUP00728,PROD00096,SUPPLIES,LOW,11.74,21,PROJECT_DEMO_EXPANSION,2026-09-23,Synthetic/demo relationship; not a verified commercial contract.,SYNTHETIC_DEMO
SUP00729,PROD00103,SUPPLIES,HIGH,39.28,90,PROJECT_DEMO_EXPANSION,2026-09-23,Synthetic/demo relationship; not a verified commercial contract.,SYNTHETIC_DEMO
SUP00730,PROD00110,SUPPLIES,MEDIUM,35.66,7,PROJECT_DEMO_EXPANSION,2026-09-23,Synthetic/demo relationship; not a verified commercial contract.,SYNTHETIC_DEMO
SUP00731,PROD00117,DISTRIBUTES,MEDIUM,3.12,90,PROJECT_DEMO_EXPANSION,2026-09-23,Synthetic/demo relationship; not a verified commercial contract.,SYNTHETIC_DEMO
SUP00732,PROD00124,MANUFACTURES,HIGH,16.19,14,PROJECT_DEMO_EXPANSION,2026-09-23,Synthetic/demo relationship; not a verified commercial contract.,SYNTHETIC_DEMO
SUP00733,PROD00131,SUPPLIES,LOW,25.86,45,PROJECT_DEMO_EXPANSION,2026-09-23,Synthetic/demo relationship; not a verified commercial contract.,SYNTHETIC_DEMO
SUP00734,PROD00138,MANUFACTURES,LOW,35.92,60,PROJECT_DEMO_EXPANSION,2026-09-23,Synthetic/demo relationship; not a verified commercial contract.,SYNTHETIC_DEMO
SUP00735,PROD00145,MANUFACTURES,HIGH,20.99,90,PROJECT_DEMO_EXPANSION,2026-09-23,Synthetic/demo relationship; not a verified commercial contract.,SYNTHETIC_DEMO
SUP00736,PROD00152,SUPPLIES,MEDIUM,39.43,90,PROJECT_DEMO_EXPANSION,2026-09-23,Synthetic/demo relationship; not a verified commercial contract.,SYNTHETIC_DEMO
SUP00737,PROD00159,DISTRIBUTES,MEDIUM,33.79,21,PROJECT_DEMO_EXPANSION,2026-09-23,Synthetic/demo relationship; not a verified commercial contract.,SYNTHETIC_DEMO
SUP00738,PROD00166,MANUFACTURES,MEDIUM,10.05,14,PROJECT_DEMO_EXPANSION,2026-09-23,Synthetic/demo relationship; not a verified commercial contract.,SYNTHETIC_DEMO
SUP00739,PROD00173,DISTRIBUTES,HIGH,35.8,21,PROJECT_DEMO_EXPANSION,2026-09-23,Synthetic/demo relationship; not a verified commercial contract.,SYNTHETIC_DEMO
SUP00740,PROD00180,SUPPLIES,LOW,14.49,14,PROJECT_DEMO_EXPANSION,2026-09-23,Synthetic/demo relationship; not a verified commercial contract.,SYNTHETIC_DEMO
SUP00741,PROD00187,DISTRIBUTES,HIGH,26.74,7,PROJECT_DEMO_EXPANSION,2026-09-23,Synthetic/demo relationship; not a verified commercial contract.,SYNTHETIC_DEMO
SUP00742,PROD00194,SUPPLIES,HIGH,14.2,90,PROJECT_DEMO_EXPANSION,2026-09-23,Synthetic/demo relationship; not a verified commercial contract.,SYNTHETIC_DEMO
SUP00743,PROD00201,MANUFACTURES,MEDIUM,31.53,14,PROJECT_DEMO_EXPANSION,2026-09-23,Synthetic/demo relationship; not a verified commercial contract.,SYNTHETIC_DEMO
SUP00744,PROD00208,MANUFACTURES,LOW,20.02,60,PROJECT_DEMO_EXPANSION,2026-09-23,Synthetic/demo relationship; not a verified commercial contract.,SYNTHETIC_DEMO
SUP00745,PROD00215,DISTRIBUTES,HIGH,32.41,14,PROJECT_DEMO_EXPANSION,2026-09-23,Synthetic/demo relationship; not a verified commercial contract.,SYNTHETIC_DEMO
SUP00746,PROD00222,MANUFACTURES,LOW,5.69,7,PROJECT_DEMO_EXPANSION,2026-09-23,Synthetic/demo relationship; not a verified commercial contract.,SYNTHETIC_DEMO
SUP00747,PROD00229,DISTRIBUTES,MEDIUM,36.57,30,PROJECT_DEMO_EXPANSION,2026-09-23,Synthetic/demo relationship; not a verified commercial contract.,SYNTHETIC_DEMO
SUP00748,PROD00236,DISTRIBUTES,HIGH,12.66,45,PROJECT_DEMO_EXPANSION,2026-09-23,Synthetic/demo relationship; not a verified commercial contract.,SYNTHETIC_DEMO
SUP00749,PROD00243,MANUFACTURES,HIGH,9.61,45,PROJECT_DEMO_EXPANSION,2026-09-23,Synthetic/demo relationship; not a verified commercial contract.,SYNTHETIC_DEMO
SUP00750,PROD00250,MANUFACTURES,MEDIUM,7.37,14,PROJECT_DEMO_EXPANSION,2026-09-23,Synthetic/demo relationship; not a verified commercial contract.,SYNTHETIC_DEMO
SUP00751,PROD00257,MANUFACTURES,HIGH,24.35,21,PROJECT_DEMO_EXPANSION,2026-09-23,Synthetic/demo relationship; not a verified commercial contract.,SYNTHETIC_DEMO
SUP00752,PROD00264,SUPPLIES,LOW,1.62,14,PROJECT_DEMO_EXPANSION,2026-09-23,Synthetic/demo relationship; not a verified commercial contract.,SYNTHETIC_DEMO
SUP00753,PROD00271,MANUFACTURES,HIGH,22.26,14,PROJECT_DEMO_EXPANSION,2026-09-23,Synthetic/demo relationship; not a verified commercial contract.,SYNTHETIC_DEMO
SUP00754,PROD00278,DISTRIBUTES,HIGH,11.36,30,PROJECT_DEMO_EXPANSION,2026-09-23,Synthetic/demo relationship; not a verified commercial contract.,SYNTHETIC_DEMO
SUP00755,PROD00285,DISTRIBUTES,LOW,9.38,45,PROJECT_DEMO_EXPANSION,2026-09-23,Synthetic/demo relationship; not a verified commercial contract.,SYNTHETIC_DEMO
SUP00756,PROD00292,SUPPLIES,MEDIUM,15.11,90,PROJECT_DEMO_EXPANSION,2026-09-23,Synthetic/demo relationship; not a verified commercial contract.,SYNTHETIC_DEMO
SUP00757,PROD00299,SUPPLIES,HIGH,8.31,30,PROJECT_DEMO_EXPANSION,2026-09-23,Synthetic/demo relationship; not a verified commercial contract.,SYNTHETIC_DEMO
SUP00758,PROD00306,DISTRIBUTES,MEDIUM,28.65,7,PROJECT_DEMO_EXPANSION,2026-09-23,Synthetic/demo relationship; not a verified commercial contract.,SYNTHETIC_DEMO
SUP00759,PROD00313,SUPPLIES,MEDIUM,17.88,90,PROJECT_DEMO_EXPANSION,2026-09-23,Synthetic/demo relationship; not a verified commercial contract.,SYNTHETIC_DEMO
SUP00760,PROD00320,DISTRIBUTES,MEDIUM,1.82,30,PROJECT_DEMO_EXPANSION,2026-09-23,Synthetic/demo relationship; not a verified commercial contract.,SYNTHETIC_DEMO
SUP00761,PROD00327,DISTRIBUTES,HIGH,32.12,60,PROJECT_DEMO_EXPANSION,2026-09-23,Synthetic/demo relationship; not a verified commercial contract.,SYNTHETIC_DEMO
SUP00762,PROD00334,DISTRIBUTES,LOW,5.05,7,PROJECT_DEMO_EXPANSION,2026-09-23,Synthetic/demo relationship; not a verified commercial contract.,SYNTHETIC_DEMO
SUP00763,PROD00341,SUPPLIES,HIGH,5.07,21,PROJECT_DEMO_EXPANSION,2026-09-23,Synthetic/demo relationship; not a verified commercial contract.,SYNTHETIC_DEMO
SUP00764,PROD00348,MANUFACTURES,HIGH,32.36,90,PROJECT_DEMO_EXPANSION,2026-09-23,Synthetic/demo relationship; not a verified commercial contract.,SYNTHETIC_DEMO
SUP00765,PROD00355,MANUFACTURES,LOW,6.45,30,PROJECT_DEMO_EXPANSION,2026-09-23,Synthetic/demo relationship; not a verified commercial contract.,SYNTHETIC_DEMO
SUP00766,PROD00362,MANUFACTURES,MEDIUM,30.62,90,PROJECT_DEMO_EXPANSION,2026-09-23,Synthetic/demo relationship; not a verified commercial contract.,SYNTHETIC_DEMO
SUP00767,PROD00369,DISTRIBUTES,HIGH,17.32,45,PROJECT_DEMO_EXPANSION,2026-09-23,Synthetic/demo relationship; not a verified commercial contract.,SYNTHETIC_DEMO
SUP00768,PROD00376,DISTRIBUTES,LOW,12.45,30,PROJECT_DEMO_EXPANSION,2026-09-23,Synthetic/demo relationship; not a verified commercial contract.,SYNTHETIC_DEMO
SUP00769,PROD00383,SUPPLIES,MEDIUM,2.58,45,PROJECT_DEMO_EXPANSION,2026-09-23,Synthetic/demo relationship; not a verified commercial contract.,SYNTHETIC_DEMO
SUP00770,PROD00390,DISTRIBUTES,LOW,19.72,60,PROJECT_DEMO_EXPANSION,2026-09-23,Synthetic/demo relationship; not a verified commercial contract.,SYNTHETIC_DEMO
SUP00771,PROD00397,SUPPLIES,HIGH,19.21,45,PROJECT_DEMO_EXPANSION,2026-09-23,Synthetic/demo relationship; not a verified commercial contract.,SYNTHETIC_DEMO
SUP00772,PROD00404,MANUFACTURES,LOW,10.61,90,PROJECT_DEMO_EXPANSION,2026-09-23,Synthetic/demo relationship; not a verified commercial contract.,SYNTHETIC_DEMO
SUP00773,PROD00411,SUPPLIES,LOW,36.27,60,PROJECT_DEMO_EXPANSION,2026-09-23,Synthetic/demo relationship; not a verified commercial contract.,SYNTHETIC_DEMO
SUP00774,PROD00418,SUPPLIES,LOW,26.58,45,PROJECT_DEMO_EXPANSION,2026-09-23,Synthetic/demo relationship; not a verified commercial contract.,SYNTHETIC_DEMO
SUP00775,PROD00425,DISTRIBUTES,LOW,29.56,7,PROJECT_DEMO_EXPANSION,2026-09-23,Synthetic/demo relationship; not a verified commercial contract.,SYNTHETIC_DEMO
SUP00776,PROD00432,SUPPLIES,HIGH,27.27,21,PROJECT_DEMO_EXPANSION,2026-09-23,Synthetic/demo relationship; not a verified commercial contract.,SYNTHETIC_DEMO
SUP00777,PROD00439,SUPPLIES,MEDIUM,24.74,30,PROJECT_DEMO_EXPANSION,2026-09-23,Synthetic/demo relationship; not a verified commercial contract.,SYNTHETIC_DEMO
SUP00778,PROD00446,DISTRIBUTES,LOW,25.55,45,PROJECT_DEMO_EXPANSION,2026-09-23,Synthetic/demo relationship; not a verified commercial contract.,SYNTHETIC_DEMO
SUP00779,PROD00453,SUPPLIES,HIGH,28.38,14,PROJECT_DEMO_EXPANSION,2026-09-23,Synthetic/demo relationship; not a verified commercial contract.,SYNTHETIC_DEMO
SUP00780,PROD00460,MANUFACTURES,HIGH,30.18,30,PROJECT_DEMO_EXPANSION,2026-09-23,Synthetic/demo relationship; not a verified commercial contract.,SYNTHETIC_DEMO
SUP00781,PROD00467,DISTRIBUTES,MEDIUM,4.79,7,PROJECT_DEMO_EXPANSION,2026-09-23,Synthetic/demo relationship; not a verified commercial contract.,SYNTHETIC_DEMO
SUP00782,PROD00474,DISTRIBUTES,LOW,22.72,7,PROJECT_DEMO_EXPANSION,2026-09-23,Synthetic/demo relationship; not a verified commercial contract.,SYNTHETIC_DEMO
SUP00783,PROD00481,SUPPLIES,LOW,11.52,90,PROJECT_DEMO_EXPANSION,2026-09-23,Synthetic/demo relationship; not a verified commercial contract.,SYNTHETIC_DEMO
SUP00784,PROD00488,MANUFACTURES,HIGH,28.99,90,PROJECT_DEMO_EXPANSION,2026-09-23,Synthetic/demo relationship; not a verified commercial contract.,SYNTHETIC_DEMO
SUP00785,PROD00495,SUPPLIES,HIGH,31.46,60,PROJECT_DEMO_EXPANSION,2026-09-23,Synthetic/demo relationship; not a verified commercial contract.,SYNTHETIC_DEMO
SUP00786,PROD00502,SUPPLIES,LOW,25.6,60,PROJECT_DEMO_EXPANSION,2026-09-23,Synthetic/demo relationship; not a verified commercial contract.,SYNTHETIC_DEMO
SUP00787,PROD00509,SUPPLIES,LOW,15.38,45,PROJECT_DEMO_EXPANSION,2026-09-23,Synthetic/demo relationship; not a verified commercial contract.,SYNTHETIC_DEMO
SUP00788,PROD00516,MANUFACTURES,HIGH,12.23,30,PROJECT_DEMO_EXPANSION,2026-09-23,Synthetic/demo relationship; not a verified commercial contract.,SYNTHETIC_DEMO
SUP00789,PROD00523,DISTRIBUTES,LOW,9.81,30,PROJECT_DEMO_EXPANSION,2026-09-23,Synthetic/demo relationship; not a verified commercial contract.,SYNTHETIC_DEMO
SUP00790,PROD00530,DISTRIBUTES,MEDIUM,32.66,7,PROJECT_DEMO_EXPANSION,2026-09-23,Synthetic/demo relationship; not a verified commercial contract.,SYNTHETIC_DEMO
SUP00791,PROD00537,MANUFACTURES,LOW,39.39,7,PROJECT_DEMO_EXPANSION,2026-09-23,Synthetic/demo relationship; not a verified commercial contract.,SYNTHETIC_DEMO
SUP00792,PROD00544,SUPPLIES,LOW,34.3,30,PROJECT_DEMO_EXPANSION,2026-09-23,Synthetic/demo relationship; not a verified commercial contract.,SYNTHETIC_DEMO
SUP00793,PROD00551,MANUFACTURES,MEDIUM,11.07,7,PROJECT_DEMO_EXPANSION,2026-09-23,Synthetic/demo relationship; not a verified commercial contract.,SYNTHETIC_DEMO
SUP00794,PROD00558,DISTRIBUTES,LOW,31.89,90,PROJECT_DEMO_EXPANSION,2026-09-23,Synthetic/demo relationship; not a verified commercial contract.,SYNTHETIC_DEMO
SUP00795,PROD00565,SUPPLIES,HIGH,20.52,90,PROJECT_DEMO_EXPANSION,2026-09-23,Synthetic/demo relationship; not a verified commercial contract.,SYNTHETIC_DEMO
SUP00796,PROD00572,DISTRIBUTES,MEDIUM,11.9,60,PROJECT_DEMO_EXPANSION,2026-09-23,Synthetic/demo relationship; not a verified commercial contract.,SYNTHETIC_DEMO
SUP00797,PROD00579,DISTRIBUTES,MEDIUM,9.15,21,PROJECT_DEMO_EXPANSION,2026-09-23,Synthetic/demo relationship; not a verified commercial contract.,SYNTHETIC_DEMO
SUP00798,PROD00586,SUPPLIES,LOW,14.63,60,PROJECT_DEMO_EXPANSION,2026-09-23,Synthetic/demo relationship; not a verified commercial contract.,SYNTHETIC_DEMO
SUP00799,PROD00593,MANUFACTURES,HIGH,24.23,14,PROJECT_DEMO_EXPANSION,2026-09-23,Synthetic/demo relationship; not a verified commercial contract.,SYNTHETIC_DEMO
SUP00800,PROD00600,MANUFACTURES,HIGH,6.08,30,PROJECT_DEMO_EXPANSION,2026-09-23,Synthetic/demo relationship; not a verified commercial contract.,SYNTHETIC_DEMO
SUP00801,PROD00607,MANUFACTURES,LOW,4.01,7,PROJECT_DEMO_EXPANSION,2026-09-23,Synthetic/demo relationship; not a verified commercial contract.,SYNTHETIC_DEMO
SUP00802,PROD00614,DISTRIBUTES,LOW,18.87,90,PROJECT_DEMO_EXPANSION,2026-09-23,Synthetic/demo relationship; not a verified commercial contract.,SYNTHETIC_DEMO
SUP00803,PROD00621,DISTRIBUTES,LOW,12.98,7,PROJECT_DEMO_EXPANSION,2026-09-23,Synthetic/demo relationship; not a verified commercial contract.,SYNTHETIC_DEMO
SUP00804,PROD00628,SUPPLIES,MEDIUM,32.41,45,PROJECT_DEMO_EXPANSION,2026-09-23,Synthetic/demo relationship; not a verified commercial contract.,SYNTHETIC_DEMO
SUP00805,PROD00635,DISTRIBUTES,LOW,24.39,14,PROJECT_DEMO_EXPANSION,2026-09-23,Synthetic/demo relationship; not a verified commercial contract.,SYNTHETIC_DEMO
SUP00806,PROD00642,MANUFACTURES,MEDIUM,31.49,30,PROJECT_DEMO_EXPANSION,2026-09-23,Synthetic/demo relationship; not a verified commercial contract.,SYNTHETIC_DEMO
SUP00807,PROD00649,DISTRIBUTES,LOW,21.2,14,PROJECT_DEMO_EXPANSION,2026-09-23,Synthetic/demo relationship; not a verified commercial contract.,SYNTHETIC_DEMO
SUP00808,PROD00656,SUPPLIES,LOW,38.71,90,PROJECT_DEMO_EXPANSION,2026-09-23,Synthetic/demo relationship; not a verified commercial contract.,SYNTHETIC_DEMO
SUP00809,PROD00663,SUPPLIES,MEDIUM,37.29,7,PROJECT_DEMO_EXPANSION,2026-09-23,Synthetic/demo relationship; not a verified commercial contract.,SYNTHETIC_DEMO
SUP00810,PROD00670,MANUFACTURES,MEDIUM,36.39,60,PROJECT_DEMO_EXPANSION,2026-09-23,Synthetic/demo relationship; not a verified commercial contract.,SYNTHETIC_DEMO
SUP00811,PROD00677,DISTRIBUTES,HIGH,16.22,30,PROJECT_DEMO_EXPANSION,2026-09-23,Synthetic/demo relationship; not a verified commercial contract.,SYNTHETIC_DEMO
SUP00812,PROD00684,SUPPLIES,LOW,33.42,60,PROJECT_DEMO_EXPANSION,2026-09-23,Synthetic/demo relationship; not a verified commercial contract.,SYNTHETIC_DEMO
SUP00813,PROD00691,MANUFACTURES,HIGH,31.38,45,PROJECT_DEMO_EXPANSION,2026-09-23,Synthetic/demo relationship; not a verified commercial contract.,SYNTHETIC_DEMO
SUP00814,PROD00698,SUPPLIES,HIGH,38.08,60,PROJECT_DEMO_EXPANSION,2026-09-23,Synthetic/demo relationship; not a verified commercial contract.,SYNTHETIC_DEMO
SUP00815,PROD00705,SUPPLIES,LOW,16.43,60,PROJECT_DEMO_EXPANSION,2026-09-23,Synthetic/demo relationship; not a verified commercial contract.,SYNTHETIC_DEMO
SUP00816,PROD00712,MANUFACTURES,MEDIUM,22.0,60,PROJECT_DEMO_EXPANSION,2026-09-23,Synthetic/demo relationship; not a verified commercial contract.,SYNTHETIC_DEMO
SUP00817,PROD00719,SUPPLIES,HIGH,12.47,60,PROJECT_DEMO_EXPANSION,2026-09-23,Synthetic/demo relationship; not a verified commercial contract.,SYNTHETIC_DEMO
SUP00818,PROD00726,MANUFACTURES,HIGH,9.05,21,PROJECT_DEMO_EXPANSION,2026-09-23,Synthetic/demo relationship; not a verified commercial contract.,SYNTHETIC_DEMO
SUP00819,PROD00733,DISTRIBUTES,LOW,27.02,90,PROJECT_DEMO_EXPANSION,2026-09-23,Synthetic/demo relationship; not a verified commercial contract.,SYNTHETIC_DEMO
SUP00820,PROD00740,DISTRIBUTES,HIGH,7.23,7,PROJECT_DEMO_EXPANSION,2026-09-23,Synthetic/demo relationship; not a verified commercial contract.,SYNTHETIC_DEMO
SUP00821,PROD00747,DISTRIBUTES,MEDIUM,37.51,30,PROJECT_DEMO_EXPANSION,2026-09-23,Synthetic/demo relationship; not a verified commercial contract.,SYNTHETIC_DEMO
SUP00822,PROD00754,DISTRIBUTES,HIGH,10.53,7,PROJECT_DEMO_EXPANSION,2026-09-23,Synthetic/demo relationship; not a verified commercial contract.,SYNTHETIC_DEMO
SUP00823,PROD00761,SUPPLIES,MEDIUM,1.05,60,PROJECT_DEMO_EXPANSION,2026-09-23,Synthetic/demo relationship; not a verified commercial contract.,SYNTHETIC_DEMO
SUP00824,PROD00768,SUPPLIES,LOW,5.11,30,PROJECT_DEMO_EXPANSION,2026-09-23,Synthetic/demo relationship; not a verified commercial contract.,SYNTHETIC_DEMO
SUP00825,PROD00775,MANUFACTURES,MEDIUM,30.94,21,PROJECT_DEMO_EXPANSION,2026-09-23,Synthetic/demo relationship; not a verified commercial contract.,SYNTHETIC_DEMO
SUP00826,PROD00782,DISTRIBUTES,LOW,19.79,7,PROJECT_DEMO_EXPANSION,2026-09-23,Synthetic/demo relationship; not a verified commercial contract.,SYNTHETIC_DEMO
SUP00827,PROD00789,MANUFACTURES,HIGH,32.58,30,PROJECT_DEMO_EXPANSION,2026-09-23,Synthetic/demo relationship; not a verified commercial contract.,SYNTHETIC_DEMO
SUP00828,PROD00796,DISTRIBUTES,MEDIUM,28.1,60,PROJECT_DEMO_EXPANSION,2026-09-23,Synthetic/demo relationship; not a verified commercial contract.,SYNTHETIC_DEMO
SUP00829,PROD00803,SUPPLIES,HIGH,35.1,45,PROJECT_DEMO_EXPANSION,2026-09-23,Synthetic/demo relationship; not a verified commercial contract.,SYNTHETIC_DEMO
SUP00830,PROD00810,MANUFACTURES,HIGH,9.01,14,PROJECT_DEMO_EXPANSION,2026-09-23,Synthetic/demo relationship; not a verified commercial contract.,SYNTHETIC_DEMO
SUP00831,PROD00817,DISTRIBUTES,LOW,10.1,14,PROJECT_DEMO_EXPANSION,2026-09-23,Synthetic/demo relationship; not a verified commercial contract.,SYNTHETIC_DEMO
SUP00832,PROD00824,DISTRIBUTES,HIGH,20.74,90,PROJECT_DEMO_EXPANSION,2026-09-23,Synthetic/demo relationship; not a verified commercial contract.,SYNTHETIC_DEMO
SUP00833,PROD00831,MANUFACTURES,HIGH,8.71,60,PROJECT_DEMO_EXPANSION,2026-09-23,Synthetic/demo relationship; not a verified commercial contract.,SYNTHETIC_DEMO
SUP00834,PROD00838,DISTRIBUTES,HIGH,23.31,90,PROJECT_DEMO_EXPANSION,2026-09-23,Synthetic/demo relationship; not a verified commercial contract.,SYNTHETIC_DEMO
SUP00835,PROD00845,SUPPLIES,HIGH,13.31,90,PROJECT_DEMO_EXPANSION,2026-09-23,Synthetic/demo relationship; not a verified commercial contract.,SYNTHETIC_DEMO
SUP00836,PROD00852,SUPPLIES,LOW,12.42,45,PROJECT_DEMO_EXPANSION,2026-09-23,Synthetic/demo relationship; not a verified commercial contract.,SYNTHETIC_DEMO
SUP00837,PROD00859,SUPPLIES,HIGH,14.68,45,PROJECT_DEMO_EXPANSION,2026-09-23,Synthetic/demo relationship; not a verified commercial contract.,SYNTHETIC_DEMO
SUP00838,PROD00866,SUPPLIES,HIGH,25.62,30,PROJECT_DEMO_EXPANSION,2026-09-23,Synthetic/demo relationship; not a verified commercial contract.,SYNTHETIC_DEMO
SUP00839,PROD00873,SUPPLIES,HIGH,25.45,30,PROJECT_DEMO_EXPANSION,2026-09-23,Synthetic/demo relationship; not a verified commercial contract.,SYNTHETIC_DEMO
SUP00840,PROD00880,MANUFACTURES,HIGH,23.95,60,PROJECT_DEMO_EXPANSION,2026-09-23,Synthetic/demo relationship; not a verified commercial contract.,SYNTHETIC_DEMO
SUP00841,PROD00887,DISTRIBUTES,LOW,12.09,7,PROJECT_DEMO_EXPANSION,2026-09-23,Synthetic/demo relationship; not a verified commercial contract.,SYNTHETIC_DEMO
SUP00842,PROD00894,SUPPLIES,MEDIUM,37.71,14,PROJECT_DEMO_EXPANSION,2026-09-23,Synthetic/demo relationship; not a verified commercial contract.,SYNTHETIC_DEMO
SUP00843,PROD00901,DISTRIBUTES,MEDIUM,35.31,14,PROJECT_DEMO_EXPANSION,2026-09-23,Synthetic/demo relationship; not a verified commercial contract.,SYNTHETIC_DEMO
SUP00844,PROD00908,DISTRIBUTES,HIGH,38.89,14,PROJECT_DEMO_EXPANSION,2026-09-23,Synthetic/demo relationship; not a verified commercial contract.,SYNTHETIC_DEMO
SUP00845,PROD00915,DISTRIBUTES,MEDIUM,9.61,30,PROJECT_DEMO_EXPANSION,2026-09-23,Synthetic/demo relationship; not a verified commercial contract.,SYNTHETIC_DEMO
SUP00846,PROD00922,SUPPLIES,MEDIUM,12.81,90,PROJECT_DEMO_EXPANSION,2026-09-23,Synthetic/demo relationship; not a verified commercial contract.,SYNTHETIC_DEMO
SUP00847,PROD00929,MANUFACTURES,HIGH,19.46,60,PROJECT_DEMO_EXPANSION,2026-09-23,Synthetic/demo relationship; not a verified commercial contract.,SYNTHETIC_DEMO
SUP00848,PROD00936,MANUFACTURES,HIGH,5.29,7,PROJECT_DEMO_EXPANSION,2026-09-23,Synthetic/demo relationship; not a verified commercial contract.,SYNTHETIC_DEMO
SUP00849,PROD00943,DISTRIBUTES,LOW,32.31,90,PROJECT_DEMO_EXPANSION,2026-09-23,Synthetic/demo relationship; not a verified commercial contract.,SYNTHETIC_DEMO
SUP00850,PROD00950,DISTRIBUTES,HIGH,36.53,7,PROJECT_DEMO_EXPANSION,2026-09-23,Synthetic/demo relationship; not a verified commercial contract.,SYNTHETIC_DEMO
SUP00851,PROD00957,SUPPLIES,MEDIUM,10.05,60,PROJECT_DEMO_EXPANSION,2026-09-23,Synthetic/demo relationship; not a verified commercial contract.,SYNTHETIC_DEMO
SUP00852,PROD00964,DISTRIBUTES,LOW,33.46,45,PROJECT_DEMO_EXPANSION,2026-09-23,Synthetic/demo relationship; not a verified commercial contract.,SYNTHETIC_DEMO
SUP00853,PROD00971,DISTRIBUTES,LOW,10.8,45,PROJECT_DEMO_EXPANSION,2026-09-23,Synthetic/demo relationship; not a verified commercial contract.,SYNTHETIC_DEMO
SUP00854,PROD00978,MANUFACTURES,MEDIUM,1.58,60,PROJECT_DEMO_EXPANSION,2026-09-23,Synthetic/demo relationship; not a verified commercial contract.,SYNTHETIC_DEMO
SUP00855,PROD00985,DISTRIBUTES,HIGH,5.85,30,PROJECT_DEMO_EXPANSION,2026-09-23,Synthetic/demo relationship; not a verified commercial contract.,SYNTHETIC_DEMO
SUP00856,PROD00992,DISTRIBUTES,MEDIUM,26.51,7,PROJECT_DEMO_EXPANSION,2026-09-23,Synthetic/demo relationship; not a verified commercial contract.,SYNTHETIC_DEMO
SUP00857,PROD00999,DISTRIBUTES,MEDIUM,27.49,90,PROJECT_DEMO_EXPANSION,2026-09-23,Synthetic/demo relationship; not a verified commercial contract.,SYNTHETIC_DEMO
SUP00858,PROD00006,SUPPLIES,LOW,30.82,45,PROJECT_DEMO_EXPANSION,2026-09-23,Synthetic/demo relationship; not a verified commercial contract.,SYNTHETIC_DEMO
SUP00859,PROD00013,MANUFACTURES,HIGH,29.57,45,PROJECT_DEMO_EXPANSION,2026-09-23,Synthetic/demo relationship; not a verified commercial contract.,SYNTHETIC_DEMO
SUP00860,PROD00020,SUPPLIES,LOW,1.17,14,PROJECT_DEMO_EXPANSION,2026-09-23,Synthetic/demo relationship; not a verified commercial contract.,SYNTHETIC_DEMO
SUP00861,PROD00027,MANUFACTURES,LOW,35.5,90,PROJECT_DEMO_EXPANSION,2026-09-23,Synthetic/demo relationship; not a verified commercial contract.,SYNTHETIC_DEMO
SUP00862,PROD00034,SUPPLIES,HIGH,35.6,45,PROJECT_DEMO_EXPANSION,2026-09-23,Synthetic/demo relationship; not a verified commercial contract.,SYNTHETIC_DEMO
SUP00863,PROD00041,MANUFACTURES,LOW,20.59,30,PROJECT_DEMO_EXPANSION,2026-09-23,Synthetic/demo relationship; not a verified commercial contract.,SYNTHETIC_DEMO
SUP00864,PROD00048,DISTRIBUTES,MEDIUM,25.72,60,PROJECT_DEMO_EXPANSION,2026-09-23,Synthetic/demo relationship; not a verified commercial contract.,SYNTHETIC_DEMO
SUP00865,PROD00055,SUPPLIES,MEDIUM,11.51,21,PROJECT_DEMO_EXPANSION,2026-09-23,Synthetic/demo relationship; not a verified commercial contract.,SYNTHETIC_DEMO
SUP00866,PROD00062,MANUFACTURES,MEDIUM,37.75,90,PROJECT_DEMO_EXPANSION,2026-09-23,Synthetic/demo relationship; not a verified commercial contract.,SYNTHETIC_DEMO
SUP00867,PROD00069,MANUFACTURES,LOW,25.37,7,PROJECT_DEMO_EXPANSION,2026-09-23,Synthetic/demo relationship; not a verified commercial contract.,SYNTHETIC_DEMO
SUP00868,PROD00076,SUPPLIES,HIGH,18.26,30,PROJECT_DEMO_EXPANSION,2026-09-23,Synthetic/demo relationship; not a verified commercial contract.,SYNTHETIC_DEMO
SUP00869,PROD00083,MANUFACTURES,LOW,20.39,45,PROJECT_DEMO_EXPANSION,2026-09-23,Synthetic/demo relationship; not a verified commercial contract.,SYNTHETIC_DEMO
SUP00870,PROD00090,SUPPLIES,LOW,25.53,60,PROJECT_DEMO_EXPANSION,2026-09-23,Synthetic/demo relationship; not a verified commercial contract.,SYNTHETIC_DEMO
SUP00871,PROD00097,MANUFACTURES,LOW,27.44,14,PROJECT_DEMO_EXPANSION,2026-09-23,Synthetic/demo relationship; not a verified commercial contract.,SYNTHETIC_DEMO
SUP00872,PROD00104,DISTRIBUTES,MEDIUM,24.14,30,PROJECT_DEMO_EXPANSION,2026-09-23,Synthetic/demo relationship; not a verified commercial contract.,SYNTHETIC_DEMO
SUP00873,PROD00111,SUPPLIES,LOW,2.26,7,PROJECT_DEMO_EXPANSION,2026-09-23,Synthetic/demo relationship; not a verified commercial contract.,SYNTHETIC_DEMO
SUP00874,PROD00118,DISTRIBUTES,LOW,16.51,30,PROJECT_DEMO_EXPANSION,2026-09-23,Synthetic/demo relationship; not a verified commercial contract.,SYNTHETIC_DEMO
SUP00875,PROD00125,SUPPLIES,LOW,2.36,90,PROJECT_DEMO_EXPANSION,2026-09-23,Synthetic/demo relationship; not a verified commercial contract.,SYNTHETIC_DEMO
SUP00876,PROD00132,DISTRIBUTES,HIGH,13.06,60,PROJECT_DEMO_EXPANSION,2026-09-23,Synthetic/demo relationship; not a verified commercial contract.,SYNTHETIC_DEMO
SUP00877,PROD00139,MANUFACTURES,LOW,22.17,45,PROJECT_DEMO_EXPANSION,2026-09-23,Synthetic/demo relationship; not a verified commercial contract.,SYNTHETIC_DEMO
SUP00878,PROD00146,MANUFACTURES,HIGH,5.77,14,PROJECT_DEMO_EXPANSION,2026-09-23,Synthetic/demo relationship; not a verified commercial contract.,SYNTHETIC_DEMO
SUP00879,PROD00153,DISTRIBUTES,MEDIUM,10.68,14,PROJECT_DEMO_EXPANSION,2026-09-23,Synthetic/demo relationship; not a verified commercial contract.,SYNTHETIC_DEMO
SUP00880,PROD00160,SUPPLIES,MEDIUM,11.51,14,PROJECT_DEMO_EXPANSION,2026-09-23,Synthetic/demo relationship; not a verified commercial contract.,SYNTHETIC_DEMO
SUP00881,PROD00167,MANUFACTURES,LOW,1.65,14,PROJECT_DEMO_EXPANSION,2026-09-23,Synthetic/demo relationship; not a verified commercial contract.,SYNTHETIC_DEMO
SUP00882,PROD00174,DISTRIBUTES,MEDIUM,7.1,60,PROJECT_DEMO_EXPANSION,2026-09-23,Synthetic/demo relationship; not a verified commercial contract.,SYNTHETIC_DEMO
SUP00883,PROD00181,SUPPLIES,HIGH,27.31,14,PROJECT_DEMO_EXPANSION,2026-09-23,Synthetic/demo relationship; not a verified commercial contract.,SYNTHETIC_DEMO
SUP00884,PROD00188,SUPPLIES,HIGH,10.73,21,PROJECT_DEMO_EXPANSION,2026-09-23,Synthetic/demo relationship; not a verified commercial contract.,SYNTHETIC_DEMO
SUP00885,PROD00195,SUPPLIES,HIGH,4.61,7,PROJECT_DEMO_EXPANSION,2026-09-23,Synthetic/demo relationship; not a verified commercial contract.,SYNTHETIC_DEMO
SUP00886,PROD00202,MANUFACTURES,MEDIUM,19.57,60,PROJECT_DEMO_EXPANSION,2026-09-23,Synthetic/demo relationship; not a verified commercial contract.,SYNTHETIC_DEMO
SUP00887,PROD00209,SUPPLIES,MEDIUM,36.21,21,PROJECT_DEMO_EXPANSION,2026-09-23,Synthetic/demo relationship; not a verified commercial contract.,SYNTHETIC_DEMO
SUP00888,PROD00216,DISTRIBUTES,HIGH,7.63,14,PROJECT_DEMO_EXPANSION,2026-09-23,Synthetic/demo relationship; not a verified commercial contract.,SYNTHETIC_DEMO
SUP00889,PROD00223,DISTRIBUTES,MEDIUM,6.43,14,PROJECT_DEMO_EXPANSION,2026-09-23,Synthetic/demo relationship; not a verified commercial contract.,SYNTHETIC_DEMO
SUP00890,PROD00230,SUPPLIES,HIGH,28.43,90,PROJECT_DEMO_EXPANSION,2026-09-23,Synthetic/demo relationship; not a verified commercial contract.,SYNTHETIC_DEMO
SUP00891,PROD00237,SUPPLIES,MEDIUM,18.3,14,PROJECT_DEMO_EXPANSION,2026-09-23,Synthetic/demo relationship; not a verified commercial contract.,SYNTHETIC_DEMO
SUP00892,PROD00244,MANUFACTURES,MEDIUM,29.22,45,PROJECT_DEMO_EXPANSION,2026-09-23,Synthetic/demo relationship; not a verified commercial contract.,SYNTHETIC_DEMO
SUP00893,PROD00251,DISTRIBUTES,LOW,17.48,45,PROJECT_DEMO_EXPANSION,2026-09-23,Synthetic/demo relationship; not a verified commercial contract.,SYNTHETIC_DEMO
SUP00894,PROD00258,SUPPLIES,HIGH,1.03,7,PROJECT_DEMO_EXPANSION,2026-09-23,Synthetic/demo relationship; not a verified commercial contract.,SYNTHETIC_DEMO
SUP00895,PROD00265,MANUFACTURES,HIGH,35.0,60,PROJECT_DEMO_EXPANSION,2026-09-23,Synthetic/demo relationship; not a verified commercial contract.,SYNTHETIC_DEMO
SUP00896,PROD00272,MANUFACTURES,MEDIUM,13.41,7,PROJECT_DEMO_EXPANSION,2026-09-23,Synthetic/demo relationship; not a verified commercial contract.,SYNTHETIC_DEMO
SUP00897,PROD00279,MANUFACTURES,MEDIUM,11.73,30,PROJECT_DEMO_EXPANSION,2026-09-23,Synthetic/demo relationship; not a verified commercial contract.,SYNTHETIC_DEMO
SUP00898,PROD00286,SUPPLIES,LOW,24.24,30,PROJECT_DEMO_EXPANSION,2026-09-23,Synthetic/demo relationship; not a verified commercial contract.,SYNTHETIC_DEMO
SUP00899,PROD00293,DISTRIBUTES,MEDIUM,22.74,14,PROJECT_DEMO_EXPANSION,2026-09-23,Synthetic/demo relationship; not a verified commercial contract.,SYNTHETIC_DEMO
SUP00900,PROD00300,SUPPLIES,HIGH,14.9,7,PROJECT_DEMO_EXPANSION,2026-09-23,Synthetic/demo relationship; not a verified commercial contract.,SYNTHETIC_DEMO
SUP00901,PROD00307,SUPPLIES,MEDIUM,24.42,90,PROJECT_DEMO_EXPANSION,2026-09-23,Synthetic/demo relationship; not a verified commercial contract.,SYNTHETIC_DEMO
SUP00902,PROD00314,DISTRIBUTES,MEDIUM,4.12,60,PROJECT_DEMO_EXPANSION,2026-09-23,Synthetic/demo relationship; not a verified commercial contract.,SYNTHETIC_DEMO
SUP00903,PROD00321,DISTRIBUTES,LOW,38.73,60,PROJECT_DEMO_EXPANSION,2026-09-23,Synthetic/demo relationship; not a verified commercial contract.,SYNTHETIC_DEMO
SUP00904,PROD00328,DISTRIBUTES,MEDIUM,32.61,21,PROJECT_DEMO_EXPANSION,2026-09-23,Synthetic/demo relationship; not a verified commercial contract.,SYNTHETIC_DEMO
SUP00905,PROD00335,DISTRIBUTES,HIGH,16.02,7,PROJECT_DEMO_EXPANSION,2026-09-23,Synthetic/demo relationship; not a verified commercial contract.,SYNTHETIC_DEMO
SUP00906,PROD00342,DISTRIBUTES,LOW,11.0,90,PROJECT_DEMO_EXPANSION,2026-09-23,Synthetic/demo relationship; not a verified commercial contract.,SYNTHETIC_DEMO
SUP00907,PROD00349,DISTRIBUTES,LOW,25.55,45,PROJECT_DEMO_EXPANSION,2026-09-23,Synthetic/demo relationship; not a verified commercial contract.,SYNTHETIC_DEMO
SUP00908,PROD00356,SUPPLIES,HIGH,31.87,21,PROJECT_DEMO_EXPANSION,2026-09-23,Synthetic/demo relationship; not a verified commercial contract.,SYNTHETIC_DEMO
SUP00909,PROD00363,MANUFACTURES,MEDIUM,39.14,7,PROJECT_DEMO_EXPANSION,2026-09-23,Synthetic/demo relationship; not a verified commercial contract.,SYNTHETIC_DEMO
SUP00910,PROD00370,SUPPLIES,MEDIUM,30.15,21,PROJECT_DEMO_EXPANSION,2026-09-23,Synthetic/demo relationship; not a verified commercial contract.,SYNTHETIC_DEMO
SUP00911,PROD00377,DISTRIBUTES,HIGH,37.49,60,PROJECT_DEMO_EXPANSION,2026-09-23,Synthetic/demo relationship; not a verified commercial contract.,SYNTHETIC_DEMO
SUP00912,PROD00384,SUPPLIES,LOW,39.84,14,PROJECT_DEMO_EXPANSION,2026-09-23,Synthetic/demo relationship; not a verified commercial contract.,SYNTHETIC_DEMO
SUP00913,PROD00391,MANUFACTURES,MEDIUM,21.19,60,PROJECT_DEMO_EXPANSION,2026-09-23,Synthetic/demo relationship; not a verified commercial contract.,SYNTHETIC_DEMO
SUP00914,PROD00398,DISTRIBUTES,HIGH,38.39,30,PROJECT_DEMO_EXPANSION,2026-09-23,Synthetic/demo relationship; not a verified commercial contract.,SYNTHETIC_DEMO
SUP00915,PROD00405,DISTRIBUTES,LOW,8.66,21,PROJECT_DEMO_EXPANSION,2026-09-23,Synthetic/demo relationship; not a verified commercial contract.,SYNTHETIC_DEMO
SUP00916,PROD00412,SUPPLIES,LOW,8.93,90,PROJECT_DEMO_EXPANSION,2026-09-23,Synthetic/demo relationship; not a verified commercial contract.,SYNTHETIC_DEMO
SUP00917,PROD00419,DISTRIBUTES,LOW,12.58,45,PROJECT_DEMO_EXPANSION,2026-09-23,Synthetic/demo relationship; not a verified commercial contract.,SYNTHETIC_DEMO
SUP00918,PROD00426,MANUFACTURES,LOW,22.7,14,PROJECT_DEMO_EXPANSION,2026-09-23,Synthetic/demo relationship; not a verified commercial contract.,SYNTHETIC_DEMO
SUP00919,PROD00433,MANUFACTURES,MEDIUM,20.48,90,PROJECT_DEMO_EXPANSION,2026-09-23,Synthetic/demo relationship; not a verified commercial contract.,SYNTHETIC_DEMO
SUP00920,PROD00440,MANUFACTURES,MEDIUM,5.99,60,PROJECT_DEMO_EXPANSION,2026-09-23,Synthetic/demo relationship; not a verified commercial contract.,SYNTHETIC_DEMO
SUP00921,PROD00447,MANUFACTURES,HIGH,15.14,45,PROJECT_DEMO_EXPANSION,2026-09-23,Synthetic/demo relationship; not a verified commercial contract.,SYNTHETIC_DEMO
SUP00922,PROD00454,MANUFACTURES,MEDIUM,9.67,21,PROJECT_DEMO_EXPANSION,2026-09-23,Synthetic/demo relationship; not a verified commercial contract.,SYNTHETIC_DEMO
SUP00923,PROD00461,SUPPLIES,HIGH,31.47,21,PROJECT_DEMO_EXPANSION,2026-09-23,Synthetic/demo relationship; not a verified commercial contract.,SYNTHETIC_DEMO
SUP00924,PROD00468,DISTRIBUTES,HIGH,10.49,45,PROJECT_DEMO_EXPANSION,2026-09-23,Synthetic/demo relationship; not a verified commercial contract.,SYNTHETIC_DEMO
SUP00925,PROD00475,SUPPLIES,MEDIUM,12.0,7,PROJECT_DEMO_EXPANSION,2026-09-23,Synthetic/demo relationship; not a verified commercial contract.,SYNTHETIC_DEMO
SUP00926,PROD00482,SUPPLIES,HIGH,10.68,60,PROJECT_DEMO_EXPANSION,2026-09-23,Synthetic/demo relationship; not a verified commercial contract.,SYNTHETIC_DEMO
SUP00927,PROD00489,MANUFACTURES,LOW,36.17,90,PROJECT_DEMO_EXPANSION,2026-09-23,Synthetic/demo relationship; not a verified commercial contract.,SYNTHETIC_DEMO
SUP00928,PROD00496,MANUFACTURES,MEDIUM,32.44,30,PROJECT_DEMO_EXPANSION,2026-09-23,Synthetic/demo relationship; not a verified commercial contract.,SYNTHETIC_DEMO
SUP00929,PROD00503,MANUFACTURES,MEDIUM,7.96,21,PROJECT_DEMO_EXPANSION,2026-09-23,Synthetic/demo relationship; not a verified commercial contract.,SYNTHETIC_DEMO
SUP00930,PROD00510,DISTRIBUTES,MEDIUM,7.07,45,PROJECT_DEMO_EXPANSION,2026-09-23,Synthetic/demo relationship; not a verified commercial contract.,SYNTHETIC_DEMO
SUP00931,PROD00517,MANUFACTURES,HIGH,25.22,45,PROJECT_DEMO_EXPANSION,2026-09-23,Synthetic/demo relationship; not a verified commercial contract.,SYNTHETIC_DEMO
SUP00932,PROD00524,DISTRIBUTES,HIGH,14.41,45,PROJECT_DEMO_EXPANSION,2026-09-23,Synthetic/demo relationship; not a verified commercial contract.,SYNTHETIC_DEMO
SUP00933,PROD00531,DISTRIBUTES,LOW,34.03,90,PROJECT_DEMO_EXPANSION,2026-09-23,Synthetic/demo relationship; not a verified commercial contract.,SYNTHETIC_DEMO
SUP00934,PROD00538,DISTRIBUTES,MEDIUM,20.48,90,PROJECT_DEMO_EXPANSION,2026-09-23,Synthetic/demo relationship; not a verified commercial contract.,SYNTHETIC_DEMO
SUP00935,PROD00545,DISTRIBUTES,HIGH,38.05,21,PROJECT_DEMO_EXPANSION,2026-09-23,Synthetic/demo relationship; not a verified commercial contract.,SYNTHETIC_DEMO
SUP00936,PROD00552,MANUFACTURES,MEDIUM,16.16,21,PROJECT_DEMO_EXPANSION,2026-09-23,Synthetic/demo relationship; not a verified commercial contract.,SYNTHETIC_DEMO
SUP00937,PROD00559,DISTRIBUTES,LOW,25.29,30,PROJECT_DEMO_EXPANSION,2026-09-23,Synthetic/demo relationship; not a verified commercial contract.,SYNTHETIC_DEMO
SUP00938,PROD00566,MANUFACTURES,MEDIUM,29.65,90,PROJECT_DEMO_EXPANSION,2026-09-23,Synthetic/demo relationship; not a verified commercial contract.,SYNTHETIC_DEMO
SUP00939,PROD00573,MANUFACTURES,HIGH,32.14,14,PROJECT_DEMO_EXPANSION,2026-09-23,Synthetic/demo relationship; not a verified commercial contract.,SYNTHETIC_DEMO
SUP00940,PROD00580,SUPPLIES,HIGH,18.81,90,PROJECT_DEMO_EXPANSION,2026-09-23,Synthetic/demo relationship; not a verified commercial contract.,SYNTHETIC_DEMO
SUP00941,PROD00587,SUPPLIES,LOW,17.4,14,PROJECT_DEMO_EXPANSION,2026-09-23,Synthetic/demo relationship; not a verified commercial contract.,SYNTHETIC_DEMO
SUP00942,PROD00594,SUPPLIES,MEDIUM,32.26,60,PROJECT_DEMO_EXPANSION,2026-09-23,Synthetic/demo relationship; not a verified commercial contract.,SYNTHETIC_DEMO
SUP00943,PROD00601,DISTRIBUTES,LOW,15.74,45,PROJECT_DEMO_EXPANSION,2026-09-23,Synthetic/demo relationship; not a verified commercial contract.,SYNTHETIC_DEMO
SUP00944,PROD00608,DISTRIBUTES,HIGH,9.34,45,PROJECT_DEMO_EXPANSION,2026-09-23,Synthetic/demo relationship; not a verified commercial contract.,SYNTHETIC_DEMO
SUP00945,PROD00615,MANUFACTURES,MEDIUM,19.64,90,PROJECT_DEMO_EXPANSION,2026-09-23,Synthetic/demo relationship; not a verified commercial contract.,SYNTHETIC_DEMO
SUP00946,PROD00622,SUPPLIES,MEDIUM,35.74,14,PROJECT_DEMO_EXPANSION,2026-09-23,Synthetic/demo relationship; not a verified commercial contract.,SYNTHETIC_DEMO
SUP00947,PROD00629,DISTRIBUTES,HIGH,22.94,30,PROJECT_DEMO_EXPANSION,2026-09-23,Synthetic/demo relationship; not a verified commercial contract.,SYNTHETIC_DEMO
SUP00948,PROD00636,DISTRIBUTES,LOW,10.02,60,PROJECT_DEMO_EXPANSION,2026-09-23,Synthetic/demo relationship; not a verified commercial contract.,SYNTHETIC_DEMO
SUP00949,PROD00643,SUPPLIES,MEDIUM,33.89,14,PROJECT_DEMO_EXPANSION,2026-09-23,Synthetic/demo relationship; not a verified commercial contract.,SYNTHETIC_DEMO
SUP00950,PROD00650,MANUFACTURES,MEDIUM,2.83,45,PROJECT_DEMO_EXPANSION,2026-09-23,Synthetic/demo relationship; not a verified commercial contract.,SYNTHETIC_DEMO
SUP00951,PROD00657,MANUFACTURES,MEDIUM,4.06,21,PROJECT_DEMO_EXPANSION,2026-09-23,Synthetic/demo relationship; not a verified commercial contract.,SYNTHETIC_DEMO
SUP00952,PROD00664,DISTRIBUTES,LOW,33.64,7,PROJECT_DEMO_EXPANSION,2026-09-23,Synthetic/demo relationship; not a verified commercial contract.,SYNTHETIC_DEMO
SUP00953,PROD00671,DISTRIBUTES,MEDIUM,33.14,21,PROJECT_DEMO_EXPANSION,2026-09-23,Synthetic/demo relationship; not a verified commercial contract.,SYNTHETIC_DEMO
SUP00954,PROD00678,MANUFACTURES,LOW,33.78,90,PROJECT_DEMO_EXPANSION,2026-09-23,Synthetic/demo relationship; not a verified commercial contract.,SYNTHETIC_DEMO
SUP00955,PROD00685,MANUFACTURES,LOW,23.73,45,PROJECT_DEMO_EXPANSION,2026-09-23,Synthetic/demo relationship; not a verified commercial contract.,SYNTHETIC_DEMO
SUP00956,PROD00692,SUPPLIES,HIGH,34.02,14,PROJECT_DEMO_EXPANSION,2026-09-23,Synthetic/demo relationship; not a verified commercial contract.,SYNTHETIC_DEMO
SUP00957,PROD00699,MANUFACTURES,LOW,2.72,90,PROJECT_DEMO_EXPANSION,2026-09-23,Synthetic/demo relationship; not a verified commercial contract.,SYNTHETIC_DEMO
SUP00958,PROD00706,DISTRIBUTES,LOW,2.13,30,PROJECT_DEMO_EXPANSION,2026-09-23,Synthetic/demo relationship; not a verified commercial contract.,SYNTHETIC_DEMO
SUP00959,PROD00713,DISTRIBUTES,HIGH,16.24,7,PROJECT_DEMO_EXPANSION,2026-09-23,Synthetic/demo relationship; not a verified commercial contract.,SYNTHETIC_DEMO
SUP00960,PROD00720,DISTRIBUTES,LOW,25.3,21,PROJECT_DEMO_EXPANSION,2026-09-23,Synthetic/demo relationship; not a verified commercial contract.,SYNTHETIC_DEMO
SUP00961,PROD00727,DISTRIBUTES,MEDIUM,23.58,14,PROJECT_DEMO_EXPANSION,2026-09-23,Synthetic/demo relationship; not a verified commercial contract.,SYNTHETIC_DEMO
SUP00962,PROD00734,SUPPLIES,LOW,16.54,14,PROJECT_DEMO_EXPANSION,2026-09-23,Synthetic/demo relationship; not a verified commercial contract.,SYNTHETIC_DEMO
SUP00963,PROD00741,SUPPLIES,MEDIUM,11.14,30,PROJECT_DEMO_EXPANSION,2026-09-23,Synthetic/demo relationship; not a verified commercial contract.,SYNTHETIC_DEMO
SUP00964,PROD00748,MANUFACTURES,MEDIUM,24.58,14,PROJECT_DEMO_EXPANSION,2026-09-23,Synthetic/demo relationship; not a verified commercial contract.,SYNTHETIC_DEMO
SUP00965,PROD00755,SUPPLIES,HIGH,27.91,60,PROJECT_DEMO_EXPANSION,2026-09-23,Synthetic/demo relationship; not a verified commercial contract.,SYNTHETIC_DEMO
SUP00966,PROD00762,SUPPLIES,HIGH,35.87,14,PROJECT_DEMO_EXPANSION,2026-09-23,Synthetic/demo relationship; not a verified commercial contract.,SYNTHETIC_DEMO
SUP00967,PROD00769,MANUFACTURES,LOW,35.73,30,PROJECT_DEMO_EXPANSION,2026-09-23,Synthetic/demo relationship; not a verified commercial contract.,SYNTHETIC_DEMO
SUP00968,PROD00776,DISTRIBUTES,MEDIUM,4.72,21,PROJECT_DEMO_EXPANSION,2026-09-23,Synthetic/demo relationship; not a verified commercial contract.,SYNTHETIC_DEMO
SUP00969,PROD00783,MANUFACTURES,HIGH,24.69,90,PROJECT_DEMO_EXPANSION,2026-09-23,Synthetic/demo relationship; not a verified commercial contract.,SYNTHETIC_DEMO
SUP00970,PROD00790,SUPPLIES,MEDIUM,17.95,21,PROJECT_DEMO_EXPANSION,2026-09-23,Synthetic/demo relationship; not a verified commercial contract.,SYNTHETIC_DEMO
SUP00971,PROD00797,DISTRIBUTES,HIGH,39.2,45,PROJECT_DEMO_EXPANSION,2026-09-23,Synthetic/demo relationship; not a verified commercial contract.,SYNTHETIC_DEMO
SUP00972,PROD00804,MANUFACTURES,LOW,20.61,90,PROJECT_DEMO_EXPANSION,2026-09-23,Synthetic/demo relationship; not a verified commercial contract.,SYNTHETIC_DEMO
SUP00973,PROD00811,MANUFACTURES,LOW,15.18,90,PROJECT_DEMO_EXPANSION,2026-09-23,Synthetic/demo relationship; not a verified commercial contract.,SYNTHETIC_DEMO
SUP00974,PROD00818,MANUFACTURES,MEDIUM,31.06,60,PROJECT_DEMO_EXPANSION,2026-09-23,Synthetic/demo relationship; not a verified commercial contract.,SYNTHETIC_DEMO
SUP00975,PROD00825,DISTRIBUTES,MEDIUM,2.45,90,PROJECT_DEMO_EXPANSION,2026-09-23,Synthetic/demo relationship; not a verified commercial contract.,SYNTHETIC_DEMO
SUP00976,PROD00832,SUPPLIES,MEDIUM,34.41,30,PROJECT_DEMO_EXPANSION,2026-09-23,Synthetic/demo relationship; not a verified commercial contract.,SYNTHETIC_DEMO
SUP00977,PROD00839,DISTRIBUTES,MEDIUM,37.02,7,PROJECT_DEMO_EXPANSION,2026-09-23,Synthetic/demo relationship; not a verified commercial contract.,SYNTHETIC_DEMO
SUP00978,PROD00846,DISTRIBUTES,MEDIUM,33.11,7,PROJECT_DEMO_EXPANSION,2026-09-23,Synthetic/demo relationship; not a verified commercial contract.,SYNTHETIC_DEMO
SUP00979,PROD00853,DISTRIBUTES,HIGH,4.39,60,PROJECT_DEMO_EXPANSION,2026-09-23,Synthetic/demo relationship; not a verified commercial contract.,SYNTHETIC_DEMO
SUP00980,PROD00860,SUPPLIES,LOW,36.16,45,PROJECT_DEMO_EXPANSION,2026-09-23,Synthetic/demo relationship; not a verified commercial contract.,SYNTHETIC_DEMO
SUP00981,PROD00867,SUPPLIES,MEDIUM,17.12,14,PROJECT_DEMO_EXPANSION,2026-09-23,Synthetic/demo relationship; not a verified commercial contract.,SYNTHETIC_DEMO
SUP00982,PROD00874,SUPPLIES,LOW,6.65,7,PROJECT_DEMO_EXPANSION,2026-09-23,Synthetic/demo relationship; not a verified commercial contract.,SYNTHETIC_DEMO
SUP00983,PROD00881,DISTRIBUTES,HIGH,14.55,7,PROJECT_DEMO_EXPANSION,2026-09-23,Synthetic/demo relationship; not a verified commercial contract.,SYNTHETIC_DEMO
SUP00984,PROD00888,DISTRIBUTES,MEDIUM,6.5,30,PROJECT_DEMO_EXPANSION,2026-09-23,Synthetic/demo relationship; not a verified commercial contract.,SYNTHETIC_DEMO
SUP00985,PROD00895,DISTRIBUTES,HIGH,38.91,60,PROJECT_DEMO_EXPANSION,2026-09-23,Synthetic/demo relationship; not a verified commercial contract.,SYNTHETIC_DEMO
SUP00986,PROD00902,SUPPLIES,MEDIUM,22.28,14,PROJECT_DEMO_EXPANSION,2026-09-23,Synthetic/demo relationship; not a verified commercial contract.,SYNTHETIC_DEMO
SUP00987,PROD00909,DISTRIBUTES,HIGH,35.19,7,PROJECT_DEMO_EXPANSION,2026-09-23,Synthetic/demo relationship; not a verified commercial contract.,SYNTHETIC_DEMO
SUP00988,PROD00916,MANUFACTURES,HIGH,15.41,45,PROJECT_DEMO_EXPANSION,2026-09-23,Synthetic/demo relationship; not a verified commercial contract.,SYNTHETIC_DEMO
SUP00989,PROD00923,DISTRIBUTES,MEDIUM,11.06,45,PROJECT_DEMO_EXPANSION,2026-09-23,Synthetic/demo relationship; not a verified commercial contract.,SYNTHETIC_DEMO
SUP00990,PROD00930,MANUFACTURES,HIGH,15.17,14,PROJECT_DEMO_EXPANSION,2026-09-23,Synthetic/demo relationship; not a verified commercial contract.,SYNTHETIC_DEMO
SUP00991,PROD00937,DISTRIBUTES,MEDIUM,21.19,21,PROJECT_DEMO_EXPANSION,2026-09-23,Synthetic/demo relationship; not a verified commercial contract.,SYNTHETIC_DEMO
SUP00992,PROD00944,MANUFACTURES,MEDIUM,10.61,21,PROJECT_DEMO_EXPANSION,2026-09-23,Synthetic/demo relationship; not a verified commercial contract.,SYNTHETIC_DEMO
SUP00993,PROD00951,SUPPLIES,MEDIUM,28.07,7,PROJECT_DEMO_EXPANSION,2026-09-23,Synthetic/demo relationship; not a verified commercial contract.,SYNTHETIC_DEMO
SUP00994,PROD00958,SUPPLIES,MEDIUM,20.08,30,PROJECT_DEMO_EXPANSION,2026-09-23,Synthetic/demo relationship; not a verified commercial contract.,SYNTHETIC_DEMO
SUP00995,PROD00965,SUPPLIES,LOW,28.97,90,PROJECT_DEMO_EXPANSION,2026-09-23,Synthetic/demo relationship; not a verified commercial contract.,SYNTHETIC_DEMO
SUP00996,PROD00972,SUPPLIES,HIGH,28.56,30,PROJECT_DEMO_EXPANSION,2026-09-23,Synthetic/demo relationship; not a verified commercial contract.,SYNTHETIC_DEMO
SUP00997,PROD00979,SUPPLIES,HIGH,7.07,7,PROJECT_DEMO_EXPANSION,2026-09-23,Synthetic/demo relationship; not a verified commercial contract.,SYNTHETIC_DEMO
SUP00998,PROD00986,SUPPLIES,MEDIUM,19.33,21,PROJECT_DEMO_EXPANSION,2026-09-23,Synthetic/demo relationship; not a verified commercial contract.,SYNTHETIC_DEMO
SUP00999,PROD00993,DISTRIBUTES,MEDIUM,16.37,21,PROJECT_DEMO_EXPANSION,2026-09-23,Synthetic/demo relationship; not a verified commercial contract.,SYNTHETIC_DEMO
SUP01000,PROD01000,MANUFACTURES,HIGH,38.34,14,PROJECT_DEMO_EXPANSION,2026-09-23,Synthetic/demo relationship; not a verified commercial contract.,SYNTHETIC_DEMO
SUP00001,PROD00007,MANUFACTURES,HIGH,36.52,21,PROJECT_DEMO_EXPANSION,2026-09-23,Synthetic/demo relationship; not a verified commercial contract.,SYNTHETIC_DEMO
SUP00002,PROD00014,DISTRIBUTES,MEDIUM,37.69,14,PROJECT_DEMO_EXPANSION,2026-09-23,Synthetic/demo relationship; not a verified commercial contract.,SYNTHETIC_DEMO
SUP00003,PROD00021,DISTRIBUTES,MEDIUM,20.85,21,PROJECT_DEMO_EXPANSION,2026-09-23,Synthetic/demo relationship; not a verified commercial contract.,SYNTHETIC_DEMO
SUP00004,PROD00028,SUPPLIES,MEDIUM,17.77,90,PROJECT_DEMO_EXPANSION,2026-09-23,Synthetic/demo relationship; not a verified commercial contract.,SYNTHETIC_DEMO
SUP00005,PROD00035,DISTRIBUTES,LOW,27.95,7,PROJECT_DEMO_EXPANSION,2026-09-23,Synthetic/demo relationship; not a verified commercial contract.,SYNTHETIC_DEMO
SUP00006,PROD00042,SUPPLIES,HIGH,34.46,60,PROJECT_DEMO_EXPANSION,2026-09-23,Synthetic/demo relationship; not a verified commercial contract.,SYNTHETIC_DEMO
SUP00007,PROD00049,SUPPLIES,MEDIUM,20.78,60,PROJECT_DEMO_EXPANSION,2026-09-23,Synthetic/demo relationship; not a verified commercial contract.,SYNTHETIC_DEMO
SUP00008,PROD00056,MANUFACTURES,MEDIUM,25.71,21,PROJECT_DEMO_EXPANSION,2026-09-23,Synthetic/demo relationship; not a verified commercial contract.,SYNTHETIC_DEMO
SUP00009,PROD00063,MANUFACTURES,MEDIUM,12.15,45,PROJECT_DEMO_EXPANSION,2026-09-23,Synthetic/demo relationship; not a verified commercial contract.,SYNTHETIC_DEMO
SUP00010,PROD00070,SUPPLIES,LOW,38.69,90,PROJECT_DEMO_EXPANSION,2026-09-23,Synthetic/demo relationship; not a verified commercial contract.,SYNTHETIC_DEMO
SUP00011,PROD00077,SUPPLIES,HIGH,37.04,30,PROJECT_DEMO_EXPANSION,2026-09-23,Synthetic/demo relationship; not a verified commercial contract.,SYNTHETIC_DEMO
SUP00012,PROD00084,MANUFACTURES,MEDIUM,18.67,14,PROJECT_DEMO_EXPANSION,2026-09-23,Synthetic/demo relationship; not a verified commercial contract.,SYNTHETIC_DEMO
SUP00013,PROD00091,MANUFACTURES,LOW,21.91,60,PROJECT_DEMO_EXPANSION,2026-09-23,Synthetic/demo relationship; not a verified commercial contract.,SYNTHETIC_DEMO
SUP00014,PROD00098,SUPPLIES,HIGH,16.36,21,PROJECT_DEMO_EXPANSION,2026-09-23,Synthetic/demo relationship; not a verified commercial contract.,SYNTHETIC_DEMO
SUP00015,PROD00105,MANUFACTURES,MEDIUM,7.03,30,PROJECT_DEMO_EXPANSION,2026-09-23,Synthetic/demo relationship; not a verified commercial contract.,SYNTHETIC_DEMO
SUP00016,PROD00112,SUPPLIES,LOW,39.08,90,PROJECT_DEMO_EXPANSION,2026-09-23,Synthetic/demo relationship; not a verified commercial contract.,SYNTHETIC_DEMO
SUP00017,PROD00119,MANUFACTURES,MEDIUM,33.17,30,PROJECT_DEMO_EXPANSION,2026-09-23,Synthetic/demo relationship; not a verified commercial contract.,SYNTHETIC_DEMO
SUP00018,PROD00126,SUPPLIES,LOW,1.37,90,PROJECT_DEMO_EXPANSION,2026-09-23,Synthetic/demo relationship; not a verified commercial contract.,SYNTHETIC_DEMO
SUP00019,PROD00133,SUPPLIES,HIGH,13.74,30,PROJECT_DEMO_EXPANSION,2026-09-23,Synthetic/demo relationship; not a verified commercial contract.,SYNTHETIC_DEMO
SUP00020,PROD00140,MANUFACTURES,LOW,36.71,21,PROJECT_DEMO_EXPANSION,2026-09-23,Synthetic/demo relationship; not a verified commercial contract.,SYNTHETIC_DEMO
SUP00021,PROD00147,DISTRIBUTES,MEDIUM,26.31,45,PROJECT_DEMO_EXPANSION,2026-09-23,Synthetic/demo relationship; not a verified commercial contract.,SYNTHETIC_DEMO
SUP00022,PROD00154,SUPPLIES,MEDIUM,30.14,21,PROJECT_DEMO_EXPANSION,2026-09-23,Synthetic/demo relationship; not a verified commercial contract.,SYNTHETIC_DEMO
SUP00023,PROD00161,SUPPLIES,LOW,30.42,45,PROJECT_DEMO_EXPANSION,2026-09-23,Synthetic/demo relationship; not a verified commercial contract.,SYNTHETIC_DEMO
SUP00024,PROD00168,DISTRIBUTES,LOW,23.41,21,PROJECT_DEMO_EXPANSION,2026-09-23,Synthetic/demo relationship; not a verified commercial contract.,SYNTHETIC_DEMO
SUP00025,PROD00175,DISTRIBUTES,MEDIUM,2.52,45,PROJECT_DEMO_EXPANSION,2026-09-23,Synthetic/demo relationship; not a verified commercial contract.,SYNTHETIC_DEMO
SUP00026,PROD00182,SUPPLIES,HIGH,8.8,45,PROJECT_DEMO_EXPANSION,2026-09-23,Synthetic/demo relationship; not a verified commercial contract.,SYNTHETIC_DEMO
SUP00027,PROD00189,DISTRIBUTES,HIGH,7.23,60,PROJECT_DEMO_EXPANSION,2026-09-23,Synthetic/demo relationship; not a verified commercial contract.,SYNTHETIC_DEMO
SUP00028,PROD00196,DISTRIBUTES,MEDIUM,21.13,90,PROJECT_DEMO_EXPANSION,2026-09-23,Synthetic/demo relationship; not a verified commercial contract.,SYNTHETIC_DEMO
SUP00029,PROD00203,DISTRIBUTES,HIGH,6.4,60,PROJECT_DEMO_EXPANSION,2026-09-23,Synthetic/demo relationship; not a verified commercial contract.,SYNTHETIC_DEMO
SUP00030,PROD00210,DISTRIBUTES,HIGH,30.75,14,PROJECT_DEMO_EXPANSION,2026-09-23,Synthetic/demo relationship; not a verified commercial contract.,SYNTHETIC_DEMO
SUP00031,PROD00217,DISTRIBUTES,MEDIUM,15.67,7,PROJECT_DEMO_EXPANSION,2026-09-23,Synthetic/demo relationship; not a verified commercial contract.,SYNTHETIC_DEMO
SUP00032,PROD00224,SUPPLIES,MEDIUM,17.72,60,PROJECT_DEMO_EXPANSION,2026-09-23,Synthetic/demo relationship; not a verified commercial contract.,SYNTHETIC_DEMO
SUP00033,PROD00231,DISTRIBUTES,LOW,22.23,60,PROJECT_DEMO_EXPANSION,2026-09-23,Synthetic/demo relationship; not a verified commercial contract.,SYNTHETIC_DEMO
SUP00034,PROD00238,MANUFACTURES,LOW,28.1,30,PROJECT_DEMO_EXPANSION,2026-09-23,Synthetic/demo relationship; not a verified commercial contract.,SYNTHETIC_DEMO
SUP00035,PROD00245,MANUFACTURES,MEDIUM,29.97,45,PROJECT_DEMO_EXPANSION,2026-09-23,Synthetic/demo relationship; not a verified commercial contract.,SYNTHETIC_DEMO
SUP00036,PROD00252,SUPPLIES,HIGH,31.48,90,PROJECT_DEMO_EXPANSION,2026-09-23,Synthetic/demo relationship; not a verified commercial contract.,SYNTHETIC_DEMO
SUP00037,PROD00259,SUPPLIES,LOW,35.47,60,PROJECT_DEMO_EXPANSION,2026-09-23,Synthetic/demo relationship; not a verified commercial contract.,SYNTHETIC_DEMO
SUP00038,PROD00266,MANUFACTURES,LOW,36.5,7,PROJECT_DEMO_EXPANSION,2026-09-23,Synthetic/demo relationship; not a verified commercial contract.,SYNTHETIC_DEMO
SUP00039,PROD00273,DISTRIBUTES,MEDIUM,5.95,14,PROJECT_DEMO_EXPANSION,2026-09-23,Synthetic/demo relationship; not a verified commercial contract.,SYNTHETIC_DEMO
SUP00040,PROD00280,DISTRIBUTES,LOW,1.86,30,PROJECT_DEMO_EXPANSION,2026-09-23,Synthetic/demo relationship; not a verified commercial contract.,SYNTHETIC_DEMO
SUP00041,PROD00287,MANUFACTURES,MEDIUM,30.3,30,PROJECT_DEMO_EXPANSION,2026-09-23,Synthetic/demo relationship; not a verified commercial contract.,SYNTHETIC_DEMO
SUP00042,PROD00294,MANUFACTURES,MEDIUM,3.5,14,PROJECT_DEMO_EXPANSION,2026-09-23,Synthetic/demo relationship; not a verified commercial contract.,SYNTHETIC_DEMO
SUP00043,PROD00301,SUPPLIES,HIGH,3.08,90,PROJECT_DEMO_EXPANSION,2026-09-23,Synthetic/demo relationship; not a verified commercial contract.,SYNTHETIC_DEMO
SUP00044,PROD00308,MANUFACTURES,MEDIUM,12.03,14,PROJECT_DEMO_EXPANSION,2026-09-23,Synthetic/demo relationship; not a verified commercial contract.,SYNTHETIC_DEMO
SUP00045,PROD00315,DISTRIBUTES,LOW,15.47,30,PROJECT_DEMO_EXPANSION,2026-09-23,Synthetic/demo relationship; not a verified commercial contract.,SYNTHETIC_DEMO
SUP00046,PROD00322,MANUFACTURES,LOW,31.37,45,PROJECT_DEMO_EXPANSION,2026-09-23,Synthetic/demo relationship; not a verified commercial contract.,SYNTHETIC_DEMO
SUP00047,PROD00329,MANUFACTURES,HIGH,22.08,60,PROJECT_DEMO_EXPANSION,2026-09-23,Synthetic/demo relationship; not a verified commercial contract.,SYNTHETIC_DEMO
SUP00048,PROD00336,DISTRIBUTES,LOW,13.26,90,PROJECT_DEMO_EXPANSION,2026-09-23,Synthetic/demo relationship; not a verified commercial contract.,SYNTHETIC_DEMO
SUP00049,PROD00343,DISTRIBUTES,MEDIUM,16.0,14,PROJECT_DEMO_EXPANSION,2026-09-23,Synthetic/demo relationship; not a verified commercial contract.,SYNTHETIC_DEMO
SUP00050,PROD00350,MANUFACTURES,MEDIUM,18.3,30,PROJECT_DEMO_EXPANSION,2026-09-23,Synthetic/demo relationship; not a verified commercial contract.,SYNTHETIC_DEMO
SUP00051,PROD00357,DISTRIBUTES,HIGH,18.5,14,PROJECT_DEMO_EXPANSION,2026-09-23,Synthetic/demo relationship; not a verified commercial contract.,SYNTHETIC_DEMO
SUP00052,PROD00364,DISTRIBUTES,HIGH,18.89,90,PROJECT_DEMO_EXPANSION,2026-09-23,Synthetic/demo relationship; not a verified commercial contract.,SYNTHETIC_DEMO
SUP00053,PROD00371,MANUFACTURES,LOW,11.03,21,PROJECT_DEMO_EXPANSION,2026-09-23,Synthetic/demo relationship; not a verified commercial contract.,SYNTHETIC_DEMO
SUP00054,PROD00378,DISTRIBUTES,MEDIUM,32.15,14,PROJECT_DEMO_EXPANSION,2026-09-23,Synthetic/demo relationship; not a verified commercial contract.,SYNTHETIC_DEMO
SUP00055,PROD00385,MANUFACTURES,LOW,34.2,30,PROJECT_DEMO_EXPANSION,2026-09-23,Synthetic/demo relationship; not a verified commercial contract.,SYNTHETIC_DEMO
SUP00056,PROD00392,SUPPLIES,HIGH,21.28,7,PROJECT_DEMO_EXPANSION,2026-09-23,Synthetic/demo relationship; not a verified commercial contract.,SYNTHETIC_DEMO
SUP00057,PROD00399,DISTRIBUTES,HIGH,5.08,30,PROJECT_DEMO_EXPANSION,2026-09-23,Synthetic/demo relationship; not a verified commercial contract.,SYNTHETIC_DEMO
SUP00058,PROD00406,DISTRIBUTES,MEDIUM,33.16,7,PROJECT_DEMO_EXPANSION,2026-09-23,Synthetic/demo relationship; not a verified commercial contract.,SYNTHETIC_DEMO
SUP00059,PROD00413,DISTRIBUTES,HIGH,25.15,7,PROJECT_DEMO_EXPANSION,2026-09-23,Synthetic/demo relationship; not a verified commercial contract.,SYNTHETIC_DEMO
SUP00060,PROD00420,DISTRIBUTES,HIGH,20.79,7,PROJECT_DEMO_EXPANSION,2026-09-23,Synthetic/demo relationship; not a verified commercial contract.,SYNTHETIC_DEMO
SUP00061,PROD00427,SUPPLIES,LOW,5.15,60,PROJECT_DEMO_EXPANSION,2026-09-23,Synthetic/demo relationship; not a verified commercial contract.,SYNTHETIC_DEMO
SUP00062,PROD00434,DISTRIBUTES,MEDIUM,10.17,60,PROJECT_DEMO_EXPANSION,2026-09-23,Synthetic/demo relationship; not a verified commercial contract.,SYNTHETIC_DEMO
SUP00063,PROD00441,SUPPLIES,MEDIUM,32.04,90,PROJECT_DEMO_EXPANSION,2026-09-23,Synthetic/demo relationship; not a verified commercial contract.,SYNTHETIC_DEMO
SUP00064,PROD00448,DISTRIBUTES,HIGH,24.27,14,PROJECT_DEMO_EXPANSION,2026-09-23,Synthetic/demo relationship; not a verified commercial contract.,SYNTHETIC_DEMO
SUP00065,PROD00455,DISTRIBUTES,HIGH,21.79,60,PROJECT_DEMO_EXPANSION,2026-09-23,Synthetic/demo relationship; not a verified commercial contract.,SYNTHETIC_DEMO
SUP00066,PROD00462,MANUFACTURES,LOW,27.61,90,PROJECT_DEMO_EXPANSION,2026-09-23,Synthetic/demo relationship; not a verified commercial contract.,SYNTHETIC_DEMO
SUP00067,PROD00469,SUPPLIES,HIGH,30.68,90,PROJECT_DEMO_EXPANSION,2026-09-23,Synthetic/demo relationship; not a verified commercial contract.,SYNTHETIC_DEMO
SUP00068,PROD00476,DISTRIBUTES,MEDIUM,12.19,60,PROJECT_DEMO_EXPANSION,2026-09-23,Synthetic/demo relationship; not a verified commercial contract.,SYNTHETIC_DEMO
SUP00069,PROD00483,MANUFACTURES,MEDIUM,38.36,7,PROJECT_DEMO_EXPANSION,2026-09-23,Synthetic/demo relationship; not a verified commercial contract.,SYNTHETIC_DEMO
SUP00070,PROD00490,DISTRIBUTES,MEDIUM,13.06,30,PROJECT_DEMO_EXPANSION,2026-09-23,Synthetic/demo relationship; not a verified commercial contract.,SYNTHETIC_DEMO
SUP00071,PROD00497,DISTRIBUTES,LOW,5.12,21,PROJECT_DEMO_EXPANSION,2026-09-23,Synthetic/demo relationship; not a verified commercial contract.,SYNTHETIC_DEMO
SUP00072,PROD00504,SUPPLIES,LOW,38.37,21,PROJECT_DEMO_EXPANSION,2026-09-23,Synthetic/demo relationship; not a verified commercial contract.,SYNTHETIC_DEMO
SUP00073,PROD00511,MANUFACTURES,MEDIUM,26.16,60,PROJECT_DEMO_EXPANSION,2026-09-23,Synthetic/demo relationship; not a verified commercial contract.,SYNTHETIC_DEMO
SUP00074,PROD00518,DISTRIBUTES,MEDIUM,3.34,90,PROJECT_DEMO_EXPANSION,2026-09-23,Synthetic/demo relationship; not a verified commercial contract.,SYNTHETIC_DEMO
SUP00075,PROD00525,MANUFACTURES,MEDIUM,36.54,30,PROJECT_DEMO_EXPANSION,2026-09-23,Synthetic/demo relationship; not a verified commercial contract.,SYNTHETIC_DEMO
SUP00076,PROD00532,MANUFACTURES,MEDIUM,32.16,30,PROJECT_DEMO_EXPANSION,2026-09-23,Synthetic/demo relationship; not a verified commercial contract.,SYNTHETIC_DEMO
SUP00077,PROD00539,DISTRIBUTES,MEDIUM,4.9,14,PROJECT_DEMO_EXPANSION,2026-09-23,Synthetic/demo relationship; not a verified commercial contract.,SYNTHETIC_DEMO
SUP00078,PROD00546,SUPPLIES,LOW,9.74,45,PROJECT_DEMO_EXPANSION,2026-09-23,Synthetic/demo relationship; not a verified commercial contract.,SYNTHETIC_DEMO
SUP00079,PROD00553,MANUFACTURES,HIGH,9.2,30,PROJECT_DEMO_EXPANSION,2026-09-23,Synthetic/demo relationship; not a verified commercial contract.,SYNTHETIC_DEMO
SUP00080,PROD00560,DISTRIBUTES,MEDIUM,3.98,7,PROJECT_DEMO_EXPANSION,2026-09-23,Synthetic/demo relationship; not a verified commercial contract.,SYNTHETIC_DEMO
SUP00081,PROD00567,DISTRIBUTES,LOW,28.1,45,PROJECT_DEMO_EXPANSION,2026-09-23,Synthetic/demo relationship; not a verified commercial contract.,SYNTHETIC_DEMO
SUP00082,PROD00574,MANUFACTURES,HIGH,10.83,21,PROJECT_DEMO_EXPANSION,2026-09-23,Synthetic/demo relationship; not a verified commercial contract.,SYNTHETIC_DEMO
SUP00083,PROD00581,MANUFACTURES,HIGH,12.28,60,PROJECT_DEMO_EXPANSION,2026-09-23,Synthetic/demo relationship; not a verified commercial contract.,SYNTHETIC_DEMO
SUP00084,PROD00588,SUPPLIES,LOW,24.49,7,PROJECT_DEMO_EXPANSION,2026-09-23,Synthetic/demo relationship; not a verified commercial contract.,SYNTHETIC_DEMO
SUP00085,PROD00595,MANUFACTURES,MEDIUM,4.73,7,PROJECT_DEMO_EXPANSION,2026-09-23,Synthetic/demo relationship; not a verified commercial contract.,SYNTHETIC_DEMO
SUP00086,PROD00602,MANUFACTURES,HIGH,2.0,7,PROJECT_DEMO_EXPANSION,2026-09-23,Synthetic/demo relationship; not a verified commercial contract.,SYNTHETIC_DEMO
SUP00087,PROD00609,DISTRIBUTES,MEDIUM,15.94,60,PROJECT_DEMO_EXPANSION,2026-09-23,Synthetic/demo relationship; not a verified commercial contract.,SYNTHETIC_DEMO
SUP00088,PROD00616,SUPPLIES,MEDIUM,36.13,14,PROJECT_DEMO_EXPANSION,2026-09-23,Synthetic/demo relationship; not a verified commercial contract.,SYNTHETIC_DEMO
SUP00089,PROD00623,SUPPLIES,HIGH,8.2,7,PROJECT_DEMO_EXPANSION,2026-09-23,Synthetic/demo relationship; not a verified commercial contract.,SYNTHETIC_DEMO
SUP00090,PROD00630,SUPPLIES,HIGH,1.9,21,PROJECT_DEMO_EXPANSION,2026-09-23,Synthetic/demo relationship; not a verified commercial contract.,SYNTHETIC_DEMO
SUP00091,PROD00637,MANUFACTURES,LOW,13.01,30,PROJECT_DEMO_EXPANSION,2026-09-23,Synthetic/demo relationship; not a verified commercial contract.,SYNTHETIC_DEMO
SUP00092,PROD00644,DISTRIBUTES,LOW,31.03,14,PROJECT_DEMO_EXPANSION,2026-09-23,Synthetic/demo relationship; not a verified commercial contract.,SYNTHETIC_DEMO
SUP00093,PROD00651,MANUFACTURES,HIGH,39.06,90,PROJECT_DEMO_EXPANSION,2026-09-23,Synthetic/demo relationship; not a verified commercial contract.,SYNTHETIC_DEMO
SUP00094,PROD00658,MANUFACTURES,MEDIUM,10.41,7,PROJECT_DEMO_EXPANSION,2026-09-23,Synthetic/demo relationship; not a verified commercial contract.,SYNTHETIC_DEMO
SUP00095,PROD00665,SUPPLIES,LOW,20.98,14,PROJECT_DEMO_EXPANSION,2026-09-23,Synthetic/demo relationship; not a verified commercial contract.,SYNTHETIC_DEMO
SUP00096,PROD00672,DISTRIBUTES,LOW,39.46,14,PROJECT_DEMO_EXPANSION,2026-09-23,Synthetic/demo relationship; not a verified commercial contract.,SYNTHETIC_DEMO
SUP00097,PROD00679,MANUFACTURES,MEDIUM,32.99,90,PROJECT_DEMO_EXPANSION,2026-09-23,Synthetic/demo relationship; not a verified commercial contract.,SYNTHETIC_DEMO
SUP00098,PROD00686,DISTRIBUTES,MEDIUM,12.58,45,PROJECT_DEMO_EXPANSION,2026-09-23,Synthetic/demo relationship; not a verified commercial contract.,SYNTHETIC_DEMO
SUP00099,PROD00693,SUPPLIES,LOW,34.86,21,PROJECT_DEMO_EXPANSION,2026-09-23,Synthetic/demo relationship; not a verified commercial contract.,SYNTHETIC_DEMO
SUP00100,PROD00700,MANUFACTURES,LOW,9.31,90,PROJECT_DEMO_EXPANSION,2026-09-23,Synthetic/demo relationship; not a verified commercial contract.,SYNTHETIC_DEMO
SUP00101,PROD00707,MANUFACTURES,MEDIUM,5.02,7,PROJECT_DEMO_EXPANSION,2026-09-23,Synthetic/demo relationship; not a verified commercial contract.,SYNTHETIC_DEMO
SUP00102,PROD00714,SUPPLIES,LOW,13.85,45,PROJECT_DEMO_EXPANSION,2026-09-23,Synthetic/demo relationship; not a verified commercial contract.,SYNTHETIC_DEMO
SUP00103,PROD00721,DISTRIBUTES,MEDIUM,23.7,90,PROJECT_DEMO_EXPANSION,2026-09-23,Synthetic/demo relationship; not a verified commercial contract.,SYNTHETIC_DEMO
SUP00104,PROD00728,MANUFACTURES,LOW,32.58,21,PROJECT_DEMO_EXPANSION,2026-09-23,Synthetic/demo relationship; not a verified commercial contract.,SYNTHETIC_DEMO
SUP00105,PROD00735,SUPPLIES,HIGH,21.44,90,PROJECT_DEMO_EXPANSION,2026-09-23,Synthetic/demo relationship; not a verified commercial contract.,SYNTHETIC_DEMO
SUP00106,PROD00742,MANUFACTURES,HIGH,36.77,7,PROJECT_DEMO_EXPANSION,2026-09-23,Synthetic/demo relationship; not a verified commercial contract.,SYNTHETIC_DEMO
SUP00107,PROD00749,DISTRIBUTES,HIGH,22.58,14,PROJECT_DEMO_EXPANSION,2026-09-23,Synthetic/demo relationship; not a verified commercial contract.,SYNTHETIC_DEMO
SUP00108,PROD00756,MANUFACTURES,HIGH,29.85,30,PROJECT_DEMO_EXPANSION,2026-09-23,Synthetic/demo relationship; not a verified commercial contract.,SYNTHETIC_DEMO
SUP00109,PROD00763,DISTRIBUTES,HIGH,34.05,30,PROJECT_DEMO_EXPANSION,2026-09-23,Synthetic/demo relationship; not a verified commercial contract.,SYNTHETIC_DEMO
SUP00110,PROD00770,SUPPLIES,LOW,26.76,21,PROJECT_DEMO_EXPANSION,2026-09-23,Synthetic/demo relationship; not a verified commercial contract.,SYNTHETIC_DEMO
SUP00111,PROD00777,DISTRIBUTES,HIGH,6.51,45,PROJECT_DEMO_EXPANSION,2026-09-23,Synthetic/demo relationship; not a verified commercial contract.,SYNTHETIC_DEMO
SUP00112,PROD00784,DISTRIBUTES,MEDIUM,17.4,14,PROJECT_DEMO_EXPANSION,2026-09-23,Synthetic/demo relationship; not a verified commercial contract.,SYNTHETIC_DEMO
SUP00113,PROD00791,SUPPLIES,MEDIUM,26.92,60,PROJECT_DEMO_EXPANSION,2026-09-23,Synthetic/demo relationship; not a verified commercial contract.,SYNTHETIC_DEMO
SUP00114,PROD00798,MANUFACTURES,LOW,19.98,90,PROJECT_DEMO_EXPANSION,2026-09-23,Synthetic/demo relationship; not a verified commercial contract.,SYNTHETIC_DEMO
SUP00115,PROD00805,DISTRIBUTES,MEDIUM,1.18,14,PROJECT_DEMO_EXPANSION,2026-09-23,Synthetic/demo relationship; not a verified commercial contract.,SYNTHETIC_DEMO
SUP00116,PROD00812,SUPPLIES,HIGH,23.17,14,PROJECT_DEMO_EXPANSION,2026-09-23,Synthetic/demo relationship; not a verified commercial contract.,SYNTHETIC_DEMO
SUP00117,PROD00819,SUPPLIES,LOW,3.8,30,PROJECT_DEMO_EXPANSION,2026-09-23,Synthetic/demo relationship; not a verified commercial contract.,SYNTHETIC_DEMO
SUP00118,PROD00826,MANUFACTURES,MEDIUM,20.48,30,PROJECT_DEMO_EXPANSION,2026-09-23,Synthetic/demo relationship; not a verified commercial contract.,SYNTHETIC_DEMO
SUP00119,PROD00833,DISTRIBUTES,LOW,30.72,30,PROJECT_DEMO_EXPANSION,2026-09-23,Synthetic/demo relationship; not a verified commercial contract.,SYNTHETIC_DEMO
SUP00120,PROD00840,DISTRIBUTES,HIGH,2.89,7,PROJECT_DEMO_EXPANSION,2026-09-23,Synthetic/demo relationship; not a verified commercial contract.,SYNTHETIC_DEMO
SUP00121,PROD00847,SUPPLIES,MEDIUM,6.76,45,PROJECT_DEMO_EXPANSION,2026-09-23,Synthetic/demo relationship; not a verified commercial contract.,SYNTHETIC_DEMO
SUP00122,PROD00854,MANUFACTURES,MEDIUM,22.94,60,PROJECT_DEMO_EXPANSION,2026-09-23,Synthetic/demo relationship; not a verified commercial contract.,SYNTHETIC_DEMO
SUP00123,PROD00861,MANUFACTURES,MEDIUM,7.13,14,PROJECT_DEMO_EXPANSION,2026-09-23,Synthetic/demo relationship; not a verified commercial contract.,SYNTHETIC_DEMO
SUP00124,PROD00868,DISTRIBUTES,HIGH,12.97,60,PROJECT_DEMO_EXPANSION,2026-09-23,Synthetic/demo relationship; not a verified commercial contract.,SYNTHETIC_DEMO
SUP00125,PROD00875,MANUFACTURES,HIGH,21.82,60,PROJECT_DEMO_EXPANSION,2026-09-23,Synthetic/demo relationship; not a verified commercial contract.,SYNTHETIC_DEMO
SUP00126,PROD00882,MANUFACTURES,MEDIUM,23.11,60,PROJECT_DEMO_EXPANSION,2026-09-23,Synthetic/demo relationship; not a verified commercial contract.,SYNTHETIC_DEMO
SUP00127,PROD00889,SUPPLIES,HIGH,18.36,21,PROJECT_DEMO_EXPANSION,2026-09-23,Synthetic/demo relationship; not a verified commercial contract.,SYNTHETIC_DEMO
SUP00128,PROD00896,SUPPLIES,MEDIUM,21.64,30,PROJECT_DEMO_EXPANSION,2026-09-23,Synthetic/demo relationship; not a verified commercial contract.,SYNTHETIC_DEMO
SUP00129,PROD00903,DISTRIBUTES,MEDIUM,11.89,21,PROJECT_DEMO_EXPANSION,2026-09-23,Synthetic/demo relationship; not a verified commercial contract.,SYNTHETIC_DEMO
SUP00130,PROD00910,MANUFACTURES,HIGH,30.63,90,PROJECT_DEMO_EXPANSION,2026-09-23,Synthetic/demo relationship; not a verified commercial contract.,SYNTHETIC_DEMO
SUP00131,PROD00917,SUPPLIES,HIGH,13.94,21,PROJECT_DEMO_EXPANSION,2026-09-23,Synthetic/demo relationship; not a verified commercial contract.,SYNTHETIC_DEMO
SUP00132,PROD00924,MANUFACTURES,LOW,14.04,21,PROJECT_DEMO_EXPANSION,2026-09-23,Synthetic/demo relationship; not a verified commercial contract.,SYNTHETIC_DEMO
SUP00133,PROD00931,SUPPLIES,HIGH,12.5,60,PROJECT_DEMO_EXPANSION,2026-09-23,Synthetic/demo relationship; not a verified commercial contract.,SYNTHETIC_DEMO
SUP00134,PROD00938,SUPPLIES,LOW,5.56,90,PROJECT_DEMO_EXPANSION,2026-09-23,Synthetic/demo relationship; not a verified commercial contract.,SYNTHETIC_DEMO
SUP00135,PROD00945,DISTRIBUTES,HIGH,35.38,45,PROJECT_DEMO_EXPANSION,2026-09-23,Synthetic/demo relationship; not a verified commercial contract.,SYNTHETIC_DEMO
SUP00136,PROD00952,SUPPLIES,MEDIUM,17.14,45,PROJECT_DEMO_EXPANSION,2026-09-23,Synthetic/demo relationship; not a verified commercial contract.,SYNTHETIC_DEMO
SUP00137,PROD00959,DISTRIBUTES,HIGH,26.42,45,PROJECT_DEMO_EXPANSION,2026-09-23,Synthetic/demo relationship; not a verified commercial contract.,SYNTHETIC_DEMO
SUP00138,PROD00966,MANUFACTURES,HIGH,7.48,14,PROJECT_DEMO_EXPANSION,2026-09-23,Synthetic/demo relationship; not a verified commercial contract.,SYNTHETIC_DEMO
SUP00139,PROD00973,DISTRIBUTES,HIGH,5.91,45,PROJECT_DEMO_EXPANSION,2026-09-23,Synthetic/demo relationship; not a verified commercial contract.,SYNTHETIC_DEMO
SUP00140,PROD00980,MANUFACTURES,HIGH,4.33,45,PROJECT_DEMO_EXPANSION,2026-09-23,Synthetic/demo relationship; not a verified commercial contract.,SYNTHETIC_DEMO
SUP00141,PROD00987,MANUFACTURES,MEDIUM,34.31,30,PROJECT_DEMO_EXPANSION,2026-09-23,Synthetic/demo relationship; not a verified commercial contract.,SYNTHETIC_DEMO
SUP00142,PROD00994,DISTRIBUTES,LOW,34.36,30,PROJECT_DEMO_EXPANSION,2026-09-23,Synthetic/demo relationship; not a verified commercial contract.,SYNTHETIC_DEMO
SUP00143,PROD00001,DISTRIBUTES,HIGH,16.3,60,PROJECT_DEMO_EXPANSION,2026-09-23,Synthetic/demo relationship; not a verified commercial contract.,SYNTHETIC_DEMO
SUP00144,PROD00008,SUPPLIES,MEDIUM,25.43,60,PROJECT_DEMO_EXPANSION,2026-09-23,Synthetic/demo relationship; not a verified commercial contract.,SYNTHETIC_DEMO
SUP00145,PROD00015,MANUFACTURES,LOW,22.29,14,PROJECT_DEMO_EXPANSION,2026-09-23,Synthetic/demo relationship; not a verified commercial contract.,SYNTHETIC_DEMO
SUP00146,PROD00022,SUPPLIES,LOW,22.14,60,PROJECT_DEMO_EXPANSION,2026-09-23,Synthetic/demo relationship; not a verified commercial contract.,SYNTHETIC_DEMO
SUP00147,PROD00029,MANUFACTURES,HIGH,20.39,30,PROJECT_DEMO_EXPANSION,2026-09-23,Synthetic/demo relationship; not a verified commercial contract.,SYNTHETIC_DEMO
SUP00148,PROD00036,SUPPLIES,HIGH,24.41,21,PROJECT_DEMO_EXPANSION,2026-09-23,Synthetic/demo relationship; not a verified commercial contract.,SYNTHETIC_DEMO
SUP00149,PROD00043,MANUFACTURES,HIGH,23.06,30,PROJECT_DEMO_EXPANSION,2026-09-23,Synthetic/demo relationship; not a verified commercial contract.,SYNTHETIC_DEMO
SUP00150,PROD00050,DISTRIBUTES,HIGH,35.56,30,PROJECT_DEMO_EXPANSION,2026-09-23,Synthetic/demo relationship; not a verified commercial contract.,SYNTHETIC_DEMO
SUP00151,PROD00057,MANUFACTURES,LOW,12.98,45,PROJECT_DEMO_EXPANSION,2026-09-23,Synthetic/demo relationship; not a verified commercial contract.,SYNTHETIC_DEMO
SUP00152,PROD00064,MANUFACTURES,HIGH,15.55,21,PROJECT_DEMO_EXPANSION,2026-09-23,Synthetic/demo relationship; not a verified commercial contract.,SYNTHETIC_DEMO
SUP00153,PROD00071,SUPPLIES,MEDIUM,25.43,14,PROJECT_DEMO_EXPANSION,2026-09-23,Synthetic/demo relationship; not a verified commercial contract.,SYNTHETIC_DEMO
SUP00154,PROD00078,SUPPLIES,HIGH,38.18,14,PROJECT_DEMO_EXPANSION,2026-09-23,Synthetic/demo relationship; not a verified commercial contract.,SYNTHETIC_DEMO
SUP00155,PROD00085,DISTRIBUTES,HIGH,19.4,60,PROJECT_DEMO_EXPANSION,2026-09-23,Synthetic/demo relationship; not a verified commercial contract.,SYNTHETIC_DEMO
SUP00156,PROD00092,MANUFACTURES,MEDIUM,21.43,21,PROJECT_DEMO_EXPANSION,2026-09-23,Synthetic/demo relationship; not a verified commercial contract.,SYNTHETIC_DEMO
SUP00157,PROD00099,MANUFACTURES,LOW,33.86,60,PROJECT_DEMO_EXPANSION,2026-09-23,Synthetic/demo relationship; not a verified commercial contract.,SYNTHETIC_DEMO
SUP00158,PROD00106,MANUFACTURES,LOW,11.26,14,PROJECT_DEMO_EXPANSION,2026-09-23,Synthetic/demo relationship; not a verified commercial contract.,SYNTHETIC_DEMO
SUP00159,PROD00113,SUPPLIES,LOW,4.41,21,PROJECT_DEMO_EXPANSION,2026-09-23,Synthetic/demo relationship; not a verified commercial contract.,SYNTHETIC_DEMO
SUP00160,PROD00120,MANUFACTURES,MEDIUM,12.67,30,PROJECT_DEMO_EXPANSION,2026-09-23,Synthetic/demo relationship; not a verified commercial contract.,SYNTHETIC_DEMO
SUP00161,PROD00127,MANUFACTURES,LOW,23.1,30,PROJECT_DEMO_EXPANSION,2026-09-23,Synthetic/demo relationship; not a verified commercial contract.,SYNTHETIC_DEMO
SUP00162,PROD00134,SUPPLIES,MEDIUM,27.21,14,PROJECT_DEMO_EXPANSION,2026-09-23,Synthetic/demo relationship; not a verified commercial contract.,SYNTHETIC_DEMO
SUP00163,PROD00141,DISTRIBUTES,HIGH,18.57,60,PROJECT_DEMO_EXPANSION,2026-09-23,Synthetic/demo relationship; not a verified commercial contract.,SYNTHETIC_DEMO
SUP00164,PROD00148,MANUFACTURES,HIGH,31.0,90,PROJECT_DEMO_EXPANSION,2026-09-23,Synthetic/demo relationship; not a verified commercial contract.,SYNTHETIC_DEMO
SUP00165,PROD00155,DISTRIBUTES,HIGH,28.45,90,PROJECT_DEMO_EXPANSION,2026-09-23,Synthetic/demo relationship; not a verified commercial contract.,SYNTHETIC_DEMO
SUP00166,PROD00162,DISTRIBUTES,MEDIUM,14.51,45,PROJECT_DEMO_EXPANSION,2026-09-23,Synthetic/demo relationship; not a verified commercial contract.,SYNTHETIC_DEMO
SUP00167,PROD00169,SUPPLIES,HIGH,35.11,30,PROJECT_DEMO_EXPANSION,2026-09-23,Synthetic/demo relationship; not a verified commercial contract.,SYNTHETIC_DEMO
SUP00168,PROD00176,SUPPLIES,LOW,24.91,21,PROJECT_DEMO_EXPANSION,2026-09-23,Synthetic/demo relationship; not a verified commercial contract.,SYNTHETIC_DEMO
SUP00169,PROD00183,DISTRIBUTES,LOW,13.77,30,PROJECT_DEMO_EXPANSION,2026-09-23,Synthetic/demo relationship; not a verified commercial contract.,SYNTHETIC_DEMO
SUP00170,PROD00190,SUPPLIES,MEDIUM,6.38,21,PROJECT_DEMO_EXPANSION,2026-09-23,Synthetic/demo relationship; not a verified commercial contract.,SYNTHETIC_DEMO
SUP00171,PROD00197,MANUFACTURES,MEDIUM,20.9,14,PROJECT_DEMO_EXPANSION,2026-09-23,Synthetic/demo relationship; not a verified commercial contract.,SYNTHETIC_DEMO
SUP00172,PROD00204,MANUFACTURES,LOW,33.11,90,PROJECT_DEMO_EXPANSION,2026-09-23,Synthetic/demo relationship; not a verified commercial contract.,SYNTHETIC_DEMO
SUP00173,PROD00211,DISTRIBUTES,LOW,12.52,14,PROJECT_DEMO_EXPANSION,2026-09-23,Synthetic/demo relationship; not a verified commercial contract.,SYNTHETIC_DEMO
SUP00174,PROD00218,MANUFACTURES,MEDIUM,18.43,7,PROJECT_DEMO_EXPANSION,2026-09-23,Synthetic/demo relationship; not a verified commercial contract.,SYNTHETIC_DEMO
SUP00175,PROD00225,SUPPLIES,HIGH,33.6,60,PROJECT_DEMO_EXPANSION,2026-09-23,Synthetic/demo relationship; not a verified commercial contract.,SYNTHETIC_DEMO
SUP00176,PROD00232,MANUFACTURES,LOW,23.4,90,PROJECT_DEMO_EXPANSION,2026-09-23,Synthetic/demo relationship; not a verified commercial contract.,SYNTHETIC_DEMO
SUP00177,PROD00239,MANUFACTURES,MEDIUM,30.58,60,PROJECT_DEMO_EXPANSION,2026-09-23,Synthetic/demo relationship; not a verified commercial contract.,SYNTHETIC_DEMO
SUP00178,PROD00246,DISTRIBUTES,HIGH,19.61,90,PROJECT_DEMO_EXPANSION,2026-09-23,Synthetic/demo relationship; not a verified commercial contract.,SYNTHETIC_DEMO
SUP00179,PROD00253,MANUFACTURES,LOW,23.0,45,PROJECT_DEMO_EXPANSION,2026-09-23,Synthetic/demo relationship; not a verified commercial contract.,SYNTHETIC_DEMO
SUP00180,PROD00260,DISTRIBUTES,HIGH,14.0,14,PROJECT_DEMO_EXPANSION,2026-09-23,Synthetic/demo relationship; not a verified commercial contract.,SYNTHETIC_DEMO
SUP00181,PROD00267,MANUFACTURES,MEDIUM,18.92,30,PROJECT_DEMO_EXPANSION,2026-09-23,Synthetic/demo relationship; not a verified commercial contract.,SYNTHETIC_DEMO
SUP00182,PROD00274,SUPPLIES,MEDIUM,3.42,30,PROJECT_DEMO_EXPANSION,2026-09-23,Synthetic/demo relationship; not a verified commercial contract.,SYNTHETIC_DEMO
SUP00183,PROD00281,DISTRIBUTES,HIGH,35.22,90,PROJECT_DEMO_EXPANSION,2026-09-23,Synthetic/demo relationship; not a verified commercial contract.,SYNTHETIC_DEMO
SUP00184,PROD00288,DISTRIBUTES,MEDIUM,23.1,21,PROJECT_DEMO_EXPANSION,2026-09-23,Synthetic/demo relationship; not a verified commercial contract.,SYNTHETIC_DEMO
SUP00185,PROD00295,SUPPLIES,LOW,22.46,21,PROJECT_DEMO_EXPANSION,2026-09-23,Synthetic/demo relationship; not a verified commercial contract.,SYNTHETIC_DEMO
SUP00186,PROD00302,DISTRIBUTES,MEDIUM,12.08,45,PROJECT_DEMO_EXPANSION,2026-09-23,Synthetic/demo relationship; not a verified commercial contract.,SYNTHETIC_DEMO
SUP00187,PROD00309,SUPPLIES,MEDIUM,3.26,30,PROJECT_DEMO_EXPANSION,2026-09-23,Synthetic/demo relationship; not a verified commercial contract.,SYNTHETIC_DEMO
SUP00188,PROD00316,MANUFACTURES,LOW,34.83,30,PROJECT_DEMO_EXPANSION,2026-09-23,Synthetic/demo relationship; not a verified commercial contract.,SYNTHETIC_DEMO
SUP00189,PROD00323,DISTRIBUTES,HIGH,25.26,14,PROJECT_DEMO_EXPANSION,2026-09-23,Synthetic/demo relationship; not a verified commercial contract.,SYNTHETIC_DEMO
SUP00190,PROD00330,SUPPLIES,LOW,4.13,30,PROJECT_DEMO_EXPANSION,2026-09-23,Synthetic/demo relationship; not a verified commercial contract.,SYNTHETIC_DEMO
SUP00191,PROD00337,MANUFACTURES,HIGH,38.84,45,PROJECT_DEMO_EXPANSION,2026-09-23,Synthetic/demo relationship; not a verified commercial contract.,SYNTHETIC_DEMO
SUP00192,PROD00344,DISTRIBUTES,HIGH,12.61,14,PROJECT_DEMO_EXPANSION,2026-09-23,Synthetic/demo relationship; not a verified commercial contract.,SYNTHETIC_DEMO
SUP00193,PROD00351,SUPPLIES,LOW,33.61,45,PROJECT_DEMO_EXPANSION,2026-09-23,Synthetic/demo relationship; not a verified commercial contract.,SYNTHETIC_DEMO
SUP00194,PROD00358,MANUFACTURES,LOW,34.1,7,PROJECT_DEMO_EXPANSION,2026-09-23,Synthetic/demo relationship; not a verified commercial contract.,SYNTHETIC_DEMO
SUP00195,PROD00365,SUPPLIES,MEDIUM,1.46,60,PROJECT_DEMO_EXPANSION,2026-09-23,Synthetic/demo relationship; not a verified commercial contract.,SYNTHETIC_DEMO
SUP00196,PROD00372,SUPPLIES,HIGH,6.3,45,PROJECT_DEMO_EXPANSION,2026-09-23,Synthetic/demo relationship; not a verified commercial contract.,SYNTHETIC_DEMO
SUP00197,PROD00379,SUPPLIES,MEDIUM,22.58,60,PROJECT_DEMO_EXPANSION,2026-09-23,Synthetic/demo relationship; not a verified commercial contract.,SYNTHETIC_DEMO
SUP00198,PROD00386,MANUFACTURES,MEDIUM,6.7,60,PROJECT_DEMO_EXPANSION,2026-09-23,Synthetic/demo relationship; not a verified commercial contract.,SYNTHETIC_DEMO
SUP00199,PROD00393,MANUFACTURES,HIGH,11.73,14,PROJECT_DEMO_EXPANSION,2026-09-23,Synthetic/demo relationship; not a verified commercial contract.,SYNTHETIC_DEMO
SUP00200,PROD00400,DISTRIBUTES,LOW,18.76,60,PROJECT_DEMO_EXPANSION,2026-09-23,Synthetic/demo relationship; not a verified commercial contract.,SYNTHETIC_DEMO
SUP00201,PROD00407,MANUFACTURES,HIGH,2.24,45,PROJECT_DEMO_EXPANSION,2026-09-23,Synthetic/demo relationship; not a verified commercial contract.,SYNTHETIC_DEMO
SUP00202,PROD00414,MANUFACTURES,LOW,15.19,30,PROJECT_DEMO_EXPANSION,2026-09-23,Synthetic/demo relationship; not a verified commercial contract.,SYNTHETIC_DEMO
SUP00203,PROD00421,SUPPLIES,MEDIUM,29.68,30,PROJECT_DEMO_EXPANSION,2026-09-23,Synthetic/demo relationship; not a verified commercial contract.,SYNTHETIC_DEMO
SUP00204,PROD00428,DISTRIBUTES,HIGH,25.63,90,PROJECT_DEMO_EXPANSION,2026-09-23,Synthetic/demo relationship; not a verified commercial contract.,SYNTHETIC_DEMO
SUP00205,PROD00435,SUPPLIES,LOW,9.89,14,PROJECT_DEMO_EXPANSION,2026-09-23,Synthetic/demo relationship; not a verified commercial contract.,SYNTHETIC_DEMO
SUP00206,PROD00442,SUPPLIES,LOW,10.39,14,PROJECT_DEMO_EXPANSION,2026-09-23,Synthetic/demo relationship; not a verified commercial contract.,SYNTHETIC_DEMO
SUP00207,PROD00449,MANUFACTURES,HIGH,17.39,30,PROJECT_DEMO_EXPANSION,2026-09-23,Synthetic/demo relationship; not a verified commercial contract.,SYNTHETIC_DEMO
SUP00208,PROD00456,SUPPLIES,LOW,18.35,7,PROJECT_DEMO_EXPANSION,2026-09-23,Synthetic/demo relationship; not a verified commercial contract.,SYNTHETIC_DEMO
SUP00209,PROD00463,MANUFACTURES,HIGH,4.6,30,PROJECT_DEMO_EXPANSION,2026-09-23,Synthetic/demo relationship; not a verified commercial contract.,SYNTHETIC_DEMO
SUP00210,PROD00470,DISTRIBUTES,HIGH,32.65,60,PROJECT_DEMO_EXPANSION,2026-09-23,Synthetic/demo relationship; not a verified commercial contract.,SYNTHETIC_DEMO
SUP00211,PROD00477,MANUFACTURES,LOW,35.82,7,PROJECT_DEMO_EXPANSION,2026-09-23,Synthetic/demo relationship; not a verified commercial contract.,SYNTHETIC_DEMO
SUP00212,PROD00484,SUPPLIES,LOW,1.6,60,PROJECT_DEMO_EXPANSION,2026-09-23,Synthetic/demo relationship; not a verified commercial contract.,SYNTHETIC_DEMO
SUP00213,PROD00491,SUPPLIES,LOW,26.26,14,PROJECT_DEMO_EXPANSION,2026-09-23,Synthetic/demo relationship; not a verified commercial contract.,SYNTHETIC_DEMO
SUP00214,PROD00498,DISTRIBUTES,LOW,14.3,45,PROJECT_DEMO_EXPANSION,2026-09-23,Synthetic/demo relationship; not a verified commercial contract.,SYNTHETIC_DEMO
SUP00215,PROD00505,MANUFACTURES,MEDIUM,38.16,60,PROJECT_DEMO_EXPANSION,2026-09-23,Synthetic/demo relationship; not a verified commercial contract.,SYNTHETIC_DEMO
SUP00216,PROD00512,MANUFACTURES,HIGH,23.09,21,PROJECT_DEMO_EXPANSION,2026-09-23,Synthetic/demo relationship; not a verified commercial contract.,SYNTHETIC_DEMO
SUP00217,PROD00519,MANUFACTURES,LOW,17.31,45,PROJECT_DEMO_EXPANSION,2026-09-23,Synthetic/demo relationship; not a verified commercial contract.,SYNTHETIC_DEMO
SUP00218,PROD00526,SUPPLIES,HIGH,39.1,14,PROJECT_DEMO_EXPANSION,2026-09-23,Synthetic/demo relationship; not a verified commercial contract.,SYNTHETIC_DEMO
SUP00219,PROD00533,SUPPLIES,HIGH,31.13,45,PROJECT_DEMO_EXPANSION,2026-09-23,Synthetic/demo relationship; not a verified commercial contract.,SYNTHETIC_DEMO
SUP00220,PROD00540,MANUFACTURES,HIGH,29.64,45,PROJECT_DEMO_EXPANSION,2026-09-23,Synthetic/demo relationship; not a verified commercial contract.,SYNTHETIC_DEMO
SUP00221,PROD00547,SUPPLIES,MEDIUM,25.43,30,PROJECT_DEMO_EXPANSION,2026-09-23,Synthetic/demo relationship; not a verified commercial contract.,SYNTHETIC_DEMO
SUP00222,PROD00554,SUPPLIES,HIGH,26.72,30,PROJECT_DEMO_EXPANSION,2026-09-23,Synthetic/demo relationship; not a verified commercial contract.,SYNTHETIC_DEMO
SUP00223,PROD00561,MANUFACTURES,LOW,21.58,90,PROJECT_DEMO_EXPANSION,2026-09-23,Synthetic/demo relationship; not a verified commercial contract.,SYNTHETIC_DEMO
SUP00224,PROD00568,SUPPLIES,LOW,28.29,7,PROJECT_DEMO_EXPANSION,2026-09-23,Synthetic/demo relationship; not a verified commercial contract.,SYNTHETIC_DEMO
SUP00225,PROD00575,SUPPLIES,HIGH,3.16,45,PROJECT_DEMO_EXPANSION,2026-09-23,Synthetic/demo relationship; not a verified commercial contract.,SYNTHETIC_DEMO
SUP00226,PROD00582,SUPPLIES,LOW,22.75,90,PROJECT_DEMO_EXPANSION,2026-09-23,Synthetic/demo relationship; not a verified commercial contract.,SYNTHETIC_DEMO
SUP00227,PROD00589,MANUFACTURES,HIGH,25.36,7,PROJECT_DEMO_EXPANSION,2026-09-23,Synthetic/demo relationship; not a verified commercial contract.,SYNTHETIC_DEMO
SUP00228,PROD00596,SUPPLIES,HIGH,37.05,30,PROJECT_DEMO_EXPANSION,2026-09-23,Synthetic/demo relationship; not a verified commercial contract.,SYNTHETIC_DEMO
SUP00229,PROD00603,SUPPLIES,HIGH,11.95,14,PROJECT_DEMO_EXPANSION,2026-09-23,Synthetic/demo relationship; not a verified commercial contract.,SYNTHETIC_DEMO
SUP00230,PROD00610,SUPPLIES,LOW,14.26,30,PROJECT_DEMO_EXPANSION,2026-09-23,Synthetic/demo relationship; not a verified commercial contract.,SYNTHETIC_DEMO
SUP00231,PROD00617,MANUFACTURES,LOW,5.01,21,PROJECT_DEMO_EXPANSION,2026-09-23,Synthetic/demo relationship; not a verified commercial contract.,SYNTHETIC_DEMO
SUP00232,PROD00624,DISTRIBUTES,LOW,30.96,45,PROJECT_DEMO_EXPANSION,2026-09-23,Synthetic/demo relationship; not a verified commercial contract.,SYNTHETIC_DEMO
SUP00233,PROD00631,MANUFACTURES,LOW,36.11,90,PROJECT_DEMO_EXPANSION,2026-09-23,Synthetic/demo relationship; not a verified commercial contract.,SYNTHETIC_DEMO
SUP00234,PROD00638,SUPPLIES,MEDIUM,31.09,60,PROJECT_DEMO_EXPANSION,2026-09-23,Synthetic/demo relationship; not a verified commercial contract.,SYNTHETIC_DEMO
SUP00235,PROD00645,DISTRIBUTES,HIGH,7.11,14,PROJECT_DEMO_EXPANSION,2026-09-23,Synthetic/demo relationship; not a verified commercial contract.,SYNTHETIC_DEMO
SUP00236,PROD00652,MANUFACTURES,LOW,7.96,21,PROJECT_DEMO_EXPANSION,2026-09-23,Synthetic/demo relationship; not a verified commercial contract.,SYNTHETIC_DEMO
SUP00237,PROD00659,MANUFACTURES,LOW,12.17,7,PROJECT_DEMO_EXPANSION,2026-09-23,Synthetic/demo relationship; not a verified commercial contract.,SYNTHETIC_DEMO
SUP00238,PROD00666,DISTRIBUTES,MEDIUM,17.47,90,PROJECT_DEMO_EXPANSION,2026-09-23,Synthetic/demo relationship; not a verified commercial contract.,SYNTHETIC_DEMO
SUP00239,PROD00673,DISTRIBUTES,HIGH,7.09,21,PROJECT_DEMO_EXPANSION,2026-09-23,Synthetic/demo relationship; not a verified commercial contract.,SYNTHETIC_DEMO
SUP00240,PROD00680,MANUFACTURES,LOW,21.37,21,PROJECT_DEMO_EXPANSION,2026-09-23,Synthetic/demo relationship; not a verified commercial contract.,SYNTHETIC_DEMO
SUP00241,PROD00687,MANUFACTURES,HIGH,11.74,90,PROJECT_DEMO_EXPANSION,2026-09-23,Synthetic/demo relationship; not a verified commercial contract.,SYNTHETIC_DEMO
SUP00242,PROD00694,DISTRIBUTES,MEDIUM,6.86,30,PROJECT_DEMO_EXPANSION,2026-09-23,Synthetic/demo relationship; not a verified commercial contract.,SYNTHETIC_DEMO
SUP00243,PROD00701,MANUFACTURES,LOW,29.11,60,PROJECT_DEMO_EXPANSION,2026-09-23,Synthetic/demo relationship; not a verified commercial contract.,SYNTHETIC_DEMO
SUP00244,PROD00708,SUPPLIES,MEDIUM,34.92,90,PROJECT_DEMO_EXPANSION,2026-09-23,Synthetic/demo relationship; not a verified commercial contract.,SYNTHETIC_DEMO
SUP00245,PROD00715,SUPPLIES,LOW,13.1,60,PROJECT_DEMO_EXPANSION,2026-09-23,Synthetic/demo relationship; not a verified commercial contract.,SYNTHETIC_DEMO
SUP00246,PROD00722,MANUFACTURES,MEDIUM,15.18,45,PROJECT_DEMO_EXPANSION,2026-09-23,Synthetic/demo relationship; not a verified commercial contract.,SYNTHETIC_DEMO
SUP00247,PROD00729,MANUFACTURES,HIGH,35.15,21,PROJECT_DEMO_EXPANSION,2026-09-23,Synthetic/demo relationship; not a verified commercial contract.,SYNTHETIC_DEMO
SUP00248,PROD00736,MANUFACTURES,LOW,28.19,30,PROJECT_DEMO_EXPANSION,2026-09-23,Synthetic/demo relationship; not a verified commercial contract.,SYNTHETIC_DEMO
SUP00249,PROD00743,SUPPLIES,HIGH,9.07,21,PROJECT_DEMO_EXPANSION,2026-09-23,Synthetic/demo relationship; not a verified commercial contract.,SYNTHETIC_DEMO
SUP00250,PROD00750,DISTRIBUTES,HIGH,12.52,90,PROJECT_DEMO_EXPANSION,2026-09-23,Synthetic/demo relationship; not a verified commercial contract.,SYNTHETIC_DEMO
SUP00251,PROD00757,DISTRIBUTES,LOW,38.14,14,PROJECT_DEMO_EXPANSION,2026-09-23,Synthetic/demo relationship; not a verified commercial contract.,SYNTHETIC_DEMO
SUP00252,PROD00764,DISTRIBUTES,MEDIUM,8.7,90,PROJECT_DEMO_EXPANSION,2026-09-23,Synthetic/demo relationship; not a verified commercial contract.,SYNTHETIC_DEMO
SUP00253,PROD00771,MANUFACTURES,LOW,33.22,90,PROJECT_DEMO_EXPANSION,2026-09-23,Synthetic/demo relationship; not a verified commercial contract.,SYNTHETIC_DEMO
SUP00254,PROD00778,SUPPLIES,HIGH,19.31,21,PROJECT_DEMO_EXPANSION,2026-09-23,Synthetic/demo relationship; not a verified commercial contract.,SYNTHETIC_DEMO
SUP00255,PROD00785,SUPPLIES,MEDIUM,35.98,7,PROJECT_DEMO_EXPANSION,2026-09-23,Synthetic/demo relationship; not a verified commercial contract.,SYNTHETIC_DEMO
SUP00256,PROD00792,DISTRIBUTES,MEDIUM,13.72,45,PROJECT_DEMO_EXPANSION,2026-09-23,Synthetic/demo relationship; not a verified commercial contract.,SYNTHETIC_DEMO
SUP00257,PROD00799,SUPPLIES,HIGH,13.07,45,PROJECT_DEMO_EXPANSION,2026-09-23,Synthetic/demo relationship; not a verified commercial contract.,SYNTHETIC_DEMO
SUP00258,PROD00806,DISTRIBUTES,MEDIUM,38.64,14,PROJECT_DEMO_EXPANSION,2026-09-23,Synthetic/demo relationship; not a verified commercial contract.,SYNTHETIC_DEMO
SUP00259,PROD00813,SUPPLIES,HIGH,19.65,60,PROJECT_DEMO_EXPANSION,2026-09-23,Synthetic/demo relationship; not a verified commercial contract.,SYNTHETIC_DEMO
SUP00260,PROD00820,MANUFACTURES,LOW,31.37,7,PROJECT_DEMO_EXPANSION,2026-09-23,Synthetic/demo relationship; not a verified commercial contract.,SYNTHETIC_DEMO
SUP00261,PROD00827,DISTRIBUTES,MEDIUM,27.05,30,PROJECT_DEMO_EXPANSION,2026-09-23,Synthetic/demo relationship; not a verified commercial contract.,SYNTHETIC_DEMO
SUP00262,PROD00834,MANUFACTURES,HIGH,7.43,30,PROJECT_DEMO_EXPANSION,2026-09-23,Synthetic/demo relationship; not a verified commercial contract.,SYNTHETIC_DEMO
SUP00263,PROD00841,MANUFACTURES,LOW,26.82,45,PROJECT_DEMO_EXPANSION,2026-09-23,Synthetic/demo relationship; not a verified commercial contract.,SYNTHETIC_DEMO
SUP00264,PROD00848,SUPPLIES,HIGH,3.74,45,PROJECT_DEMO_EXPANSION,2026-09-23,Synthetic/demo relationship; not a verified commercial contract.,SYNTHETIC_DEMO
SUP00265,PROD00855,SUPPLIES,LOW,11.4,14,PROJECT_DEMO_EXPANSION,2026-09-23,Synthetic/demo relationship; not a verified commercial contract.,SYNTHETIC_DEMO
SUP00266,PROD00862,DISTRIBUTES,MEDIUM,39.79,90,PROJECT_DEMO_EXPANSION,2026-09-23,Synthetic/demo relationship; not a verified commercial contract.,SYNTHETIC_DEMO
SUP00267,PROD00869,SUPPLIES,HIGH,21.21,90,PROJECT_DEMO_EXPANSION,2026-09-23,Synthetic/demo relationship; not a verified commercial contract.,SYNTHETIC_DEMO
SUP00268,PROD00876,MANUFACTURES,LOW,39.93,30,PROJECT_DEMO_EXPANSION,2026-09-23,Synthetic/demo relationship; not a verified commercial contract.,SYNTHETIC_DEMO
SUP00269,PROD00883,SUPPLIES,LOW,11.6,14,PROJECT_DEMO_EXPANSION,2026-09-23,Synthetic/demo relationship; not a verified commercial contract.,SYNTHETIC_DEMO
SUP00270,PROD00890,SUPPLIES,LOW,13.23,21,PROJECT_DEMO_EXPANSION,2026-09-23,Synthetic/demo relationship; not a verified commercial contract.,SYNTHETIC_DEMO
SUP00271,PROD00897,DISTRIBUTES,LOW,18.59,14,PROJECT_DEMO_EXPANSION,2026-09-23,Synthetic/demo relationship; not a verified commercial contract.,SYNTHETIC_DEMO
SUP00272,PROD00904,SUPPLIES,HIGH,6.79,30,PROJECT_DEMO_EXPANSION,2026-09-23,Synthetic/demo relationship; not a verified commercial contract.,SYNTHETIC_DEMO
SUP00273,PROD00911,DISTRIBUTES,HIGH,26.1,7,PROJECT_DEMO_EXPANSION,2026-09-23,Synthetic/demo relationship; not a verified commercial contract.,SYNTHETIC_DEMO
SUP00274,PROD00918,DISTRIBUTES,LOW,5.34,45,PROJECT_DEMO_EXPANSION,2026-09-23,Synthetic/demo relationship; not a verified commercial contract.,SYNTHETIC_DEMO
SUP00275,PROD00925,DISTRIBUTES,MEDIUM,11.68,60,PROJECT_DEMO_EXPANSION,2026-09-23,Synthetic/demo relationship; not a verified commercial contract.,SYNTHETIC_DEMO
SUP00276,PROD00932,DISTRIBUTES,MEDIUM,10.22,30,PROJECT_DEMO_EXPANSION,2026-09-23,Synthetic/demo relationship; not a verified commercial contract.,SYNTHETIC_DEMO
SUP00277,PROD00939,DISTRIBUTES,LOW,11.27,90,PROJECT_DEMO_EXPANSION,2026-09-23,Synthetic/demo relationship; not a verified commercial contract.,SYNTHETIC_DEMO
SUP00278,PROD00946,SUPPLIES,HIGH,3.21,14,PROJECT_DEMO_EXPANSION,2026-09-23,Synthetic/demo relationship; not a verified commercial contract.,SYNTHETIC_DEMO
SUP00279,PROD00953,SUPPLIES,MEDIUM,2.11,90,PROJECT_DEMO_EXPANSION,2026-09-23,Synthetic/demo relationship; not a verified commercial contract.,SYNTHETIC_DEMO
SUP00280,PROD00960,SUPPLIES,HIGH,18.98,45,PROJECT_DEMO_EXPANSION,2026-09-23,Synthetic/demo relationship; not a verified commercial contract.,SYNTHETIC_DEMO
SUP00281,PROD00967,DISTRIBUTES,MEDIUM,14.66,90,PROJECT_DEMO_EXPANSION,2026-09-23,Synthetic/demo relationship; not a verified commercial contract.,SYNTHETIC_DEMO
SUP00282,PROD00974,MANUFACTURES,LOW,6.41,7,PROJECT_DEMO_EXPANSION,2026-09-23,Synthetic/demo relationship; not a verified commercial contract.,SYNTHETIC_DEMO
SUP00283,PROD00981,SUPPLIES,LOW,19.77,14,PROJECT_DEMO_EXPANSION,2026-09-23,Synthetic/demo relationship; not a verified commercial contract.,SYNTHETIC_DEMO
SUP00284,PROD00988,SUPPLIES,MEDIUM,37.89,90,PROJECT_DEMO_EXPANSION,2026-09-23,Synthetic/demo relationship; not a verified commercial contract.,SYNTHETIC_DEMO
SUP00285,PROD00995,MANUFACTURES,MEDIUM,24.69,21,PROJECT_DEMO_EXPANSION,2026-09-23,Synthetic/demo relationship; not a verified commercial contract.,SYNTHETIC_DEMO
SUP00286,PROD00002,DISTRIBUTES,MEDIUM,26.77,7,PROJECT_DEMO_EXPANSION,2026-09-23,Synthetic/demo relationship; not a verified commercial contract.,SYNTHETIC_DEMO
SUP00287,PROD00009,DISTRIBUTES,LOW,29.02,90,PROJECT_DEMO_EXPANSION,2026-09-23,Synthetic/demo relationship; not a verified commercial contract.,SYNTHETIC_DEMO
SUP00288,PROD00016,MANUFACTURES,MEDIUM,33.47,14,PROJECT_DEMO_EXPANSION,2026-09-23,Synthetic/demo relationship; not a verified commercial contract.,SYNTHETIC_DEMO
SUP00289,PROD00023,SUPPLIES,LOW,28.55,30,PROJECT_DEMO_EXPANSION,2026-09-23,Synthetic/demo relationship; not a verified commercial contract.,SYNTHETIC_DEMO
SUP00290,PROD00030,SUPPLIES,LOW,37.73,30,PROJECT_DEMO_EXPANSION,2026-09-23,Synthetic/demo relationship; not a verified commercial contract.,SYNTHETIC_DEMO
SUP00291,PROD00037,SUPPLIES,LOW,17.81,7,PROJECT_DEMO_EXPANSION,2026-09-23,Synthetic/demo relationship; not a verified commercial contract.,SYNTHETIC_DEMO
SUP00292,PROD00044,SUPPLIES,LOW,27.89,14,PROJECT_DEMO_EXPANSION,2026-09-23,Synthetic/demo relationship; not a verified commercial contract.,SYNTHETIC_DEMO
SUP00293,PROD00051,SUPPLIES,MEDIUM,1.57,21,PROJECT_DEMO_EXPANSION,2026-09-23,Synthetic/demo relationship; not a verified commercial contract.,SYNTHETIC_DEMO
SUP00294,PROD00058,MANUFACTURES,MEDIUM,30.72,90,PROJECT_DEMO_EXPANSION,2026-09-23,Synthetic/demo relationship; not a verified commercial contract.,SYNTHETIC_DEMO
SUP00295,PROD00065,MANUFACTURES,LOW,36.96,7,PROJECT_DEMO_EXPANSION,2026-09-23,Synthetic/demo relationship; not a verified commercial contract.,SYNTHETIC_DEMO
SUP00296,PROD00072,SUPPLIES,MEDIUM,16.81,60,PROJECT_DEMO_EXPANSION,2026-09-23,Synthetic/demo relationship; not a verified commercial contract.,SYNTHETIC_DEMO
SUP00297,PROD00079,MANUFACTURES,LOW,20.99,14,PROJECT_DEMO_EXPANSION,2026-09-23,Synthetic/demo relationship; not a verified commercial contract.,SYNTHETIC_DEMO
SUP00298,PROD00086,SUPPLIES,LOW,4.42,21,PROJECT_DEMO_EXPANSION,2026-09-23,Synthetic/demo relationship; not a verified commercial contract.,SYNTHETIC_DEMO
SUP00299,PROD00093,SUPPLIES,MEDIUM,11.04,60,PROJECT_DEMO_EXPANSION,2026-09-23,Synthetic/demo relationship; not a verified commercial contract.,SYNTHETIC_DEMO
SUP00300,PROD00100,SUPPLIES,LOW,39.88,14,PROJECT_DEMO_EXPANSION,2026-09-23,Synthetic/demo relationship; not a verified commercial contract.,SYNTHETIC_DEMO
SUP00301,PROD00107,MANUFACTURES,LOW,37.88,7,PROJECT_DEMO_EXPANSION,2026-09-23,Synthetic/demo relationship; not a verified commercial contract.,SYNTHETIC_DEMO
SUP00302,PROD00114,DISTRIBUTES,LOW,10.46,7,PROJECT_DEMO_EXPANSION,2026-09-23,Synthetic/demo relationship; not a verified commercial contract.,SYNTHETIC_DEMO
SUP00303,PROD00121,SUPPLIES,HIGH,10.85,60,PROJECT_DEMO_EXPANSION,2026-09-23,Synthetic/demo relationship; not a verified commercial contract.,SYNTHETIC_DEMO
SUP00304,PROD00128,MANUFACTURES,HIGH,16.98,90,PROJECT_DEMO_EXPANSION,2026-09-23,Synthetic/demo relationship; not a verified commercial contract.,SYNTHETIC_DEMO
SUP00305,PROD00135,SUPPLIES,HIGH,34.24,30,PROJECT_DEMO_EXPANSION,2026-09-23,Synthetic/demo relationship; not a verified commercial contract.,SYNTHETIC_DEMO
SUP00306,PROD00142,MANUFACTURES,HIGH,18.26,90,PROJECT_DEMO_EXPANSION,2026-09-23,Synthetic/demo relationship; not a verified commercial contract.,SYNTHETIC_DEMO
SUP00307,PROD00149,DISTRIBUTES,LOW,28.11,30,PROJECT_DEMO_EXPANSION,2026-09-23,Synthetic/demo relationship; not a verified commercial contract.,SYNTHETIC_DEMO
SUP00308,PROD00156,MANUFACTURES,MEDIUM,6.54,90,PROJECT_DEMO_EXPANSION,2026-09-23,Synthetic/demo relationship; not a verified commercial contract.,SYNTHETIC_DEMO
SUP00309,PROD00163,SUPPLIES,MEDIUM,15.34,14,PROJECT_DEMO_EXPANSION,2026-09-23,Synthetic/demo relationship; not a verified commercial contract.,SYNTHETIC_DEMO
SUP00310,PROD00170,DISTRIBUTES,LOW,9.76,21,PROJECT_DEMO_EXPANSION,2026-09-23,Synthetic/demo relationship; not a verified commercial contract.,SYNTHETIC_DEMO
SUP00311,PROD00177,MANUFACTURES,MEDIUM,10.83,45,PROJECT_DEMO_EXPANSION,2026-09-23,Synthetic/demo relationship; not a verified commercial contract.,SYNTHETIC_DEMO
SUP00312,PROD00184,MANUFACTURES,HIGH,20.15,90,PROJECT_DEMO_EXPANSION,2026-09-23,Synthetic/demo relationship; not a verified commercial contract.,SYNTHETIC_DEMO
SUP00313,PROD00191,MANUFACTURES,LOW,8.36,60,PROJECT_DEMO_EXPANSION,2026-09-23,Synthetic/demo relationship; not a verified commercial contract.,SYNTHETIC_DEMO
SUP00314,PROD00198,MANUFACTURES,MEDIUM,14.24,60,PROJECT_DEMO_EXPANSION,2026-09-23,Synthetic/demo relationship; not a verified commercial contract.,SYNTHETIC_DEMO
SUP00315,PROD00205,SUPPLIES,MEDIUM,34.85,21,PROJECT_DEMO_EXPANSION,2026-09-23,Synthetic/demo relationship; not a verified commercial contract.,SYNTHETIC_DEMO
SUP00316,PROD00212,MANUFACTURES,MEDIUM,37.33,14,PROJECT_DEMO_EXPANSION,2026-09-23,Synthetic/demo relationship; not a verified commercial contract.,SYNTHETIC_DEMO
SUP00317,PROD00219,SUPPLIES,HIGH,14.02,21,PROJECT_DEMO_EXPANSION,2026-09-23,Synthetic/demo relationship; not a verified commercial contract.,SYNTHETIC_DEMO
SUP00318,PROD00226,MANUFACTURES,MEDIUM,35.48,90,PROJECT_DEMO_EXPANSION,2026-09-23,Synthetic/demo relationship; not a verified commercial contract.,SYNTHETIC_DEMO
SUP00319,PROD00233,DISTRIBUTES,HIGH,29.29,90,PROJECT_DEMO_EXPANSION,2026-09-23,Synthetic/demo relationship; not a verified commercial contract.,SYNTHETIC_DEMO
SUP00320,PROD00240,DISTRIBUTES,HIGH,26.76,30,PROJECT_DEMO_EXPANSION,2026-09-23,Synthetic/demo relationship; not a verified commercial contract.,SYNTHETIC_DEMO
SUP00321,PROD00247,MANUFACTURES,HIGH,2.38,7,PROJECT_DEMO_EXPANSION,2026-09-23,Synthetic/demo relationship; not a verified commercial contract.,SYNTHETIC_DEMO
SUP00322,PROD00254,SUPPLIES,HIGH,15.33,60,PROJECT_DEMO_EXPANSION,2026-09-23,Synthetic/demo relationship; not a verified commercial contract.,SYNTHETIC_DEMO
SUP00323,PROD00261,DISTRIBUTES,MEDIUM,34.2,90,PROJECT_DEMO_EXPANSION,2026-09-23,Synthetic/demo relationship; not a verified commercial contract.,SYNTHETIC_DEMO
SUP00324,PROD00268,MANUFACTURES,HIGH,39.63,14,PROJECT_DEMO_EXPANSION,2026-09-23,Synthetic/demo relationship; not a verified commercial contract.,SYNTHETIC_DEMO
SUP00325,PROD00275,SUPPLIES,LOW,34.78,14,PROJECT_DEMO_EXPANSION,2026-09-23,Synthetic/demo relationship; not a verified commercial contract.,SYNTHETIC_DEMO
SUP00326,PROD00282,DISTRIBUTES,HIGH,21.77,60,PROJECT_DEMO_EXPANSION,2026-09-23,Synthetic/demo relationship; not a verified commercial contract.,SYNTHETIC_DEMO
SUP00327,PROD00289,MANUFACTURES,LOW,23.38,90,PROJECT_DEMO_EXPANSION,2026-09-23,Synthetic/demo relationship; not a verified commercial contract.,SYNTHETIC_DEMO
SUP00328,PROD00296,MANUFACTURES,LOW,34.68,14,PROJECT_DEMO_EXPANSION,2026-09-23,Synthetic/demo relationship; not a verified commercial contract.,SYNTHETIC_DEMO
SUP00329,PROD00303,MANUFACTURES,HIGH,35.93,21,PROJECT_DEMO_EXPANSION,2026-09-23,Synthetic/demo relationship; not a verified commercial contract.,SYNTHETIC_DEMO
SUP00330,PROD00310,MANUFACTURES,LOW,23.4,7,PROJECT_DEMO_EXPANSION,2026-09-23,Synthetic/demo relationship; not a verified commercial contract.,SYNTHETIC_DEMO
SUP00331,PROD00317,SUPPLIES,HIGH,30.16,45,PROJECT_DEMO_EXPANSION,2026-09-23,Synthetic/demo relationship; not a verified commercial contract.,SYNTHETIC_DEMO
SUP00332,PROD00324,DISTRIBUTES,MEDIUM,28.69,90,PROJECT_DEMO_EXPANSION,2026-09-23,Synthetic/demo relationship; not a verified commercial contract.,SYNTHETIC_DEMO
SUP00333,PROD00331,MANUFACTURES,HIGH,21.14,21,PROJECT_DEMO_EXPANSION,2026-09-23,Synthetic/demo relationship; not a verified commercial contract.,SYNTHETIC_DEMO
SUP00334,PROD00338,DISTRIBUTES,MEDIUM,9.27,60,PROJECT_DEMO_EXPANSION,2026-09-23,Synthetic/demo relationship; not a verified commercial contract.,SYNTHETIC_DEMO
SUP00335,PROD00345,DISTRIBUTES,LOW,8.4,14,PROJECT_DEMO_EXPANSION,2026-09-23,Synthetic/demo relationship; not a verified commercial contract.,SYNTHETIC_DEMO
SUP00336,PROD00352,SUPPLIES,LOW,23.56,14,PROJECT_DEMO_EXPANSION,2026-09-23,Synthetic/demo relationship; not a verified commercial contract.,SYNTHETIC_DEMO
SUP00337,PROD00359,DISTRIBUTES,LOW,25.15,60,PROJECT_DEMO_EXPANSION,2026-09-23,Synthetic/demo relationship; not a verified commercial contract.,SYNTHETIC_DEMO
SUP00338,PROD00366,DISTRIBUTES,MEDIUM,37.93,45,PROJECT_DEMO_EXPANSION,2026-09-23,Synthetic/demo relationship; not a verified commercial contract.,SYNTHETIC_DEMO
SUP00339,PROD00373,SUPPLIES,LOW,39.31,90,PROJECT_DEMO_EXPANSION,2026-09-23,Synthetic/demo relationship; not a verified commercial contract.,SYNTHETIC_DEMO
SUP00340,PROD00380,DISTRIBUTES,LOW,29.57,30,PROJECT_DEMO_EXPANSION,2026-09-23,Synthetic/demo relationship; not a verified commercial contract.,SYNTHETIC_DEMO
SUP00341,PROD00387,MANUFACTURES,HIGH,35.2,90,PROJECT_DEMO_EXPANSION,2026-09-23,Synthetic/demo relationship; not a verified commercial contract.,SYNTHETIC_DEMO
SUP00342,PROD00394,SUPPLIES,LOW,9.12,45,PROJECT_DEMO_EXPANSION,2026-09-23,Synthetic/demo relationship; not a verified commercial contract.,SYNTHETIC_DEMO
SUP00343,PROD00401,MANUFACTURES,LOW,18.46,21,PROJECT_DEMO_EXPANSION,2026-09-23,Synthetic/demo relationship; not a verified commercial contract.,SYNTHETIC_DEMO
SUP00344,PROD00408,MANUFACTURES,HIGH,11.3,7,PROJECT_DEMO_EXPANSION,2026-09-23,Synthetic/demo relationship; not a verified commercial contract.,SYNTHETIC_DEMO
SUP00345,PROD00415,DISTRIBUTES,HIGH,24.3,90,PROJECT_DEMO_EXPANSION,2026-09-23,Synthetic/demo relationship; not a verified commercial contract.,SYNTHETIC_DEMO
SUP00346,PROD00422,DISTRIBUTES,LOW,9.37,60,PROJECT_DEMO_EXPANSION,2026-09-23,Synthetic/demo relationship; not a verified commercial contract.,SYNTHETIC_DEMO
SUP00347,PROD00429,DISTRIBUTES,LOW,21.59,90,PROJECT_DEMO_EXPANSION,2026-09-23,Synthetic/demo relationship; not a verified commercial contract.,SYNTHETIC_DEMO
SUP00348,PROD00436,SUPPLIES,MEDIUM,12.65,30,PROJECT_DEMO_EXPANSION,2026-09-23,Synthetic/demo relationship; not a verified commercial contract.,SYNTHETIC_DEMO
SUP00349,PROD00443,DISTRIBUTES,MEDIUM,38.74,60,PROJECT_DEMO_EXPANSION,2026-09-23,Synthetic/demo relationship; not a verified commercial contract.,SYNTHETIC_DEMO
SUP00350,PROD00450,SUPPLIES,HIGH,17.99,60,PROJECT_DEMO_EXPANSION,2026-09-23,Synthetic/demo relationship; not a verified commercial contract.,SYNTHETIC_DEMO
SUP00351,PROD00457,MANUFACTURES,HIGH,12.4,30,PROJECT_DEMO_EXPANSION,2026-09-23,Synthetic/demo relationship; not a verified commercial contract.,SYNTHETIC_DEMO
SUP00352,PROD00464,DISTRIBUTES,LOW,35.41,14,PROJECT_DEMO_EXPANSION,2026-09-23,Synthetic/demo relationship; not a verified commercial contract.,SYNTHETIC_DEMO
SUP00353,PROD00471,SUPPLIES,MEDIUM,30.38,45,PROJECT_DEMO_EXPANSION,2026-09-23,Synthetic/demo relationship; not a verified commercial contract.,SYNTHETIC_DEMO
SUP00354,PROD00478,SUPPLIES,HIGH,20.75,7,PROJECT_DEMO_EXPANSION,2026-09-23,Synthetic/demo relationship; not a verified commercial contract.,SYNTHETIC_DEMO
SUP00355,PROD00485,MANUFACTURES,HIGH,11.89,14,PROJECT_DEMO_EXPANSION,2026-09-23,Synthetic/demo relationship; not a verified commercial contract.,SYNTHETIC_DEMO
SUP00356,PROD00492,MANUFACTURES,LOW,4.8,90,PROJECT_DEMO_EXPANSION,2026-09-23,Synthetic/demo relationship; not a verified commercial contract.,SYNTHETIC_DEMO
SUP00357,PROD00499,MANUFACTURES,MEDIUM,31.14,7,PROJECT_DEMO_EXPANSION,2026-09-23,Synthetic/demo relationship; not a verified commercial contract.,SYNTHETIC_DEMO
SUP00358,PROD00506,SUPPLIES,HIGH,3.72,21,PROJECT_DEMO_EXPANSION,2026-09-23,Synthetic/demo relationship; not a verified commercial contract.,SYNTHETIC_DEMO
SUP00359,PROD00513,MANUFACTURES,MEDIUM,37.41,21,PROJECT_DEMO_EXPANSION,2026-09-23,Synthetic/demo relationship; not a verified commercial contract.,SYNTHETIC_DEMO
SUP00360,PROD00520,DISTRIBUTES,HIGH,35.38,45,PROJECT_DEMO_EXPANSION,2026-09-23,Synthetic/demo relationship; not a verified commercial contract.,SYNTHETIC_DEMO
SUP00361,PROD00527,DISTRIBUTES,LOW,20.35,21,PROJECT_DEMO_EXPANSION,2026-09-23,Synthetic/demo relationship; not a verified commercial contract.,SYNTHETIC_DEMO
SUP00362,PROD00534,SUPPLIES,HIGH,22.62,30,PROJECT_DEMO_EXPANSION,2026-09-23,Synthetic/demo relationship; not a verified commercial contract.,SYNTHETIC_DEMO
SUP00363,PROD00541,DISTRIBUTES,LOW,18.76,14,PROJECT_DEMO_EXPANSION,2026-09-23,Synthetic/demo relationship; not a verified commercial contract.,SYNTHETIC_DEMO
SUP00364,PROD00548,DISTRIBUTES,HIGH,21.34,45,PROJECT_DEMO_EXPANSION,2026-09-23,Synthetic/demo relationship; not a verified commercial contract.,SYNTHETIC_DEMO
SUP00365,PROD00555,SUPPLIES,LOW,22.34,30,PROJECT_DEMO_EXPANSION,2026-09-23,Synthetic/demo relationship; not a verified commercial contract.,SYNTHETIC_DEMO
SUP00366,PROD00562,MANUFACTURES,MEDIUM,19.6,14,PROJECT_DEMO_EXPANSION,2026-09-23,Synthetic/demo relationship; not a verified commercial contract.,SYNTHETIC_DEMO
SUP00367,PROD00569,DISTRIBUTES,LOW,37.07,45,PROJECT_DEMO_EXPANSION,2026-09-23,Synthetic/demo relationship; not a verified commercial contract.,SYNTHETIC_DEMO
SUP00368,PROD00576,DISTRIBUTES,LOW,38.76,30,PROJECT_DEMO_EXPANSION,2026-09-23,Synthetic/demo relationship; not a verified commercial contract.,SYNTHETIC_DEMO
SUP00369,PROD00583,SUPPLIES,HIGH,38.38,30,PROJECT_DEMO_EXPANSION,2026-09-23,Synthetic/demo relationship; not a verified commercial contract.,SYNTHETIC_DEMO
SUP00370,PROD00590,DISTRIBUTES,MEDIUM,27.4,14,PROJECT_DEMO_EXPANSION,2026-09-23,Synthetic/demo relationship; not a verified commercial contract.,SYNTHETIC_DEMO
SUP00371,PROD00597,DISTRIBUTES,LOW,16.23,30,PROJECT_DEMO_EXPANSION,2026-09-23,Synthetic/demo relationship; not a verified commercial contract.,SYNTHETIC_DEMO
SUP00372,PROD00604,DISTRIBUTES,MEDIUM,13.17,7,PROJECT_DEMO_EXPANSION,2026-09-23,Synthetic/demo relationship; not a verified commercial contract.,SYNTHETIC_DEMO
SUP00373,PROD00611,DISTRIBUTES,LOW,11.15,7,PROJECT_DEMO_EXPANSION,2026-09-23,Synthetic/demo relationship; not a verified commercial contract.,SYNTHETIC_DEMO
SUP00374,PROD00618,MANUFACTURES,LOW,3.77,14,PROJECT_DEMO_EXPANSION,2026-09-23,Synthetic/demo relationship; not a verified commercial contract.,SYNTHETIC_DEMO
SUP00375,PROD00625,MANUFACTURES,MEDIUM,1.51,45,PROJECT_DEMO_EXPANSION,2026-09-23,Synthetic/demo relationship; not a verified commercial contract.,SYNTHETIC_DEMO
SUP00376,PROD00632,DISTRIBUTES,HIGH,20.62,90,PROJECT_DEMO_EXPANSION,2026-09-23,Synthetic/demo relationship; not a verified commercial contract.,SYNTHETIC_DEMO
SUP00377,PROD00639,DISTRIBUTES,MEDIUM,7.97,7,PROJECT_DEMO_EXPANSION,2026-09-23,Synthetic/demo relationship; not a verified commercial contract.,SYNTHETIC_DEMO
SUP00378,PROD00646,SUPPLIES,MEDIUM,6.42,45,PROJECT_DEMO_EXPANSION,2026-09-23,Synthetic/demo relationship; not a verified commercial contract.,SYNTHETIC_DEMO
SUP00379,PROD00653,SUPPLIES,HIGH,5.25,90,PROJECT_DEMO_EXPANSION,2026-09-23,Synthetic/demo relationship; not a verified commercial contract.,SYNTHETIC_DEMO
SUP00380,PROD00660,MANUFACTURES,MEDIUM,11.22,14,PROJECT_DEMO_EXPANSION,2026-09-23,Synthetic/demo relationship; not a verified commercial contract.,SYNTHETIC_DEMO
SUP00381,PROD00667,MANUFACTURES,HIGH,22.16,30,PROJECT_DEMO_EXPANSION,2026-09-23,Synthetic/demo relationship; not a verified commercial contract.,SYNTHETIC_DEMO
SUP00382,PROD00674,MANUFACTURES,LOW,1.68,14,PROJECT_DEMO_EXPANSION,2026-09-23,Synthetic/demo relationship; not a verified commercial contract.,SYNTHETIC_DEMO
SUP00383,PROD00681,SUPPLIES,LOW,19.58,60,PROJECT_DEMO_EXPANSION,2026-09-23,Synthetic/demo relationship; not a verified commercial contract.,SYNTHETIC_DEMO
SUP00384,PROD00688,SUPPLIES,MEDIUM,3.01,45,PROJECT_DEMO_EXPANSION,2026-09-23,Synthetic/demo relationship; not a verified commercial contract.,SYNTHETIC_DEMO
SUP00385,PROD00695,MANUFACTURES,HIGH,4.59,7,PROJECT_DEMO_EXPANSION,2026-09-23,Synthetic/demo relationship; not a verified commercial contract.,SYNTHETIC_DEMO
SUP00386,PROD00702,SUPPLIES,LOW,12.08,60,PROJECT_DEMO_EXPANSION,2026-09-23,Synthetic/demo relationship; not a verified commercial contract.,SYNTHETIC_DEMO
SUP00387,PROD00709,SUPPLIES,MEDIUM,38.81,7,PROJECT_DEMO_EXPANSION,2026-09-23,Synthetic/demo relationship; not a verified commercial contract.,SYNTHETIC_DEMO
SUP00388,PROD00716,MANUFACTURES,LOW,31.78,21,PROJECT_DEMO_EXPANSION,2026-09-23,Synthetic/demo relationship; not a verified commercial contract.,SYNTHETIC_DEMO
SUP00389,PROD00723,DISTRIBUTES,HIGH,4.95,21,PROJECT_DEMO_EXPANSION,2026-09-23,Synthetic/demo relationship; not a verified commercial contract.,SYNTHETIC_DEMO
SUP00390,PROD00730,MANUFACTURES,MEDIUM,22.76,45,PROJECT_DEMO_EXPANSION,2026-09-23,Synthetic/demo relationship; not a verified commercial contract.,SYNTHETIC_DEMO
SUP00391,PROD00737,DISTRIBUTES,LOW,13.9,90,PROJECT_DEMO_EXPANSION,2026-09-23,Synthetic/demo relationship; not a verified commercial contract.,SYNTHETIC_DEMO
SUP00392,PROD00744,SUPPLIES,MEDIUM,33.18,90,PROJECT_DEMO_EXPANSION,2026-09-23,Synthetic/demo relationship; not a verified commercial contract.,SYNTHETIC_DEMO
SUP00393,PROD00751,SUPPLIES,HIGH,8.37,45,PROJECT_DEMO_EXPANSION,2026-09-23,Synthetic/demo relationship; not a verified commercial contract.,SYNTHETIC_DEMO
SUP00394,PROD00758,SUPPLIES,LOW,19.77,60,PROJECT_DEMO_EXPANSION,2026-09-23,Synthetic/demo relationship; not a verified commercial contract.,SYNTHETIC_DEMO
SUP00395,PROD00765,MANUFACTURES,LOW,1.36,21,PROJECT_DEMO_EXPANSION,2026-09-23,Synthetic/demo relationship; not a verified commercial contract.,SYNTHETIC_DEMO
SUP00396,PROD00772,MANUFACTURES,MEDIUM,38.25,14,PROJECT_DEMO_EXPANSION,2026-09-23,Synthetic/demo relationship; not a verified commercial contract.,SYNTHETIC_DEMO
SUP00397,PROD00779,MANUFACTURES,LOW,17.76,30,PROJECT_DEMO_EXPANSION,2026-09-23,Synthetic/demo relationship; not a verified commercial contract.,SYNTHETIC_DEMO
SUP00398,PROD00786,SUPPLIES,HIGH,31.39,21,PROJECT_DEMO_EXPANSION,2026-09-23,Synthetic/demo relationship; not a verified commercial contract.,SYNTHETIC_DEMO
SUP00399,PROD00793,DISTRIBUTES,HIGH,30.46,30,PROJECT_DEMO_EXPANSION,2026-09-23,Synthetic/demo relationship; not a verified commercial contract.,SYNTHETIC_DEMO
SUP00400,PROD00800,DISTRIBUTES,HIGH,24.03,7,PROJECT_DEMO_EXPANSION,2026-09-23,Synthetic/demo relationship; not a verified commercial contract.,SYNTHETIC_DEMO
SUP00401,PROD00807,DISTRIBUTES,HIGH,24.06,7,PROJECT_DEMO_EXPANSION,2026-09-23,Synthetic/demo relationship; not a verified commercial contract.,SYNTHETIC_DEMO
SUP00402,PROD00814,SUPPLIES,LOW,17.59,21,PROJECT_DEMO_EXPANSION,2026-09-23,Synthetic/demo relationship; not a verified commercial contract.,SYNTHETIC_DEMO
SUP00403,PROD00821,SUPPLIES,LOW,13.86,60,PROJECT_DEMO_EXPANSION,2026-09-23,Synthetic/demo relationship; not a verified commercial contract.,SYNTHETIC_DEMO
SUP00404,PROD00828,MANUFACTURES,LOW,8.34,14,PROJECT_DEMO_EXPANSION,2026-09-23,Synthetic/demo relationship; not a verified commercial contract.,SYNTHETIC_DEMO
SUP00405,PROD00835,MANUFACTURES,HIGH,13.33,14,PROJECT_DEMO_EXPANSION,2026-09-23,Synthetic/demo relationship; not a verified commercial contract.,SYNTHETIC_DEMO
SUP00406,PROD00842,SUPPLIES,HIGH,30.6,45,PROJECT_DEMO_EXPANSION,2026-09-23,Synthetic/demo relationship; not a verified commercial contract.,SYNTHETIC_DEMO
SUP00407,PROD00849,DISTRIBUTES,LOW,8.69,90,PROJECT_DEMO_EXPANSION,2026-09-23,Synthetic/demo relationship; not a verified commercial contract.,SYNTHETIC_DEMO
SUP00408,PROD00856,SUPPLIES,LOW,24.45,14,PROJECT_DEMO_EXPANSION,2026-09-23,Synthetic/demo relationship; not a verified commercial contract.,SYNTHETIC_DEMO
SUP00409,PROD00863,MANUFACTURES,HIGH,32.21,60,PROJECT_DEMO_EXPANSION,2026-09-23,Synthetic/demo relationship; not a verified commercial contract.,SYNTHETIC_DEMO
SUP00410,PROD00870,SUPPLIES,MEDIUM,20.97,60,PROJECT_DEMO_EXPANSION,2026-09-23,Synthetic/demo relationship; not a verified commercial contract.,SYNTHETIC_DEMO
SUP00411,PROD00877,MANUFACTURES,LOW,3.73,45,PROJECT_DEMO_EXPANSION,2026-09-23,Synthetic/demo relationship; not a verified commercial contract.,SYNTHETIC_DEMO
SUP00412,PROD00884,MANUFACTURES,MEDIUM,2.36,60,PROJECT_DEMO_EXPANSION,2026-09-23,Synthetic/demo relationship; not a verified commercial contract.,SYNTHETIC_DEMO
SUP00413,PROD00891,MANUFACTURES,HIGH,37.41,21,PROJECT_DEMO_EXPANSION,2026-09-23,Synthetic/demo relationship; not a verified commercial contract.,SYNTHETIC_DEMO
SUP00414,PROD00898,SUPPLIES,MEDIUM,32.44,60,PROJECT_DEMO_EXPANSION,2026-09-23,Synthetic/demo relationship; not a verified commercial contract.,SYNTHETIC_DEMO
SUP00415,PROD00905,SUPPLIES,HIGH,18.25,7,PROJECT_DEMO_EXPANSION,2026-09-23,Synthetic/demo relationship; not a verified commercial contract.,SYNTHETIC_DEMO
SUP00416,PROD00912,DISTRIBUTES,MEDIUM,37.63,21,PROJECT_DEMO_EXPANSION,2026-09-23,Synthetic/demo relationship; not a verified commercial contract.,SYNTHETIC_DEMO
SUP00417,PROD00919,DISTRIBUTES,MEDIUM,35.2,90,PROJECT_DEMO_EXPANSION,2026-09-23,Synthetic/demo relationship; not a verified commercial contract.,SYNTHETIC_DEMO
SUP00418,PROD00926,MANUFACTURES,LOW,20.06,7,PROJECT_DEMO_EXPANSION,2026-09-23,Synthetic/demo relationship; not a verified commercial contract.,SYNTHETIC_DEMO
SUP00419,PROD00933,DISTRIBUTES,MEDIUM,28.93,30,PROJECT_DEMO_EXPANSION,2026-09-23,Synthetic/demo relationship; not a verified commercial contract.,SYNTHETIC_DEMO
SUP00420,PROD00940,DISTRIBUTES,LOW,19.4,60,PROJECT_DEMO_EXPANSION,2026-09-23,Synthetic/demo relationship; not a verified commercial contract.,SYNTHETIC_DEMO
SUP00421,PROD00947,MANUFACTURES,MEDIUM,13.47,60,PROJECT_DEMO_EXPANSION,2026-09-23,Synthetic/demo relationship; not a verified commercial contract.,SYNTHETIC_DEMO
SUP00422,PROD00954,SUPPLIES,HIGH,3.92,21,PROJECT_DEMO_EXPANSION,2026-09-23,Synthetic/demo relationship; not a verified commercial contract.,SYNTHETIC_DEMO
SUP00423,PROD00961,SUPPLIES,MEDIUM,35.91,30,PROJECT_DEMO_EXPANSION,2026-09-23,Synthetic/demo relationship; not a verified commercial contract.,SYNTHETIC_DEMO
SUP00424,PROD00968,SUPPLIES,HIGH,26.53,21,PROJECT_DEMO_EXPANSION,2026-09-23,Synthetic/demo relationship; not a verified commercial contract.,SYNTHETIC_DEMO
SUP00425,PROD00975,MANUFACTURES,HIGH,19.52,7,PROJECT_DEMO_EXPANSION,2026-09-23,Synthetic/demo relationship; not a verified commercial contract.,SYNTHETIC_DEMO
SUP00426,PROD00982,DISTRIBUTES,LOW,27.61,90,PROJECT_DEMO_EXPANSION,2026-09-23,Synthetic/demo relationship; not a verified commercial contract.,SYNTHETIC_DEMO
SUP00427,PROD00989,MANUFACTURES,HIGH,29.2,30,PROJECT_DEMO_EXPANSION,2026-09-23,Synthetic/demo relationship; not a verified commercial contract.,SYNTHETIC_DEMO
SUP00428,PROD00996,MANUFACTURES,MEDIUM,36.49,14,PROJECT_DEMO_EXPANSION,2026-09-23,Synthetic/demo relationship; not a verified commercial contract.,SYNTHETIC_DEMO
SUP00429,PROD00003,SUPPLIES,LOW,19.33,90,PROJECT_DEMO_EXPANSION,2026-09-23,Synthetic/demo relationship; not a verified commercial contract.,SYNTHETIC_DEMO
SUP00430,PROD00010,DISTRIBUTES,HIGH,4.41,14,PROJECT_DEMO_EXPANSION,2026-09-23,Synthetic/demo relationship; not a verified commercial contract.,SYNTHETIC_DEMO
SUP00431,PROD00017,DISTRIBUTES,LOW,9.33,21,PROJECT_DEMO_EXPANSION,2026-09-23,Synthetic/demo relationship; not a verified commercial contract.,SYNTHETIC_DEMO
SUP00432,PROD00024,DISTRIBUTES,HIGH,24.17,90,PROJECT_DEMO_EXPANSION,2026-09-23,Synthetic/demo relationship; not a verified commercial contract.,SYNTHETIC_DEMO
SUP00433,PROD00031,MANUFACTURES,HIGH,14.28,21,PROJECT_DEMO_EXPANSION,2026-09-23,Synthetic/demo relationship; not a verified commercial contract.,SYNTHETIC_DEMO
SUP00434,PROD00038,DISTRIBUTES,LOW,39.35,14,PROJECT_DEMO_EXPANSION,2026-09-23,Synthetic/demo relationship; not a verified commercial contract.,SYNTHETIC_DEMO
SUP00435,PROD00045,DISTRIBUTES,MEDIUM,36.47,14,PROJECT_DEMO_EXPANSION,2026-09-23,Synthetic/demo relationship; not a verified commercial contract.,SYNTHETIC_DEMO
SUP00436,PROD00052,DISTRIBUTES,LOW,36.08,21,PROJECT_DEMO_EXPANSION,2026-09-23,Synthetic/demo relationship; not a verified commercial contract.,SYNTHETIC_DEMO
SUP00437,PROD00059,DISTRIBUTES,LOW,13.33,21,PROJECT_DEMO_EXPANSION,2026-09-23,Synthetic/demo relationship; not a verified commercial contract.,SYNTHETIC_DEMO
SUP00438,PROD00066,SUPPLIES,HIGH,8.79,30,PROJECT_DEMO_EXPANSION,2026-09-23,Synthetic/demo relationship; not a verified commercial contract.,SYNTHETIC_DEMO
SUP00439,PROD00073,SUPPLIES,LOW,17.79,7,PROJECT_DEMO_EXPANSION,2026-09-23,Synthetic/demo relationship; not a verified commercial contract.,SYNTHETIC_DEMO
SUP00440,PROD00080,MANUFACTURES,MEDIUM,35.02,14,PROJECT_DEMO_EXPANSION,2026-09-23,Synthetic/demo relationship; not a verified commercial contract.,SYNTHETIC_DEMO
SUP00441,PROD00087,DISTRIBUTES,HIGH,12.89,90,PROJECT_DEMO_EXPANSION,2026-09-23,Synthetic/demo relationship; not a verified commercial contract.,SYNTHETIC_DEMO
SUP00442,PROD00094,SUPPLIES,LOW,10.55,7,PROJECT_DEMO_EXPANSION,2026-09-23,Synthetic/demo relationship; not a verified commercial contract.,SYNTHETIC_DEMO
SUP00443,PROD00101,SUPPLIES,MEDIUM,12.62,14,PROJECT_DEMO_EXPANSION,2026-09-23,Synthetic/demo relationship; not a verified commercial contract.,SYNTHETIC_DEMO
SUP00444,PROD00108,MANUFACTURES,MEDIUM,25.23,60,PROJECT_DEMO_EXPANSION,2026-09-23,Synthetic/demo relationship; not a verified commercial contract.,SYNTHETIC_DEMO
SUP00445,PROD00115,MANUFACTURES,LOW,6.32,21,PROJECT_DEMO_EXPANSION,2026-09-23,Synthetic/demo relationship; not a verified commercial contract.,SYNTHETIC_DEMO
SUP00446,PROD00122,DISTRIBUTES,HIGH,15.99,14,PROJECT_DEMO_EXPANSION,2026-09-23,Synthetic/demo relationship; not a verified commercial contract.,SYNTHETIC_DEMO
SUP00447,PROD00129,DISTRIBUTES,MEDIUM,39.26,60,PROJECT_DEMO_EXPANSION,2026-09-23,Synthetic/demo relationship; not a verified commercial contract.,SYNTHETIC_DEMO
SUP00448,PROD00136,DISTRIBUTES,HIGH,15.72,21,PROJECT_DEMO_EXPANSION,2026-09-23,Synthetic/demo relationship; not a verified commercial contract.,SYNTHETIC_DEMO
SUP00449,PROD00143,DISTRIBUTES,MEDIUM,33.91,21,PROJECT_DEMO_EXPANSION,2026-09-23,Synthetic/demo relationship; not a verified commercial contract.,SYNTHETIC_DEMO
SUP00450,PROD00150,SUPPLIES,LOW,3.62,90,PROJECT_DEMO_EXPANSION,2026-09-23,Synthetic/demo relationship; not a verified commercial contract.,SYNTHETIC_DEMO
SUP00451,PROD00157,MANUFACTURES,HIGH,29.9,7,PROJECT_DEMO_EXPANSION,2026-09-23,Synthetic/demo relationship; not a verified commercial contract.,SYNTHETIC_DEMO
SUP00452,PROD00164,SUPPLIES,HIGH,8.93,7,PROJECT_DEMO_EXPANSION,2026-09-23,Synthetic/demo relationship; not a verified commercial contract.,SYNTHETIC_DEMO
SUP00453,PROD00171,DISTRIBUTES,HIGH,28.0,45,PROJECT_DEMO_EXPANSION,2026-09-23,Synthetic/demo relationship; not a verified commercial contract.,SYNTHETIC_DEMO
SUP00454,PROD00178,DISTRIBUTES,HIGH,18.29,90,PROJECT_DEMO_EXPANSION,2026-09-23,Synthetic/demo relationship; not a verified commercial contract.,SYNTHETIC_DEMO
SUP00455,PROD00185,MANUFACTURES,LOW,29.0,60,PROJECT_DEMO_EXPANSION,2026-09-23,Synthetic/demo relationship; not a verified commercial contract.,SYNTHETIC_DEMO
SUP00456,PROD00192,DISTRIBUTES,MEDIUM,36.53,30,PROJECT_DEMO_EXPANSION,2026-09-23,Synthetic/demo relationship; not a verified commercial contract.,SYNTHETIC_DEMO
SUP00457,PROD00199,SUPPLIES,MEDIUM,24.99,7,PROJECT_DEMO_EXPANSION,2026-09-23,Synthetic/demo relationship; not a verified commercial contract.,SYNTHETIC_DEMO
SUP00458,PROD00206,MANUFACTURES,LOW,28.96,60,PROJECT_DEMO_EXPANSION,2026-09-23,Synthetic/demo relationship; not a verified commercial contract.,SYNTHETIC_DEMO
SUP00459,PROD00213,DISTRIBUTES,MEDIUM,26.87,30,PROJECT_DEMO_EXPANSION,2026-09-23,Synthetic/demo relationship; not a verified commercial contract.,SYNTHETIC_DEMO
SUP00460,PROD00220,SUPPLIES,HIGH,2.26,7,PROJECT_DEMO_EXPANSION,2026-09-23,Synthetic/demo relationship; not a verified commercial contract.,SYNTHETIC_DEMO
SUP00461,PROD00227,MANUFACTURES,HIGH,10.99,7,PROJECT_DEMO_EXPANSION,2026-09-23,Synthetic/demo relationship; not a verified commercial contract.,SYNTHETIC_DEMO
SUP00462,PROD00234,MANUFACTURES,MEDIUM,24.46,30,PROJECT_DEMO_EXPANSION,2026-09-23,Synthetic/demo relationship; not a verified commercial contract.,SYNTHETIC_DEMO
SUP00463,PROD00241,SUPPLIES,MEDIUM,4.11,60,PROJECT_DEMO_EXPANSION,2026-09-23,Synthetic/demo relationship; not a verified commercial contract.,SYNTHETIC_DEMO
SUP00464,PROD00248,DISTRIBUTES,MEDIUM,16.09,45,PROJECT_DEMO_EXPANSION,2026-09-23,Synthetic/demo relationship; not a verified commercial contract.,SYNTHETIC_DEMO
SUP00465,PROD00255,SUPPLIES,HIGH,1.57,7,PROJECT_DEMO_EXPANSION,2026-09-23,Synthetic/demo relationship; not a verified commercial contract.,SYNTHETIC_DEMO
SUP00466,PROD00262,SUPPLIES,MEDIUM,34.42,60,PROJECT_DEMO_EXPANSION,2026-09-23,Synthetic/demo relationship; not a verified commercial contract.,SYNTHETIC_DEMO
SUP00467,PROD00269,MANUFACTURES,MEDIUM,28.49,90,PROJECT_DEMO_EXPANSION,2026-09-23,Synthetic/demo relationship; not a verified commercial contract.,SYNTHETIC_DEMO
SUP00468,PROD00276,DISTRIBUTES,LOW,13.04,14,PROJECT_DEMO_EXPANSION,2026-09-23,Synthetic/demo relationship; not a verified commercial contract.,SYNTHETIC_DEMO
SUP00469,PROD00283,SUPPLIES,MEDIUM,19.21,30,PROJECT_DEMO_EXPANSION,2026-09-23,Synthetic/demo relationship; not a verified commercial contract.,SYNTHETIC_DEMO
SUP00470,PROD00290,DISTRIBUTES,HIGH,16.33,45,PROJECT_DEMO_EXPANSION,2026-09-23,Synthetic/demo relationship; not a verified commercial contract.,SYNTHETIC_DEMO
SUP00471,PROD00297,SUPPLIES,HIGH,22.79,90,PROJECT_DEMO_EXPANSION,2026-09-23,Synthetic/demo relationship; not a verified commercial contract.,SYNTHETIC_DEMO
SUP00472,PROD00304,DISTRIBUTES,HIGH,37.09,45,PROJECT_DEMO_EXPANSION,2026-09-23,Synthetic/demo relationship; not a verified commercial contract.,SYNTHETIC_DEMO
SUP00473,PROD00311,DISTRIBUTES,HIGH,1.04,21,PROJECT_DEMO_EXPANSION,2026-09-23,Synthetic/demo relationship; not a verified commercial contract.,SYNTHETIC_DEMO
SUP00474,PROD00318,DISTRIBUTES,HIGH,34.92,45,PROJECT_DEMO_EXPANSION,2026-09-23,Synthetic/demo relationship; not a verified commercial contract.,SYNTHETIC_DEMO
SUP00475,PROD00325,MANUFACTURES,HIGH,2.32,21,PROJECT_DEMO_EXPANSION,2026-09-23,Synthetic/demo relationship; not a verified commercial contract.,SYNTHETIC_DEMO
SUP00476,PROD00332,DISTRIBUTES,MEDIUM,37.45,30,PROJECT_DEMO_EXPANSION,2026-09-23,Synthetic/demo relationship; not a verified commercial contract.,SYNTHETIC_DEMO
SUP00477,PROD00339,SUPPLIES,MEDIUM,31.71,30,PROJECT_DEMO_EXPANSION,2026-09-23,Synthetic/demo relationship; not a verified commercial contract.,SYNTHETIC_DEMO
SUP00478,PROD00346,DISTRIBUTES,HIGH,15.36,30,PROJECT_DEMO_EXPANSION,2026-09-23,Synthetic/demo relationship; not a verified commercial contract.,SYNTHETIC_DEMO
SUP00479,PROD00353,SUPPLIES,HIGH,33.31,30,PROJECT_DEMO_EXPANSION,2026-09-23,Synthetic/demo relationship; not a verified commercial contract.,SYNTHETIC_DEMO
SUP00480,PROD00360,SUPPLIES,HIGH,26.17,7,PROJECT_DEMO_EXPANSION,2026-09-23,Synthetic/demo relationship; not a verified commercial contract.,SYNTHETIC_DEMO
SUP00481,PROD00367,MANUFACTURES,HIGH,6.34,45,PROJECT_DEMO_EXPANSION,2026-09-23,Synthetic/demo relationship; not a verified commercial contract.,SYNTHETIC_DEMO
SUP00482,PROD00374,SUPPLIES,HIGH,3.97,21,PROJECT_DEMO_EXPANSION,2026-09-23,Synthetic/demo relationship; not a verified commercial contract.,SYNTHETIC_DEMO
SUP00483,PROD00381,SUPPLIES,LOW,6.72,14,PROJECT_DEMO_EXPANSION,2026-09-23,Synthetic/demo relationship; not a verified commercial contract.,SYNTHETIC_DEMO
SUP00484,PROD00388,SUPPLIES,LOW,36.27,7,PROJECT_DEMO_EXPANSION,2026-09-23,Synthetic/demo relationship; not a verified commercial contract.,SYNTHETIC_DEMO
SUP00485,PROD00395,MANUFACTURES,MEDIUM,13.6,21,PROJECT_DEMO_EXPANSION,2026-09-23,Synthetic/demo relationship; not a verified commercial contract.,SYNTHETIC_DEMO
SUP00486,PROD00402,SUPPLIES,LOW,5.27,45,PROJECT_DEMO_EXPANSION,2026-09-23,Synthetic/demo relationship; not a verified commercial contract.,SYNTHETIC_DEMO
SUP00487,PROD00409,MANUFACTURES,MEDIUM,19.7,60,PROJECT_DEMO_EXPANSION,2026-09-23,Synthetic/demo relationship; not a verified commercial contract.,SYNTHETIC_DEMO
SUP00488,PROD00416,DISTRIBUTES,MEDIUM,21.62,7,PROJECT_DEMO_EXPANSION,2026-09-23,Synthetic/demo relationship; not a verified commercial contract.,SYNTHETIC_DEMO
SUP00489,PROD00423,MANUFACTURES,HIGH,2.93,90,PROJECT_DEMO_EXPANSION,2026-09-23,Synthetic/demo relationship; not a verified commercial contract.,SYNTHETIC_DEMO
SUP00490,PROD00430,SUPPLIES,MEDIUM,17.6,90,PROJECT_DEMO_EXPANSION,2026-09-23,Synthetic/demo relationship; not a verified commercial contract.,SYNTHETIC_DEMO
SUP00491,PROD00437,SUPPLIES,HIGH,37.97,90,PROJECT_DEMO_EXPANSION,2026-09-23,Synthetic/demo relationship; not a verified commercial contract.,SYNTHETIC_DEMO
SUP00492,PROD00444,DISTRIBUTES,LOW,17.55,7,PROJECT_DEMO_EXPANSION,2026-09-23,Synthetic/demo relationship; not a verified commercial contract.,SYNTHETIC_DEMO
SUP00493,PROD00451,MANUFACTURES,LOW,6.46,45,PROJECT_DEMO_EXPANSION,2026-09-23,Synthetic/demo relationship; not a verified commercial contract.,SYNTHETIC_DEMO
SUP00494,PROD00458,SUPPLIES,MEDIUM,32.45,45,PROJECT_DEMO_EXPANSION,2026-09-23,Synthetic/demo relationship; not a verified commercial contract.,SYNTHETIC_DEMO
SUP00495,PROD00465,MANUFACTURES,HIGH,27.77,7,PROJECT_DEMO_EXPANSION,2026-09-23,Synthetic/demo relationship; not a verified commercial contract.,SYNTHETIC_DEMO
SUP00496,PROD00472,DISTRIBUTES,LOW,39.78,7,PROJECT_DEMO_EXPANSION,2026-09-23,Synthetic/demo relationship; not a verified commercial contract.,SYNTHETIC_DEMO
SUP00497,PROD00479,DISTRIBUTES,MEDIUM,27.36,30,PROJECT_DEMO_EXPANSION,2026-09-23,Synthetic/demo relationship; not a verified commercial contract.,SYNTHETIC_DEMO
SUP00498,PROD00486,MANUFACTURES,LOW,11.2,30,PROJECT_DEMO_EXPANSION,2026-09-23,Synthetic/demo relationship; not a verified commercial contract.,SYNTHETIC_DEMO
SUP00499,PROD00493,DISTRIBUTES,MEDIUM,9.19,60,PROJECT_DEMO_EXPANSION,2026-09-23,Synthetic/demo relationship; not a verified commercial contract.,SYNTHETIC_DEMO
SUP00500,PROD00500,SUPPLIES,MEDIUM,18.25,90,PROJECT_DEMO_EXPANSION,2026-09-23,Synthetic/demo relationship; not a verified commercial contract.,SYNTHETIC_DEMO
SUP00501,PROD00507,MANUFACTURES,HIGH,30.44,45,PROJECT_DEMO_EXPANSION,2026-09-23,Synthetic/demo relationship; not a verified commercial contract.,SYNTHETIC_DEMO
SUP00502,PROD00514,DISTRIBUTES,LOW,2.55,60,PROJECT_DEMO_EXPANSION,2026-09-23,Synthetic/demo relationship; not a verified commercial contract.,SYNTHETIC_DEMO
SUP00503,PROD00521,MANUFACTURES,LOW,11.41,60,PROJECT_DEMO_EXPANSION,2026-09-23,Synthetic/demo relationship; not a verified commercial contract.,SYNTHETIC_DEMO
SUP00504,PROD00528,MANUFACTURES,HIGH,35.94,14,PROJECT_DEMO_EXPANSION,2026-09-23,Synthetic/demo relationship; not a verified commercial contract.,SYNTHETIC_DEMO
SUP00505,PROD00535,MANUFACTURES,HIGH,15.88,90,PROJECT_DEMO_EXPANSION,2026-09-23,Synthetic/demo relationship; not a verified commercial contract.,SYNTHETIC_DEMO
SUP00506,PROD00542,DISTRIBUTES,LOW,14.62,14,PROJECT_DEMO_EXPANSION,2026-09-23,Synthetic/demo relationship; not a verified commercial contract.,SYNTHETIC_DEMO
SUP00507,PROD00549,SUPPLIES,LOW,30.17,30,PROJECT_DEMO_EXPANSION,2026-09-23,Synthetic/demo relationship; not a verified commercial contract.,SYNTHETIC_DEMO
SUP00508,PROD00556,DISTRIBUTES,HIGH,9.33,90,PROJECT_DEMO_EXPANSION,2026-09-23,Synthetic/demo relationship; not a verified commercial contract.,SYNTHETIC_DEMO
SUP00509,PROD00563,MANUFACTURES,HIGH,6.93,21,PROJECT_DEMO_EXPANSION,2026-09-23,Synthetic/demo relationship; not a verified commercial contract.,SYNTHETIC_DEMO
SUP00510,PROD00570,MANUFACTURES,MEDIUM,9.09,60,PROJECT_DEMO_EXPANSION,2026-09-23,Synthetic/demo relationship; not a verified commercial contract.,SYNTHETIC_DEMO
SUP00511,PROD00577,DISTRIBUTES,LOW,27.91,30,PROJECT_DEMO_EXPANSION,2026-09-23,Synthetic/demo relationship; not a verified commercial contract.,SYNTHETIC_DEMO
SUP00512,PROD00584,DISTRIBUTES,LOW,18.33,14,PROJECT_DEMO_EXPANSION,2026-09-23,Synthetic/demo relationship; not a verified commercial contract.,SYNTHETIC_DEMO
SUP00513,PROD00591,SUPPLIES,MEDIUM,32.77,21,PROJECT_DEMO_EXPANSION,2026-09-23,Synthetic/demo relationship; not a verified commercial contract.,SYNTHETIC_DEMO
SUP00514,PROD00598,MANUFACTURES,MEDIUM,22.58,30,PROJECT_DEMO_EXPANSION,2026-09-23,Synthetic/demo relationship; not a verified commercial contract.,SYNTHETIC_DEMO
SUP00515,PROD00605,SUPPLIES,HIGH,5.44,45,PROJECT_DEMO_EXPANSION,2026-09-23,Synthetic/demo relationship; not a verified commercial contract.,SYNTHETIC_DEMO
SUP00516,PROD00612,SUPPLIES,HIGH,12.71,21,PROJECT_DEMO_EXPANSION,2026-09-23,Synthetic/demo relationship; not a verified commercial contract.,SYNTHETIC_DEMO
SUP00517,PROD00619,DISTRIBUTES,LOW,10.35,21,PROJECT_DEMO_EXPANSION,2026-09-23,Synthetic/demo relationship; not a verified commercial contract.,SYNTHETIC_DEMO
SUP00518,PROD00626,SUPPLIES,MEDIUM,13.95,60,PROJECT_DEMO_EXPANSION,2026-09-23,Synthetic/demo relationship; not a verified commercial contract.,SYNTHETIC_DEMO
SUP00519,PROD00633,DISTRIBUTES,LOW,5.54,30,PROJECT_DEMO_EXPANSION,2026-09-23,Synthetic/demo relationship; not a verified commercial contract.,SYNTHETIC_DEMO
SUP00520,PROD00640,DISTRIBUTES,HIGH,29.12,21,PROJECT_DEMO_EXPANSION,2026-09-23,Synthetic/demo relationship; not a verified commercial contract.,SYNTHETIC_DEMO
SUP00521,PROD00647,SUPPLIES,LOW,35.43,30,PROJECT_DEMO_EXPANSION,2026-09-23,Synthetic/demo relationship; not a verified commercial contract.,SYNTHETIC_DEMO
SUP00522,PROD00654,SUPPLIES,HIGH,34.21,7,PROJECT_DEMO_EXPANSION,2026-09-23,Synthetic/demo relationship; not a verified commercial contract.,SYNTHETIC_DEMO
SUP00523,PROD00661,SUPPLIES,HIGH,11.71,90,PROJECT_DEMO_EXPANSION,2026-09-23,Synthetic/demo relationship; not a verified commercial contract.,SYNTHETIC_DEMO
SUP00524,PROD00668,MANUFACTURES,MEDIUM,31.2,14,PROJECT_DEMO_EXPANSION,2026-09-23,Synthetic/demo relationship; not a verified commercial contract.,SYNTHETIC_DEMO
SUP00525,PROD00675,MANUFACTURES,HIGH,19.48,90,PROJECT_DEMO_EXPANSION,2026-09-23,Synthetic/demo relationship; not a verified commercial contract.,SYNTHETIC_DEMO
SUP00526,PROD00682,MANUFACTURES,MEDIUM,35.21,30,PROJECT_DEMO_EXPANSION,2026-09-23,Synthetic/demo relationship; not a verified commercial contract.,SYNTHETIC_DEMO
SUP00527,PROD00689,MANUFACTURES,LOW,1.48,14,PROJECT_DEMO_EXPANSION,2026-09-23,Synthetic/demo relationship; not a verified commercial contract.,SYNTHETIC_DEMO
SUP00528,PROD00696,SUPPLIES,LOW,11.33,30,PROJECT_DEMO_EXPANSION,2026-09-23,Synthetic/demo relationship; not a verified commercial contract.,SYNTHETIC_DEMO
SUP00529,PROD00703,DISTRIBUTES,MEDIUM,19.78,45,PROJECT_DEMO_EXPANSION,2026-09-23,Synthetic/demo relationship; not a verified commercial contract.,SYNTHETIC_DEMO
SUP00530,PROD00710,SUPPLIES,LOW,21.74,90,PROJECT_DEMO_EXPANSION,2026-09-23,Synthetic/demo relationship; not a verified commercial contract.,SYNTHETIC_DEMO
SUP00531,PROD00717,SUPPLIES,HIGH,17.91,90,PROJECT_DEMO_EXPANSION,2026-09-23,Synthetic/demo relationship; not a verified commercial contract.,SYNTHETIC_DEMO
SUP00532,PROD00724,DISTRIBUTES,LOW,20.63,60,PROJECT_DEMO_EXPANSION,2026-09-23,Synthetic/demo relationship; not a verified commercial contract.,SYNTHETIC_DEMO
SUP00533,PROD00731,SUPPLIES,LOW,26.89,30,PROJECT_DEMO_EXPANSION,2026-09-23,Synthetic/demo relationship; not a verified commercial contract.,SYNTHETIC_DEMO
SUP00534,PROD00738,SUPPLIES,HIGH,37.75,30,PROJECT_DEMO_EXPANSION,2026-09-23,Synthetic/demo relationship; not a verified commercial contract.,SYNTHETIC_DEMO
SUP00535,PROD00745,DISTRIBUTES,HIGH,16.82,7,PROJECT_DEMO_EXPANSION,2026-09-23,Synthetic/demo relationship; not a verified commercial contract.,SYNTHETIC_DEMO
SUP00536,PROD00752,SUPPLIES,MEDIUM,38.31,14,PROJECT_DEMO_EXPANSION,2026-09-23,Synthetic/demo relationship; not a verified commercial contract.,SYNTHETIC_DEMO
SUP00537,PROD00759,MANUFACTURES,HIGH,31.76,90,PROJECT_DEMO_EXPANSION,2026-09-23,Synthetic/demo relationship; not a verified commercial contract.,SYNTHETIC_DEMO
SUP00538,PROD00766,MANUFACTURES,HIGH,26.59,30,PROJECT_DEMO_EXPANSION,2026-09-23,Synthetic/demo relationship; not a verified commercial contract.,SYNTHETIC_DEMO
SUP00539,PROD00773,DISTRIBUTES,HIGH,31.75,90,PROJECT_DEMO_EXPANSION,2026-09-23,Synthetic/demo relationship; not a verified commercial contract.,SYNTHETIC_DEMO
SUP00540,PROD00780,SUPPLIES,HIGH,15.05,30,PROJECT_DEMO_EXPANSION,2026-09-23,Synthetic/demo relationship; not a verified commercial contract.,SYNTHETIC_DEMO
SUP00541,PROD00787,DISTRIBUTES,HIGH,21.34,21,PROJECT_DEMO_EXPANSION,2026-09-23,Synthetic/demo relationship; not a verified commercial contract.,SYNTHETIC_DEMO
SUP00542,PROD00794,MANUFACTURES,LOW,21.12,30,PROJECT_DEMO_EXPANSION,2026-09-23,Synthetic/demo relationship; not a verified commercial contract.,SYNTHETIC_DEMO
SUP00543,PROD00801,MANUFACTURES,HIGH,4.86,90,PROJECT_DEMO_EXPANSION,2026-09-23,Synthetic/demo relationship; not a verified commercial contract.,SYNTHETIC_DEMO
SUP00544,PROD00808,DISTRIBUTES,LOW,22.04,60,PROJECT_DEMO_EXPANSION,2026-09-23,Synthetic/demo relationship; not a verified commercial contract.,SYNTHETIC_DEMO
SUP00545,PROD00815,SUPPLIES,HIGH,29.44,21,PROJECT_DEMO_EXPANSION,2026-09-23,Synthetic/demo relationship; not a verified commercial contract.,SYNTHETIC_DEMO
SUP00546,PROD00822,MANUFACTURES,MEDIUM,18.43,45,PROJECT_DEMO_EXPANSION,2026-09-23,Synthetic/demo relationship; not a verified commercial contract.,SYNTHETIC_DEMO
SUP00547,PROD00829,MANUFACTURES,MEDIUM,30.25,60,PROJECT_DEMO_EXPANSION,2026-09-23,Synthetic/demo relationship; not a verified commercial contract.,SYNTHETIC_DEMO
SUP00548,PROD00836,SUPPLIES,LOW,38.77,90,PROJECT_DEMO_EXPANSION,2026-09-23,Synthetic/demo relationship; not a verified commercial contract.,SYNTHETIC_DEMO
SUP00549,PROD00843,DISTRIBUTES,LOW,17.27,14,PROJECT_DEMO_EXPANSION,2026-09-23,Synthetic/demo relationship; not a verified commercial contract.,SYNTHETIC_DEMO
SUP00550,PROD00850,DISTRIBUTES,LOW,4.43,45,PROJECT_DEMO_EXPANSION,2026-09-23,Synthetic/demo relationship; not a verified commercial contract.,SYNTHETIC_DEMO
SUP00551,PROD00857,DISTRIBUTES,LOW,24.37,7,PROJECT_DEMO_EXPANSION,2026-09-23,Synthetic/demo relationship; not a verified commercial contract.,SYNTHETIC_DEMO
SUP00552,PROD00864,SUPPLIES,MEDIUM,29.23,7,PROJECT_DEMO_EXPANSION,2026-09-23,Synthetic/demo relationship; not a verified commercial contract.,SYNTHETIC_DEMO
SUP00553,PROD00871,MANUFACTURES,HIGH,30.05,7,PROJECT_DEMO_EXPANSION,2026-09-23,Synthetic/demo relationship; not a verified commercial contract.,SYNTHETIC_DEMO
SUP00554,PROD00878,MANUFACTURES,HIGH,36.83,90,PROJECT_DEMO_EXPANSION,2026-09-23,Synthetic/demo relationship; not a verified commercial contract.,SYNTHETIC_DEMO
SUP00555,PROD00885,DISTRIBUTES,MEDIUM,32.27,7,PROJECT_DEMO_EXPANSION,2026-09-23,Synthetic/demo relationship; not a verified commercial contract.,SYNTHETIC_DEMO
SUP00556,PROD00892,DISTRIBUTES,MEDIUM,33.01,60,PROJECT_DEMO_EXPANSION,2026-09-23,Synthetic/demo relationship; not a verified commercial contract.,SYNTHETIC_DEMO
SUP00557,PROD00899,DISTRIBUTES,MEDIUM,26.68,45,PROJECT_DEMO_EXPANSION,2026-09-23,Synthetic/demo relationship; not a verified commercial contract.,SYNTHETIC_DEMO
SUP00558,PROD00906,MANUFACTURES,HIGH,25.71,30,PROJECT_DEMO_EXPANSION,2026-09-23,Synthetic/demo relationship; not a verified commercial contract.,SYNTHETIC_DEMO
SUP00559,PROD00913,MANUFACTURES,HIGH,3.41,30,PROJECT_DEMO_EXPANSION,2026-09-23,Synthetic/demo relationship; not a verified commercial contract.,SYNTHETIC_DEMO
SUP00560,PROD00920,MANUFACTURES,LOW,29.59,21,PROJECT_DEMO_EXPANSION,2026-09-23,Synthetic/demo relationship; not a verified commercial contract.,SYNTHETIC_DEMO
SUP00561,PROD00927,MANUFACTURES,LOW,7.06,30,PROJECT_DEMO_EXPANSION,2026-09-23,Synthetic/demo relationship; not a verified commercial contract.,SYNTHETIC_DEMO
SUP00562,PROD00934,MANUFACTURES,HIGH,36.89,21,PROJECT_DEMO_EXPANSION,2026-09-23,Synthetic/demo relationship; not a verified commercial contract.,SYNTHETIC_DEMO
SUP00563,PROD00941,SUPPLIES,MEDIUM,6.33,21,PROJECT_DEMO_EXPANSION,2026-09-23,Synthetic/demo relationship; not a verified commercial contract.,SYNTHETIC_DEMO
SUP00564,PROD00948,MANUFACTURES,LOW,39.23,45,PROJECT_DEMO_EXPANSION,2026-09-23,Synthetic/demo relationship; not a verified commercial contract.,SYNTHETIC_DEMO
SUP00565,PROD00955,MANUFACTURES,LOW,31.58,30,PROJECT_DEMO_EXPANSION,2026-09-23,Synthetic/demo relationship; not a verified commercial contract.,SYNTHETIC_DEMO
SUP00566,PROD00962,MANUFACTURES,MEDIUM,15.94,90,PROJECT_DEMO_EXPANSION,2026-09-23,Synthetic/demo relationship; not a verified commercial contract.,SYNTHETIC_DEMO
SUP00567,PROD00969,DISTRIBUTES,HIGH,31.18,60,PROJECT_DEMO_EXPANSION,2026-09-23,Synthetic/demo relationship; not a verified commercial contract.,SYNTHETIC_DEMO
SUP00568,PROD00976,DISTRIBUTES,MEDIUM,22.32,30,PROJECT_DEMO_EXPANSION,2026-09-23,Synthetic/demo relationship; not a verified commercial contract.,SYNTHETIC_DEMO
SUP00569,PROD00983,MANUFACTURES,MEDIUM,22.07,60,PROJECT_DEMO_EXPANSION,2026-09-23,Synthetic/demo relationship; not a verified commercial contract.,SYNTHETIC_DEMO
SUP00570,PROD00990,DISTRIBUTES,MEDIUM,21.69,90,PROJECT_DEMO_EXPANSION,2026-09-23,Synthetic/demo relationship; not a verified commercial contract.,SYNTHETIC_DEMO
SUP00571,PROD00997,DISTRIBUTES,HIGH,8.98,90,PROJECT_DEMO_EXPANSION,2026-09-23,Synthetic/demo relationship; not a verified commercial contract.,SYNTHETIC_DEMO
SUP00572,PROD00004,SUPPLIES,LOW,16.24,60,PROJECT_DEMO_EXPANSION,2026-09-23,Synthetic/demo relationship; not a verified commercial contract.,SYNTHETIC_DEMO
SUP00573,PROD00011,SUPPLIES,LOW,28.72,60,PROJECT_DEMO_EXPANSION,2026-09-23,Synthetic/demo relationship; not a verified commercial contract.,SYNTHETIC_DEMO
SUP00574,PROD00018,DISTRIBUTES,HIGH,7.08,7,PROJECT_DEMO_EXPANSION,2026-09-23,Synthetic/demo relationship; not a verified commercial contract.,SYNTHETIC_DEMO
SUP00575,PROD00025,DISTRIBUTES,MEDIUM,30.14,7,PROJECT_DEMO_EXPANSION,2026-09-23,Synthetic/demo relationship; not a verified commercial contract.,SYNTHETIC_DEMO
SUP00576,PROD00032,MANUFACTURES,MEDIUM,30.12,14,PROJECT_DEMO_EXPANSION,2026-09-23,Synthetic/demo relationship; not a verified commercial contract.,SYNTHETIC_DEMO
SUP00577,PROD00039,DISTRIBUTES,LOW,10.23,30,PROJECT_DEMO_EXPANSION,2026-09-23,Synthetic/demo relationship; not a verified commercial contract.,SYNTHETIC_DEMO
SUP00578,PROD00046,SUPPLIES,MEDIUM,28.24,21,PROJECT_DEMO_EXPANSION,2026-09-23,Synthetic/demo relationship; not a verified commercial contract.,SYNTHETIC_DEMO
SUP00579,PROD00053,DISTRIBUTES,MEDIUM,3.23,60,PROJECT_DEMO_EXPANSION,2026-09-23,Synthetic/demo relationship; not a verified commercial contract.,SYNTHETIC_DEMO
SUP00580,PROD00060,SUPPLIES,HIGH,15.29,7,PROJECT_DEMO_EXPANSION,2026-09-23,Synthetic/demo relationship; not a verified commercial contract.,SYNTHETIC_DEMO
SUP00581,PROD00067,SUPPLIES,LOW,5.84,7,PROJECT_DEMO_EXPANSION,2026-09-23,Synthetic/demo relationship; not a verified commercial contract.,SYNTHETIC_DEMO
SUP00582,PROD00074,SUPPLIES,MEDIUM,10.29,30,PROJECT_DEMO_EXPANSION,2026-09-23,Synthetic/demo relationship; not a verified commercial contract.,SYNTHETIC_DEMO
SUP00583,PROD00081,SUPPLIES,HIGH,7.8,90,PROJECT_DEMO_EXPANSION,2026-09-23,Synthetic/demo relationship; not a verified commercial contract.,SYNTHETIC_DEMO
SUP00584,PROD00088,SUPPLIES,LOW,26.75,30,PROJECT_DEMO_EXPANSION,2026-09-23,Synthetic/demo relationship; not a verified commercial contract.,SYNTHETIC_DEMO
SUP00585,PROD00095,DISTRIBUTES,MEDIUM,1.48,60,PROJECT_DEMO_EXPANSION,2026-09-23,Synthetic/demo relationship; not a verified commercial contract.,SYNTHETIC_DEMO
SUP00586,PROD00102,MANUFACTURES,LOW,6.16,45,PROJECT_DEMO_EXPANSION,2026-09-23,Synthetic/demo relationship; not a verified commercial contract.,SYNTHETIC_DEMO
SUP00587,PROD00109,DISTRIBUTES,MEDIUM,3.03,14,PROJECT_DEMO_EXPANSION,2026-09-23,Synthetic/demo relationship; not a verified commercial contract.,SYNTHETIC_DEMO
SUP00588,PROD00116,DISTRIBUTES,LOW,30.53,45,PROJECT_DEMO_EXPANSION,2026-09-23,Synthetic/demo relationship; not a verified commercial contract.,SYNTHETIC_DEMO
SUP00589,PROD00123,SUPPLIES,MEDIUM,5.32,14,PROJECT_DEMO_EXPANSION,2026-09-23,Synthetic/demo relationship; not a verified commercial contract.,SYNTHETIC_DEMO
SUP00590,PROD00130,DISTRIBUTES,MEDIUM,19.02,45,PROJECT_DEMO_EXPANSION,2026-09-23,Synthetic/demo relationship; not a verified commercial contract.,SYNTHETIC_DEMO
SUP00591,PROD00137,MANUFACTURES,MEDIUM,38.19,7,PROJECT_DEMO_EXPANSION,2026-09-23,Synthetic/demo relationship; not a verified commercial contract.,SYNTHETIC_DEMO
SUP00592,PROD00144,MANUFACTURES,MEDIUM,20.47,30,PROJECT_DEMO_EXPANSION,2026-09-23,Synthetic/demo relationship; not a verified commercial contract.,SYNTHETIC_DEMO
SUP00593,PROD00151,DISTRIBUTES,LOW,37.34,45,PROJECT_DEMO_EXPANSION,2026-09-23,Synthetic/demo relationship; not a verified commercial contract.,SYNTHETIC_DEMO
SUP00594,PROD00158,SUPPLIES,MEDIUM,25.25,21,PROJECT_DEMO_EXPANSION,2026-09-23,Synthetic/demo relationship; not a verified commercial contract.,SYNTHETIC_DEMO
SUP00595,PROD00165,SUPPLIES,LOW,20.24,90,PROJECT_DEMO_EXPANSION,2026-09-23,Synthetic/demo relationship; not a verified commercial contract.,SYNTHETIC_DEMO
SUP00596,PROD00172,SUPPLIES,HIGH,8.2,60,PROJECT_DEMO_EXPANSION,2026-09-23,Synthetic/demo relationship; not a verified commercial contract.,SYNTHETIC_DEMO
SUP00597,PROD00179,SUPPLIES,HIGH,11.74,60,PROJECT_DEMO_EXPANSION,2026-09-23,Synthetic/demo relationship; not a verified commercial contract.,SYNTHETIC_DEMO
SUP00598,PROD00186,DISTRIBUTES,HIGH,17.36,14,PROJECT_DEMO_EXPANSION,2026-09-23,Synthetic/demo relationship; not a verified commercial contract.,SYNTHETIC_DEMO
SUP00599,PROD00193,MANUFACTURES,MEDIUM,13.85,7,PROJECT_DEMO_EXPANSION,2026-09-23,Synthetic/demo relationship; not a verified commercial contract.,SYNTHETIC_DEMO
SUP00600,PROD00200,DISTRIBUTES,MEDIUM,6.13,30,PROJECT_DEMO_EXPANSION,2026-09-23,Synthetic/demo relationship; not a verified commercial contract.,SYNTHETIC_DEMO
SUP00601,PROD00207,SUPPLIES,MEDIUM,28.0,30,PROJECT_DEMO_EXPANSION,2026-09-23,Synthetic/demo relationship; not a verified commercial contract.,SYNTHETIC_DEMO
SUP00602,PROD00214,MANUFACTURES,MEDIUM,21.63,45,PROJECT_DEMO_EXPANSION,2026-09-23,Synthetic/demo relationship; not a verified commercial contract.,SYNTHETIC_DEMO
SUP00603,PROD00221,DISTRIBUTES,MEDIUM,2.04,7,PROJECT_DEMO_EXPANSION,2026-09-23,Synthetic/demo relationship; not a verified commercial contract.,SYNTHETIC_DEMO
SUP00604,PROD00228,DISTRIBUTES,HIGH,26.3,90,PROJECT_DEMO_EXPANSION,2026-09-23,Synthetic/demo relationship; not a verified commercial contract.,SYNTHETIC_DEMO
SUP00605,PROD00235,MANUFACTURES,MEDIUM,23.65,90,PROJECT_DEMO_EXPANSION,2026-09-23,Synthetic/demo relationship; not a verified commercial contract.,SYNTHETIC_DEMO
SUP00606,PROD00242,DISTRIBUTES,LOW,6.07,21,PROJECT_DEMO_EXPANSION,2026-09-23,Synthetic/demo relationship; not a verified commercial contract.,SYNTHETIC_DEMO
SUP00607,PROD00249,DISTRIBUTES,MEDIUM,12.03,21,PROJECT_DEMO_EXPANSION,2026-09-23,Synthetic/demo relationship; not a verified commercial contract.,SYNTHETIC_DEMO
SUP00608,PROD00256,MANUFACTURES,MEDIUM,21.3,60,PROJECT_DEMO_EXPANSION,2026-09-23,Synthetic/demo relationship; not a verified commercial contract.,SYNTHETIC_DEMO
SUP00609,PROD00263,MANUFACTURES,MEDIUM,26.41,60,PROJECT_DEMO_EXPANSION,2026-09-23,Synthetic/demo relationship; not a verified commercial contract.,SYNTHETIC_DEMO
SUP00610,PROD00270,DISTRIBUTES,MEDIUM,25.02,60,PROJECT_DEMO_EXPANSION,2026-09-23,Synthetic/demo relationship; not a verified commercial contract.,SYNTHETIC_DEMO
SUP00611,PROD00277,DISTRIBUTES,LOW,27.33,30,PROJECT_DEMO_EXPANSION,2026-09-23,Synthetic/demo relationship; not a verified commercial contract.,SYNTHETIC_DEMO
SUP00612,PROD00284,DISTRIBUTES,HIGH,38.31,30,PROJECT_DEMO_EXPANSION,2026-09-23,Synthetic/demo relationship; not a verified commercial contract.,SYNTHETIC_DEMO
SUP00613,PROD00291,DISTRIBUTES,HIGH,36.12,45,PROJECT_DEMO_EXPANSION,2026-09-23,Synthetic/demo relationship; not a verified commercial contract.,SYNTHETIC_DEMO
SUP00614,PROD00298,MANUFACTURES,LOW,5.02,60,PROJECT_DEMO_EXPANSION,2026-09-23,Synthetic/demo relationship; not a verified commercial contract.,SYNTHETIC_DEMO
SUP00615,PROD00305,DISTRIBUTES,HIGH,9.52,14,PROJECT_DEMO_EXPANSION,2026-09-23,Synthetic/demo relationship; not a verified commercial contract.,SYNTHETIC_DEMO
SUP00616,PROD00312,SUPPLIES,MEDIUM,22.46,45,PROJECT_DEMO_EXPANSION,2026-09-23,Synthetic/demo relationship; not a verified commercial contract.,SYNTHETIC_DEMO
SUP00617,PROD00319,MANUFACTURES,LOW,34.63,7,PROJECT_DEMO_EXPANSION,2026-09-23,Synthetic/demo relationship; not a verified commercial contract.,SYNTHETIC_DEMO
SUP00618,PROD00326,DISTRIBUTES,MEDIUM,34.58,45,PROJECT_DEMO_EXPANSION,2026-09-23,Synthetic/demo relationship; not a verified commercial contract.,SYNTHETIC_DEMO
SUP00619,PROD00333,MANUFACTURES,LOW,37.71,90,PROJECT_DEMO_EXPANSION,2026-09-23,Synthetic/demo relationship; not a verified commercial contract.,SYNTHETIC_DEMO
SUP00620,PROD00340,MANUFACTURES,MEDIUM,12.23,14,PROJECT_DEMO_EXPANSION,2026-09-23,Synthetic/demo relationship; not a verified commercial contract.,SYNTHETIC_DEMO
SUP00621,PROD00347,SUPPLIES,MEDIUM,35.6,90,PROJECT_DEMO_EXPANSION,2026-09-23,Synthetic/demo relationship; not a verified commercial contract.,SYNTHETIC_DEMO
SUP00622,PROD00354,SUPPLIES,HIGH,38.08,45,PROJECT_DEMO_EXPANSION,2026-09-23,Synthetic/demo relationship; not a verified commercial contract.,SYNTHETIC_DEMO
SUP00623,PROD00361,MANUFACTURES,HIGH,10.8,7,PROJECT_DEMO_EXPANSION,2026-09-23,Synthetic/demo relationship; not a verified commercial contract.,SYNTHETIC_DEMO
SUP00624,PROD00368,SUPPLIES,LOW,9.43,60,PROJECT_DEMO_EXPANSION,2026-09-23,Synthetic/demo relationship; not a verified commercial contract.,SYNTHETIC_DEMO
SUP00625,PROD00375,SUPPLIES,HIGH,10.8,21,PROJECT_DEMO_EXPANSION,2026-09-23,Synthetic/demo relationship; not a verified commercial contract.,SYNTHETIC_DEMO
SUP00626,PROD00382,SUPPLIES,HIGH,18.65,7,PROJECT_DEMO_EXPANSION,2026-09-23,Synthetic/demo relationship; not a verified commercial contract.,SYNTHETIC_DEMO
SUP00627,PROD00389,MANUFACTURES,HIGH,25.21,21,PROJECT_DEMO_EXPANSION,2026-09-23,Synthetic/demo relationship; not a verified commercial contract.,SYNTHETIC_DEMO
SUP00628,PROD00396,SUPPLIES,LOW,39.55,60,PROJECT_DEMO_EXPANSION,2026-09-23,Synthetic/demo relationship; not a verified commercial contract.,SYNTHETIC_DEMO
SUP00629,PROD00403,DISTRIBUTES,MEDIUM,18.82,14,PROJECT_DEMO_EXPANSION,2026-09-23,Synthetic/demo relationship; not a verified commercial contract.,SYNTHETIC_DEMO
SUP00630,PROD00410,DISTRIBUTES,LOW,38.64,60,PROJECT_DEMO_EXPANSION,2026-09-23,Synthetic/demo relationship; not a verified commercial contract.,SYNTHETIC_DEMO
SUP00631,PROD00417,DISTRIBUTES,HIGH,25.75,90,PROJECT_DEMO_EXPANSION,2026-09-23,Synthetic/demo relationship; not a verified commercial contract.,SYNTHETIC_DEMO
SUP00632,PROD00424,SUPPLIES,HIGH,34.17,60,PROJECT_DEMO_EXPANSION,2026-09-23,Synthetic/demo relationship; not a verified commercial contract.,SYNTHETIC_DEMO
SUP00633,PROD00431,SUPPLIES,LOW,7.56,90,PROJECT_DEMO_EXPANSION,2026-09-23,Synthetic/demo relationship; not a verified commercial contract.,SYNTHETIC_DEMO
SUP00634,PROD00438,SUPPLIES,LOW,18.22,14,PROJECT_DEMO_EXPANSION,2026-09-23,Synthetic/demo relationship; not a verified commercial contract.,SYNTHETIC_DEMO
SUP00635,PROD00445,SUPPLIES,LOW,10.3,21,PROJECT_DEMO_EXPANSION,2026-09-23,Synthetic/demo relationship; not a verified commercial contract.,SYNTHETIC_DEMO
SUP00636,PROD00452,DISTRIBUTES,MEDIUM,10.16,60,PROJECT_DEMO_EXPANSION,2026-09-23,Synthetic/demo relationship; not a verified commercial contract.,SYNTHETIC_DEMO
SUP00637,PROD00459,SUPPLIES,MEDIUM,19.81,60,PROJECT_DEMO_EXPANSION,2026-09-23,Synthetic/demo relationship; not a verified commercial contract.,SYNTHETIC_DEMO
SUP00638,PROD00466,DISTRIBUTES,LOW,1.53,14,PROJECT_DEMO_EXPANSION,2026-09-23,Synthetic/demo relationship; not a verified commercial contract.,SYNTHETIC_DEMO
SUP00639,PROD00473,MANUFACTURES,MEDIUM,37.06,45,PROJECT_DEMO_EXPANSION,2026-09-23,Synthetic/demo relationship; not a verified commercial contract.,SYNTHETIC_DEMO
SUP00640,PROD00480,DISTRIBUTES,MEDIUM,28.76,21,PROJECT_DEMO_EXPANSION,2026-09-23,Synthetic/demo relationship; not a verified commercial contract.,SYNTHETIC_DEMO
SUP00641,PROD00487,MANUFACTURES,HIGH,23.53,14,PROJECT_DEMO_EXPANSION,2026-09-23,Synthetic/demo relationship; not a verified commercial contract.,SYNTHETIC_DEMO
SUP00642,PROD00494,MANUFACTURES,HIGH,30.96,60,PROJECT_DEMO_EXPANSION,2026-09-23,Synthetic/demo relationship; not a verified commercial contract.,SYNTHETIC_DEMO
SUP00643,PROD00501,DISTRIBUTES,LOW,3.64,7,PROJECT_DEMO_EXPANSION,2026-09-23,Synthetic/demo relationship; not a verified commercial contract.,SYNTHETIC_DEMO
SUP00644,PROD00508,SUPPLIES,LOW,18.29,45,PROJECT_DEMO_EXPANSION,2026-09-23,Synthetic/demo relationship; not a verified commercial contract.,SYNTHETIC_DEMO
SUP00645,PROD00515,SUPPLIES,HIGH,8.97,7,PROJECT_DEMO_EXPANSION,2026-09-23,Synthetic/demo relationship; not a verified commercial contract.,SYNTHETIC_DEMO
SUP00646,PROD00522,MANUFACTURES,MEDIUM,34.18,90,PROJECT_DEMO_EXPANSION,2026-09-23,Synthetic/demo relationship; not a verified commercial contract.,SYNTHETIC_DEMO
SUP00647,PROD00529,MANUFACTURES,MEDIUM,29.3,30,PROJECT_DEMO_EXPANSION,2026-09-23,Synthetic/demo relationship; not a verified commercial contract.,SYNTHETIC_DEMO
SUP00648,PROD00536,SUPPLIES,MEDIUM,7.12,60,PROJECT_DEMO_EXPANSION,2026-09-23,Synthetic/demo relationship; not a verified commercial contract.,SYNTHETIC_DEMO
SUP00649,PROD00543,DISTRIBUTES,LOW,30.39,21,PROJECT_DEMO_EXPANSION,2026-09-23,Synthetic/demo relationship; not a verified commercial contract.,SYNTHETIC_DEMO
SUP00650,PROD00550,MANUFACTURES,LOW,18.9,60,PROJECT_DEMO_EXPANSION,2026-09-23,Synthetic/demo relationship; not a verified commercial contract.,SYNTHETIC_DEMO
SUP00651,PROD00557,MANUFACTURES,LOW,16.53,60,PROJECT_DEMO_EXPANSION,2026-09-23,Synthetic/demo relationship; not a verified commercial contract.,SYNTHETIC_DEMO
SUP00652,PROD00564,DISTRIBUTES,HIGH,3.79,21,PROJECT_DEMO_EXPANSION,2026-09-23,Synthetic/demo relationship; not a verified commercial contract.,SYNTHETIC_DEMO
SUP00653,PROD00571,SUPPLIES,LOW,7.05,45,PROJECT_DEMO_EXPANSION,2026-09-23,Synthetic/demo relationship; not a verified commercial contract.,SYNTHETIC_DEMO
SUP00654,PROD00578,DISTRIBUTES,MEDIUM,8.01,30,PROJECT_DEMO_EXPANSION,2026-09-23,Synthetic/demo relationship; not a verified commercial contract.,SYNTHETIC_DEMO
SUP00655,PROD00585,DISTRIBUTES,MEDIUM,39.03,45,PROJECT_DEMO_EXPANSION,2026-09-23,Synthetic/demo relationship; not a verified commercial contract.,SYNTHETIC_DEMO
SUP00656,PROD00592,SUPPLIES,HIGH,38.03,90,PROJECT_DEMO_EXPANSION,2026-09-23,Synthetic/demo relationship; not a verified commercial contract.,SYNTHETIC_DEMO
SUP00657,PROD00599,DISTRIBUTES,MEDIUM,21.82,30,PROJECT_DEMO_EXPANSION,2026-09-23,Synthetic/demo relationship; not a verified commercial contract.,SYNTHETIC_DEMO
SUP00658,PROD00606,SUPPLIES,HIGH,16.23,90,PROJECT_DEMO_EXPANSION,2026-09-23,Synthetic/demo relationship; not a verified commercial contract.,SYNTHETIC_DEMO
SUP00659,PROD00613,MANUFACTURES,LOW,14.44,90,PROJECT_DEMO_EXPANSION,2026-09-23,Synthetic/demo relationship; not a verified commercial contract.,SYNTHETIC_DEMO
SUP00660,PROD00620,MANUFACTURES,HIGH,9.92,60,PROJECT_DEMO_EXPANSION,2026-09-23,Synthetic/demo relationship; not a verified commercial contract.,SYNTHETIC_DEMO
SUP00661,PROD00627,SUPPLIES,LOW,12.92,30,PROJECT_DEMO_EXPANSION,2026-09-23,Synthetic/demo relationship; not a verified commercial contract.,SYNTHETIC_DEMO
SUP00662,PROD00634,MANUFACTURES,HIGH,9.47,60,PROJECT_DEMO_EXPANSION,2026-09-23,Synthetic/demo relationship; not a verified commercial contract.,SYNTHETIC_DEMO
SUP00663,PROD00641,SUPPLIES,MEDIUM,16.69,21,PROJECT_DEMO_EXPANSION,2026-09-23,Synthetic/demo relationship; not a verified commercial contract.,SYNTHETIC_DEMO
SUP00664,PROD00648,SUPPLIES,HIGH,20.72,60,PROJECT_DEMO_EXPANSION,2026-09-23,Synthetic/demo relationship; not a verified commercial contract.,SYNTHETIC_DEMO
SUP00665,PROD00655,SUPPLIES,MEDIUM,9.99,90,PROJECT_DEMO_EXPANSION,2026-09-23,Synthetic/demo relationship; not a verified commercial contract.,SYNTHETIC_DEMO
SUP00666,PROD00662,DISTRIBUTES,MEDIUM,37.05,21,PROJECT_DEMO_EXPANSION,2026-09-23,Synthetic/demo relationship; not a verified commercial contract.,SYNTHETIC_DEMO
SUP00667,PROD00669,DISTRIBUTES,MEDIUM,36.41,90,PROJECT_DEMO_EXPANSION,2026-09-23,Synthetic/demo relationship; not a verified commercial contract.,SYNTHETIC_DEMO
SUP00668,PROD00676,SUPPLIES,LOW,10.58,30,PROJECT_DEMO_EXPANSION,2026-09-23,Synthetic/demo relationship; not a verified commercial contract.,SYNTHETIC_DEMO
SUP00669,PROD00683,MANUFACTURES,MEDIUM,6.12,60,PROJECT_DEMO_EXPANSION,2026-09-23,Synthetic/demo relationship; not a verified commercial contract.,SYNTHETIC_DEMO
SUP00670,PROD00690,DISTRIBUTES,LOW,25.27,30,PROJECT_DEMO_EXPANSION,2026-09-23,Synthetic/demo relationship; not a verified commercial contract.,SYNTHETIC_DEMO
SUP00671,PROD00697,MANUFACTURES,MEDIUM,17.28,90,PROJECT_DEMO_EXPANSION,2026-09-23,Synthetic/demo relationship; not a verified commercial contract.,SYNTHETIC_DEMO
SUP00672,PROD00704,MANUFACTURES,HIGH,13.04,60,PROJECT_DEMO_EXPANSION,2026-09-23,Synthetic/demo relationship; not a verified commercial contract.,SYNTHETIC_DEMO
SUP00673,PROD00711,SUPPLIES,MEDIUM,18.41,21,PROJECT_DEMO_EXPANSION,2026-09-23,Synthetic/demo relationship; not a verified commercial contract.,SYNTHETIC_DEMO
SUP00674,PROD00718,SUPPLIES,MEDIUM,15.07,60,PROJECT_DEMO_EXPANSION,2026-09-23,Synthetic/demo relationship; not a verified commercial contract.,SYNTHETIC_DEMO
SUP00675,PROD00725,SUPPLIES,HIGH,30.81,90,PROJECT_DEMO_EXPANSION,2026-09-23,Synthetic/demo relationship; not a verified commercial contract.,SYNTHETIC_DEMO
SUP00676,PROD00732,DISTRIBUTES,HIGH,5.33,30,PROJECT_DEMO_EXPANSION,2026-09-23,Synthetic/demo relationship; not a verified commercial contract.,SYNTHETIC_DEMO
SUP00677,PROD00739,SUPPLIES,LOW,2.76,21,PROJECT_DEMO_EXPANSION,2026-09-23,Synthetic/demo relationship; not a verified commercial contract.,SYNTHETIC_DEMO
SUP00678,PROD00746,SUPPLIES,LOW,35.83,30,PROJECT_DEMO_EXPANSION,2026-09-23,Synthetic/demo relationship; not a verified commercial contract.,SYNTHETIC_DEMO
SUP00679,PROD00753,DISTRIBUTES,LOW,39.45,45,PROJECT_DEMO_EXPANSION,2026-09-23,Synthetic/demo relationship; not a verified commercial contract.,SYNTHETIC_DEMO
SUP00680,PROD00760,SUPPLIES,LOW,25.0,21,PROJECT_DEMO_EXPANSION,2026-09-23,Synthetic/demo relationship; not a verified commercial contract.,SYNTHETIC_DEMO
SUP00681,PROD00767,MANUFACTURES,HIGH,37.64,45,PROJECT_DEMO_EXPANSION,2026-09-23,Synthetic/demo relationship; not a verified commercial contract.,SYNTHETIC_DEMO
SUP00682,PROD00774,MANUFACTURES,MEDIUM,7.65,14,PROJECT_DEMO_EXPANSION,2026-09-23,Synthetic/demo relationship; not a verified commercial contract.,SYNTHETIC_DEMO
SUP00683,PROD00781,DISTRIBUTES,LOW,17.02,21,PROJECT_DEMO_EXPANSION,2026-09-23,Synthetic/demo relationship; not a verified commercial contract.,SYNTHETIC_DEMO
SUP00684,PROD00788,MANUFACTURES,MEDIUM,25.8,45,PROJECT_DEMO_EXPANSION,2026-09-23,Synthetic/demo relationship; not a verified commercial contract.,SYNTHETIC_DEMO
SUP00685,PROD00795,MANUFACTURES,MEDIUM,18.89,60,PROJECT_DEMO_EXPANSION,2026-09-23,Synthetic/demo relationship; not a verified commercial contract.,SYNTHETIC_DEMO
SUP00686,PROD00802,DISTRIBUTES,HIGH,13.2,14,PROJECT_DEMO_EXPANSION,2026-09-23,Synthetic/demo relationship; not a verified commercial contract.,SYNTHETIC_DEMO
SUP00687,PROD00809,DISTRIBUTES,MEDIUM,37.45,45,PROJECT_DEMO_EXPANSION,2026-09-23,Synthetic/demo relationship; not a verified commercial contract.,SYNTHETIC_DEMO
SUP00688,PROD00816,MANUFACTURES,MEDIUM,29.91,7,PROJECT_DEMO_EXPANSION,2026-09-23,Synthetic/demo relationship; not a verified commercial contract.,SYNTHETIC_DEMO
SUP00689,PROD00823,DISTRIBUTES,LOW,33.9,45,PROJECT_DEMO_EXPANSION,2026-09-23,Synthetic/demo relationship; not a verified commercial contract.,SYNTHETIC_DEMO
SUP00690,PROD00830,SUPPLIES,LOW,22.74,30,PROJECT_DEMO_EXPANSION,2026-09-23,Synthetic/demo relationship; not a verified commercial contract.,SYNTHETIC_DEMO
SUP00691,PROD00837,SUPPLIES,HIGH,15.39,90,PROJECT_DEMO_EXPANSION,2026-09-23,Synthetic/demo relationship; not a verified commercial contract.,SYNTHETIC_DEMO
SUP00692,PROD00844,SUPPLIES,MEDIUM,13.1,21,PROJECT_DEMO_EXPANSION,2026-09-23,Synthetic/demo relationship; not a verified commercial contract.,SYNTHETIC_DEMO
SUP00693,PROD00851,DISTRIBUTES,HIGH,14.69,45,PROJECT_DEMO_EXPANSION,2026-09-23,Synthetic/demo relationship; not a verified commercial contract.,SYNTHETIC_DEMO
SUP00694,PROD00858,SUPPLIES,LOW,38.54,30,PROJECT_DEMO_EXPANSION,2026-09-23,Synthetic/demo relationship; not a verified commercial contract.,SYNTHETIC_DEMO
SUP00695,PROD00865,DISTRIBUTES,MEDIUM,16.08,60,PROJECT_DEMO_EXPANSION,2026-09-23,Synthetic/demo relationship; not a verified commercial contract.,SYNTHETIC_DEMO
SUP00696,PROD00872,MANUFACTURES,MEDIUM,12.82,60,PROJECT_DEMO_EXPANSION,2026-09-23,Synthetic/demo relationship; not a verified commercial contract.,SYNTHETIC_DEMO
SUP00697,PROD00879,MANUFACTURES,LOW,5.69,45,PROJECT_DEMO_EXPANSION,2026-09-23,Synthetic/demo relationship; not a verified commercial contract.,SYNTHETIC_DEMO
SUP00698,PROD00886,SUPPLIES,HIGH,13.92,21,PROJECT_DEMO_EXPANSION,2026-09-23,Synthetic/demo relationship; not a verified commercial contract.,SYNTHETIC_DEMO
SUP00699,PROD00893,DISTRIBUTES,MEDIUM,23.94,14,PROJECT_DEMO_EXPANSION,2026-09-23,Synthetic/demo relationship; not a verified commercial contract.,SYNTHETIC_DEMO
SUP00700,PROD00900,MANUFACTURES,LOW,13.04,7,PROJECT_DEMO_EXPANSION,2026-09-23,Synthetic/demo relationship; not a verified commercial contract.,SYNTHETIC_DEMO
SUP00701,PROD00907,DISTRIBUTES,HIGH,28.15,60,PROJECT_DEMO_EXPANSION,2026-09-23,Synthetic/demo relationship; not a verified commercial contract.,SYNTHETIC_DEMO
SUP00702,PROD00914,SUPPLIES,MEDIUM,18.44,30,PROJECT_DEMO_EXPANSION,2026-09-23,Synthetic/demo relationship; not a verified commercial contract.,SYNTHETIC_DEMO
SUP00703,PROD00921,SUPPLIES,LOW,16.1,45,PROJECT_DEMO_EXPANSION,2026-09-23,Synthetic/demo relationship; not a verified commercial contract.,SYNTHETIC_DEMO
SUP00704,PROD00928,MANUFACTURES,LOW,7.48,14,PROJECT_DEMO_EXPANSION,2026-09-23,Synthetic/demo relationship; not a verified commercial contract.,SYNTHETIC_DEMO
SUP00705,PROD00935,DISTRIBUTES,MEDIUM,24.23,90,PROJECT_DEMO_EXPANSION,2026-09-23,Synthetic/demo relationship; not a verified commercial contract.,SYNTHETIC_DEMO
SUP00706,PROD00942,MANUFACTURES,HIGH,28.33,60,PROJECT_DEMO_EXPANSION,2026-09-23,Synthetic/demo relationship; not a verified commercial contract.,SYNTHETIC_DEMO
SUP00707,PROD00949,MANUFACTURES,LOW,37.16,30,PROJECT_DEMO_EXPANSION,2026-09-23,Synthetic/demo relationship; not a verified commercial contract.,SYNTHETIC_DEMO
SUP00708,PROD00956,SUPPLIES,MEDIUM,15.64,90,PROJECT_DEMO_EXPANSION,2026-09-23,Synthetic/demo relationship; not a verified commercial contract.,SYNTHETIC_DEMO
SUP00709,PROD00963,SUPPLIES,LOW,19.67,14,PROJECT_DEMO_EXPANSION,2026-09-23,Synthetic/demo relationship; not a verified commercial contract.,SYNTHETIC_DEMO
SUP00710,PROD00970,SUPPLIES,LOW,16.26,7,PROJECT_DEMO_EXPANSION,2026-09-23,Synthetic/demo relationship; not a verified commercial contract.,SYNTHETIC_DEMO
SUP00711,PROD00977,MANUFACTURES,HIGH,15.89,60,PROJECT_DEMO_EXPANSION,2026-09-23,Synthetic/demo relationship; not a verified commercial contract.,SYNTHETIC_DEMO
SUP00712,PROD00984,MANUFACTURES,MEDIUM,33.98,60,PROJECT_DEMO_EXPANSION,2026-09-23,Synthetic/demo relationship; not a verified commercial contract.,SYNTHETIC_DEMO
SUP00713,PROD00991,DISTRIBUTES,MEDIUM,4.17,90,PROJECT_DEMO_EXPANSION,2026-09-23,Synthetic/demo relationship; not a verified commercial contract.,SYNTHETIC_DEMO
SUP00714,PROD00998,DISTRIBUTES,MEDIUM,26.03,21,PROJECT_DEMO_EXPANSION,2026-09-23,Synthetic/demo relationship; not a verified commercial contract.,SYNTHETIC_DEMO
SUP00715,PROD00005,SUPPLIES,MEDIUM,29.17,60,PROJECT_DEMO_EXPANSION,2026-09-23,Synthetic/demo relationship; not a verified commercial contract.,SYNTHETIC_DEMO
SUP00716,PROD00012,SUPPLIES,LOW,17.74,45,PROJECT_DEMO_EXPANSION,2026-09-23,Synthetic/demo relationship; not a verified commercial contract.,SYNTHETIC_DEMO
SUP00717,PROD00019,DISTRIBUTES,MEDIUM,18.78,30,PROJECT_DEMO_EXPANSION,2026-09-23,Synthetic/demo relationship; not a verified commercial contract.,SYNTHETIC_DEMO
SUP00718,PROD00026,SUPPLIES,HIGH,32.59,7,PROJECT_DEMO_EXPANSION,2026-09-23,Synthetic/demo relationship; not a verified commercial contract.,SYNTHETIC_DEMO
SUP00719,PROD00033,MANUFACTURES,HIGH,33.83,21,PROJECT_DEMO_EXPANSION,2026-09-23,Synthetic/demo relationship; not a verified commercial contract.,SYNTHETIC_DEMO
SUP00720,PROD00040,DISTRIBUTES,MEDIUM,29.78,90,PROJECT_DEMO_EXPANSION,2026-09-23,Synthetic/demo relationship; not a verified commercial contract.,SYNTHETIC_DEMO
SUP00721,PROD00047,MANUFACTURES,LOW,23.77,14,PROJECT_DEMO_EXPANSION,2026-09-23,Synthetic/demo relationship; not a verified commercial contract.,SYNTHETIC_DEMO
SUP00722,PROD00054,SUPPLIES,HIGH,5.25,21,PROJECT_DEMO_EXPANSION,2026-09-23,Synthetic/demo relationship; not a verified commercial contract.,SYNTHETIC_DEMO
SUP00723,PROD00061,DISTRIBUTES,MEDIUM,9.98,90,PROJECT_DEMO_EXPANSION,2026-09-23,Synthetic/demo relationship; not a verified commercial contract.,SYNTHETIC_DEMO
SUP00724,PROD00068,SUPPLIES,HIGH,12.04,60,PROJECT_DEMO_EXPANSION,2026-09-23,Synthetic/demo relationship; not a verified commercial contract.,SYNTHETIC_DEMO
SUP00725,PROD00075,SUPPLIES,HIGH,26.08,14,PROJECT_DEMO_EXPANSION,2026-09-23,Synthetic/demo relationship; not a verified commercial contract.,SYNTHETIC_DEMO
SUP00726,PROD00082,DISTRIBUTES,LOW,24.11,21,PROJECT_DEMO_EXPANSION,2026-09-23,Synthetic/demo relationship; not a verified commercial contract.,SYNTHETIC_DEMO
SUP00727,PROD00089,MANUFACTURES,MEDIUM,16.58,90,PROJECT_DEMO_EXPANSION,2026-09-23,Synthetic/demo relationship; not a verified commercial contract.,SYNTHETIC_DEMO
SUP00728,PROD00096,SUPPLIES,LOW,2.64,7,PROJECT_DEMO_EXPANSION,2026-09-23,Synthetic/demo relationship; not a verified commercial contract.,SYNTHETIC_DEMO
SUP00729,PROD00103,SUPPLIES,HIGH,19.96,14,PROJECT_DEMO_EXPANSION,2026-09-23,Synthetic/demo relationship; not a verified commercial contract.,SYNTHETIC_DEMO
SUP00730,PROD00110,MANUFACTURES,HIGH,13.78,90,PROJECT_DEMO_EXPANSION,2026-09-23,Synthetic/demo relationship; not a verified commercial contract.,SYNTHETIC_DEMO
SUP00731,PROD00117,MANUFACTURES,HIGH,25.68,45,PROJECT_DEMO_EXPANSION,2026-09-23,Synthetic/demo relationship; not a verified commercial contract.,SYNTHETIC_DEMO
SUP00732,PROD00124,DISTRIBUTES,HIGH,23.58,90,PROJECT_DEMO_EXPANSION,2026-09-23,Synthetic/demo relationship; not a verified commercial contract.,SYNTHETIC_DEMO
SUP00733,PROD00131,DISTRIBUTES,LOW,2.4,21,PROJECT_DEMO_EXPANSION,2026-09-23,Synthetic/demo relationship; not a verified commercial contract.,SYNTHETIC_DEMO
SUP00734,PROD00138,MANUFACTURES,LOW,23.85,60,PROJECT_DEMO_EXPANSION,2026-09-23,Synthetic/demo relationship; not a verified commercial contract.,SYNTHETIC_DEMO
SUP00735,PROD00145,DISTRIBUTES,LOW,2.27,90,PROJECT_DEMO_EXPANSION,2026-09-23,Synthetic/demo relationship; not a verified commercial contract.,SYNTHETIC_DEMO
SUP00736,PROD00152,DISTRIBUTES,HIGH,35.96,21,PROJECT_DEMO_EXPANSION,2026-09-23,Synthetic/demo relationship; not a verified commercial contract.,SYNTHETIC_DEMO
SUP00737,PROD00159,MANUFACTURES,HIGH,7.72,21,PROJECT_DEMO_EXPANSION,2026-09-23,Synthetic/demo relationship; not a verified commercial contract.,SYNTHETIC_DEMO
SUP00738,PROD00166,MANUFACTURES,HIGH,13.57,45,PROJECT_DEMO_EXPANSION,2026-09-23,Synthetic/demo relationship; not a verified commercial contract.,SYNTHETIC_DEMO
SUP00739,PROD00173,MANUFACTURES,LOW,23.9,90,PROJECT_DEMO_EXPANSION,2026-09-23,Synthetic/demo relationship; not a verified commercial contract.,SYNTHETIC_DEMO
SUP00740,PROD00180,MANUFACTURES,LOW,17.09,21,PROJECT_DEMO_EXPANSION,2026-09-23,Synthetic/demo relationship; not a verified commercial contract.,SYNTHETIC_DEMO
SUP00741,PROD00187,MANUFACTURES,HIGH,2.61,45,PROJECT_DEMO_EXPANSION,2026-09-23,Synthetic/demo relationship; not a verified commercial contract.,SYNTHETIC_DEMO
SUP00742,PROD00194,SUPPLIES,MEDIUM,38.77,60,PROJECT_DEMO_EXPANSION,2026-09-23,Synthetic/demo relationship; not a verified commercial contract.,SYNTHETIC_DEMO
SUP00743,PROD00201,MANUFACTURES,MEDIUM,24.82,21,PROJECT_DEMO_EXPANSION,2026-09-23,Synthetic/demo relationship; not a verified commercial contract.,SYNTHETIC_DEMO
SUP00744,PROD00208,DISTRIBUTES,LOW,11.55,90,PROJECT_DEMO_EXPANSION,2026-09-23,Synthetic/demo relationship; not a verified commercial contract.,SYNTHETIC_DEMO
SUP00745,PROD00215,SUPPLIES,LOW,9.11,30,PROJECT_DEMO_EXPANSION,2026-09-23,Synthetic/demo relationship; not a verified commercial contract.,SYNTHETIC_DEMO
SUP00746,PROD00222,DISTRIBUTES,LOW,6.06,45,PROJECT_DEMO_EXPANSION,2026-09-23,Synthetic/demo relationship; not a verified commercial contract.,SYNTHETIC_DEMO
SUP00747,PROD00229,DISTRIBUTES,HIGH,12.9,7,PROJECT_DEMO_EXPANSION,2026-09-23,Synthetic/demo relationship; not a verified commercial contract.,SYNTHETIC_DEMO
SUP00748,PROD00236,MANUFACTURES,LOW,16.19,30,PROJECT_DEMO_EXPANSION,2026-09-23,Synthetic/demo relationship; not a verified commercial contract.,SYNTHETIC_DEMO
SUP00749,PROD00243,MANUFACTURES,HIGH,25.76,60,PROJECT_DEMO_EXPANSION,2026-09-23,Synthetic/demo relationship; not a verified commercial contract.,SYNTHETIC_DEMO
SUP00750,PROD00250,SUPPLIES,HIGH,28.49,30,PROJECT_DEMO_EXPANSION,2026-09-23,Synthetic/demo relationship; not a verified commercial contract.,SYNTHETIC_DEMO
SUP00751,PROD00257,DISTRIBUTES,HIGH,14.27,7,PROJECT_DEMO_EXPANSION,2026-09-23,Synthetic/demo relationship; not a verified commercial contract.,SYNTHETIC_DEMO
SUP00752,PROD00264,MANUFACTURES,HIGH,38.06,14,PROJECT_DEMO_EXPANSION,2026-09-23,Synthetic/demo relationship; not a verified commercial contract.,SYNTHETIC_DEMO
SUP00753,PROD00271,SUPPLIES,HIGH,7.58,90,PROJECT_DEMO_EXPANSION,2026-09-23,Synthetic/demo relationship; not a verified commercial contract.,SYNTHETIC_DEMO
SUP00754,PROD00278,MANUFACTURES,MEDIUM,13.51,14,PROJECT_DEMO_EXPANSION,2026-09-23,Synthetic/demo relationship; not a verified commercial contract.,SYNTHETIC_DEMO
SUP00755,PROD00285,MANUFACTURES,HIGH,27.47,90,PROJECT_DEMO_EXPANSION,2026-09-23,Synthetic/demo relationship; not a verified commercial contract.,SYNTHETIC_DEMO
SUP00756,PROD00292,SUPPLIES,LOW,39.78,45,PROJECT_DEMO_EXPANSION,2026-09-23,Synthetic/demo relationship; not a verified commercial contract.,SYNTHETIC_DEMO
SUP00757,PROD00299,SUPPLIES,LOW,35.83,45,PROJECT_DEMO_EXPANSION,2026-09-23,Synthetic/demo relationship; not a verified commercial contract.,SYNTHETIC_DEMO
SUP00758,PROD00306,DISTRIBUTES,MEDIUM,18.91,21,PROJECT_DEMO_EXPANSION,2026-09-23,Synthetic/demo relationship; not a verified commercial contract.,SYNTHETIC_DEMO
SUP00759,PROD00313,DISTRIBUTES,LOW,21.49,21,PROJECT_DEMO_EXPANSION,2026-09-23,Synthetic/demo relationship; not a verified commercial contract.,SYNTHETIC_DEMO
SUP00760,PROD00320,DISTRIBUTES,HIGH,18.56,45,PROJECT_DEMO_EXPANSION,2026-09-23,Synthetic/demo relationship; not a verified commercial contract.,SYNTHETIC_DEMO
SUP00761,PROD00327,MANUFACTURES,MEDIUM,17.15,60,PROJECT_DEMO_EXPANSION,2026-09-23,Synthetic/demo relationship; not a verified commercial contract.,SYNTHETIC_DEMO
SUP00762,PROD00334,MANUFACTURES,LOW,19.04,14,PROJECT_DEMO_EXPANSION,2026-09-23,Synthetic/demo relationship; not a verified commercial contract.,SYNTHETIC_DEMO
SUP00763,PROD00341,MANUFACTURES,LOW,26.16,45,PROJECT_DEMO_EXPANSION,2026-09-23,Synthetic/demo relationship; not a verified commercial contract.,SYNTHETIC_DEMO
SUP00764,PROD00348,DISTRIBUTES,HIGH,15.01,14,PROJECT_DEMO_EXPANSION,2026-09-23,Synthetic/demo relationship; not a verified commercial contract.,SYNTHETIC_DEMO
SUP00765,PROD00355,MANUFACTURES,LOW,2.85,45,PROJECT_DEMO_EXPANSION,2026-09-23,Synthetic/demo relationship; not a verified commercial contract.,SYNTHETIC_DEMO
SUP00766,PROD00362,MANUFACTURES,LOW,23.85,21,PROJECT_DEMO_EXPANSION,2026-09-23,Synthetic/demo relationship; not a verified commercial contract.,SYNTHETIC_DEMO
SUP00767,PROD00369,SUPPLIES,MEDIUM,8.67,30,PROJECT_DEMO_EXPANSION,2026-09-23,Synthetic/demo relationship; not a verified commercial contract.,SYNTHETIC_DEMO
SUP00768,PROD00376,DISTRIBUTES,HIGH,23.95,45,PROJECT_DEMO_EXPANSION,2026-09-23,Synthetic/demo relationship; not a verified commercial contract.,SYNTHETIC_DEMO
SUP00769,PROD00383,SUPPLIES,HIGH,4.17,60,PROJECT_DEMO_EXPANSION,2026-09-23,Synthetic/demo relationship; not a verified commercial contract.,SYNTHETIC_DEMO
SUP00770,PROD00390,SUPPLIES,LOW,12.99,30,PROJECT_DEMO_EXPANSION,2026-09-23,Synthetic/demo relationship; not a verified commercial contract.,SYNTHETIC_DEMO
SUP00771,PROD00397,DISTRIBUTES,LOW,23.19,60,PROJECT_DEMO_EXPANSION,2026-09-23,Synthetic/demo relationship; not a verified commercial contract.,SYNTHETIC_DEMO
SUP00772,PROD00404,SUPPLIES,HIGH,39.93,45,PROJECT_DEMO_EXPANSION,2026-09-23,Synthetic/demo relationship; not a verified commercial contract.,SYNTHETIC_DEMO
SUP00773,PROD00411,SUPPLIES,MEDIUM,34.13,21,PROJECT_DEMO_EXPANSION,2026-09-23,Synthetic/demo relationship; not a verified commercial contract.,SYNTHETIC_DEMO
SUP00774,PROD00418,MANUFACTURES,MEDIUM,34.3,7,PROJECT_DEMO_EXPANSION,2026-09-23,Synthetic/demo relationship; not a verified commercial contract.,SYNTHETIC_DEMO
SUP00775,PROD00425,SUPPLIES,HIGH,5.31,21,PROJECT_DEMO_EXPANSION,2026-09-23,Synthetic/demo relationship; not a verified commercial contract.,SYNTHETIC_DEMO
SUP00776,PROD00432,MANUFACTURES,HIGH,16.19,7,PROJECT_DEMO_EXPANSION,2026-09-23,Synthetic/demo relationship; not a verified commercial contract.,SYNTHETIC_DEMO
SUP00777,PROD00439,DISTRIBUTES,HIGH,5.04,7,PROJECT_DEMO_EXPANSION,2026-09-23,Synthetic/demo relationship; not a verified commercial contract.,SYNTHETIC_DEMO
SUP00778,PROD00446,SUPPLIES,MEDIUM,31.17,60,PROJECT_DEMO_EXPANSION,2026-09-23,Synthetic/demo relationship; not a verified commercial contract.,SYNTHETIC_DEMO
SUP00779,PROD00453,SUPPLIES,LOW,21.47,90,PROJECT_DEMO_EXPANSION,2026-09-23,Synthetic/demo relationship; not a verified commercial contract.,SYNTHETIC_DEMO
SUP00780,PROD00460,SUPPLIES,HIGH,6.29,21,PROJECT_DEMO_EXPANSION,2026-09-23,Synthetic/demo relationship; not a verified commercial contract.,SYNTHETIC_DEMO
SUP00781,PROD00467,MANUFACTURES,HIGH,14.12,45,PROJECT_DEMO_EXPANSION,2026-09-23,Synthetic/demo relationship; not a verified commercial contract.,SYNTHETIC_DEMO
SUP00782,PROD00474,DISTRIBUTES,LOW,34.78,7,PROJECT_DEMO_EXPANSION,2026-09-23,Synthetic/demo relationship; not a verified commercial contract.,SYNTHETIC_DEMO
SUP00783,PROD00481,SUPPLIES,LOW,22.04,30,PROJECT_DEMO_EXPANSION,2026-09-23,Synthetic/demo relationship; not a verified commercial contract.,SYNTHETIC_DEMO
SUP00784,PROD00488,MANUFACTURES,HIGH,12.46,90,PROJECT_DEMO_EXPANSION,2026-09-23,Synthetic/demo relationship; not a verified commercial contract.,SYNTHETIC_DEMO
SUP00785,PROD00495,SUPPLIES,MEDIUM,4.99,7,PROJECT_DEMO_EXPANSION,2026-09-23,Synthetic/demo relationship; not a verified commercial contract.,SYNTHETIC_DEMO
SUP00786,PROD00502,DISTRIBUTES,LOW,2.6,14,PROJECT_DEMO_EXPANSION,2026-09-23,Synthetic/demo relationship; not a verified commercial contract.,SYNTHETIC_DEMO
SUP00787,PROD00509,SUPPLIES,HIGH,27.11,7,PROJECT_DEMO_EXPANSION,2026-09-23,Synthetic/demo relationship; not a verified commercial contract.,SYNTHETIC_DEMO
SUP00788,PROD00516,MANUFACTURES,HIGH,14.14,90,PROJECT_DEMO_EXPANSION,2026-09-23,Synthetic/demo relationship; not a verified commercial contract.,SYNTHETIC_DEMO
SUP00789,PROD00523,SUPPLIES,LOW,18.2,14,PROJECT_DEMO_EXPANSION,2026-09-23,Synthetic/demo relationship; not a verified commercial contract.,SYNTHETIC_DEMO
SUP00790,PROD00530,MANUFACTURES,MEDIUM,4.85,7,PROJECT_DEMO_EXPANSION,2026-09-23,Synthetic/demo relationship; not a verified commercial contract.,SYNTHETIC_DEMO
SUP00791,PROD00537,DISTRIBUTES,LOW,14.57,7,PROJECT_DEMO_EXPANSION,2026-09-23,Synthetic/demo relationship; not a verified commercial contract.,SYNTHETIC_DEMO
SUP00792,PROD00544,MANUFACTURES,LOW,36.23,90,PROJECT_DEMO_EXPANSION,2026-09-23,Synthetic/demo relationship; not a verified commercial contract.,SYNTHETIC_DEMO
SUP00793,PROD00551,DISTRIBUTES,HIGH,10.7,60,PROJECT_DEMO_EXPANSION,2026-09-23,Synthetic/demo relationship; not a verified commercial contract.,SYNTHETIC_DEMO
SUP00794,PROD00558,DISTRIBUTES,HIGH,35.99,7,PROJECT_DEMO_EXPANSION,2026-09-23,Synthetic/demo relationship; not a verified commercial contract.,SYNTHETIC_DEMO
SUP00795,PROD00565,SUPPLIES,LOW,12.29,21,PROJECT_DEMO_EXPANSION,2026-09-23,Synthetic/demo relationship; not a verified commercial contract.,SYNTHETIC_DEMO
SUP00796,PROD00572,SUPPLIES,HIGH,14.62,30,PROJECT_DEMO_EXPANSION,2026-09-23,Synthetic/demo relationship; not a verified commercial contract.,SYNTHETIC_DEMO
SUP00797,PROD00579,SUPPLIES,LOW,26.89,7,PROJECT_DEMO_EXPANSION,2026-09-23,Synthetic/demo relationship; not a verified commercial contract.,SYNTHETIC_DEMO
SUP00798,PROD00586,DISTRIBUTES,HIGH,30.29,21,PROJECT_DEMO_EXPANSION,2026-09-23,Synthetic/demo relationship; not a verified commercial contract.,SYNTHETIC_DEMO
SUP00799,PROD00593,DISTRIBUTES,MEDIUM,29.16,30,PROJECT_DEMO_EXPANSION,2026-09-23,Synthetic/demo relationship; not a verified commercial contract.,SYNTHETIC_DEMO
SUP00800,PROD00600,SUPPLIES,MEDIUM,8.16,45,PROJECT_DEMO_EXPANSION,2026-09-23,Synthetic/demo relationship; not a verified commercial contract.,SYNTHETIC_DEMO
SUP00801,PROD00607,SUPPLIES,HIGH,34.74,60,PROJECT_DEMO_EXPANSION,2026-09-23,Synthetic/demo relationship; not a verified commercial contract.,SYNTHETIC_DEMO
SUP00802,PROD00614,DISTRIBUTES,LOW,16.15,90,PROJECT_DEMO_EXPANSION,2026-09-23,Synthetic/demo relationship; not a verified commercial contract.,SYNTHETIC_DEMO
SUP00803,PROD00621,SUPPLIES,MEDIUM,23.9,60,PROJECT_DEMO_EXPANSION,2026-09-23,Synthetic/demo relationship; not a verified commercial contract.,SYNTHETIC_DEMO
SUP00804,PROD00628,DISTRIBUTES,MEDIUM,30.45,14,PROJECT_DEMO_EXPANSION,2026-09-23,Synthetic/demo relationship; not a verified commercial contract.,SYNTHETIC_DEMO
SUP00805,PROD00635,SUPPLIES,MEDIUM,27.56,14,PROJECT_DEMO_EXPANSION,2026-09-23,Synthetic/demo relationship; not a verified commercial contract.,SYNTHETIC_DEMO
SUP00806,PROD00642,MANUFACTURES,HIGH,26.68,45,PROJECT_DEMO_EXPANSION,2026-09-23,Synthetic/demo relationship; not a verified commercial contract.,SYNTHETIC_DEMO
SUP00807,PROD00649,DISTRIBUTES,HIGH,36.39,30,PROJECT_DEMO_EXPANSION,2026-09-23,Synthetic/demo relationship; not a verified commercial contract.,SYNTHETIC_DEMO
SUP00808,PROD00656,MANUFACTURES,HIGH,23.42,21,PROJECT_DEMO_EXPANSION,2026-09-23,Synthetic/demo relationship; not a verified commercial contract.,SYNTHETIC_DEMO
SUP00809,PROD00663,SUPPLIES,HIGH,28.36,30,PROJECT_DEMO_EXPANSION,2026-09-23,Synthetic/demo relationship; not a verified commercial contract.,SYNTHETIC_DEMO
SUP00810,PROD00670,SUPPLIES,LOW,6.29,45,PROJECT_DEMO_EXPANSION,2026-09-23,Synthetic/demo relationship; not a verified commercial contract.,SYNTHETIC_DEMO
SUP00811,PROD00677,DISTRIBUTES,LOW,1.75,7,PROJECT_DEMO_EXPANSION,2026-09-23,Synthetic/demo relationship; not a verified commercial contract.,SYNTHETIC_DEMO
SUP00812,PROD00684,MANUFACTURES,HIGH,39.14,14,PROJECT_DEMO_EXPANSION,2026-09-23,Synthetic/demo relationship; not a verified commercial contract.,SYNTHETIC_DEMO
SUP00813,PROD00691,DISTRIBUTES,MEDIUM,17.74,7,PROJECT_DEMO_EXPANSION,2026-09-23,Synthetic/demo relationship; not a verified commercial contract.,SYNTHETIC_DEMO
SUP00814,PROD00698,SUPPLIES,MEDIUM,26.76,60,PROJECT_DEMO_EXPANSION,2026-09-23,Synthetic/demo relationship; not a verified commercial contract.,SYNTHETIC_DEMO
SUP00815,PROD00705,DISTRIBUTES,MEDIUM,15.75,45,PROJECT_DEMO_EXPANSION,2026-09-23,Synthetic/demo relationship; not a verified commercial contract.,SYNTHETIC_DEMO
SUP00816,PROD00712,MANUFACTURES,MEDIUM,2.12,21,PROJECT_DEMO_EXPANSION,2026-09-23,Synthetic/demo relationship; not a verified commercial contract.,SYNTHETIC_DEMO
SUP00817,PROD00719,MANUFACTURES,LOW,19.93,14,PROJECT_DEMO_EXPANSION,2026-09-23,Synthetic/demo relationship; not a verified commercial contract.,SYNTHETIC_DEMO
SUP00818,PROD00726,MANUFACTURES,MEDIUM,37.5,90,PROJECT_DEMO_EXPANSION,2026-09-23,Synthetic/demo relationship; not a verified commercial contract.,SYNTHETIC_DEMO
SUP00819,PROD00733,DISTRIBUTES,MEDIUM,21.6,14,PROJECT_DEMO_EXPANSION,2026-09-23,Synthetic/demo relationship; not a verified commercial contract.,SYNTHETIC_DEMO
SUP00820,PROD00740,DISTRIBUTES,LOW,10.37,60,PROJECT_DEMO_EXPANSION,2026-09-23,Synthetic/demo relationship; not a verified commercial contract.,SYNTHETIC_DEMO
SUP00821,PROD00747,SUPPLIES,HIGH,20.26,30,PROJECT_DEMO_EXPANSION,2026-09-23,Synthetic/demo relationship; not a verified commercial contract.,SYNTHETIC_DEMO
SUP00822,PROD00754,SUPPLIES,HIGH,20.13,7,PROJECT_DEMO_EXPANSION,2026-09-23,Synthetic/demo relationship; not a verified commercial contract.,SYNTHETIC_DEMO
SUP00823,PROD00761,DISTRIBUTES,LOW,29.52,21,PROJECT_DEMO_EXPANSION,2026-09-23,Synthetic/demo relationship; not a verified commercial contract.,SYNTHETIC_DEMO
SUP00824,PROD00768,SUPPLIES,HIGH,12.98,14,PROJECT_DEMO_EXPANSION,2026-09-23,Synthetic/demo relationship; not a verified commercial contract.,SYNTHETIC_DEMO
SUP00825,PROD00775,SUPPLIES,HIGH,27.06,45,PROJECT_DEMO_EXPANSION,2026-09-23,Synthetic/demo relationship; not a verified commercial contract.,SYNTHETIC_DEMO
SUP00826,PROD00782,MANUFACTURES,MEDIUM,31.38,45,PROJECT_DEMO_EXPANSION,2026-09-23,Synthetic/demo relationship; not a verified commercial contract.,SYNTHETIC_DEMO
SUP00827,PROD00789,MANUFACTURES,HIGH,38.71,60,PROJECT_DEMO_EXPANSION,2026-09-23,Synthetic/demo relationship; not a verified commercial contract.,SYNTHETIC_DEMO
SUP00828,PROD00796,MANUFACTURES,HIGH,17.8,45,PROJECT_DEMO_EXPANSION,2026-09-23,Synthetic/demo relationship; not a verified commercial contract.,SYNTHETIC_DEMO
SUP00829,PROD00803,DISTRIBUTES,HIGH,4.1,45,PROJECT_DEMO_EXPANSION,2026-09-23,Synthetic/demo relationship; not a verified commercial contract.,SYNTHETIC_DEMO
SUP00830,PROD00810,DISTRIBUTES,HIGH,33.61,60,PROJECT_DEMO_EXPANSION,2026-09-23,Synthetic/demo relationship; not a verified commercial contract.,SYNTHETIC_DEMO
SUP00831,PROD00817,MANUFACTURES,MEDIUM,10.79,30,PROJECT_DEMO_EXPANSION,2026-09-23,Synthetic/demo relationship; not a verified commercial contract.,SYNTHETIC_DEMO
SUP00832,PROD00824,SUPPLIES,MEDIUM,34.65,60,PROJECT_DEMO_EXPANSION,2026-09-23,Synthetic/demo relationship; not a verified commercial contract.,SYNTHETIC_DEMO
SUP00833,PROD00831,DISTRIBUTES,HIGH,1.66,60,PROJECT_DEMO_EXPANSION,2026-09-23,Synthetic/demo relationship; not a verified commercial contract.,SYNTHETIC_DEMO
SUP00834,PROD00838,DISTRIBUTES,HIGH,34.2,45,PROJECT_DEMO_EXPANSION,2026-09-23,Synthetic/demo relationship; not a verified commercial contract.,SYNTHETIC_DEMO
SUP00835,PROD00845,MANUFACTURES,LOW,12.97,7,PROJECT_DEMO_EXPANSION,2026-09-23,Synthetic/demo relationship; not a verified commercial contract.,SYNTHETIC_DEMO
SUP00836,PROD00852,DISTRIBUTES,LOW,2.26,7,PROJECT_DEMO_EXPANSION,2026-09-23,Synthetic/demo relationship; not a verified commercial contract.,SYNTHETIC_DEMO
SUP00837,PROD00859,MANUFACTURES,MEDIUM,16.83,7,PROJECT_DEMO_EXPANSION,2026-09-23,Synthetic/demo relationship; not a verified commercial contract.,SYNTHETIC_DEMO
SUP00838,PROD00866,DISTRIBUTES,MEDIUM,33.46,30,PROJECT_DEMO_EXPANSION,2026-09-23,Synthetic/demo relationship; not a verified commercial contract.,SYNTHETIC_DEMO
SUP00839,PROD00873,DISTRIBUTES,HIGH,9.0,21,PROJECT_DEMO_EXPANSION,2026-09-23,Synthetic/demo relationship; not a verified commercial contract.,SYNTHETIC_DEMO
SUP00840,PROD00880,SUPPLIES,MEDIUM,6.59,90,PROJECT_DEMO_EXPANSION,2026-09-23,Synthetic/demo relationship; not a verified commercial contract.,SYNTHETIC_DEMO
SUP00841,PROD00887,SUPPLIES,MEDIUM,39.21,45,PROJECT_DEMO_EXPANSION,2026-09-23,Synthetic/demo relationship; not a verified commercial contract.,SYNTHETIC_DEMO
SUP00842,PROD00894,MANUFACTURES,HIGH,6.74,30,PROJECT_DEMO_EXPANSION,2026-09-23,Synthetic/demo relationship; not a verified commercial contract.,SYNTHETIC_DEMO
SUP00843,PROD00901,SUPPLIES,LOW,26.52,7,PROJECT_DEMO_EXPANSION,2026-09-23,Synthetic/demo relationship; not a verified commercial contract.,SYNTHETIC_DEMO
SUP00844,PROD00908,SUPPLIES,HIGH,28.89,90,PROJECT_DEMO_EXPANSION,2026-09-23,Synthetic/demo relationship; not a verified commercial contract.,SYNTHETIC_DEMO
SUP00845,PROD00915,DISTRIBUTES,HIGH,19.46,7,PROJECT_DEMO_EXPANSION,2026-09-23,Synthetic/demo relationship; not a verified commercial contract.,SYNTHETIC_DEMO
SUP00846,PROD00922,SUPPLIES,LOW,2.3,90,PROJECT_DEMO_EXPANSION,2026-09-23,Synthetic/demo relationship; not a verified commercial contract.,SYNTHETIC_DEMO
SUP00847,PROD00929,DISTRIBUTES,LOW,4.17,30,PROJECT_DEMO_EXPANSION,2026-09-23,Synthetic/demo relationship; not a verified commercial contract.,SYNTHETIC_DEMO
SUP00848,PROD00936,MANUFACTURES,MEDIUM,1.64,90,PROJECT_DEMO_EXPANSION,2026-09-23,Synthetic/demo relationship; not a verified commercial contract.,SYNTHETIC_DEMO
SUP00849,PROD00943,SUPPLIES,LOW,6.57,60,PROJECT_DEMO_EXPANSION,2026-09-23,Synthetic/demo relationship; not a verified commercial contract.,SYNTHETIC_DEMO
SUP00850,PROD00950,DISTRIBUTES,MEDIUM,5.34,30,PROJECT_DEMO_EXPANSION,2026-09-23,Synthetic/demo relationship; not a verified commercial contract.,SYNTHETIC_DEMO
SUP00851,PROD00957,MANUFACTURES,MEDIUM,37.33,14,PROJECT_DEMO_EXPANSION,2026-09-23,Synthetic/demo relationship; not a verified commercial contract.,SYNTHETIC_DEMO
SUP00852,PROD00964,DISTRIBUTES,LOW,39.98,30,PROJECT_DEMO_EXPANSION,2026-09-23,Synthetic/demo relationship; not a verified commercial contract.,SYNTHETIC_DEMO
SUP00853,PROD00971,SUPPLIES,LOW,24.4,14,PROJECT_DEMO_EXPANSION,2026-09-23,Synthetic/demo relationship; not a verified commercial contract.,SYNTHETIC_DEMO
SUP00854,PROD00978,DISTRIBUTES,LOW,32.0,30,PROJECT_DEMO_EXPANSION,2026-09-23,Synthetic/demo relationship; not a verified commercial contract.,SYNTHETIC_DEMO
SUP00855,PROD00985,MANUFACTURES,HIGH,17.72,90,PROJECT_DEMO_EXPANSION,2026-09-23,Synthetic/demo relationship; not a verified commercial contract.,SYNTHETIC_DEMO
SUP00856,PROD00992,DISTRIBUTES,HIGH,11.6,14,PROJECT_DEMO_EXPANSION,2026-09-23,Synthetic/demo relationship; not a verified commercial contract.,SYNTHETIC_DEMO
SUP00857,PROD00999,MANUFACTURES,LOW,22.63,7,PROJECT_DEMO_EXPANSION,2026-09-23,Synthetic/demo relationship; not a verified commercial contract.,SYNTHETIC_DEMO
SUP00858,PROD00006,DISTRIBUTES,HIGH,18.0,14,PROJECT_DEMO_EXPANSION,2026-09-23,Synthetic/demo relationship; not a verified commercial contract.,SYNTHETIC_DEMO
SUP00859,PROD00013,MANUFACTURES,MEDIUM,32.08,45,PROJECT_DEMO_EXPANSION,2026-09-23,Synthetic/demo relationship; not a verified commercial contract.,SYNTHETIC_DEMO
SUP00860,PROD00020,DISTRIBUTES,HIGH,2.67,14,PROJECT_DEMO_EXPANSION,2026-09-23,Synthetic/demo relationship; not a verified commercial contract.,SYNTHETIC_DEMO
SUP00861,PROD00027,MANUFACTURES,HIGH,2.77,90,PROJECT_DEMO_EXPANSION,2026-09-23,Synthetic/demo relationship; not a verified commercial contract.,SYNTHETIC_DEMO
SUP00862,PROD00034,DISTRIBUTES,HIGH,16.73,21,PROJECT_DEMO_EXPANSION,2026-09-23,Synthetic/demo relationship; not a verified commercial contract.,SYNTHETIC_DEMO
SUP00863,PROD00041,SUPPLIES,MEDIUM,22.36,45,PROJECT_DEMO_EXPANSION,2026-09-23,Synthetic/demo relationship; not a verified commercial contract.,SYNTHETIC_DEMO
SUP00864,PROD00048,MANUFACTURES,MEDIUM,22.16,14,PROJECT_DEMO_EXPANSION,2026-09-23,Synthetic/demo relationship; not a verified commercial contract.,SYNTHETIC_DEMO
SUP00865,PROD00055,MANUFACTURES,MEDIUM,4.18,21,PROJECT_DEMO_EXPANSION,2026-09-23,Synthetic/demo relationship; not a verified commercial contract.,SYNTHETIC_DEMO
SUP00866,PROD00062,MANUFACTURES,MEDIUM,3.45,7,PROJECT_DEMO_EXPANSION,2026-09-23,Synthetic/demo relationship; not a verified commercial contract.,SYNTHETIC_DEMO
SUP00867,PROD00069,MANUFACTURES,MEDIUM,30.47,21,PROJECT_DEMO_EXPANSION,2026-09-23,Synthetic/demo relationship; not a verified commercial contract.,SYNTHETIC_DEMO
SUP00868,PROD00076,DISTRIBUTES,LOW,12.0,14,PROJECT_DEMO_EXPANSION,2026-09-23,Synthetic/demo relationship; not a verified commercial contract.,SYNTHETIC_DEMO
SUP00869,PROD00083,DISTRIBUTES,HIGH,25.63,14,PROJECT_DEMO_EXPANSION,2026-09-23,Synthetic/demo relationship; not a verified commercial contract.,SYNTHETIC_DEMO
SUP00870,PROD00090,DISTRIBUTES,LOW,9.45,30,PROJECT_DEMO_EXPANSION,2026-09-23,Synthetic/demo relationship; not a verified commercial contract.,SYNTHETIC_DEMO
SUP00871,PROD00097,SUPPLIES,HIGH,1.2,7,PROJECT_DEMO_EXPANSION,2026-09-23,Synthetic/demo relationship; not a verified commercial contract.,SYNTHETIC_DEMO
SUP00872,PROD00104,MANUFACTURES,MEDIUM,7.19,14,PROJECT_DEMO_EXPANSION,2026-09-23,Synthetic/demo relationship; not a verified commercial contract.,SYNTHETIC_DEMO
SUP00873,PROD00111,MANUFACTURES,LOW,1.64,90,PROJECT_DEMO_EXPANSION,2026-09-23,Synthetic/demo relationship; not a verified commercial contract.,SYNTHETIC_DEMO
SUP00874,PROD00118,SUPPLIES,HIGH,16.8,30,PROJECT_DEMO_EXPANSION,2026-09-23,Synthetic/demo relationship; not a verified commercial contract.,SYNTHETIC_DEMO
SUP00875,PROD00125,SUPPLIES,MEDIUM,31.47,60,PROJECT_DEMO_EXPANSION,2026-09-23,Synthetic/demo relationship; not a verified commercial contract.,SYNTHETIC_DEMO
SUP00876,PROD00132,SUPPLIES,LOW,22.66,14,PROJECT_DEMO_EXPANSION,2026-09-23,Synthetic/demo relationship; not a verified commercial contract.,SYNTHETIC_DEMO
SUP00877,PROD00139,MANUFACTURES,MEDIUM,35.28,21,PROJECT_DEMO_EXPANSION,2026-09-23,Synthetic/demo relationship; not a verified commercial contract.,SYNTHETIC_DEMO
SUP00878,PROD00146,MANUFACTURES,LOW,2.72,14,PROJECT_DEMO_EXPANSION,2026-09-23,Synthetic/demo relationship; not a verified commercial contract.,SYNTHETIC_DEMO
SUP00879,PROD00153,DISTRIBUTES,MEDIUM,7.15,90,PROJECT_DEMO_EXPANSION,2026-09-23,Synthetic/demo relationship; not a verified commercial contract.,SYNTHETIC_DEMO
SUP00880,PROD00160,MANUFACTURES,HIGH,19.75,60,PROJECT_DEMO_EXPANSION,2026-09-23,Synthetic/demo relationship; not a verified commercial contract.,SYNTHETIC_DEMO
SUP00881,PROD00167,DISTRIBUTES,LOW,17.05,60,PROJECT_DEMO_EXPANSION,2026-09-23,Synthetic/demo relationship; not a verified commercial contract.,SYNTHETIC_DEMO
SUP00882,PROD00174,DISTRIBUTES,MEDIUM,33.73,90,PROJECT_DEMO_EXPANSION,2026-09-23,Synthetic/demo relationship; not a verified commercial contract.,SYNTHETIC_DEMO
SUP00883,PROD00181,SUPPLIES,LOW,30.48,45,PROJECT_DEMO_EXPANSION,2026-09-23,Synthetic/demo relationship; not a verified commercial contract.,SYNTHETIC_DEMO
SUP00884,PROD00188,DISTRIBUTES,MEDIUM,10.87,30,PROJECT_DEMO_EXPANSION,2026-09-23,Synthetic/demo relationship; not a verified commercial contract.,SYNTHETIC_DEMO
SUP00885,PROD00195,SUPPLIES,LOW,30.81,30,PROJECT_DEMO_EXPANSION,2026-09-23,Synthetic/demo relationship; not a verified commercial contract.,SYNTHETIC_DEMO
SUP00886,PROD00202,MANUFACTURES,LOW,26.72,90,PROJECT_DEMO_EXPANSION,2026-09-23,Synthetic/demo relationship; not a verified commercial contract.,SYNTHETIC_DEMO
SUP00887,PROD00209,SUPPLIES,HIGH,3.85,45,PROJECT_DEMO_EXPANSION,2026-09-23,Synthetic/demo relationship; not a verified commercial contract.,SYNTHETIC_DEMO
SUP00888,PROD00216,MANUFACTURES,HIGH,6.72,21,PROJECT_DEMO_EXPANSION,2026-09-23,Synthetic/demo relationship; not a verified commercial contract.,SYNTHETIC_DEMO
SUP00889,PROD00223,MANUFACTURES,MEDIUM,7.22,21,PROJECT_DEMO_EXPANSION,2026-09-23,Synthetic/demo relationship; not a verified commercial contract.,SYNTHETIC_DEMO
SUP00890,PROD00230,DISTRIBUTES,MEDIUM,39.75,21,PROJECT_DEMO_EXPANSION,2026-09-23,Synthetic/demo relationship; not a verified commercial contract.,SYNTHETIC_DEMO
SUP00891,PROD00237,SUPPLIES,MEDIUM,22.14,21,PROJECT_DEMO_EXPANSION,2026-09-23,Synthetic/demo relationship; not a verified commercial contract.,SYNTHETIC_DEMO
SUP00892,PROD00244,SUPPLIES,MEDIUM,23.86,45,PROJECT_DEMO_EXPANSION,2026-09-23,Synthetic/demo relationship; not a verified commercial contract.,SYNTHETIC_DEMO
SUP00893,PROD00251,SUPPLIES,HIGH,10.38,21,PROJECT_DEMO_EXPANSION,2026-09-23,Synthetic/demo relationship; not a verified commercial contract.,SYNTHETIC_DEMO
SUP00894,PROD00258,SUPPLIES,MEDIUM,3.66,14,PROJECT_DEMO_EXPANSION,2026-09-23,Synthetic/demo relationship; not a verified commercial contract.,SYNTHETIC_DEMO
SUP00895,PROD00265,SUPPLIES,HIGH,39.8,45,PROJECT_DEMO_EXPANSION,2026-09-23,Synthetic/demo relationship; not a verified commercial contract.,SYNTHETIC_DEMO
SUP00896,PROD00272,SUPPLIES,MEDIUM,25.99,21,PROJECT_DEMO_EXPANSION,2026-09-23,Synthetic/demo relationship; not a verified commercial contract.,SYNTHETIC_DEMO
SUP00897,PROD00279,SUPPLIES,LOW,4.12,30,PROJECT_DEMO_EXPANSION,2026-09-23,Synthetic/demo relationship; not a verified commercial contract.,SYNTHETIC_DEMO
SUP00898,PROD00286,SUPPLIES,LOW,26.49,21,PROJECT_DEMO_EXPANSION,2026-09-23,Synthetic/demo relationship; not a verified commercial contract.,SYNTHETIC_DEMO
SUP00899,PROD00293,SUPPLIES,HIGH,8.85,90,PROJECT_DEMO_EXPANSION,2026-09-23,Synthetic/demo relationship; not a verified commercial contract.,SYNTHETIC_DEMO
SUP00900,PROD00300,SUPPLIES,HIGH,9.78,7,PROJECT_DEMO_EXPANSION,2026-09-23,Synthetic/demo relationship; not a verified commercial contract.,SYNTHETIC_DEMO
SUP00901,PROD00307,SUPPLIES,MEDIUM,20.13,14,PROJECT_DEMO_EXPANSION,2026-09-23,Synthetic/demo relationship; not a verified commercial contract.,SYNTHETIC_DEMO
SUP00902,PROD00314,MANUFACTURES,LOW,7.65,14,PROJECT_DEMO_EXPANSION,2026-09-23,Synthetic/demo relationship; not a verified commercial contract.,SYNTHETIC_DEMO
SUP00903,PROD00321,SUPPLIES,LOW,39.71,45,PROJECT_DEMO_EXPANSION,2026-09-23,Synthetic/demo relationship; not a verified commercial contract.,SYNTHETIC_DEMO
SUP00904,PROD00328,SUPPLIES,MEDIUM,13.0,7,PROJECT_DEMO_EXPANSION,2026-09-23,Synthetic/demo relationship; not a verified commercial contract.,SYNTHETIC_DEMO
SUP00905,PROD00335,DISTRIBUTES,MEDIUM,26.61,14,PROJECT_DEMO_EXPANSION,2026-09-23,Synthetic/demo relationship; not a verified commercial contract.,SYNTHETIC_DEMO
SUP00906,PROD00342,SUPPLIES,LOW,37.11,7,PROJECT_DEMO_EXPANSION,2026-09-23,Synthetic/demo relationship; not a verified commercial contract.,SYNTHETIC_DEMO
SUP00907,PROD00349,SUPPLIES,HIGH,31.57,45,PROJECT_DEMO_EXPANSION,2026-09-23,Synthetic/demo relationship; not a verified commercial contract.,SYNTHETIC_DEMO
SUP00908,PROD00356,MANUFACTURES,HIGH,21.78,45,PROJECT_DEMO_EXPANSION,2026-09-23,Synthetic/demo relationship; not a verified commercial contract.,SYNTHETIC_DEMO
SUP00909,PROD00363,MANUFACTURES,LOW,26.61,7,PROJECT_DEMO_EXPANSION,2026-09-23,Synthetic/demo relationship; not a verified commercial contract.,SYNTHETIC_DEMO
SUP00910,PROD00370,SUPPLIES,LOW,22.91,60,PROJECT_DEMO_EXPANSION,2026-09-23,Synthetic/demo relationship; not a verified commercial contract.,SYNTHETIC_DEMO
SUP00911,PROD00377,SUPPLIES,LOW,11.58,21,PROJECT_DEMO_EXPANSION,2026-09-23,Synthetic/demo relationship; not a verified commercial contract.,SYNTHETIC_DEMO
SUP00912,PROD00384,MANUFACTURES,HIGH,33.23,21,PROJECT_DEMO_EXPANSION,2026-09-23,Synthetic/demo relationship; not a verified commercial contract.,SYNTHETIC_DEMO
SUP00913,PROD00391,SUPPLIES,MEDIUM,5.6,45,PROJECT_DEMO_EXPANSION,2026-09-23,Synthetic/demo relationship; not a verified commercial contract.,SYNTHETIC_DEMO
SUP00914,PROD00398,SUPPLIES,LOW,7.58,21,PROJECT_DEMO_EXPANSION,2026-09-23,Synthetic/demo relationship; not a verified commercial contract.,SYNTHETIC_DEMO
SUP00915,PROD00405,SUPPLIES,HIGH,30.61,14,PROJECT_DEMO_EXPANSION,2026-09-23,Synthetic/demo relationship; not a verified commercial contract.,SYNTHETIC_DEMO
SUP00916,PROD00412,DISTRIBUTES,LOW,18.02,30,PROJECT_DEMO_EXPANSION,2026-09-23,Synthetic/demo relationship; not a verified commercial contract.,SYNTHETIC_DEMO
SUP00917,PROD00419,MANUFACTURES,LOW,19.62,60,PROJECT_DEMO_EXPANSION,2026-09-23,Synthetic/demo relationship; not a verified commercial contract.,SYNTHETIC_DEMO
SUP00918,PROD00426,DISTRIBUTES,LOW,1.69,7,PROJECT_DEMO_EXPANSION,2026-09-23,Synthetic/demo relationship; not a verified commercial contract.,SYNTHETIC_DEMO
SUP00919,PROD00433,MANUFACTURES,HIGH,9.53,30,PROJECT_DEMO_EXPANSION,2026-09-23,Synthetic/demo relationship; not a verified commercial contract.,SYNTHETIC_DEMO
SUP00920,PROD00440,MANUFACTURES,MEDIUM,8.3,30,PROJECT_DEMO_EXPANSION,2026-09-23,Synthetic/demo relationship; not a verified commercial contract.,SYNTHETIC_DEMO
SUP00921,PROD00447,DISTRIBUTES,LOW,16.41,45,PROJECT_DEMO_EXPANSION,2026-09-23,Synthetic/demo relationship; not a verified commercial contract.,SYNTHETIC_DEMO
SUP00922,PROD00454,SUPPLIES,HIGH,1.85,7,PROJECT_DEMO_EXPANSION,2026-09-23,Synthetic/demo relationship; not a verified commercial contract.,SYNTHETIC_DEMO
SUP00923,PROD00461,MANUFACTURES,MEDIUM,36.1,14,PROJECT_DEMO_EXPANSION,2026-09-23,Synthetic/demo relationship; not a verified commercial contract.,SYNTHETIC_DEMO
SUP00924,PROD00468,MANUFACTURES,LOW,14.14,7,PROJECT_DEMO_EXPANSION,2026-09-23,Synthetic/demo relationship; not a verified commercial contract.,SYNTHETIC_DEMO
SUP00925,PROD00475,SUPPLIES,LOW,16.82,7,PROJECT_DEMO_EXPANSION,2026-09-23,Synthetic/demo relationship; not a verified commercial contract.,SYNTHETIC_DEMO
SUP00926,PROD00482,DISTRIBUTES,LOW,28.05,14,PROJECT_DEMO_EXPANSION,2026-09-23,Synthetic/demo relationship; not a verified commercial contract.,SYNTHETIC_DEMO
SUP00927,PROD00489,MANUFACTURES,MEDIUM,33.85,30,PROJECT_DEMO_EXPANSION,2026-09-23,Synthetic/demo relationship; not a verified commercial contract.,SYNTHETIC_DEMO
SUP00928,PROD00496,SUPPLIES,MEDIUM,16.84,60,PROJECT_DEMO_EXPANSION,2026-09-23,Synthetic/demo relationship; not a verified commercial contract.,SYNTHETIC_DEMO
SUP00929,PROD00503,DISTRIBUTES,LOW,26.5,90,PROJECT_DEMO_EXPANSION,2026-09-23,Synthetic/demo relationship; not a verified commercial contract.,SYNTHETIC_DEMO
SUP00930,PROD00510,MANUFACTURES,HIGH,25.24,21,PROJECT_DEMO_EXPANSION,2026-09-23,Synthetic/demo relationship; not a verified commercial contract.,SYNTHETIC_DEMO
SUP00931,PROD00517,MANUFACTURES,MEDIUM,14.9,30,PROJECT_DEMO_EXPANSION,2026-09-23,Synthetic/demo relationship; not a verified commercial contract.,SYNTHETIC_DEMO
SUP00932,PROD00524,MANUFACTURES,HIGH,23.94,7,PROJECT_DEMO_EXPANSION,2026-09-23,Synthetic/demo relationship; not a verified commercial contract.,SYNTHETIC_DEMO
SUP00933,PROD00531,MANUFACTURES,MEDIUM,6.59,14,PROJECT_DEMO_EXPANSION,2026-09-23,Synthetic/demo relationship; not a verified commercial contract.,SYNTHETIC_DEMO
SUP00934,PROD00538,SUPPLIES,HIGH,6.75,7,PROJECT_DEMO_EXPANSION,2026-09-23,Synthetic/demo relationship; not a verified commercial contract.,SYNTHETIC_DEMO
SUP00935,PROD00545,SUPPLIES,HIGH,10.8,60,PROJECT_DEMO_EXPANSION,2026-09-23,Synthetic/demo relationship; not a verified commercial contract.,SYNTHETIC_DEMO
SUP00936,PROD00552,SUPPLIES,MEDIUM,20.92,30,PROJECT_DEMO_EXPANSION,2026-09-23,Synthetic/demo relationship; not a verified commercial contract.,SYNTHETIC_DEMO
SUP00937,PROD00559,SUPPLIES,LOW,13.86,21,PROJECT_DEMO_EXPANSION,2026-09-23,Synthetic/demo relationship; not a verified commercial contract.,SYNTHETIC_DEMO
SUP00938,PROD00566,DISTRIBUTES,LOW,27.1,7,PROJECT_DEMO_EXPANSION,2026-09-23,Synthetic/demo relationship; not a verified commercial contract.,SYNTHETIC_DEMO
SUP00939,PROD00573,SUPPLIES,MEDIUM,16.05,90,PROJECT_DEMO_EXPANSION,2026-09-23,Synthetic/demo relationship; not a verified commercial contract.,SYNTHETIC_DEMO
SUP00940,PROD00580,MANUFACTURES,HIGH,15.53,21,PROJECT_DEMO_EXPANSION,2026-09-23,Synthetic/demo relationship; not a verified commercial contract.,SYNTHETIC_DEMO
SUP00941,PROD00587,MANUFACTURES,LOW,13.33,60,PROJECT_DEMO_EXPANSION,2026-09-23,Synthetic/demo relationship; not a verified commercial contract.,SYNTHETIC_DEMO
SUP00942,PROD00594,MANUFACTURES,LOW,14.93,21,PROJECT_DEMO_EXPANSION,2026-09-23,Synthetic/demo relationship; not a verified commercial contract.,SYNTHETIC_DEMO
SUP00943,PROD00601,MANUFACTURES,LOW,2.87,60,PROJECT_DEMO_EXPANSION,2026-09-23,Synthetic/demo relationship; not a verified commercial contract.,SYNTHETIC_DEMO
SUP00944,PROD00608,SUPPLIES,HIGH,6.78,90,PROJECT_DEMO_EXPANSION,2026-09-23,Synthetic/demo relationship; not a verified commercial contract.,SYNTHETIC_DEMO
SUP00945,PROD00615,MANUFACTURES,HIGH,26.75,90,PROJECT_DEMO_EXPANSION,2026-09-23,Synthetic/demo relationship; not a verified commercial contract.,SYNTHETIC_DEMO
SUP00946,PROD00622,DISTRIBUTES,MEDIUM,38.23,14,PROJECT_DEMO_EXPANSION,2026-09-23,Synthetic/demo relationship; not a verified commercial contract.,SYNTHETIC_DEMO
SUP00947,PROD00629,MANUFACTURES,HIGH,29.84,45,PROJECT_DEMO_EXPANSION,2026-09-23,Synthetic/demo relationship; not a verified commercial contract.,SYNTHETIC_DEMO
SUP00948,PROD00636,MANUFACTURES,LOW,36.0,30,PROJECT_DEMO_EXPANSION,2026-09-23,Synthetic/demo relationship; not a verified commercial contract.,SYNTHETIC_DEMO
SUP00949,PROD00643,DISTRIBUTES,LOW,23.78,45,PROJECT_DEMO_EXPANSION,2026-09-23,Synthetic/demo relationship; not a verified commercial contract.,SYNTHETIC_DEMO
SUP00950,PROD00650,DISTRIBUTES,MEDIUM,31.9,90,PROJECT_DEMO_EXPANSION,2026-09-23,Synthetic/demo relationship; not a verified commercial contract.,SYNTHETIC_DEMO
SUP00951,PROD00657,DISTRIBUTES,LOW,28.09,60,PROJECT_DEMO_EXPANSION,2026-09-23,Synthetic/demo relationship; not a verified commercial contract.,SYNTHETIC_DEMO
SUP00952,PROD00664,SUPPLIES,MEDIUM,3.89,21,PROJECT_DEMO_EXPANSION,2026-09-23,Synthetic/demo relationship; not a verified commercial contract.,SYNTHETIC_DEMO
SUP00953,PROD00671,DISTRIBUTES,LOW,32.7,90,PROJECT_DEMO_EXPANSION,2026-09-23,Synthetic/demo relationship; not a verified commercial contract.,SYNTHETIC_DEMO
SUP00954,PROD00678,DISTRIBUTES,HIGH,21.95,21,PROJECT_DEMO_EXPANSION,2026-09-23,Synthetic/demo relationship; not a verified commercial contract.,SYNTHETIC_DEMO
SUP00955,PROD00685,MANUFACTURES,LOW,35.14,14,PROJECT_DEMO_EXPANSION,2026-09-23,Synthetic/demo relationship; not a verified commercial contract.,SYNTHETIC_DEMO
SUP00956,PROD00692,MANUFACTURES,MEDIUM,28.9,30,PROJECT_DEMO_EXPANSION,2026-09-23,Synthetic/demo relationship; not a verified commercial contract.,SYNTHETIC_DEMO
SUP00957,PROD00699,MANUFACTURES,MEDIUM,9.85,21,PROJECT_DEMO_EXPANSION,2026-09-23,Synthetic/demo relationship; not a verified commercial contract.,SYNTHETIC_DEMO
SUP00958,PROD00706,MANUFACTURES,LOW,7.9,60,PROJECT_DEMO_EXPANSION,2026-09-23,Synthetic/demo relationship; not a verified commercial contract.,SYNTHETIC_DEMO
SUP00959,PROD00713,SUPPLIES,HIGH,10.26,14,PROJECT_DEMO_EXPANSION,2026-09-23,Synthetic/demo relationship; not a verified commercial contract.,SYNTHETIC_DEMO
SUP00960,PROD00720,DISTRIBUTES,MEDIUM,12.71,14,PROJECT_DEMO_EXPANSION,2026-09-23,Synthetic/demo relationship; not a verified commercial contract.,SYNTHETIC_DEMO
SUP00961,PROD00727,DISTRIBUTES,HIGH,1.67,14,PROJECT_DEMO_EXPANSION,2026-09-23,Synthetic/demo relationship; not a verified commercial contract.,SYNTHETIC_DEMO
SUP00962,PROD00734,DISTRIBUTES,LOW,36.72,90,PROJECT_DEMO_EXPANSION,2026-09-23,Synthetic/demo relationship; not a verified commercial contract.,SYNTHETIC_DEMO
SUP00963,PROD00741,MANUFACTURES,HIGH,10.02,7,PROJECT_DEMO_EXPANSION,2026-09-23,Synthetic/demo relationship; not a verified commercial contract.,SYNTHETIC_DEMO
SUP00964,PROD00748,SUPPLIES,HIGH,15.09,60,PROJECT_DEMO_EXPANSION,2026-09-23,Synthetic/demo relationship; not a verified commercial contract.,SYNTHETIC_DEMO
SUP00965,PROD00755,DISTRIBUTES,LOW,37.82,90,PROJECT_DEMO_EXPANSION,2026-09-23,Synthetic/demo relationship; not a verified commercial contract.,SYNTHETIC_DEMO
SUP00966,PROD00762,SUPPLIES,LOW,4.23,30,PROJECT_DEMO_EXPANSION,2026-09-23,Synthetic/demo relationship; not a verified commercial contract.,SYNTHETIC_DEMO
SUP00967,PROD00769,MANUFACTURES,MEDIUM,28.63,30,PROJECT_DEMO_EXPANSION,2026-09-23,Synthetic/demo relationship; not a verified commercial contract.,SYNTHETIC_DEMO
SUP00968,PROD00776,SUPPLIES,LOW,7.14,7,PROJECT_DEMO_EXPANSION,2026-09-23,Synthetic/demo relationship; not a verified commercial contract.,SYNTHETIC_DEMO
SUP00969,PROD00783,DISTRIBUTES,LOW,7.01,90,PROJECT_DEMO_EXPANSION,2026-09-23,Synthetic/demo relationship; not a verified commercial contract.,SYNTHETIC_DEMO
SUP00970,PROD00790,SUPPLIES,MEDIUM,37.09,90,PROJECT_DEMO_EXPANSION,2026-09-23,Synthetic/demo relationship; not a verified commercial contract.,SYNTHETIC_DEMO
SUP00971,PROD00797,DISTRIBUTES,LOW,23.3,90,PROJECT_DEMO_EXPANSION,2026-09-23,Synthetic/demo relationship; not a verified commercial contract.,SYNTHETIC_DEMO
SUP00972,PROD00804,SUPPLIES,HIGH,34.27,14,PROJECT_DEMO_EXPANSION,2026-09-23,Synthetic/demo relationship; not a verified commercial contract.,SYNTHETIC_DEMO
SUP00973,PROD00811,SUPPLIES,LOW,6.71,90,PROJECT_DEMO_EXPANSION,2026-09-23,Synthetic/demo relationship; not a verified commercial contract.,SYNTHETIC_DEMO
SUP00974,PROD00818,DISTRIBUTES,LOW,33.32,45,PROJECT_DEMO_EXPANSION,2026-09-23,Synthetic/demo relationship; not a verified commercial contract.,SYNTHETIC_DEMO
SUP00975,PROD00825,MANUFACTURES,MEDIUM,36.13,90,PROJECT_DEMO_EXPANSION,2026-09-23,Synthetic/demo relationship; not a verified commercial contract.,SYNTHETIC_DEMO
SUP00976,PROD00832,MANUFACTURES,LOW,9.38,30,PROJECT_DEMO_EXPANSION,2026-09-23,Synthetic/demo relationship; not a verified commercial contract.,SYNTHETIC_DEMO
SUP00977,PROD00839,SUPPLIES,HIGH,1.21,60,PROJECT_DEMO_EXPANSION,2026-09-23,Synthetic/demo relationship; not a verified commercial contract.,SYNTHETIC_DEMO
SUP00978,PROD00846,DISTRIBUTES,LOW,13.71,7,PROJECT_DEMO_EXPANSION,2026-09-23,Synthetic/demo relationship; not a verified commercial contract.,SYNTHETIC_DEMO
SUP00979,PROD00853,SUPPLIES,MEDIUM,17.76,60,PROJECT_DEMO_EXPANSION,2026-09-23,Synthetic/demo relationship; not a verified commercial contract.,SYNTHETIC_DEMO
SUP00980,PROD00860,DISTRIBUTES,LOW,32.24,30,PROJECT_DEMO_EXPANSION,2026-09-23,Synthetic/demo relationship; not a verified commercial contract.,SYNTHETIC_DEMO
SUP00981,PROD00867,SUPPLIES,MEDIUM,37.87,14,PROJECT_DEMO_EXPANSION,2026-09-23,Synthetic/demo relationship; not a verified commercial contract.,SYNTHETIC_DEMO
SUP00982,PROD00874,MANUFACTURES,HIGH,19.88,14,PROJECT_DEMO_EXPANSION,2026-09-23,Synthetic/demo relationship; not a verified commercial contract.,SYNTHETIC_DEMO
SUP00983,PROD00881,MANUFACTURES,MEDIUM,21.67,30,PROJECT_DEMO_EXPANSION,2026-09-23,Synthetic/demo relationship; not a verified commercial contract.,SYNTHETIC_DEMO
SUP00984,PROD00888,DISTRIBUTES,MEDIUM,38.38,14,PROJECT_DEMO_EXPANSION,2026-09-23,Synthetic/demo relationship; not a verified commercial contract.,SYNTHETIC_DEMO
SUP00985,PROD00895,MANUFACTURES,HIGH,8.69,21,PROJECT_DEMO_EXPANSION,2026-09-23,Synthetic/demo relationship; not a verified commercial contract.,SYNTHETIC_DEMO
SUP00986,PROD00902,DISTRIBUTES,HIGH,14.79,14,PROJECT_DEMO_EXPANSION,2026-09-23,Synthetic/demo relationship; not a verified commercial contract.,SYNTHETIC_DEMO
SUP00987,PROD00909,MANUFACTURES,MEDIUM,8.4,45,PROJECT_DEMO_EXPANSION,2026-09-23,Synthetic/demo relationship; not a verified commercial contract.,SYNTHETIC_DEMO
SUP00988,PROD00916,DISTRIBUTES,HIGH,23.67,14,PROJECT_DEMO_EXPANSION,2026-09-23,Synthetic/demo relationship; not a verified commercial contract.,SYNTHETIC_DEMO
SUP00989,PROD00923,SUPPLIES,HIGH,23.52,60,PROJECT_DEMO_EXPANSION,2026-09-23,Synthetic/demo relationship; not a verified commercial contract.,SYNTHETIC_DEMO
SUP00990,PROD00930,MANUFACTURES,MEDIUM,32.1,30,PROJECT_DEMO_EXPANSION,2026-09-23,Synthetic/demo relationship; not a verified commercial contract.,SYNTHETIC_DEMO
SUP00991,PROD00937,MANUFACTURES,LOW,16.76,90,PROJECT_DEMO_EXPANSION,2026-09-23,Synthetic/demo relationship; not a verified commercial contract.,SYNTHETIC_DEMO
SUP00992,PROD00944,DISTRIBUTES,LOW,17.73,30,PROJECT_DEMO_EXPANSION,2026-09-23,Synthetic/demo relationship; not a verified commercial contract.,SYNTHETIC_DEMO
SUP00993,PROD00951,DISTRIBUTES,HIGH,4.6,7,PROJECT_DEMO_EXPANSION,2026-09-23,Synthetic/demo relationship; not a verified commercial contract.,SYNTHETIC_DEMO
SUP00994,PROD00958,SUPPLIES,MEDIUM,31.1,7,PROJECT_DEMO_EXPANSION,2026-09-23,Synthetic/demo relationship; not a verified commercial contract.,SYNTHETIC_DEMO
SUP00995,PROD00965,MANUFACTURES,LOW,27.35,21,PROJECT_DEMO_EXPANSION,2026-09-23,Synthetic/demo relationship; not a verified commercial contract.,SYNTHETIC_DEMO
SUP00996,PROD00972,MANUFACTURES,LOW,17.48,45,PROJECT_DEMO_EXPANSION,2026-09-23,Synthetic/demo relationship; not a verified commercial contract.,SYNTHETIC_DEMO
SUP00997,PROD00979,MANUFACTURES,LOW,26.17,21,PROJECT_DEMO_EXPANSION,2026-09-23,Synthetic/demo relationship; not a verified commercial contract.,SYNTHETIC_DEMO
SUP00998,PROD00986,SUPPLIES,LOW,38.84,60,PROJECT_DEMO_EXPANSION,2026-09-23,Synthetic/demo relationship; not a verified commercial contract.,SYNTHETIC_DEMO
SUP00999,PROD00993,DISTRIBUTES,MEDIUM,19.41,14,PROJECT_DEMO_EXPANSION,2026-09-23,Synthetic/demo relationship; not a verified commercial contract.,SYNTHETIC_DEMO
SUP01000,PROD01000,MANUFACTURES,HIGH,22.33,14,PROJECT_DEMO_EXPANSION,2026-09-23,Synthetic/demo relationship; not a verified commercial contract.,SYNTHETIC_DEMO
