supplier_id,supplier_name,country,state,city,latitude,longitude,supplier_type,industry,tier,criticality,single_source,status,source,source_date,evidence,data_status
SUP00001,Apparel Supplier 0001,India,Maharashtra,Mumbai,15.137,79.431,Distributor,Apparel,Tier-1,HIGH,UNKNOWN,ACTIVE,PROJECT_DEMO_EXPANSION,2026-09-23,Synthetic/demo record; not a claim about a real company.,SYNTHETIC_DEMO
SUP00002,Electronics Supplier 0002,India,Karnataka,Bengaluru,22.274,90.862,Distributor,Electronics,Tier-2,HIGH,UNKNOWN,ACTIVE,PROJECT_DEMO_EXPANSION,2026-09-23,Synthetic/demo record; not a claim about a real company.,SYNTHETIC_DEMO
SUP00003,Automotive Supplier 0003,India,Uttar Pradesh,Noida,29.411,73.293,Distributor,Automotive,Tier-3,HIGH,UNKNOWN,ACTIVE,PROJECT_DEMO_EXPANSION,2026-09-23,Synthetic/demo record; not a claim about a real company.,SYNTHETIC_DEMO
SUP00004,Pharma Supplier 0004,India,Haryana,Gurugram,8.548,84.724,Distributor,Pharma,Tier-1,LOW,UNKNOWN,ACTIVE,PROJECT_DEMO_EXPANSION,2026-09-23,Synthetic/demo record; not a claim about a real company.,SYNTHETIC_DEMO
SUP00005,Chemicals Supplier 0005,India,Tamil Nadu,Chennai,15.685,96.155,Service Provider,Chemicals,Tier-2,LOW,UNKNOWN,ACTIVE,PROJECT_DEMO_EXPANSION,2026-09-23,Synthetic/demo record; not a claim about a real company.,SYNTHETIC_DEMO
SUP00006,Food Supplier 0006,India,Telangana,Hyderabad,22.822,78.586,Service Provider,Food,Tier-1,LOW,UNKNOWN,ACTIVE,PROJECT_DEMO_EXPANSION,2026-09-23,Synthetic/demo record; not a claim about a real company.,SYNTHETIC_DEMO
SUP00007,Semiconductors Supplier 0007,India,Maharashtra,Pune,29.959,90.017,Distributor,Semiconductors,Tier-1,MEDIUM,UNKNOWN,ACTIVE,PROJECT_DEMO_EXPANSION,2026-09-23,Synthetic/demo record; not a claim about a real company.,SYNTHETIC_DEMO
SUP00008,Logistics Supplier 0008,Bangladesh,Dhaka,Dhaka,9.096,72.448,Contract Manufacturer,Logistics,Tier-3,LOW,UNKNOWN,UNKNOWN,PROJECT_DEMO_EXPANSION,2026-09-23,Synthetic/demo record; not a claim about a real company.,SYNTHETIC_DEMO
SUP00009,Industrial Equipment Supplier 0009,Vietnam,Ho Chi Minh,Ho Chi Minh City,16.233,83.879,Distributor,Industrial Equipment,Tier-1,HIGH,UNKNOWN,ACTIVE,PROJECT_DEMO_EXPANSION,2026-09-23,Synthetic/demo record; not a claim about a real company.,SYNTHETIC_DEMO
SUP00010,Packaging Supplier 0010,China,Guangdong,Shenzhen,23.37,95.31,Manufacturer,Packaging,Tier-3,MEDIUM,UNKNOWN,UNKNOWN,PROJECT_DEMO_EXPANSION,2026-09-23,Synthetic/demo record; not a claim about a real company.,SYNTHETIC_DEMO
SUP00011,Apparel Supplier 0011,Taiwan,Hsinchu,Hsinchu,30.507,77.741,Service Provider,Apparel,Tier-2,UNKNOWN,UNKNOWN,UNKNOWN,PROJECT_DEMO_EXPANSION,2026-09-23,Synthetic/demo record; not a claim about a real company.,SYNTHETIC_DEMO
SUP00012,Electronics Supplier 0012,Japan,Tokyo,Tokyo,9.644,89.172,Manufacturer,Electronics,Tier-2,UNKNOWN,UNKNOWN,ACTIVE,PROJECT_DEMO_EXPANSION,2026-09-23,Synthetic/demo record; not a claim about a real company.,SYNTHETIC_DEMO
SUP00013,Automotive Supplier 0013,Germany,Bavaria,Munich,16.781,71.603,Manufacturer,Automotive,Tier-3,HIGH,UNKNOWN,UNKNOWN,PROJECT_DEMO_EXPANSION,2026-09-23,Synthetic/demo record; not a claim about a real company.,SYNTHETIC_DEMO
SUP00014,Pharma Supplier 0014,USA,Texas,Austin,23.918,83.034,Manufacturer,Pharma,Tier-1,UNKNOWN,UNKNOWN,UNKNOWN,PROJECT_DEMO_EXPANSION,2026-09-23,Synthetic/demo record; not a claim about a real company.,SYNTHETIC_DEMO
SUP00015,Chemicals Supplier 0015,Mexico,Nuevo Leon,Monterrey,31.055,94.465,Contract Manufacturer,Chemicals,Tier-2,UNKNOWN,UNKNOWN,ACTIVE,PROJECT_DEMO_EXPANSION,2026-09-23,Synthetic/demo record; not a claim about a real company.,SYNTHETIC_DEMO
SUP00016,Food Supplier 0016,India,Maharashtra,Mumbai,10.192,76.896,Distributor,Food,Tier-3,MEDIUM,UNKNOWN,ACTIVE,PROJECT_DEMO_EXPANSION,2026-09-23,Synthetic/demo record; not a claim about a real company.,SYNTHETIC_DEMO
SUP00017,Semiconductors Supplier 0017,India,Karnataka,Bengaluru,17.329,88.327,Contract Manufacturer,Semiconductors,Tier-1,LOW,UNKNOWN,ACTIVE,PROJECT_DEMO_EXPANSION,2026-09-23,Synthetic/demo record; not a claim about a real company.,SYNTHETIC_DEMO
SUP00018,Logistics Supplier 0018,India,Uttar Pradesh,Noida,24.466,70.758,Manufacturer,Logistics,Tier-3,MEDIUM,UNKNOWN,ACTIVE,PROJECT_DEMO_EXPANSION,2026-09-23,Synthetic/demo record; not a claim about a real company.,SYNTHETIC_DEMO
SUP00019,Industrial Equipment Supplier 0019,India,Haryana,Gurugram,31.603,82.189,Contract Manufacturer,Industrial Equipment,Tier-3,UNKNOWN,UNKNOWN,ACTIVE,PROJECT_DEMO_EXPANSION,2026-09-23,Synthetic/demo record; not a claim about a real company.,SYNTHETIC_DEMO
SUP00020,Packaging Supplier 0020,India,Tamil Nadu,Chennai,10.74,93.62,Service Provider,Packaging,Tier-3,MEDIUM,UNKNOWN,ACTIVE,PROJECT_DEMO_EXPANSION,2026-09-23,Synthetic/demo record; not a claim about a real company.,SYNTHETIC_DEMO
SUP00021,Apparel Supplier 0021,India,Telangana,Hyderabad,17.877,76.051,Service Provider,Apparel,Tier-3,UNKNOWN,UNKNOWN,ACTIVE,PROJECT_DEMO_EXPANSION,2026-09-23,Synthetic/demo record; not a claim about a real company.,SYNTHETIC_DEMO
SUP00022,Electronics Supplier 0022,India,Maharashtra,Pune,25.014,87.482,Service Provider,Electronics,Tier-3,HIGH,UNKNOWN,ACTIVE,PROJECT_DEMO_EXPANSION,2026-09-23,Synthetic/demo record; not a claim about a real company.,SYNTHETIC_DEMO
SUP00023,Automotive Supplier 0023,Bangladesh,Dhaka,Dhaka,32.151,69.913,Distributor,Automotive,Tier-3,UNKNOWN,UNKNOWN,ACTIVE,PROJECT_DEMO_EXPANSION,2026-09-23,Synthetic/demo record; not a claim about a real company.,SYNTHETIC_DEMO
SUP00024,Pharma Supplier 0024,Vietnam,Ho Chi Minh,Ho Chi Minh City,11.288,81.344,Service Provider,Pharma,Tier-3,LOW,UNKNOWN,ACTIVE,PROJECT_DEMO_EXPANSION,2026-09-23,Synthetic/demo record; not a claim about a real company.,SYNTHETIC_DEMO
SUP00025,Chemicals Supplier 0025,China,Guangdong,Shenzhen,18.425,92.775,Manufacturer,Chemicals,Tier-3,HIGH,UNKNOWN,UNKNOWN,PROJECT_DEMO_EXPANSION,2026-09-23,Synthetic/demo record; not a claim about a real company.,SYNTHETIC_DEMO
SUP00026,Food Supplier 0026,Taiwan,Hsinchu,Hsinchu,25.562,75.206,Service Provider,Food,Tier-1,UNKNOWN,UNKNOWN,UNKNOWN,PROJECT_DEMO_EXPANSION,2026-09-23,Synthetic/demo record; not a claim about a real company.,SYNTHETIC_DEMO
SUP00027,Semiconductors Supplier 0027,Japan,Tokyo,Tokyo,32.699,86.637,Manufacturer,Semiconductors,Tier-1,HIGH,UNKNOWN,ACTIVE,PROJECT_DEMO_EXPANSION,2026-09-23,Synthetic/demo record; not a claim about a real company.,SYNTHETIC_DEMO
SUP00028,Logistics Supplier 0028,Germany,Bavaria,Munich,11.836,69.068,Service Provider,Logistics,Tier-1,MEDIUM,UNKNOWN,ACTIVE,PROJECT_DEMO_EXPANSION,2026-09-23,Synthetic/demo record; not a claim about a real company.,SYNTHETIC_DEMO
SUP00029,Industrial Equipment Supplier 0029,USA,Texas,Austin,18.973,80.499,Manufacturer,Industrial Equipment,Tier-1,UNKNOWN,UNKNOWN,ACTIVE,PROJECT_DEMO_EXPANSION,2026-09-23,Synthetic/demo record; not a claim about a real company.,SYNTHETIC_DEMO
SUP00030,Packaging Supplier 0030,Mexico,Nuevo Leon,Monterrey,26.11,91.93,Service Provider,Packaging,Tier-2,UNKNOWN,UNKNOWN,ACTIVE,PROJECT_DEMO_EXPANSION,2026-09-23,Synthetic/demo record; not a claim about a real company.,SYNTHETIC_DEMO
SUP00031,Apparel Supplier 0031,India,Maharashtra,Mumbai,33.247,74.361,Contract Manufacturer,Apparel,Tier-3,LOW,UNKNOWN,UNKNOWN,PROJECT_DEMO_EXPANSION,2026-09-23,Synthetic/demo record; not a claim about a real company.,SYNTHETIC_DEMO
SUP00032,Electronics Supplier 0032,India,Karnataka,Bengaluru,12.384,85.792,Distributor,Electronics,Tier-3,LOW,UNKNOWN,ACTIVE,PROJECT_DEMO_EXPANSION,2026-09-23,Synthetic/demo record; not a claim about a real company.,SYNTHETIC_DEMO
SUP00033,Automotive Supplier 0033,India,Uttar Pradesh,Noida,19.521,68.223,Service Provider,Automotive,Tier-1,MEDIUM,UNKNOWN,ACTIVE,PROJECT_DEMO_EXPANSION,2026-09-23,Synthetic/demo record; not a claim about a real company.,SYNTHETIC_DEMO
SUP00034,Pharma Supplier 0034,India,Haryana,Gurugram,26.658,79.654,Service Provider,Pharma,Tier-1,HIGH,UNKNOWN,ACTIVE,PROJECT_DEMO_EXPANSION,2026-09-23,Synthetic/demo record; not a claim about a real company.,SYNTHETIC_DEMO
SUP00035,Chemicals Supplier 0035,India,Tamil Nadu,Chennai,33.795,91.085,Service Provider,Chemicals,Tier-2,MEDIUM,UNKNOWN,ACTIVE,PROJECT_DEMO_EXPANSION,2026-09-23,Synthetic/demo record; not a claim about a real company.,SYNTHETIC_DEMO
SUP00036,Food Supplier 0036,India,Telangana,Hyderabad,12.932,73.516,Service Provider,Food,Tier-1,UNKNOWN,UNKNOWN,ACTIVE,PROJECT_DEMO_EXPANSION,2026-09-23,Synthetic/demo record; not a claim about a real company.,SYNTHETIC_DEMO
SUP00037,Semiconductors Supplier 0037,India,Maharashtra,Pune,20.069,84.947,Manufacturer,Semiconductors,Tier-3,HIGH,UNKNOWN,UNKNOWN,PROJECT_DEMO_EXPANSION,2026-09-23,Synthetic/demo record; not a claim about a real company.,SYNTHETIC_DEMO
SUP00038,Logistics Supplier 0038,Bangladesh,Dhaka,Dhaka,27.206,96.378,Distributor,Logistics,Tier-1,MEDIUM,UNKNOWN,ACTIVE,PROJECT_DEMO_EXPANSION,2026-09-23,Synthetic/demo record; not a claim about a real company.,SYNTHETIC_DEMO
SUP00039,Industrial Equipment Supplier 0039,Vietnam,Ho Chi Minh,Ho Chi Minh City,34.343,78.809,Distributor,Industrial Equipment,Tier-1,MEDIUM,UNKNOWN,ACTIVE,PROJECT_DEMO_EXPANSION,2026-09-23,Synthetic/demo record; not a claim about a real company.,SYNTHETIC_DEMO
SUP00040,Packaging Supplier 0040,China,Guangdong,Shenzhen,13.48,90.24,Service Provider,Packaging,Tier-2,HIGH,UNKNOWN,ACTIVE,PROJECT_DEMO_EXPANSION,2026-09-23,Synthetic/demo record; not a claim about a real company.,SYNTHETIC_DEMO
SUP00041,Apparel Supplier 0041,Taiwan,Hsinchu,Hsinchu,20.617,72.671,Manufacturer,Apparel,Tier-2,UNKNOWN,UNKNOWN,ACTIVE,PROJECT_DEMO_EXPANSION,2026-09-23,Synthetic/demo record; not a claim about a real company.,SYNTHETIC_DEMO
SUP00042,Electronics Supplier 0042,Japan,Tokyo,Tokyo,27.754,84.102,Manufacturer,Electronics,Tier-2,UNKNOWN,UNKNOWN,ACTIVE,PROJECT_DEMO_EXPANSION,2026-09-23,Synthetic/demo record; not a claim about a real company.,SYNTHETIC_DEMO
SUP00043,Automotive Supplier 0043,Germany,Bavaria,Munich,34.891,95.533,Distributor,Automotive,Tier-2,LOW,UNKNOWN,ACTIVE,PROJECT_DEMO_EXPANSION,2026-09-23,Synthetic/demo record; not a claim about a real company.,SYNTHETIC_DEMO
SUP00044,Pharma Supplier 0044,USA,Texas,Austin,14.028,77.964,Contract Manufacturer,Pharma,Tier-3,UNKNOWN,UNKNOWN,UNKNOWN,PROJECT_DEMO_EXPANSION,2026-09-23,Synthetic/demo record; not a claim about a real company.,SYNTHETIC_DEMO
SUP00045,Chemicals Supplier 0045,Mexico,Nuevo Leon,Monterrey,21.165,89.395,Manufacturer,Chemicals,Tier-2,HIGH,UNKNOWN,UNKNOWN,PROJECT_DEMO_EXPANSION,2026-09-23,Synthetic/demo record; not a claim about a real company.,SYNTHETIC_DEMO
SUP00046,Food Supplier 0046,India,Maharashtra,Mumbai,28.302,71.826,Service Provider,Food,Tier-1,LOW,UNKNOWN,ACTIVE,PROJECT_DEMO_EXPANSION,2026-09-23,Synthetic/demo record; not a claim about a real company.,SYNTHETIC_DEMO
SUP00047,Semiconductors Supplier 0047,India,Karnataka,Bengaluru,35.439,83.257,Contract Manufacturer,Semiconductors,Tier-2,HIGH,UNKNOWN,ACTIVE,PROJECT_DEMO_EXPANSION,2026-09-23,Synthetic/demo record; not a claim about a real company.,SYNTHETIC_DEMO
SUP00048,Logistics Supplier 0048,India,Uttar Pradesh,Noida,14.576,94.688,Contract Manufacturer,Logistics,Tier-2,UNKNOWN,UNKNOWN,ACTIVE,PROJECT_DEMO_EXPANSION,2026-09-23,Synthetic/demo record; not a claim about a real company.,SYNTHETIC_DEMO
SUP00049,Industrial Equipment Supplier 0049,India,Haryana,Gurugram,21.713,77.119,Service Provider,Industrial Equipment,Tier-2,LOW,UNKNOWN,ACTIVE,PROJECT_DEMO_EXPANSION,2026-09-23,Synthetic/demo record; not a claim about a real company.,SYNTHETIC_DEMO
SUP00050,Packaging Supplier 0050,India,Tamil Nadu,Chennai,28.85,88.55,Manufacturer,Packaging,Tier-3,HIGH,UNKNOWN,ACTIVE,PROJECT_DEMO_EXPANSION,2026-09-23,Synthetic/demo record; not a claim about a real company.,SYNTHETIC_DEMO
SUP00051,Apparel Supplier 0051,India,Telangana,Hyderabad,35.987,70.981,Manufacturer,Apparel,Tier-3,MEDIUM,UNKNOWN,UNKNOWN,PROJECT_DEMO_EXPANSION,2026-09-23,Synthetic/demo record; not a claim about a real company.,SYNTHETIC_DEMO
SUP00052,Electronics Supplier 0052,India,Maharashtra,Pune,15.124,82.412,Contract Manufacturer,Electronics,Tier-1,UNKNOWN,UNKNOWN,ACTIVE,PROJECT_DEMO_EXPANSION,2026-09-23,Synthetic/demo record; not a claim about a real company.,SYNTHETIC_DEMO
SUP00053,Automotive Supplier 0053,Bangladesh,Dhaka,Dhaka,22.261,93.843,Manufacturer,Automotive,Tier-2,HIGH,UNKNOWN,ACTIVE,PROJECT_DEMO_EXPANSION,2026-09-23,Synthetic/demo record; not a claim about a real company.,SYNTHETIC_DEMO
SUP00054,Pharma Supplier 0054,Vietnam,Ho Chi Minh,Ho Chi Minh City,29.398,76.274,Distributor,Pharma,Tier-2,HIGH,UNKNOWN,ACTIVE,PROJECT_DEMO_EXPANSION,2026-09-23,Synthetic/demo record; not a claim about a real company.,SYNTHETIC_DEMO
SUP00055,Chemicals Supplier 0055,China,Guangdong,Shenzhen,8.535,87.705,Contract Manufacturer,Chemicals,Tier-2,UNKNOWN,UNKNOWN,ACTIVE,PROJECT_DEMO_EXPANSION,2026-09-23,Synthetic/demo record; not a claim about a real company.,SYNTHETIC_DEMO
SUP00056,Food Supplier 0056,Taiwan,Hsinchu,Hsinchu,15.672,70.136,Manufacturer,Food,Tier-3,UNKNOWN,UNKNOWN,ACTIVE,PROJECT_DEMO_EXPANSION,2026-09-23,Synthetic/demo record; not a claim about a real company.,SYNTHETIC_DEMO
SUP00057,Semiconductors Supplier 0057,Japan,Tokyo,Tokyo,22.809,81.567,Service Provider,Semiconductors,Tier-1,HIGH,UNKNOWN,UNKNOWN,PROJECT_DEMO_EXPANSION,2026-09-23,Synthetic/demo record; not a claim about a real company.,SYNTHETIC_DEMO
SUP00058,Logistics Supplier 0058,Germany,Bavaria,Munich,29.946,92.998,Contract Manufacturer,Logistics,Tier-3,UNKNOWN,UNKNOWN,ACTIVE,PROJECT_DEMO_EXPANSION,2026-09-23,Synthetic/demo record; not a claim about a real company.,SYNTHETIC_DEMO
SUP00059,Industrial Equipment Supplier 0059,USA,Texas,Austin,9.083,75.429,Manufacturer,Industrial Equipment,Tier-1,MEDIUM,UNKNOWN,ACTIVE,PROJECT_DEMO_EXPANSION,2026-09-23,Synthetic/demo record; not a claim about a real company.,SYNTHETIC_DEMO
SUP00060,Packaging Supplier 0060,Mexico,Nuevo Leon,Monterrey,16.22,86.86,Contract Manufacturer,Packaging,Tier-1,MEDIUM,UNKNOWN,ACTIVE,PROJECT_DEMO_EXPANSION,2026-09-23,Synthetic/demo record; not a claim about a real company.,SYNTHETIC_DEMO
SUP00061,Apparel Supplier 0061,India,Maharashtra,Mumbai,23.357,69.291,Distributor,Apparel,Tier-2,MEDIUM,UNKNOWN,ACTIVE,PROJECT_DEMO_EXPANSION,2026-09-23,Synthetic/demo record; not a claim about a real company.,SYNTHETIC_DEMO
SUP00062,Electronics Supplier 0062,India,Karnataka,Bengaluru,30.494,80.722,Distributor,Electronics,Tier-3,UNKNOWN,UNKNOWN,ACTIVE,PROJECT_DEMO_EXPANSION,2026-09-23,Synthetic/demo record; not a claim about a real company.,SYNTHETIC_DEMO
SUP00063,Automotive Supplier 0063,India,Uttar Pradesh,Noida,9.631,92.153,Service Provider,Automotive,Tier-3,HIGH,UNKNOWN,ACTIVE,PROJECT_DEMO_EXPANSION,2026-09-23,Synthetic/demo record; not a claim about a real company.,SYNTHETIC_DEMO
SUP00064,Pharma Supplier 0064,India,Haryana,Gurugram,16.768,74.584,Distributor,Pharma,Tier-2,HIGH,UNKNOWN,ACTIVE,PROJECT_DEMO_EXPANSION,2026-09-23,Synthetic/demo record; not a claim about a real company.,SYNTHETIC_DEMO
SUP00065,Chemicals Supplier 0065,India,Tamil Nadu,Chennai,23.905,86.015,Contract Manufacturer,Chemicals,Tier-1,HIGH,UNKNOWN,ACTIVE,PROJECT_DEMO_EXPANSION,2026-09-23,Synthetic/demo record; not a claim about a real company.,SYNTHETIC_DEMO
SUP00066,Food Supplier 0066,India,Telangana,Hyderabad,31.042,68.446,Service Provider,Food,Tier-1,MEDIUM,UNKNOWN,ACTIVE,PROJECT_DEMO_EXPANSION,2026-09-23,Synthetic/demo record; not a claim about a real company.,SYNTHETIC_DEMO
SUP00067,Semiconductors Supplier 0067,India,Maharashtra,Pune,10.179,79.877,Manufacturer,Semiconductors,Tier-2,MEDIUM,UNKNOWN,ACTIVE,PROJECT_DEMO_EXPANSION,2026-09-23,Synthetic/demo record; not a claim about a real company.,SYNTHETIC_DEMO
SUP00068,Logistics Supplier 0068,Bangladesh,Dhaka,Dhaka,17.316,91.308,Contract Manufacturer,Logistics,Tier-1,HIGH,UNKNOWN,UNKNOWN,PROJECT_DEMO_EXPANSION,2026-09-23,Synthetic/demo record; not a claim about a real company.,SYNTHETIC_DEMO
SUP00069,Industrial Equipment Supplier 0069,Vietnam,Ho Chi Minh,Ho Chi Minh City,24.453,73.739,Service Provider,Industrial Equipment,Tier-1,HIGH,UNKNOWN,ACTIVE,PROJECT_DEMO_EXPANSION,2026-09-23,Synthetic/demo record; not a claim about a real company.,SYNTHETIC_DEMO
SUP00070,Packaging Supplier 0070,China,Guangdong,Shenzhen,31.59,85.17,Manufacturer,Packaging,Tier-2,UNKNOWN,UNKNOWN,ACTIVE,PROJECT_DEMO_EXPANSION,2026-09-23,Synthetic/demo record; not a claim about a real company.,SYNTHETIC_DEMO
SUP00071,Apparel Supplier 0071,Taiwan,Hsinchu,Hsinchu,10.727,96.601,Service Provider,Apparel,Tier-3,LOW,UNKNOWN,UNKNOWN,PROJECT_DEMO_EXPANSION,2026-09-23,Synthetic/demo record; not a claim about a real company.,SYNTHETIC_DEMO
SUP00072,Electronics Supplier 0072,Japan,Tokyo,Tokyo,17.864,79.032,Service Provider,Electronics,Tier-1,UNKNOWN,UNKNOWN,ACTIVE,PROJECT_DEMO_EXPANSION,2026-09-23,Synthetic/demo record; not a claim about a real company.,SYNTHETIC_DEMO
SUP00073,Automotive Supplier 0073,Germany,Bavaria,Munich,25.001,90.463,Distributor,Automotive,Tier-1,MEDIUM,UNKNOWN,UNKNOWN,PROJECT_DEMO_EXPANSION,2026-09-23,Synthetic/demo record; not a claim about a real company.,SYNTHETIC_DEMO
SUP00074,Pharma Supplier 0074,USA,Texas,Austin,32.138,72.894,Contract Manufacturer,Pharma,Tier-3,HIGH,UNKNOWN,ACTIVE,PROJECT_DEMO_EXPANSION,2026-09-23,Synthetic/demo record; not a claim about a real company.,SYNTHETIC_DEMO
SUP00075,Chemicals Supplier 0075,Mexico,Nuevo Leon,Monterrey,11.275,84.325,Manufacturer,Chemicals,Tier-1,MEDIUM,UNKNOWN,ACTIVE,PROJECT_DEMO_EXPANSION,2026-09-23,Synthetic/demo record; not a claim about a real company.,SYNTHETIC_DEMO
SUP00076,Food Supplier 0076,India,Maharashtra,Mumbai,18.412,95.756,Distributor,Food,Tier-3,LOW,UNKNOWN,ACTIVE,PROJECT_DEMO_EXPANSION,2026-09-23,Synthetic/demo record; not a claim about a real company.,SYNTHETIC_DEMO
SUP00077,Semiconductors Supplier 0077,India,Karnataka,Bengaluru,25.549,78.187,Manufacturer,Semiconductors,Tier-1,MEDIUM,UNKNOWN,ACTIVE,PROJECT_DEMO_EXPANSION,2026-09-23,Synthetic/demo record; not a claim about a real company.,SYNTHETIC_DEMO
SUP00078,Logistics Supplier 0078,India,Uttar Pradesh,Noida,32.686,89.618,Distributor,Logistics,Tier-2,MEDIUM,UNKNOWN,ACTIVE,PROJECT_DEMO_EXPANSION,2026-09-23,Synthetic/demo record; not a claim about a real company.,SYNTHETIC_DEMO
SUP00079,Industrial Equipment Supplier 0079,India,Haryana,Gurugram,11.823,72.049,Manufacturer,Industrial Equipment,Tier-2,UNKNOWN,UNKNOWN,ACTIVE,PROJECT_DEMO_EXPANSION,2026-09-23,Synthetic/demo record; not a claim about a real company.,SYNTHETIC_DEMO
SUP00080,Packaging Supplier 0080,India,Tamil Nadu,Chennai,18.96,83.48,Contract Manufacturer,Packaging,Tier-3,LOW,UNKNOWN,UNKNOWN,PROJECT_DEMO_EXPANSION,2026-09-23,Synthetic/demo record; not a claim about a real company.,SYNTHETIC_DEMO
SUP00081,Apparel Supplier 0081,India,Telangana,Hyderabad,26.097,94.911,Service Provider,Apparel,Tier-2,HIGH,UNKNOWN,UNKNOWN,PROJECT_DEMO_EXPANSION,2026-09-23,Synthetic/demo record; not a claim about a real company.,SYNTHETIC_DEMO
SUP00082,Electronics Supplier 0082,India,Maharashtra,Pune,33.234,77.342,Distributor,Electronics,Tier-2,LOW,UNKNOWN,ACTIVE,PROJECT_DEMO_EXPANSION,2026-09-23,Synthetic/demo record; not a claim about a real company.,SYNTHETIC_DEMO
SUP00083,Automotive Supplier 0083,Bangladesh,Dhaka,Dhaka,12.371,88.773,Service Provider,Automotive,Tier-2,HIGH,UNKNOWN,ACTIVE,PROJECT_DEMO_EXPANSION,2026-09-23,Synthetic/demo record; not a claim about a real company.,SYNTHETIC_DEMO
SUP00084,Pharma Supplier 0084,Vietnam,Ho Chi Minh,Ho Chi Minh City,19.508,71.204,Distributor,Pharma,Tier-3,UNKNOWN,UNKNOWN,ACTIVE,PROJECT_DEMO_EXPANSION,2026-09-23,Synthetic/demo record; not a claim about a real company.,SYNTHETIC_DEMO
SUP00085,Chemicals Supplier 0085,China,Guangdong,Shenzhen,26.645,82.635,Contract Manufacturer,Chemicals,Tier-3,HIGH,UNKNOWN,ACTIVE,PROJECT_DEMO_EXPANSION,2026-09-23,Synthetic/demo record; not a claim about a real company.,SYNTHETIC_DEMO
SUP00086,Food Supplier 0086,Taiwan,Hsinchu,Hsinchu,33.782,94.066,Service Provider,Food,Tier-3,LOW,UNKNOWN,ACTIVE,PROJECT_DEMO_EXPANSION,2026-09-23,Synthetic/demo record; not a claim about a real company.,SYNTHETIC_DEMO
SUP00087,Semiconductors Supplier 0087,Japan,Tokyo,Tokyo,12.919,76.497,Contract Manufacturer,Semiconductors,Tier-3,MEDIUM,UNKNOWN,UNKNOWN,PROJECT_DEMO_EXPANSION,2026-09-23,Synthetic/demo record; not a claim about a real company.,SYNTHETIC_DEMO
SUP00088,Logistics Supplier 0088,Germany,Bavaria,Munich,20.056,87.928,Manufacturer,Logistics,Tier-1,UNKNOWN,UNKNOWN,ACTIVE,PROJECT_DEMO_EXPANSION,2026-09-23,Synthetic/demo record; not a claim about a real company.,SYNTHETIC_DEMO
SUP00089,Industrial Equipment Supplier 0089,USA,Texas,Austin,27.193,70.359,Contract Manufacturer,Industrial Equipment,Tier-3,MEDIUM,UNKNOWN,ACTIVE,PROJECT_DEMO_EXPANSION,2026-09-23,Synthetic/demo record; not a claim about a real company.,SYNTHETIC_DEMO
SUP00090,Packaging Supplier 0090,Mexico,Nuevo Leon,Monterrey,34.33,81.79,Service Provider,Packaging,Tier-3,MEDIUM,UNKNOWN,ACTIVE,PROJECT_DEMO_EXPANSION,2026-09-23,Synthetic/demo record; not a claim about a real company.,SYNTHETIC_DEMO
SUP00091,Apparel Supplier 0091,India,Maharashtra,Mumbai,13.467,93.221,Contract Manufacturer,Apparel,Tier-1,HIGH,UNKNOWN,ACTIVE,PROJECT_DEMO_EXPANSION,2026-09-23,Synthetic/demo record; not a claim about a real company.,SYNTHETIC_DEMO
SUP00092,Electronics Supplier 0092,India,Karnataka,Bengaluru,20.604,75.652,Contract Manufacturer,Electronics,Tier-2,UNKNOWN,UNKNOWN,UNKNOWN,PROJECT_DEMO_EXPANSION,2026-09-23,Synthetic/demo record; not a claim about a real company.,SYNTHETIC_DEMO
SUP00093,Automotive Supplier 0093,India,Uttar Pradesh,Noida,27.741,87.083,Service Provider,Automotive,Tier-2,MEDIUM,UNKNOWN,ACTIVE,PROJECT_DEMO_EXPANSION,2026-09-23,Synthetic/demo record; not a claim about a real company.,SYNTHETIC_DEMO
SUP00094,Pharma Supplier 0094,India,Haryana,Gurugram,34.878,69.514,Manufacturer,Pharma,Tier-2,LOW,UNKNOWN,ACTIVE,PROJECT_DEMO_EXPANSION,2026-09-23,Synthetic/demo record; not a claim about a real company.,SYNTHETIC_DEMO
SUP00095,Chemicals Supplier 0095,India,Tamil Nadu,Chennai,14.015,80.945,Service Provider,Chemicals,Tier-3,MEDIUM,UNKNOWN,ACTIVE,PROJECT_DEMO_EXPANSION,2026-09-23,Synthetic/demo record; not a claim about a real company.,SYNTHETIC_DEMO
SUP00096,Food Supplier 0096,India,Telangana,Hyderabad,21.152,92.376,Contract Manufacturer,Food,Tier-2,UNKNOWN,UNKNOWN,ACTIVE,PROJECT_DEMO_EXPANSION,2026-09-23,Synthetic/demo record; not a claim about a real company.,SYNTHETIC_DEMO
SUP00097,Semiconductors Supplier 0097,India,Maharashtra,Pune,28.289,74.807,Service Provider,Semiconductors,Tier-3,MEDIUM,UNKNOWN,ACTIVE,PROJECT_DEMO_EXPANSION,2026-09-23,Synthetic/demo record; not a claim about a real company.,SYNTHETIC_DEMO
SUP00098,Logistics Supplier 0098,Bangladesh,Dhaka,Dhaka,35.426,86.238,Contract Manufacturer,Logistics,Tier-2,UNKNOWN,UNKNOWN,UNKNOWN,PROJECT_DEMO_EXPANSION,2026-09-23,Synthetic/demo record; not a claim about a real company.,SYNTHETIC_DEMO
SUP00099,Industrial Equipment Supplier 0099,Vietnam,Ho Chi Minh,Ho Chi Minh City,14.563,68.669,Contract Manufacturer,Industrial Equipment,Tier-2,LOW,UNKNOWN,ACTIVE,PROJECT_DEMO_EXPANSION,2026-09-23,Synthetic/demo record; not a claim about a real company.,SYNTHETIC_DEMO
SUP00100,Packaging Supplier 0100,China,Guangdong,Shenzhen,21.7,80.1,Service Provider,Packaging,Tier-3,HIGH,UNKNOWN,ACTIVE,PROJECT_DEMO_EXPANSION,2026-09-23,Synthetic/demo record; not a claim about a real company.,SYNTHETIC_DEMO
SUP00101,Apparel Supplier 0101,Taiwan,Hsinchu,Hsinchu,28.837,91.531,Manufacturer,Apparel,Tier-1,LOW,UNKNOWN,ACTIVE,PROJECT_DEMO_EXPANSION,2026-09-23,Synthetic/demo record; not a claim about a real company.,SYNTHETIC_DEMO
SUP00102,Electronics Supplier 0102,Japan,Tokyo,Tokyo,35.974,73.962,Contract Manufacturer,Electronics,Tier-3,LOW,UNKNOWN,ACTIVE,PROJECT_DEMO_EXPANSION,2026-09-23,Synthetic/demo record; not a claim about a real company.,SYNTHETIC_DEMO
SUP00103,Automotive Supplier 0103,Germany,Bavaria,Munich,15.111,85.393,Distributor,Automotive,Tier-2,UNKNOWN,UNKNOWN,UNKNOWN,PROJECT_DEMO_EXPANSION,2026-09-23,Synthetic/demo record; not a claim about a real company.,SYNTHETIC_DEMO
SUP00104,Pharma Supplier 0104,USA,Texas,Austin,22.248,96.824,Service Provider,Pharma,Tier-3,HIGH,UNKNOWN,ACTIVE,PROJECT_DEMO_EXPANSION,2026-09-23,Synthetic/demo record; not a claim about a real company.,SYNTHETIC_DEMO
SUP00105,Chemicals Supplier 0105,Mexico,Nuevo Leon,Monterrey,29.385,79.255,Contract Manufacturer,Chemicals,Tier-1,MEDIUM,UNKNOWN,ACTIVE,PROJECT_DEMO_EXPANSION,2026-09-23,Synthetic/demo record; not a claim about a real company.,SYNTHETIC_DEMO
SUP00106,Food Supplier 0106,India,Maharashtra,Mumbai,8.522,90.686,Contract Manufacturer,Food,Tier-3,UNKNOWN,UNKNOWN,ACTIVE,PROJECT_DEMO_EXPANSION,2026-09-23,Synthetic/demo record; not a claim about a real company.,SYNTHETIC_DEMO
SUP00107,Semiconductors Supplier 0107,India,Karnataka,Bengaluru,15.659,73.117,Manufacturer,Semiconductors,Tier-1,UNKNOWN,UNKNOWN,ACTIVE,PROJECT_DEMO_EXPANSION,2026-09-23,Synthetic/demo record; not a claim about a real company.,SYNTHETIC_DEMO
SUP00108,Logistics Supplier 0108,India,Uttar Pradesh,Noida,22.796,84.548,Distributor,Logistics,Tier-3,LOW,UNKNOWN,UNKNOWN,PROJECT_DEMO_EXPANSION,2026-09-23,Synthetic/demo record; not a claim about a real company.,SYNTHETIC_DEMO
SUP00109,Industrial Equipment Supplier 0109,India,Haryana,Gurugram,29.933,95.979,Manufacturer,Industrial Equipment,Tier-3,LOW,UNKNOWN,ACTIVE,PROJECT_DEMO_EXPANSION,2026-09-23,Synthetic/demo record; not a claim about a real company.,SYNTHETIC_DEMO
SUP00110,Packaging Supplier 0110,India,Tamil Nadu,Chennai,9.07,78.41,Manufacturer,Packaging,Tier-2,UNKNOWN,UNKNOWN,ACTIVE,PROJECT_DEMO_EXPANSION,2026-09-23,Synthetic/demo record; not a claim about a real company.,SYNTHETIC_DEMO
SUP00111,Apparel Supplier 0111,India,Telangana,Hyderabad,16.207,89.841,Manufacturer,Apparel,Tier-3,HIGH,UNKNOWN,ACTIVE,PROJECT_DEMO_EXPANSION,2026-09-23,Synthetic/demo record; not a claim about a real company.,SYNTHETIC_DEMO
SUP00112,Electronics Supplier 0112,India,Maharashtra,Pune,23.344,72.272,Manufacturer,Electronics,Tier-2,LOW,UNKNOWN,ACTIVE,PROJECT_DEMO_EXPANSION,2026-09-23,Synthetic/demo record; not a claim about a real company.,SYNTHETIC_DEMO
SUP00113,Automotive Supplier 0113,Bangladesh,Dhaka,Dhaka,30.481,83.703,Service Provider,Automotive,Tier-1,LOW,UNKNOWN,ACTIVE,PROJECT_DEMO_EXPANSION,2026-09-23,Synthetic/demo record; not a claim about a real company.,SYNTHETIC_DEMO
SUP00114,Pharma Supplier 0114,Vietnam,Ho Chi Minh,Ho Chi Minh City,9.618,95.134,Distributor,Pharma,Tier-1,UNKNOWN,UNKNOWN,ACTIVE,PROJECT_DEMO_EXPANSION,2026-09-23,Synthetic/demo record; not a claim about a real company.,SYNTHETIC_DEMO
SUP00115,Chemicals Supplier 0115,China,Guangdong,Shenzhen,16.755,77.565,Contract Manufacturer,Chemicals,Tier-2,UNKNOWN,UNKNOWN,ACTIVE,PROJECT_DEMO_EXPANSION,2026-09-23,Synthetic/demo record; not a claim about a real company.,SYNTHETIC_DEMO
SUP00116,Food Supplier 0116,Taiwan,Hsinchu,Hsinchu,23.892,88.996,Service Provider,Food,Tier-1,LOW,UNKNOWN,ACTIVE,PROJECT_DEMO_EXPANSION,2026-09-23,Synthetic/demo record; not a claim about a real company.,SYNTHETIC_DEMO
SUP00117,Semiconductors Supplier 0117,Japan,Tokyo,Tokyo,31.029,71.427,Manufacturer,Semiconductors,Tier-3,MEDIUM,UNKNOWN,ACTIVE,PROJECT_DEMO_EXPANSION,2026-09-23,Synthetic/demo record; not a claim about a real company.,SYNTHETIC_DEMO
SUP00118,Logistics Supplier 0118,Germany,Bavaria,Munich,10.166,82.858,Distributor,Logistics,Tier-2,HIGH,UNKNOWN,UNKNOWN,PROJECT_DEMO_EXPANSION,2026-09-23,Synthetic/demo record; not a claim about a real company.,SYNTHETIC_DEMO
SUP00119,Industrial Equipment Supplier 0119,USA,Texas,Austin,17.303,94.289,Manufacturer,Industrial Equipment,Tier-1,HIGH,UNKNOWN,UNKNOWN,PROJECT_DEMO_EXPANSION,2026-09-23,Synthetic/demo record; not a claim about a real company.,SYNTHETIC_DEMO
SUP00120,Packaging Supplier 0120,Mexico,Nuevo Leon,Monterrey,24.44,76.72,Contract Manufacturer,Packaging,Tier-2,UNKNOWN,UNKNOWN,ACTIVE,PROJECT_DEMO_EXPANSION,2026-09-23,Synthetic/demo record; not a claim about a real company.,SYNTHETIC_DEMO
SUP00121,Apparel Supplier 0121,India,Maharashtra,Mumbai,31.577,88.151,Service Provider,Apparel,Tier-3,LOW,UNKNOWN,ACTIVE,PROJECT_DEMO_EXPANSION,2026-09-23,Synthetic/demo record; not a claim about a real company.,SYNTHETIC_DEMO
SUP00122,Electronics Supplier 0122,India,Karnataka,Bengaluru,10.714,70.582,Service Provider,Electronics,Tier-3,UNKNOWN,UNKNOWN,ACTIVE,PROJECT_DEMO_EXPANSION,2026-09-23,Synthetic/demo record; not a claim about a real company.,SYNTHETIC_DEMO
SUP00123,Automotive Supplier 0123,India,Uttar Pradesh,Noida,17.851,82.013,Manufacturer,Automotive,Tier-1,MEDIUM,UNKNOWN,ACTIVE,PROJECT_DEMO_EXPANSION,2026-09-23,Synthetic/demo record; not a claim about a real company.,SYNTHETIC_DEMO
SUP00124,Pharma Supplier 0124,India,Haryana,Gurugram,24.988,93.444,Manufacturer,Pharma,Tier-2,MEDIUM,UNKNOWN,ACTIVE,PROJECT_DEMO_EXPANSION,2026-09-23,Synthetic/demo record; not a claim about a real company.,SYNTHETIC_DEMO
SUP00125,Chemicals Supplier 0125,India,Tamil Nadu,Chennai,32.125,75.875,Manufacturer,Chemicals,Tier-1,MEDIUM,UNKNOWN,ACTIVE,PROJECT_DEMO_EXPANSION,2026-09-23,Synthetic/demo record; not a claim about a real company.,SYNTHETIC_DEMO
SUP00126,Food Supplier 0126,India,Telangana,Hyderabad,11.262,87.306,Distributor,Food,Tier-3,LOW,UNKNOWN,ACTIVE,PROJECT_DEMO_EXPANSION,2026-09-23,Synthetic/demo record; not a claim about a real company.,SYNTHETIC_DEMO
SUP00127,Semiconductors Supplier 0127,India,Maharashtra,Pune,18.399,69.737,Service Provider,Semiconductors,Tier-2,LOW,UNKNOWN,ACTIVE,PROJECT_DEMO_EXPANSION,2026-09-23,Synthetic/demo record; not a claim about a real company.,SYNTHETIC_DEMO
SUP00128,Logistics Supplier 0128,Bangladesh,Dhaka,Dhaka,25.536,81.168,Service Provider,Logistics,Tier-3,LOW,UNKNOWN,UNKNOWN,PROJECT_DEMO_EXPANSION,2026-09-23,Synthetic/demo record; not a claim about a real company.,SYNTHETIC_DEMO
SUP00129,Industrial Equipment Supplier 0129,Vietnam,Ho Chi Minh,Ho Chi Minh City,32.673,92.599,Contract Manufacturer,Industrial Equipment,Tier-1,MEDIUM,UNKNOWN,ACTIVE,PROJECT_DEMO_EXPANSION,2026-09-23,Synthetic/demo record; not a claim about a real company.,SYNTHETIC_DEMO
SUP00130,Packaging Supplier 0130,China,Guangdong,Shenzhen,11.81,75.03,Distributor,Packaging,Tier-1,UNKNOWN,UNKNOWN,ACTIVE,PROJECT_DEMO_EXPANSION,2026-09-23,Synthetic/demo record; not a claim about a real company.,SYNTHETIC_DEMO
SUP00131,Apparel Supplier 0131,Taiwan,Hsinchu,Hsinchu,18.947,86.461,Service Provider,Apparel,Tier-2,HIGH,UNKNOWN,ACTIVE,PROJECT_DEMO_EXPANSION,2026-09-23,Synthetic/demo record; not a claim about a real company.,SYNTHETIC_DEMO
SUP00132,Electronics Supplier 0132,Japan,Tokyo,Tokyo,26.084,68.892,Distributor,Electronics,Tier-2,LOW,UNKNOWN,ACTIVE,PROJECT_DEMO_EXPANSION,2026-09-23,Synthetic/demo record; not a claim about a real company.,SYNTHETIC_DEMO
SUP00133,Automotive Supplier 0133,Germany,Bavaria,Munich,33.221,80.323,Contract Manufacturer,Automotive,Tier-3,MEDIUM,UNKNOWN,ACTIVE,PROJECT_DEMO_EXPANSION,2026-09-23,Synthetic/demo record; not a claim about a real company.,SYNTHETIC_DEMO
SUP00134,Pharma Supplier 0134,USA,Texas,Austin,12.358,91.754,Distributor,Pharma,Tier-2,LOW,UNKNOWN,ACTIVE,PROJECT_DEMO_EXPANSION,2026-09-23,Synthetic/demo record; not a claim about a real company.,SYNTHETIC_DEMO
SUP00135,Chemicals Supplier 0135,Mexico,Nuevo Leon,Monterrey,19.495,74.185,Contract Manufacturer,Chemicals,Tier-2,MEDIUM,UNKNOWN,ACTIVE,PROJECT_DEMO_EXPANSION,2026-09-23,Synthetic/demo record; not a claim about a real company.,SYNTHETIC_DEMO
SUP00136,Food Supplier 0136,India,Maharashtra,Mumbai,26.632,85.616,Distributor,Food,Tier-2,MEDIUM,UNKNOWN,ACTIVE,PROJECT_DEMO_EXPANSION,2026-09-23,Synthetic/demo record; not a claim about a real company.,SYNTHETIC_DEMO
SUP00137,Semiconductors Supplier 0137,India,Karnataka,Bengaluru,33.769,68.047,Distributor,Semiconductors,Tier-2,UNKNOWN,UNKNOWN,UNKNOWN,PROJECT_DEMO_EXPANSION,2026-09-23,Synthetic/demo record; not a claim about a real company.,SYNTHETIC_DEMO
SUP00138,Logistics Supplier 0138,India,Uttar Pradesh,Noida,12.906,79.478,Distributor,Logistics,Tier-3,MEDIUM,UNKNOWN,ACTIVE,PROJECT_DEMO_EXPANSION,2026-09-23,Synthetic/demo record; not a claim about a real company.,SYNTHETIC_DEMO
SUP00139,Industrial Equipment Supplier 0139,India,Haryana,Gurugram,20.043,90.909,Distributor,Industrial Equipment,Tier-3,HIGH,UNKNOWN,ACTIVE,PROJECT_DEMO_EXPANSION,2026-09-23,Synthetic/demo record; not a claim about a real company.,SYNTHETIC_DEMO
SUP00140,Packaging Supplier 0140,India,Tamil Nadu,Chennai,27.18,73.34,Distributor,Packaging,Tier-2,UNKNOWN,UNKNOWN,ACTIVE,PROJECT_DEMO_EXPANSION,2026-09-23,Synthetic/demo record; not a claim about a real company.,SYNTHETIC_DEMO
SUP00141,Apparel Supplier 0141,India,Telangana,Hyderabad,34.317,84.771,Contract Manufacturer,Apparel,Tier-1,LOW,UNKNOWN,ACTIVE,PROJECT_DEMO_EXPANSION,2026-09-23,Synthetic/demo record; not a claim about a real company.,SYNTHETIC_DEMO
SUP00142,Electronics Supplier 0142,India,Maharashtra,Pune,13.454,96.202,Manufacturer,Electronics,Tier-2,LOW,UNKNOWN,UNKNOWN,PROJECT_DEMO_EXPANSION,2026-09-23,Synthetic/demo record; not a claim about a real company.,SYNTHETIC_DEMO
SUP00143,Automotive Supplier 0143,Bangladesh,Dhaka,Dhaka,20.591,78.633,Contract Manufacturer,Automotive,Tier-2,HIGH,UNKNOWN,ACTIVE,PROJECT_DEMO_EXPANSION,2026-09-23,Synthetic/demo record; not a claim about a real company.,SYNTHETIC_DEMO
SUP00144,Pharma Supplier 0144,Vietnam,Ho Chi Minh,Ho Chi Minh City,27.728,90.064,Service Provider,Pharma,Tier-3,HIGH,UNKNOWN,ACTIVE,PROJECT_DEMO_EXPANSION,2026-09-23,Synthetic/demo record; not a claim about a real company.,SYNTHETIC_DEMO
SUP00145,Chemicals Supplier 0145,China,Guangdong,Shenzhen,34.865,72.495,Contract Manufacturer,Chemicals,Tier-3,UNKNOWN,UNKNOWN,ACTIVE,PROJECT_DEMO_EXPANSION,2026-09-23,Synthetic/demo record; not a claim about a real company.,SYNTHETIC_DEMO
SUP00146,Food Supplier 0146,Taiwan,Hsinchu,Hsinchu,14.002,83.926,Manufacturer,Food,Tier-3,LOW,UNKNOWN,ACTIVE,PROJECT_DEMO_EXPANSION,2026-09-23,Synthetic/demo record; not a claim about a real company.,SYNTHETIC_DEMO
SUP00147,Semiconductors Supplier 0147,Japan,Tokyo,Tokyo,21.139,95.357,Service Provider,Semiconductors,Tier-1,MEDIUM,UNKNOWN,ACTIVE,PROJECT_DEMO_EXPANSION,2026-09-23,Synthetic/demo record; not a claim about a real company.,SYNTHETIC_DEMO
SUP00148,Logistics Supplier 0148,Germany,Bavaria,Munich,28.276,77.788,Contract Manufacturer,Logistics,Tier-2,UNKNOWN,UNKNOWN,ACTIVE,PROJECT_DEMO_EXPANSION,2026-09-23,Synthetic/demo record; not a claim about a real company.,SYNTHETIC_DEMO
SUP00149,Industrial Equipment Supplier 0149,USA,Texas,Austin,35.413,89.219,Contract Manufacturer,Industrial Equipment,Tier-1,HIGH,UNKNOWN,ACTIVE,PROJECT_DEMO_EXPANSION,2026-09-23,Synthetic/demo record; not a claim about a real company.,SYNTHETIC_DEMO
SUP00150,Packaging Supplier 0150,Mexico,Nuevo Leon,Monterrey,14.55,71.65,Contract Manufacturer,Packaging,Tier-1,LOW,UNKNOWN,ACTIVE,PROJECT_DEMO_EXPANSION,2026-09-23,Synthetic/demo record; not a claim about a real company.,SYNTHETIC_DEMO
SUP00151,Apparel Supplier 0151,India,Maharashtra,Mumbai,21.687,83.081,Service Provider,Apparel,Tier-2,MEDIUM,UNKNOWN,UNKNOWN,PROJECT_DEMO_EXPANSION,2026-09-23,Synthetic/demo record; not a claim about a real company.,SYNTHETIC_DEMO
SUP00152,Electronics Supplier 0152,India,Karnataka,Bengaluru,28.824,94.512,Manufacturer,Electronics,Tier-2,UNKNOWN,UNKNOWN,UNKNOWN,PROJECT_DEMO_EXPANSION,2026-09-23,Synthetic/demo record; not a claim about a real company.,SYNTHETIC_DEMO
SUP00153,Automotive Supplier 0153,India,Uttar Pradesh,Noida,35.961,76.943,Manufacturer,Automotive,Tier-2,HIGH,UNKNOWN,ACTIVE,PROJECT_DEMO_EXPANSION,2026-09-23,Synthetic/demo record; not a claim about a real company.,SYNTHETIC_DEMO
SUP00154,Pharma Supplier 0154,India,Haryana,Gurugram,15.098,88.374,Manufacturer,Pharma,Tier-2,LOW,UNKNOWN,ACTIVE,PROJECT_DEMO_EXPANSION,2026-09-23,Synthetic/demo record; not a claim about a real company.,SYNTHETIC_DEMO
SUP00155,Chemicals Supplier 0155,India,Tamil Nadu,Chennai,22.235,70.805,Contract Manufacturer,Chemicals,Tier-2,HIGH,UNKNOWN,ACTIVE,PROJECT_DEMO_EXPANSION,2026-09-23,Synthetic/demo record; not a claim about a real company.,SYNTHETIC_DEMO
SUP00156,Food Supplier 0156,India,Telangana,Hyderabad,29.372,82.236,Distributor,Food,Tier-1,UNKNOWN,UNKNOWN,ACTIVE,PROJECT_DEMO_EXPANSION,2026-09-23,Synthetic/demo record; not a claim about a real company.,SYNTHETIC_DEMO
SUP00157,Semiconductors Supplier 0157,India,Maharashtra,Pune,8.509,93.667,Manufacturer,Semiconductors,Tier-3,UNKNOWN,UNKNOWN,UNKNOWN,PROJECT_DEMO_EXPANSION,2026-09-23,Synthetic/demo record; not a claim about a real company.,SYNTHETIC_DEMO
SUP00158,Logistics Supplier 0158,Bangladesh,Dhaka,Dhaka,15.646,76.098,Contract Manufacturer,Logistics,Tier-3,UNKNOWN,UNKNOWN,ACTIVE,PROJECT_DEMO_EXPANSION,2026-09-23,Synthetic/demo record; not a claim about a real company.,SYNTHETIC_DEMO
SUP00159,Industrial Equipment Supplier 0159,Vietnam,Ho Chi Minh,Ho Chi Minh City,22.783,87.529,Manufacturer,Industrial Equipment,Tier-1,UNKNOWN,UNKNOWN,ACTIVE,PROJECT_DEMO_EXPANSION,2026-09-23,Synthetic/demo record; not a claim about a real company.,SYNTHETIC_DEMO
SUP00160,Packaging Supplier 0160,China,Guangdong,Shenzhen,29.92,69.96,Manufacturer,Packaging,Tier-3,UNKNOWN,UNKNOWN,ACTIVE,PROJECT_DEMO_EXPANSION,2026-09-23,Synthetic/demo record; not a claim about a real company.,SYNTHETIC_DEMO
SUP00161,Apparel Supplier 0161,Taiwan,Hsinchu,Hsinchu,9.057,81.391,Contract Manufacturer,Apparel,Tier-2,HIGH,UNKNOWN,ACTIVE,PROJECT_DEMO_EXPANSION,2026-09-23,Synthetic/demo record; not a claim about a real company.,SYNTHETIC_DEMO
SUP00162,Electronics Supplier 0162,Japan,Tokyo,Tokyo,16.194,92.822,Service Provider,Electronics,Tier-1,UNKNOWN,UNKNOWN,UNKNOWN,PROJECT_DEMO_EXPANSION,2026-09-23,Synthetic/demo record; not a claim about a real company.,SYNTHETIC_DEMO
SUP00163,Automotive Supplier 0163,Germany,Bavaria,Munich,23.331,75.253,Service Provider,Automotive,Tier-3,UNKNOWN,UNKNOWN,ACTIVE,PROJECT_DEMO_EXPANSION,2026-09-23,Synthetic/demo record; not a claim about a real company.,SYNTHETIC_DEMO
SUP00164,Pharma Supplier 0164,USA,Texas,Austin,30.468,86.684,Contract Manufacturer,Pharma,Tier-2,LOW,UNKNOWN,ACTIVE,PROJECT_DEMO_EXPANSION,2026-09-23,Synthetic/demo record; not a claim about a real company.,SYNTHETIC_DEMO
SUP00165,Chemicals Supplier 0165,Mexico,Nuevo Leon,Monterrey,9.605,69.115,Manufacturer,Chemicals,Tier-2,MEDIUM,UNKNOWN,ACTIVE,PROJECT_DEMO_EXPANSION,2026-09-23,Synthetic/demo record; not a claim about a real company.,SYNTHETIC_DEMO
SUP00166,Food Supplier 0166,India,Maharashtra,Mumbai,16.742,80.546,Contract Manufacturer,Food,Tier-2,MEDIUM,UNKNOWN,ACTIVE,PROJECT_DEMO_EXPANSION,2026-09-23,Synthetic/demo record; not a claim about a real company.,SYNTHETIC_DEMO
SUP00167,Semiconductors Supplier 0167,India,Karnataka,Bengaluru,23.879,91.977,Distributor,Semiconductors,Tier-1,UNKNOWN,UNKNOWN,ACTIVE,PROJECT_DEMO_EXPANSION,2026-09-23,Synthetic/demo record; not a claim about a real company.,SYNTHETIC_DEMO
SUP00168,Logistics Supplier 0168,India,Uttar Pradesh,Noida,31.016,74.408,Manufacturer,Logistics,Tier-1,UNKNOWN,UNKNOWN,ACTIVE,PROJECT_DEMO_EXPANSION,2026-09-23,Synthetic/demo record; not a claim about a real company.,SYNTHETIC_DEMO
SUP00169,Industrial Equipment Supplier 0169,India,Haryana,Gurugram,10.153,85.839,Manufacturer,Industrial Equipment,Tier-2,MEDIUM,UNKNOWN,ACTIVE,PROJECT_DEMO_EXPANSION,2026-09-23,Synthetic/demo record; not a claim about a real company.,SYNTHETIC_DEMO
SUP00170,Packaging Supplier 0170,India,Tamil Nadu,Chennai,17.29,68.27,Contract Manufacturer,Packaging,Tier-2,HIGH,UNKNOWN,ACTIVE,PROJECT_DEMO_EXPANSION,2026-09-23,Synthetic/demo record; not a claim about a real company.,SYNTHETIC_DEMO
SUP00171,Apparel Supplier 0171,India,Telangana,Hyderabad,24.427,79.701,Manufacturer,Apparel,Tier-3,UNKNOWN,UNKNOWN,UNKNOWN,PROJECT_DEMO_EXPANSION,2026-09-23,Synthetic/demo record; not a claim about a real company.,SYNTHETIC_DEMO
SUP00172,Electronics Supplier 0172,India,Maharashtra,Pune,31.564,91.132,Contract Manufacturer,Electronics,Tier-3,HIGH,UNKNOWN,ACTIVE,PROJECT_DEMO_EXPANSION,2026-09-23,Synthetic/demo record; not a claim about a real company.,SYNTHETIC_DEMO
SUP00173,Automotive Supplier 0173,Bangladesh,Dhaka,Dhaka,10.701,73.563,Contract Manufacturer,Automotive,Tier-2,MEDIUM,UNKNOWN,ACTIVE,PROJECT_DEMO_EXPANSION,2026-09-23,Synthetic/demo record; not a claim about a real company.,SYNTHETIC_DEMO
SUP00174,Pharma Supplier 0174,Vietnam,Ho Chi Minh,Ho Chi Minh City,17.838,84.994,Contract Manufacturer,Pharma,Tier-3,MEDIUM,UNKNOWN,ACTIVE,PROJECT_DEMO_EXPANSION,2026-09-23,Synthetic/demo record; not a claim about a real company.,SYNTHETIC_DEMO
SUP00175,Chemicals Supplier 0175,China,Guangdong,Shenzhen,24.975,96.425,Contract Manufacturer,Chemicals,Tier-2,MEDIUM,UNKNOWN,ACTIVE,PROJECT_DEMO_EXPANSION,2026-09-23,Synthetic/demo record; not a claim about a real company.,SYNTHETIC_DEMO
SUP00176,Food Supplier 0176,Taiwan,Hsinchu,Hsinchu,32.112,78.856,Contract Manufacturer,Food,Tier-1,MEDIUM,UNKNOWN,UNKNOWN,PROJECT_DEMO_EXPANSION,2026-09-23,Synthetic/demo record; not a claim about a real company.,SYNTHETIC_DEMO
SUP00177,Semiconductors Supplier 0177,Japan,Tokyo,Tokyo,11.249,90.287,Manufacturer,Semiconductors,Tier-2,UNKNOWN,UNKNOWN,ACTIVE,PROJECT_DEMO_EXPANSION,2026-09-23,Synthetic/demo record; not a claim about a real company.,SYNTHETIC_DEMO
SUP00178,Logistics Supplier 0178,Germany,Bavaria,Munich,18.386,72.718,Manufacturer,Logistics,Tier-2,MEDIUM,UNKNOWN,ACTIVE,PROJECT_DEMO_EXPANSION,2026-09-23,Synthetic/demo record; not a claim about a real company.,SYNTHETIC_DEMO
SUP00179,Industrial Equipment Supplier 0179,USA,Texas,Austin,25.523,84.149,Service Provider,Industrial Equipment,Tier-1,LOW,UNKNOWN,ACTIVE,PROJECT_DEMO_EXPANSION,2026-09-23,Synthetic/demo record; not a claim about a real company.,SYNTHETIC_DEMO
SUP00180,Packaging Supplier 0180,Mexico,Nuevo Leon,Monterrey,32.66,95.58,Distributor,Packaging,Tier-1,HIGH,UNKNOWN,ACTIVE,PROJECT_DEMO_EXPANSION,2026-09-23,Synthetic/demo record; not a claim about a real company.,SYNTHETIC_DEMO
SUP00181,Apparel Supplier 0181,India,Maharashtra,Mumbai,11.797,78.011,Service Provider,Apparel,Tier-2,MEDIUM,UNKNOWN,UNKNOWN,PROJECT_DEMO_EXPANSION,2026-09-23,Synthetic/demo record; not a claim about a real company.,SYNTHETIC_DEMO
SUP00182,Electronics Supplier 0182,India,Karnataka,Bengaluru,18.934,89.442,Contract Manufacturer,Electronics,Tier-2,LOW,UNKNOWN,ACTIVE,PROJECT_DEMO_EXPANSION,2026-09-23,Synthetic/demo record; not a claim about a real company.,SYNTHETIC_DEMO
SUP00183,Automotive Supplier 0183,India,Uttar Pradesh,Noida,26.071,71.873,Service Provider,Automotive,Tier-1,MEDIUM,UNKNOWN,ACTIVE,PROJECT_DEMO_EXPANSION,2026-09-23,Synthetic/demo record; not a claim about a real company.,SYNTHETIC_DEMO
SUP00184,Pharma Supplier 0184,India,Haryana,Gurugram,33.208,83.304,Contract Manufacturer,Pharma,Tier-1,LOW,UNKNOWN,ACTIVE,PROJECT_DEMO_EXPANSION,2026-09-23,Synthetic/demo record; not a claim about a real company.,SYNTHETIC_DEMO
SUP00185,Chemicals Supplier 0185,India,Tamil Nadu,Chennai,12.345,94.735,Manufacturer,Chemicals,Tier-1,UNKNOWN,UNKNOWN,ACTIVE,PROJECT_DEMO_EXPANSION,2026-09-23,Synthetic/demo record; not a claim about a real company.,SYNTHETIC_DEMO
SUP00186,Food Supplier 0186,India,Telangana,Hyderabad,19.482,77.166,Service Provider,Food,Tier-2,UNKNOWN,UNKNOWN,UNKNOWN,PROJECT_DEMO_EXPANSION,2026-09-23,Synthetic/demo record; not a claim about a real company.,SYNTHETIC_DEMO
SUP00187,Semiconductors Supplier 0187,India,Maharashtra,Pune,26.619,88.597,Manufacturer,Semiconductors,Tier-1,UNKNOWN,UNKNOWN,ACTIVE,PROJECT_DEMO_EXPANSION,2026-09-23,Synthetic/demo record; not a claim about a real company.,SYNTHETIC_DEMO
SUP00188,Logistics Supplier 0188,Bangladesh,Dhaka,Dhaka,33.756,71.028,Contract Manufacturer,Logistics,Tier-2,LOW,UNKNOWN,ACTIVE,PROJECT_DEMO_EXPANSION,2026-09-23,Synthetic/demo record; not a claim about a real company.,SYNTHETIC_DEMO
SUP00189,Industrial Equipment Supplier 0189,Vietnam,Ho Chi Minh,Ho Chi Minh City,12.893,82.459,Distributor,Industrial Equipment,Tier-1,MEDIUM,UNKNOWN,ACTIVE,PROJECT_DEMO_EXPANSION,2026-09-23,Synthetic/demo record; not a claim about a real company.,SYNTHETIC_DEMO
SUP00190,Packaging Supplier 0190,China,Guangdong,Shenzhen,20.03,93.89,Contract Manufacturer,Packaging,Tier-2,MEDIUM,UNKNOWN,ACTIVE,PROJECT_DEMO_EXPANSION,2026-09-23,Synthetic/demo record; not a claim about a real company.,SYNTHETIC_DEMO
SUP00191,Apparel Supplier 0191,Taiwan,Hsinchu,Hsinchu,27.167,76.321,Distributor,Apparel,Tier-2,LOW,UNKNOWN,ACTIVE,PROJECT_DEMO_EXPANSION,2026-09-23,Synthetic/demo record; not a claim about a real company.,SYNTHETIC_DEMO
SUP00192,Electronics Supplier 0192,Japan,Tokyo,Tokyo,34.304,87.752,Manufacturer,Electronics,Tier-2,MEDIUM,UNKNOWN,UNKNOWN,PROJECT_DEMO_EXPANSION,2026-09-23,Synthetic/demo record; not a claim about a real company.,SYNTHETIC_DEMO
SUP00193,Automotive Supplier 0193,Germany,Bavaria,Munich,13.441,70.183,Manufacturer,Automotive,Tier-3,LOW,UNKNOWN,UNKNOWN,PROJECT_DEMO_EXPANSION,2026-09-23,Synthetic/demo record; not a claim about a real company.,SYNTHETIC_DEMO
SUP00194,Pharma Supplier 0194,USA,Texas,Austin,20.578,81.614,Contract Manufacturer,Pharma,Tier-3,LOW,UNKNOWN,ACTIVE,PROJECT_DEMO_EXPANSION,2026-09-23,Synthetic/demo record; not a claim about a real company.,SYNTHETIC_DEMO
SUP00195,Chemicals Supplier 0195,Mexico,Nuevo Leon,Monterrey,27.715,93.045,Manufacturer,Chemicals,Tier-1,UNKNOWN,UNKNOWN,ACTIVE,PROJECT_DEMO_EXPANSION,2026-09-23,Synthetic/demo record; not a claim about a real company.,SYNTHETIC_DEMO
SUP00196,Food Supplier 0196,India,Maharashtra,Mumbai,34.852,75.476,Contract Manufacturer,Food,Tier-2,MEDIUM,UNKNOWN,ACTIVE,PROJECT_DEMO_EXPANSION,2026-09-23,Synthetic/demo record; not a claim about a real company.,SYNTHETIC_DEMO
SUP00197,Semiconductors Supplier 0197,India,Karnataka,Bengaluru,13.989,86.907,Service Provider,Semiconductors,Tier-2,UNKNOWN,UNKNOWN,UNKNOWN,PROJECT_DEMO_EXPANSION,2026-09-23,Synthetic/demo record; not a claim about a real company.,SYNTHETIC_DEMO
SUP00198,Logistics Supplier 0198,India,Uttar Pradesh,Noida,21.126,69.338,Contract Manufacturer,Logistics,Tier-2,LOW,UNKNOWN,ACTIVE,PROJECT_DEMO_EXPANSION,2026-09-23,Synthetic/demo record; not a claim about a real company.,SYNTHETIC_DEMO
SUP00199,Industrial Equipment Supplier 0199,India,Haryana,Gurugram,28.263,80.769,Service Provider,Industrial Equipment,Tier-2,MEDIUM,UNKNOWN,ACTIVE,PROJECT_DEMO_EXPANSION,2026-09-23,Synthetic/demo record; not a claim about a real company.,SYNTHETIC_DEMO
SUP00200,Packaging Supplier 0200,India,Tamil Nadu,Chennai,35.4,92.2,Distributor,Packaging,Tier-2,HIGH,UNKNOWN,ACTIVE,PROJECT_DEMO_EXPANSION,2026-09-23,Synthetic/demo record; not a claim about a real company.,SYNTHETIC_DEMO
SUP00201,Apparel Supplier 0201,India,Telangana,Hyderabad,14.537,74.631,Service Provider,Apparel,Tier-3,HIGH,UNKNOWN,ACTIVE,PROJECT_DEMO_EXPANSION,2026-09-23,Synthetic/demo record; not a claim about a real company.,SYNTHETIC_DEMO
SUP00202,Electronics Supplier 0202,India,Maharashtra,Pune,21.674,86.062,Contract Manufacturer,Electronics,Tier-1,LOW,UNKNOWN,ACTIVE,PROJECT_DEMO_EXPANSION,2026-09-23,Synthetic/demo record; not a claim about a real company.,SYNTHETIC_DEMO
SUP00203,Automotive Supplier 0203,Bangladesh,Dhaka,Dhaka,28.811,68.493,Contract Manufacturer,Automotive,Tier-1,LOW,UNKNOWN,ACTIVE,PROJECT_DEMO_EXPANSION,2026-09-23,Synthetic/demo record; not a claim about a real company.,SYNTHETIC_DEMO
SUP00204,Pharma Supplier 0204,Vietnam,Ho Chi Minh,Ho Chi Minh City,35.948,79.924,Contract Manufacturer,Pharma,Tier-2,MEDIUM,UNKNOWN,ACTIVE,PROJECT_DEMO_EXPANSION,2026-09-23,Synthetic/demo record; not a claim about a real company.,SYNTHETIC_DEMO
SUP00205,Chemicals Supplier 0205,China,Guangdong,Shenzhen,15.085,91.355,Manufacturer,Chemicals,Tier-2,MEDIUM,UNKNOWN,ACTIVE,PROJECT_DEMO_EXPANSION,2026-09-23,Synthetic/demo record; not a claim about a real company.,SYNTHETIC_DEMO
SUP00206,Food Supplier 0206,Taiwan,Hsinchu,Hsinchu,22.222,73.786,Distributor,Food,Tier-3,MEDIUM,UNKNOWN,ACTIVE,PROJECT_DEMO_EXPANSION,2026-09-23,Synthetic/demo record; not a claim about a real company.,SYNTHETIC_DEMO
SUP00207,Semiconductors Supplier 0207,Japan,Tokyo,Tokyo,29.359,85.217,Manufacturer,Semiconductors,Tier-1,LOW,UNKNOWN,ACTIVE,PROJECT_DEMO_EXPANSION,2026-09-23,Synthetic/demo record; not a claim about a real company.,SYNTHETIC_DEMO
SUP00208,Logistics Supplier 0208,Germany,Bavaria,Munich,8.496,96.648,Manufacturer,Logistics,Tier-3,MEDIUM,UNKNOWN,ACTIVE,PROJECT_DEMO_EXPANSION,2026-09-23,Synthetic/demo record; not a claim about a real company.,SYNTHETIC_DEMO
SUP00209,Industrial Equipment Supplier 0209,USA,Texas,Austin,15.633,79.079,Service Provider,Industrial Equipment,Tier-1,MEDIUM,UNKNOWN,ACTIVE,PROJECT_DEMO_EXPANSION,2026-09-23,Synthetic/demo record; not a claim about a real company.,SYNTHETIC_DEMO
SUP00210,Packaging Supplier 0210,Mexico,Nuevo Leon,Monterrey,22.77,90.51,Distributor,Packaging,Tier-3,LOW,UNKNOWN,ACTIVE,PROJECT_DEMO_EXPANSION,2026-09-23,Synthetic/demo record; not a claim about a real company.,SYNTHETIC_DEMO
SUP00211,Apparel Supplier 0211,India,Maharashtra,Mumbai,29.907,72.941,Manufacturer,Apparel,Tier-1,LOW,UNKNOWN,ACTIVE,PROJECT_DEMO_EXPANSION,2026-09-23,Synthetic/demo record; not a claim about a real company.,SYNTHETIC_DEMO
SUP00212,Electronics Supplier 0212,India,Karnataka,Bengaluru,9.044,84.372,Distributor,Electronics,Tier-2,LOW,UNKNOWN,ACTIVE,PROJECT_DEMO_EXPANSION,2026-09-23,Synthetic/demo record; not a claim about a real company.,SYNTHETIC_DEMO
SUP00213,Automotive Supplier 0213,India,Uttar Pradesh,Noida,16.181,95.803,Manufacturer,Automotive,Tier-2,LOW,UNKNOWN,ACTIVE,PROJECT_DEMO_EXPANSION,2026-09-23,Synthetic/demo record; not a claim about a real company.,SYNTHETIC_DEMO
SUP00214,Pharma Supplier 0214,India,Haryana,Gurugram,23.318,78.234,Contract Manufacturer,Pharma,Tier-3,HIGH,UNKNOWN,UNKNOWN,PROJECT_DEMO_EXPANSION,2026-09-23,Synthetic/demo record; not a claim about a real company.,SYNTHETIC_DEMO
SUP00215,Chemicals Supplier 0215,India,Tamil Nadu,Chennai,30.455,89.665,Distributor,Chemicals,Tier-2,LOW,UNKNOWN,UNKNOWN,PROJECT_DEMO_EXPANSION,2026-09-23,Synthetic/demo record; not a claim about a real company.,SYNTHETIC_DEMO
SUP00216,Food Supplier 0216,India,Telangana,Hyderabad,9.592,72.096,Service Provider,Food,Tier-1,LOW,UNKNOWN,ACTIVE,PROJECT_DEMO_EXPANSION,2026-09-23,Synthetic/demo record; not a claim about a real company.,SYNTHETIC_DEMO
SUP00217,Semiconductors Supplier 0217,India,Maharashtra,Pune,16.729,83.527,Manufacturer,Semiconductors,Tier-2,LOW,UNKNOWN,UNKNOWN,PROJECT_DEMO_EXPANSION,2026-09-23,Synthetic/demo record; not a claim about a real company.,SYNTHETIC_DEMO
SUP00218,Logistics Supplier 0218,Bangladesh,Dhaka,Dhaka,23.866,94.958,Distributor,Logistics,Tier-2,UNKNOWN,UNKNOWN,ACTIVE,PROJECT_DEMO_EXPANSION,2026-09-23,Synthetic/demo record; not a claim about a real company.,SYNTHETIC_DEMO
SUP00219,Industrial Equipment Supplier 0219,Vietnam,Ho Chi Minh,Ho Chi Minh City,31.003,77.389,Distributor,Industrial Equipment,Tier-1,LOW,UNKNOWN,ACTIVE,PROJECT_DEMO_EXPANSION,2026-09-23,Synthetic/demo record; not a claim about a real company.,SYNTHETIC_DEMO
SUP00220,Packaging Supplier 0220,China,Guangdong,Shenzhen,10.14,88.82,Distributor,Packaging,Tier-3,MEDIUM,UNKNOWN,ACTIVE,PROJECT_DEMO_EXPANSION,2026-09-23,Synthetic/demo record; not a claim about a real company.,SYNTHETIC_DEMO
SUP00221,Apparel Supplier 0221,Taiwan,Hsinchu,Hsinchu,17.277,71.251,Manufacturer,Apparel,Tier-2,HIGH,UNKNOWN,UNKNOWN,PROJECT_DEMO_EXPANSION,2026-09-23,Synthetic/demo record; not a claim about a real company.,SYNTHETIC_DEMO
SUP00222,Electronics Supplier 0222,Japan,Tokyo,Tokyo,24.414,82.682,Service Provider,Electronics,Tier-1,MEDIUM,UNKNOWN,ACTIVE,PROJECT_DEMO_EXPANSION,2026-09-23,Synthetic/demo record; not a claim about a real company.,SYNTHETIC_DEMO
SUP00223,Automotive Supplier 0223,Germany,Bavaria,Munich,31.551,94.113,Manufacturer,Automotive,Tier-2,LOW,UNKNOWN,ACTIVE,PROJECT_DEMO_EXPANSION,2026-09-23,Synthetic/demo record; not a claim about a real company.,SYNTHETIC_DEMO
SUP00224,Pharma Supplier 0224,USA,Texas,Austin,10.688,76.544,Contract Manufacturer,Pharma,Tier-3,UNKNOWN,UNKNOWN,ACTIVE,PROJECT_DEMO_EXPANSION,2026-09-23,Synthetic/demo record; not a claim about a real company.,SYNTHETIC_DEMO
SUP00225,Chemicals Supplier 0225,Mexico,Nuevo Leon,Monterrey,17.825,87.975,Distributor,Chemicals,Tier-3,UNKNOWN,UNKNOWN,ACTIVE,PROJECT_DEMO_EXPANSION,2026-09-23,Synthetic/demo record; not a claim about a real company.,SYNTHETIC_DEMO
SUP00226,Food Supplier 0226,India,Maharashtra,Mumbai,24.962,70.406,Service Provider,Food,Tier-1,HIGH,UNKNOWN,UNKNOWN,PROJECT_DEMO_EXPANSION,2026-09-23,Synthetic/demo record; not a claim about a real company.,SYNTHETIC_DEMO
SUP00227,Semiconductors Supplier 0227,India,Karnataka,Bengaluru,32.099,81.837,Distributor,Semiconductors,Tier-1,LOW,UNKNOWN,UNKNOWN,PROJECT_DEMO_EXPANSION,2026-09-23,Synthetic/demo record; not a claim about a real company.,SYNTHETIC_DEMO
SUP00228,Logistics Supplier 0228,India,Uttar Pradesh,Noida,11.236,93.268,Contract Manufacturer,Logistics,Tier-3,MEDIUM,UNKNOWN,UNKNOWN,PROJECT_DEMO_EXPANSION,2026-09-23,Synthetic/demo record; not a claim about a real company.,SYNTHETIC_DEMO
SUP00229,Industrial Equipment Supplier 0229,India,Haryana,Gurugram,18.373,75.699,Distributor,Industrial Equipment,Tier-2,LOW,UNKNOWN,ACTIVE,PROJECT_DEMO_EXPANSION,2026-09-23,Synthetic/demo record; not a claim about a real company.,SYNTHETIC_DEMO
SUP00230,Packaging Supplier 0230,India,Tamil Nadu,Chennai,25.51,87.13,Manufacturer,Packaging,Tier-3,UNKNOWN,UNKNOWN,ACTIVE,PROJECT_DEMO_EXPANSION,2026-09-23,Synthetic/demo record; not a claim about a real company.,SYNTHETIC_DEMO
SUP00231,Apparel Supplier 0231,India,Telangana,Hyderabad,32.647,69.561,Distributor,Apparel,Tier-2,UNKNOWN,UNKNOWN,ACTIVE,PROJECT_DEMO_EXPANSION,2026-09-23,Synthetic/demo record; not a claim about a real company.,SYNTHETIC_DEMO
SUP00232,Electronics Supplier 0232,India,Maharashtra,Pune,11.784,80.992,Manufacturer,Electronics,Tier-3,MEDIUM,UNKNOWN,UNKNOWN,PROJECT_DEMO_EXPANSION,2026-09-23,Synthetic/demo record; not a claim about a real company.,SYNTHETIC_DEMO
SUP00233,Automotive Supplier 0233,Bangladesh,Dhaka,Dhaka,18.921,92.423,Distributor,Automotive,Tier-1,UNKNOWN,UNKNOWN,ACTIVE,PROJECT_DEMO_EXPANSION,2026-09-23,Synthetic/demo record; not a claim about a real company.,SYNTHETIC_DEMO
SUP00234,Pharma Supplier 0234,Vietnam,Ho Chi Minh,Ho Chi Minh City,26.058,74.854,Manufacturer,Pharma,Tier-1,UNKNOWN,UNKNOWN,ACTIVE,PROJECT_DEMO_EXPANSION,2026-09-23,Synthetic/demo record; not a claim about a real company.,SYNTHETIC_DEMO
SUP00235,Chemicals Supplier 0235,China,Guangdong,Shenzhen,33.195,86.285,Manufacturer,Chemicals,Tier-3,UNKNOWN,UNKNOWN,ACTIVE,PROJECT_DEMO_EXPANSION,2026-09-23,Synthetic/demo record; not a claim about a real company.,SYNTHETIC_DEMO
SUP00236,Food Supplier 0236,Taiwan,Hsinchu,Hsinchu,12.332,68.716,Service Provider,Food,Tier-1,UNKNOWN,UNKNOWN,ACTIVE,PROJECT_DEMO_EXPANSION,2026-09-23,Synthetic/demo record; not a claim about a real company.,SYNTHETIC_DEMO
SUP00237,Semiconductors Supplier 0237,Japan,Tokyo,Tokyo,19.469,80.147,Distributor,Semiconductors,Tier-2,LOW,UNKNOWN,ACTIVE,PROJECT_DEMO_EXPANSION,2026-09-23,Synthetic/demo record; not a claim about a real company.,SYNTHETIC_DEMO
SUP00238,Logistics Supplier 0238,Germany,Bavaria,Munich,26.606,91.578,Manufacturer,Logistics,Tier-3,LOW,UNKNOWN,ACTIVE,PROJECT_DEMO_EXPANSION,2026-09-23,Synthetic/demo record; not a claim about a real company.,SYNTHETIC_DEMO
SUP00239,Industrial Equipment Supplier 0239,USA,Texas,Austin,33.743,74.009,Manufacturer,Industrial Equipment,Tier-1,UNKNOWN,UNKNOWN,ACTIVE,PROJECT_DEMO_EXPANSION,2026-09-23,Synthetic/demo record; not a claim about a real company.,SYNTHETIC_DEMO
SUP00240,Packaging Supplier 0240,Mexico,Nuevo Leon,Monterrey,12.88,85.44,Distributor,Packaging,Tier-2,UNKNOWN,UNKNOWN,ACTIVE,PROJECT_DEMO_EXPANSION,2026-09-23,Synthetic/demo record; not a claim about a real company.,SYNTHETIC_DEMO
SUP00241,Apparel Supplier 0241,India,Maharashtra,Mumbai,20.017,96.871,Manufacturer,Apparel,Tier-3,HIGH,UNKNOWN,ACTIVE,PROJECT_DEMO_EXPANSION,2026-09-23,Synthetic/demo record; not a claim about a real company.,SYNTHETIC_DEMO
SUP00242,Electronics Supplier 0242,India,Karnataka,Bengaluru,27.154,79.302,Manufacturer,Electronics,Tier-1,UNKNOWN,UNKNOWN,UNKNOWN,PROJECT_DEMO_EXPANSION,2026-09-23,Synthetic/demo record; not a claim about a real company.,SYNTHETIC_DEMO
SUP00243,Automotive Supplier 0243,India,Uttar Pradesh,Noida,34.291,90.733,Service Provider,Automotive,Tier-1,HIGH,UNKNOWN,UNKNOWN,PROJECT_DEMO_EXPANSION,2026-09-23,Synthetic/demo record; not a claim about a real company.,SYNTHETIC_DEMO
SUP00244,Pharma Supplier 0244,India,Haryana,Gurugram,13.428,73.164,Service Provider,Pharma,Tier-2,MEDIUM,UNKNOWN,UNKNOWN,PROJECT_DEMO_EXPANSION,2026-09-23,Synthetic/demo record; not a claim about a real company.,SYNTHETIC_DEMO
SUP00245,Chemicals Supplier 0245,India,Tamil Nadu,Chennai,20.565,84.595,Service Provider,Chemicals,Tier-1,LOW,UNKNOWN,ACTIVE,PROJECT_DEMO_EXPANSION,2026-09-23,Synthetic/demo record; not a claim about a real company.,SYNTHETIC_DEMO
SUP00246,Food Supplier 0246,India,Telangana,Hyderabad,27.702,96.026,Manufacturer,Food,Tier-2,LOW,UNKNOWN,ACTIVE,PROJECT_DEMO_EXPANSION,2026-09-23,Synthetic/demo record; not a claim about a real company.,SYNTHETIC_DEMO
SUP00247,Semiconductors Supplier 0247,India,Maharashtra,Pune,34.839,78.457,Service Provider,Semiconductors,Tier-1,MEDIUM,UNKNOWN,ACTIVE,PROJECT_DEMO_EXPANSION,2026-09-23,Synthetic/demo record; not a claim about a real company.,SYNTHETIC_DEMO
SUP00248,Logistics Supplier 0248,Bangladesh,Dhaka,Dhaka,13.976,89.888,Distributor,Logistics,Tier-2,HIGH,UNKNOWN,ACTIVE,PROJECT_DEMO_EXPANSION,2026-09-23,Synthetic/demo record; not a claim about a real company.,SYNTHETIC_DEMO
SUP00249,Industrial Equipment Supplier 0249,Vietnam,Ho Chi Minh,Ho Chi Minh City,21.113,72.319,Contract Manufacturer,Industrial Equipment,Tier-3,UNKNOWN,UNKNOWN,ACTIVE,PROJECT_DEMO_EXPANSION,2026-09-23,Synthetic/demo record; not a claim about a real company.,SYNTHETIC_DEMO
SUP00250,Packaging Supplier 0250,China,Guangdong,Shenzhen,28.25,83.75,Manufacturer,Packaging,Tier-2,UNKNOWN,UNKNOWN,ACTIVE,PROJECT_DEMO_EXPANSION,2026-09-23,Synthetic/demo record; not a claim about a real company.,SYNTHETIC_DEMO
SUP00251,Apparel Supplier 0251,Taiwan,Hsinchu,Hsinchu,35.387,95.181,Distributor,Apparel,Tier-1,LOW,UNKNOWN,ACTIVE,PROJECT_DEMO_EXPANSION,2026-09-23,Synthetic/demo record; not a claim about a real company.,SYNTHETIC_DEMO
SUP00252,Electronics Supplier 0252,Japan,Tokyo,Tokyo,14.524,77.612,Contract Manufacturer,Electronics,Tier-3,LOW,UNKNOWN,ACTIVE,PROJECT_DEMO_EXPANSION,2026-09-23,Synthetic/demo record; not a claim about a real company.,SYNTHETIC_DEMO
SUP00253,Automotive Supplier 0253,Germany,Bavaria,Munich,21.661,89.043,Distributor,Automotive,Tier-2,LOW,UNKNOWN,ACTIVE,PROJECT_DEMO_EXPANSION,2026-09-23,Synthetic/demo record; not a claim about a real company.,SYNTHETIC_DEMO
SUP00254,Pharma Supplier 0254,USA,Texas,Austin,28.798,71.474,Service Provider,Pharma,Tier-2,HIGH,UNKNOWN,UNKNOWN,PROJECT_DEMO_EXPANSION,2026-09-23,Synthetic/demo record; not a claim about a real company.,SYNTHETIC_DEMO
SUP00255,Chemicals Supplier 0255,Mexico,Nuevo Leon,Monterrey,35.935,82.905,Distributor,Chemicals,Tier-3,HIGH,UNKNOWN,ACTIVE,PROJECT_DEMO_EXPANSION,2026-09-23,Synthetic/demo record; not a claim about a real company.,SYNTHETIC_DEMO
SUP00256,Food Supplier 0256,India,Maharashtra,Mumbai,15.072,94.336,Distributor,Food,Tier-3,MEDIUM,UNKNOWN,UNKNOWN,PROJECT_DEMO_EXPANSION,2026-09-23,Synthetic/demo record; not a claim about a real company.,SYNTHETIC_DEMO
SUP00257,Semiconductors Supplier 0257,India,Karnataka,Bengaluru,22.209,76.767,Contract Manufacturer,Semiconductors,Tier-3,MEDIUM,UNKNOWN,ACTIVE,PROJECT_DEMO_EXPANSION,2026-09-23,Synthetic/demo record; not a claim about a real company.,SYNTHETIC_DEMO
SUP00258,Logistics Supplier 0258,India,Uttar Pradesh,Noida,29.346,88.198,Distributor,Logistics,Tier-2,LOW,UNKNOWN,UNKNOWN,PROJECT_DEMO_EXPANSION,2026-09-23,Synthetic/demo record; not a claim about a real company.,SYNTHETIC_DEMO
SUP00259,Industrial Equipment Supplier 0259,India,Haryana,Gurugram,8.483,70.629,Service Provider,Industrial Equipment,Tier-1,HIGH,UNKNOWN,ACTIVE,PROJECT_DEMO_EXPANSION,2026-09-23,Synthetic/demo record; not a claim about a real company.,SYNTHETIC_DEMO
SUP00260,Packaging Supplier 0260,India,Tamil Nadu,Chennai,15.62,82.06,Service Provider,Packaging,Tier-3,UNKNOWN,UNKNOWN,ACTIVE,PROJECT_DEMO_EXPANSION,2026-09-23,Synthetic/demo record; not a claim about a real company.,SYNTHETIC_DEMO
SUP00261,Apparel Supplier 0261,India,Telangana,Hyderabad,22.757,93.491,Manufacturer,Apparel,Tier-3,LOW,UNKNOWN,ACTIVE,PROJECT_DEMO_EXPANSION,2026-09-23,Synthetic/demo record; not a claim about a real company.,SYNTHETIC_DEMO
SUP00262,Electronics Supplier 0262,India,Maharashtra,Pune,29.894,75.922,Contract Manufacturer,Electronics,Tier-3,HIGH,UNKNOWN,ACTIVE,PROJECT_DEMO_EXPANSION,2026-09-23,Synthetic/demo record; not a claim about a real company.,SYNTHETIC_DEMO
SUP00263,Automotive Supplier 0263,Bangladesh,Dhaka,Dhaka,9.031,87.353,Distributor,Automotive,Tier-3,HIGH,UNKNOWN,ACTIVE,PROJECT_DEMO_EXPANSION,2026-09-23,Synthetic/demo record; not a claim about a real company.,SYNTHETIC_DEMO
SUP00264,Pharma Supplier 0264,Vietnam,Ho Chi Minh,Ho Chi Minh City,16.168,69.784,Manufacturer,Pharma,Tier-1,LOW,UNKNOWN,ACTIVE,PROJECT_DEMO_EXPANSION,2026-09-23,Synthetic/demo record; not a claim about a real company.,SYNTHETIC_DEMO
SUP00265,Chemicals Supplier 0265,China,Guangdong,Shenzhen,23.305,81.215,Contract Manufacturer,Chemicals,Tier-3,HIGH,UNKNOWN,ACTIVE,PROJECT_DEMO_EXPANSION,2026-09-23,Synthetic/demo record; not a claim about a real company.,SYNTHETIC_DEMO
SUP00266,Food Supplier 0266,Taiwan,Hsinchu,Hsinchu,30.442,92.646,Service Provider,Food,Tier-3,HIGH,UNKNOWN,ACTIVE,PROJECT_DEMO_EXPANSION,2026-09-23,Synthetic/demo record; not a claim about a real company.,SYNTHETIC_DEMO
SUP00267,Semiconductors Supplier 0267,Japan,Tokyo,Tokyo,9.579,75.077,Manufacturer,Semiconductors,Tier-2,LOW,UNKNOWN,ACTIVE,PROJECT_DEMO_EXPANSION,2026-09-23,Synthetic/demo record; not a claim about a real company.,SYNTHETIC_DEMO
SUP00268,Logistics Supplier 0268,Germany,Bavaria,Munich,16.716,86.508,Service Provider,Logistics,Tier-2,LOW,UNKNOWN,UNKNOWN,PROJECT_DEMO_EXPANSION,2026-09-23,Synthetic/demo record; not a claim about a real company.,SYNTHETIC_DEMO
SUP00269,Industrial Equipment Supplier 0269,USA,Texas,Austin,23.853,68.939,Service Provider,Industrial Equipment,Tier-1,UNKNOWN,UNKNOWN,UNKNOWN,PROJECT_DEMO_EXPANSION,2026-09-23,Synthetic/demo record; not a claim about a real company.,SYNTHETIC_DEMO
SUP00270,Packaging Supplier 0270,Mexico,Nuevo Leon,Monterrey,30.99,80.37,Contract Manufacturer,Packaging,Tier-1,MEDIUM,UNKNOWN,ACTIVE,PROJECT_DEMO_EXPANSION,2026-09-23,Synthetic/demo record; not a claim about a real company.,SYNTHETIC_DEMO
SUP00271,Apparel Supplier 0271,India,Maharashtra,Mumbai,10.127,91.801,Distributor,Apparel,Tier-3,LOW,UNKNOWN,UNKNOWN,PROJECT_DEMO_EXPANSION,2026-09-23,Synthetic/demo record; not a claim about a real company.,SYNTHETIC_DEMO
SUP00272,Electronics Supplier 0272,India,Karnataka,Bengaluru,17.264,74.232,Distributor,Electronics,Tier-2,HIGH,UNKNOWN,UNKNOWN,PROJECT_DEMO_EXPANSION,2026-09-23,Synthetic/demo record; not a claim about a real company.,SYNTHETIC_DEMO
SUP00273,Automotive Supplier 0273,India,Uttar Pradesh,Noida,24.401,85.663,Service Provider,Automotive,Tier-1,MEDIUM,UNKNOWN,ACTIVE,PROJECT_DEMO_EXPANSION,2026-09-23,Synthetic/demo record; not a claim about a real company.,SYNTHETIC_DEMO
SUP00274,Pharma Supplier 0274,India,Haryana,Gurugram,31.538,68.094,Manufacturer,Pharma,Tier-3,MEDIUM,UNKNOWN,UNKNOWN,PROJECT_DEMO_EXPANSION,2026-09-23,Synthetic/demo record; not a claim about a real company.,SYNTHETIC_DEMO
SUP00275,Chemicals Supplier 0275,India,Tamil Nadu,Chennai,10.675,79.525,Service Provider,Chemicals,Tier-3,MEDIUM,UNKNOWN,ACTIVE,PROJECT_DEMO_EXPANSION,2026-09-23,Synthetic/demo record; not a claim about a real company.,SYNTHETIC_DEMO
SUP00276,Food Supplier 0276,India,Telangana,Hyderabad,17.812,90.956,Manufacturer,Food,Tier-2,MEDIUM,UNKNOWN,UNKNOWN,PROJECT_DEMO_EXPANSION,2026-09-23,Synthetic/demo record; not a claim about a real company.,SYNTHETIC_DEMO
SUP00277,Semiconductors Supplier 0277,India,Maharashtra,Pune,24.949,73.387,Manufacturer,Semiconductors,Tier-2,HIGH,UNKNOWN,ACTIVE,PROJECT_DEMO_EXPANSION,2026-09-23,Synthetic/demo record; not a claim about a real company.,SYNTHETIC_DEMO
SUP00278,Logistics Supplier 0278,Bangladesh,Dhaka,Dhaka,32.086,84.818,Distributor,Logistics,Tier-3,MEDIUM,UNKNOWN,ACTIVE,PROJECT_DEMO_EXPANSION,2026-09-23,Synthetic/demo record; not a claim about a real company.,SYNTHETIC_DEMO
SUP00279,Industrial Equipment Supplier 0279,Vietnam,Ho Chi Minh,Ho Chi Minh City,11.223,96.249,Service Provider,Industrial Equipment,Tier-3,LOW,UNKNOWN,ACTIVE,PROJECT_DEMO_EXPANSION,2026-09-23,Synthetic/demo record; not a claim about a real company.,SYNTHETIC_DEMO
SUP00280,Packaging Supplier 0280,China,Guangdong,Shenzhen,18.36,78.68,Distributor,Packaging,Tier-2,HIGH,UNKNOWN,ACTIVE,PROJECT_DEMO_EXPANSION,2026-09-23,Synthetic/demo record; not a claim about a real company.,SYNTHETIC_DEMO
SUP00281,Apparel Supplier 0281,Taiwan,Hsinchu,Hsinchu,25.497,90.111,Distributor,Apparel,Tier-3,UNKNOWN,UNKNOWN,ACTIVE,PROJECT_DEMO_EXPANSION,2026-09-23,Synthetic/demo record; not a claim about a real company.,SYNTHETIC_DEMO
SUP00282,Electronics Supplier 0282,Japan,Tokyo,Tokyo,32.634,72.542,Manufacturer,Electronics,Tier-3,HIGH,UNKNOWN,UNKNOWN,PROJECT_DEMO_EXPANSION,2026-09-23,Synthetic/demo record; not a claim about a real company.,SYNTHETIC_DEMO
SUP00283,Automotive Supplier 0283,Germany,Bavaria,Munich,11.771,83.973,Distributor,Automotive,Tier-3,HIGH,UNKNOWN,ACTIVE,PROJECT_DEMO_EXPANSION,2026-09-23,Synthetic/demo record; not a claim about a real company.,SYNTHETIC_DEMO
SUP00284,Pharma Supplier 0284,USA,Texas,Austin,18.908,95.404,Contract Manufacturer,Pharma,Tier-2,LOW,UNKNOWN,ACTIVE,PROJECT_DEMO_EXPANSION,2026-09-23,Synthetic/demo record; not a claim about a real company.,SYNTHETIC_DEMO
SUP00285,Chemicals Supplier 0285,Mexico,Nuevo Leon,Monterrey,26.045,77.835,Distributor,Chemicals,Tier-3,MEDIUM,UNKNOWN,UNKNOWN,PROJECT_DEMO_EXPANSION,2026-09-23,Synthetic/demo record; not a claim about a real company.,SYNTHETIC_DEMO
SUP00286,Food Supplier 0286,India,Maharashtra,Mumbai,33.182,89.266,Service Provider,Food,Tier-3,HIGH,UNKNOWN,ACTIVE,PROJECT_DEMO_EXPANSION,2026-09-23,Synthetic/demo record; not a claim about a real company.,SYNTHETIC_DEMO
SUP00287,Semiconductors Supplier 0287,India,Karnataka,Bengaluru,12.319,71.697,Service Provider,Semiconductors,Tier-1,LOW,UNKNOWN,ACTIVE,PROJECT_DEMO_EXPANSION,2026-09-23,Synthetic/demo record; not a claim about a real company.,SYNTHETIC_DEMO
SUP00288,Logistics Supplier 0288,India,Uttar Pradesh,Noida,19.456,83.128,Service Provider,Logistics,Tier-2,LOW,UNKNOWN,ACTIVE,PROJECT_DEMO_EXPANSION,2026-09-23,Synthetic/demo record; not a claim about a real company.,SYNTHETIC_DEMO
SUP00289,Industrial Equipment Supplier 0289,India,Haryana,Gurugram,26.593,94.559,Distributor,Industrial Equipment,Tier-3,MEDIUM,UNKNOWN,ACTIVE,PROJECT_DEMO_EXPANSION,2026-09-23,Synthetic/demo record; not a claim about a real company.,SYNTHETIC_DEMO
SUP00290,Packaging Supplier 0290,India,Tamil Nadu,Chennai,33.73,76.99,Manufacturer,Packaging,Tier-1,LOW,UNKNOWN,ACTIVE,PROJECT_DEMO_EXPANSION,2026-09-23,Synthetic/demo record; not a claim about a real company.,SYNTHETIC_DEMO
SUP00291,Apparel Supplier 0291,India,Telangana,Hyderabad,12.867,88.421,Contract Manufacturer,Apparel,Tier-3,MEDIUM,UNKNOWN,ACTIVE,PROJECT_DEMO_EXPANSION,2026-09-23,Synthetic/demo record; not a claim about a real company.,SYNTHETIC_DEMO
SUP00292,Electronics Supplier 0292,India,Maharashtra,Pune,20.004,70.852,Contract Manufacturer,Electronics,Tier-1,LOW,UNKNOWN,ACTIVE,PROJECT_DEMO_EXPANSION,2026-09-23,Synthetic/demo record; not a claim about a real company.,SYNTHETIC_DEMO
SUP00293,Automotive Supplier 0293,Bangladesh,Dhaka,Dhaka,27.141,82.283,Service Provider,Automotive,Tier-3,UNKNOWN,UNKNOWN,UNKNOWN,PROJECT_DEMO_EXPANSION,2026-09-23,Synthetic/demo record; not a claim about a real company.,SYNTHETIC_DEMO
SUP00294,Pharma Supplier 0294,Vietnam,Ho Chi Minh,Ho Chi Minh City,34.278,93.714,Service Provider,Pharma,Tier-3,MEDIUM,UNKNOWN,UNKNOWN,PROJECT_DEMO_EXPANSION,2026-09-23,Synthetic/demo record; not a claim about a real company.,SYNTHETIC_DEMO
SUP00295,Chemicals Supplier 0295,China,Guangdong,Shenzhen,13.415,76.145,Manufacturer,Chemicals,Tier-2,LOW,UNKNOWN,ACTIVE,PROJECT_DEMO_EXPANSION,2026-09-23,Synthetic/demo record; not a claim about a real company.,SYNTHETIC_DEMO
SUP00296,Food Supplier 0296,Taiwan,Hsinchu,Hsinchu,20.552,87.576,Service Provider,Food,Tier-2,LOW,UNKNOWN,UNKNOWN,PROJECT_DEMO_EXPANSION,2026-09-23,Synthetic/demo record; not a claim about a real company.,SYNTHETIC_DEMO
SUP00297,Semiconductors Supplier 0297,Japan,Tokyo,Tokyo,27.689,70.007,Manufacturer,Semiconductors,Tier-1,MEDIUM,UNKNOWN,ACTIVE,PROJECT_DEMO_EXPANSION,2026-09-23,Synthetic/demo record; not a claim about a real company.,SYNTHETIC_DEMO
SUP00298,Logistics Supplier 0298,Germany,Bavaria,Munich,34.826,81.438,Distributor,Logistics,Tier-2,MEDIUM,UNKNOWN,UNKNOWN,PROJECT_DEMO_EXPANSION,2026-09-23,Synthetic/demo record; not a claim about a real company.,SYNTHETIC_DEMO
SUP00299,Industrial Equipment Supplier 0299,USA,Texas,Austin,13.963,92.869,Contract Manufacturer,Industrial Equipment,Tier-3,MEDIUM,UNKNOWN,ACTIVE,PROJECT_DEMO_EXPANSION,2026-09-23,Synthetic/demo record; not a claim about a real company.,SYNTHETIC_DEMO
SUP00300,Packaging Supplier 0300,Mexico,Nuevo Leon,Monterrey,21.1,75.3,Service Provider,Packaging,Tier-2,HIGH,UNKNOWN,UNKNOWN,PROJECT_DEMO_EXPANSION,2026-09-23,Synthetic/demo record; not a claim about a real company.,SYNTHETIC_DEMO
SUP00301,Apparel Supplier 0301,India,Maharashtra,Mumbai,28.237,86.731,Distributor,Apparel,Tier-1,LOW,UNKNOWN,UNKNOWN,PROJECT_DEMO_EXPANSION,2026-09-23,Synthetic/demo record; not a claim about a real company.,SYNTHETIC_DEMO
SUP00302,Electronics Supplier 0302,India,Karnataka,Bengaluru,35.374,69.162,Service Provider,Electronics,Tier-1,HIGH,UNKNOWN,ACTIVE,PROJECT_DEMO_EXPANSION,2026-09-23,Synthetic/demo record; not a claim about a real company.,SYNTHETIC_DEMO
SUP00303,Automotive Supplier 0303,India,Uttar Pradesh,Noida,14.511,80.593,Manufacturer,Automotive,Tier-3,LOW,UNKNOWN,UNKNOWN,PROJECT_DEMO_EXPANSION,2026-09-23,Synthetic/demo record; not a claim about a real company.,SYNTHETIC_DEMO
SUP00304,Pharma Supplier 0304,India,Haryana,Gurugram,21.648,92.024,Manufacturer,Pharma,Tier-3,HIGH,UNKNOWN,ACTIVE,PROJECT_DEMO_EXPANSION,2026-09-23,Synthetic/demo record; not a claim about a real company.,SYNTHETIC_DEMO
SUP00305,Chemicals Supplier 0305,India,Tamil Nadu,Chennai,28.785,74.455,Contract Manufacturer,Chemicals,Tier-3,MEDIUM,UNKNOWN,UNKNOWN,PROJECT_DEMO_EXPANSION,2026-09-23,Synthetic/demo record; not a claim about a real company.,SYNTHETIC_DEMO
SUP00306,Food Supplier 0306,India,Telangana,Hyderabad,35.922,85.886,Contract Manufacturer,Food,Tier-3,MEDIUM,UNKNOWN,ACTIVE,PROJECT_DEMO_EXPANSION,2026-09-23,Synthetic/demo record; not a claim about a real company.,SYNTHETIC_DEMO
SUP00307,Semiconductors Supplier 0307,India,Maharashtra,Pune,15.059,68.317,Service Provider,Semiconductors,Tier-3,HIGH,UNKNOWN,ACTIVE,PROJECT_DEMO_EXPANSION,2026-09-23,Synthetic/demo record; not a claim about a real company.,SYNTHETIC_DEMO
SUP00308,Logistics Supplier 0308,Bangladesh,Dhaka,Dhaka,22.196,79.748,Distributor,Logistics,Tier-2,HIGH,UNKNOWN,ACTIVE,PROJECT_DEMO_EXPANSION,2026-09-23,Synthetic/demo record; not a claim about a real company.,SYNTHETIC_DEMO
SUP00309,Industrial Equipment Supplier 0309,Vietnam,Ho Chi Minh,Ho Chi Minh City,29.333,91.179,Manufacturer,Industrial Equipment,Tier-3,UNKNOWN,UNKNOWN,ACTIVE,PROJECT_DEMO_EXPANSION,2026-09-23,Synthetic/demo record; not a claim about a real company.,SYNTHETIC_DEMO
SUP00310,Packaging Supplier 0310,China,Guangdong,Shenzhen,8.47,73.61,Distributor,Packaging,Tier-1,UNKNOWN,UNKNOWN,UNKNOWN,PROJECT_DEMO_EXPANSION,2026-09-23,Synthetic/demo record; not a claim about a real company.,SYNTHETIC_DEMO
SUP00311,Apparel Supplier 0311,Taiwan,Hsinchu,Hsinchu,15.607,85.041,Manufacturer,Apparel,Tier-2,UNKNOWN,UNKNOWN,ACTIVE,PROJECT_DEMO_EXPANSION,2026-09-23,Synthetic/demo record; not a claim about a real company.,SYNTHETIC_DEMO
SUP00312,Electronics Supplier 0312,Japan,Tokyo,Tokyo,22.744,96.472,Service Provider,Electronics,Tier-2,UNKNOWN,UNKNOWN,UNKNOWN,PROJECT_DEMO_EXPANSION,2026-09-23,Synthetic/demo record; not a claim about a real company.,SYNTHETIC_DEMO
SUP00313,Automotive Supplier 0313,Germany,Bavaria,Munich,29.881,78.903,Service Provider,Automotive,Tier-1,UNKNOWN,UNKNOWN,ACTIVE,PROJECT_DEMO_EXPANSION,2026-09-23,Synthetic/demo record; not a claim about a real company.,SYNTHETIC_DEMO
SUP00314,Pharma Supplier 0314,USA,Texas,Austin,9.018,90.334,Contract Manufacturer,Pharma,Tier-3,LOW,UNKNOWN,ACTIVE,PROJECT_DEMO_EXPANSION,2026-09-23,Synthetic/demo record; not a claim about a real company.,SYNTHETIC_DEMO
SUP00315,Chemicals Supplier 0315,Mexico,Nuevo Leon,Monterrey,16.155,72.765,Manufacturer,Chemicals,Tier-2,HIGH,UNKNOWN,ACTIVE,PROJECT_DEMO_EXPANSION,2026-09-23,Synthetic/demo record; not a claim about a real company.,SYNTHETIC_DEMO
SUP00316,Food Supplier 0316,India,Maharashtra,Mumbai,23.292,84.196,Manufacturer,Food,Tier-3,UNKNOWN,UNKNOWN,ACTIVE,PROJECT_DEMO_EXPANSION,2026-09-23,Synthetic/demo record; not a claim about a real company.,SYNTHETIC_DEMO
SUP00317,Semiconductors Supplier 0317,India,Karnataka,Bengaluru,30.429,95.627,Contract Manufacturer,Semiconductors,Tier-3,MEDIUM,UNKNOWN,ACTIVE,PROJECT_DEMO_EXPANSION,2026-09-23,Synthetic/demo record; not a claim about a real company.,SYNTHETIC_DEMO
SUP00318,Logistics Supplier 0318,India,Uttar Pradesh,Noida,9.566,78.058,Distributor,Logistics,Tier-3,HIGH,UNKNOWN,UNKNOWN,PROJECT_DEMO_EXPANSION,2026-09-23,Synthetic/demo record; not a claim about a real company.,SYNTHETIC_DEMO
SUP00319,Industrial Equipment Supplier 0319,India,Haryana,Gurugram,16.703,89.489,Contract Manufacturer,Industrial Equipment,Tier-2,HIGH,UNKNOWN,ACTIVE,PROJECT_DEMO_EXPANSION,2026-09-23,Synthetic/demo record; not a claim about a real company.,SYNTHETIC_DEMO
SUP00320,Packaging Supplier 0320,India,Tamil Nadu,Chennai,23.84,71.92,Service Provider,Packaging,Tier-1,MEDIUM,UNKNOWN,ACTIVE,PROJECT_DEMO_EXPANSION,2026-09-23,Synthetic/demo record; not a claim about a real company.,SYNTHETIC_DEMO
SUP00321,Apparel Supplier 0321,India,Telangana,Hyderabad,30.977,83.351,Service Provider,Apparel,Tier-3,UNKNOWN,UNKNOWN,ACTIVE,PROJECT_DEMO_EXPANSION,2026-09-23,Synthetic/demo record; not a claim about a real company.,SYNTHETIC_DEMO
SUP00322,Electronics Supplier 0322,India,Maharashtra,Pune,10.114,94.782,Manufacturer,Electronics,Tier-3,HIGH,UNKNOWN,ACTIVE,PROJECT_DEMO_EXPANSION,2026-09-23,Synthetic/demo record; not a claim about a real company.,SYNTHETIC_DEMO
SUP00323,Automotive Supplier 0323,Bangladesh,Dhaka,Dhaka,17.251,77.213,Contract Manufacturer,Automotive,Tier-3,MEDIUM,UNKNOWN,ACTIVE,PROJECT_DEMO_EXPANSION,2026-09-23,Synthetic/demo record; not a claim about a real company.,SYNTHETIC_DEMO
SUP00324,Pharma Supplier 0324,Vietnam,Ho Chi Minh,Ho Chi Minh City,24.388,88.644,Distributor,Pharma,Tier-2,MEDIUM,UNKNOWN,UNKNOWN,PROJECT_DEMO_EXPANSION,2026-09-23,Synthetic/demo record; not a claim about a real company.,SYNTHETIC_DEMO
SUP00325,Chemicals Supplier 0325,China,Guangdong,Shenzhen,31.525,71.075,Service Provider,Chemicals,Tier-2,HIGH,UNKNOWN,ACTIVE,PROJECT_DEMO_EXPANSION,2026-09-23,Synthetic/demo record; not a claim about a real company.,SYNTHETIC_DEMO
SUP00326,Food Supplier 0326,Taiwan,Hsinchu,Hsinchu,10.662,82.506,Service Provider,Food,Tier-1,UNKNOWN,UNKNOWN,ACTIVE,PROJECT_DEMO_EXPANSION,2026-09-23,Synthetic/demo record; not a claim about a real company.,SYNTHETIC_DEMO
SUP00327,Semiconductors Supplier 0327,Japan,Tokyo,Tokyo,17.799,93.937,Service Provider,Semiconductors,Tier-3,MEDIUM,UNKNOWN,ACTIVE,PROJECT_DEMO_EXPANSION,2026-09-23,Synthetic/demo record; not a claim about a real company.,SYNTHETIC_DEMO
SUP00328,Logistics Supplier 0328,Germany,Bavaria,Munich,24.936,76.368,Distributor,Logistics,Tier-1,HIGH,UNKNOWN,ACTIVE,PROJECT_DEMO_EXPANSION,2026-09-23,Synthetic/demo record; not a claim about a real company.,SYNTHETIC_DEMO
SUP00329,Industrial Equipment Supplier 0329,USA,Texas,Austin,32.073,87.799,Service Provider,Industrial Equipment,Tier-1,MEDIUM,UNKNOWN,ACTIVE,PROJECT_DEMO_EXPANSION,2026-09-23,Synthetic/demo record; not a claim about a real company.,SYNTHETIC_DEMO
SUP00330,Packaging Supplier 0330,Mexico,Nuevo Leon,Monterrey,11.21,70.23,Contract Manufacturer,Packaging,Tier-2,MEDIUM,UNKNOWN,UNKNOWN,PROJECT_DEMO_EXPANSION,2026-09-23,Synthetic/demo record; not a claim about a real company.,SYNTHETIC_DEMO
SUP00331,Apparel Supplier 0331,India,Maharashtra,Mumbai,18.347,81.661,Manufacturer,Apparel,Tier-1,LOW,UNKNOWN,ACTIVE,PROJECT_DEMO_EXPANSION,2026-09-23,Synthetic/demo record; not a claim about a real company.,SYNTHETIC_DEMO
SUP00332,Electronics Supplier 0332,India,Karnataka,Bengaluru,25.484,93.092,Service Provider,Electronics,Tier-1,LOW,UNKNOWN,UNKNOWN,PROJECT_DEMO_EXPANSION,2026-09-23,Synthetic/demo record; not a claim about a real company.,SYNTHETIC_DEMO
SUP00333,Automotive Supplier 0333,India,Uttar Pradesh,Noida,32.621,75.523,Distributor,Automotive,Tier-3,HIGH,UNKNOWN,UNKNOWN,PROJECT_DEMO_EXPANSION,2026-09-23,Synthetic/demo record; not a claim about a real company.,SYNTHETIC_DEMO
SUP00334,Pharma Supplier 0334,India,Haryana,Gurugram,11.758,86.954,Distributor,Pharma,Tier-1,MEDIUM,UNKNOWN,UNKNOWN,PROJECT_DEMO_EXPANSION,2026-09-23,Synthetic/demo record; not a claim about a real company.,SYNTHETIC_DEMO
SUP00335,Chemicals Supplier 0335,India,Tamil Nadu,Chennai,18.895,69.385,Distributor,Chemicals,Tier-1,MEDIUM,UNKNOWN,ACTIVE,PROJECT_DEMO_EXPANSION,2026-09-23,Synthetic/demo record; not a claim about a real company.,SYNTHETIC_DEMO
SUP00336,Food Supplier 0336,India,Telangana,Hyderabad,26.032,80.816,Distributor,Food,Tier-3,LOW,UNKNOWN,ACTIVE,PROJECT_DEMO_EXPANSION,2026-09-23,Synthetic/demo record; not a claim about a real company.,SYNTHETIC_DEMO
SUP00337,Semiconductors Supplier 0337,India,Maharashtra,Pune,33.169,92.247,Contract Manufacturer,Semiconductors,Tier-1,LOW,UNKNOWN,ACTIVE,PROJECT_DEMO_EXPANSION,2026-09-23,Synthetic/demo record; not a claim about a real company.,SYNTHETIC_DEMO
SUP00338,Logistics Supplier 0338,Bangladesh,Dhaka,Dhaka,12.306,74.678,Service Provider,Logistics,Tier-1,LOW,UNKNOWN,UNKNOWN,PROJECT_DEMO_EXPANSION,2026-09-23,Synthetic/demo record; not a claim about a real company.,SYNTHETIC_DEMO
SUP00339,Industrial Equipment Supplier 0339,Vietnam,Ho Chi Minh,Ho Chi Minh City,19.443,86.109,Service Provider,Industrial Equipment,Tier-2,MEDIUM,UNKNOWN,ACTIVE,PROJECT_DEMO_EXPANSION,2026-09-23,Synthetic/demo record; not a claim about a real company.,SYNTHETIC_DEMO
SUP00340,Packaging Supplier 0340,China,Guangdong,Shenzhen,26.58,68.54,Contract Manufacturer,Packaging,Tier-1,LOW,UNKNOWN,ACTIVE,PROJECT_DEMO_EXPANSION,2026-09-23,Synthetic/demo record; not a claim about a real company.,SYNTHETIC_DEMO
SUP00341,Apparel Supplier 0341,Taiwan,Hsinchu,Hsinchu,33.717,79.971,Manufacturer,Apparel,Tier-2,MEDIUM,UNKNOWN,ACTIVE,PROJECT_DEMO_EXPANSION,2026-09-23,Synthetic/demo record; not a claim about a real company.,SYNTHETIC_DEMO
SUP00342,Electronics Supplier 0342,Japan,Tokyo,Tokyo,12.854,91.402,Contract Manufacturer,Electronics,Tier-1,LOW,UNKNOWN,ACTIVE,PROJECT_DEMO_EXPANSION,2026-09-23,Synthetic/demo record; not a claim about a real company.,SYNTHETIC_DEMO
SUP00343,Automotive Supplier 0343,Germany,Bavaria,Munich,19.991,73.833,Service Provider,Automotive,Tier-1,UNKNOWN,UNKNOWN,ACTIVE,PROJECT_DEMO_EXPANSION,2026-09-23,Synthetic/demo record; not a claim about a real company.,SYNTHETIC_DEMO
SUP00344,Pharma Supplier 0344,USA,Texas,Austin,27.128,85.264,Distributor,Pharma,Tier-3,MEDIUM,UNKNOWN,ACTIVE,PROJECT_DEMO_EXPANSION,2026-09-23,Synthetic/demo record; not a claim about a real company.,SYNTHETIC_DEMO
SUP00345,Chemicals Supplier 0345,Mexico,Nuevo Leon,Monterrey,34.265,96.695,Contract Manufacturer,Chemicals,Tier-1,LOW,UNKNOWN,ACTIVE,PROJECT_DEMO_EXPANSION,2026-09-23,Synthetic/demo record; not a claim about a real company.,SYNTHETIC_DEMO
SUP00346,Food Supplier 0346,India,Maharashtra,Mumbai,13.402,79.126,Distributor,Food,Tier-2,MEDIUM,UNKNOWN,ACTIVE,PROJECT_DEMO_EXPANSION,2026-09-23,Synthetic/demo record; not a claim about a real company.,SYNTHETIC_DEMO
SUP00347,Semiconductors Supplier 0347,India,Karnataka,Bengaluru,20.539,90.557,Manufacturer,Semiconductors,Tier-2,UNKNOWN,UNKNOWN,ACTIVE,PROJECT_DEMO_EXPANSION,2026-09-23,Synthetic/demo record; not a claim about a real company.,SYNTHETIC_DEMO
SUP00348,Logistics Supplier 0348,India,Uttar Pradesh,Noida,27.676,72.988,Contract Manufacturer,Logistics,Tier-1,LOW,UNKNOWN,ACTIVE,PROJECT_DEMO_EXPANSION,2026-09-23,Synthetic/demo record; not a claim about a real company.,SYNTHETIC_DEMO
SUP00349,Industrial Equipment Supplier 0349,India,Haryana,Gurugram,34.813,84.419,Service Provider,Industrial Equipment,Tier-1,UNKNOWN,UNKNOWN,ACTIVE,PROJECT_DEMO_EXPANSION,2026-09-23,Synthetic/demo record; not a claim about a real company.,SYNTHETIC_DEMO
SUP00350,Packaging Supplier 0350,India,Tamil Nadu,Chennai,13.95,95.85,Contract Manufacturer,Packaging,Tier-3,HIGH,UNKNOWN,ACTIVE,PROJECT_DEMO_EXPANSION,2026-09-23,Synthetic/demo record; not a claim about a real company.,SYNTHETIC_DEMO
SUP00351,Apparel Supplier 0351,India,Telangana,Hyderabad,21.087,78.281,Manufacturer,Apparel,Tier-2,MEDIUM,UNKNOWN,ACTIVE,PROJECT_DEMO_EXPANSION,2026-09-23,Synthetic/demo record; not a claim about a real company.,SYNTHETIC_DEMO
SUP00352,Electronics Supplier 0352,India,Maharashtra,Pune,28.224,89.712,Contract Manufacturer,Electronics,Tier-3,MEDIUM,UNKNOWN,ACTIVE,PROJECT_DEMO_EXPANSION,2026-09-23,Synthetic/demo record; not a claim about a real company.,SYNTHETIC_DEMO
SUP00353,Automotive Supplier 0353,Bangladesh,Dhaka,Dhaka,35.361,72.143,Manufacturer,Automotive,Tier-3,MEDIUM,UNKNOWN,ACTIVE,PROJECT_DEMO_EXPANSION,2026-09-23,Synthetic/demo record; not a claim about a real company.,SYNTHETIC_DEMO
SUP00354,Pharma Supplier 0354,Vietnam,Ho Chi Minh,Ho Chi Minh City,14.498,83.574,Manufacturer,Pharma,Tier-1,LOW,UNKNOWN,ACTIVE,PROJECT_DEMO_EXPANSION,2026-09-23,Synthetic/demo record; not a claim about a real company.,SYNTHETIC_DEMO
SUP00355,Chemicals Supplier 0355,China,Guangdong,Shenzhen,21.635,95.005,Service Provider,Chemicals,Tier-2,UNKNOWN,UNKNOWN,ACTIVE,PROJECT_DEMO_EXPANSION,2026-09-23,Synthetic/demo record; not a claim about a real company.,SYNTHETIC_DEMO
SUP00356,Food Supplier 0356,Taiwan,Hsinchu,Hsinchu,28.772,77.436,Distributor,Food,Tier-3,UNKNOWN,UNKNOWN,ACTIVE,PROJECT_DEMO_EXPANSION,2026-09-23,Synthetic/demo record; not a claim about a real company.,SYNTHETIC_DEMO
SUP00357,Semiconductors Supplier 0357,Japan,Tokyo,Tokyo,35.909,88.867,Service Provider,Semiconductors,Tier-2,LOW,UNKNOWN,ACTIVE,PROJECT_DEMO_EXPANSION,2026-09-23,Synthetic/demo record; not a claim about a real company.,SYNTHETIC_DEMO
SUP00358,Logistics Supplier 0358,Germany,Bavaria,Munich,15.046,71.298,Distributor,Logistics,Tier-3,UNKNOWN,UNKNOWN,ACTIVE,PROJECT_DEMO_EXPANSION,2026-09-23,Synthetic/demo record; not a claim about a real company.,SYNTHETIC_DEMO
SUP00359,Industrial Equipment Supplier 0359,USA,Texas,Austin,22.183,82.729,Distributor,Industrial Equipment,Tier-2,MEDIUM,UNKNOWN,ACTIVE,PROJECT_DEMO_EXPANSION,2026-09-23,Synthetic/demo record; not a claim about a real company.,SYNTHETIC_DEMO
SUP00360,Packaging Supplier 0360,Mexico,Nuevo Leon,Monterrey,29.32,94.16,Contract Manufacturer,Packaging,Tier-2,LOW,UNKNOWN,ACTIVE,PROJECT_DEMO_EXPANSION,2026-09-23,Synthetic/demo record; not a claim about a real company.,SYNTHETIC_DEMO
SUP00361,Apparel Supplier 0361,India,Maharashtra,Mumbai,8.457,76.591,Distributor,Apparel,Tier-3,MEDIUM,UNKNOWN,ACTIVE,PROJECT_DEMO_EXPANSION,2026-09-23,Synthetic/demo record; not a claim about a real company.,SYNTHETIC_DEMO
SUP00362,Electronics Supplier 0362,India,Karnataka,Bengaluru,15.594,88.022,Service Provider,Electronics,Tier-1,MEDIUM,UNKNOWN,UNKNOWN,PROJECT_DEMO_EXPANSION,2026-09-23,Synthetic/demo record; not a claim about a real company.,SYNTHETIC_DEMO
SUP00363,Automotive Supplier 0363,India,Uttar Pradesh,Noida,22.731,70.453,Manufacturer,Automotive,Tier-2,LOW,UNKNOWN,ACTIVE,PROJECT_DEMO_EXPANSION,2026-09-23,Synthetic/demo record; not a claim about a real company.,SYNTHETIC_DEMO
SUP00364,Pharma Supplier 0364,India,Haryana,Gurugram,29.868,81.884,Distributor,Pharma,Tier-3,UNKNOWN,UNKNOWN,ACTIVE,PROJECT_DEMO_EXPANSION,2026-09-23,Synthetic/demo record; not a claim about a real company.,SYNTHETIC_DEMO
SUP00365,Chemicals Supplier 0365,India,Tamil Nadu,Chennai,9.005,93.315,Service Provider,Chemicals,Tier-3,UNKNOWN,UNKNOWN,ACTIVE,PROJECT_DEMO_EXPANSION,2026-09-23,Synthetic/demo record; not a claim about a real company.,SYNTHETIC_DEMO
SUP00366,Food Supplier 0366,India,Telangana,Hyderabad,16.142,75.746,Manufacturer,Food,Tier-1,LOW,UNKNOWN,ACTIVE,PROJECT_DEMO_EXPANSION,2026-09-23,Synthetic/demo record; not a claim about a real company.,SYNTHETIC_DEMO
SUP00367,Semiconductors Supplier 0367,India,Maharashtra,Pune,23.279,87.177,Manufacturer,Semiconductors,Tier-2,UNKNOWN,UNKNOWN,ACTIVE,PROJECT_DEMO_EXPANSION,2026-09-23,Synthetic/demo record; not a claim about a real company.,SYNTHETIC_DEMO
SUP00368,Logistics Supplier 0368,Bangladesh,Dhaka,Dhaka,30.416,69.608,Manufacturer,Logistics,Tier-3,MEDIUM,UNKNOWN,ACTIVE,PROJECT_DEMO_EXPANSION,2026-09-23,Synthetic/demo record; not a claim about a real company.,SYNTHETIC_DEMO
SUP00369,Industrial Equipment Supplier 0369,Vietnam,Ho Chi Minh,Ho Chi Minh City,9.553,81.039,Service Provider,Industrial Equipment,Tier-2,UNKNOWN,UNKNOWN,ACTIVE,PROJECT_DEMO_EXPANSION,2026-09-23,Synthetic/demo record; not a claim about a real company.,SYNTHETIC_DEMO
SUP00370,Packaging Supplier 0370,China,Guangdong,Shenzhen,16.69,92.47,Contract Manufacturer,Packaging,Tier-1,MEDIUM,UNKNOWN,ACTIVE,PROJECT_DEMO_EXPANSION,2026-09-23,Synthetic/demo record; not a claim about a real company.,SYNTHETIC_DEMO
SUP00371,Apparel Supplier 0371,Taiwan,Hsinchu,Hsinchu,23.827,74.901,Contract Manufacturer,Apparel,Tier-3,HIGH,UNKNOWN,ACTIVE,PROJECT_DEMO_EXPANSION,2026-09-23,Synthetic/demo record; not a claim about a real company.,SYNTHETIC_DEMO
SUP00372,Electronics Supplier 0372,Japan,Tokyo,Tokyo,30.964,86.332,Manufacturer,Electronics,Tier-2,MEDIUM,UNKNOWN,UNKNOWN,PROJECT_DEMO_EXPANSION,2026-09-23,Synthetic/demo record; not a claim about a real company.,SYNTHETIC_DEMO
SUP00373,Automotive Supplier 0373,Germany,Bavaria,Munich,10.101,68.763,Contract Manufacturer,Automotive,Tier-2,HIGH,UNKNOWN,ACTIVE,PROJECT_DEMO_EXPANSION,2026-09-23,Synthetic/demo record; not a claim about a real company.,SYNTHETIC_DEMO
SUP00374,Pharma Supplier 0374,USA,Texas,Austin,17.238,80.194,Service Provider,Pharma,Tier-1,UNKNOWN,UNKNOWN,UNKNOWN,PROJECT_DEMO_EXPANSION,2026-09-23,Synthetic/demo record; not a claim about a real company.,SYNTHETIC_DEMO
SUP00375,Chemicals Supplier 0375,Mexico,Nuevo Leon,Monterrey,24.375,91.625,Distributor,Chemicals,Tier-2,HIGH,UNKNOWN,ACTIVE,PROJECT_DEMO_EXPANSION,2026-09-23,Synthetic/demo record; not a claim about a real company.,SYNTHETIC_DEMO
SUP00376,Food Supplier 0376,India,Maharashtra,Mumbai,31.512,74.056,Manufacturer,Food,Tier-1,LOW,UNKNOWN,ACTIVE,PROJECT_DEMO_EXPANSION,2026-09-23,Synthetic/demo record; not a claim about a real company.,SYNTHETIC_DEMO
SUP00377,Semiconductors Supplier 0377,India,Karnataka,Bengaluru,10.649,85.487,Manufacturer,Semiconductors,Tier-2,UNKNOWN,UNKNOWN,ACTIVE,PROJECT_DEMO_EXPANSION,2026-09-23,Synthetic/demo record; not a claim about a real company.,SYNTHETIC_DEMO
SUP00378,Logistics Supplier 0378,India,Uttar Pradesh,Noida,17.786,96.918,Service Provider,Logistics,Tier-1,HIGH,UNKNOWN,ACTIVE,PROJECT_DEMO_EXPANSION,2026-09-23,Synthetic/demo record; not a claim about a real company.,SYNTHETIC_DEMO
SUP00379,Industrial Equipment Supplier 0379,India,Haryana,Gurugram,24.923,79.349,Contract Manufacturer,Industrial Equipment,Tier-3,HIGH,UNKNOWN,ACTIVE,PROJECT_DEMO_EXPANSION,2026-09-23,Synthetic/demo record; not a claim about a real company.,SYNTHETIC_DEMO
SUP00380,Packaging Supplier 0380,India,Tamil Nadu,Chennai,32.06,90.78,Service Provider,Packaging,Tier-2,LOW,UNKNOWN,ACTIVE,PROJECT_DEMO_EXPANSION,2026-09-23,Synthetic/demo record; not a claim about a real company.,SYNTHETIC_DEMO
SUP00381,Apparel Supplier 0381,India,Telangana,Hyderabad,11.197,73.211,Distributor,Apparel,Tier-3,MEDIUM,UNKNOWN,ACTIVE,PROJECT_DEMO_EXPANSION,2026-09-23,Synthetic/demo record; not a claim about a real company.,SYNTHETIC_DEMO
SUP00382,Electronics Supplier 0382,India,Maharashtra,Pune,18.334,84.642,Manufacturer,Electronics,Tier-1,HIGH,UNKNOWN,ACTIVE,PROJECT_DEMO_EXPANSION,2026-09-23,Synthetic/demo record; not a claim about a real company.,SYNTHETIC_DEMO
SUP00383,Automotive Supplier 0383,Bangladesh,Dhaka,Dhaka,25.471,96.073,Contract Manufacturer,Automotive,Tier-2,MEDIUM,UNKNOWN,ACTIVE,PROJECT_DEMO_EXPANSION,2026-09-23,Synthetic/demo record; not a claim about a real company.,SYNTHETIC_DEMO
SUP00384,Pharma Supplier 0384,Vietnam,Ho Chi Minh,Ho Chi Minh City,32.608,78.504,Manufacturer,Pharma,Tier-3,HIGH,UNKNOWN,UNKNOWN,PROJECT_DEMO_EXPANSION,2026-09-23,Synthetic/demo record; not a claim about a real company.,SYNTHETIC_DEMO
SUP00385,Chemicals Supplier 0385,China,Guangdong,Shenzhen,11.745,89.935,Manufacturer,Chemicals,Tier-2,HIGH,UNKNOWN,ACTIVE,PROJECT_DEMO_EXPANSION,2026-09-23,Synthetic/demo record; not a claim about a real company.,SYNTHETIC_DEMO
SUP00386,Food Supplier 0386,Taiwan,Hsinchu,Hsinchu,18.882,72.366,Manufacturer,Food,Tier-1,LOW,UNKNOWN,ACTIVE,PROJECT_DEMO_EXPANSION,2026-09-23,Synthetic/demo record; not a claim about a real company.,SYNTHETIC_DEMO
SUP00387,Semiconductors Supplier 0387,Japan,Tokyo,Tokyo,26.019,83.797,Contract Manufacturer,Semiconductors,Tier-3,HIGH,UNKNOWN,ACTIVE,PROJECT_DEMO_EXPANSION,2026-09-23,Synthetic/demo record; not a claim about a real company.,SYNTHETIC_DEMO
SUP00388,Logistics Supplier 0388,Germany,Bavaria,Munich,33.156,95.228,Service Provider,Logistics,Tier-2,LOW,UNKNOWN,ACTIVE,PROJECT_DEMO_EXPANSION,2026-09-23,Synthetic/demo record; not a claim about a real company.,SYNTHETIC_DEMO
SUP00389,Industrial Equipment Supplier 0389,USA,Texas,Austin,12.293,77.659,Contract Manufacturer,Industrial Equipment,Tier-3,HIGH,UNKNOWN,UNKNOWN,PROJECT_DEMO_EXPANSION,2026-09-23,Synthetic/demo record; not a claim about a real company.,SYNTHETIC_DEMO
SUP00390,Packaging Supplier 0390,Mexico,Nuevo Leon,Monterrey,19.43,89.09,Contract Manufacturer,Packaging,Tier-3,MEDIUM,UNKNOWN,ACTIVE,PROJECT_DEMO_EXPANSION,2026-09-23,Synthetic/demo record; not a claim about a real company.,SYNTHETIC_DEMO
SUP00391,Apparel Supplier 0391,India,Maharashtra,Mumbai,26.567,71.521,Service Provider,Apparel,Tier-3,MEDIUM,UNKNOWN,ACTIVE,PROJECT_DEMO_EXPANSION,2026-09-23,Synthetic/demo record; not a claim about a real company.,SYNTHETIC_DEMO
SUP00392,Electronics Supplier 0392,India,Karnataka,Bengaluru,33.704,82.952,Service Provider,Electronics,Tier-3,UNKNOWN,UNKNOWN,UNKNOWN,PROJECT_DEMO_EXPANSION,2026-09-23,Synthetic/demo record; not a claim about a real company.,SYNTHETIC_DEMO
SUP00393,Automotive Supplier 0393,India,Uttar Pradesh,Noida,12.841,94.383,Contract Manufacturer,Automotive,Tier-2,MEDIUM,UNKNOWN,ACTIVE,PROJECT_DEMO_EXPANSION,2026-09-23,Synthetic/demo record; not a claim about a real company.,SYNTHETIC_DEMO
SUP00394,Pharma Supplier 0394,India,Haryana,Gurugram,19.978,76.814,Service Provider,Pharma,Tier-3,HIGH,UNKNOWN,ACTIVE,PROJECT_DEMO_EXPANSION,2026-09-23,Synthetic/demo record; not a claim about a real company.,SYNTHETIC_DEMO
SUP00395,Chemicals Supplier 0395,India,Tamil Nadu,Chennai,27.115,88.245,Service Provider,Chemicals,Tier-3,MEDIUM,UNKNOWN,ACTIVE,PROJECT_DEMO_EXPANSION,2026-09-23,Synthetic/demo record; not a claim about a real company.,SYNTHETIC_DEMO
SUP00396,Food Supplier 0396,India,Telangana,Hyderabad,34.252,70.676,Manufacturer,Food,Tier-1,UNKNOWN,UNKNOWN,ACTIVE,PROJECT_DEMO_EXPANSION,2026-09-23,Synthetic/demo record; not a claim about a real company.,SYNTHETIC_DEMO
SUP00397,Semiconductors Supplier 0397,India,Maharashtra,Pune,13.389,82.107,Distributor,Semiconductors,Tier-1,LOW,UNKNOWN,ACTIVE,PROJECT_DEMO_EXPANSION,2026-09-23,Synthetic/demo record; not a claim about a real company.,SYNTHETIC_DEMO
SUP00398,Logistics Supplier 0398,Bangladesh,Dhaka,Dhaka,20.526,93.538,Service Provider,Logistics,Tier-3,HIGH,UNKNOWN,ACTIVE,PROJECT_DEMO_EXPANSION,2026-09-23,Synthetic/demo record; not a claim about a real company.,SYNTHETIC_DEMO
SUP00399,Industrial Equipment Supplier 0399,Vietnam,Ho Chi Minh,Ho Chi Minh City,27.663,75.969,Manufacturer,Industrial Equipment,Tier-3,HIGH,UNKNOWN,ACTIVE,PROJECT_DEMO_EXPANSION,2026-09-23,Synthetic/demo record; not a claim about a real company.,SYNTHETIC_DEMO
SUP00400,Packaging Supplier 0400,China,Guangdong,Shenzhen,34.8,87.4,Contract Manufacturer,Packaging,Tier-3,LOW,UNKNOWN,ACTIVE,PROJECT_DEMO_EXPANSION,2026-09-23,Synthetic/demo record; not a claim about a real company.,SYNTHETIC_DEMO
SUP00401,Apparel Supplier 0401,Taiwan,Hsinchu,Hsinchu,13.937,69.831,Manufacturer,Apparel,Tier-2,HIGH,UNKNOWN,ACTIVE,PROJECT_DEMO_EXPANSION,2026-09-23,Synthetic/demo record; not a claim about a real company.,SYNTHETIC_DEMO
SUP00402,Electronics Supplier 0402,Japan,Tokyo,Tokyo,21.074,81.262,Service Provider,Electronics,Tier-1,MEDIUM,UNKNOWN,ACTIVE,PROJECT_DEMO_EXPANSION,2026-09-23,Synthetic/demo record; not a claim about a real company.,SYNTHETIC_DEMO
SUP00403,Automotive Supplier 0403,Germany,Bavaria,Munich,28.211,92.693,Manufacturer,Automotive,Tier-1,MEDIUM,UNKNOWN,ACTIVE,PROJECT_DEMO_EXPANSION,2026-09-23,Synthetic/demo record; not a claim about a real company.,SYNTHETIC_DEMO
SUP00404,Pharma Supplier 0404,USA,Texas,Austin,35.348,75.124,Manufacturer,Pharma,Tier-3,MEDIUM,UNKNOWN,UNKNOWN,PROJECT_DEMO_EXPANSION,2026-09-23,Synthetic/demo record; not a claim about a real company.,SYNTHETIC_DEMO
SUP00405,Chemicals Supplier 0405,Mexico,Nuevo Leon,Monterrey,14.485,86.555,Contract Manufacturer,Chemicals,Tier-3,MEDIUM,UNKNOWN,ACTIVE,PROJECT_DEMO_EXPANSION,2026-09-23,Synthetic/demo record; not a claim about a real company.,SYNTHETIC_DEMO
SUP00406,Food Supplier 0406,India,Maharashtra,Mumbai,21.622,68.986,Contract Manufacturer,Food,Tier-1,LOW,UNKNOWN,ACTIVE,PROJECT_DEMO_EXPANSION,2026-09-23,Synthetic/demo record; not a claim about a real company.,SYNTHETIC_DEMO
SUP00407,Semiconductors Supplier 0407,India,Karnataka,Bengaluru,28.759,80.417,Manufacturer,Semiconductors,Tier-2,HIGH,UNKNOWN,ACTIVE,PROJECT_DEMO_EXPANSION,2026-09-23,Synthetic/demo record; not a claim about a real company.,SYNTHETIC_DEMO
SUP00408,Logistics Supplier 0408,India,Uttar Pradesh,Noida,35.896,91.848,Distributor,Logistics,Tier-2,LOW,UNKNOWN,UNKNOWN,PROJECT_DEMO_EXPANSION,2026-09-23,Synthetic/demo record; not a claim about a real company.,SYNTHETIC_DEMO
SUP00409,Industrial Equipment Supplier 0409,India,Haryana,Gurugram,15.033,74.279,Contract Manufacturer,Industrial Equipment,Tier-1,HIGH,UNKNOWN,ACTIVE,PROJECT_DEMO_EXPANSION,2026-09-23,Synthetic/demo record; not a claim about a real company.,SYNTHETIC_DEMO
SUP00410,Packaging Supplier 0410,India,Tamil Nadu,Chennai,22.17,85.71,Contract Manufacturer,Packaging,Tier-2,LOW,UNKNOWN,ACTIVE,PROJECT_DEMO_EXPANSION,2026-09-23,Synthetic/demo record; not a claim about a real company.,SYNTHETIC_DEMO
SUP00411,Apparel Supplier 0411,India,Telangana,Hyderabad,29.307,68.141,Contract Manufacturer,Apparel,Tier-2,HIGH,UNKNOWN,ACTIVE,PROJECT_DEMO_EXPANSION,2026-09-23,Synthetic/demo record; not a claim about a real company.,SYNTHETIC_DEMO
SUP00412,Electronics Supplier 0412,India,Maharashtra,Pune,8.444,79.572,Manufacturer,Electronics,Tier-2,UNKNOWN,UNKNOWN,ACTIVE,PROJECT_DEMO_EXPANSION,2026-09-23,Synthetic/demo record; not a claim about a real company.,SYNTHETIC_DEMO
SUP00413,Automotive Supplier 0413,Bangladesh,Dhaka,Dhaka,15.581,91.003,Contract Manufacturer,Automotive,Tier-3,LOW,UNKNOWN,ACTIVE,PROJECT_DEMO_EXPANSION,2026-09-23,Synthetic/demo record; not a claim about a real company.,SYNTHETIC_DEMO
SUP00414,Pharma Supplier 0414,Vietnam,Ho Chi Minh,Ho Chi Minh City,22.718,73.434,Contract Manufacturer,Pharma,Tier-1,MEDIUM,UNKNOWN,ACTIVE,PROJECT_DEMO_EXPANSION,2026-09-23,Synthetic/demo record; not a claim about a real company.,SYNTHETIC_DEMO
SUP00415,Chemicals Supplier 0415,China,Guangdong,Shenzhen,29.855,84.865,Distributor,Chemicals,Tier-3,LOW,UNKNOWN,ACTIVE,PROJECT_DEMO_EXPANSION,2026-09-23,Synthetic/demo record; not a claim about a real company.,SYNTHETIC_DEMO
SUP00416,Food Supplier 0416,Taiwan,Hsinchu,Hsinchu,8.992,96.296,Distributor,Food,Tier-1,MEDIUM,UNKNOWN,ACTIVE,PROJECT_DEMO_EXPANSION,2026-09-23,Synthetic/demo record; not a claim about a real company.,SYNTHETIC_DEMO
SUP00417,Semiconductors Supplier 0417,Japan,Tokyo,Tokyo,16.129,78.727,Service Provider,Semiconductors,Tier-3,MEDIUM,UNKNOWN,ACTIVE,PROJECT_DEMO_EXPANSION,2026-09-23,Synthetic/demo record; not a claim about a real company.,SYNTHETIC_DEMO
SUP00418,Logistics Supplier 0418,Germany,Bavaria,Munich,23.266,90.158,Contract Manufacturer,Logistics,Tier-2,UNKNOWN,UNKNOWN,UNKNOWN,PROJECT_DEMO_EXPANSION,2026-09-23,Synthetic/demo record; not a claim about a real company.,SYNTHETIC_DEMO
SUP00419,Industrial Equipment Supplier 0419,USA,Texas,Austin,30.403,72.589,Contract Manufacturer,Industrial Equipment,Tier-2,MEDIUM,UNKNOWN,UNKNOWN,PROJECT_DEMO_EXPANSION,2026-09-23,Synthetic/demo record; not a claim about a real company.,SYNTHETIC_DEMO
SUP00420,Packaging Supplier 0420,Mexico,Nuevo Leon,Monterrey,9.54,84.02,Manufacturer,Packaging,Tier-3,LOW,UNKNOWN,ACTIVE,PROJECT_DEMO_EXPANSION,2026-09-23,Synthetic/demo record; not a claim about a real company.,SYNTHETIC_DEMO
SUP00421,Apparel Supplier 0421,India,Maharashtra,Mumbai,16.677,95.451,Service Provider,Apparel,Tier-1,MEDIUM,UNKNOWN,ACTIVE,PROJECT_DEMO_EXPANSION,2026-09-23,Synthetic/demo record; not a claim about a real company.,SYNTHETIC_DEMO
SUP00422,Electronics Supplier 0422,India,Karnataka,Bengaluru,23.814,77.882,Manufacturer,Electronics,Tier-3,HIGH,UNKNOWN,ACTIVE,PROJECT_DEMO_EXPANSION,2026-09-23,Synthetic/demo record; not a claim about a real company.,SYNTHETIC_DEMO
SUP00423,Automotive Supplier 0423,India,Uttar Pradesh,Noida,30.951,89.313,Contract Manufacturer,Automotive,Tier-1,MEDIUM,UNKNOWN,UNKNOWN,PROJECT_DEMO_EXPANSION,2026-09-23,Synthetic/demo record; not a claim about a real company.,SYNTHETIC_DEMO
SUP00424,Pharma Supplier 0424,India,Haryana,Gurugram,10.088,71.744,Contract Manufacturer,Pharma,Tier-1,LOW,UNKNOWN,ACTIVE,PROJECT_DEMO_EXPANSION,2026-09-23,Synthetic/demo record; not a claim about a real company.,SYNTHETIC_DEMO
SUP00425,Chemicals Supplier 0425,India,Tamil Nadu,Chennai,17.225,83.175,Distributor,Chemicals,Tier-1,LOW,UNKNOWN,ACTIVE,PROJECT_DEMO_EXPANSION,2026-09-23,Synthetic/demo record; not a claim about a real company.,SYNTHETIC_DEMO
SUP00426,Food Supplier 0426,India,Telangana,Hyderabad,24.362,94.606,Manufacturer,Food,Tier-2,LOW,UNKNOWN,ACTIVE,PROJECT_DEMO_EXPANSION,2026-09-23,Synthetic/demo record; not a claim about a real company.,SYNTHETIC_DEMO
SUP00427,Semiconductors Supplier 0427,India,Maharashtra,Pune,31.499,77.037,Service Provider,Semiconductors,Tier-2,MEDIUM,UNKNOWN,ACTIVE,PROJECT_DEMO_EXPANSION,2026-09-23,Synthetic/demo record; not a claim about a real company.,SYNTHETIC_DEMO
SUP00428,Logistics Supplier 0428,Bangladesh,Dhaka,Dhaka,10.636,88.468,Service Provider,Logistics,Tier-2,HIGH,UNKNOWN,UNKNOWN,PROJECT_DEMO_EXPANSION,2026-09-23,Synthetic/demo record; not a claim about a real company.,SYNTHETIC_DEMO
SUP00429,Industrial Equipment Supplier 0429,Vietnam,Ho Chi Minh,Ho Chi Minh City,17.773,70.899,Distributor,Industrial Equipment,Tier-3,MEDIUM,UNKNOWN,ACTIVE,PROJECT_DEMO_EXPANSION,2026-09-23,Synthetic/demo record; not a claim about a real company.,SYNTHETIC_DEMO
SUP00430,Packaging Supplier 0430,China,Guangdong,Shenzhen,24.91,82.33,Contract Manufacturer,Packaging,Tier-1,UNKNOWN,UNKNOWN,ACTIVE,PROJECT_DEMO_EXPANSION,2026-09-23,Synthetic/demo record; not a claim about a real company.,SYNTHETIC_DEMO
SUP00431,Apparel Supplier 0431,Taiwan,Hsinchu,Hsinchu,32.047,93.761,Contract Manufacturer,Apparel,Tier-2,UNKNOWN,UNKNOWN,ACTIVE,PROJECT_DEMO_EXPANSION,2026-09-23,Synthetic/demo record; not a claim about a real company.,SYNTHETIC_DEMO
SUP00432,Electronics Supplier 0432,Japan,Tokyo,Tokyo,11.184,76.192,Distributor,Electronics,Tier-1,LOW,UNKNOWN,ACTIVE,PROJECT_DEMO_EXPANSION,2026-09-23,Synthetic/demo record; not a claim about a real company.,SYNTHETIC_DEMO
SUP00433,Automotive Supplier 0433,Germany,Bavaria,Munich,18.321,87.623,Manufacturer,Automotive,Tier-3,HIGH,UNKNOWN,ACTIVE,PROJECT_DEMO_EXPANSION,2026-09-23,Synthetic/demo record; not a claim about a real company.,SYNTHETIC_DEMO
SUP00434,Pharma Supplier 0434,USA,Texas,Austin,25.458,70.054,Contract Manufacturer,Pharma,Tier-3,UNKNOWN,UNKNOWN,ACTIVE,PROJECT_DEMO_EXPANSION,2026-09-23,Synthetic/demo record; not a claim about a real company.,SYNTHETIC_DEMO
SUP00435,Chemicals Supplier 0435,Mexico,Nuevo Leon,Monterrey,32.595,81.485,Contract Manufacturer,Chemicals,Tier-2,HIGH,UNKNOWN,ACTIVE,PROJECT_DEMO_EXPANSION,2026-09-23,Synthetic/demo record; not a claim about a real company.,SYNTHETIC_DEMO
SUP00436,Food Supplier 0436,India,Maharashtra,Mumbai,11.732,92.916,Contract Manufacturer,Food,Tier-2,LOW,UNKNOWN,ACTIVE,PROJECT_DEMO_EXPANSION,2026-09-23,Synthetic/demo record; not a claim about a real company.,SYNTHETIC_DEMO
SUP00437,Semiconductors Supplier 0437,India,Karnataka,Bengaluru,18.869,75.347,Manufacturer,Semiconductors,Tier-2,HIGH,UNKNOWN,ACTIVE,PROJECT_DEMO_EXPANSION,2026-09-23,Synthetic/demo record; not a claim about a real company.,SYNTHETIC_DEMO
SUP00438,Logistics Supplier 0438,India,Uttar Pradesh,Noida,26.006,86.778,Contract Manufacturer,Logistics,Tier-1,HIGH,UNKNOWN,ACTIVE,PROJECT_DEMO_EXPANSION,2026-09-23,Synthetic/demo record; not a claim about a real company.,SYNTHETIC_DEMO
SUP00439,Industrial Equipment Supplier 0439,India,Haryana,Gurugram,33.143,69.209,Service Provider,Industrial Equipment,Tier-1,UNKNOWN,UNKNOWN,ACTIVE,PROJECT_DEMO_EXPANSION,2026-09-23,Synthetic/demo record; not a claim about a real company.,SYNTHETIC_DEMO
SUP00440,Packaging Supplier 0440,India,Tamil Nadu,Chennai,12.28,80.64,Manufacturer,Packaging,Tier-2,HIGH,UNKNOWN,ACTIVE,PROJECT_DEMO_EXPANSION,2026-09-23,Synthetic/demo record; not a claim about a real company.,SYNTHETIC_DEMO
SUP00441,Apparel Supplier 0441,India,Telangana,Hyderabad,19.417,92.071,Distributor,Apparel,Tier-3,LOW,UNKNOWN,UNKNOWN,PROJECT_DEMO_EXPANSION,2026-09-23,Synthetic/demo record; not a claim about a real company.,SYNTHETIC_DEMO
SUP00442,Electronics Supplier 0442,India,Maharashtra,Pune,26.554,74.502,Distributor,Electronics,Tier-1,UNKNOWN,UNKNOWN,UNKNOWN,PROJECT_DEMO_EXPANSION,2026-09-23,Synthetic/demo record; not a claim about a real company.,SYNTHETIC_DEMO
SUP00443,Automotive Supplier 0443,Bangladesh,Dhaka,Dhaka,33.691,85.933,Service Provider,Automotive,Tier-2,MEDIUM,UNKNOWN,UNKNOWN,PROJECT_DEMO_EXPANSION,2026-09-23,Synthetic/demo record; not a claim about a real company.,SYNTHETIC_DEMO
SUP00444,Pharma Supplier 0444,Vietnam,Ho Chi Minh,Ho Chi Minh City,12.828,68.364,Distributor,Pharma,Tier-1,HIGH,UNKNOWN,UNKNOWN,PROJECT_DEMO_EXPANSION,2026-09-23,Synthetic/demo record; not a claim about a real company.,SYNTHETIC_DEMO
SUP00445,Chemicals Supplier 0445,China,Guangdong,Shenzhen,19.965,79.795,Contract Manufacturer,Chemicals,Tier-3,HIGH,UNKNOWN,ACTIVE,PROJECT_DEMO_EXPANSION,2026-09-23,Synthetic/demo record; not a claim about a real company.,SYNTHETIC_DEMO
SUP00446,Food Supplier 0446,Taiwan,Hsinchu,Hsinchu,27.102,91.226,Manufacturer,Food,Tier-3,HIGH,UNKNOWN,ACTIVE,PROJECT_DEMO_EXPANSION,2026-09-23,Synthetic/demo record; not a claim about a real company.,SYNTHETIC_DEMO
SUP00447,Semiconductors Supplier 0447,Japan,Tokyo,Tokyo,34.239,73.657,Distributor,Semiconductors,Tier-2,LOW,UNKNOWN,ACTIVE,PROJECT_DEMO_EXPANSION,2026-09-23,Synthetic/demo record; not a claim about a real company.,SYNTHETIC_DEMO
SUP00448,Logistics Supplier 0448,Germany,Bavaria,Munich,13.376,85.088,Distributor,Logistics,Tier-2,HIGH,UNKNOWN,ACTIVE,PROJECT_DEMO_EXPANSION,2026-09-23,Synthetic/demo record; not a claim about a real company.,SYNTHETIC_DEMO
SUP00449,Industrial Equipment Supplier 0449,USA,Texas,Austin,20.513,96.519,Manufacturer,Industrial Equipment,Tier-3,UNKNOWN,UNKNOWN,ACTIVE,PROJECT_DEMO_EXPANSION,2026-09-23,Synthetic/demo record; not a claim about a real company.,SYNTHETIC_DEMO
SUP00450,Packaging Supplier 0450,Mexico,Nuevo Leon,Monterrey,27.65,78.95,Contract Manufacturer,Packaging,Tier-3,HIGH,UNKNOWN,ACTIVE,PROJECT_DEMO_EXPANSION,2026-09-23,Synthetic/demo record; not a claim about a real company.,SYNTHETIC_DEMO
SUP00451,Apparel Supplier 0451,India,Maharashtra,Mumbai,34.787,90.381,Service Provider,Apparel,Tier-2,HIGH,UNKNOWN,ACTIVE,PROJECT_DEMO_EXPANSION,2026-09-23,Synthetic/demo record; not a claim about a real company.,SYNTHETIC_DEMO
SUP00452,Electronics Supplier 0452,India,Karnataka,Bengaluru,13.924,72.812,Distributor,Electronics,Tier-3,LOW,UNKNOWN,ACTIVE,PROJECT_DEMO_EXPANSION,2026-09-23,Synthetic/demo record; not a claim about a real company.,SYNTHETIC_DEMO
SUP00453,Automotive Supplier 0453,India,Uttar Pradesh,Noida,21.061,84.243,Contract Manufacturer,Automotive,Tier-3,MEDIUM,UNKNOWN,ACTIVE,PROJECT_DEMO_EXPANSION,2026-09-23,Synthetic/demo record; not a claim about a real company.,SYNTHETIC_DEMO
SUP00454,Pharma Supplier 0454,India,Haryana,Gurugram,28.198,95.674,Service Provider,Pharma,Tier-3,LOW,UNKNOWN,UNKNOWN,PROJECT_DEMO_EXPANSION,2026-09-23,Synthetic/demo record; not a claim about a real company.,SYNTHETIC_DEMO
SUP00455,Chemicals Supplier 0455,India,Tamil Nadu,Chennai,35.335,78.105,Distributor,Chemicals,Tier-2,MEDIUM,UNKNOWN,ACTIVE,PROJECT_DEMO_EXPANSION,2026-09-23,Synthetic/demo record; not a claim about a real company.,SYNTHETIC_DEMO
SUP00456,Food Supplier 0456,India,Telangana,Hyderabad,14.472,89.536,Service Provider,Food,Tier-2,MEDIUM,UNKNOWN,UNKNOWN,PROJECT_DEMO_EXPANSION,2026-09-23,Synthetic/demo record; not a claim about a real company.,SYNTHETIC_DEMO
SUP00457,Semiconductors Supplier 0457,India,Maharashtra,Pune,21.609,71.967,Service Provider,Semiconductors,Tier-3,HIGH,UNKNOWN,ACTIVE,PROJECT_DEMO_EXPANSION,2026-09-23,Synthetic/demo record; not a claim about a real company.,SYNTHETIC_DEMO
SUP00458,Logistics Supplier 0458,Bangladesh,Dhaka,Dhaka,28.746,83.398,Service Provider,Logistics,Tier-2,MEDIUM,UNKNOWN,UNKNOWN,PROJECT_DEMO_EXPANSION,2026-09-23,Synthetic/demo record; not a claim about a real company.,SYNTHETIC_DEMO
SUP00459,Industrial Equipment Supplier 0459,Vietnam,Ho Chi Minh,Ho Chi Minh City,35.883,94.829,Manufacturer,Industrial Equipment,Tier-2,LOW,UNKNOWN,ACTIVE,PROJECT_DEMO_EXPANSION,2026-09-23,Synthetic/demo record; not a claim about a real company.,SYNTHETIC_DEMO
SUP00460,Packaging Supplier 0460,China,Guangdong,Shenzhen,15.02,77.26,Service Provider,Packaging,Tier-3,MEDIUM,UNKNOWN,UNKNOWN,PROJECT_DEMO_EXPANSION,2026-09-23,Synthetic/demo record; not a claim about a real company.,SYNTHETIC_DEMO
SUP00461,Apparel Supplier 0461,Taiwan,Hsinchu,Hsinchu,22.157,88.691,Service Provider,Apparel,Tier-2,MEDIUM,UNKNOWN,ACTIVE,PROJECT_DEMO_EXPANSION,2026-09-23,Synthetic/demo record; not a claim about a real company.,SYNTHETIC_DEMO
SUP00462,Electronics Supplier 0462,Japan,Tokyo,Tokyo,29.294,71.122,Contract Manufacturer,Electronics,Tier-2,UNKNOWN,UNKNOWN,ACTIVE,PROJECT_DEMO_EXPANSION,2026-09-23,Synthetic/demo record; not a claim about a real company.,SYNTHETIC_DEMO
SUP00463,Automotive Supplier 0463,Germany,Bavaria,Munich,8.431,82.553,Distributor,Automotive,Tier-1,MEDIUM,UNKNOWN,ACTIVE,PROJECT_DEMO_EXPANSION,2026-09-23,Synthetic/demo record; not a claim about a real company.,SYNTHETIC_DEMO
SUP00464,Pharma Supplier 0464,USA,Texas,Austin,15.568,93.984,Contract Manufacturer,Pharma,Tier-2,HIGH,UNKNOWN,ACTIVE,PROJECT_DEMO_EXPANSION,2026-09-23,Synthetic/demo record; not a claim about a real company.,SYNTHETIC_DEMO
SUP00465,Chemicals Supplier 0465,Mexico,Nuevo Leon,Monterrey,22.705,76.415,Contract Manufacturer,Chemicals,Tier-3,UNKNOWN,UNKNOWN,ACTIVE,PROJECT_DEMO_EXPANSION,2026-09-23,Synthetic/demo record; not a claim about a real company.,SYNTHETIC_DEMO
SUP00466,Food Supplier 0466,India,Maharashtra,Mumbai,29.842,87.846,Service Provider,Food,Tier-3,MEDIUM,UNKNOWN,ACTIVE,PROJECT_DEMO_EXPANSION,2026-09-23,Synthetic/demo record; not a claim about a real company.,SYNTHETIC_DEMO
SUP00467,Semiconductors Supplier 0467,India,Karnataka,Bengaluru,8.979,70.277,Manufacturer,Semiconductors,Tier-1,LOW,UNKNOWN,ACTIVE,PROJECT_DEMO_EXPANSION,2026-09-23,Synthetic/demo record; not a claim about a real company.,SYNTHETIC_DEMO
SUP00468,Logistics Supplier 0468,India,Uttar Pradesh,Noida,16.116,81.708,Distributor,Logistics,Tier-2,HIGH,UNKNOWN,ACTIVE,PROJECT_DEMO_EXPANSION,2026-09-23,Synthetic/demo record; not a claim about a real company.,SYNTHETIC_DEMO
SUP00469,Industrial Equipment Supplier 0469,India,Haryana,Gurugram,23.253,93.139,Manufacturer,Industrial Equipment,Tier-2,HIGH,UNKNOWN,UNKNOWN,PROJECT_DEMO_EXPANSION,2026-09-23,Synthetic/demo record; not a claim about a real company.,SYNTHETIC_DEMO
SUP00470,Packaging Supplier 0470,India,Tamil Nadu,Chennai,30.39,75.57,Manufacturer,Packaging,Tier-2,MEDIUM,UNKNOWN,ACTIVE,PROJECT_DEMO_EXPANSION,2026-09-23,Synthetic/demo record; not a claim about a real company.,SYNTHETIC_DEMO
SUP00471,Apparel Supplier 0471,India,Telangana,Hyderabad,9.527,87.001,Service Provider,Apparel,Tier-1,LOW,UNKNOWN,ACTIVE,PROJECT_DEMO_EXPANSION,2026-09-23,Synthetic/demo record; not a claim about a real company.,SYNTHETIC_DEMO
SUP00472,Electronics Supplier 0472,India,Maharashtra,Pune,16.664,69.432,Manufacturer,Electronics,Tier-3,LOW,UNKNOWN,ACTIVE,PROJECT_DEMO_EXPANSION,2026-09-23,Synthetic/demo record; not a claim about a real company.,SYNTHETIC_DEMO
SUP00473,Automotive Supplier 0473,Bangladesh,Dhaka,Dhaka,23.801,80.863,Contract Manufacturer,Automotive,Tier-2,LOW,UNKNOWN,ACTIVE,PROJECT_DEMO_EXPANSION,2026-09-23,Synthetic/demo record; not a claim about a real company.,SYNTHETIC_DEMO
SUP00474,Pharma Supplier 0474,Vietnam,Ho Chi Minh,Ho Chi Minh City,30.938,92.294,Service Provider,Pharma,Tier-1,LOW,UNKNOWN,UNKNOWN,PROJECT_DEMO_EXPANSION,2026-09-23,Synthetic/demo record; not a claim about a real company.,SYNTHETIC_DEMO
SUP00475,Chemicals Supplier 0475,China,Guangdong,Shenzhen,10.075,74.725,Distributor,Chemicals,Tier-3,MEDIUM,UNKNOWN,ACTIVE,PROJECT_DEMO_EXPANSION,2026-09-23,Synthetic/demo record; not a claim about a real company.,SYNTHETIC_DEMO
SUP00476,Food Supplier 0476,Taiwan,Hsinchu,Hsinchu,17.212,86.156,Manufacturer,Food,Tier-1,UNKNOWN,UNKNOWN,ACTIVE,PROJECT_DEMO_EXPANSION,2026-09-23,Synthetic/demo record; not a claim about a real company.,SYNTHETIC_DEMO
SUP00477,Semiconductors Supplier 0477,Japan,Tokyo,Tokyo,24.349,68.587,Manufacturer,Semiconductors,Tier-3,LOW,UNKNOWN,ACTIVE,PROJECT_DEMO_EXPANSION,2026-09-23,Synthetic/demo record; not a claim about a real company.,SYNTHETIC_DEMO
SUP00478,Logistics Supplier 0478,Germany,Bavaria,Munich,31.486,80.018,Distributor,Logistics,Tier-1,MEDIUM,UNKNOWN,ACTIVE,PROJECT_DEMO_EXPANSION,2026-09-23,Synthetic/demo record; not a claim about a real company.,SYNTHETIC_DEMO
SUP00479,Industrial Equipment Supplier 0479,USA,Texas,Austin,10.623,91.449,Contract Manufacturer,Industrial Equipment,Tier-3,MEDIUM,UNKNOWN,ACTIVE,PROJECT_DEMO_EXPANSION,2026-09-23,Synthetic/demo record; not a claim about a real company.,SYNTHETIC_DEMO
SUP00480,Packaging Supplier 0480,Mexico,Nuevo Leon,Monterrey,17.76,73.88,Manufacturer,Packaging,Tier-3,LOW,UNKNOWN,ACTIVE,PROJECT_DEMO_EXPANSION,2026-09-23,Synthetic/demo record; not a claim about a real company.,SYNTHETIC_DEMO
SUP00481,Apparel Supplier 0481,India,Maharashtra,Mumbai,24.897,85.311,Service Provider,Apparel,Tier-2,LOW,UNKNOWN,UNKNOWN,PROJECT_DEMO_EXPANSION,2026-09-23,Synthetic/demo record; not a claim about a real company.,SYNTHETIC_DEMO
SUP00482,Electronics Supplier 0482,India,Karnataka,Bengaluru,32.034,96.742,Contract Manufacturer,Electronics,Tier-1,LOW,UNKNOWN,ACTIVE,PROJECT_DEMO_EXPANSION,2026-09-23,Synthetic/demo record; not a claim about a real company.,SYNTHETIC_DEMO
SUP00483,Automotive Supplier 0483,India,Uttar Pradesh,Noida,11.171,79.173,Contract Manufacturer,Automotive,Tier-1,MEDIUM,UNKNOWN,ACTIVE,PROJECT_DEMO_EXPANSION,2026-09-23,Synthetic/demo record; not a claim about a real company.,SYNTHETIC_DEMO
SUP00484,Pharma Supplier 0484,India,Haryana,Gurugram,18.308,90.604,Distributor,Pharma,Tier-1,UNKNOWN,UNKNOWN,ACTIVE,PROJECT_DEMO_EXPANSION,2026-09-23,Synthetic/demo record; not a claim about a real company.,SYNTHETIC_DEMO
SUP00485,Chemicals Supplier 0485,India,Tamil Nadu,Chennai,25.445,73.035,Distributor,Chemicals,Tier-2,LOW,UNKNOWN,ACTIVE,PROJECT_DEMO_EXPANSION,2026-09-23,Synthetic/demo record; not a claim about a real company.,SYNTHETIC_DEMO
SUP00486,Food Supplier 0486,India,Telangana,Hyderabad,32.582,84.466,Manufacturer,Food,Tier-1,UNKNOWN,UNKNOWN,UNKNOWN,PROJECT_DEMO_EXPANSION,2026-09-23,Synthetic/demo record; not a claim about a real company.,SYNTHETIC_DEMO
SUP00487,Semiconductors Supplier 0487,India,Maharashtra,Pune,11.719,95.897,Contract Manufacturer,Semiconductors,Tier-3,MEDIUM,UNKNOWN,ACTIVE,PROJECT_DEMO_EXPANSION,2026-09-23,Synthetic/demo record; not a claim about a real company.,SYNTHETIC_DEMO
SUP00488,Logistics Supplier 0488,Bangladesh,Dhaka,Dhaka,18.856,78.328,Distributor,Logistics,Tier-3,UNKNOWN,UNKNOWN,ACTIVE,PROJECT_DEMO_EXPANSION,2026-09-23,Synthetic/demo record; not a claim about a real company.,SYNTHETIC_DEMO
SUP00489,Industrial Equipment Supplier 0489,Vietnam,Ho Chi Minh,Ho Chi Minh City,25.993,89.759,Distributor,Industrial Equipment,Tier-3,UNKNOWN,UNKNOWN,ACTIVE,PROJECT_DEMO_EXPANSION,2026-09-23,Synthetic/demo record; not a claim about a real company.,SYNTHETIC_DEMO
SUP00490,Packaging Supplier 0490,China,Guangdong,Shenzhen,33.13,72.19,Service Provider,Packaging,Tier-2,MEDIUM,UNKNOWN,UNKNOWN,PROJECT_DEMO_EXPANSION,2026-09-23,Synthetic/demo record; not a claim about a real company.,SYNTHETIC_DEMO
SUP00491,Apparel Supplier 0491,Taiwan,Hsinchu,Hsinchu,12.267,83.621,Service Provider,Apparel,Tier-1,HIGH,UNKNOWN,ACTIVE,PROJECT_DEMO_EXPANSION,2026-09-23,Synthetic/demo record; not a claim about a real company.,SYNTHETIC_DEMO
SUP00492,Electronics Supplier 0492,Japan,Tokyo,Tokyo,19.404,95.052,Manufacturer,Electronics,Tier-1,UNKNOWN,UNKNOWN,ACTIVE,PROJECT_DEMO_EXPANSION,2026-09-23,Synthetic/demo record; not a claim about a real company.,SYNTHETIC_DEMO
SUP00493,Automotive Supplier 0493,Germany,Bavaria,Munich,26.541,77.483,Contract Manufacturer,Automotive,Tier-2,LOW,UNKNOWN,ACTIVE,PROJECT_DEMO_EXPANSION,2026-09-23,Synthetic/demo record; not a claim about a real company.,SYNTHETIC_DEMO
SUP00494,Pharma Supplier 0494,USA,Texas,Austin,33.678,88.914,Manufacturer,Pharma,Tier-3,UNKNOWN,UNKNOWN,UNKNOWN,PROJECT_DEMO_EXPANSION,2026-09-23,Synthetic/demo record; not a claim about a real company.,SYNTHETIC_DEMO
SUP00495,Chemicals Supplier 0495,Mexico,Nuevo Leon,Monterrey,12.815,71.345,Contract Manufacturer,Chemicals,Tier-1,MEDIUM,UNKNOWN,ACTIVE,PROJECT_DEMO_EXPANSION,2026-09-23,Synthetic/demo record; not a claim about a real company.,SYNTHETIC_DEMO
SUP00496,Food Supplier 0496,India,Maharashtra,Mumbai,19.952,82.776,Service Provider,Food,Tier-2,UNKNOWN,UNKNOWN,ACTIVE,PROJECT_DEMO_EXPANSION,2026-09-23,Synthetic/demo record; not a claim about a real company.,SYNTHETIC_DEMO
SUP00497,Semiconductors Supplier 0497,India,Karnataka,Bengaluru,27.089,94.207,Manufacturer,Semiconductors,Tier-2,HIGH,UNKNOWN,UNKNOWN,PROJECT_DEMO_EXPANSION,2026-09-23,Synthetic/demo record; not a claim about a real company.,SYNTHETIC_DEMO
SUP00498,Logistics Supplier 0498,India,Uttar Pradesh,Noida,34.226,76.638,Contract Manufacturer,Logistics,Tier-2,HIGH,UNKNOWN,ACTIVE,PROJECT_DEMO_EXPANSION,2026-09-23,Synthetic/demo record; not a claim about a real company.,SYNTHETIC_DEMO
SUP00499,Industrial Equipment Supplier 0499,India,Haryana,Gurugram,13.363,88.069,Manufacturer,Industrial Equipment,Tier-1,LOW,UNKNOWN,UNKNOWN,PROJECT_DEMO_EXPANSION,2026-09-23,Synthetic/demo record; not a claim about a real company.,SYNTHETIC_DEMO
SUP00500,Packaging Supplier 0500,India,Tamil Nadu,Chennai,20.5,70.5,Contract Manufacturer,Packaging,Tier-1,MEDIUM,UNKNOWN,ACTIVE,PROJECT_DEMO_EXPANSION,2026-09-23,Synthetic/demo record; not a claim about a real company.,SYNTHETIC_DEMO
SUP00501,Apparel Supplier 0501,India,Telangana,Hyderabad,27.637,81.931,Distributor,Apparel,Tier-1,UNKNOWN,UNKNOWN,ACTIVE,PROJECT_DEMO_EXPANSION,2026-09-23,Synthetic/demo record; not a claim about a real company.,SYNTHETIC_DEMO
SUP00502,Electronics Supplier 0502,India,Maharashtra,Pune,34.774,93.362,Manufacturer,Electronics,Tier-2,HIGH,UNKNOWN,UNKNOWN,PROJECT_DEMO_EXPANSION,2026-09-23,Synthetic/demo record; not a claim about a real company.,SYNTHETIC_DEMO
SUP00503,Automotive Supplier 0503,Bangladesh,Dhaka,Dhaka,13.911,75.793,Manufacturer,Automotive,Tier-3,HIGH,UNKNOWN,ACTIVE,PROJECT_DEMO_EXPANSION,2026-09-23,Synthetic/demo record; not a claim about a real company.,SYNTHETIC_DEMO
SUP00504,Pharma Supplier 0504,Vietnam,Ho Chi Minh,Ho Chi Minh City,21.048,87.224,Contract Manufacturer,Pharma,Tier-3,UNKNOWN,UNKNOWN,ACTIVE,PROJECT_DEMO_EXPANSION,2026-09-23,Synthetic/demo record; not a claim about a real company.,SYNTHETIC_DEMO
SUP00505,Chemicals Supplier 0505,China,Guangdong,Shenzhen,28.185,69.655,Service Provider,Chemicals,Tier-1,MEDIUM,UNKNOWN,UNKNOWN,PROJECT_DEMO_EXPANSION,2026-09-23,Synthetic/demo record; not a claim about a real company.,SYNTHETIC_DEMO
SUP00506,Food Supplier 0506,Taiwan,Hsinchu,Hsinchu,35.322,81.086,Manufacturer,Food,Tier-1,HIGH,UNKNOWN,UNKNOWN,PROJECT_DEMO_EXPANSION,2026-09-23,Synthetic/demo record; not a claim about a real company.,SYNTHETIC_DEMO
SUP00507,Semiconductors Supplier 0507,Japan,Tokyo,Tokyo,14.459,92.517,Service Provider,Semiconductors,Tier-3,MEDIUM,UNKNOWN,ACTIVE,PROJECT_DEMO_EXPANSION,2026-09-23,Synthetic/demo record; not a claim about a real company.,SYNTHETIC_DEMO
SUP00508,Logistics Supplier 0508,Germany,Bavaria,Munich,21.596,74.948,Manufacturer,Logistics,Tier-3,HIGH,UNKNOWN,ACTIVE,PROJECT_DEMO_EXPANSION,2026-09-23,Synthetic/demo record; not a claim about a real company.,SYNTHETIC_DEMO
SUP00509,Industrial Equipment Supplier 0509,USA,Texas,Austin,28.733,86.379,Distributor,Industrial Equipment,Tier-3,LOW,UNKNOWN,ACTIVE,PROJECT_DEMO_EXPANSION,2026-09-23,Synthetic/demo record; not a claim about a real company.,SYNTHETIC_DEMO
SUP00510,Packaging Supplier 0510,Mexico,Nuevo Leon,Monterrey,35.87,68.81,Manufacturer,Packaging,Tier-1,HIGH,UNKNOWN,ACTIVE,PROJECT_DEMO_EXPANSION,2026-09-23,Synthetic/demo record; not a claim about a real company.,SYNTHETIC_DEMO
SUP00511,Apparel Supplier 0511,India,Maharashtra,Mumbai,15.007,80.241,Contract Manufacturer,Apparel,Tier-2,HIGH,UNKNOWN,ACTIVE,PROJECT_DEMO_EXPANSION,2026-09-23,Synthetic/demo record; not a claim about a real company.,SYNTHETIC_DEMO
SUP00512,Electronics Supplier 0512,India,Karnataka,Bengaluru,22.144,91.672,Manufacturer,Electronics,Tier-2,LOW,UNKNOWN,UNKNOWN,PROJECT_DEMO_EXPANSION,2026-09-23,Synthetic/demo record; not a claim about a real company.,SYNTHETIC_DEMO
SUP00513,Automotive Supplier 0513,India,Uttar Pradesh,Noida,29.281,74.103,Manufacturer,Automotive,Tier-1,MEDIUM,UNKNOWN,ACTIVE,PROJECT_DEMO_EXPANSION,2026-09-23,Synthetic/demo record; not a claim about a real company.,SYNTHETIC_DEMO
SUP00514,Pharma Supplier 0514,India,Haryana,Gurugram,8.418,85.534,Manufacturer,Pharma,Tier-2,UNKNOWN,UNKNOWN,ACTIVE,PROJECT_DEMO_EXPANSION,2026-09-23,Synthetic/demo record; not a claim about a real company.,SYNTHETIC_DEMO
SUP00515,Chemicals Supplier 0515,India,Tamil Nadu,Chennai,15.555,96.965,Manufacturer,Chemicals,Tier-3,UNKNOWN,UNKNOWN,ACTIVE,PROJECT_DEMO_EXPANSION,2026-09-23,Synthetic/demo record; not a claim about a real company.,SYNTHETIC_DEMO
SUP00516,Food Supplier 0516,India,Telangana,Hyderabad,22.692,79.396,Contract Manufacturer,Food,Tier-3,HIGH,UNKNOWN,UNKNOWN,PROJECT_DEMO_EXPANSION,2026-09-23,Synthetic/demo record; not a claim about a real company.,SYNTHETIC_DEMO
SUP00517,Semiconductors Supplier 0517,India,Maharashtra,Pune,29.829,90.827,Manufacturer,Semiconductors,Tier-3,LOW,UNKNOWN,ACTIVE,PROJECT_DEMO_EXPANSION,2026-09-23,Synthetic/demo record; not a claim about a real company.,SYNTHETIC_DEMO
SUP00518,Logistics Supplier 0518,Bangladesh,Dhaka,Dhaka,8.966,73.258,Service Provider,Logistics,Tier-2,LOW,UNKNOWN,ACTIVE,PROJECT_DEMO_EXPANSION,2026-09-23,Synthetic/demo record; not a claim about a real company.,SYNTHETIC_DEMO
SUP00519,Industrial Equipment Supplier 0519,Vietnam,Ho Chi Minh,Ho Chi Minh City,16.103,84.689,Distributor,Industrial Equipment,Tier-1,HIGH,UNKNOWN,ACTIVE,PROJECT_DEMO_EXPANSION,2026-09-23,Synthetic/demo record; not a claim about a real company.,SYNTHETIC_DEMO
SUP00520,Packaging Supplier 0520,China,Guangdong,Shenzhen,23.24,96.12,Manufacturer,Packaging,Tier-3,MEDIUM,UNKNOWN,ACTIVE,PROJECT_DEMO_EXPANSION,2026-09-23,Synthetic/demo record; not a claim about a real company.,SYNTHETIC_DEMO
SUP00521,Apparel Supplier 0521,Taiwan,Hsinchu,Hsinchu,30.377,78.551,Distributor,Apparel,Tier-1,LOW,UNKNOWN,ACTIVE,PROJECT_DEMO_EXPANSION,2026-09-23,Synthetic/demo record; not a claim about a real company.,SYNTHETIC_DEMO
SUP00522,Electronics Supplier 0522,Japan,Tokyo,Tokyo,9.514,89.982,Distributor,Electronics,Tier-3,LOW,UNKNOWN,UNKNOWN,PROJECT_DEMO_EXPANSION,2026-09-23,Synthetic/demo record; not a claim about a real company.,SYNTHETIC_DEMO
SUP00523,Automotive Supplier 0523,Germany,Bavaria,Munich,16.651,72.413,Distributor,Automotive,Tier-2,HIGH,UNKNOWN,ACTIVE,PROJECT_DEMO_EXPANSION,2026-09-23,Synthetic/demo record; not a claim about a real company.,SYNTHETIC_DEMO
SUP00524,Pharma Supplier 0524,USA,Texas,Austin,23.788,83.844,Distributor,Pharma,Tier-3,MEDIUM,UNKNOWN,UNKNOWN,PROJECT_DEMO_EXPANSION,2026-09-23,Synthetic/demo record; not a claim about a real company.,SYNTHETIC_DEMO
SUP00525,Chemicals Supplier 0525,Mexico,Nuevo Leon,Monterrey,30.925,95.275,Manufacturer,Chemicals,Tier-3,MEDIUM,UNKNOWN,ACTIVE,PROJECT_DEMO_EXPANSION,2026-09-23,Synthetic/demo record; not a claim about a real company.,SYNTHETIC_DEMO
SUP00526,Food Supplier 0526,India,Maharashtra,Mumbai,10.062,77.706,Distributor,Food,Tier-3,MEDIUM,UNKNOWN,ACTIVE,PROJECT_DEMO_EXPANSION,2026-09-23,Synthetic/demo record; not a claim about a real company.,SYNTHETIC_DEMO
SUP00527,Semiconductors Supplier 0527,India,Karnataka,Bengaluru,17.199,89.137,Manufacturer,Semiconductors,Tier-3,HIGH,UNKNOWN,ACTIVE,PROJECT_DEMO_EXPANSION,2026-09-23,Synthetic/demo record; not a claim about a real company.,SYNTHETIC_DEMO
SUP00528,Logistics Supplier 0528,India,Uttar Pradesh,Noida,24.336,71.568,Manufacturer,Logistics,Tier-1,HIGH,UNKNOWN,ACTIVE,PROJECT_DEMO_EXPANSION,2026-09-23,Synthetic/demo record; not a claim about a real company.,SYNTHETIC_DEMO
SUP00529,Industrial Equipment Supplier 0529,India,Haryana,Gurugram,31.473,82.999,Manufacturer,Industrial Equipment,Tier-3,UNKNOWN,UNKNOWN,UNKNOWN,PROJECT_DEMO_EXPANSION,2026-09-23,Synthetic/demo record; not a claim about a real company.,SYNTHETIC_DEMO
SUP00530,Packaging Supplier 0530,India,Tamil Nadu,Chennai,10.61,94.43,Contract Manufacturer,Packaging,Tier-1,MEDIUM,UNKNOWN,ACTIVE,PROJECT_DEMO_EXPANSION,2026-09-23,Synthetic/demo record; not a claim about a real company.,SYNTHETIC_DEMO
SUP00531,Apparel Supplier 0531,India,Telangana,Hyderabad,17.747,76.861,Service Provider,Apparel,Tier-1,LOW,UNKNOWN,UNKNOWN,PROJECT_DEMO_EXPANSION,2026-09-23,Synthetic/demo record; not a claim about a real company.,SYNTHETIC_DEMO
SUP00532,Electronics Supplier 0532,India,Maharashtra,Pune,24.884,88.292,Service Provider,Electronics,Tier-2,UNKNOWN,UNKNOWN,ACTIVE,PROJECT_DEMO_EXPANSION,2026-09-23,Synthetic/demo record; not a claim about a real company.,SYNTHETIC_DEMO
SUP00533,Automotive Supplier 0533,Bangladesh,Dhaka,Dhaka,32.021,70.723,Manufacturer,Automotive,Tier-1,LOW,UNKNOWN,ACTIVE,PROJECT_DEMO_EXPANSION,2026-09-23,Synthetic/demo record; not a claim about a real company.,SYNTHETIC_DEMO
SUP00534,Pharma Supplier 0534,Vietnam,Ho Chi Minh,Ho Chi Minh City,11.158,82.154,Contract Manufacturer,Pharma,Tier-2,HIGH,UNKNOWN,UNKNOWN,PROJECT_DEMO_EXPANSION,2026-09-23,Synthetic/demo record; not a claim about a real company.,SYNTHETIC_DEMO
SUP00535,Chemicals Supplier 0535,China,Guangdong,Shenzhen,18.295,93.585,Manufacturer,Chemicals,Tier-3,UNKNOWN,UNKNOWN,ACTIVE,PROJECT_DEMO_EXPANSION,2026-09-23,Synthetic/demo record; not a claim about a real company.,SYNTHETIC_DEMO
SUP00536,Food Supplier 0536,Taiwan,Hsinchu,Hsinchu,25.432,76.016,Manufacturer,Food,Tier-2,MEDIUM,UNKNOWN,ACTIVE,PROJECT_DEMO_EXPANSION,2026-09-23,Synthetic/demo record; not a claim about a real company.,SYNTHETIC_DEMO
SUP00537,Semiconductors Supplier 0537,Japan,Tokyo,Tokyo,32.569,87.447,Distributor,Semiconductors,Tier-1,MEDIUM,UNKNOWN,UNKNOWN,PROJECT_DEMO_EXPANSION,2026-09-23,Synthetic/demo record; not a claim about a real company.,SYNTHETIC_DEMO
SUP00538,Logistics Supplier 0538,Germany,Bavaria,Munich,11.706,69.878,Service Provider,Logistics,Tier-1,LOW,UNKNOWN,ACTIVE,PROJECT_DEMO_EXPANSION,2026-09-23,Synthetic/demo record; not a claim about a real company.,SYNTHETIC_DEMO
SUP00539,Industrial Equipment Supplier 0539,USA,Texas,Austin,18.843,81.309,Distributor,Industrial Equipment,Tier-1,MEDIUM,UNKNOWN,ACTIVE,PROJECT_DEMO_EXPANSION,2026-09-23,Synthetic/demo record; not a claim about a real company.,SYNTHETIC_DEMO
SUP00540,Packaging Supplier 0540,Mexico,Nuevo Leon,Monterrey,25.98,92.74,Service Provider,Packaging,Tier-3,UNKNOWN,UNKNOWN,ACTIVE,PROJECT_DEMO_EXPANSION,2026-09-23,Synthetic/demo record; not a claim about a real company.,SYNTHETIC_DEMO
SUP00541,Apparel Supplier 0541,India,Maharashtra,Mumbai,33.117,75.171,Contract Manufacturer,Apparel,Tier-2,LOW,UNKNOWN,UNKNOWN,PROJECT_DEMO_EXPANSION,2026-09-23,Synthetic/demo record; not a claim about a real company.,SYNTHETIC_DEMO
SUP00542,Electronics Supplier 0542,India,Karnataka,Bengaluru,12.254,86.602,Contract Manufacturer,Electronics,Tier-1,HIGH,UNKNOWN,ACTIVE,PROJECT_DEMO_EXPANSION,2026-09-23,Synthetic/demo record; not a claim about a real company.,SYNTHETIC_DEMO
SUP00543,Automotive Supplier 0543,India,Uttar Pradesh,Noida,19.391,69.033,Contract Manufacturer,Automotive,Tier-2,LOW,UNKNOWN,ACTIVE,PROJECT_DEMO_EXPANSION,2026-09-23,Synthetic/demo record; not a claim about a real company.,SYNTHETIC_DEMO
SUP00544,Pharma Supplier 0544,India,Haryana,Gurugram,26.528,80.464,Service Provider,Pharma,Tier-3,HIGH,UNKNOWN,ACTIVE,PROJECT_DEMO_EXPANSION,2026-09-23,Synthetic/demo record; not a claim about a real company.,SYNTHETIC_DEMO
SUP00545,Chemicals Supplier 0545,India,Tamil Nadu,Chennai,33.665,91.895,Distributor,Chemicals,Tier-3,LOW,UNKNOWN,ACTIVE,PROJECT_DEMO_EXPANSION,2026-09-23,Synthetic/demo record; not a claim about a real company.,SYNTHETIC_DEMO
SUP00546,Food Supplier 0546,India,Telangana,Hyderabad,12.802,74.326,Contract Manufacturer,Food,Tier-3,HIGH,UNKNOWN,ACTIVE,PROJECT_DEMO_EXPANSION,2026-09-23,Synthetic/demo record; not a claim about a real company.,SYNTHETIC_DEMO
SUP00547,Semiconductors Supplier 0547,India,Maharashtra,Pune,19.939,85.757,Distributor,Semiconductors,Tier-2,MEDIUM,UNKNOWN,UNKNOWN,PROJECT_DEMO_EXPANSION,2026-09-23,Synthetic/demo record; not a claim about a real company.,SYNTHETIC_DEMO
SUP00548,Logistics Supplier 0548,Bangladesh,Dhaka,Dhaka,27.076,68.188,Contract Manufacturer,Logistics,Tier-3,MEDIUM,UNKNOWN,ACTIVE,PROJECT_DEMO_EXPANSION,2026-09-23,Synthetic/demo record; not a claim about a real company.,SYNTHETIC_DEMO
SUP00549,Industrial Equipment Supplier 0549,Vietnam,Ho Chi Minh,Ho Chi Minh City,34.213,79.619,Contract Manufacturer,Industrial Equipment,Tier-1,HIGH,UNKNOWN,UNKNOWN,PROJECT_DEMO_EXPANSION,2026-09-23,Synthetic/demo record; not a claim about a real company.,SYNTHETIC_DEMO
SUP00550,Packaging Supplier 0550,China,Guangdong,Shenzhen,13.35,91.05,Distributor,Packaging,Tier-2,UNKNOWN,UNKNOWN,UNKNOWN,PROJECT_DEMO_EXPANSION,2026-09-23,Synthetic/demo record; not a claim about a real company.,SYNTHETIC_DEMO
SUP00551,Apparel Supplier 0551,Taiwan,Hsinchu,Hsinchu,20.487,73.481,Service Provider,Apparel,Tier-3,LOW,UNKNOWN,ACTIVE,PROJECT_DEMO_EXPANSION,2026-09-23,Synthetic/demo record; not a claim about a real company.,SYNTHETIC_DEMO
SUP00552,Electronics Supplier 0552,Japan,Tokyo,Tokyo,27.624,84.912,Contract Manufacturer,Electronics,Tier-2,LOW,UNKNOWN,ACTIVE,PROJECT_DEMO_EXPANSION,2026-09-23,Synthetic/demo record; not a claim about a real company.,SYNTHETIC_DEMO
SUP00553,Automotive Supplier 0553,Germany,Bavaria,Munich,34.761,96.343,Distributor,Automotive,Tier-2,MEDIUM,UNKNOWN,UNKNOWN,PROJECT_DEMO_EXPANSION,2026-09-23,Synthetic/demo record; not a claim about a real company.,SYNTHETIC_DEMO
SUP00554,Pharma Supplier 0554,USA,Texas,Austin,13.898,78.774,Service Provider,Pharma,Tier-2,HIGH,UNKNOWN,ACTIVE,PROJECT_DEMO_EXPANSION,2026-09-23,Synthetic/demo record; not a claim about a real company.,SYNTHETIC_DEMO
SUP00555,Chemicals Supplier 0555,Mexico,Nuevo Leon,Monterrey,21.035,90.205,Manufacturer,Chemicals,Tier-3,HIGH,UNKNOWN,UNKNOWN,PROJECT_DEMO_EXPANSION,2026-09-23,Synthetic/demo record; not a claim about a real company.,SYNTHETIC_DEMO
SUP00556,Food Supplier 0556,India,Maharashtra,Mumbai,28.172,72.636,Contract Manufacturer,Food,Tier-1,HIGH,UNKNOWN,ACTIVE,PROJECT_DEMO_EXPANSION,2026-09-23,Synthetic/demo record; not a claim about a real company.,SYNTHETIC_DEMO
SUP00557,Semiconductors Supplier 0557,India,Karnataka,Bengaluru,35.309,84.067,Manufacturer,Semiconductors,Tier-2,HIGH,UNKNOWN,ACTIVE,PROJECT_DEMO_EXPANSION,2026-09-23,Synthetic/demo record; not a claim about a real company.,SYNTHETIC_DEMO
SUP00558,Logistics Supplier 0558,India,Uttar Pradesh,Noida,14.446,95.498,Distributor,Logistics,Tier-3,HIGH,UNKNOWN,ACTIVE,PROJECT_DEMO_EXPANSION,2026-09-23,Synthetic/demo record; not a claim about a real company.,SYNTHETIC_DEMO
SUP00559,Industrial Equipment Supplier 0559,India,Haryana,Gurugram,21.583,77.929,Distributor,Industrial Equipment,Tier-2,HIGH,UNKNOWN,ACTIVE,PROJECT_DEMO_EXPANSION,2026-09-23,Synthetic/demo record; not a claim about a real company.,SYNTHETIC_DEMO
SUP00560,Packaging Supplier 0560,India,Tamil Nadu,Chennai,28.72,89.36,Distributor,Packaging,Tier-3,MEDIUM,UNKNOWN,UNKNOWN,PROJECT_DEMO_EXPANSION,2026-09-23,Synthetic/demo record; not a claim about a real company.,SYNTHETIC_DEMO
SUP00561,Apparel Supplier 0561,India,Telangana,Hyderabad,35.857,71.791,Service Provider,Apparel,Tier-3,HIGH,UNKNOWN,ACTIVE,PROJECT_DEMO_EXPANSION,2026-09-23,Synthetic/demo record; not a claim about a real company.,SYNTHETIC_DEMO
SUP00562,Electronics Supplier 0562,India,Maharashtra,Pune,14.994,83.222,Distributor,Electronics,Tier-3,MEDIUM,UNKNOWN,ACTIVE,PROJECT_DEMO_EXPANSION,2026-09-23,Synthetic/demo record; not a claim about a real company.,SYNTHETIC_DEMO
SUP00563,Automotive Supplier 0563,Bangladesh,Dhaka,Dhaka,22.131,94.653,Distributor,Automotive,Tier-1,UNKNOWN,UNKNOWN,ACTIVE,PROJECT_DEMO_EXPANSION,2026-09-23,Synthetic/demo record; not a claim about a real company.,SYNTHETIC_DEMO
SUP00564,Pharma Supplier 0564,Vietnam,Ho Chi Minh,Ho Chi Minh City,29.268,77.084,Distributor,Pharma,Tier-3,MEDIUM,UNKNOWN,ACTIVE,PROJECT_DEMO_EXPANSION,2026-09-23,Synthetic/demo record; not a claim about a real company.,SYNTHETIC_DEMO
SUP00565,Chemicals Supplier 0565,China,Guangdong,Shenzhen,8.405,88.515,Manufacturer,Chemicals,Tier-1,HIGH,UNKNOWN,ACTIVE,PROJECT_DEMO_EXPANSION,2026-09-23,Synthetic/demo record; not a claim about a real company.,SYNTHETIC_DEMO
SUP00566,Food Supplier 0566,Taiwan,Hsinchu,Hsinchu,15.542,70.946,Contract Manufacturer,Food,Tier-2,MEDIUM,UNKNOWN,ACTIVE,PROJECT_DEMO_EXPANSION,2026-09-23,Synthetic/demo record; not a claim about a real company.,SYNTHETIC_DEMO
SUP00567,Semiconductors Supplier 0567,Japan,Tokyo,Tokyo,22.679,82.377,Service Provider,Semiconductors,Tier-3,UNKNOWN,UNKNOWN,ACTIVE,PROJECT_DEMO_EXPANSION,2026-09-23,Synthetic/demo record; not a claim about a real company.,SYNTHETIC_DEMO
SUP00568,Logistics Supplier 0568,Germany,Bavaria,Munich,29.816,93.808,Service Provider,Logistics,Tier-1,HIGH,UNKNOWN,ACTIVE,PROJECT_DEMO_EXPANSION,2026-09-23,Synthetic/demo record; not a claim about a real company.,SYNTHETIC_DEMO
SUP00569,Industrial Equipment Supplier 0569,USA,Texas,Austin,8.953,76.239,Service Provider,Industrial Equipment,Tier-2,MEDIUM,UNKNOWN,ACTIVE,PROJECT_DEMO_EXPANSION,2026-09-23,Synthetic/demo record; not a claim about a real company.,SYNTHETIC_DEMO
SUP00570,Packaging Supplier 0570,Mexico,Nuevo Leon,Monterrey,16.09,87.67,Distributor,Packaging,Tier-1,MEDIUM,UNKNOWN,ACTIVE,PROJECT_DEMO_EXPANSION,2026-09-23,Synthetic/demo record; not a claim about a real company.,SYNTHETIC_DEMO
SUP00571,Apparel Supplier 0571,India,Maharashtra,Mumbai,23.227,70.101,Contract Manufacturer,Apparel,Tier-3,MEDIUM,UNKNOWN,UNKNOWN,PROJECT_DEMO_EXPANSION,2026-09-23,Synthetic/demo record; not a claim about a real company.,SYNTHETIC_DEMO
SUP00572,Electronics Supplier 0572,India,Karnataka,Bengaluru,30.364,81.532,Service Provider,Electronics,Tier-1,LOW,UNKNOWN,ACTIVE,PROJECT_DEMO_EXPANSION,2026-09-23,Synthetic/demo record; not a claim about a real company.,SYNTHETIC_DEMO
SUP00573,Automotive Supplier 0573,India,Uttar Pradesh,Noida,9.501,92.963,Contract Manufacturer,Automotive,Tier-1,LOW,UNKNOWN,UNKNOWN,PROJECT_DEMO_EXPANSION,2026-09-23,Synthetic/demo record; not a claim about a real company.,SYNTHETIC_DEMO
SUP00574,Pharma Supplier 0574,India,Haryana,Gurugram,16.638,75.394,Distributor,Pharma,Tier-2,LOW,UNKNOWN,ACTIVE,PROJECT_DEMO_EXPANSION,2026-09-23,Synthetic/demo record; not a claim about a real company.,SYNTHETIC_DEMO
SUP00575,Chemicals Supplier 0575,India,Tamil Nadu,Chennai,23.775,86.825,Service Provider,Chemicals,Tier-3,MEDIUM,UNKNOWN,ACTIVE,PROJECT_DEMO_EXPANSION,2026-09-23,Synthetic/demo record; not a claim about a real company.,SYNTHETIC_DEMO
SUP00576,Food Supplier 0576,India,Telangana,Hyderabad,30.912,69.256,Contract Manufacturer,Food,Tier-3,HIGH,UNKNOWN,UNKNOWN,PROJECT_DEMO_EXPANSION,2026-09-23,Synthetic/demo record; not a claim about a real company.,SYNTHETIC_DEMO
SUP00577,Semiconductors Supplier 0577,India,Maharashtra,Pune,10.049,80.687,Distributor,Semiconductors,Tier-3,LOW,UNKNOWN,ACTIVE,PROJECT_DEMO_EXPANSION,2026-09-23,Synthetic/demo record; not a claim about a real company.,SYNTHETIC_DEMO
SUP00578,Logistics Supplier 0578,Bangladesh,Dhaka,Dhaka,17.186,92.118,Contract Manufacturer,Logistics,Tier-1,MEDIUM,UNKNOWN,ACTIVE,PROJECT_DEMO_EXPANSION,2026-09-23,Synthetic/demo record; not a claim about a real company.,SYNTHETIC_DEMO
SUP00579,Industrial Equipment Supplier 0579,Vietnam,Ho Chi Minh,Ho Chi Minh City,24.323,74.549,Service Provider,Industrial Equipment,Tier-3,MEDIUM,UNKNOWN,ACTIVE,PROJECT_DEMO_EXPANSION,2026-09-23,Synthetic/demo record; not a claim about a real company.,SYNTHETIC_DEMO
SUP00580,Packaging Supplier 0580,China,Guangdong,Shenzhen,31.46,85.98,Manufacturer,Packaging,Tier-2,MEDIUM,UNKNOWN,UNKNOWN,PROJECT_DEMO_EXPANSION,2026-09-23,Synthetic/demo record; not a claim about a real company.,SYNTHETIC_DEMO
SUP00581,Apparel Supplier 0581,Taiwan,Hsinchu,Hsinchu,10.597,68.411,Manufacturer,Apparel,Tier-1,UNKNOWN,UNKNOWN,ACTIVE,PROJECT_DEMO_EXPANSION,2026-09-23,Synthetic/demo record; not a claim about a real company.,SYNTHETIC_DEMO
SUP00582,Electronics Supplier 0582,Japan,Tokyo,Tokyo,17.734,79.842,Distributor,Electronics,Tier-1,LOW,UNKNOWN,ACTIVE,PROJECT_DEMO_EXPANSION,2026-09-23,Synthetic/demo record; not a claim about a real company.,SYNTHETIC_DEMO
SUP00583,Automotive Supplier 0583,Germany,Bavaria,Munich,24.871,91.273,Manufacturer,Automotive,Tier-2,HIGH,UNKNOWN,ACTIVE,PROJECT_DEMO_EXPANSION,2026-09-23,Synthetic/demo record; not a claim about a real company.,SYNTHETIC_DEMO
SUP00584,Pharma Supplier 0584,USA,Texas,Austin,32.008,73.704,Distributor,Pharma,Tier-3,MEDIUM,UNKNOWN,UNKNOWN,PROJECT_DEMO_EXPANSION,2026-09-23,Synthetic/demo record; not a claim about a real company.,SYNTHETIC_DEMO
SUP00585,Chemicals Supplier 0585,Mexico,Nuevo Leon,Monterrey,11.145,85.135,Contract Manufacturer,Chemicals,Tier-3,HIGH,UNKNOWN,ACTIVE,PROJECT_DEMO_EXPANSION,2026-09-23,Synthetic/demo record; not a claim about a real company.,SYNTHETIC_DEMO
SUP00586,Food Supplier 0586,India,Maharashtra,Mumbai,18.282,96.566,Contract Manufacturer,Food,Tier-1,LOW,UNKNOWN,ACTIVE,PROJECT_DEMO_EXPANSION,2026-09-23,Synthetic/demo record; not a claim about a real company.,SYNTHETIC_DEMO
SUP00587,Semiconductors Supplier 0587,India,Karnataka,Bengaluru,25.419,78.997,Contract Manufacturer,Semiconductors,Tier-3,MEDIUM,UNKNOWN,ACTIVE,PROJECT_DEMO_EXPANSION,2026-09-23,Synthetic/demo record; not a claim about a real company.,SYNTHETIC_DEMO
SUP00588,Logistics Supplier 0588,India,Uttar Pradesh,Noida,32.556,90.428,Service Provider,Logistics,Tier-3,LOW,UNKNOWN,ACTIVE,PROJECT_DEMO_EXPANSION,2026-09-23,Synthetic/demo record; not a claim about a real company.,SYNTHETIC_DEMO
SUP00589,Industrial Equipment Supplier 0589,India,Haryana,Gurugram,11.693,72.859,Manufacturer,Industrial Equipment,Tier-1,LOW,UNKNOWN,ACTIVE,PROJECT_DEMO_EXPANSION,2026-09-23,Synthetic/demo record; not a claim about a real company.,SYNTHETIC_DEMO
SUP00590,Packaging Supplier 0590,India,Tamil Nadu,Chennai,18.83,84.29,Service Provider,Packaging,Tier-1,LOW,UNKNOWN,ACTIVE,PROJECT_DEMO_EXPANSION,2026-09-23,Synthetic/demo record; not a claim about a real company.,SYNTHETIC_DEMO
SUP00591,Apparel Supplier 0591,India,Telangana,Hyderabad,25.967,95.721,Contract Manufacturer,Apparel,Tier-1,HIGH,UNKNOWN,UNKNOWN,PROJECT_DEMO_EXPANSION,2026-09-23,Synthetic/demo record; not a claim about a real company.,SYNTHETIC_DEMO
SUP00592,Electronics Supplier 0592,India,Maharashtra,Pune,33.104,78.152,Service Provider,Electronics,Tier-2,LOW,UNKNOWN,ACTIVE,PROJECT_DEMO_EXPANSION,2026-09-23,Synthetic/demo record; not a claim about a real company.,SYNTHETIC_DEMO
SUP00593,Automotive Supplier 0593,Bangladesh,Dhaka,Dhaka,12.241,89.583,Contract Manufacturer,Automotive,Tier-3,HIGH,UNKNOWN,ACTIVE,PROJECT_DEMO_EXPANSION,2026-09-23,Synthetic/demo record; not a claim about a real company.,SYNTHETIC_DEMO
SUP00594,Pharma Supplier 0594,Vietnam,Ho Chi Minh,Ho Chi Minh City,19.378,72.014,Manufacturer,Pharma,Tier-3,LOW,UNKNOWN,UNKNOWN,PROJECT_DEMO_EXPANSION,2026-09-23,Synthetic/demo record; not a claim about a real company.,SYNTHETIC_DEMO
SUP00595,Chemicals Supplier 0595,China,Guangdong,Shenzhen,26.515,83.445,Manufacturer,Chemicals,Tier-1,HIGH,UNKNOWN,UNKNOWN,PROJECT_DEMO_EXPANSION,2026-09-23,Synthetic/demo record; not a claim about a real company.,SYNTHETIC_DEMO
SUP00596,Food Supplier 0596,Taiwan,Hsinchu,Hsinchu,33.652,94.876,Manufacturer,Food,Tier-1,HIGH,UNKNOWN,ACTIVE,PROJECT_DEMO_EXPANSION,2026-09-23,Synthetic/demo record; not a claim about a real company.,SYNTHETIC_DEMO
SUP00597,Semiconductors Supplier 0597,Japan,Tokyo,Tokyo,12.789,77.307,Contract Manufacturer,Semiconductors,Tier-1,HIGH,UNKNOWN,ACTIVE,PROJECT_DEMO_EXPANSION,2026-09-23,Synthetic/demo record; not a claim about a real company.,SYNTHETIC_DEMO
SUP00598,Logistics Supplier 0598,Germany,Bavaria,Munich,19.926,88.738,Manufacturer,Logistics,Tier-3,LOW,UNKNOWN,ACTIVE,PROJECT_DEMO_EXPANSION,2026-09-23,Synthetic/demo record; not a claim about a real company.,SYNTHETIC_DEMO
SUP00599,Industrial Equipment Supplier 0599,USA,Texas,Austin,27.063,71.169,Contract Manufacturer,Industrial Equipment,Tier-3,UNKNOWN,UNKNOWN,ACTIVE,PROJECT_DEMO_EXPANSION,2026-09-23,Synthetic/demo record; not a claim about a real company.,SYNTHETIC_DEMO
SUP00600,Packaging Supplier 0600,Mexico,Nuevo Leon,Monterrey,34.2,82.6,Distributor,Packaging,Tier-2,UNKNOWN,UNKNOWN,UNKNOWN,PROJECT_DEMO_EXPANSION,2026-09-23,Synthetic/demo record; not a claim about a real company.,SYNTHETIC_DEMO
SUP00601,Apparel Supplier 0601,India,Maharashtra,Mumbai,13.337,94.031,Service Provider,Apparel,Tier-1,MEDIUM,UNKNOWN,UNKNOWN,PROJECT_DEMO_EXPANSION,2026-09-23,Synthetic/demo record; not a claim about a real company.,SYNTHETIC_DEMO
SUP00602,Electronics Supplier 0602,India,Karnataka,Bengaluru,20.474,76.462,Contract Manufacturer,Electronics,Tier-1,LOW,UNKNOWN,ACTIVE,PROJECT_DEMO_EXPANSION,2026-09-23,Synthetic/demo record; not a claim about a real company.,SYNTHETIC_DEMO
SUP00603,Automotive Supplier 0603,India,Uttar Pradesh,Noida,27.611,87.893,Manufacturer,Automotive,Tier-2,LOW,UNKNOWN,ACTIVE,PROJECT_DEMO_EXPANSION,2026-09-23,Synthetic/demo record; not a claim about a real company.,SYNTHETIC_DEMO
SUP00604,Pharma Supplier 0604,India,Haryana,Gurugram,34.748,70.324,Manufacturer,Pharma,Tier-1,HIGH,UNKNOWN,ACTIVE,PROJECT_DEMO_EXPANSION,2026-09-23,Synthetic/demo record; not a claim about a real company.,SYNTHETIC_DEMO
SUP00605,Chemicals Supplier 0605,India,Tamil Nadu,Chennai,13.885,81.755,Service Provider,Chemicals,Tier-3,MEDIUM,UNKNOWN,ACTIVE,PROJECT_DEMO_EXPANSION,2026-09-23,Synthetic/demo record; not a claim about a real company.,SYNTHETIC_DEMO
SUP00606,Food Supplier 0606,India,Telangana,Hyderabad,21.022,93.186,Service Provider,Food,Tier-2,MEDIUM,UNKNOWN,ACTIVE,PROJECT_DEMO_EXPANSION,2026-09-23,Synthetic/demo record; not a claim about a real company.,SYNTHETIC_DEMO
SUP00607,Semiconductors Supplier 0607,India,Maharashtra,Pune,28.159,75.617,Manufacturer,Semiconductors,Tier-1,HIGH,UNKNOWN,ACTIVE,PROJECT_DEMO_EXPANSION,2026-09-23,Synthetic/demo record; not a claim about a real company.,SYNTHETIC_DEMO
SUP00608,Logistics Supplier 0608,Bangladesh,Dhaka,Dhaka,35.296,87.048,Service Provider,Logistics,Tier-2,HIGH,UNKNOWN,ACTIVE,PROJECT_DEMO_EXPANSION,2026-09-23,Synthetic/demo record; not a claim about a real company.,SYNTHETIC_DEMO
SUP00609,Industrial Equipment Supplier 0609,Vietnam,Ho Chi Minh,Ho Chi Minh City,14.433,69.479,Manufacturer,Industrial Equipment,Tier-1,HIGH,UNKNOWN,UNKNOWN,PROJECT_DEMO_EXPANSION,2026-09-23,Synthetic/demo record; not a claim about a real company.,SYNTHETIC_DEMO
SUP00610,Packaging Supplier 0610,China,Guangdong,Shenzhen,21.57,80.91,Service Provider,Packaging,Tier-3,UNKNOWN,UNKNOWN,ACTIVE,PROJECT_DEMO_EXPANSION,2026-09-23,Synthetic/demo record; not a claim about a real company.,SYNTHETIC_DEMO
SUP00611,Apparel Supplier 0611,Taiwan,Hsinchu,Hsinchu,28.707,92.341,Distributor,Apparel,Tier-1,MEDIUM,UNKNOWN,UNKNOWN,PROJECT_DEMO_EXPANSION,2026-09-23,Synthetic/demo record; not a claim about a real company.,SYNTHETIC_DEMO
SUP00612,Electronics Supplier 0612,Japan,Tokyo,Tokyo,35.844,74.772,Distributor,Electronics,Tier-1,UNKNOWN,UNKNOWN,ACTIVE,PROJECT_DEMO_EXPANSION,2026-09-23,Synthetic/demo record; not a claim about a real company.,SYNTHETIC_DEMO
SUP00613,Automotive Supplier 0613,Germany,Bavaria,Munich,14.981,86.203,Service Provider,Automotive,Tier-2,LOW,UNKNOWN,ACTIVE,PROJECT_DEMO_EXPANSION,2026-09-23,Synthetic/demo record; not a claim about a real company.,SYNTHETIC_DEMO
SUP00614,Pharma Supplier 0614,USA,Texas,Austin,22.118,68.634,Service Provider,Pharma,Tier-1,HIGH,UNKNOWN,UNKNOWN,PROJECT_DEMO_EXPANSION,2026-09-23,Synthetic/demo record; not a claim about a real company.,SYNTHETIC_DEMO
SUP00615,Chemicals Supplier 0615,Mexico,Nuevo Leon,Monterrey,29.255,80.065,Contract Manufacturer,Chemicals,Tier-3,UNKNOWN,UNKNOWN,UNKNOWN,PROJECT_DEMO_EXPANSION,2026-09-23,Synthetic/demo record; not a claim about a real company.,SYNTHETIC_DEMO
SUP00616,Food Supplier 0616,India,Maharashtra,Mumbai,8.392,91.496,Manufacturer,Food,Tier-3,LOW,UNKNOWN,ACTIVE,PROJECT_DEMO_EXPANSION,2026-09-23,Synthetic/demo record; not a claim about a real company.,SYNTHETIC_DEMO
SUP00617,Semiconductors Supplier 0617,India,Karnataka,Bengaluru,15.529,73.927,Manufacturer,Semiconductors,Tier-2,LOW,UNKNOWN,ACTIVE,PROJECT_DEMO_EXPANSION,2026-09-23,Synthetic/demo record; not a claim about a real company.,SYNTHETIC_DEMO
SUP00618,Logistics Supplier 0618,India,Uttar Pradesh,Noida,22.666,85.358,Service Provider,Logistics,Tier-1,UNKNOWN,UNKNOWN,ACTIVE,PROJECT_DEMO_EXPANSION,2026-09-23,Synthetic/demo record; not a claim about a real company.,SYNTHETIC_DEMO
SUP00619,Industrial Equipment Supplier 0619,India,Haryana,Gurugram,29.803,96.789,Service Provider,Industrial Equipment,Tier-2,UNKNOWN,UNKNOWN,ACTIVE,PROJECT_DEMO_EXPANSION,2026-09-23,Synthetic/demo record; not a claim about a real company.,SYNTHETIC_DEMO
SUP00620,Packaging Supplier 0620,India,Tamil Nadu,Chennai,8.94,79.22,Service Provider,Packaging,Tier-1,HIGH,UNKNOWN,ACTIVE,PROJECT_DEMO_EXPANSION,2026-09-23,Synthetic/demo record; not a claim about a real company.,SYNTHETIC_DEMO
SUP00621,Apparel Supplier 0621,India,Telangana,Hyderabad,16.077,90.651,Service Provider,Apparel,Tier-1,HIGH,UNKNOWN,UNKNOWN,PROJECT_DEMO_EXPANSION,2026-09-23,Synthetic/demo record; not a claim about a real company.,SYNTHETIC_DEMO
SUP00622,Electronics Supplier 0622,India,Maharashtra,Pune,23.214,73.082,Distributor,Electronics,Tier-3,UNKNOWN,UNKNOWN,ACTIVE,PROJECT_DEMO_EXPANSION,2026-09-23,Synthetic/demo record; not a claim about a real company.,SYNTHETIC_DEMO
SUP00623,Automotive Supplier 0623,Bangladesh,Dhaka,Dhaka,30.351,84.513,Distributor,Automotive,Tier-1,MEDIUM,UNKNOWN,ACTIVE,PROJECT_DEMO_EXPANSION,2026-09-23,Synthetic/demo record; not a claim about a real company.,SYNTHETIC_DEMO
SUP00624,Pharma Supplier 0624,Vietnam,Ho Chi Minh,Ho Chi Minh City,9.488,95.944,Distributor,Pharma,Tier-1,MEDIUM,UNKNOWN,ACTIVE,PROJECT_DEMO_EXPANSION,2026-09-23,Synthetic/demo record; not a claim about a real company.,SYNTHETIC_DEMO
SUP00625,Chemicals Supplier 0625,China,Guangdong,Shenzhen,16.625,78.375,Contract Manufacturer,Chemicals,Tier-2,HIGH,UNKNOWN,ACTIVE,PROJECT_DEMO_EXPANSION,2026-09-23,Synthetic/demo record; not a claim about a real company.,SYNTHETIC_DEMO
SUP00626,Food Supplier 0626,Taiwan,Hsinchu,Hsinchu,23.762,89.806,Service Provider,Food,Tier-1,LOW,UNKNOWN,ACTIVE,PROJECT_DEMO_EXPANSION,2026-09-23,Synthetic/demo record; not a claim about a real company.,SYNTHETIC_DEMO
SUP00627,Semiconductors Supplier 0627,Japan,Tokyo,Tokyo,30.899,72.237,Contract Manufacturer,Semiconductors,Tier-2,UNKNOWN,UNKNOWN,ACTIVE,PROJECT_DEMO_EXPANSION,2026-09-23,Synthetic/demo record; not a claim about a real company.,SYNTHETIC_DEMO
SUP00628,Logistics Supplier 0628,Germany,Bavaria,Munich,10.036,83.668,Manufacturer,Logistics,Tier-1,UNKNOWN,UNKNOWN,ACTIVE,PROJECT_DEMO_EXPANSION,2026-09-23,Synthetic/demo record; not a claim about a real company.,SYNTHETIC_DEMO
SUP00629,Industrial Equipment Supplier 0629,USA,Texas,Austin,17.173,95.099,Contract Manufacturer,Industrial Equipment,Tier-1,MEDIUM,UNKNOWN,ACTIVE,PROJECT_DEMO_EXPANSION,2026-09-23,Synthetic/demo record; not a claim about a real company.,SYNTHETIC_DEMO
SUP00630,Packaging Supplier 0630,Mexico,Nuevo Leon,Monterrey,24.31,77.53,Service Provider,Packaging,Tier-1,LOW,UNKNOWN,ACTIVE,PROJECT_DEMO_EXPANSION,2026-09-23,Synthetic/demo record; not a claim about a real company.,SYNTHETIC_DEMO
SUP00631,Apparel Supplier 0631,India,Maharashtra,Mumbai,31.447,88.961,Manufacturer,Apparel,Tier-1,HIGH,UNKNOWN,ACTIVE,PROJECT_DEMO_EXPANSION,2026-09-23,Synthetic/demo record; not a claim about a real company.,SYNTHETIC_DEMO
SUP00632,Electronics Supplier 0632,India,Karnataka,Bengaluru,10.584,71.392,Contract Manufacturer,Electronics,Tier-1,UNKNOWN,UNKNOWN,UNKNOWN,PROJECT_DEMO_EXPANSION,2026-09-23,Synthetic/demo record; not a claim about a real company.,SYNTHETIC_DEMO
SUP00633,Automotive Supplier 0633,India,Uttar Pradesh,Noida,17.721,82.823,Distributor,Automotive,Tier-1,HIGH,UNKNOWN,UNKNOWN,PROJECT_DEMO_EXPANSION,2026-09-23,Synthetic/demo record; not a claim about a real company.,SYNTHETIC_DEMO
SUP00634,Pharma Supplier 0634,India,Haryana,Gurugram,24.858,94.254,Distributor,Pharma,Tier-2,MEDIUM,UNKNOWN,ACTIVE,PROJECT_DEMO_EXPANSION,2026-09-23,Synthetic/demo record; not a claim about a real company.,SYNTHETIC_DEMO
SUP00635,Chemicals Supplier 0635,India,Tamil Nadu,Chennai,31.995,76.685,Service Provider,Chemicals,Tier-2,LOW,UNKNOWN,ACTIVE,PROJECT_DEMO_EXPANSION,2026-09-23,Synthetic/demo record; not a claim about a real company.,SYNTHETIC_DEMO
SUP00636,Food Supplier 0636,India,Telangana,Hyderabad,11.132,88.116,Service Provider,Food,Tier-2,LOW,UNKNOWN,UNKNOWN,PROJECT_DEMO_EXPANSION,2026-09-23,Synthetic/demo record; not a claim about a real company.,SYNTHETIC_DEMO
SUP00637,Semiconductors Supplier 0637,India,Maharashtra,Pune,18.269,70.547,Contract Manufacturer,Semiconductors,Tier-1,MEDIUM,UNKNOWN,ACTIVE,PROJECT_DEMO_EXPANSION,2026-09-23,Synthetic/demo record; not a claim about a real company.,SYNTHETIC_DEMO
SUP00638,Logistics Supplier 0638,Bangladesh,Dhaka,Dhaka,25.406,81.978,Distributor,Logistics,Tier-3,LOW,UNKNOWN,ACTIVE,PROJECT_DEMO_EXPANSION,2026-09-23,Synthetic/demo record; not a claim about a real company.,SYNTHETIC_DEMO
SUP00639,Industrial Equipment Supplier 0639,Vietnam,Ho Chi Minh,Ho Chi Minh City,32.543,93.409,Distributor,Industrial Equipment,Tier-3,HIGH,UNKNOWN,ACTIVE,PROJECT_DEMO_EXPANSION,2026-09-23,Synthetic/demo record; not a claim about a real company.,SYNTHETIC_DEMO
SUP00640,Packaging Supplier 0640,China,Guangdong,Shenzhen,11.68,75.84,Contract Manufacturer,Packaging,Tier-3,LOW,UNKNOWN,ACTIVE,PROJECT_DEMO_EXPANSION,2026-09-23,Synthetic/demo record; not a claim about a real company.,SYNTHETIC_DEMO
SUP00641,Apparel Supplier 0641,Taiwan,Hsinchu,Hsinchu,18.817,87.271,Contract Manufacturer,Apparel,Tier-3,MEDIUM,UNKNOWN,ACTIVE,PROJECT_DEMO_EXPANSION,2026-09-23,Synthetic/demo record; not a claim about a real company.,SYNTHETIC_DEMO
SUP00642,Electronics Supplier 0642,Japan,Tokyo,Tokyo,25.954,69.702,Distributor,Electronics,Tier-1,MEDIUM,UNKNOWN,ACTIVE,PROJECT_DEMO_EXPANSION,2026-09-23,Synthetic/demo record; not a claim about a real company.,SYNTHETIC_DEMO
SUP00643,Automotive Supplier 0643,Germany,Bavaria,Munich,33.091,81.133,Service Provider,Automotive,Tier-1,UNKNOWN,UNKNOWN,UNKNOWN,PROJECT_DEMO_EXPANSION,2026-09-23,Synthetic/demo record; not a claim about a real company.,SYNTHETIC_DEMO
SUP00644,Pharma Supplier 0644,USA,Texas,Austin,12.228,92.564,Service Provider,Pharma,Tier-1,UNKNOWN,UNKNOWN,ACTIVE,PROJECT_DEMO_EXPANSION,2026-09-23,Synthetic/demo record; not a claim about a real company.,SYNTHETIC_DEMO
SUP00645,Chemicals Supplier 0645,Mexico,Nuevo Leon,Monterrey,19.365,74.995,Distributor,Chemicals,Tier-1,HIGH,UNKNOWN,ACTIVE,PROJECT_DEMO_EXPANSION,2026-09-23,Synthetic/demo record; not a claim about a real company.,SYNTHETIC_DEMO
SUP00646,Food Supplier 0646,India,Maharashtra,Mumbai,26.502,86.426,Manufacturer,Food,Tier-3,MEDIUM,UNKNOWN,ACTIVE,PROJECT_DEMO_EXPANSION,2026-09-23,Synthetic/demo record; not a claim about a real company.,SYNTHETIC_DEMO
SUP00647,Semiconductors Supplier 0647,India,Karnataka,Bengaluru,33.639,68.857,Contract Manufacturer,Semiconductors,Tier-1,HIGH,UNKNOWN,ACTIVE,PROJECT_DEMO_EXPANSION,2026-09-23,Synthetic/demo record; not a claim about a real company.,SYNTHETIC_DEMO
SUP00648,Logistics Supplier 0648,India,Uttar Pradesh,Noida,12.776,80.288,Manufacturer,Logistics,Tier-2,HIGH,UNKNOWN,ACTIVE,PROJECT_DEMO_EXPANSION,2026-09-23,Synthetic/demo record; not a claim about a real company.,SYNTHETIC_DEMO
SUP00649,Industrial Equipment Supplier 0649,India,Haryana,Gurugram,19.913,91.719,Manufacturer,Industrial Equipment,Tier-2,UNKNOWN,UNKNOWN,UNKNOWN,PROJECT_DEMO_EXPANSION,2026-09-23,Synthetic/demo record; not a claim about a real company.,SYNTHETIC_DEMO
SUP00650,Packaging Supplier 0650,India,Tamil Nadu,Chennai,27.05,74.15,Service Provider,Packaging,Tier-1,LOW,UNKNOWN,UNKNOWN,PROJECT_DEMO_EXPANSION,2026-09-23,Synthetic/demo record; not a claim about a real company.,SYNTHETIC_DEMO
SUP00651,Apparel Supplier 0651,India,Telangana,Hyderabad,34.187,85.581,Contract Manufacturer,Apparel,Tier-1,HIGH,UNKNOWN,UNKNOWN,PROJECT_DEMO_EXPANSION,2026-09-23,Synthetic/demo record; not a claim about a real company.,SYNTHETIC_DEMO
SUP00652,Electronics Supplier 0652,India,Maharashtra,Pune,13.324,68.012,Service Provider,Electronics,Tier-2,MEDIUM,UNKNOWN,ACTIVE,PROJECT_DEMO_EXPANSION,2026-09-23,Synthetic/demo record; not a claim about a real company.,SYNTHETIC_DEMO
SUP00653,Automotive Supplier 0653,Bangladesh,Dhaka,Dhaka,20.461,79.443,Service Provider,Automotive,Tier-1,HIGH,UNKNOWN,UNKNOWN,PROJECT_DEMO_EXPANSION,2026-09-23,Synthetic/demo record; not a claim about a real company.,SYNTHETIC_DEMO
SUP00654,Pharma Supplier 0654,Vietnam,Ho Chi Minh,Ho Chi Minh City,27.598,90.874,Contract Manufacturer,Pharma,Tier-3,LOW,UNKNOWN,UNKNOWN,PROJECT_DEMO_EXPANSION,2026-09-23,Synthetic/demo record; not a claim about a real company.,SYNTHETIC_DEMO
SUP00655,Chemicals Supplier 0655,China,Guangdong,Shenzhen,34.735,73.305,Manufacturer,Chemicals,Tier-3,LOW,UNKNOWN,ACTIVE,PROJECT_DEMO_EXPANSION,2026-09-23,Synthetic/demo record; not a claim about a real company.,SYNTHETIC_DEMO
SUP00656,Food Supplier 0656,Taiwan,Hsinchu,Hsinchu,13.872,84.736,Manufacturer,Food,Tier-3,LOW,UNKNOWN,ACTIVE,PROJECT_DEMO_EXPANSION,2026-09-23,Synthetic/demo record; not a claim about a real company.,SYNTHETIC_DEMO
SUP00657,Semiconductors Supplier 0657,Japan,Tokyo,Tokyo,21.009,96.167,Distributor,Semiconductors,Tier-2,LOW,UNKNOWN,ACTIVE,PROJECT_DEMO_EXPANSION,2026-09-23,Synthetic/demo record; not a claim about a real company.,SYNTHETIC_DEMO
SUP00658,Logistics Supplier 0658,Germany,Bavaria,Munich,28.146,78.598,Distributor,Logistics,Tier-2,UNKNOWN,UNKNOWN,UNKNOWN,PROJECT_DEMO_EXPANSION,2026-09-23,Synthetic/demo record; not a claim about a real company.,SYNTHETIC_DEMO
SUP00659,Industrial Equipment Supplier 0659,USA,Texas,Austin,35.283,90.029,Distributor,Industrial Equipment,Tier-2,LOW,UNKNOWN,ACTIVE,PROJECT_DEMO_EXPANSION,2026-09-23,Synthetic/demo record; not a claim about a real company.,SYNTHETIC_DEMO
SUP00660,Packaging Supplier 0660,Mexico,Nuevo Leon,Monterrey,14.42,72.46,Distributor,Packaging,Tier-2,MEDIUM,UNKNOWN,ACTIVE,PROJECT_DEMO_EXPANSION,2026-09-23,Synthetic/demo record; not a claim about a real company.,SYNTHETIC_DEMO
SUP00661,Apparel Supplier 0661,India,Maharashtra,Mumbai,21.557,83.891,Manufacturer,Apparel,Tier-2,HIGH,UNKNOWN,ACTIVE,PROJECT_DEMO_EXPANSION,2026-09-23,Synthetic/demo record; not a claim about a real company.,SYNTHETIC_DEMO
SUP00662,Electronics Supplier 0662,India,Karnataka,Bengaluru,28.694,95.322,Distributor,Electronics,Tier-1,UNKNOWN,UNKNOWN,ACTIVE,PROJECT_DEMO_EXPANSION,2026-09-23,Synthetic/demo record; not a claim about a real company.,SYNTHETIC_DEMO
SUP00663,Automotive Supplier 0663,India,Uttar Pradesh,Noida,35.831,77.753,Contract Manufacturer,Automotive,Tier-3,HIGH,UNKNOWN,ACTIVE,PROJECT_DEMO_EXPANSION,2026-09-23,Synthetic/demo record; not a claim about a real company.,SYNTHETIC_DEMO
SUP00664,Pharma Supplier 0664,India,Haryana,Gurugram,14.968,89.184,Manufacturer,Pharma,Tier-2,UNKNOWN,UNKNOWN,UNKNOWN,PROJECT_DEMO_EXPANSION,2026-09-23,Synthetic/demo record; not a claim about a real company.,SYNTHETIC_DEMO
SUP00665,Chemicals Supplier 0665,India,Tamil Nadu,Chennai,22.105,71.615,Distributor,Chemicals,Tier-1,UNKNOWN,UNKNOWN,UNKNOWN,PROJECT_DEMO_EXPANSION,2026-09-23,Synthetic/demo record; not a claim about a real company.,SYNTHETIC_DEMO
SUP00666,Food Supplier 0666,India,Telangana,Hyderabad,29.242,83.046,Manufacturer,Food,Tier-1,HIGH,UNKNOWN,ACTIVE,PROJECT_DEMO_EXPANSION,2026-09-23,Synthetic/demo record; not a claim about a real company.,SYNTHETIC_DEMO
SUP00667,Semiconductors Supplier 0667,India,Maharashtra,Pune,8.379,94.477,Contract Manufacturer,Semiconductors,Tier-1,LOW,UNKNOWN,ACTIVE,PROJECT_DEMO_EXPANSION,2026-09-23,Synthetic/demo record; not a claim about a real company.,SYNTHETIC_DEMO
SUP00668,Logistics Supplier 0668,Bangladesh,Dhaka,Dhaka,15.516,76.908,Manufacturer,Logistics,Tier-1,UNKNOWN,UNKNOWN,UNKNOWN,PROJECT_DEMO_EXPANSION,2026-09-23,Synthetic/demo record; not a claim about a real company.,SYNTHETIC_DEMO
SUP00669,Industrial Equipment Supplier 0669,Vietnam,Ho Chi Minh,Ho Chi Minh City,22.653,88.339,Contract Manufacturer,Industrial Equipment,Tier-2,UNKNOWN,UNKNOWN,UNKNOWN,PROJECT_DEMO_EXPANSION,2026-09-23,Synthetic/demo record; not a claim about a real company.,SYNTHETIC_DEMO
SUP00670,Packaging Supplier 0670,China,Guangdong,Shenzhen,29.79,70.77,Manufacturer,Packaging,Tier-1,HIGH,UNKNOWN,ACTIVE,PROJECT_DEMO_EXPANSION,2026-09-23,Synthetic/demo record; not a claim about a real company.,SYNTHETIC_DEMO
SUP00671,Apparel Supplier 0671,Taiwan,Hsinchu,Hsinchu,8.927,82.201,Distributor,Apparel,Tier-2,LOW,UNKNOWN,ACTIVE,PROJECT_DEMO_EXPANSION,2026-09-23,Synthetic/demo record; not a claim about a real company.,SYNTHETIC_DEMO
SUP00672,Electronics Supplier 0672,Japan,Tokyo,Tokyo,16.064,93.632,Distributor,Electronics,Tier-2,MEDIUM,UNKNOWN,UNKNOWN,PROJECT_DEMO_EXPANSION,2026-09-23,Synthetic/demo record; not a claim about a real company.,SYNTHETIC_DEMO
SUP00673,Automotive Supplier 0673,Germany,Bavaria,Munich,23.201,76.063,Contract Manufacturer,Automotive,Tier-3,HIGH,UNKNOWN,ACTIVE,PROJECT_DEMO_EXPANSION,2026-09-23,Synthetic/demo record; not a claim about a real company.,SYNTHETIC_DEMO
SUP00674,Pharma Supplier 0674,USA,Texas,Austin,30.338,87.494,Contract Manufacturer,Pharma,Tier-1,UNKNOWN,UNKNOWN,ACTIVE,PROJECT_DEMO_EXPANSION,2026-09-23,Synthetic/demo record; not a claim about a real company.,SYNTHETIC_DEMO
SUP00675,Chemicals Supplier 0675,Mexico,Nuevo Leon,Monterrey,9.475,69.925,Contract Manufacturer,Chemicals,Tier-1,HIGH,UNKNOWN,ACTIVE,PROJECT_DEMO_EXPANSION,2026-09-23,Synthetic/demo record; not a claim about a real company.,SYNTHETIC_DEMO
SUP00676,Food Supplier 0676,India,Maharashtra,Mumbai,16.612,81.356,Distributor,Food,Tier-2,UNKNOWN,UNKNOWN,ACTIVE,PROJECT_DEMO_EXPANSION,2026-09-23,Synthetic/demo record; not a claim about a real company.,SYNTHETIC_DEMO
SUP00677,Semiconductors Supplier 0677,India,Karnataka,Bengaluru,23.749,92.787,Distributor,Semiconductors,Tier-2,MEDIUM,UNKNOWN,UNKNOWN,PROJECT_DEMO_EXPANSION,2026-09-23,Synthetic/demo record; not a claim about a real company.,SYNTHETIC_DEMO
SUP00678,Logistics Supplier 0678,India,Uttar Pradesh,Noida,30.886,75.218,Manufacturer,Logistics,Tier-1,LOW,UNKNOWN,ACTIVE,PROJECT_DEMO_EXPANSION,2026-09-23,Synthetic/demo record; not a claim about a real company.,SYNTHETIC_DEMO
SUP00679,Industrial Equipment Supplier 0679,India,Haryana,Gurugram,10.023,86.649,Manufacturer,Industrial Equipment,Tier-1,HIGH,UNKNOWN,UNKNOWN,PROJECT_DEMO_EXPANSION,2026-09-23,Synthetic/demo record; not a claim about a real company.,SYNTHETIC_DEMO
SUP00680,Packaging Supplier 0680,India,Tamil Nadu,Chennai,17.16,69.08,Service Provider,Packaging,Tier-2,MEDIUM,UNKNOWN,ACTIVE,PROJECT_DEMO_EXPANSION,2026-09-23,Synthetic/demo record; not a claim about a real company.,SYNTHETIC_DEMO
SUP00681,Apparel Supplier 0681,India,Telangana,Hyderabad,24.297,80.511,Contract Manufacturer,Apparel,Tier-2,UNKNOWN,UNKNOWN,ACTIVE,PROJECT_DEMO_EXPANSION,2026-09-23,Synthetic/demo record; not a claim about a real company.,SYNTHETIC_DEMO
SUP00682,Electronics Supplier 0682,India,Maharashtra,Pune,31.434,91.942,Distributor,Electronics,Tier-2,HIGH,UNKNOWN,ACTIVE,PROJECT_DEMO_EXPANSION,2026-09-23,Synthetic/demo record; not a claim about a real company.,SYNTHETIC_DEMO
SUP00683,Automotive Supplier 0683,Bangladesh,Dhaka,Dhaka,10.571,74.373,Distributor,Automotive,Tier-1,UNKNOWN,UNKNOWN,UNKNOWN,PROJECT_DEMO_EXPANSION,2026-09-23,Synthetic/demo record; not a claim about a real company.,SYNTHETIC_DEMO
SUP00684,Pharma Supplier 0684,Vietnam,Ho Chi Minh,Ho Chi Minh City,17.708,85.804,Manufacturer,Pharma,Tier-3,MEDIUM,UNKNOWN,ACTIVE,PROJECT_DEMO_EXPANSION,2026-09-23,Synthetic/demo record; not a claim about a real company.,SYNTHETIC_DEMO
SUP00685,Chemicals Supplier 0685,China,Guangdong,Shenzhen,24.845,68.235,Distributor,Chemicals,Tier-1,HIGH,UNKNOWN,ACTIVE,PROJECT_DEMO_EXPANSION,2026-09-23,Synthetic/demo record; not a claim about a real company.,SYNTHETIC_DEMO
SUP00686,Food Supplier 0686,Taiwan,Hsinchu,Hsinchu,31.982,79.666,Manufacturer,Food,Tier-3,HIGH,UNKNOWN,ACTIVE,PROJECT_DEMO_EXPANSION,2026-09-23,Synthetic/demo record; not a claim about a real company.,SYNTHETIC_DEMO
SUP00687,Semiconductors Supplier 0687,Japan,Tokyo,Tokyo,11.119,91.097,Service Provider,Semiconductors,Tier-2,LOW,UNKNOWN,ACTIVE,PROJECT_DEMO_EXPANSION,2026-09-23,Synthetic/demo record; not a claim about a real company.,SYNTHETIC_DEMO
SUP00688,Logistics Supplier 0688,Germany,Bavaria,Munich,18.256,73.528,Manufacturer,Logistics,Tier-3,MEDIUM,UNKNOWN,ACTIVE,PROJECT_DEMO_EXPANSION,2026-09-23,Synthetic/demo record; not a claim about a real company.,SYNTHETIC_DEMO
SUP00689,Industrial Equipment Supplier 0689,USA,Texas,Austin,25.393,84.959,Service Provider,Industrial Equipment,Tier-2,MEDIUM,UNKNOWN,UNKNOWN,PROJECT_DEMO_EXPANSION,2026-09-23,Synthetic/demo record; not a claim about a real company.,SYNTHETIC_DEMO
SUP00690,Packaging Supplier 0690,Mexico,Nuevo Leon,Monterrey,32.53,96.39,Manufacturer,Packaging,Tier-2,HIGH,UNKNOWN,ACTIVE,PROJECT_DEMO_EXPANSION,2026-09-23,Synthetic/demo record; not a claim about a real company.,SYNTHETIC_DEMO
SUP00691,Apparel Supplier 0691,India,Maharashtra,Mumbai,11.667,78.821,Contract Manufacturer,Apparel,Tier-2,LOW,UNKNOWN,ACTIVE,PROJECT_DEMO_EXPANSION,2026-09-23,Synthetic/demo record; not a claim about a real company.,SYNTHETIC_DEMO
SUP00692,Electronics Supplier 0692,India,Karnataka,Bengaluru,18.804,90.252,Contract Manufacturer,Electronics,Tier-2,HIGH,UNKNOWN,ACTIVE,PROJECT_DEMO_EXPANSION,2026-09-23,Synthetic/demo record; not a claim about a real company.,SYNTHETIC_DEMO
SUP00693,Automotive Supplier 0693,India,Uttar Pradesh,Noida,25.941,72.683,Manufacturer,Automotive,Tier-2,UNKNOWN,UNKNOWN,ACTIVE,PROJECT_DEMO_EXPANSION,2026-09-23,Synthetic/demo record; not a claim about a real company.,SYNTHETIC_DEMO
SUP00694,Pharma Supplier 0694,India,Haryana,Gurugram,33.078,84.114,Service Provider,Pharma,Tier-1,HIGH,UNKNOWN,UNKNOWN,PROJECT_DEMO_EXPANSION,2026-09-23,Synthetic/demo record; not a claim about a real company.,SYNTHETIC_DEMO
SUP00695,Chemicals Supplier 0695,India,Tamil Nadu,Chennai,12.215,95.545,Contract Manufacturer,Chemicals,Tier-3,LOW,UNKNOWN,ACTIVE,PROJECT_DEMO_EXPANSION,2026-09-23,Synthetic/demo record; not a claim about a real company.,SYNTHETIC_DEMO
SUP00696,Food Supplier 0696,India,Telangana,Hyderabad,19.352,77.976,Manufacturer,Food,Tier-3,UNKNOWN,UNKNOWN,ACTIVE,PROJECT_DEMO_EXPANSION,2026-09-23,Synthetic/demo record; not a claim about a real company.,SYNTHETIC_DEMO
SUP00697,Semiconductors Supplier 0697,India,Maharashtra,Pune,26.489,89.407,Contract Manufacturer,Semiconductors,Tier-2,UNKNOWN,UNKNOWN,ACTIVE,PROJECT_DEMO_EXPANSION,2026-09-23,Synthetic/demo record; not a claim about a real company.,SYNTHETIC_DEMO
SUP00698,Logistics Supplier 0698,Bangladesh,Dhaka,Dhaka,33.626,71.838,Distributor,Logistics,Tier-1,LOW,UNKNOWN,ACTIVE,PROJECT_DEMO_EXPANSION,2026-09-23,Synthetic/demo record; not a claim about a real company.,SYNTHETIC_DEMO
SUP00699,Industrial Equipment Supplier 0699,Vietnam,Ho Chi Minh,Ho Chi Minh City,12.763,83.269,Contract Manufacturer,Industrial Equipment,Tier-2,MEDIUM,UNKNOWN,ACTIVE,PROJECT_DEMO_EXPANSION,2026-09-23,Synthetic/demo record; not a claim about a real company.,SYNTHETIC_DEMO
SUP00700,Packaging Supplier 0700,China,Guangdong,Shenzhen,19.9,94.7,Manufacturer,Packaging,Tier-2,LOW,UNKNOWN,UNKNOWN,PROJECT_DEMO_EXPANSION,2026-09-23,Synthetic/demo record; not a claim about a real company.,SYNTHETIC_DEMO
SUP00701,Apparel Supplier 0701,Taiwan,Hsinchu,Hsinchu,27.037,77.131,Service Provider,Apparel,Tier-3,MEDIUM,UNKNOWN,ACTIVE,PROJECT_DEMO_EXPANSION,2026-09-23,Synthetic/demo record; not a claim about a real company.,SYNTHETIC_DEMO
SUP00702,Electronics Supplier 0702,Japan,Tokyo,Tokyo,34.174,88.562,Manufacturer,Electronics,Tier-3,UNKNOWN,UNKNOWN,UNKNOWN,PROJECT_DEMO_EXPANSION,2026-09-23,Synthetic/demo record; not a claim about a real company.,SYNTHETIC_DEMO
SUP00703,Automotive Supplier 0703,Germany,Bavaria,Munich,13.311,70.993,Distributor,Automotive,Tier-1,UNKNOWN,UNKNOWN,ACTIVE,PROJECT_DEMO_EXPANSION,2026-09-23,Synthetic/demo record; not a claim about a real company.,SYNTHETIC_DEMO
SUP00704,Pharma Supplier 0704,USA,Texas,Austin,20.448,82.424,Manufacturer,Pharma,Tier-3,HIGH,UNKNOWN,UNKNOWN,PROJECT_DEMO_EXPANSION,2026-09-23,Synthetic/demo record; not a claim about a real company.,SYNTHETIC_DEMO
SUP00705,Chemicals Supplier 0705,Mexico,Nuevo Leon,Monterrey,27.585,93.855,Distributor,Chemicals,Tier-2,LOW,UNKNOWN,ACTIVE,PROJECT_DEMO_EXPANSION,2026-09-23,Synthetic/demo record; not a claim about a real company.,SYNTHETIC_DEMO
SUP00706,Food Supplier 0706,India,Maharashtra,Mumbai,34.722,76.286,Manufacturer,Food,Tier-2,UNKNOWN,UNKNOWN,UNKNOWN,PROJECT_DEMO_EXPANSION,2026-09-23,Synthetic/demo record; not a claim about a real company.,SYNTHETIC_DEMO
SUP00707,Semiconductors Supplier 0707,India,Karnataka,Bengaluru,13.859,87.717,Service Provider,Semiconductors,Tier-2,HIGH,UNKNOWN,UNKNOWN,PROJECT_DEMO_EXPANSION,2026-09-23,Synthetic/demo record; not a claim about a real company.,SYNTHETIC_DEMO
SUP00708,Logistics Supplier 0708,India,Uttar Pradesh,Noida,20.996,70.148,Distributor,Logistics,Tier-1,LOW,UNKNOWN,ACTIVE,PROJECT_DEMO_EXPANSION,2026-09-23,Synthetic/demo record; not a claim about a real company.,SYNTHETIC_DEMO
SUP00709,Industrial Equipment Supplier 0709,India,Haryana,Gurugram,28.133,81.579,Manufacturer,Industrial Equipment,Tier-1,UNKNOWN,UNKNOWN,ACTIVE,PROJECT_DEMO_EXPANSION,2026-09-23,Synthetic/demo record; not a claim about a real company.,SYNTHETIC_DEMO
SUP00710,Packaging Supplier 0710,India,Tamil Nadu,Chennai,35.27,93.01,Service Provider,Packaging,Tier-1,LOW,UNKNOWN,ACTIVE,PROJECT_DEMO_EXPANSION,2026-09-23,Synthetic/demo record; not a claim about a real company.,SYNTHETIC_DEMO
SUP00711,Apparel Supplier 0711,India,Telangana,Hyderabad,14.407,75.441,Distributor,Apparel,Tier-3,LOW,UNKNOWN,ACTIVE,PROJECT_DEMO_EXPANSION,2026-09-23,Synthetic/demo record; not a claim about a real company.,SYNTHETIC_DEMO
SUP00712,Electronics Supplier 0712,India,Maharashtra,Pune,21.544,86.872,Contract Manufacturer,Electronics,Tier-2,LOW,UNKNOWN,ACTIVE,PROJECT_DEMO_EXPANSION,2026-09-23,Synthetic/demo record; not a claim about a real company.,SYNTHETIC_DEMO
SUP00713,Automotive Supplier 0713,Bangladesh,Dhaka,Dhaka,28.681,69.303,Manufacturer,Automotive,Tier-1,LOW,UNKNOWN,ACTIVE,PROJECT_DEMO_EXPANSION,2026-09-23,Synthetic/demo record; not a claim about a real company.,SYNTHETIC_DEMO
SUP00714,Pharma Supplier 0714,Vietnam,Ho Chi Minh,Ho Chi Minh City,35.818,80.734,Manufacturer,Pharma,Tier-1,LOW,UNKNOWN,ACTIVE,PROJECT_DEMO_EXPANSION,2026-09-23,Synthetic/demo record; not a claim about a real company.,SYNTHETIC_DEMO
SUP00715,Chemicals Supplier 0715,China,Guangdong,Shenzhen,14.955,92.165,Manufacturer,Chemicals,Tier-1,MEDIUM,UNKNOWN,ACTIVE,PROJECT_DEMO_EXPANSION,2026-09-23,Synthetic/demo record; not a claim about a real company.,SYNTHETIC_DEMO
SUP00716,Food Supplier 0716,Taiwan,Hsinchu,Hsinchu,22.092,74.596,Contract Manufacturer,Food,Tier-1,HIGH,UNKNOWN,ACTIVE,PROJECT_DEMO_EXPANSION,2026-09-23,Synthetic/demo record; not a claim about a real company.,SYNTHETIC_DEMO
SUP00717,Semiconductors Supplier 0717,Japan,Tokyo,Tokyo,29.229,86.027,Contract Manufacturer,Semiconductors,Tier-2,LOW,UNKNOWN,ACTIVE,PROJECT_DEMO_EXPANSION,2026-09-23,Synthetic/demo record; not a claim about a real company.,SYNTHETIC_DEMO
SUP00718,Logistics Supplier 0718,Germany,Bavaria,Munich,8.366,68.458,Contract Manufacturer,Logistics,Tier-1,LOW,UNKNOWN,ACTIVE,PROJECT_DEMO_EXPANSION,2026-09-23,Synthetic/demo record; not a claim about a real company.,SYNTHETIC_DEMO
SUP00719,Industrial Equipment Supplier 0719,USA,Texas,Austin,15.503,79.889,Distributor,Industrial Equipment,Tier-3,MEDIUM,UNKNOWN,ACTIVE,PROJECT_DEMO_EXPANSION,2026-09-23,Synthetic/demo record; not a claim about a real company.,SYNTHETIC_DEMO
SUP00720,Packaging Supplier 0720,Mexico,Nuevo Leon,Monterrey,22.64,91.32,Contract Manufacturer,Packaging,Tier-3,LOW,UNKNOWN,ACTIVE,PROJECT_DEMO_EXPANSION,2026-09-23,Synthetic/demo record; not a claim about a real company.,SYNTHETIC_DEMO
SUP00721,Apparel Supplier 0721,India,Maharashtra,Mumbai,29.777,73.751,Manufacturer,Apparel,Tier-3,HIGH,UNKNOWN,ACTIVE,PROJECT_DEMO_EXPANSION,2026-09-23,Synthetic/demo record; not a claim about a real company.,SYNTHETIC_DEMO
SUP00722,Electronics Supplier 0722,India,Karnataka,Bengaluru,8.914,85.182,Manufacturer,Electronics,Tier-1,LOW,UNKNOWN,ACTIVE,PROJECT_DEMO_EXPANSION,2026-09-23,Synthetic/demo record; not a claim about a real company.,SYNTHETIC_DEMO
SUP00723,Automotive Supplier 0723,India,Uttar Pradesh,Noida,16.051,96.613,Manufacturer,Automotive,Tier-1,HIGH,UNKNOWN,ACTIVE,PROJECT_DEMO_EXPANSION,2026-09-23,Synthetic/demo record; not a claim about a real company.,SYNTHETIC_DEMO
SUP00724,Pharma Supplier 0724,India,Haryana,Gurugram,23.188,79.044,Distributor,Pharma,Tier-2,HIGH,UNKNOWN,ACTIVE,PROJECT_DEMO_EXPANSION,2026-09-23,Synthetic/demo record; not a claim about a real company.,SYNTHETIC_DEMO
SUP00725,Chemicals Supplier 0725,India,Tamil Nadu,Chennai,30.325,90.475,Manufacturer,Chemicals,Tier-1,LOW,UNKNOWN,ACTIVE,PROJECT_DEMO_EXPANSION,2026-09-23,Synthetic/demo record; not a claim about a real company.,SYNTHETIC_DEMO
SUP00726,Food Supplier 0726,India,Telangana,Hyderabad,9.462,72.906,Manufacturer,Food,Tier-3,LOW,UNKNOWN,ACTIVE,PROJECT_DEMO_EXPANSION,2026-09-23,Synthetic/demo record; not a claim about a real company.,SYNTHETIC_DEMO
SUP00727,Semiconductors Supplier 0727,India,Maharashtra,Pune,16.599,84.337,Distributor,Semiconductors,Tier-1,UNKNOWN,UNKNOWN,UNKNOWN,PROJECT_DEMO_EXPANSION,2026-09-23,Synthetic/demo record; not a claim about a real company.,SYNTHETIC_DEMO
SUP00728,Logistics Supplier 0728,Bangladesh,Dhaka,Dhaka,23.736,95.768,Contract Manufacturer,Logistics,Tier-2,MEDIUM,UNKNOWN,ACTIVE,PROJECT_DEMO_EXPANSION,2026-09-23,Synthetic/demo record; not a claim about a real company.,SYNTHETIC_DEMO
SUP00729,Industrial Equipment Supplier 0729,Vietnam,Ho Chi Minh,Ho Chi Minh City,30.873,78.199,Service Provider,Industrial Equipment,Tier-2,UNKNOWN,UNKNOWN,ACTIVE,PROJECT_DEMO_EXPANSION,2026-09-23,Synthetic/demo record; not a claim about a real company.,SYNTHETIC_DEMO
SUP00730,Packaging Supplier 0730,China,Guangdong,Shenzhen,10.01,89.63,Manufacturer,Packaging,Tier-3,UNKNOWN,UNKNOWN,UNKNOWN,PROJECT_DEMO_EXPANSION,2026-09-23,Synthetic/demo record; not a claim about a real company.,SYNTHETIC_DEMO
SUP00731,Apparel Supplier 0731,Taiwan,Hsinchu,Hsinchu,17.147,72.061,Distributor,Apparel,Tier-3,MEDIUM,UNKNOWN,UNKNOWN,PROJECT_DEMO_EXPANSION,2026-09-23,Synthetic/demo record; not a claim about a real company.,SYNTHETIC_DEMO
SUP00732,Electronics Supplier 0732,Japan,Tokyo,Tokyo,24.284,83.492,Distributor,Electronics,Tier-2,MEDIUM,UNKNOWN,ACTIVE,PROJECT_DEMO_EXPANSION,2026-09-23,Synthetic/demo record; not a claim about a real company.,SYNTHETIC_DEMO
SUP00733,Automotive Supplier 0733,Germany,Bavaria,Munich,31.421,94.923,Contract Manufacturer,Automotive,Tier-2,MEDIUM,UNKNOWN,ACTIVE,PROJECT_DEMO_EXPANSION,2026-09-23,Synthetic/demo record; not a claim about a real company.,SYNTHETIC_DEMO
SUP00734,Pharma Supplier 0734,USA,Texas,Austin,10.558,77.354,Manufacturer,Pharma,Tier-3,UNKNOWN,UNKNOWN,ACTIVE,PROJECT_DEMO_EXPANSION,2026-09-23,Synthetic/demo record; not a claim about a real company.,SYNTHETIC_DEMO
SUP00735,Chemicals Supplier 0735,Mexico,Nuevo Leon,Monterrey,17.695,88.785,Manufacturer,Chemicals,Tier-2,UNKNOWN,UNKNOWN,UNKNOWN,PROJECT_DEMO_EXPANSION,2026-09-23,Synthetic/demo record; not a claim about a real company.,SYNTHETIC_DEMO
SUP00736,Food Supplier 0736,India,Maharashtra,Mumbai,24.832,71.216,Distributor,Food,Tier-3,MEDIUM,UNKNOWN,ACTIVE,PROJECT_DEMO_EXPANSION,2026-09-23,Synthetic/demo record; not a claim about a real company.,SYNTHETIC_DEMO
SUP00737,Semiconductors Supplier 0737,India,Karnataka,Bengaluru,31.969,82.647,Service Provider,Semiconductors,Tier-3,MEDIUM,UNKNOWN,UNKNOWN,PROJECT_DEMO_EXPANSION,2026-09-23,Synthetic/demo record; not a claim about a real company.,SYNTHETIC_DEMO
SUP00738,Logistics Supplier 0738,India,Uttar Pradesh,Noida,11.106,94.078,Distributor,Logistics,Tier-3,LOW,UNKNOWN,ACTIVE,PROJECT_DEMO_EXPANSION,2026-09-23,Synthetic/demo record; not a claim about a real company.,SYNTHETIC_DEMO
SUP00739,Industrial Equipment Supplier 0739,India,Haryana,Gurugram,18.243,76.509,Contract Manufacturer,Industrial Equipment,Tier-1,MEDIUM,UNKNOWN,UNKNOWN,PROJECT_DEMO_EXPANSION,2026-09-23,Synthetic/demo record; not a claim about a real company.,SYNTHETIC_DEMO
SUP00740,Packaging Supplier 0740,India,Tamil Nadu,Chennai,25.38,87.94,Service Provider,Packaging,Tier-3,MEDIUM,UNKNOWN,UNKNOWN,PROJECT_DEMO_EXPANSION,2026-09-23,Synthetic/demo record; not a claim about a real company.,SYNTHETIC_DEMO
SUP00741,Apparel Supplier 0741,India,Telangana,Hyderabad,32.517,70.371,Contract Manufacturer,Apparel,Tier-2,LOW,UNKNOWN,ACTIVE,PROJECT_DEMO_EXPANSION,2026-09-23,Synthetic/demo record; not a claim about a real company.,SYNTHETIC_DEMO
SUP00742,Electronics Supplier 0742,India,Maharashtra,Pune,11.654,81.802,Contract Manufacturer,Electronics,Tier-2,LOW,UNKNOWN,ACTIVE,PROJECT_DEMO_EXPANSION,2026-09-23,Synthetic/demo record; not a claim about a real company.,SYNTHETIC_DEMO
SUP00743,Automotive Supplier 0743,Bangladesh,Dhaka,Dhaka,18.791,93.233,Manufacturer,Automotive,Tier-1,MEDIUM,UNKNOWN,ACTIVE,PROJECT_DEMO_EXPANSION,2026-09-23,Synthetic/demo record; not a claim about a real company.,SYNTHETIC_DEMO
SUP00744,Pharma Supplier 0744,Vietnam,Ho Chi Minh,Ho Chi Minh City,25.928,75.664,Distributor,Pharma,Tier-1,MEDIUM,UNKNOWN,ACTIVE,PROJECT_DEMO_EXPANSION,2026-09-23,Synthetic/demo record; not a claim about a real company.,SYNTHETIC_DEMO
SUP00745,Chemicals Supplier 0745,China,Guangdong,Shenzhen,33.065,87.095,Contract Manufacturer,Chemicals,Tier-2,MEDIUM,UNKNOWN,UNKNOWN,PROJECT_DEMO_EXPANSION,2026-09-23,Synthetic/demo record; not a claim about a real company.,SYNTHETIC_DEMO
SUP00746,Food Supplier 0746,Taiwan,Hsinchu,Hsinchu,12.202,69.526,Contract Manufacturer,Food,Tier-3,HIGH,UNKNOWN,ACTIVE,PROJECT_DEMO_EXPANSION,2026-09-23,Synthetic/demo record; not a claim about a real company.,SYNTHETIC_DEMO
SUP00747,Semiconductors Supplier 0747,Japan,Tokyo,Tokyo,19.339,80.957,Distributor,Semiconductors,Tier-3,HIGH,UNKNOWN,UNKNOWN,PROJECT_DEMO_EXPANSION,2026-09-23,Synthetic/demo record; not a claim about a real company.,SYNTHETIC_DEMO
SUP00748,Logistics Supplier 0748,Germany,Bavaria,Munich,26.476,92.388,Distributor,Logistics,Tier-3,HIGH,UNKNOWN,UNKNOWN,PROJECT_DEMO_EXPANSION,2026-09-23,Synthetic/demo record; not a claim about a real company.,SYNTHETIC_DEMO
SUP00749,Industrial Equipment Supplier 0749,USA,Texas,Austin,33.613,74.819,Contract Manufacturer,Industrial Equipment,Tier-1,HIGH,UNKNOWN,ACTIVE,PROJECT_DEMO_EXPANSION,2026-09-23,Synthetic/demo record; not a claim about a real company.,SYNTHETIC_DEMO
SUP00750,Packaging Supplier 0750,Mexico,Nuevo Leon,Monterrey,12.75,86.25,Contract Manufacturer,Packaging,Tier-1,MEDIUM,UNKNOWN,ACTIVE,PROJECT_DEMO_EXPANSION,2026-09-23,Synthetic/demo record; not a claim about a real company.,SYNTHETIC_DEMO
SUP00751,Apparel Supplier 0751,India,Maharashtra,Mumbai,19.887,68.681,Manufacturer,Apparel,Tier-2,HIGH,UNKNOWN,UNKNOWN,PROJECT_DEMO_EXPANSION,2026-09-23,Synthetic/demo record; not a claim about a real company.,SYNTHETIC_DEMO
SUP00752,Electronics Supplier 0752,India,Karnataka,Bengaluru,27.024,80.112,Service Provider,Electronics,Tier-3,LOW,UNKNOWN,ACTIVE,PROJECT_DEMO_EXPANSION,2026-09-23,Synthetic/demo record; not a claim about a real company.,SYNTHETIC_DEMO
SUP00753,Automotive Supplier 0753,India,Uttar Pradesh,Noida,34.161,91.543,Manufacturer,Automotive,Tier-1,HIGH,UNKNOWN,ACTIVE,PROJECT_DEMO_EXPANSION,2026-09-23,Synthetic/demo record; not a claim about a real company.,SYNTHETIC_DEMO
SUP00754,Pharma Supplier 0754,India,Haryana,Gurugram,13.298,73.974,Manufacturer,Pharma,Tier-2,MEDIUM,UNKNOWN,ACTIVE,PROJECT_DEMO_EXPANSION,2026-09-23,Synthetic/demo record; not a claim about a real company.,SYNTHETIC_DEMO
SUP00755,Chemicals Supplier 0755,India,Tamil Nadu,Chennai,20.435,85.405,Distributor,Chemicals,Tier-2,LOW,UNKNOWN,ACTIVE,PROJECT_DEMO_EXPANSION,2026-09-23,Synthetic/demo record; not a claim about a real company.,SYNTHETIC_DEMO
SUP00756,Food Supplier 0756,India,Telangana,Hyderabad,27.572,96.836,Manufacturer,Food,Tier-2,UNKNOWN,UNKNOWN,ACTIVE,PROJECT_DEMO_EXPANSION,2026-09-23,Synthetic/demo record; not a claim about a real company.,SYNTHETIC_DEMO
SUP00757,Semiconductors Supplier 0757,India,Maharashtra,Pune,34.709,79.267,Distributor,Semiconductors,Tier-3,LOW,UNKNOWN,ACTIVE,PROJECT_DEMO_EXPANSION,2026-09-23,Synthetic/demo record; not a claim about a real company.,SYNTHETIC_DEMO
SUP00758,Logistics Supplier 0758,Bangladesh,Dhaka,Dhaka,13.846,90.698,Service Provider,Logistics,Tier-1,HIGH,UNKNOWN,ACTIVE,PROJECT_DEMO_EXPANSION,2026-09-23,Synthetic/demo record; not a claim about a real company.,SYNTHETIC_DEMO
SUP00759,Industrial Equipment Supplier 0759,Vietnam,Ho Chi Minh,Ho Chi Minh City,20.983,73.129,Distributor,Industrial Equipment,Tier-1,LOW,UNKNOWN,ACTIVE,PROJECT_DEMO_EXPANSION,2026-09-23,Synthetic/demo record; not a claim about a real company.,SYNTHETIC_DEMO
SUP00760,Packaging Supplier 0760,China,Guangdong,Shenzhen,28.12,84.56,Manufacturer,Packaging,Tier-1,MEDIUM,UNKNOWN,ACTIVE,PROJECT_DEMO_EXPANSION,2026-09-23,Synthetic/demo record; not a claim about a real company.,SYNTHETIC_DEMO
SUP00761,Apparel Supplier 0761,Taiwan,Hsinchu,Hsinchu,35.257,95.991,Contract Manufacturer,Apparel,Tier-3,UNKNOWN,UNKNOWN,UNKNOWN,PROJECT_DEMO_EXPANSION,2026-09-23,Synthetic/demo record; not a claim about a real company.,SYNTHETIC_DEMO
SUP00762,Electronics Supplier 0762,Japan,Tokyo,Tokyo,14.394,78.422,Service Provider,Electronics,Tier-1,LOW,UNKNOWN,ACTIVE,PROJECT_DEMO_EXPANSION,2026-09-23,Synthetic/demo record; not a claim about a real company.,SYNTHETIC_DEMO
SUP00763,Automotive Supplier 0763,Germany,Bavaria,Munich,21.531,89.853,Manufacturer,Automotive,Tier-3,UNKNOWN,UNKNOWN,UNKNOWN,PROJECT_DEMO_EXPANSION,2026-09-23,Synthetic/demo record; not a claim about a real company.,SYNTHETIC_DEMO
SUP00764,Pharma Supplier 0764,USA,Texas,Austin,28.668,72.284,Distributor,Pharma,Tier-3,MEDIUM,UNKNOWN,ACTIVE,PROJECT_DEMO_EXPANSION,2026-09-23,Synthetic/demo record; not a claim about a real company.,SYNTHETIC_DEMO
SUP00765,Chemicals Supplier 0765,Mexico,Nuevo Leon,Monterrey,35.805,83.715,Manufacturer,Chemicals,Tier-1,MEDIUM,UNKNOWN,ACTIVE,PROJECT_DEMO_EXPANSION,2026-09-23,Synthetic/demo record; not a claim about a real company.,SYNTHETIC_DEMO
SUP00766,Food Supplier 0766,India,Maharashtra,Mumbai,14.942,95.146,Manufacturer,Food,Tier-2,MEDIUM,UNKNOWN,ACTIVE,PROJECT_DEMO_EXPANSION,2026-09-23,Synthetic/demo record; not a claim about a real company.,SYNTHETIC_DEMO
SUP00767,Semiconductors Supplier 0767,India,Karnataka,Bengaluru,22.079,77.577,Manufacturer,Semiconductors,Tier-1,HIGH,UNKNOWN,ACTIVE,PROJECT_DEMO_EXPANSION,2026-09-23,Synthetic/demo record; not a claim about a real company.,SYNTHETIC_DEMO
SUP00768,Logistics Supplier 0768,India,Uttar Pradesh,Noida,29.216,89.008,Service Provider,Logistics,Tier-1,LOW,UNKNOWN,UNKNOWN,PROJECT_DEMO_EXPANSION,2026-09-23,Synthetic/demo record; not a claim about a real company.,SYNTHETIC_DEMO
SUP00769,Industrial Equipment Supplier 0769,India,Haryana,Gurugram,8.353,71.439,Contract Manufacturer,Industrial Equipment,Tier-1,MEDIUM,UNKNOWN,ACTIVE,PROJECT_DEMO_EXPANSION,2026-09-23,Synthetic/demo record; not a claim about a real company.,SYNTHETIC_DEMO
SUP00770,Packaging Supplier 0770,India,Tamil Nadu,Chennai,15.49,82.87,Contract Manufacturer,Packaging,Tier-1,HIGH,UNKNOWN,ACTIVE,PROJECT_DEMO_EXPANSION,2026-09-23,Synthetic/demo record; not a claim about a real company.,SYNTHETIC_DEMO
SUP00771,Apparel Supplier 0771,India,Telangana,Hyderabad,22.627,94.301,Manufacturer,Apparel,Tier-2,UNKNOWN,UNKNOWN,UNKNOWN,PROJECT_DEMO_EXPANSION,2026-09-23,Synthetic/demo record; not a claim about a real company.,SYNTHETIC_DEMO
SUP00772,Electronics Supplier 0772,India,Maharashtra,Pune,29.764,76.732,Distributor,Electronics,Tier-3,UNKNOWN,UNKNOWN,ACTIVE,PROJECT_DEMO_EXPANSION,2026-09-23,Synthetic/demo record; not a claim about a real company.,SYNTHETIC_DEMO
SUP00773,Automotive Supplier 0773,Bangladesh,Dhaka,Dhaka,8.901,88.163,Manufacturer,Automotive,Tier-3,MEDIUM,UNKNOWN,ACTIVE,PROJECT_DEMO_EXPANSION,2026-09-23,Synthetic/demo record; not a claim about a real company.,SYNTHETIC_DEMO
SUP00774,Pharma Supplier 0774,Vietnam,Ho Chi Minh,Ho Chi Minh City,16.038,70.594,Manufacturer,Pharma,Tier-2,LOW,UNKNOWN,ACTIVE,PROJECT_DEMO_EXPANSION,2026-09-23,Synthetic/demo record; not a claim about a real company.,SYNTHETIC_DEMO
SUP00775,Chemicals Supplier 0775,China,Guangdong,Shenzhen,23.175,82.025,Service Provider,Chemicals,Tier-2,UNKNOWN,UNKNOWN,ACTIVE,PROJECT_DEMO_EXPANSION,2026-09-23,Synthetic/demo record; not a claim about a real company.,SYNTHETIC_DEMO
SUP00776,Food Supplier 0776,Taiwan,Hsinchu,Hsinchu,30.312,93.456,Contract Manufacturer,Food,Tier-1,MEDIUM,UNKNOWN,ACTIVE,PROJECT_DEMO_EXPANSION,2026-09-23,Synthetic/demo record; not a claim about a real company.,SYNTHETIC_DEMO
SUP00777,Semiconductors Supplier 0777,Japan,Tokyo,Tokyo,9.449,75.887,Contract Manufacturer,Semiconductors,Tier-1,UNKNOWN,UNKNOWN,UNKNOWN,PROJECT_DEMO_EXPANSION,2026-09-23,Synthetic/demo record; not a claim about a real company.,SYNTHETIC_DEMO
SUP00778,Logistics Supplier 0778,Germany,Bavaria,Munich,16.586,87.318,Distributor,Logistics,Tier-3,MEDIUM,UNKNOWN,UNKNOWN,PROJECT_DEMO_EXPANSION,2026-09-23,Synthetic/demo record; not a claim about a real company.,SYNTHETIC_DEMO
SUP00779,Industrial Equipment Supplier 0779,USA,Texas,Austin,23.723,69.749,Contract Manufacturer,Industrial Equipment,Tier-3,HIGH,UNKNOWN,ACTIVE,PROJECT_DEMO_EXPANSION,2026-09-23,Synthetic/demo record; not a claim about a real company.,SYNTHETIC_DEMO
SUP00780,Packaging Supplier 0780,Mexico,Nuevo Leon,Monterrey,30.86,81.18,Manufacturer,Packaging,Tier-3,MEDIUM,UNKNOWN,ACTIVE,PROJECT_DEMO_EXPANSION,2026-09-23,Synthetic/demo record; not a claim about a real company.,SYNTHETIC_DEMO
SUP00781,Apparel Supplier 0781,India,Maharashtra,Mumbai,9.997,92.611,Manufacturer,Apparel,Tier-3,MEDIUM,UNKNOWN,ACTIVE,PROJECT_DEMO_EXPANSION,2026-09-23,Synthetic/demo record; not a claim about a real company.,SYNTHETIC_DEMO
SUP00782,Electronics Supplier 0782,India,Karnataka,Bengaluru,17.134,75.042,Contract Manufacturer,Electronics,Tier-2,HIGH,UNKNOWN,ACTIVE,PROJECT_DEMO_EXPANSION,2026-09-23,Synthetic/demo record; not a claim about a real company.,SYNTHETIC_DEMO
SUP00783,Automotive Supplier 0783,India,Uttar Pradesh,Noida,24.271,86.473,Contract Manufacturer,Automotive,Tier-3,UNKNOWN,UNKNOWN,ACTIVE,PROJECT_DEMO_EXPANSION,2026-09-23,Synthetic/demo record; not a claim about a real company.,SYNTHETIC_DEMO
SUP00784,Pharma Supplier 0784,India,Haryana,Gurugram,31.408,68.904,Manufacturer,Pharma,Tier-2,MEDIUM,UNKNOWN,ACTIVE,PROJECT_DEMO_EXPANSION,2026-09-23,Synthetic/demo record; not a claim about a real company.,SYNTHETIC_DEMO
SUP00785,Chemicals Supplier 0785,India,Tamil Nadu,Chennai,10.545,80.335,Service Provider,Chemicals,Tier-2,MEDIUM,UNKNOWN,ACTIVE,PROJECT_DEMO_EXPANSION,2026-09-23,Synthetic/demo record; not a claim about a real company.,SYNTHETIC_DEMO
SUP00786,Food Supplier 0786,India,Telangana,Hyderabad,17.682,91.766,Distributor,Food,Tier-2,MEDIUM,UNKNOWN,ACTIVE,PROJECT_DEMO_EXPANSION,2026-09-23,Synthetic/demo record; not a claim about a real company.,SYNTHETIC_DEMO
SUP00787,Semiconductors Supplier 0787,India,Maharashtra,Pune,24.819,74.197,Distributor,Semiconductors,Tier-1,UNKNOWN,UNKNOWN,ACTIVE,PROJECT_DEMO_EXPANSION,2026-09-23,Synthetic/demo record; not a claim about a real company.,SYNTHETIC_DEMO
SUP00788,Logistics Supplier 0788,Bangladesh,Dhaka,Dhaka,31.956,85.628,Manufacturer,Logistics,Tier-1,UNKNOWN,UNKNOWN,ACTIVE,PROJECT_DEMO_EXPANSION,2026-09-23,Synthetic/demo record; not a claim about a real company.,SYNTHETIC_DEMO
SUP00789,Industrial Equipment Supplier 0789,Vietnam,Ho Chi Minh,Ho Chi Minh City,11.093,68.059,Service Provider,Industrial Equipment,Tier-2,LOW,UNKNOWN,ACTIVE,PROJECT_DEMO_EXPANSION,2026-09-23,Synthetic/demo record; not a claim about a real company.,SYNTHETIC_DEMO
SUP00790,Packaging Supplier 0790,China,Guangdong,Shenzhen,18.23,79.49,Distributor,Packaging,Tier-1,HIGH,UNKNOWN,ACTIVE,PROJECT_DEMO_EXPANSION,2026-09-23,Synthetic/demo record; not a claim about a real company.,SYNTHETIC_DEMO
SUP00791,Apparel Supplier 0791,Taiwan,Hsinchu,Hsinchu,25.367,90.921,Contract Manufacturer,Apparel,Tier-3,HIGH,UNKNOWN,ACTIVE,PROJECT_DEMO_EXPANSION,2026-09-23,Synthetic/demo record; not a claim about a real company.,SYNTHETIC_DEMO
SUP00792,Electronics Supplier 0792,Japan,Tokyo,Tokyo,32.504,73.352,Service Provider,Electronics,Tier-2,UNKNOWN,UNKNOWN,UNKNOWN,PROJECT_DEMO_EXPANSION,2026-09-23,Synthetic/demo record; not a claim about a real company.,SYNTHETIC_DEMO
SUP00793,Automotive Supplier 0793,Germany,Bavaria,Munich,11.641,84.783,Service Provider,Automotive,Tier-2,LOW,UNKNOWN,UNKNOWN,PROJECT_DEMO_EXPANSION,2026-09-23,Synthetic/demo record; not a claim about a real company.,SYNTHETIC_DEMO
SUP00794,Pharma Supplier 0794,USA,Texas,Austin,18.778,96.214,Contract Manufacturer,Pharma,Tier-1,LOW,UNKNOWN,ACTIVE,PROJECT_DEMO_EXPANSION,2026-09-23,Synthetic/demo record; not a claim about a real company.,SYNTHETIC_DEMO
SUP00795,Chemicals Supplier 0795,Mexico,Nuevo Leon,Monterrey,25.915,78.645,Contract Manufacturer,Chemicals,Tier-3,MEDIUM,UNKNOWN,ACTIVE,PROJECT_DEMO_EXPANSION,2026-09-23,Synthetic/demo record; not a claim about a real company.,SYNTHETIC_DEMO
SUP00796,Food Supplier 0796,India,Maharashtra,Mumbai,33.052,90.076,Manufacturer,Food,Tier-2,MEDIUM,UNKNOWN,UNKNOWN,PROJECT_DEMO_EXPANSION,2026-09-23,Synthetic/demo record; not a claim about a real company.,SYNTHETIC_DEMO
SUP00797,Semiconductors Supplier 0797,India,Karnataka,Bengaluru,12.189,72.507,Contract Manufacturer,Semiconductors,Tier-2,MEDIUM,UNKNOWN,ACTIVE,PROJECT_DEMO_EXPANSION,2026-09-23,Synthetic/demo record; not a claim about a real company.,SYNTHETIC_DEMO
SUP00798,Logistics Supplier 0798,India,Uttar Pradesh,Noida,19.326,83.938,Service Provider,Logistics,Tier-1,UNKNOWN,UNKNOWN,ACTIVE,PROJECT_DEMO_EXPANSION,2026-09-23,Synthetic/demo record; not a claim about a real company.,SYNTHETIC_DEMO
SUP00799,Industrial Equipment Supplier 0799,India,Haryana,Gurugram,26.463,95.369,Service Provider,Industrial Equipment,Tier-3,HIGH,UNKNOWN,ACTIVE,PROJECT_DEMO_EXPANSION,2026-09-23,Synthetic/demo record; not a claim about a real company.,SYNTHETIC_DEMO
SUP00800,Packaging Supplier 0800,India,Tamil Nadu,Chennai,33.6,77.8,Manufacturer,Packaging,Tier-3,UNKNOWN,UNKNOWN,ACTIVE,PROJECT_DEMO_EXPANSION,2026-09-23,Synthetic/demo record; not a claim about a real company.,SYNTHETIC_DEMO
SUP00801,Apparel Supplier 0801,India,Telangana,Hyderabad,12.737,89.231,Manufacturer,Apparel,Tier-3,MEDIUM,UNKNOWN,ACTIVE,PROJECT_DEMO_EXPANSION,2026-09-23,Synthetic/demo record; not a claim about a real company.,SYNTHETIC_DEMO
SUP00802,Electronics Supplier 0802,India,Maharashtra,Pune,19.874,71.662,Contract Manufacturer,Electronics,Tier-3,MEDIUM,UNKNOWN,ACTIVE,PROJECT_DEMO_EXPANSION,2026-09-23,Synthetic/demo record; not a claim about a real company.,SYNTHETIC_DEMO
SUP00803,Automotive Supplier 0803,Bangladesh,Dhaka,Dhaka,27.011,83.093,Distributor,Automotive,Tier-3,MEDIUM,UNKNOWN,ACTIVE,PROJECT_DEMO_EXPANSION,2026-09-23,Synthetic/demo record; not a claim about a real company.,SYNTHETIC_DEMO
SUP00804,Pharma Supplier 0804,Vietnam,Ho Chi Minh,Ho Chi Minh City,34.148,94.524,Manufacturer,Pharma,Tier-3,LOW,UNKNOWN,UNKNOWN,PROJECT_DEMO_EXPANSION,2026-09-23,Synthetic/demo record; not a claim about a real company.,SYNTHETIC_DEMO
SUP00805,Chemicals Supplier 0805,China,Guangdong,Shenzhen,13.285,76.955,Distributor,Chemicals,Tier-2,MEDIUM,UNKNOWN,ACTIVE,PROJECT_DEMO_EXPANSION,2026-09-23,Synthetic/demo record; not a claim about a real company.,SYNTHETIC_DEMO
SUP00806,Food Supplier 0806,Taiwan,Hsinchu,Hsinchu,20.422,88.386,Manufacturer,Food,Tier-2,UNKNOWN,UNKNOWN,ACTIVE,PROJECT_DEMO_EXPANSION,2026-09-23,Synthetic/demo record; not a claim about a real company.,SYNTHETIC_DEMO
SUP00807,Semiconductors Supplier 0807,Japan,Tokyo,Tokyo,27.559,70.817,Distributor,Semiconductors,Tier-3,UNKNOWN,UNKNOWN,ACTIVE,PROJECT_DEMO_EXPANSION,2026-09-23,Synthetic/demo record; not a claim about a real company.,SYNTHETIC_DEMO
SUP00808,Logistics Supplier 0808,Germany,Bavaria,Munich,34.696,82.248,Manufacturer,Logistics,Tier-1,HIGH,UNKNOWN,ACTIVE,PROJECT_DEMO_EXPANSION,2026-09-23,Synthetic/demo record; not a claim about a real company.,SYNTHETIC_DEMO
SUP00809,Industrial Equipment Supplier 0809,USA,Texas,Austin,13.833,93.679,Service Provider,Industrial Equipment,Tier-3,MEDIUM,UNKNOWN,UNKNOWN,PROJECT_DEMO_EXPANSION,2026-09-23,Synthetic/demo record; not a claim about a real company.,SYNTHETIC_DEMO
SUP00810,Packaging Supplier 0810,Mexico,Nuevo Leon,Monterrey,20.97,76.11,Distributor,Packaging,Tier-1,HIGH,UNKNOWN,ACTIVE,PROJECT_DEMO_EXPANSION,2026-09-23,Synthetic/demo record; not a claim about a real company.,SYNTHETIC_DEMO
SUP00811,Apparel Supplier 0811,India,Maharashtra,Mumbai,28.107,87.541,Distributor,Apparel,Tier-1,LOW,UNKNOWN,ACTIVE,PROJECT_DEMO_EXPANSION,2026-09-23,Synthetic/demo record; not a claim about a real company.,SYNTHETIC_DEMO
SUP00812,Electronics Supplier 0812,India,Karnataka,Bengaluru,35.244,69.972,Contract Manufacturer,Electronics,Tier-1,UNKNOWN,UNKNOWN,ACTIVE,PROJECT_DEMO_EXPANSION,2026-09-23,Synthetic/demo record; not a claim about a real company.,SYNTHETIC_DEMO
SUP00813,Automotive Supplier 0813,India,Uttar Pradesh,Noida,14.381,81.403,Distributor,Automotive,Tier-2,UNKNOWN,UNKNOWN,ACTIVE,PROJECT_DEMO_EXPANSION,2026-09-23,Synthetic/demo record; not a claim about a real company.,SYNTHETIC_DEMO
SUP00814,Pharma Supplier 0814,India,Haryana,Gurugram,21.518,92.834,Service Provider,Pharma,Tier-2,HIGH,UNKNOWN,ACTIVE,PROJECT_DEMO_EXPANSION,2026-09-23,Synthetic/demo record; not a claim about a real company.,SYNTHETIC_DEMO
SUP00815,Chemicals Supplier 0815,India,Tamil Nadu,Chennai,28.655,75.265,Service Provider,Chemicals,Tier-1,UNKNOWN,UNKNOWN,ACTIVE,PROJECT_DEMO_EXPANSION,2026-09-23,Synthetic/demo record; not a claim about a real company.,SYNTHETIC_DEMO
SUP00816,Food Supplier 0816,India,Telangana,Hyderabad,35.792,86.696,Contract Manufacturer,Food,Tier-2,HIGH,UNKNOWN,ACTIVE,PROJECT_DEMO_EXPANSION,2026-09-23,Synthetic/demo record; not a claim about a real company.,SYNTHETIC_DEMO
SUP00817,Semiconductors Supplier 0817,India,Maharashtra,Pune,14.929,69.127,Contract Manufacturer,Semiconductors,Tier-3,LOW,UNKNOWN,ACTIVE,PROJECT_DEMO_EXPANSION,2026-09-23,Synthetic/demo record; not a claim about a real company.,SYNTHETIC_DEMO
SUP00818,Logistics Supplier 0818,Bangladesh,Dhaka,Dhaka,22.066,80.558,Distributor,Logistics,Tier-1,HIGH,UNKNOWN,ACTIVE,PROJECT_DEMO_EXPANSION,2026-09-23,Synthetic/demo record; not a claim about a real company.,SYNTHETIC_DEMO
SUP00819,Industrial Equipment Supplier 0819,Vietnam,Ho Chi Minh,Ho Chi Minh City,29.203,91.989,Manufacturer,Industrial Equipment,Tier-3,LOW,UNKNOWN,ACTIVE,PROJECT_DEMO_EXPANSION,2026-09-23,Synthetic/demo record; not a claim about a real company.,SYNTHETIC_DEMO
SUP00820,Packaging Supplier 0820,China,Guangdong,Shenzhen,8.34,74.42,Distributor,Packaging,Tier-1,HIGH,UNKNOWN,UNKNOWN,PROJECT_DEMO_EXPANSION,2026-09-23,Synthetic/demo record; not a claim about a real company.,SYNTHETIC_DEMO
SUP00821,Apparel Supplier 0821,Taiwan,Hsinchu,Hsinchu,15.477,85.851,Manufacturer,Apparel,Tier-3,MEDIUM,UNKNOWN,ACTIVE,PROJECT_DEMO_EXPANSION,2026-09-23,Synthetic/demo record; not a claim about a real company.,SYNTHETIC_DEMO
SUP00822,Electronics Supplier 0822,Japan,Tokyo,Tokyo,22.614,68.282,Manufacturer,Electronics,Tier-1,UNKNOWN,UNKNOWN,ACTIVE,PROJECT_DEMO_EXPANSION,2026-09-23,Synthetic/demo record; not a claim about a real company.,SYNTHETIC_DEMO
SUP00823,Automotive Supplier 0823,Germany,Bavaria,Munich,29.751,79.713,Service Provider,Automotive,Tier-1,UNKNOWN,UNKNOWN,UNKNOWN,PROJECT_DEMO_EXPANSION,2026-09-23,Synthetic/demo record; not a claim about a real company.,SYNTHETIC_DEMO
SUP00824,Pharma Supplier 0824,USA,Texas,Austin,8.888,91.144,Service Provider,Pharma,Tier-2,UNKNOWN,UNKNOWN,ACTIVE,PROJECT_DEMO_EXPANSION,2026-09-23,Synthetic/demo record; not a claim about a real company.,SYNTHETIC_DEMO
SUP00825,Chemicals Supplier 0825,Mexico,Nuevo Leon,Monterrey,16.025,73.575,Contract Manufacturer,Chemicals,Tier-1,UNKNOWN,UNKNOWN,ACTIVE,PROJECT_DEMO_EXPANSION,2026-09-23,Synthetic/demo record; not a claim about a real company.,SYNTHETIC_DEMO
SUP00826,Food Supplier 0826,India,Maharashtra,Mumbai,23.162,85.006,Distributor,Food,Tier-2,HIGH,UNKNOWN,ACTIVE,PROJECT_DEMO_EXPANSION,2026-09-23,Synthetic/demo record; not a claim about a real company.,SYNTHETIC_DEMO
SUP00827,Semiconductors Supplier 0827,India,Karnataka,Bengaluru,30.299,96.437,Contract Manufacturer,Semiconductors,Tier-3,MEDIUM,UNKNOWN,ACTIVE,PROJECT_DEMO_EXPANSION,2026-09-23,Synthetic/demo record; not a claim about a real company.,SYNTHETIC_DEMO
SUP00828,Logistics Supplier 0828,India,Uttar Pradesh,Noida,9.436,78.868,Service Provider,Logistics,Tier-2,MEDIUM,UNKNOWN,ACTIVE,PROJECT_DEMO_EXPANSION,2026-09-23,Synthetic/demo record; not a claim about a real company.,SYNTHETIC_DEMO
SUP00829,Industrial Equipment Supplier 0829,India,Haryana,Gurugram,16.573,90.299,Distributor,Industrial Equipment,Tier-2,LOW,UNKNOWN,ACTIVE,PROJECT_DEMO_EXPANSION,2026-09-23,Synthetic/demo record; not a claim about a real company.,SYNTHETIC_DEMO
SUP00830,Packaging Supplier 0830,India,Tamil Nadu,Chennai,23.71,72.73,Distributor,Packaging,Tier-3,MEDIUM,UNKNOWN,ACTIVE,PROJECT_DEMO_EXPANSION,2026-09-23,Synthetic/demo record; not a claim about a real company.,SYNTHETIC_DEMO
SUP00831,Apparel Supplier 0831,India,Telangana,Hyderabad,30.847,84.161,Distributor,Apparel,Tier-1,MEDIUM,UNKNOWN,ACTIVE,PROJECT_DEMO_EXPANSION,2026-09-23,Synthetic/demo record; not a claim about a real company.,SYNTHETIC_DEMO
SUP00832,Electronics Supplier 0832,India,Maharashtra,Pune,9.984,95.592,Distributor,Electronics,Tier-1,LOW,UNKNOWN,ACTIVE,PROJECT_DEMO_EXPANSION,2026-09-23,Synthetic/demo record; not a claim about a real company.,SYNTHETIC_DEMO
SUP00833,Automotive Supplier 0833,Bangladesh,Dhaka,Dhaka,17.121,78.023,Service Provider,Automotive,Tier-1,MEDIUM,UNKNOWN,ACTIVE,PROJECT_DEMO_EXPANSION,2026-09-23,Synthetic/demo record; not a claim about a real company.,SYNTHETIC_DEMO
SUP00834,Pharma Supplier 0834,Vietnam,Ho Chi Minh,Ho Chi Minh City,24.258,89.454,Contract Manufacturer,Pharma,Tier-2,LOW,UNKNOWN,ACTIVE,PROJECT_DEMO_EXPANSION,2026-09-23,Synthetic/demo record; not a claim about a real company.,SYNTHETIC_DEMO
SUP00835,Chemicals Supplier 0835,China,Guangdong,Shenzhen,31.395,71.885,Service Provider,Chemicals,Tier-1,LOW,UNKNOWN,ACTIVE,PROJECT_DEMO_EXPANSION,2026-09-23,Synthetic/demo record; not a claim about a real company.,SYNTHETIC_DEMO
SUP00836,Food Supplier 0836,Taiwan,Hsinchu,Hsinchu,10.532,83.316,Manufacturer,Food,Tier-1,LOW,UNKNOWN,ACTIVE,PROJECT_DEMO_EXPANSION,2026-09-23,Synthetic/demo record; not a claim about a real company.,SYNTHETIC_DEMO
SUP00837,Semiconductors Supplier 0837,Japan,Tokyo,Tokyo,17.669,94.747,Distributor,Semiconductors,Tier-1,UNKNOWN,UNKNOWN,ACTIVE,PROJECT_DEMO_EXPANSION,2026-09-23,Synthetic/demo record; not a claim about a real company.,SYNTHETIC_DEMO
SUP00838,Logistics Supplier 0838,Germany,Bavaria,Munich,24.806,77.178,Service Provider,Logistics,Tier-1,UNKNOWN,UNKNOWN,ACTIVE,PROJECT_DEMO_EXPANSION,2026-09-23,Synthetic/demo record; not a claim about a real company.,SYNTHETIC_DEMO
SUP00839,Industrial Equipment Supplier 0839,USA,Texas,Austin,31.943,88.609,Contract Manufacturer,Industrial Equipment,Tier-1,LOW,UNKNOWN,ACTIVE,PROJECT_DEMO_EXPANSION,2026-09-23,Synthetic/demo record; not a claim about a real company.,SYNTHETIC_DEMO
SUP00840,Packaging Supplier 0840,Mexico,Nuevo Leon,Monterrey,11.08,71.04,Distributor,Packaging,Tier-2,MEDIUM,UNKNOWN,UNKNOWN,PROJECT_DEMO_EXPANSION,2026-09-23,Synthetic/demo record; not a claim about a real company.,SYNTHETIC_DEMO
SUP00841,Apparel Supplier 0841,India,Maharashtra,Mumbai,18.217,82.471,Contract Manufacturer,Apparel,Tier-3,LOW,UNKNOWN,UNKNOWN,PROJECT_DEMO_EXPANSION,2026-09-23,Synthetic/demo record; not a claim about a real company.,SYNTHETIC_DEMO
SUP00842,Electronics Supplier 0842,India,Karnataka,Bengaluru,25.354,93.902,Contract Manufacturer,Electronics,Tier-1,MEDIUM,UNKNOWN,ACTIVE,PROJECT_DEMO_EXPANSION,2026-09-23,Synthetic/demo record; not a claim about a real company.,SYNTHETIC_DEMO
SUP00843,Automotive Supplier 0843,India,Uttar Pradesh,Noida,32.491,76.333,Manufacturer,Automotive,Tier-3,HIGH,UNKNOWN,UNKNOWN,PROJECT_DEMO_EXPANSION,2026-09-23,Synthetic/demo record; not a claim about a real company.,SYNTHETIC_DEMO
SUP00844,Pharma Supplier 0844,India,Haryana,Gurugram,11.628,87.764,Manufacturer,Pharma,Tier-1,UNKNOWN,UNKNOWN,ACTIVE,PROJECT_DEMO_EXPANSION,2026-09-23,Synthetic/demo record; not a claim about a real company.,SYNTHETIC_DEMO
SUP00845,Chemicals Supplier 0845,India,Tamil Nadu,Chennai,18.765,70.195,Distributor,Chemicals,Tier-3,LOW,UNKNOWN,ACTIVE,PROJECT_DEMO_EXPANSION,2026-09-23,Synthetic/demo record; not a claim about a real company.,SYNTHETIC_DEMO
SUP00846,Food Supplier 0846,India,Telangana,Hyderabad,25.902,81.626,Distributor,Food,Tier-2,LOW,UNKNOWN,UNKNOWN,PROJECT_DEMO_EXPANSION,2026-09-23,Synthetic/demo record; not a claim about a real company.,SYNTHETIC_DEMO
SUP00847,Semiconductors Supplier 0847,India,Maharashtra,Pune,33.039,93.057,Manufacturer,Semiconductors,Tier-2,UNKNOWN,UNKNOWN,ACTIVE,PROJECT_DEMO_EXPANSION,2026-09-23,Synthetic/demo record; not a claim about a real company.,SYNTHETIC_DEMO
SUP00848,Logistics Supplier 0848,Bangladesh,Dhaka,Dhaka,12.176,75.488,Manufacturer,Logistics,Tier-2,LOW,UNKNOWN,ACTIVE,PROJECT_DEMO_EXPANSION,2026-09-23,Synthetic/demo record; not a claim about a real company.,SYNTHETIC_DEMO
SUP00849,Industrial Equipment Supplier 0849,Vietnam,Ho Chi Minh,Ho Chi Minh City,19.313,86.919,Manufacturer,Industrial Equipment,Tier-1,MEDIUM,UNKNOWN,ACTIVE,PROJECT_DEMO_EXPANSION,2026-09-23,Synthetic/demo record; not a claim about a real company.,SYNTHETIC_DEMO
SUP00850,Packaging Supplier 0850,China,Guangdong,Shenzhen,26.45,69.35,Contract Manufacturer,Packaging,Tier-3,HIGH,UNKNOWN,ACTIVE,PROJECT_DEMO_EXPANSION,2026-09-23,Synthetic/demo record; not a claim about a real company.,SYNTHETIC_DEMO
SUP00851,Apparel Supplier 0851,Taiwan,Hsinchu,Hsinchu,33.587,80.781,Distributor,Apparel,Tier-3,LOW,UNKNOWN,UNKNOWN,PROJECT_DEMO_EXPANSION,2026-09-23,Synthetic/demo record; not a claim about a real company.,SYNTHETIC_DEMO
SUP00852,Electronics Supplier 0852,Japan,Tokyo,Tokyo,12.724,92.212,Manufacturer,Electronics,Tier-1,UNKNOWN,UNKNOWN,ACTIVE,PROJECT_DEMO_EXPANSION,2026-09-23,Synthetic/demo record; not a claim about a real company.,SYNTHETIC_DEMO
SUP00853,Automotive Supplier 0853,Germany,Bavaria,Munich,19.861,74.643,Distributor,Automotive,Tier-1,LOW,UNKNOWN,ACTIVE,PROJECT_DEMO_EXPANSION,2026-09-23,Synthetic/demo record; not a claim about a real company.,SYNTHETIC_DEMO
SUP00854,Pharma Supplier 0854,USA,Texas,Austin,26.998,86.074,Service Provider,Pharma,Tier-3,HIGH,UNKNOWN,ACTIVE,PROJECT_DEMO_EXPANSION,2026-09-23,Synthetic/demo record; not a claim about a real company.,SYNTHETIC_DEMO
SUP00855,Chemicals Supplier 0855,Mexico,Nuevo Leon,Monterrey,34.135,68.505,Manufacturer,Chemicals,Tier-2,LOW,UNKNOWN,ACTIVE,PROJECT_DEMO_EXPANSION,2026-09-23,Synthetic/demo record; not a claim about a real company.,SYNTHETIC_DEMO
SUP00856,Food Supplier 0856,India,Maharashtra,Mumbai,13.272,79.936,Manufacturer,Food,Tier-2,LOW,UNKNOWN,ACTIVE,PROJECT_DEMO_EXPANSION,2026-09-23,Synthetic/demo record; not a claim about a real company.,SYNTHETIC_DEMO
SUP00857,Semiconductors Supplier 0857,India,Karnataka,Bengaluru,20.409,91.367,Service Provider,Semiconductors,Tier-3,HIGH,UNKNOWN,ACTIVE,PROJECT_DEMO_EXPANSION,2026-09-23,Synthetic/demo record; not a claim about a real company.,SYNTHETIC_DEMO
SUP00858,Logistics Supplier 0858,India,Uttar Pradesh,Noida,27.546,73.798,Service Provider,Logistics,Tier-2,MEDIUM,UNKNOWN,ACTIVE,PROJECT_DEMO_EXPANSION,2026-09-23,Synthetic/demo record; not a claim about a real company.,SYNTHETIC_DEMO
SUP00859,Industrial Equipment Supplier 0859,India,Haryana,Gurugram,34.683,85.229,Manufacturer,Industrial Equipment,Tier-3,HIGH,UNKNOWN,ACTIVE,PROJECT_DEMO_EXPANSION,2026-09-23,Synthetic/demo record; not a claim about a real company.,SYNTHETIC_DEMO
SUP00860,Packaging Supplier 0860,India,Tamil Nadu,Chennai,13.82,96.66,Manufacturer,Packaging,Tier-1,UNKNOWN,UNKNOWN,ACTIVE,PROJECT_DEMO_EXPANSION,2026-09-23,Synthetic/demo record; not a claim about a real company.,SYNTHETIC_DEMO
SUP00861,Apparel Supplier 0861,India,Telangana,Hyderabad,20.957,79.091,Manufacturer,Apparel,Tier-1,UNKNOWN,UNKNOWN,ACTIVE,PROJECT_DEMO_EXPANSION,2026-09-23,Synthetic/demo record; not a claim about a real company.,SYNTHETIC_DEMO
SUP00862,Electronics Supplier 0862,India,Maharashtra,Pune,28.094,90.522,Distributor,Electronics,Tier-2,UNKNOWN,UNKNOWN,ACTIVE,PROJECT_DEMO_EXPANSION,2026-09-23,Synthetic/demo record; not a claim about a real company.,SYNTHETIC_DEMO
SUP00863,Automotive Supplier 0863,Bangladesh,Dhaka,Dhaka,35.231,72.953,Contract Manufacturer,Automotive,Tier-2,UNKNOWN,UNKNOWN,UNKNOWN,PROJECT_DEMO_EXPANSION,2026-09-23,Synthetic/demo record; not a claim about a real company.,SYNTHETIC_DEMO
SUP00864,Pharma Supplier 0864,Vietnam,Ho Chi Minh,Ho Chi Minh City,14.368,84.384,Contract Manufacturer,Pharma,Tier-1,UNKNOWN,UNKNOWN,ACTIVE,PROJECT_DEMO_EXPANSION,2026-09-23,Synthetic/demo record; not a claim about a real company.,SYNTHETIC_DEMO
SUP00865,Chemicals Supplier 0865,China,Guangdong,Shenzhen,21.505,95.815,Contract Manufacturer,Chemicals,Tier-2,MEDIUM,UNKNOWN,ACTIVE,PROJECT_DEMO_EXPANSION,2026-09-23,Synthetic/demo record; not a claim about a real company.,SYNTHETIC_DEMO
SUP00866,Food Supplier 0866,Taiwan,Hsinchu,Hsinchu,28.642,78.246,Contract Manufacturer,Food,Tier-3,HIGH,UNKNOWN,ACTIVE,PROJECT_DEMO_EXPANSION,2026-09-23,Synthetic/demo record; not a claim about a real company.,SYNTHETIC_DEMO
SUP00867,Semiconductors Supplier 0867,Japan,Tokyo,Tokyo,35.779,89.677,Distributor,Semiconductors,Tier-3,MEDIUM,UNKNOWN,ACTIVE,PROJECT_DEMO_EXPANSION,2026-09-23,Synthetic/demo record; not a claim about a real company.,SYNTHETIC_DEMO
SUP00868,Logistics Supplier 0868,Germany,Bavaria,Munich,14.916,72.108,Contract Manufacturer,Logistics,Tier-3,LOW,UNKNOWN,ACTIVE,PROJECT_DEMO_EXPANSION,2026-09-23,Synthetic/demo record; not a claim about a real company.,SYNTHETIC_DEMO
SUP00869,Industrial Equipment Supplier 0869,USA,Texas,Austin,22.053,83.539,Contract Manufacturer,Industrial Equipment,Tier-1,UNKNOWN,UNKNOWN,ACTIVE,PROJECT_DEMO_EXPANSION,2026-09-23,Synthetic/demo record; not a claim about a real company.,SYNTHETIC_DEMO
SUP00870,Packaging Supplier 0870,Mexico,Nuevo Leon,Monterrey,29.19,94.97,Service Provider,Packaging,Tier-1,MEDIUM,UNKNOWN,ACTIVE,PROJECT_DEMO_EXPANSION,2026-09-23,Synthetic/demo record; not a claim about a real company.,SYNTHETIC_DEMO
SUP00871,Apparel Supplier 0871,India,Maharashtra,Mumbai,8.327,77.401,Service Provider,Apparel,Tier-3,HIGH,UNKNOWN,ACTIVE,PROJECT_DEMO_EXPANSION,2026-09-23,Synthetic/demo record; not a claim about a real company.,SYNTHETIC_DEMO
SUP00872,Electronics Supplier 0872,India,Karnataka,Bengaluru,15.464,88.832,Distributor,Electronics,Tier-1,LOW,UNKNOWN,ACTIVE,PROJECT_DEMO_EXPANSION,2026-09-23,Synthetic/demo record; not a claim about a real company.,SYNTHETIC_DEMO
SUP00873,Automotive Supplier 0873,India,Uttar Pradesh,Noida,22.601,71.263,Contract Manufacturer,Automotive,Tier-1,MEDIUM,UNKNOWN,ACTIVE,PROJECT_DEMO_EXPANSION,2026-09-23,Synthetic/demo record; not a claim about a real company.,SYNTHETIC_DEMO
SUP00874,Pharma Supplier 0874,India,Haryana,Gurugram,29.738,82.694,Distributor,Pharma,Tier-1,HIGH,UNKNOWN,ACTIVE,PROJECT_DEMO_EXPANSION,2026-09-23,Synthetic/demo record; not a claim about a real company.,SYNTHETIC_DEMO
SUP00875,Chemicals Supplier 0875,India,Tamil Nadu,Chennai,8.875,94.125,Service Provider,Chemicals,Tier-1,LOW,UNKNOWN,ACTIVE,PROJECT_DEMO_EXPANSION,2026-09-23,Synthetic/demo record; not a claim about a real company.,SYNTHETIC_DEMO
SUP00876,Food Supplier 0876,India,Telangana,Hyderabad,16.012,76.556,Contract Manufacturer,Food,Tier-3,HIGH,UNKNOWN,ACTIVE,PROJECT_DEMO_EXPANSION,2026-09-23,Synthetic/demo record; not a claim about a real company.,SYNTHETIC_DEMO
SUP00877,Semiconductors Supplier 0877,India,Maharashtra,Pune,23.149,87.987,Distributor,Semiconductors,Tier-2,UNKNOWN,UNKNOWN,ACTIVE,PROJECT_DEMO_EXPANSION,2026-09-23,Synthetic/demo record; not a claim about a real company.,SYNTHETIC_DEMO
SUP00878,Logistics Supplier 0878,Bangladesh,Dhaka,Dhaka,30.286,70.418,Contract Manufacturer,Logistics,Tier-2,UNKNOWN,UNKNOWN,ACTIVE,PROJECT_DEMO_EXPANSION,2026-09-23,Synthetic/demo record; not a claim about a real company.,SYNTHETIC_DEMO
SUP00879,Industrial Equipment Supplier 0879,Vietnam,Ho Chi Minh,Ho Chi Minh City,9.423,81.849,Contract Manufacturer,Industrial Equipment,Tier-3,MEDIUM,UNKNOWN,ACTIVE,PROJECT_DEMO_EXPANSION,2026-09-23,Synthetic/demo record; not a claim about a real company.,SYNTHETIC_DEMO
SUP00880,Packaging Supplier 0880,China,Guangdong,Shenzhen,16.56,93.28,Distributor,Packaging,Tier-3,LOW,UNKNOWN,UNKNOWN,PROJECT_DEMO_EXPANSION,2026-09-23,Synthetic/demo record; not a claim about a real company.,SYNTHETIC_DEMO
SUP00881,Apparel Supplier 0881,Taiwan,Hsinchu,Hsinchu,23.697,75.711,Contract Manufacturer,Apparel,Tier-1,LOW,UNKNOWN,ACTIVE,PROJECT_DEMO_EXPANSION,2026-09-23,Synthetic/demo record; not a claim about a real company.,SYNTHETIC_DEMO
SUP00882,Electronics Supplier 0882,Japan,Tokyo,Tokyo,30.834,87.142,Distributor,Electronics,Tier-3,MEDIUM,UNKNOWN,UNKNOWN,PROJECT_DEMO_EXPANSION,2026-09-23,Synthetic/demo record; not a claim about a real company.,SYNTHETIC_DEMO
SUP00883,Automotive Supplier 0883,Germany,Bavaria,Munich,9.971,69.573,Service Provider,Automotive,Tier-1,MEDIUM,UNKNOWN,ACTIVE,PROJECT_DEMO_EXPANSION,2026-09-23,Synthetic/demo record; not a claim about a real company.,SYNTHETIC_DEMO
SUP00884,Pharma Supplier 0884,USA,Texas,Austin,17.108,81.004,Contract Manufacturer,Pharma,Tier-1,LOW,UNKNOWN,UNKNOWN,PROJECT_DEMO_EXPANSION,2026-09-23,Synthetic/demo record; not a claim about a real company.,SYNTHETIC_DEMO
SUP00885,Chemicals Supplier 0885,Mexico,Nuevo Leon,Monterrey,24.245,92.435,Manufacturer,Chemicals,Tier-3,HIGH,UNKNOWN,ACTIVE,PROJECT_DEMO_EXPANSION,2026-09-23,Synthetic/demo record; not a claim about a real company.,SYNTHETIC_DEMO
SUP00886,Food Supplier 0886,India,Maharashtra,Mumbai,31.382,74.866,Distributor,Food,Tier-2,LOW,UNKNOWN,ACTIVE,PROJECT_DEMO_EXPANSION,2026-09-23,Synthetic/demo record; not a claim about a real company.,SYNTHETIC_DEMO
SUP00887,Semiconductors Supplier 0887,India,Karnataka,Bengaluru,10.519,86.297,Manufacturer,Semiconductors,Tier-1,UNKNOWN,UNKNOWN,ACTIVE,PROJECT_DEMO_EXPANSION,2026-09-23,Synthetic/demo record; not a claim about a real company.,SYNTHETIC_DEMO
SUP00888,Logistics Supplier 0888,India,Uttar Pradesh,Noida,17.656,68.728,Manufacturer,Logistics,Tier-3,HIGH,UNKNOWN,ACTIVE,PROJECT_DEMO_EXPANSION,2026-09-23,Synthetic/demo record; not a claim about a real company.,SYNTHETIC_DEMO
SUP00889,Industrial Equipment Supplier 0889,India,Haryana,Gurugram,24.793,80.159,Manufacturer,Industrial Equipment,Tier-1,MEDIUM,UNKNOWN,ACTIVE,PROJECT_DEMO_EXPANSION,2026-09-23,Synthetic/demo record; not a claim about a real company.,SYNTHETIC_DEMO
SUP00890,Packaging Supplier 0890,India,Tamil Nadu,Chennai,31.93,91.59,Distributor,Packaging,Tier-1,UNKNOWN,UNKNOWN,ACTIVE,PROJECT_DEMO_EXPANSION,2026-09-23,Synthetic/demo record; not a claim about a real company.,SYNTHETIC_DEMO
SUP00891,Apparel Supplier 0891,India,Telangana,Hyderabad,11.067,74.021,Distributor,Apparel,Tier-1,UNKNOWN,UNKNOWN,ACTIVE,PROJECT_DEMO_EXPANSION,2026-09-23,Synthetic/demo record; not a claim about a real company.,SYNTHETIC_DEMO
SUP00892,Electronics Supplier 0892,India,Maharashtra,Pune,18.204,85.452,Contract Manufacturer,Electronics,Tier-3,HIGH,UNKNOWN,UNKNOWN,PROJECT_DEMO_EXPANSION,2026-09-23,Synthetic/demo record; not a claim about a real company.,SYNTHETIC_DEMO
SUP00893,Automotive Supplier 0893,Bangladesh,Dhaka,Dhaka,25.341,96.883,Contract Manufacturer,Automotive,Tier-3,UNKNOWN,UNKNOWN,UNKNOWN,PROJECT_DEMO_EXPANSION,2026-09-23,Synthetic/demo record; not a claim about a real company.,SYNTHETIC_DEMO
SUP00894,Pharma Supplier 0894,Vietnam,Ho Chi Minh,Ho Chi Minh City,32.478,79.314,Distributor,Pharma,Tier-3,UNKNOWN,UNKNOWN,ACTIVE,PROJECT_DEMO_EXPANSION,2026-09-23,Synthetic/demo record; not a claim about a real company.,SYNTHETIC_DEMO
SUP00895,Chemicals Supplier 0895,China,Guangdong,Shenzhen,11.615,90.745,Service Provider,Chemicals,Tier-3,HIGH,UNKNOWN,ACTIVE,PROJECT_DEMO_EXPANSION,2026-09-23,Synthetic/demo record; not a claim about a real company.,SYNTHETIC_DEMO
SUP00896,Food Supplier 0896,Taiwan,Hsinchu,Hsinchu,18.752,73.176,Service Provider,Food,Tier-2,UNKNOWN,UNKNOWN,ACTIVE,PROJECT_DEMO_EXPANSION,2026-09-23,Synthetic/demo record; not a claim about a real company.,SYNTHETIC_DEMO
SUP00897,Semiconductors Supplier 0897,Japan,Tokyo,Tokyo,25.889,84.607,Distributor,Semiconductors,Tier-1,HIGH,UNKNOWN,ACTIVE,PROJECT_DEMO_EXPANSION,2026-09-23,Synthetic/demo record; not a claim about a real company.,SYNTHETIC_DEMO
SUP00898,Logistics Supplier 0898,Germany,Bavaria,Munich,33.026,96.038,Manufacturer,Logistics,Tier-2,MEDIUM,UNKNOWN,ACTIVE,PROJECT_DEMO_EXPANSION,2026-09-23,Synthetic/demo record; not a claim about a real company.,SYNTHETIC_DEMO
SUP00899,Industrial Equipment Supplier 0899,USA,Texas,Austin,12.163,78.469,Service Provider,Industrial Equipment,Tier-3,MEDIUM,UNKNOWN,UNKNOWN,PROJECT_DEMO_EXPANSION,2026-09-23,Synthetic/demo record; not a claim about a real company.,SYNTHETIC_DEMO
SUP00900,Packaging Supplier 0900,Mexico,Nuevo Leon,Monterrey,19.3,89.9,Service Provider,Packaging,Tier-2,HIGH,UNKNOWN,ACTIVE,PROJECT_DEMO_EXPANSION,2026-09-23,Synthetic/demo record; not a claim about a real company.,SYNTHETIC_DEMO
SUP00901,Apparel Supplier 0901,India,Maharashtra,Mumbai,26.437,72.331,Manufacturer,Apparel,Tier-3,LOW,UNKNOWN,ACTIVE,PROJECT_DEMO_EXPANSION,2026-09-23,Synthetic/demo record; not a claim about a real company.,SYNTHETIC_DEMO
SUP00902,Electronics Supplier 0902,India,Karnataka,Bengaluru,33.574,83.762,Manufacturer,Electronics,Tier-1,UNKNOWN,UNKNOWN,ACTIVE,PROJECT_DEMO_EXPANSION,2026-09-23,Synthetic/demo record; not a claim about a real company.,SYNTHETIC_DEMO
SUP00903,Automotive Supplier 0903,India,Uttar Pradesh,Noida,12.711,95.193,Service Provider,Automotive,Tier-2,UNKNOWN,UNKNOWN,UNKNOWN,PROJECT_DEMO_EXPANSION,2026-09-23,Synthetic/demo record; not a claim about a real company.,SYNTHETIC_DEMO
SUP00904,Pharma Supplier 0904,India,Haryana,Gurugram,19.848,77.624,Distributor,Pharma,Tier-2,UNKNOWN,UNKNOWN,UNKNOWN,PROJECT_DEMO_EXPANSION,2026-09-23,Synthetic/demo record; not a claim about a real company.,SYNTHETIC_DEMO
SUP00905,Chemicals Supplier 0905,India,Tamil Nadu,Chennai,26.985,89.055,Manufacturer,Chemicals,Tier-2,UNKNOWN,UNKNOWN,ACTIVE,PROJECT_DEMO_EXPANSION,2026-09-23,Synthetic/demo record; not a claim about a real company.,SYNTHETIC_DEMO
SUP00906,Food Supplier 0906,India,Telangana,Hyderabad,34.122,71.486,Manufacturer,Food,Tier-1,UNKNOWN,UNKNOWN,ACTIVE,PROJECT_DEMO_EXPANSION,2026-09-23,Synthetic/demo record; not a claim about a real company.,SYNTHETIC_DEMO
SUP00907,Semiconductors Supplier 0907,India,Maharashtra,Pune,13.259,82.917,Manufacturer,Semiconductors,Tier-1,UNKNOWN,UNKNOWN,UNKNOWN,PROJECT_DEMO_EXPANSION,2026-09-23,Synthetic/demo record; not a claim about a real company.,SYNTHETIC_DEMO
SUP00908,Logistics Supplier 0908,Bangladesh,Dhaka,Dhaka,20.396,94.348,Service Provider,Logistics,Tier-3,LOW,UNKNOWN,ACTIVE,PROJECT_DEMO_EXPANSION,2026-09-23,Synthetic/demo record; not a claim about a real company.,SYNTHETIC_DEMO
SUP00909,Industrial Equipment Supplier 0909,Vietnam,Ho Chi Minh,Ho Chi Minh City,27.533,76.779,Manufacturer,Industrial Equipment,Tier-3,UNKNOWN,UNKNOWN,ACTIVE,PROJECT_DEMO_EXPANSION,2026-09-23,Synthetic/demo record; not a claim about a real company.,SYNTHETIC_DEMO
SUP00910,Packaging Supplier 0910,China,Guangdong,Shenzhen,34.67,88.21,Manufacturer,Packaging,Tier-2,MEDIUM,UNKNOWN,ACTIVE,PROJECT_DEMO_EXPANSION,2026-09-23,Synthetic/demo record; not a claim about a real company.,SYNTHETIC_DEMO
SUP00911,Apparel Supplier 0911,Taiwan,Hsinchu,Hsinchu,13.807,70.641,Manufacturer,Apparel,Tier-3,HIGH,UNKNOWN,ACTIVE,PROJECT_DEMO_EXPANSION,2026-09-23,Synthetic/demo record; not a claim about a real company.,SYNTHETIC_DEMO
SUP00912,Electronics Supplier 0912,Japan,Tokyo,Tokyo,20.944,82.072,Service Provider,Electronics,Tier-3,MEDIUM,UNKNOWN,ACTIVE,PROJECT_DEMO_EXPANSION,2026-09-23,Synthetic/demo record; not a claim about a real company.,SYNTHETIC_DEMO
SUP00913,Automotive Supplier 0913,Germany,Bavaria,Munich,28.081,93.503,Distributor,Automotive,Tier-1,UNKNOWN,UNKNOWN,UNKNOWN,PROJECT_DEMO_EXPANSION,2026-09-23,Synthetic/demo record; not a claim about a real company.,SYNTHETIC_DEMO
SUP00914,Pharma Supplier 0914,USA,Texas,Austin,35.218,75.934,Manufacturer,Pharma,Tier-1,LOW,UNKNOWN,ACTIVE,PROJECT_DEMO_EXPANSION,2026-09-23,Synthetic/demo record; not a claim about a real company.,SYNTHETIC_DEMO
SUP00915,Chemicals Supplier 0915,Mexico,Nuevo Leon,Monterrey,14.355,87.365,Contract Manufacturer,Chemicals,Tier-3,HIGH,UNKNOWN,UNKNOWN,PROJECT_DEMO_EXPANSION,2026-09-23,Synthetic/demo record; not a claim about a real company.,SYNTHETIC_DEMO
SUP00916,Food Supplier 0916,India,Maharashtra,Mumbai,21.492,69.796,Contract Manufacturer,Food,Tier-1,UNKNOWN,UNKNOWN,ACTIVE,PROJECT_DEMO_EXPANSION,2026-09-23,Synthetic/demo record; not a claim about a real company.,SYNTHETIC_DEMO
SUP00917,Semiconductors Supplier 0917,India,Karnataka,Bengaluru,28.629,81.227,Service Provider,Semiconductors,Tier-3,LOW,UNKNOWN,ACTIVE,PROJECT_DEMO_EXPANSION,2026-09-23,Synthetic/demo record; not a claim about a real company.,SYNTHETIC_DEMO
SUP00918,Logistics Supplier 0918,India,Uttar Pradesh,Noida,35.766,92.658,Distributor,Logistics,Tier-3,UNKNOWN,UNKNOWN,UNKNOWN,PROJECT_DEMO_EXPANSION,2026-09-23,Synthetic/demo record; not a claim about a real company.,SYNTHETIC_DEMO
SUP00919,Industrial Equipment Supplier 0919,India,Haryana,Gurugram,14.903,75.089,Service Provider,Industrial Equipment,Tier-3,UNKNOWN,UNKNOWN,ACTIVE,PROJECT_DEMO_EXPANSION,2026-09-23,Synthetic/demo record; not a claim about a real company.,SYNTHETIC_DEMO
SUP00920,Packaging Supplier 0920,India,Tamil Nadu,Chennai,22.04,86.52,Distributor,Packaging,Tier-2,LOW,UNKNOWN,ACTIVE,PROJECT_DEMO_EXPANSION,2026-09-23,Synthetic/demo record; not a claim about a real company.,SYNTHETIC_DEMO
SUP00921,Apparel Supplier 0921,India,Telangana,Hyderabad,29.177,68.951,Manufacturer,Apparel,Tier-3,MEDIUM,UNKNOWN,UNKNOWN,PROJECT_DEMO_EXPANSION,2026-09-23,Synthetic/demo record; not a claim about a real company.,SYNTHETIC_DEMO
SUP00922,Electronics Supplier 0922,India,Maharashtra,Pune,8.314,80.382,Service Provider,Electronics,Tier-1,UNKNOWN,UNKNOWN,ACTIVE,PROJECT_DEMO_EXPANSION,2026-09-23,Synthetic/demo record; not a claim about a real company.,SYNTHETIC_DEMO
SUP00923,Automotive Supplier 0923,Bangladesh,Dhaka,Dhaka,15.451,91.813,Distributor,Automotive,Tier-1,LOW,UNKNOWN,ACTIVE,PROJECT_DEMO_EXPANSION,2026-09-23,Synthetic/demo record; not a claim about a real company.,SYNTHETIC_DEMO
SUP00924,Pharma Supplier 0924,Vietnam,Ho Chi Minh,Ho Chi Minh City,22.588,74.244,Manufacturer,Pharma,Tier-3,MEDIUM,UNKNOWN,ACTIVE,PROJECT_DEMO_EXPANSION,2026-09-23,Synthetic/demo record; not a claim about a real company.,SYNTHETIC_DEMO
SUP00925,Chemicals Supplier 0925,China,Guangdong,Shenzhen,29.725,85.675,Distributor,Chemicals,Tier-2,LOW,UNKNOWN,ACTIVE,PROJECT_DEMO_EXPANSION,2026-09-23,Synthetic/demo record; not a claim about a real company.,SYNTHETIC_DEMO
SUP00926,Food Supplier 0926,Taiwan,Hsinchu,Hsinchu,8.862,68.106,Distributor,Food,Tier-2,MEDIUM,UNKNOWN,ACTIVE,PROJECT_DEMO_EXPANSION,2026-09-23,Synthetic/demo record; not a claim about a real company.,SYNTHETIC_DEMO
SUP00927,Semiconductors Supplier 0927,Japan,Tokyo,Tokyo,15.999,79.537,Contract Manufacturer,Semiconductors,Tier-2,MEDIUM,UNKNOWN,ACTIVE,PROJECT_DEMO_EXPANSION,2026-09-23,Synthetic/demo record; not a claim about a real company.,SYNTHETIC_DEMO
SUP00928,Logistics Supplier 0928,Germany,Bavaria,Munich,23.136,90.968,Contract Manufacturer,Logistics,Tier-2,LOW,UNKNOWN,ACTIVE,PROJECT_DEMO_EXPANSION,2026-09-23,Synthetic/demo record; not a claim about a real company.,SYNTHETIC_DEMO
SUP00929,Industrial Equipment Supplier 0929,USA,Texas,Austin,30.273,73.399,Distributor,Industrial Equipment,Tier-1,UNKNOWN,UNKNOWN,ACTIVE,PROJECT_DEMO_EXPANSION,2026-09-23,Synthetic/demo record; not a claim about a real company.,SYNTHETIC_DEMO
SUP00930,Packaging Supplier 0930,Mexico,Nuevo Leon,Monterrey,9.41,84.83,Manufacturer,Packaging,Tier-1,UNKNOWN,UNKNOWN,ACTIVE,PROJECT_DEMO_EXPANSION,2026-09-23,Synthetic/demo record; not a claim about a real company.,SYNTHETIC_DEMO
SUP00931,Apparel Supplier 0931,India,Maharashtra,Mumbai,16.547,96.261,Manufacturer,Apparel,Tier-1,UNKNOWN,UNKNOWN,ACTIVE,PROJECT_DEMO_EXPANSION,2026-09-23,Synthetic/demo record; not a claim about a real company.,SYNTHETIC_DEMO
SUP00932,Electronics Supplier 0932,India,Karnataka,Bengaluru,23.684,78.692,Distributor,Electronics,Tier-1,HIGH,UNKNOWN,ACTIVE,PROJECT_DEMO_EXPANSION,2026-09-23,Synthetic/demo record; not a claim about a real company.,SYNTHETIC_DEMO
SUP00933,Automotive Supplier 0933,India,Uttar Pradesh,Noida,30.821,90.123,Service Provider,Automotive,Tier-2,LOW,UNKNOWN,ACTIVE,PROJECT_DEMO_EXPANSION,2026-09-23,Synthetic/demo record; not a claim about a real company.,SYNTHETIC_DEMO
SUP00934,Pharma Supplier 0934,India,Haryana,Gurugram,9.958,72.554,Manufacturer,Pharma,Tier-2,LOW,UNKNOWN,ACTIVE,PROJECT_DEMO_EXPANSION,2026-09-23,Synthetic/demo record; not a claim about a real company.,SYNTHETIC_DEMO
SUP00935,Chemicals Supplier 0935,India,Tamil Nadu,Chennai,17.095,83.985,Service Provider,Chemicals,Tier-2,MEDIUM,UNKNOWN,ACTIVE,PROJECT_DEMO_EXPANSION,2026-09-23,Synthetic/demo record; not a claim about a real company.,SYNTHETIC_DEMO
SUP00936,Food Supplier 0936,India,Telangana,Hyderabad,24.232,95.416,Contract Manufacturer,Food,Tier-3,UNKNOWN,UNKNOWN,ACTIVE,PROJECT_DEMO_EXPANSION,2026-09-23,Synthetic/demo record; not a claim about a real company.,SYNTHETIC_DEMO
SUP00937,Semiconductors Supplier 0937,India,Maharashtra,Pune,31.369,77.847,Service Provider,Semiconductors,Tier-1,MEDIUM,UNKNOWN,ACTIVE,PROJECT_DEMO_EXPANSION,2026-09-23,Synthetic/demo record; not a claim about a real company.,SYNTHETIC_DEMO
SUP00938,Logistics Supplier 0938,Bangladesh,Dhaka,Dhaka,10.506,89.278,Service Provider,Logistics,Tier-1,UNKNOWN,UNKNOWN,ACTIVE,PROJECT_DEMO_EXPANSION,2026-09-23,Synthetic/demo record; not a claim about a real company.,SYNTHETIC_DEMO
SUP00939,Industrial Equipment Supplier 0939,Vietnam,Ho Chi Minh,Ho Chi Minh City,17.643,71.709,Service Provider,Industrial Equipment,Tier-1,UNKNOWN,UNKNOWN,ACTIVE,PROJECT_DEMO_EXPANSION,2026-09-23,Synthetic/demo record; not a claim about a real company.,SYNTHETIC_DEMO
SUP00940,Packaging Supplier 0940,China,Guangdong,Shenzhen,24.78,83.14,Distributor,Packaging,Tier-2,MEDIUM,UNKNOWN,UNKNOWN,PROJECT_DEMO_EXPANSION,2026-09-23,Synthetic/demo record; not a claim about a real company.,SYNTHETIC_DEMO
SUP00941,Apparel Supplier 0941,Taiwan,Hsinchu,Hsinchu,31.917,94.571,Contract Manufacturer,Apparel,Tier-1,UNKNOWN,UNKNOWN,ACTIVE,PROJECT_DEMO_EXPANSION,2026-09-23,Synthetic/demo record; not a claim about a real company.,SYNTHETIC_DEMO
SUP00942,Electronics Supplier 0942,Japan,Tokyo,Tokyo,11.054,77.002,Distributor,Electronics,Tier-1,HIGH,UNKNOWN,ACTIVE,PROJECT_DEMO_EXPANSION,2026-09-23,Synthetic/demo record; not a claim about a real company.,SYNTHETIC_DEMO
SUP00943,Automotive Supplier 0943,Germany,Bavaria,Munich,18.191,88.433,Distributor,Automotive,Tier-2,MEDIUM,UNKNOWN,ACTIVE,PROJECT_DEMO_EXPANSION,2026-09-23,Synthetic/demo record; not a claim about a real company.,SYNTHETIC_DEMO
SUP00944,Pharma Supplier 0944,USA,Texas,Austin,25.328,70.864,Contract Manufacturer,Pharma,Tier-2,MEDIUM,UNKNOWN,ACTIVE,PROJECT_DEMO_EXPANSION,2026-09-23,Synthetic/demo record; not a claim about a real company.,SYNTHETIC_DEMO
SUP00945,Chemicals Supplier 0945,Mexico,Nuevo Leon,Monterrey,32.465,82.295,Distributor,Chemicals,Tier-2,HIGH,UNKNOWN,ACTIVE,PROJECT_DEMO_EXPANSION,2026-09-23,Synthetic/demo record; not a claim about a real company.,SYNTHETIC_DEMO
SUP00946,Food Supplier 0946,India,Maharashtra,Mumbai,11.602,93.726,Service Provider,Food,Tier-3,HIGH,UNKNOWN,ACTIVE,PROJECT_DEMO_EXPANSION,2026-09-23,Synthetic/demo record; not a claim about a real company.,SYNTHETIC_DEMO
SUP00947,Semiconductors Supplier 0947,India,Karnataka,Bengaluru,18.739,76.157,Manufacturer,Semiconductors,Tier-3,LOW,UNKNOWN,ACTIVE,PROJECT_DEMO_EXPANSION,2026-09-23,Synthetic/demo record; not a claim about a real company.,SYNTHETIC_DEMO
SUP00948,Logistics Supplier 0948,India,Uttar Pradesh,Noida,25.876,87.588,Manufacturer,Logistics,Tier-3,UNKNOWN,UNKNOWN,ACTIVE,PROJECT_DEMO_EXPANSION,2026-09-23,Synthetic/demo record; not a claim about a real company.,SYNTHETIC_DEMO
SUP00949,Industrial Equipment Supplier 0949,India,Haryana,Gurugram,33.013,70.019,Service Provider,Industrial Equipment,Tier-2,MEDIUM,UNKNOWN,ACTIVE,PROJECT_DEMO_EXPANSION,2026-09-23,Synthetic/demo record; not a claim about a real company.,SYNTHETIC_DEMO
SUP00950,Packaging Supplier 0950,India,Tamil Nadu,Chennai,12.15,81.45,Manufacturer,Packaging,Tier-2,LOW,UNKNOWN,UNKNOWN,PROJECT_DEMO_EXPANSION,2026-09-23,Synthetic/demo record; not a claim about a real company.,SYNTHETIC_DEMO
SUP00951,Apparel Supplier 0951,India,Telangana,Hyderabad,19.287,92.881,Manufacturer,Apparel,Tier-1,LOW,UNKNOWN,UNKNOWN,PROJECT_DEMO_EXPANSION,2026-09-23,Synthetic/demo record; not a claim about a real company.,SYNTHETIC_DEMO
SUP00952,Electronics Supplier 0952,India,Maharashtra,Pune,26.424,75.312,Service Provider,Electronics,Tier-1,MEDIUM,UNKNOWN,ACTIVE,PROJECT_DEMO_EXPANSION,2026-09-23,Synthetic/demo record; not a claim about a real company.,SYNTHETIC_DEMO
SUP00953,Automotive Supplier 0953,Bangladesh,Dhaka,Dhaka,33.561,86.743,Manufacturer,Automotive,Tier-2,UNKNOWN,UNKNOWN,UNKNOWN,PROJECT_DEMO_EXPANSION,2026-09-23,Synthetic/demo record; not a claim about a real company.,SYNTHETIC_DEMO
SUP00954,Pharma Supplier 0954,Vietnam,Ho Chi Minh,Ho Chi Minh City,12.698,69.174,Manufacturer,Pharma,Tier-1,UNKNOWN,UNKNOWN,ACTIVE,PROJECT_DEMO_EXPANSION,2026-09-23,Synthetic/demo record; not a claim about a real company.,SYNTHETIC_DEMO
SUP00955,Chemicals Supplier 0955,China,Guangdong,Shenzhen,19.835,80.605,Manufacturer,Chemicals,Tier-1,LOW,UNKNOWN,UNKNOWN,PROJECT_DEMO_EXPANSION,2026-09-23,Synthetic/demo record; not a claim about a real company.,SYNTHETIC_DEMO
SUP00956,Food Supplier 0956,Taiwan,Hsinchu,Hsinchu,26.972,92.036,Manufacturer,Food,Tier-3,HIGH,UNKNOWN,ACTIVE,PROJECT_DEMO_EXPANSION,2026-09-23,Synthetic/demo record; not a claim about a real company.,SYNTHETIC_DEMO
SUP00957,Semiconductors Supplier 0957,Japan,Tokyo,Tokyo,34.109,74.467,Service Provider,Semiconductors,Tier-2,UNKNOWN,UNKNOWN,ACTIVE,PROJECT_DEMO_EXPANSION,2026-09-23,Synthetic/demo record; not a claim about a real company.,SYNTHETIC_DEMO
SUP00958,Logistics Supplier 0958,Germany,Bavaria,Munich,13.246,85.898,Service Provider,Logistics,Tier-1,HIGH,UNKNOWN,ACTIVE,PROJECT_DEMO_EXPANSION,2026-09-23,Synthetic/demo record; not a claim about a real company.,SYNTHETIC_DEMO
SUP00959,Industrial Equipment Supplier 0959,USA,Texas,Austin,20.383,68.329,Contract Manufacturer,Industrial Equipment,Tier-1,HIGH,UNKNOWN,UNKNOWN,PROJECT_DEMO_EXPANSION,2026-09-23,Synthetic/demo record; not a claim about a real company.,SYNTHETIC_DEMO
SUP00960,Packaging Supplier 0960,Mexico,Nuevo Leon,Monterrey,27.52,79.76,Service Provider,Packaging,Tier-1,UNKNOWN,UNKNOWN,ACTIVE,PROJECT_DEMO_EXPANSION,2026-09-23,Synthetic/demo record; not a claim about a real company.,SYNTHETIC_DEMO
SUP00961,Apparel Supplier 0961,India,Maharashtra,Mumbai,34.657,91.191,Service Provider,Apparel,Tier-3,LOW,UNKNOWN,ACTIVE,PROJECT_DEMO_EXPANSION,2026-09-23,Synthetic/demo record; not a claim about a real company.,SYNTHETIC_DEMO
SUP00962,Electronics Supplier 0962,India,Karnataka,Bengaluru,13.794,73.622,Contract Manufacturer,Electronics,Tier-2,LOW,UNKNOWN,ACTIVE,PROJECT_DEMO_EXPANSION,2026-09-23,Synthetic/demo record; not a claim about a real company.,SYNTHETIC_DEMO
SUP00963,Automotive Supplier 0963,India,Uttar Pradesh,Noida,20.931,85.053,Service Provider,Automotive,Tier-2,MEDIUM,UNKNOWN,UNKNOWN,PROJECT_DEMO_EXPANSION,2026-09-23,Synthetic/demo record; not a claim about a real company.,SYNTHETIC_DEMO
SUP00964,Pharma Supplier 0964,India,Haryana,Gurugram,28.068,96.484,Manufacturer,Pharma,Tier-3,UNKNOWN,UNKNOWN,UNKNOWN,PROJECT_DEMO_EXPANSION,2026-09-23,Synthetic/demo record; not a claim about a real company.,SYNTHETIC_DEMO
SUP00965,Chemicals Supplier 0965,India,Tamil Nadu,Chennai,35.205,78.915,Contract Manufacturer,Chemicals,Tier-2,HIGH,UNKNOWN,UNKNOWN,PROJECT_DEMO_EXPANSION,2026-09-23,Synthetic/demo record; not a claim about a real company.,SYNTHETIC_DEMO
SUP00966,Food Supplier 0966,India,Telangana,Hyderabad,14.342,90.346,Manufacturer,Food,Tier-3,LOW,UNKNOWN,ACTIVE,PROJECT_DEMO_EXPANSION,2026-09-23,Synthetic/demo record; not a claim about a real company.,SYNTHETIC_DEMO
SUP00967,Semiconductors Supplier 0967,India,Maharashtra,Pune,21.479,72.777,Distributor,Semiconductors,Tier-3,HIGH,UNKNOWN,ACTIVE,PROJECT_DEMO_EXPANSION,2026-09-23,Synthetic/demo record; not a claim about a real company.,SYNTHETIC_DEMO
SUP00968,Logistics Supplier 0968,Bangladesh,Dhaka,Dhaka,28.616,84.208,Manufacturer,Logistics,Tier-3,LOW,UNKNOWN,ACTIVE,PROJECT_DEMO_EXPANSION,2026-09-23,Synthetic/demo record; not a claim about a real company.,SYNTHETIC_DEMO
SUP00969,Industrial Equipment Supplier 0969,Vietnam,Ho Chi Minh,Ho Chi Minh City,35.753,95.639,Service Provider,Industrial Equipment,Tier-3,MEDIUM,UNKNOWN,ACTIVE,PROJECT_DEMO_EXPANSION,2026-09-23,Synthetic/demo record; not a claim about a real company.,SYNTHETIC_DEMO
SUP00970,Packaging Supplier 0970,China,Guangdong,Shenzhen,14.89,78.07,Distributor,Packaging,Tier-2,HIGH,UNKNOWN,UNKNOWN,PROJECT_DEMO_EXPANSION,2026-09-23,Synthetic/demo record; not a claim about a real company.,SYNTHETIC_DEMO
SUP00971,Apparel Supplier 0971,Taiwan,Hsinchu,Hsinchu,22.027,89.501,Distributor,Apparel,Tier-2,HIGH,UNKNOWN,UNKNOWN,PROJECT_DEMO_EXPANSION,2026-09-23,Synthetic/demo record; not a claim about a real company.,SYNTHETIC_DEMO
SUP00972,Electronics Supplier 0972,Japan,Tokyo,Tokyo,29.164,71.932,Manufacturer,Electronics,Tier-2,HIGH,UNKNOWN,ACTIVE,PROJECT_DEMO_EXPANSION,2026-09-23,Synthetic/demo record; not a claim about a real company.,SYNTHETIC_DEMO
SUP00973,Automotive Supplier 0973,Germany,Bavaria,Munich,8.301,83.363,Contract Manufacturer,Automotive,Tier-2,HIGH,UNKNOWN,ACTIVE,PROJECT_DEMO_EXPANSION,2026-09-23,Synthetic/demo record; not a claim about a real company.,SYNTHETIC_DEMO
SUP00974,Pharma Supplier 0974,USA,Texas,Austin,15.438,94.794,Manufacturer,Pharma,Tier-1,UNKNOWN,UNKNOWN,ACTIVE,PROJECT_DEMO_EXPANSION,2026-09-23,Synthetic/demo record; not a claim about a real company.,SYNTHETIC_DEMO
SUP00975,Chemicals Supplier 0975,Mexico,Nuevo Leon,Monterrey,22.575,77.225,Contract Manufacturer,Chemicals,Tier-3,MEDIUM,UNKNOWN,ACTIVE,PROJECT_DEMO_EXPANSION,2026-09-23,Synthetic/demo record; not a claim about a real company.,SYNTHETIC_DEMO
SUP00976,Food Supplier 0976,India,Maharashtra,Mumbai,29.712,88.656,Distributor,Food,Tier-1,MEDIUM,UNKNOWN,UNKNOWN,PROJECT_DEMO_EXPANSION,2026-09-23,Synthetic/demo record; not a claim about a real company.,SYNTHETIC_DEMO
SUP00977,Semiconductors Supplier 0977,India,Karnataka,Bengaluru,8.849,71.087,Service Provider,Semiconductors,Tier-2,LOW,UNKNOWN,UNKNOWN,PROJECT_DEMO_EXPANSION,2026-09-23,Synthetic/demo record; not a claim about a real company.,SYNTHETIC_DEMO
SUP00978,Logistics Supplier 0978,India,Uttar Pradesh,Noida,15.986,82.518,Service Provider,Logistics,Tier-3,LOW,UNKNOWN,ACTIVE,PROJECT_DEMO_EXPANSION,2026-09-23,Synthetic/demo record; not a claim about a real company.,SYNTHETIC_DEMO
SUP00979,Industrial Equipment Supplier 0979,India,Haryana,Gurugram,23.123,93.949,Contract Manufacturer,Industrial Equipment,Tier-3,UNKNOWN,UNKNOWN,UNKNOWN,PROJECT_DEMO_EXPANSION,2026-09-23,Synthetic/demo record; not a claim about a real company.,SYNTHETIC_DEMO
SUP00980,Packaging Supplier 0980,India,Tamil Nadu,Chennai,30.26,76.38,Manufacturer,Packaging,Tier-2,MEDIUM,UNKNOWN,ACTIVE,PROJECT_DEMO_EXPANSION,2026-09-23,Synthetic/demo record; not a claim about a real company.,SYNTHETIC_DEMO
SUP00981,Apparel Supplier 0981,India,Telangana,Hyderabad,9.397,87.811,Manufacturer,Apparel,Tier-2,UNKNOWN,UNKNOWN,ACTIVE,PROJECT_DEMO_EXPANSION,2026-09-23,Synthetic/demo record; not a claim about a real company.,SYNTHETIC_DEMO
SUP00982,Electronics Supplier 0982,India,Maharashtra,Pune,16.534,70.242,Manufacturer,Electronics,Tier-3,UNKNOWN,UNKNOWN,ACTIVE,PROJECT_DEMO_EXPANSION,2026-09-23,Synthetic/demo record; not a claim about a real company.,SYNTHETIC_DEMO
SUP00983,Automotive Supplier 0983,Bangladesh,Dhaka,Dhaka,23.671,81.673,Contract Manufacturer,Automotive,Tier-2,HIGH,UNKNOWN,UNKNOWN,PROJECT_DEMO_EXPANSION,2026-09-23,Synthetic/demo record; not a claim about a real company.,SYNTHETIC_DEMO
SUP00984,Pharma Supplier 0984,Vietnam,Ho Chi Minh,Ho Chi Minh City,30.808,93.104,Contract Manufacturer,Pharma,Tier-2,UNKNOWN,UNKNOWN,ACTIVE,PROJECT_DEMO_EXPANSION,2026-09-23,Synthetic/demo record; not a claim about a real company.,SYNTHETIC_DEMO
SUP00985,Chemicals Supplier 0985,China,Guangdong,Shenzhen,9.945,75.535,Contract Manufacturer,Chemicals,Tier-1,LOW,UNKNOWN,ACTIVE,PROJECT_DEMO_EXPANSION,2026-09-23,Synthetic/demo record; not a claim about a real company.,SYNTHETIC_DEMO
SUP00986,Food Supplier 0986,Taiwan,Hsinchu,Hsinchu,17.082,86.966,Service Provider,Food,Tier-2,LOW,UNKNOWN,ACTIVE,PROJECT_DEMO_EXPANSION,2026-09-23,Synthetic/demo record; not a claim about a real company.,SYNTHETIC_DEMO
SUP00987,Semiconductors Supplier 0987,Japan,Tokyo,Tokyo,24.219,69.397,Service Provider,Semiconductors,Tier-2,MEDIUM,UNKNOWN,ACTIVE,PROJECT_DEMO_EXPANSION,2026-09-23,Synthetic/demo record; not a claim about a real company.,SYNTHETIC_DEMO
SUP00988,Logistics Supplier 0988,Germany,Bavaria,Munich,31.356,80.828,Contract Manufacturer,Logistics,Tier-1,MEDIUM,UNKNOWN,ACTIVE,PROJECT_DEMO_EXPANSION,2026-09-23,Synthetic/demo record; not a claim about a real company.,SYNTHETIC_DEMO
SUP00989,Industrial Equipment Supplier 0989,USA,Texas,Austin,10.493,92.259,Service Provider,Industrial Equipment,Tier-3,MEDIUM,UNKNOWN,UNKNOWN,PROJECT_DEMO_EXPANSION,2026-09-23,Synthetic/demo record; not a claim about a real company.,SYNTHETIC_DEMO
SUP00990,Packaging Supplier 0990,Mexico,Nuevo Leon,Monterrey,17.63,74.69,Distributor,Packaging,Tier-1,UNKNOWN,UNKNOWN,ACTIVE,PROJECT_DEMO_EXPANSION,2026-09-23,Synthetic/demo record; not a claim about a real company.,SYNTHETIC_DEMO
SUP00991,Apparel Supplier 0991,India,Maharashtra,Mumbai,24.767,86.121,Distributor,Apparel,Tier-1,MEDIUM,UNKNOWN,UNKNOWN,PROJECT_DEMO_EXPANSION,2026-09-23,Synthetic/demo record; not a claim about a real company.,SYNTHETIC_DEMO
SUP00992,Electronics Supplier 0992,India,Karnataka,Bengaluru,31.904,68.552,Manufacturer,Electronics,Tier-1,LOW,UNKNOWN,ACTIVE,PROJECT_DEMO_EXPANSION,2026-09-23,Synthetic/demo record; not a claim about a real company.,SYNTHETIC_DEMO
SUP00993,Automotive Supplier 0993,India,Uttar Pradesh,Noida,11.041,79.983,Contract Manufacturer,Automotive,Tier-3,HIGH,UNKNOWN,ACTIVE,PROJECT_DEMO_EXPANSION,2026-09-23,Synthetic/demo record; not a claim about a real company.,SYNTHETIC_DEMO
SUP00994,Pharma Supplier 0994,India,Haryana,Gurugram,18.178,91.414,Manufacturer,Pharma,Tier-1,LOW,UNKNOWN,ACTIVE,PROJECT_DEMO_EXPANSION,2026-09-23,Synthetic/demo record; not a claim about a real company.,SYNTHETIC_DEMO
SUP00995,Chemicals Supplier 0995,India,Tamil Nadu,Chennai,25.315,73.845,Service Provider,Chemicals,Tier-2,UNKNOWN,UNKNOWN,ACTIVE,PROJECT_DEMO_EXPANSION,2026-09-23,Synthetic/demo record; not a claim about a real company.,SYNTHETIC_DEMO
SUP00996,Food Supplier 0996,India,Telangana,Hyderabad,32.452,85.276,Manufacturer,Food,Tier-3,HIGH,UNKNOWN,UNKNOWN,PROJECT_DEMO_EXPANSION,2026-09-23,Synthetic/demo record; not a claim about a real company.,SYNTHETIC_DEMO
SUP00997,Semiconductors Supplier 0997,India,Maharashtra,Pune,11.589,96.707,Manufacturer,Semiconductors,Tier-3,UNKNOWN,UNKNOWN,ACTIVE,PROJECT_DEMO_EXPANSION,2026-09-23,Synthetic/demo record; not a claim about a real company.,SYNTHETIC_DEMO
SUP00998,Logistics Supplier 0998,Bangladesh,Dhaka,Dhaka,18.726,79.138,Contract Manufacturer,Logistics,Tier-1,UNKNOWN,UNKNOWN,ACTIVE,PROJECT_DEMO_EXPANSION,2026-09-23,Synthetic/demo record; not a claim about a real company.,SYNTHETIC_DEMO
SUP00999,Industrial Equipment Supplier 0999,Vietnam,Ho Chi Minh,Ho Chi Minh City,25.863,90.569,Manufacturer,Industrial Equipment,Tier-3,HIGH,UNKNOWN,UNKNOWN,PROJECT_DEMO_EXPANSION,2026-09-23,Synthetic/demo record; not a claim about a real company.,SYNTHETIC_DEMO
SUP01000,Packaging Supplier 1000,China,Guangdong,Shenzhen,33.0,73.0,Distributor,Packaging,Tier-2,UNKNOWN,UNKNOWN,ACTIVE,PROJECT_DEMO_EXPANSION,2026-09-23,Synthetic/demo record; not a claim about a real company.,SYNTHETIC_DEMO
