entity_text,linked_id,entity_type,match_method,match_score,confidence,data_status
Entity 0001,LOC00004,LOCATION,normalized,0.985,0.814,SYNTHETIC_DEMO
Entity 0002,PROD00007,PRODUCT,normalized,0.811,0.799,SYNTHETIC_DEMO
Entity 0003,PROD00010,PRODUCT,fuzzy,0.871,0.84,SYNTHETIC_DEMO
Entity 0004,LOC00013,LOCATION,fuzzy,0.975,0.806,SYNTHETIC_DEMO
Entity 0005,SUP00016,SUPPLIER,fuzzy,0.917,0.887,SYNTHETIC_DEMO
Entity 0006,LOC00019,LOCATION,normalized,0.908,0.768,SYNTHETIC_DEMO
Entity 0007,PROD00022,PRODUCT,exact,0.868,0.945,SYNTHETIC_DEMO
Entity 0008,PROD00025,PRODUCT,normalized,0.884,0.809,SYNTHETIC_DEMO
Entity 0009,PROD00028,PRODUCT,fuzzy,0.836,0.76,SYNTHETIC_DEMO
Entity 0010,SUP00031,SUPPLIER,normalized,0.898,0.802,SYNTHETIC_DEMO
Entity 0011,LOC00034,LOCATION,fuzzy,0.925,0.954,SYNTHETIC_DEMO
Entity 0012,SUP00037,SUPPLIER,normalized,0.858,0.944,SYNTHETIC_DEMO
Entity 0013,SUP00040,SUPPLIER,normalized,0.81,0.912,SYNTHETIC_DEMO
Entity 0014,PROD00043,PRODUCT,exact,0.877,0.888,SYNTHETIC_DEMO
Entity 0015,SUP00046,SUPPLIER,normalized,0.833,0.911,SYNTHETIC_DEMO
Entity 0016,PROD00049,PRODUCT,normalized,0.859,0.963,SYNTHETIC_DEMO
Entity 0017,LOC00052,LOCATION,normalized,0.915,0.951,SYNTHETIC_DEMO
Entity 0018,LOC00055,LOCATION,exact,0.929,0.781,SYNTHETIC_DEMO
Entity 0019,LOC00058,LOCATION,fuzzy,0.979,0.948,SYNTHETIC_DEMO
Entity 0020,LOC00061,LOCATION,exact,0.856,0.857,SYNTHETIC_DEMO
Entity 0021,PROD00064,PRODUCT,normalized,0.909,0.879,SYNTHETIC_DEMO
Entity 0022,SUP00067,SUPPLIER,normalized,0.989,0.837,SYNTHETIC_DEMO
Entity 0023,SUP00070,SUPPLIER,normalized,0.81,0.868,SYNTHETIC_DEMO
Entity 0024,PROD00073,PRODUCT,fuzzy,0.849,0.837,SYNTHETIC_DEMO
Entity 0025,PROD00076,PRODUCT,fuzzy,0.957,0.886,SYNTHETIC_DEMO
Entity 0026,LOC00079,LOCATION,exact,0.898,0.936,SYNTHETIC_DEMO
Entity 0027,SUP00082,SUPPLIER,fuzzy,0.971,0.833,SYNTHETIC_DEMO
Entity 0028,PROD00085,PRODUCT,normalized,0.885,0.784,SYNTHETIC_DEMO
Entity 0029,SUP00088,SUPPLIER,fuzzy,0.824,0.903,SYNTHETIC_DEMO
Entity 0030,LOC00091,LOCATION,exact,0.955,0.781,SYNTHETIC_DEMO
Entity 0031,SUP00094,SUPPLIER,fuzzy,0.916,0.911,SYNTHETIC_DEMO
Entity 0032,LOC00097,LOCATION,fuzzy,0.91,0.967,SYNTHETIC_DEMO
Entity 0033,LOC00100,LOCATION,exact,0.835,0.951,SYNTHETIC_DEMO
Entity 0034,LOC00103,LOCATION,exact,0.901,0.973,SYNTHETIC_DEMO
Entity 0035,SUP00106,SUPPLIER,fuzzy,0.957,0.763,SYNTHETIC_DEMO
Entity 0036,PROD00109,PRODUCT,fuzzy,0.968,0.766,SYNTHETIC_DEMO
Entity 0037,SUP00112,SUPPLIER,fuzzy,0.974,0.825,SYNTHETIC_DEMO
Entity 0038,PROD00115,PRODUCT,exact,0.894,0.756,SYNTHETIC_DEMO
Entity 0039,PROD00118,PRODUCT,exact,0.956,0.853,SYNTHETIC_DEMO
Entity 0040,SUP00121,SUPPLIER,fuzzy,0.986,0.771,SYNTHETIC_DEMO
Entity 0041,SUP00124,SUPPLIER,normalized,0.871,0.776,SYNTHETIC_DEMO
Entity 0042,LOC00127,LOCATION,fuzzy,0.88,0.856,SYNTHETIC_DEMO
Entity 0043,PROD00130,PRODUCT,exact,0.874,0.964,SYNTHETIC_DEMO
Entity 0044,LOC00133,LOCATION,exact,0.834,0.918,SYNTHETIC_DEMO
Entity 0045,PROD00136,PRODUCT,fuzzy,0.872,0.899,SYNTHETIC_DEMO
Entity 0046,LOC00139,LOCATION,normalized,0.959,0.897,SYNTHETIC_DEMO
Entity 0047,LOC00142,LOCATION,fuzzy,0.913,0.856,SYNTHETIC_DEMO
Entity 0048,PROD00145,PRODUCT,exact,0.941,0.791,SYNTHETIC_DEMO
Entity 0049,SUP00148,SUPPLIER,exact,0.857,0.867,SYNTHETIC_DEMO
Entity 0050,SUP00151,SUPPLIER,fuzzy,0.894,0.902,SYNTHETIC_DEMO
Entity 0051,PROD00154,PRODUCT,normalized,0.858,0.786,SYNTHETIC_DEMO
Entity 0052,PROD00157,PRODUCT,fuzzy,0.87,0.764,SYNTHETIC_DEMO
Entity 0053,LOC00160,LOCATION,fuzzy,0.924,0.81,SYNTHETIC_DEMO
Entity 0054,SUP00163,SUPPLIER,fuzzy,0.855,0.813,SYNTHETIC_DEMO
Entity 0055,PROD00166,PRODUCT,normalized,0.927,0.961,SYNTHETIC_DEMO
Entity 0056,PROD00169,PRODUCT,exact,0.9,0.8,SYNTHETIC_DEMO
Entity 0057,PROD00172,PRODUCT,fuzzy,0.809,0.852,SYNTHETIC_DEMO
Entity 0058,PROD00175,PRODUCT,normalized,0.916,0.81,SYNTHETIC_DEMO
Entity 0059,PROD00178,PRODUCT,exact,0.877,0.773,SYNTHETIC_DEMO
Entity 0060,LOC00181,LOCATION,exact,0.885,0.96,SYNTHETIC_DEMO
Entity 0061,LOC00184,LOCATION,fuzzy,0.987,0.787,SYNTHETIC_DEMO
Entity 0062,SUP00187,SUPPLIER,normalized,0.908,0.937,SYNTHETIC_DEMO
Entity 0063,LOC00190,LOCATION,fuzzy,0.806,0.873,SYNTHETIC_DEMO
Entity 0064,LOC00193,LOCATION,fuzzy,0.889,0.882,SYNTHETIC_DEMO
Entity 0065,LOC00196,LOCATION,fuzzy,0.978,0.816,SYNTHETIC_DEMO
Entity 0066,PROD00199,PRODUCT,exact,0.86,0.878,SYNTHETIC_DEMO
Entity 0067,LOC00202,LOCATION,fuzzy,0.976,0.923,SYNTHETIC_DEMO
Entity 0068,LOC00205,LOCATION,exact,0.827,0.963,SYNTHETIC_DEMO
Entity 0069,SUP00208,SUPPLIER,fuzzy,0.859,0.936,SYNTHETIC_DEMO
Entity 0070,PROD00211,PRODUCT,fuzzy,0.973,0.818,SYNTHETIC_DEMO
Entity 0071,PROD00214,PRODUCT,normalized,0.883,0.884,SYNTHETIC_DEMO
Entity 0072,PROD00217,PRODUCT,normalized,0.977,0.872,SYNTHETIC_DEMO
Entity 0073,PROD00220,PRODUCT,exact,0.866,0.911,SYNTHETIC_DEMO
Entity 0074,LOC00223,LOCATION,fuzzy,0.884,0.938,SYNTHETIC_DEMO
Entity 0075,LOC00226,LOCATION,exact,0.88,0.828,SYNTHETIC_DEMO
Entity 0076,LOC00229,LOCATION,fuzzy,0.852,0.771,SYNTHETIC_DEMO
Entity 0077,SUP00232,SUPPLIER,normalized,0.881,0.955,SYNTHETIC_DEMO
Entity 0078,SUP00235,SUPPLIER,fuzzy,0.815,0.89,SYNTHETIC_DEMO
Entity 0079,SUP00238,SUPPLIER,fuzzy,0.949,0.826,SYNTHETIC_DEMO
Entity 0080,SUP00241,SUPPLIER,fuzzy,0.927,0.848,SYNTHETIC_DEMO
Entity 0081,LOC00244,LOCATION,fuzzy,0.825,0.897,SYNTHETIC_DEMO
Entity 0082,SUP00247,SUPPLIER,fuzzy,0.869,0.877,SYNTHETIC_DEMO
Entity 0083,SUP00250,SUPPLIER,fuzzy,0.807,0.958,SYNTHETIC_DEMO
Entity 0084,LOC00253,LOCATION,normalized,0.802,0.841,SYNTHETIC_DEMO
Entity 0085,SUP00256,SUPPLIER,fuzzy,0.891,0.771,SYNTHETIC_DEMO
Entity 0086,LOC00259,LOCATION,exact,0.963,0.847,SYNTHETIC_DEMO
Entity 0087,LOC00262,LOCATION,normalized,0.923,0.909,SYNTHETIC_DEMO
Entity 0088,SUP00265,SUPPLIER,fuzzy,0.964,0.828,SYNTHETIC_DEMO
Entity 0089,PROD00268,PRODUCT,fuzzy,0.942,0.815,SYNTHETIC_DEMO
Entity 0090,PROD00271,PRODUCT,exact,0.852,0.954,SYNTHETIC_DEMO
Entity 0091,LOC00274,LOCATION,fuzzy,0.881,0.847,SYNTHETIC_DEMO
Entity 0092,LOC00277,LOCATION,fuzzy,0.86,0.956,SYNTHETIC_DEMO
Entity 0093,PROD00280,PRODUCT,fuzzy,0.854,0.939,SYNTHETIC_DEMO
Entity 0094,PROD00283,PRODUCT,normalized,0.957,0.834,SYNTHETIC_DEMO
Entity 0095,LOC00286,LOCATION,exact,0.816,0.88,SYNTHETIC_DEMO
Entity 0096,PROD00289,PRODUCT,exact,0.894,0.912,SYNTHETIC_DEMO
Entity 0097,LOC00292,LOCATION,exact,0.92,0.8,SYNTHETIC_DEMO
Entity 0098,LOC00295,LOCATION,fuzzy,0.929,0.941,SYNTHETIC_DEMO
Entity 0099,LOC00298,LOCATION,fuzzy,0.956,0.964,SYNTHETIC_DEMO
Entity 0100,LOC00301,LOCATION,fuzzy,0.956,0.861,SYNTHETIC_DEMO
Entity 0101,LOC00304,LOCATION,normalized,0.972,0.778,SYNTHETIC_DEMO
Entity 0102,PROD00307,PRODUCT,normalized,0.89,0.966,SYNTHETIC_DEMO
Entity 0103,SUP00310,SUPPLIER,fuzzy,0.941,0.962,SYNTHETIC_DEMO
Entity 0104,PROD00313,PRODUCT,exact,0.91,0.97,SYNTHETIC_DEMO
Entity 0105,SUP00316,SUPPLIER,normalized,0.987,0.792,SYNTHETIC_DEMO
Entity 0106,SUP00319,SUPPLIER,fuzzy,0.909,0.849,SYNTHETIC_DEMO
Entity 0107,PROD00322,PRODUCT,fuzzy,0.988,0.919,SYNTHETIC_DEMO
Entity 0108,LOC00325,LOCATION,exact,0.981,0.934,SYNTHETIC_DEMO
Entity 0109,SUP00328,SUPPLIER,exact,0.849,0.962,SYNTHETIC_DEMO
Entity 0110,PROD00331,PRODUCT,normalized,0.944,0.953,SYNTHETIC_DEMO
Entity 0111,SUP00334,SUPPLIER,normalized,0.847,0.871,SYNTHETIC_DEMO
Entity 0112,PROD00337,PRODUCT,normalized,0.914,0.926,SYNTHETIC_DEMO
Entity 0113,SUP00340,SUPPLIER,normalized,0.943,0.783,SYNTHETIC_DEMO
Entity 0114,SUP00343,SUPPLIER,fuzzy,0.962,0.934,SYNTHETIC_DEMO
Entity 0115,SUP00346,SUPPLIER,fuzzy,0.911,0.842,SYNTHETIC_DEMO
Entity 0116,PROD00349,PRODUCT,fuzzy,0.837,0.924,SYNTHETIC_DEMO
Entity 0117,PROD00352,PRODUCT,normalized,0.82,0.805,SYNTHETIC_DEMO
Entity 0118,SUP00355,SUPPLIER,fuzzy,0.923,0.91,SYNTHETIC_DEMO
Entity 0119,PROD00358,PRODUCT,normalized,0.94,0.87,SYNTHETIC_DEMO
Entity 0120,LOC00361,LOCATION,fuzzy,0.988,0.824,SYNTHETIC_DEMO
Entity 0121,PROD00364,PRODUCT,fuzzy,0.857,0.766,SYNTHETIC_DEMO
Entity 0122,LOC00367,LOCATION,normalized,0.843,0.826,SYNTHETIC_DEMO
Entity 0123,PROD00370,PRODUCT,exact,0.963,0.903,SYNTHETIC_DEMO
Entity 0124,PROD00373,PRODUCT,exact,0.945,0.934,SYNTHETIC_DEMO
Entity 0125,PROD00376,PRODUCT,fuzzy,0.927,0.773,SYNTHETIC_DEMO
Entity 0126,PROD00379,PRODUCT,exact,0.854,0.797,SYNTHETIC_DEMO
Entity 0127,LOC00382,LOCATION,fuzzy,0.912,0.933,SYNTHETIC_DEMO
Entity 0128,PROD00385,PRODUCT,normalized,0.833,0.769,SYNTHETIC_DEMO
Entity 0129,PROD00388,PRODUCT,normalized,0.955,0.769,SYNTHETIC_DEMO
Entity 0130,PROD00391,PRODUCT,fuzzy,0.944,0.922,SYNTHETIC_DEMO
Entity 0131,LOC00394,LOCATION,fuzzy,0.826,0.792,SYNTHETIC_DEMO
Entity 0132,SUP00397,SUPPLIER,exact,0.936,0.95,SYNTHETIC_DEMO
Entity 0133,PROD00400,PRODUCT,exact,0.976,0.823,SYNTHETIC_DEMO
Entity 0134,PROD00403,PRODUCT,normalized,0.971,0.866,SYNTHETIC_DEMO
Entity 0135,SUP00406,SUPPLIER,fuzzy,0.829,0.838,SYNTHETIC_DEMO
Entity 0136,SUP00409,SUPPLIER,exact,0.882,0.875,SYNTHETIC_DEMO
Entity 0137,SUP00412,SUPPLIER,normalized,0.833,0.751,SYNTHETIC_DEMO
Entity 0138,LOC00415,LOCATION,exact,0.824,0.789,SYNTHETIC_DEMO
Entity 0139,SUP00418,SUPPLIER,fuzzy,0.837,0.858,SYNTHETIC_DEMO
Entity 0140,SUP00421,SUPPLIER,normalized,0.859,0.828,SYNTHETIC_DEMO
Entity 0141,LOC00424,LOCATION,exact,0.806,0.905,SYNTHETIC_DEMO
Entity 0142,SUP00427,SUPPLIER,normalized,0.812,0.859,SYNTHETIC_DEMO
Entity 0143,SUP00430,SUPPLIER,exact,0.882,0.943,SYNTHETIC_DEMO
Entity 0144,LOC00433,LOCATION,exact,0.943,0.765,SYNTHETIC_DEMO
Entity 0145,SUP00436,SUPPLIER,fuzzy,0.88,0.841,SYNTHETIC_DEMO
Entity 0146,LOC00439,LOCATION,exact,0.844,0.762,SYNTHETIC_DEMO
Entity 0147,PROD00442,PRODUCT,fuzzy,0.887,0.86,SYNTHETIC_DEMO
Entity 0148,LOC00445,LOCATION,fuzzy,0.898,0.774,SYNTHETIC_DEMO
Entity 0149,LOC00448,LOCATION,fuzzy,0.912,0.869,SYNTHETIC_DEMO
Entity 0150,LOC00451,LOCATION,normalized,0.96,0.8,SYNTHETIC_DEMO
Entity 0151,PROD00454,PRODUCT,fuzzy,0.905,0.88,SYNTHETIC_DEMO
Entity 0152,LOC00457,LOCATION,normalized,0.871,0.95,SYNTHETIC_DEMO
Entity 0153,LOC00460,LOCATION,exact,0.987,0.965,SYNTHETIC_DEMO
Entity 0154,LOC00463,LOCATION,exact,0.977,0.868,SYNTHETIC_DEMO
Entity 0155,SUP00466,SUPPLIER,normalized,0.831,0.825,SYNTHETIC_DEMO
Entity 0156,PROD00469,PRODUCT,exact,0.989,0.936,SYNTHETIC_DEMO
Entity 0157,LOC00472,LOCATION,exact,0.847,0.795,SYNTHETIC_DEMO
Entity 0158,SUP00475,SUPPLIER,fuzzy,0.834,0.935,SYNTHETIC_DEMO
Entity 0159,SUP00478,SUPPLIER,fuzzy,0.825,0.947,SYNTHETIC_DEMO
Entity 0160,LOC00481,LOCATION,exact,0.935,0.772,SYNTHETIC_DEMO
Entity 0161,SUP00484,SUPPLIER,exact,0.848,0.96,SYNTHETIC_DEMO
Entity 0162,PROD00487,PRODUCT,exact,0.933,0.82,SYNTHETIC_DEMO
Entity 0163,LOC00490,LOCATION,fuzzy,0.989,0.813,SYNTHETIC_DEMO
Entity 0164,LOC00493,LOCATION,fuzzy,0.888,0.932,SYNTHETIC_DEMO
Entity 0165,SUP00496,SUPPLIER,fuzzy,0.9,0.832,SYNTHETIC_DEMO
Entity 0166,PROD00499,PRODUCT,normalized,0.857,0.78,SYNTHETIC_DEMO
Entity 0167,SUP00502,SUPPLIER,exact,0.841,0.777,SYNTHETIC_DEMO
Entity 0168,PROD00505,PRODUCT,normalized,0.905,0.855,SYNTHETIC_DEMO
Entity 0169,SUP00508,SUPPLIER,exact,0.84,0.873,SYNTHETIC_DEMO
Entity 0170,LOC00511,LOCATION,exact,0.919,0.791,SYNTHETIC_DEMO
Entity 0171,PROD00514,PRODUCT,fuzzy,0.864,0.821,SYNTHETIC_DEMO
Entity 0172,PROD00517,PRODUCT,exact,0.839,0.886,SYNTHETIC_DEMO
Entity 0173,PROD00520,PRODUCT,fuzzy,0.893,0.793,SYNTHETIC_DEMO
Entity 0174,PROD00523,PRODUCT,fuzzy,0.899,0.785,SYNTHETIC_DEMO
Entity 0175,SUP00526,SUPPLIER,normalized,0.928,0.844,SYNTHETIC_DEMO
Entity 0176,PROD00529,PRODUCT,exact,0.865,0.966,SYNTHETIC_DEMO
Entity 0177,PROD00532,PRODUCT,exact,0.922,0.802,SYNTHETIC_DEMO
Entity 0178,LOC00535,LOCATION,normalized,0.899,0.964,SYNTHETIC_DEMO
Entity 0179,LOC00538,LOCATION,exact,0.867,0.934,SYNTHETIC_DEMO
Entity 0180,LOC00541,LOCATION,normalized,0.982,0.803,SYNTHETIC_DEMO
Entity 0181,PROD00544,PRODUCT,exact,0.828,0.826,SYNTHETIC_DEMO
Entity 0182,LOC00547,LOCATION,fuzzy,0.852,0.764,SYNTHETIC_DEMO
Entity 0183,PROD00550,PRODUCT,exact,0.911,0.943,SYNTHETIC_DEMO
Entity 0184,LOC00553,LOCATION,fuzzy,0.971,0.774,SYNTHETIC_DEMO
Entity 0185,SUP00556,SUPPLIER,fuzzy,0.977,0.934,SYNTHETIC_DEMO
Entity 0186,PROD00559,PRODUCT,exact,0.968,0.942,SYNTHETIC_DEMO
Entity 0187,LOC00562,LOCATION,fuzzy,0.857,0.916,SYNTHETIC_DEMO
Entity 0188,PROD00565,PRODUCT,normalized,0.828,0.826,SYNTHETIC_DEMO
Entity 0189,SUP00568,SUPPLIER,exact,0.843,0.876,SYNTHETIC_DEMO
Entity 0190,PROD00571,PRODUCT,normalized,0.872,0.865,SYNTHETIC_DEMO
Entity 0191,PROD00574,PRODUCT,exact,0.919,0.92,SYNTHETIC_DEMO
Entity 0192,SUP00577,SUPPLIER,fuzzy,0.842,0.754,SYNTHETIC_DEMO
Entity 0193,LOC00580,LOCATION,fuzzy,0.833,0.909,SYNTHETIC_DEMO
Entity 0194,PROD00583,PRODUCT,fuzzy,0.963,0.947,SYNTHETIC_DEMO
Entity 0195,LOC00586,LOCATION,normalized,0.829,0.858,SYNTHETIC_DEMO
Entity 0196,LOC00589,LOCATION,exact,0.973,0.808,SYNTHETIC_DEMO
Entity 0197,LOC00592,LOCATION,fuzzy,0.896,0.935,SYNTHETIC_DEMO
Entity 0198,LOC00595,LOCATION,fuzzy,0.882,0.98,SYNTHETIC_DEMO
Entity 0199,SUP00598,SUPPLIER,normalized,0.824,0.894,SYNTHETIC_DEMO
Entity 0200,PROD00601,PRODUCT,fuzzy,0.857,0.897,SYNTHETIC_DEMO
Entity 0201,PROD00604,PRODUCT,fuzzy,0.984,0.887,SYNTHETIC_DEMO
Entity 0202,LOC00607,LOCATION,normalized,0.916,0.805,SYNTHETIC_DEMO
Entity 0203,LOC00610,LOCATION,fuzzy,0.841,0.782,SYNTHETIC_DEMO
Entity 0204,SUP00613,SUPPLIER,normalized,0.829,0.847,SYNTHETIC_DEMO
Entity 0205,PROD00616,PRODUCT,exact,0.842,0.868,SYNTHETIC_DEMO
Entity 0206,PROD00619,PRODUCT,normalized,0.873,0.915,SYNTHETIC_DEMO
Entity 0207,PROD00622,PRODUCT,exact,0.918,0.767,SYNTHETIC_DEMO
Entity 0208,LOC00625,LOCATION,exact,0.807,0.909,SYNTHETIC_DEMO
Entity 0209,LOC00628,LOCATION,fuzzy,0.844,0.92,SYNTHETIC_DEMO
Entity 0210,LOC00631,LOCATION,fuzzy,0.852,0.848,SYNTHETIC_DEMO
Entity 0211,PROD00634,PRODUCT,fuzzy,0.827,0.961,SYNTHETIC_DEMO
Entity 0212,SUP00637,SUPPLIER,normalized,0.862,0.826,SYNTHETIC_DEMO
Entity 0213,PROD00640,PRODUCT,normalized,0.913,0.921,SYNTHETIC_DEMO
Entity 0214,PROD00643,PRODUCT,normalized,0.832,0.925,SYNTHETIC_DEMO
Entity 0215,SUP00646,SUPPLIER,normalized,0.814,0.828,SYNTHETIC_DEMO
Entity 0216,LOC00649,LOCATION,normalized,0.919,0.885,SYNTHETIC_DEMO
Entity 0217,PROD00652,PRODUCT,fuzzy,0.91,0.78,SYNTHETIC_DEMO
Entity 0218,LOC00655,LOCATION,normalized,0.883,0.822,SYNTHETIC_DEMO
Entity 0219,SUP00658,SUPPLIER,fuzzy,0.812,0.902,SYNTHETIC_DEMO
Entity 0220,SUP00661,SUPPLIER,fuzzy,0.961,0.798,SYNTHETIC_DEMO
Entity 0221,PROD00664,PRODUCT,exact,0.926,0.978,SYNTHETIC_DEMO
Entity 0222,PROD00667,PRODUCT,normalized,0.894,0.793,SYNTHETIC_DEMO
Entity 0223,LOC00670,LOCATION,fuzzy,0.931,0.944,SYNTHETIC_DEMO
Entity 0224,LOC00673,LOCATION,exact,0.807,0.841,SYNTHETIC_DEMO
Entity 0225,PROD00676,PRODUCT,exact,0.878,0.914,SYNTHETIC_DEMO
Entity 0226,LOC00679,LOCATION,normalized,0.901,0.873,SYNTHETIC_DEMO
Entity 0227,LOC00682,LOCATION,exact,0.891,0.952,SYNTHETIC_DEMO
Entity 0228,LOC00685,LOCATION,exact,0.935,0.958,SYNTHETIC_DEMO
Entity 0229,LOC00688,LOCATION,exact,0.909,0.834,SYNTHETIC_DEMO
Entity 0230,PROD00691,PRODUCT,normalized,0.881,0.847,SYNTHETIC_DEMO
Entity 0231,PROD00694,PRODUCT,fuzzy,0.858,0.811,SYNTHETIC_DEMO
Entity 0232,SUP00697,SUPPLIER,normalized,0.821,0.926,SYNTHETIC_DEMO
Entity 0233,SUP00700,SUPPLIER,exact,0.9,0.889,SYNTHETIC_DEMO
Entity 0234,PROD00703,PRODUCT,exact,0.915,0.919,SYNTHETIC_DEMO
Entity 0235,LOC00706,LOCATION,fuzzy,0.907,0.954,SYNTHETIC_DEMO
Entity 0236,PROD00709,PRODUCT,fuzzy,0.912,0.807,SYNTHETIC_DEMO
Entity 0237,LOC00712,LOCATION,exact,0.893,0.867,SYNTHETIC_DEMO
Entity 0238,LOC00715,LOCATION,normalized,0.968,0.849,SYNTHETIC_DEMO
Entity 0239,PROD00718,PRODUCT,normalized,0.836,0.884,SYNTHETIC_DEMO
Entity 0240,LOC00721,LOCATION,normalized,0.904,0.886,SYNTHETIC_DEMO
Entity 0241,PROD00724,PRODUCT,normalized,0.816,0.955,SYNTHETIC_DEMO
Entity 0242,SUP00727,SUPPLIER,exact,0.891,0.84,SYNTHETIC_DEMO
Entity 0243,PROD00730,PRODUCT,normalized,0.809,0.937,SYNTHETIC_DEMO
Entity 0244,SUP00733,SUPPLIER,exact,0.842,0.809,SYNTHETIC_DEMO
Entity 0245,PROD00736,PRODUCT,normalized,0.839,0.926,SYNTHETIC_DEMO
Entity 0246,PROD00739,PRODUCT,normalized,0.835,0.973,SYNTHETIC_DEMO
Entity 0247,SUP00742,SUPPLIER,exact,0.963,0.979,SYNTHETIC_DEMO
Entity 0248,LOC00745,LOCATION,exact,0.892,0.884,SYNTHETIC_DEMO
Entity 0249,LOC00748,LOCATION,normalized,0.915,0.953,SYNTHETIC_DEMO
Entity 0250,SUP00751,SUPPLIER,normalized,0.826,0.883,SYNTHETIC_DEMO
Entity 0251,SUP00754,SUPPLIER,fuzzy,0.907,0.968,SYNTHETIC_DEMO
Entity 0252,LOC00757,LOCATION,exact,0.91,0.91,SYNTHETIC_DEMO
Entity 0253,SUP00760,SUPPLIER,fuzzy,0.806,0.931,SYNTHETIC_DEMO
Entity 0254,LOC00763,LOCATION,fuzzy,0.807,0.793,SYNTHETIC_DEMO
Entity 0255,SUP00766,SUPPLIER,exact,0.884,0.948,SYNTHETIC_DEMO
Entity 0256,PROD00769,PRODUCT,exact,0.893,0.782,SYNTHETIC_DEMO
Entity 0257,PROD00772,PRODUCT,normalized,0.91,0.804,SYNTHETIC_DEMO
Entity 0258,LOC00775,LOCATION,normalized,0.964,0.826,SYNTHETIC_DEMO
Entity 0259,LOC00778,LOCATION,fuzzy,0.898,0.963,SYNTHETIC_DEMO
Entity 0260,LOC00781,LOCATION,fuzzy,0.964,0.829,SYNTHETIC_DEMO
Entity 0261,LOC00784,LOCATION,normalized,0.919,0.919,SYNTHETIC_DEMO
Entity 0262,SUP00787,SUPPLIER,exact,0.913,0.801,SYNTHETIC_DEMO
Entity 0263,SUP00790,SUPPLIER,fuzzy,0.833,0.838,SYNTHETIC_DEMO
Entity 0264,LOC00793,LOCATION,normalized,0.944,0.858,SYNTHETIC_DEMO
Entity 0265,SUP00796,SUPPLIER,normalized,0.869,0.838,SYNTHETIC_DEMO
Entity 0266,PROD00799,PRODUCT,normalized,0.971,0.859,SYNTHETIC_DEMO
Entity 0267,LOC00802,LOCATION,exact,0.93,0.908,SYNTHETIC_DEMO
Entity 0268,LOC00805,LOCATION,fuzzy,0.801,0.752,SYNTHETIC_DEMO
Entity 0269,LOC00808,LOCATION,fuzzy,0.885,0.817,SYNTHETIC_DEMO
Entity 0270,PROD00811,PRODUCT,normalized,0.878,0.886,SYNTHETIC_DEMO
Entity 0271,PROD00814,PRODUCT,exact,0.845,0.759,SYNTHETIC_DEMO
Entity 0272,SUP00817,SUPPLIER,exact,0.912,0.878,SYNTHETIC_DEMO
Entity 0273,LOC00820,LOCATION,exact,0.935,0.887,SYNTHETIC_DEMO
Entity 0274,LOC00823,LOCATION,fuzzy,0.847,0.819,SYNTHETIC_DEMO
Entity 0275,SUP00826,SUPPLIER,exact,0.853,0.965,SYNTHETIC_DEMO
Entity 0276,LOC00829,LOCATION,normalized,0.842,0.911,SYNTHETIC_DEMO
Entity 0277,PROD00832,PRODUCT,normalized,0.982,0.774,SYNTHETIC_DEMO
Entity 0278,SUP00835,SUPPLIER,normalized,0.944,0.939,SYNTHETIC_DEMO
Entity 0279,LOC00838,LOCATION,fuzzy,0.877,0.893,SYNTHETIC_DEMO
Entity 0280,PROD00841,PRODUCT,exact,0.892,0.849,SYNTHETIC_DEMO
Entity 0281,PROD00844,PRODUCT,exact,0.927,0.953,SYNTHETIC_DEMO
Entity 0282,PROD00847,PRODUCT,fuzzy,0.967,0.976,SYNTHETIC_DEMO
Entity 0283,PROD00850,PRODUCT,fuzzy,0.853,0.963,SYNTHETIC_DEMO
Entity 0284,LOC00853,LOCATION,fuzzy,0.922,0.925,SYNTHETIC_DEMO
Entity 0285,LOC00856,LOCATION,normalized,0.98,0.889,SYNTHETIC_DEMO
Entity 0286,PROD00859,PRODUCT,normalized,0.863,0.809,SYNTHETIC_DEMO
Entity 0287,SUP00862,SUPPLIER,fuzzy,0.979,0.752,SYNTHETIC_DEMO
Entity 0288,SUP00865,SUPPLIER,fuzzy,0.902,0.79,SYNTHETIC_DEMO
Entity 0289,PROD00868,PRODUCT,fuzzy,0.94,0.967,SYNTHETIC_DEMO
Entity 0290,PROD00871,PRODUCT,fuzzy,0.917,0.87,SYNTHETIC_DEMO
Entity 0291,PROD00874,PRODUCT,fuzzy,0.861,0.926,SYNTHETIC_DEMO
Entity 0292,LOC00877,LOCATION,exact,0.922,0.937,SYNTHETIC_DEMO
Entity 0293,LOC00880,LOCATION,fuzzy,0.805,0.892,SYNTHETIC_DEMO
Entity 0294,LOC00883,LOCATION,normalized,0.977,0.778,SYNTHETIC_DEMO
Entity 0295,PROD00886,PRODUCT,fuzzy,0.906,0.763,SYNTHETIC_DEMO
Entity 0296,SUP00889,SUPPLIER,normalized,0.81,0.86,SYNTHETIC_DEMO
Entity 0297,LOC00892,LOCATION,exact,0.859,0.777,SYNTHETIC_DEMO
Entity 0298,LOC00895,LOCATION,exact,0.913,0.763,SYNTHETIC_DEMO
Entity 0299,PROD00898,PRODUCT,exact,0.936,0.798,SYNTHETIC_DEMO
Entity 0300,LOC00901,LOCATION,exact,0.83,0.751,SYNTHETIC_DEMO
Entity 0301,SUP00904,SUPPLIER,fuzzy,0.847,0.755,SYNTHETIC_DEMO
Entity 0302,SUP00907,SUPPLIER,exact,0.884,0.8,SYNTHETIC_DEMO
Entity 0303,PROD00910,PRODUCT,exact,0.898,0.758,SYNTHETIC_DEMO
Entity 0304,LOC00913,LOCATION,normalized,0.831,0.774,SYNTHETIC_DEMO
Entity 0305,SUP00916,SUPPLIER,fuzzy,0.804,0.781,SYNTHETIC_DEMO
Entity 0306,LOC00919,LOCATION,fuzzy,0.956,0.768,SYNTHETIC_DEMO
Entity 0307,LOC00922,LOCATION,normalized,0.905,0.791,SYNTHETIC_DEMO
Entity 0308,LOC00925,LOCATION,exact,0.964,0.93,SYNTHETIC_DEMO
Entity 0309,SUP00928,SUPPLIER,exact,0.917,0.976,SYNTHETIC_DEMO
Entity 0310,LOC00931,LOCATION,normalized,0.884,0.841,SYNTHETIC_DEMO
Entity 0311,PROD00934,PRODUCT,normalized,0.896,0.873,SYNTHETIC_DEMO
Entity 0312,SUP00937,SUPPLIER,normalized,0.926,0.957,SYNTHETIC_DEMO
Entity 0313,LOC00940,LOCATION,exact,0.937,0.79,SYNTHETIC_DEMO
Entity 0314,SUP00943,SUPPLIER,exact,0.858,0.969,SYNTHETIC_DEMO
Entity 0315,LOC00946,LOCATION,exact,0.946,0.825,SYNTHETIC_DEMO
Entity 0316,SUP00949,SUPPLIER,normalized,0.826,0.879,SYNTHETIC_DEMO
Entity 0317,PROD00952,PRODUCT,exact,0.952,0.765,SYNTHETIC_DEMO
Entity 0318,SUP00955,SUPPLIER,normalized,0.803,0.895,SYNTHETIC_DEMO
Entity 0319,PROD00958,PRODUCT,fuzzy,0.806,0.928,SYNTHETIC_DEMO
Entity 0320,LOC00961,LOCATION,exact,0.954,0.912,SYNTHETIC_DEMO
Entity 0321,SUP00964,SUPPLIER,exact,0.906,0.881,SYNTHETIC_DEMO
Entity 0322,PROD00967,PRODUCT,normalized,0.958,0.9,SYNTHETIC_DEMO
Entity 0323,SUP00970,SUPPLIER,normalized,0.878,0.782,SYNTHETIC_DEMO
Entity 0324,PROD00973,PRODUCT,fuzzy,0.884,0.856,SYNTHETIC_DEMO
Entity 0325,LOC00976,LOCATION,exact,0.843,0.868,SYNTHETIC_DEMO
Entity 0326,SUP00979,SUPPLIER,fuzzy,0.826,0.957,SYNTHETIC_DEMO
Entity 0327,SUP00982,SUPPLIER,fuzzy,0.904,0.798,SYNTHETIC_DEMO
Entity 0328,LOC00985,LOCATION,normalized,0.846,0.814,SYNTHETIC_DEMO
Entity 0329,PROD00988,PRODUCT,exact,0.981,0.932,SYNTHETIC_DEMO
Entity 0330,SUP00991,SUPPLIER,fuzzy,0.82,0.918,SYNTHETIC_DEMO
Entity 0331,SUP00994,SUPPLIER,fuzzy,0.817,0.966,SYNTHETIC_DEMO
Entity 0332,PROD00997,PRODUCT,exact,0.919,0.852,SYNTHETIC_DEMO
Entity 0333,SUP01000,SUPPLIER,exact,0.92,0.948,SYNTHETIC_DEMO
Entity 0334,PROD00003,PRODUCT,exact,0.813,0.855,SYNTHETIC_DEMO
Entity 0335,PROD00006,PRODUCT,normalized,0.943,0.823,SYNTHETIC_DEMO
Entity 0336,PROD00009,PRODUCT,exact,0.825,0.952,SYNTHETIC_DEMO
Entity 0337,LOC00012,LOCATION,exact,0.973,0.772,SYNTHETIC_DEMO
Entity 0338,PROD00015,PRODUCT,exact,0.856,0.887,SYNTHETIC_DEMO
Entity 0339,PROD00018,PRODUCT,fuzzy,0.893,0.767,SYNTHETIC_DEMO
Entity 0340,LOC00021,LOCATION,normalized,0.822,0.775,SYNTHETIC_DEMO
Entity 0341,LOC00024,LOCATION,exact,0.987,0.936,SYNTHETIC_DEMO
Entity 0342,LOC00027,LOCATION,exact,0.83,0.776,SYNTHETIC_DEMO
Entity 0343,PROD00030,PRODUCT,fuzzy,0.948,0.977,SYNTHETIC_DEMO
Entity 0344,LOC00033,LOCATION,fuzzy,0.88,0.766,SYNTHETIC_DEMO
Entity 0345,PROD00036,PRODUCT,exact,0.898,0.909,SYNTHETIC_DEMO
Entity 0346,SUP00039,SUPPLIER,normalized,0.812,0.753,SYNTHETIC_DEMO
Entity 0347,LOC00042,LOCATION,fuzzy,0.978,0.869,SYNTHETIC_DEMO
Entity 0348,SUP00045,SUPPLIER,exact,0.869,0.888,SYNTHETIC_DEMO
Entity 0349,SUP00048,SUPPLIER,normalized,0.91,0.899,SYNTHETIC_DEMO
Entity 0350,LOC00051,LOCATION,fuzzy,0.843,0.758,SYNTHETIC_DEMO
Entity 0351,LOC00054,LOCATION,normalized,0.831,0.946,SYNTHETIC_DEMO
Entity 0352,LOC00057,LOCATION,normalized,0.942,0.944,SYNTHETIC_DEMO
Entity 0353,SUP00060,SUPPLIER,exact,0.908,0.887,SYNTHETIC_DEMO
Entity 0354,LOC00063,LOCATION,exact,0.839,0.821,SYNTHETIC_DEMO
Entity 0355,SUP00066,SUPPLIER,exact,0.833,0.818,SYNTHETIC_DEMO
Entity 0356,SUP00069,SUPPLIER,fuzzy,0.811,0.88,SYNTHETIC_DEMO
Entity 0357,PROD00072,PRODUCT,fuzzy,0.903,0.93,SYNTHETIC_DEMO
Entity 0358,PROD00075,PRODUCT,exact,0.931,0.76,SYNTHETIC_DEMO
Entity 0359,SUP00078,SUPPLIER,fuzzy,0.979,0.917,SYNTHETIC_DEMO
Entity 0360,PROD00081,PRODUCT,exact,0.912,0.78,SYNTHETIC_DEMO
Entity 0361,SUP00084,SUPPLIER,fuzzy,0.96,0.786,SYNTHETIC_DEMO
Entity 0362,LOC00087,LOCATION,exact,0.892,0.816,SYNTHETIC_DEMO
Entity 0363,PROD00090,PRODUCT,normalized,0.896,0.964,SYNTHETIC_DEMO
Entity 0364,PROD00093,PRODUCT,normalized,0.829,0.835,SYNTHETIC_DEMO
Entity 0365,LOC00096,LOCATION,normalized,0.913,0.869,SYNTHETIC_DEMO
Entity 0366,LOC00099,LOCATION,normalized,0.809,0.855,SYNTHETIC_DEMO
Entity 0367,PROD00102,PRODUCT,exact,0.978,0.955,SYNTHETIC_DEMO
Entity 0368,SUP00105,SUPPLIER,fuzzy,0.832,0.754,SYNTHETIC_DEMO
Entity 0369,PROD00108,PRODUCT,exact,0.938,0.937,SYNTHETIC_DEMO
Entity 0370,LOC00111,LOCATION,normalized,0.832,0.894,SYNTHETIC_DEMO
Entity 0371,LOC00114,LOCATION,exact,0.87,0.852,SYNTHETIC_DEMO
Entity 0372,SUP00117,SUPPLIER,exact,0.845,0.8,SYNTHETIC_DEMO
Entity 0373,LOC00120,LOCATION,normalized,0.885,0.853,SYNTHETIC_DEMO
Entity 0374,SUP00123,SUPPLIER,exact,0.961,0.916,SYNTHETIC_DEMO
Entity 0375,SUP00126,SUPPLIER,normalized,0.836,0.913,SYNTHETIC_DEMO
Entity 0376,SUP00129,SUPPLIER,exact,0.802,0.84,SYNTHETIC_DEMO
Entity 0377,PROD00132,PRODUCT,exact,0.986,0.804,SYNTHETIC_DEMO
Entity 0378,SUP00135,SUPPLIER,fuzzy,0.933,0.816,SYNTHETIC_DEMO
Entity 0379,PROD00138,PRODUCT,exact,0.975,0.846,SYNTHETIC_DEMO
Entity 0380,SUP00141,SUPPLIER,exact,0.85,0.949,SYNTHETIC_DEMO
Entity 0381,SUP00144,SUPPLIER,normalized,0.884,0.759,SYNTHETIC_DEMO
Entity 0382,LOC00147,LOCATION,normalized,0.89,0.947,SYNTHETIC_DEMO
Entity 0383,PROD00150,PRODUCT,fuzzy,0.988,0.933,SYNTHETIC_DEMO
Entity 0384,SUP00153,SUPPLIER,normalized,0.882,0.789,SYNTHETIC_DEMO
Entity 0385,LOC00156,LOCATION,fuzzy,0.835,0.789,SYNTHETIC_DEMO
Entity 0386,SUP00159,SUPPLIER,fuzzy,0.968,0.781,SYNTHETIC_DEMO
Entity 0387,PROD00162,PRODUCT,normalized,0.871,0.846,SYNTHETIC_DEMO
Entity 0388,PROD00165,PRODUCT,normalized,0.851,0.952,SYNTHETIC_DEMO
Entity 0389,SUP00168,SUPPLIER,fuzzy,0.927,0.868,SYNTHETIC_DEMO
Entity 0390,LOC00171,LOCATION,exact,0.862,0.967,SYNTHETIC_DEMO
Entity 0391,SUP00174,SUPPLIER,normalized,0.816,0.969,SYNTHETIC_DEMO
Entity 0392,LOC00177,LOCATION,normalized,0.805,0.868,SYNTHETIC_DEMO
Entity 0393,PROD00180,PRODUCT,normalized,0.857,0.944,SYNTHETIC_DEMO
Entity 0394,SUP00183,SUPPLIER,normalized,0.814,0.965,SYNTHETIC_DEMO
Entity 0395,LOC00186,LOCATION,normalized,0.883,0.835,SYNTHETIC_DEMO
Entity 0396,LOC00189,LOCATION,fuzzy,0.934,0.864,SYNTHETIC_DEMO
Entity 0397,PROD00192,PRODUCT,fuzzy,0.948,0.935,SYNTHETIC_DEMO
Entity 0398,SUP00195,SUPPLIER,fuzzy,0.974,0.855,SYNTHETIC_DEMO
Entity 0399,LOC00198,LOCATION,exact,0.82,0.827,SYNTHETIC_DEMO
Entity 0400,SUP00201,SUPPLIER,fuzzy,0.831,0.968,SYNTHETIC_DEMO
Entity 0401,LOC00204,LOCATION,normalized,0.891,0.838,SYNTHETIC_DEMO
Entity 0402,SUP00207,SUPPLIER,fuzzy,0.815,0.758,SYNTHETIC_DEMO
Entity 0403,LOC00210,LOCATION,exact,0.866,0.763,SYNTHETIC_DEMO
Entity 0404,LOC00213,LOCATION,fuzzy,0.929,0.757,SYNTHETIC_DEMO
Entity 0405,PROD00216,PRODUCT,normalized,0.851,0.895,SYNTHETIC_DEMO
Entity 0406,SUP00219,SUPPLIER,fuzzy,0.87,0.891,SYNTHETIC_DEMO
Entity 0407,LOC00222,LOCATION,normalized,0.858,0.836,SYNTHETIC_DEMO
Entity 0408,PROD00225,PRODUCT,normalized,0.925,0.803,SYNTHETIC_DEMO
Entity 0409,LOC00228,LOCATION,normalized,0.866,0.75,SYNTHETIC_DEMO
Entity 0410,SUP00231,SUPPLIER,normalized,0.852,0.766,SYNTHETIC_DEMO
Entity 0411,SUP00234,SUPPLIER,normalized,0.837,0.875,SYNTHETIC_DEMO
Entity 0412,LOC00237,LOCATION,normalized,0.852,0.883,SYNTHETIC_DEMO
Entity 0413,LOC00240,LOCATION,normalized,0.896,0.876,SYNTHETIC_DEMO
Entity 0414,SUP00243,SUPPLIER,exact,0.903,0.816,SYNTHETIC_DEMO
Entity 0415,PROD00246,PRODUCT,fuzzy,0.86,0.766,SYNTHETIC_DEMO
Entity 0416,SUP00249,SUPPLIER,exact,0.936,0.955,SYNTHETIC_DEMO
Entity 0417,LOC00252,LOCATION,fuzzy,0.908,0.89,SYNTHETIC_DEMO
Entity 0418,SUP00255,SUPPLIER,exact,0.863,0.797,SYNTHETIC_DEMO
Entity 0419,PROD00258,PRODUCT,fuzzy,0.939,0.964,SYNTHETIC_DEMO
Entity 0420,PROD00261,PRODUCT,exact,0.854,0.777,SYNTHETIC_DEMO
Entity 0421,LOC00264,LOCATION,fuzzy,0.964,0.946,SYNTHETIC_DEMO
Entity 0422,LOC00267,LOCATION,fuzzy,0.823,0.909,SYNTHETIC_DEMO
Entity 0423,SUP00270,SUPPLIER,fuzzy,0.945,0.9,SYNTHETIC_DEMO
Entity 0424,PROD00273,PRODUCT,normalized,0.942,0.846,SYNTHETIC_DEMO
Entity 0425,SUP00276,SUPPLIER,normalized,0.921,0.818,SYNTHETIC_DEMO
Entity 0426,PROD00279,PRODUCT,fuzzy,0.972,0.781,SYNTHETIC_DEMO
Entity 0427,PROD00282,PRODUCT,exact,0.984,0.811,SYNTHETIC_DEMO
Entity 0428,LOC00285,LOCATION,normalized,0.857,0.914,SYNTHETIC_DEMO
Entity 0429,SUP00288,SUPPLIER,fuzzy,0.989,0.81,SYNTHETIC_DEMO
Entity 0430,PROD00291,PRODUCT,fuzzy,0.817,0.908,SYNTHETIC_DEMO
Entity 0431,SUP00294,SUPPLIER,fuzzy,0.834,0.912,SYNTHETIC_DEMO
Entity 0432,SUP00297,SUPPLIER,fuzzy,0.832,0.881,SYNTHETIC_DEMO
Entity 0433,LOC00300,LOCATION,fuzzy,0.862,0.756,SYNTHETIC_DEMO
Entity 0434,SUP00303,SUPPLIER,normalized,0.947,0.864,SYNTHETIC_DEMO
Entity 0435,PROD00306,PRODUCT,normalized,0.849,0.814,SYNTHETIC_DEMO
Entity 0436,LOC00309,LOCATION,exact,0.852,0.924,SYNTHETIC_DEMO
Entity 0437,PROD00312,PRODUCT,fuzzy,0.834,0.84,SYNTHETIC_DEMO
Entity 0438,PROD00315,PRODUCT,exact,0.829,0.967,SYNTHETIC_DEMO
Entity 0439,LOC00318,LOCATION,fuzzy,0.869,0.785,SYNTHETIC_DEMO
Entity 0440,PROD00321,PRODUCT,fuzzy,0.814,0.839,SYNTHETIC_DEMO
Entity 0441,LOC00324,LOCATION,exact,0.925,0.769,SYNTHETIC_DEMO
Entity 0442,LOC00327,LOCATION,fuzzy,0.967,0.843,SYNTHETIC_DEMO
Entity 0443,SUP00330,SUPPLIER,normalized,0.82,0.953,SYNTHETIC_DEMO
Entity 0444,PROD00333,PRODUCT,fuzzy,0.907,0.783,SYNTHETIC_DEMO
Entity 0445,SUP00336,SUPPLIER,exact,0.969,0.803,SYNTHETIC_DEMO
Entity 0446,PROD00339,PRODUCT,normalized,0.863,0.75,SYNTHETIC_DEMO
Entity 0447,PROD00342,PRODUCT,fuzzy,0.82,0.957,SYNTHETIC_DEMO
Entity 0448,PROD00345,PRODUCT,normalized,0.88,0.781,SYNTHETIC_DEMO
Entity 0449,LOC00348,LOCATION,fuzzy,0.867,0.951,SYNTHETIC_DEMO
Entity 0450,SUP00351,SUPPLIER,normalized,0.98,0.829,SYNTHETIC_DEMO
Entity 0451,PROD00354,PRODUCT,exact,0.831,0.866,SYNTHETIC_DEMO
Entity 0452,LOC00357,LOCATION,exact,0.925,0.871,SYNTHETIC_DEMO
Entity 0453,PROD00360,PRODUCT,normalized,0.895,0.941,SYNTHETIC_DEMO
Entity 0454,LOC00363,LOCATION,fuzzy,0.828,0.977,SYNTHETIC_DEMO
Entity 0455,PROD00366,PRODUCT,normalized,0.868,0.835,SYNTHETIC_DEMO
Entity 0456,SUP00369,SUPPLIER,fuzzy,0.842,0.907,SYNTHETIC_DEMO
Entity 0457,LOC00372,LOCATION,exact,0.877,0.904,SYNTHETIC_DEMO
Entity 0458,PROD00375,PRODUCT,exact,0.93,0.954,SYNTHETIC_DEMO
Entity 0459,LOC00378,LOCATION,normalized,0.973,0.921,SYNTHETIC_DEMO
Entity 0460,SUP00381,SUPPLIER,normalized,0.855,0.923,SYNTHETIC_DEMO
Entity 0461,PROD00384,PRODUCT,normalized,0.938,0.91,SYNTHETIC_DEMO
Entity 0462,LOC00387,LOCATION,exact,0.979,0.887,SYNTHETIC_DEMO
Entity 0463,PROD00390,PRODUCT,normalized,0.926,0.826,SYNTHETIC_DEMO
Entity 0464,LOC00393,LOCATION,fuzzy,0.983,0.771,SYNTHETIC_DEMO
Entity 0465,SUP00396,SUPPLIER,exact,0.976,0.848,SYNTHETIC_DEMO
Entity 0466,PROD00399,PRODUCT,exact,0.979,0.825,SYNTHETIC_DEMO
Entity 0467,SUP00402,SUPPLIER,fuzzy,0.86,0.794,SYNTHETIC_DEMO
Entity 0468,SUP00405,SUPPLIER,exact,0.909,0.76,SYNTHETIC_DEMO
Entity 0469,LOC00408,LOCATION,fuzzy,0.85,0.854,SYNTHETIC_DEMO
Entity 0470,PROD00411,PRODUCT,normalized,0.921,0.872,SYNTHETIC_DEMO
Entity 0471,PROD00414,PRODUCT,exact,0.894,0.895,SYNTHETIC_DEMO
Entity 0472,LOC00417,LOCATION,normalized,0.845,0.855,SYNTHETIC_DEMO
Entity 0473,LOC00420,LOCATION,exact,0.916,0.909,SYNTHETIC_DEMO
Entity 0474,PROD00423,PRODUCT,exact,0.944,0.954,SYNTHETIC_DEMO
Entity 0475,PROD00426,PRODUCT,fuzzy,0.96,0.954,SYNTHETIC_DEMO
Entity 0476,SUP00429,SUPPLIER,normalized,0.856,0.77,SYNTHETIC_DEMO
Entity 0477,PROD00432,PRODUCT,exact,0.957,0.799,SYNTHETIC_DEMO
Entity 0478,PROD00435,PRODUCT,exact,0.88,0.82,SYNTHETIC_DEMO
Entity 0479,PROD00438,PRODUCT,normalized,0.879,0.937,SYNTHETIC_DEMO
Entity 0480,PROD00441,PRODUCT,fuzzy,0.951,0.902,SYNTHETIC_DEMO
Entity 0481,PROD00444,PRODUCT,normalized,0.911,0.869,SYNTHETIC_DEMO
Entity 0482,LOC00447,LOCATION,exact,0.839,0.869,SYNTHETIC_DEMO
Entity 0483,SUP00450,SUPPLIER,fuzzy,0.862,0.969,SYNTHETIC_DEMO
Entity 0484,PROD00453,PRODUCT,normalized,0.954,0.956,SYNTHETIC_DEMO
Entity 0485,SUP00456,SUPPLIER,fuzzy,0.94,0.891,SYNTHETIC_DEMO
Entity 0486,SUP00459,SUPPLIER,normalized,0.885,0.912,SYNTHETIC_DEMO
Entity 0487,LOC00462,LOCATION,fuzzy,0.951,0.914,SYNTHETIC_DEMO
Entity 0488,SUP00465,SUPPLIER,fuzzy,0.802,0.938,SYNTHETIC_DEMO
Entity 0489,PROD00468,PRODUCT,fuzzy,0.886,0.926,SYNTHETIC_DEMO
Entity 0490,LOC00471,LOCATION,exact,0.801,0.865,SYNTHETIC_DEMO
Entity 0491,PROD00474,PRODUCT,fuzzy,0.91,0.861,SYNTHETIC_DEMO
Entity 0492,PROD00477,PRODUCT,exact,0.851,0.752,SYNTHETIC_DEMO
Entity 0493,PROD00480,PRODUCT,exact,0.808,0.887,SYNTHETIC_DEMO
Entity 0494,PROD00483,PRODUCT,fuzzy,0.928,0.763,SYNTHETIC_DEMO
Entity 0495,SUP00486,SUPPLIER,exact,0.892,0.893,SYNTHETIC_DEMO
Entity 0496,LOC00489,LOCATION,fuzzy,0.859,0.751,SYNTHETIC_DEMO
Entity 0497,PROD00492,PRODUCT,fuzzy,0.8,0.853,SYNTHETIC_DEMO
Entity 0498,SUP00495,SUPPLIER,exact,0.801,0.826,SYNTHETIC_DEMO
Entity 0499,LOC00498,LOCATION,exact,0.83,0.776,SYNTHETIC_DEMO
Entity 0500,SUP00501,SUPPLIER,exact,0.977,0.787,SYNTHETIC_DEMO
Entity 0501,PROD00504,PRODUCT,exact,0.941,0.946,SYNTHETIC_DEMO
Entity 0502,SUP00507,SUPPLIER,exact,0.896,0.937,SYNTHETIC_DEMO
Entity 0503,PROD00510,PRODUCT,normalized,0.931,0.763,SYNTHETIC_DEMO
Entity 0504,LOC00513,LOCATION,normalized,0.919,0.815,SYNTHETIC_DEMO
Entity 0505,SUP00516,SUPPLIER,normalized,0.823,0.752,SYNTHETIC_DEMO
Entity 0506,PROD00519,PRODUCT,normalized,0.909,0.752,SYNTHETIC_DEMO
Entity 0507,SUP00522,SUPPLIER,fuzzy,0.82,0.902,SYNTHETIC_DEMO
Entity 0508,PROD00525,PRODUCT,fuzzy,0.811,0.894,SYNTHETIC_DEMO
Entity 0509,SUP00528,SUPPLIER,normalized,0.928,0.955,SYNTHETIC_DEMO
Entity 0510,LOC00531,LOCATION,normalized,0.87,0.882,SYNTHETIC_DEMO
Entity 0511,SUP00534,SUPPLIER,normalized,0.893,0.968,SYNTHETIC_DEMO
Entity 0512,PROD00537,PRODUCT,normalized,0.85,0.957,SYNTHETIC_DEMO
Entity 0513,PROD00540,PRODUCT,normalized,0.949,0.873,SYNTHETIC_DEMO
Entity 0514,PROD00543,PRODUCT,fuzzy,0.872,0.881,SYNTHETIC_DEMO
Entity 0515,SUP00546,SUPPLIER,fuzzy,0.91,0.945,SYNTHETIC_DEMO
Entity 0516,PROD00549,PRODUCT,normalized,0.903,0.824,SYNTHETIC_DEMO
Entity 0517,PROD00552,PRODUCT,fuzzy,0.85,0.789,SYNTHETIC_DEMO
Entity 0518,PROD00555,PRODUCT,exact,0.915,0.757,SYNTHETIC_DEMO
Entity 0519,SUP00558,SUPPLIER,exact,0.877,0.842,SYNTHETIC_DEMO
Entity 0520,LOC00561,LOCATION,fuzzy,0.834,0.782,SYNTHETIC_DEMO
Entity 0521,SUP00564,SUPPLIER,exact,0.956,0.802,SYNTHETIC_DEMO
Entity 0522,PROD00567,PRODUCT,normalized,0.899,0.947,SYNTHETIC_DEMO
Entity 0523,SUP00570,SUPPLIER,fuzzy,0.847,0.913,SYNTHETIC_DEMO
Entity 0524,SUP00573,SUPPLIER,normalized,0.916,0.943,SYNTHETIC_DEMO
Entity 0525,PROD00576,PRODUCT,normalized,0.907,0.901,SYNTHETIC_DEMO
Entity 0526,PROD00579,PRODUCT,fuzzy,0.821,0.965,SYNTHETIC_DEMO
Entity 0527,PROD00582,PRODUCT,exact,0.803,0.934,SYNTHETIC_DEMO
Entity 0528,LOC00585,LOCATION,normalized,0.837,0.84,SYNTHETIC_DEMO
Entity 0529,SUP00588,SUPPLIER,exact,0.923,0.803,SYNTHETIC_DEMO
Entity 0530,LOC00591,LOCATION,exact,0.905,0.966,SYNTHETIC_DEMO
Entity 0531,LOC00594,LOCATION,fuzzy,0.946,0.947,SYNTHETIC_DEMO
Entity 0532,LOC00597,LOCATION,exact,0.836,0.853,SYNTHETIC_DEMO
Entity 0533,SUP00600,SUPPLIER,fuzzy,0.908,0.976,SYNTHETIC_DEMO
Entity 0534,LOC00603,LOCATION,normalized,0.885,0.874,SYNTHETIC_DEMO
Entity 0535,PROD00606,PRODUCT,exact,0.877,0.907,SYNTHETIC_DEMO
Entity 0536,LOC00609,LOCATION,exact,0.832,0.814,SYNTHETIC_DEMO
Entity 0537,PROD00612,PRODUCT,exact,0.959,0.781,SYNTHETIC_DEMO
Entity 0538,PROD00615,PRODUCT,fuzzy,0.816,0.781,SYNTHETIC_DEMO
Entity 0539,LOC00618,LOCATION,fuzzy,0.914,0.906,SYNTHETIC_DEMO
Entity 0540,LOC00621,LOCATION,fuzzy,0.988,0.957,SYNTHETIC_DEMO
Entity 0541,LOC00624,LOCATION,fuzzy,0.826,0.891,SYNTHETIC_DEMO
Entity 0542,PROD00627,PRODUCT,normalized,0.981,0.894,SYNTHETIC_DEMO
Entity 0543,SUP00630,SUPPLIER,normalized,0.812,0.914,SYNTHETIC_DEMO
Entity 0544,LOC00633,LOCATION,fuzzy,0.818,0.881,SYNTHETIC_DEMO
Entity 0545,SUP00636,SUPPLIER,normalized,0.923,0.904,SYNTHETIC_DEMO
Entity 0546,SUP00639,SUPPLIER,exact,0.819,0.966,SYNTHETIC_DEMO
Entity 0547,SUP00642,SUPPLIER,normalized,0.942,0.834,SYNTHETIC_DEMO
Entity 0548,SUP00645,SUPPLIER,exact,0.978,0.973,SYNTHETIC_DEMO
Entity 0549,PROD00648,PRODUCT,fuzzy,0.957,0.798,SYNTHETIC_DEMO
Entity 0550,SUP00651,SUPPLIER,fuzzy,0.82,0.971,SYNTHETIC_DEMO
Entity 0551,PROD00654,PRODUCT,normalized,0.85,0.871,SYNTHETIC_DEMO
Entity 0552,LOC00657,LOCATION,normalized,0.958,0.892,SYNTHETIC_DEMO
Entity 0553,PROD00660,PRODUCT,fuzzy,0.839,0.971,SYNTHETIC_DEMO
Entity 0554,PROD00663,PRODUCT,exact,0.833,0.854,SYNTHETIC_DEMO
Entity 0555,PROD00666,PRODUCT,normalized,0.819,0.829,SYNTHETIC_DEMO
Entity 0556,SUP00669,SUPPLIER,normalized,0.988,0.78,SYNTHETIC_DEMO
Entity 0557,PROD00672,PRODUCT,exact,0.926,0.924,SYNTHETIC_DEMO
Entity 0558,PROD00675,PRODUCT,normalized,0.96,0.979,SYNTHETIC_DEMO
Entity 0559,LOC00678,LOCATION,exact,0.961,0.96,SYNTHETIC_DEMO
Entity 0560,PROD00681,PRODUCT,fuzzy,0.964,0.782,SYNTHETIC_DEMO
Entity 0561,LOC00684,LOCATION,exact,0.885,0.905,SYNTHETIC_DEMO
Entity 0562,PROD00687,PRODUCT,exact,0.811,0.768,SYNTHETIC_DEMO
Entity 0563,LOC00690,LOCATION,normalized,0.851,0.937,SYNTHETIC_DEMO
Entity 0564,SUP00693,SUPPLIER,fuzzy,0.979,0.785,SYNTHETIC_DEMO
Entity 0565,PROD00696,PRODUCT,fuzzy,0.873,0.975,SYNTHETIC_DEMO
Entity 0566,SUP00699,SUPPLIER,fuzzy,0.918,0.802,SYNTHETIC_DEMO
Entity 0567,PROD00702,PRODUCT,fuzzy,0.858,0.856,SYNTHETIC_DEMO
Entity 0568,PROD00705,PRODUCT,exact,0.958,0.756,SYNTHETIC_DEMO
Entity 0569,SUP00708,SUPPLIER,exact,0.823,0.812,SYNTHETIC_DEMO
Entity 0570,SUP00711,SUPPLIER,fuzzy,0.901,0.803,SYNTHETIC_DEMO
Entity 0571,LOC00714,LOCATION,fuzzy,0.924,0.921,SYNTHETIC_DEMO
Entity 0572,LOC00717,LOCATION,fuzzy,0.806,0.832,SYNTHETIC_DEMO
Entity 0573,PROD00720,PRODUCT,fuzzy,0.841,0.969,SYNTHETIC_DEMO
Entity 0574,LOC00723,LOCATION,fuzzy,0.899,0.777,SYNTHETIC_DEMO
Entity 0575,PROD00726,PRODUCT,exact,0.81,0.931,SYNTHETIC_DEMO
Entity 0576,SUP00729,SUPPLIER,normalized,0.978,0.901,SYNTHETIC_DEMO
Entity 0577,PROD00732,PRODUCT,exact,0.904,0.77,SYNTHETIC_DEMO
Entity 0578,PROD00735,PRODUCT,fuzzy,0.82,0.886,SYNTHETIC_DEMO
Entity 0579,LOC00738,LOCATION,fuzzy,0.839,0.924,SYNTHETIC_DEMO
Entity 0580,PROD00741,PRODUCT,exact,0.887,0.844,SYNTHETIC_DEMO
Entity 0581,LOC00744,LOCATION,exact,0.861,0.973,SYNTHETIC_DEMO
Entity 0582,SUP00747,SUPPLIER,exact,0.89,0.778,SYNTHETIC_DEMO
Entity 0583,PROD00750,PRODUCT,exact,0.865,0.815,SYNTHETIC_DEMO
Entity 0584,PROD00753,PRODUCT,exact,0.898,0.873,SYNTHETIC_DEMO
Entity 0585,PROD00756,PRODUCT,exact,0.909,0.953,SYNTHETIC_DEMO
Entity 0586,SUP00759,SUPPLIER,exact,0.967,0.978,SYNTHETIC_DEMO
Entity 0587,PROD00762,PRODUCT,normalized,0.822,0.918,SYNTHETIC_DEMO
Entity 0588,PROD00765,PRODUCT,fuzzy,0.938,0.796,SYNTHETIC_DEMO
Entity 0589,LOC00768,LOCATION,fuzzy,0.945,0.791,SYNTHETIC_DEMO
Entity 0590,PROD00771,PRODUCT,exact,0.807,0.851,SYNTHETIC_DEMO
Entity 0591,PROD00774,PRODUCT,normalized,0.947,0.795,SYNTHETIC_DEMO
Entity 0592,PROD00777,PRODUCT,exact,0.869,0.828,SYNTHETIC_DEMO
Entity 0593,LOC00780,LOCATION,normalized,0.804,0.884,SYNTHETIC_DEMO
Entity 0594,PROD00783,PRODUCT,normalized,0.954,0.935,SYNTHETIC_DEMO
Entity 0595,PROD00786,PRODUCT,normalized,0.879,0.846,SYNTHETIC_DEMO
Entity 0596,LOC00789,LOCATION,exact,0.822,0.789,SYNTHETIC_DEMO
Entity 0597,PROD00792,PRODUCT,normalized,0.905,0.9,SYNTHETIC_DEMO
Entity 0598,LOC00795,LOCATION,exact,0.842,0.959,SYNTHETIC_DEMO
Entity 0599,PROD00798,PRODUCT,normalized,0.958,0.798,SYNTHETIC_DEMO
Entity 0600,LOC00801,LOCATION,exact,0.909,0.77,SYNTHETIC_DEMO
Entity 0601,PROD00804,PRODUCT,exact,0.927,0.956,SYNTHETIC_DEMO
Entity 0602,PROD00807,PRODUCT,exact,0.893,0.906,SYNTHETIC_DEMO
Entity 0603,SUP00810,SUPPLIER,fuzzy,0.867,0.928,SYNTHETIC_DEMO
Entity 0604,PROD00813,PRODUCT,normalized,0.904,0.769,SYNTHETIC_DEMO
Entity 0605,LOC00816,LOCATION,normalized,0.814,0.77,SYNTHETIC_DEMO
Entity 0606,SUP00819,SUPPLIER,exact,0.974,0.79,SYNTHETIC_DEMO
Entity 0607,SUP00822,SUPPLIER,normalized,0.879,0.798,SYNTHETIC_DEMO
Entity 0608,SUP00825,SUPPLIER,exact,0.916,0.779,SYNTHETIC_DEMO
Entity 0609,SUP00828,SUPPLIER,fuzzy,0.807,0.893,SYNTHETIC_DEMO
Entity 0610,SUP00831,SUPPLIER,normalized,0.946,0.764,SYNTHETIC_DEMO
Entity 0611,SUP00834,SUPPLIER,fuzzy,0.924,0.833,SYNTHETIC_DEMO
Entity 0612,LOC00837,LOCATION,normalized,0.957,0.959,SYNTHETIC_DEMO
Entity 0613,SUP00840,SUPPLIER,exact,0.833,0.963,SYNTHETIC_DEMO
Entity 0614,LOC00843,LOCATION,fuzzy,0.936,0.819,SYNTHETIC_DEMO
Entity 0615,SUP00846,SUPPLIER,exact,0.881,0.891,SYNTHETIC_DEMO
Entity 0616,SUP00849,SUPPLIER,normalized,0.87,0.94,SYNTHETIC_DEMO
Entity 0617,LOC00852,LOCATION,normalized,0.819,0.803,SYNTHETIC_DEMO
Entity 0618,LOC00855,LOCATION,fuzzy,0.82,0.926,SYNTHETIC_DEMO
Entity 0619,PROD00858,PRODUCT,normalized,0.804,0.837,SYNTHETIC_DEMO
Entity 0620,SUP00861,SUPPLIER,fuzzy,0.879,0.85,SYNTHETIC_DEMO
Entity 0621,SUP00864,SUPPLIER,exact,0.935,0.893,SYNTHETIC_DEMO
Entity 0622,LOC00867,LOCATION,normalized,0.955,0.872,SYNTHETIC_DEMO
Entity 0623,LOC00870,LOCATION,fuzzy,0.805,0.957,SYNTHETIC_DEMO
Entity 0624,PROD00873,PRODUCT,normalized,0.951,0.847,SYNTHETIC_DEMO
Entity 0625,PROD00876,PRODUCT,fuzzy,0.909,0.779,SYNTHETIC_DEMO
Entity 0626,SUP00879,SUPPLIER,exact,0.979,0.858,SYNTHETIC_DEMO
Entity 0627,LOC00882,LOCATION,exact,0.804,0.91,SYNTHETIC_DEMO
Entity 0628,LOC00885,LOCATION,normalized,0.986,0.837,SYNTHETIC_DEMO
Entity 0629,LOC00888,LOCATION,normalized,0.846,0.758,SYNTHETIC_DEMO
Entity 0630,SUP00891,SUPPLIER,normalized,0.968,0.884,SYNTHETIC_DEMO
Entity 0631,LOC00894,LOCATION,fuzzy,0.975,0.898,SYNTHETIC_DEMO
Entity 0632,LOC00897,LOCATION,exact,0.957,0.828,SYNTHETIC_DEMO
Entity 0633,SUP00900,SUPPLIER,normalized,0.968,0.97,SYNTHETIC_DEMO
Entity 0634,PROD00903,PRODUCT,exact,0.836,0.81,SYNTHETIC_DEMO
Entity 0635,SUP00906,SUPPLIER,normalized,0.848,0.946,SYNTHETIC_DEMO
Entity 0636,LOC00909,LOCATION,fuzzy,0.933,0.8,SYNTHETIC_DEMO
Entity 0637,LOC00912,LOCATION,fuzzy,0.813,0.892,SYNTHETIC_DEMO
Entity 0638,LOC00915,LOCATION,exact,0.987,0.947,SYNTHETIC_DEMO
Entity 0639,SUP00918,SUPPLIER,normalized,0.887,0.858,SYNTHETIC_DEMO
Entity 0640,PROD00921,PRODUCT,normalized,0.989,0.821,SYNTHETIC_DEMO
Entity 0641,LOC00924,LOCATION,exact,0.909,0.923,SYNTHETIC_DEMO
Entity 0642,PROD00927,PRODUCT,exact,0.899,0.87,SYNTHETIC_DEMO
Entity 0643,PROD00930,PRODUCT,fuzzy,0.938,0.785,SYNTHETIC_DEMO
Entity 0644,SUP00933,SUPPLIER,exact,0.818,0.951,SYNTHETIC_DEMO
Entity 0645,PROD00936,PRODUCT,fuzzy,0.85,0.881,SYNTHETIC_DEMO
Entity 0646,LOC00939,LOCATION,fuzzy,0.941,0.967,SYNTHETIC_DEMO
Entity 0647,LOC00942,LOCATION,exact,0.878,0.775,SYNTHETIC_DEMO
Entity 0648,LOC00945,LOCATION,exact,0.875,0.828,SYNTHETIC_DEMO
Entity 0649,PROD00948,PRODUCT,fuzzy,0.965,0.897,SYNTHETIC_DEMO
Entity 0650,SUP00951,SUPPLIER,fuzzy,0.856,0.768,SYNTHETIC_DEMO
Entity 0651,LOC00954,LOCATION,fuzzy,0.848,0.774,SYNTHETIC_DEMO
Entity 0652,PROD00957,PRODUCT,exact,0.908,0.886,SYNTHETIC_DEMO
Entity 0653,SUP00960,SUPPLIER,normalized,0.93,0.873,SYNTHETIC_DEMO
Entity 0654,PROD00963,PRODUCT,fuzzy,0.835,0.928,SYNTHETIC_DEMO
Entity 0655,LOC00966,LOCATION,normalized,0.899,0.793,SYNTHETIC_DEMO
Entity 0656,LOC00969,LOCATION,fuzzy,0.946,0.763,SYNTHETIC_DEMO
Entity 0657,LOC00972,LOCATION,exact,0.872,0.842,SYNTHETIC_DEMO
Entity 0658,LOC00975,LOCATION,exact,0.801,0.754,SYNTHETIC_DEMO
Entity 0659,LOC00978,LOCATION,fuzzy,0.861,0.836,SYNTHETIC_DEMO
Entity 0660,PROD00981,PRODUCT,fuzzy,0.935,0.838,SYNTHETIC_DEMO
Entity 0661,PROD00984,PRODUCT,fuzzy,0.802,0.875,SYNTHETIC_DEMO
Entity 0662,LOC00987,LOCATION,fuzzy,0.851,0.887,SYNTHETIC_DEMO
Entity 0663,PROD00990,PRODUCT,exact,0.948,0.942,SYNTHETIC_DEMO
Entity 0664,LOC00993,LOCATION,normalized,0.944,0.819,SYNTHETIC_DEMO
Entity 0665,SUP00996,SUPPLIER,fuzzy,0.939,0.843,SYNTHETIC_DEMO
Entity 0666,SUP00999,SUPPLIER,exact,0.864,0.791,SYNTHETIC_DEMO
Entity 0667,LOC00002,LOCATION,exact,0.812,0.979,SYNTHETIC_DEMO
Entity 0668,PROD00005,PRODUCT,normalized,0.942,0.852,SYNTHETIC_DEMO
Entity 0669,SUP00008,SUPPLIER,normalized,0.818,0.916,SYNTHETIC_DEMO
Entity 0670,LOC00011,LOCATION,fuzzy,0.928,0.865,SYNTHETIC_DEMO
Entity 0671,SUP00014,SUPPLIER,exact,0.974,0.799,SYNTHETIC_DEMO
Entity 0672,SUP00017,SUPPLIER,fuzzy,0.951,0.903,SYNTHETIC_DEMO
Entity 0673,SUP00020,SUPPLIER,fuzzy,0.834,0.758,SYNTHETIC_DEMO
Entity 0674,PROD00023,PRODUCT,normalized,0.962,0.852,SYNTHETIC_DEMO
Entity 0675,PROD00026,PRODUCT,fuzzy,0.804,0.756,SYNTHETIC_DEMO
Entity 0676,PROD00029,PRODUCT,fuzzy,0.846,0.778,SYNTHETIC_DEMO
Entity 0677,SUP00032,SUPPLIER,normalized,0.893,0.948,SYNTHETIC_DEMO
Entity 0678,PROD00035,PRODUCT,fuzzy,0.841,0.867,SYNTHETIC_DEMO
Entity 0679,PROD00038,PRODUCT,fuzzy,0.827,0.924,SYNTHETIC_DEMO
Entity 0680,SUP00041,SUPPLIER,exact,0.894,0.859,SYNTHETIC_DEMO
Entity 0681,PROD00044,PRODUCT,fuzzy,0.912,0.792,SYNTHETIC_DEMO
Entity 0682,PROD00047,PRODUCT,normalized,0.947,0.908,SYNTHETIC_DEMO
Entity 0683,PROD00050,PRODUCT,exact,0.882,0.778,SYNTHETIC_DEMO
Entity 0684,SUP00053,SUPPLIER,fuzzy,0.805,0.884,SYNTHETIC_DEMO
Entity 0685,PROD00056,PRODUCT,normalized,0.983,0.824,SYNTHETIC_DEMO
Entity 0686,LOC00059,LOCATION,fuzzy,0.93,0.793,SYNTHETIC_DEMO
Entity 0687,LOC00062,LOCATION,normalized,0.817,0.894,SYNTHETIC_DEMO
Entity 0688,LOC00065,LOCATION,normalized,0.935,0.799,SYNTHETIC_DEMO
Entity 0689,PROD00068,PRODUCT,fuzzy,0.821,0.752,SYNTHETIC_DEMO
Entity 0690,PROD00071,PRODUCT,fuzzy,0.816,0.888,SYNTHETIC_DEMO
Entity 0691,LOC00074,LOCATION,fuzzy,0.934,0.895,SYNTHETIC_DEMO
Entity 0692,PROD00077,PRODUCT,normalized,0.827,0.973,SYNTHETIC_DEMO
Entity 0693,SUP00080,SUPPLIER,exact,0.928,0.752,SYNTHETIC_DEMO
Entity 0694,LOC00083,LOCATION,exact,0.963,0.866,SYNTHETIC_DEMO
Entity 0695,PROD00086,PRODUCT,normalized,0.976,0.759,SYNTHETIC_DEMO
Entity 0696,LOC00089,LOCATION,fuzzy,0.8,0.886,SYNTHETIC_DEMO
Entity 0697,LOC00092,LOCATION,fuzzy,0.868,0.961,SYNTHETIC_DEMO
Entity 0698,SUP00095,SUPPLIER,exact,0.925,0.882,SYNTHETIC_DEMO
Entity 0699,PROD00098,PRODUCT,fuzzy,0.824,0.866,SYNTHETIC_DEMO
Entity 0700,LOC00101,LOCATION,normalized,0.854,0.86,SYNTHETIC_DEMO
Entity 0701,SUP00104,SUPPLIER,fuzzy,0.926,0.974,SYNTHETIC_DEMO
Entity 0702,LOC00107,LOCATION,fuzzy,0.847,0.796,SYNTHETIC_DEMO
Entity 0703,SUP00110,SUPPLIER,exact,0.817,0.8,SYNTHETIC_DEMO
Entity 0704,PROD00113,PRODUCT,fuzzy,0.917,0.915,SYNTHETIC_DEMO
Entity 0705,PROD00116,PRODUCT,exact,0.982,0.753,SYNTHETIC_DEMO
Entity 0706,SUP00119,SUPPLIER,fuzzy,0.964,0.946,SYNTHETIC_DEMO
Entity 0707,SUP00122,SUPPLIER,fuzzy,0.9,0.978,SYNTHETIC_DEMO
Entity 0708,SUP00125,SUPPLIER,normalized,0.854,0.873,SYNTHETIC_DEMO
Entity 0709,SUP00128,SUPPLIER,normalized,0.982,0.794,SYNTHETIC_DEMO
Entity 0710,SUP00131,SUPPLIER,normalized,0.951,0.844,SYNTHETIC_DEMO
Entity 0711,SUP00134,SUPPLIER,exact,0.863,0.843,SYNTHETIC_DEMO
Entity 0712,SUP00137,SUPPLIER,fuzzy,0.985,0.828,SYNTHETIC_DEMO
Entity 0713,PROD00140,PRODUCT,exact,0.88,0.785,SYNTHETIC_DEMO
Entity 0714,PROD00143,PRODUCT,normalized,0.928,0.838,SYNTHETIC_DEMO
Entity 0715,SUP00146,SUPPLIER,normalized,0.939,0.795,SYNTHETIC_DEMO
Entity 0716,SUP00149,SUPPLIER,fuzzy,0.926,0.818,SYNTHETIC_DEMO
Entity 0717,LOC00152,LOCATION,exact,0.843,0.832,SYNTHETIC_DEMO
Entity 0718,LOC00155,LOCATION,normalized,0.965,0.796,SYNTHETIC_DEMO
Entity 0719,SUP00158,SUPPLIER,fuzzy,0.912,0.791,SYNTHETIC_DEMO
Entity 0720,LOC00161,LOCATION,fuzzy,0.956,0.835,SYNTHETIC_DEMO
Entity 0721,PROD00164,PRODUCT,exact,0.844,0.907,SYNTHETIC_DEMO
Entity 0722,PROD00167,PRODUCT,normalized,0.902,0.915,SYNTHETIC_DEMO
Entity 0723,LOC00170,LOCATION,exact,0.985,0.795,SYNTHETIC_DEMO
Entity 0724,PROD00173,PRODUCT,exact,0.893,0.867,SYNTHETIC_DEMO
Entity 0725,PROD00176,PRODUCT,normalized,0.833,0.822,SYNTHETIC_DEMO
Entity 0726,PROD00179,PRODUCT,fuzzy,0.811,0.894,SYNTHETIC_DEMO
Entity 0727,PROD00182,PRODUCT,normalized,0.931,0.871,SYNTHETIC_DEMO
Entity 0728,LOC00185,LOCATION,fuzzy,0.964,0.81,SYNTHETIC_DEMO
Entity 0729,SUP00188,SUPPLIER,exact,0.88,0.956,SYNTHETIC_DEMO
Entity 0730,PROD00191,PRODUCT,exact,0.805,0.792,SYNTHETIC_DEMO
Entity 0731,PROD00194,PRODUCT,fuzzy,0.847,0.856,SYNTHETIC_DEMO
Entity 0732,PROD00197,PRODUCT,exact,0.912,0.908,SYNTHETIC_DEMO
Entity 0733,SUP00200,SUPPLIER,fuzzy,0.913,0.814,SYNTHETIC_DEMO
Entity 0734,PROD00203,PRODUCT,fuzzy,0.83,0.826,SYNTHETIC_DEMO
Entity 0735,PROD00206,PRODUCT,fuzzy,0.934,0.789,SYNTHETIC_DEMO
Entity 0736,LOC00209,LOCATION,normalized,0.844,0.903,SYNTHETIC_DEMO
Entity 0737,LOC00212,LOCATION,normalized,0.987,0.918,SYNTHETIC_DEMO
Entity 0738,SUP00215,SUPPLIER,exact,0.838,0.849,SYNTHETIC_DEMO
Entity 0739,PROD00218,PRODUCT,exact,0.803,0.924,SYNTHETIC_DEMO
Entity 0740,SUP00221,SUPPLIER,exact,0.883,0.856,SYNTHETIC_DEMO
Entity 0741,LOC00224,LOCATION,exact,0.962,0.756,SYNTHETIC_DEMO
Entity 0742,LOC00227,LOCATION,exact,0.859,0.948,SYNTHETIC_DEMO
Entity 0743,SUP00230,SUPPLIER,fuzzy,0.85,0.883,SYNTHETIC_DEMO
Entity 0744,LOC00233,LOCATION,fuzzy,0.969,0.814,SYNTHETIC_DEMO
Entity 0745,SUP00236,SUPPLIER,fuzzy,0.975,0.905,SYNTHETIC_DEMO
Entity 0746,LOC00239,LOCATION,fuzzy,0.874,0.884,SYNTHETIC_DEMO
Entity 0747,SUP00242,SUPPLIER,normalized,0.831,0.813,SYNTHETIC_DEMO
Entity 0748,LOC00245,LOCATION,exact,0.968,0.835,SYNTHETIC_DEMO
Entity 0749,PROD00248,PRODUCT,exact,0.903,0.834,SYNTHETIC_DEMO
Entity 0750,LOC00251,LOCATION,normalized,0.843,0.764,SYNTHETIC_DEMO
Entity 0751,PROD00254,PRODUCT,normalized,0.885,0.8,SYNTHETIC_DEMO
Entity 0752,PROD00257,PRODUCT,fuzzy,0.922,0.916,SYNTHETIC_DEMO
Entity 0753,PROD00260,PRODUCT,fuzzy,0.954,0.946,SYNTHETIC_DEMO
Entity 0754,SUP00263,SUPPLIER,exact,0.838,0.852,SYNTHETIC_DEMO
Entity 0755,SUP00266,SUPPLIER,fuzzy,0.815,0.862,SYNTHETIC_DEMO
Entity 0756,LOC00269,LOCATION,exact,0.941,0.784,SYNTHETIC_DEMO
Entity 0757,SUP00272,SUPPLIER,normalized,0.884,0.893,SYNTHETIC_DEMO
Entity 0758,SUP00275,SUPPLIER,fuzzy,0.806,0.759,SYNTHETIC_DEMO
Entity 0759,PROD00278,PRODUCT,exact,0.937,0.751,SYNTHETIC_DEMO
Entity 0760,SUP00281,SUPPLIER,exact,0.894,0.895,SYNTHETIC_DEMO
Entity 0761,LOC00284,LOCATION,fuzzy,0.885,0.883,SYNTHETIC_DEMO
Entity 0762,LOC00287,LOCATION,fuzzy,0.972,0.784,SYNTHETIC_DEMO
Entity 0763,SUP00290,SUPPLIER,fuzzy,0.934,0.804,SYNTHETIC_DEMO
Entity 0764,SUP00293,SUPPLIER,exact,0.96,0.887,SYNTHETIC_DEMO
Entity 0765,PROD00296,PRODUCT,fuzzy,0.875,0.815,SYNTHETIC_DEMO
Entity 0766,LOC00299,LOCATION,fuzzy,0.947,0.812,SYNTHETIC_DEMO
Entity 0767,SUP00302,SUPPLIER,fuzzy,0.824,0.909,SYNTHETIC_DEMO
Entity 0768,SUP00305,SUPPLIER,fuzzy,0.941,0.913,SYNTHETIC_DEMO
Entity 0769,LOC00308,LOCATION,exact,0.891,0.833,SYNTHETIC_DEMO
Entity 0770,SUP00311,SUPPLIER,exact,0.887,0.792,SYNTHETIC_DEMO
Entity 0771,PROD00314,PRODUCT,fuzzy,0.861,0.937,SYNTHETIC_DEMO
Entity 0772,PROD00317,PRODUCT,fuzzy,0.924,0.975,SYNTHETIC_DEMO
Entity 0773,SUP00320,SUPPLIER,fuzzy,0.952,0.974,SYNTHETIC_DEMO
Entity 0774,PROD00323,PRODUCT,normalized,0.978,0.814,SYNTHETIC_DEMO
Entity 0775,LOC00326,LOCATION,exact,0.927,0.761,SYNTHETIC_DEMO
Entity 0776,LOC00329,LOCATION,exact,0.871,0.77,SYNTHETIC_DEMO
Entity 0777,SUP00332,SUPPLIER,fuzzy,0.919,0.827,SYNTHETIC_DEMO
Entity 0778,PROD00335,PRODUCT,exact,0.884,0.82,SYNTHETIC_DEMO
Entity 0779,SUP00338,SUPPLIER,exact,0.954,0.82,SYNTHETIC_DEMO
Entity 0780,SUP00341,SUPPLIER,normalized,0.867,0.906,SYNTHETIC_DEMO
Entity 0781,LOC00344,LOCATION,normalized,0.815,0.933,SYNTHETIC_DEMO
Entity 0782,PROD00347,PRODUCT,exact,0.947,0.825,SYNTHETIC_DEMO
Entity 0783,LOC00350,LOCATION,exact,0.805,0.79,SYNTHETIC_DEMO
Entity 0784,SUP00353,SUPPLIER,normalized,0.918,0.96,SYNTHETIC_DEMO
Entity 0785,SUP00356,SUPPLIER,exact,0.871,0.846,SYNTHETIC_DEMO
Entity 0786,LOC00359,LOCATION,exact,0.939,0.915,SYNTHETIC_DEMO
Entity 0787,PROD00362,PRODUCT,exact,0.914,0.833,SYNTHETIC_DEMO
Entity 0788,LOC00365,LOCATION,fuzzy,0.845,0.851,SYNTHETIC_DEMO
Entity 0789,SUP00368,SUPPLIER,fuzzy,0.882,0.967,SYNTHETIC_DEMO
Entity 0790,SUP00371,SUPPLIER,normalized,0.813,0.758,SYNTHETIC_DEMO
Entity 0791,SUP00374,SUPPLIER,normalized,0.971,0.967,SYNTHETIC_DEMO
Entity 0792,LOC00377,LOCATION,normalized,0.903,0.775,SYNTHETIC_DEMO
Entity 0793,LOC00380,LOCATION,exact,0.89,0.839,SYNTHETIC_DEMO
Entity 0794,LOC00383,LOCATION,normalized,0.864,0.937,SYNTHETIC_DEMO
Entity 0795,LOC00386,LOCATION,fuzzy,0.937,0.846,SYNTHETIC_DEMO
Entity 0796,LOC00389,LOCATION,exact,0.987,0.792,SYNTHETIC_DEMO
Entity 0797,LOC00392,LOCATION,normalized,0.923,0.79,SYNTHETIC_DEMO
Entity 0798,SUP00395,SUPPLIER,fuzzy,0.804,0.829,SYNTHETIC_DEMO
Entity 0799,LOC00398,LOCATION,normalized,0.822,0.951,SYNTHETIC_DEMO
Entity 0800,LOC00401,LOCATION,exact,0.906,0.918,SYNTHETIC_DEMO
Entity 0801,LOC00404,LOCATION,fuzzy,0.847,0.782,SYNTHETIC_DEMO
Entity 0802,LOC00407,LOCATION,exact,0.862,0.894,SYNTHETIC_DEMO
Entity 0803,LOC00410,LOCATION,fuzzy,0.969,0.785,SYNTHETIC_DEMO
Entity 0804,PROD00413,PRODUCT,exact,0.802,0.874,SYNTHETIC_DEMO
Entity 0805,LOC00416,LOCATION,exact,0.878,0.767,SYNTHETIC_DEMO
Entity 0806,SUP00419,SUPPLIER,fuzzy,0.839,0.83,SYNTHETIC_DEMO
Entity 0807,LOC00422,LOCATION,fuzzy,0.927,0.842,SYNTHETIC_DEMO
Entity 0808,PROD00425,PRODUCT,exact,0.952,0.939,SYNTHETIC_DEMO
Entity 0809,PROD00428,PRODUCT,fuzzy,0.97,0.818,SYNTHETIC_DEMO
Entity 0810,SUP00431,SUPPLIER,fuzzy,0.93,0.947,SYNTHETIC_DEMO
Entity 0811,PROD00434,PRODUCT,exact,0.895,0.815,SYNTHETIC_DEMO
Entity 0812,PROD00437,PRODUCT,normalized,0.955,0.844,SYNTHETIC_DEMO
Entity 0813,SUP00440,SUPPLIER,fuzzy,0.943,0.796,SYNTHETIC_DEMO
Entity 0814,SUP00443,SUPPLIER,exact,0.977,0.783,SYNTHETIC_DEMO
Entity 0815,SUP00446,SUPPLIER,normalized,0.923,0.899,SYNTHETIC_DEMO
Entity 0816,PROD00449,PRODUCT,fuzzy,0.914,0.896,SYNTHETIC_DEMO
Entity 0817,PROD00452,PRODUCT,normalized,0.977,0.947,SYNTHETIC_DEMO
Entity 0818,SUP00455,SUPPLIER,exact,0.904,0.924,SYNTHETIC_DEMO
Entity 0819,SUP00458,SUPPLIER,normalized,0.917,0.897,SYNTHETIC_DEMO
Entity 0820,PROD00461,PRODUCT,fuzzy,0.806,0.86,SYNTHETIC_DEMO
Entity 0821,LOC00464,LOCATION,fuzzy,0.819,0.887,SYNTHETIC_DEMO
Entity 0822,PROD00467,PRODUCT,exact,0.968,0.957,SYNTHETIC_DEMO
Entity 0823,LOC00470,LOCATION,exact,0.857,0.831,SYNTHETIC_DEMO
Entity 0824,SUP00473,SUPPLIER,normalized,0.93,0.975,SYNTHETIC_DEMO
Entity 0825,LOC00476,LOCATION,fuzzy,0.966,0.929,SYNTHETIC_DEMO
Entity 0826,LOC00479,LOCATION,exact,0.979,0.971,SYNTHETIC_DEMO
Entity 0827,PROD00482,PRODUCT,fuzzy,0.845,0.961,SYNTHETIC_DEMO
Entity 0828,SUP00485,SUPPLIER,normalized,0.963,0.894,SYNTHETIC_DEMO
Entity 0829,SUP00488,SUPPLIER,fuzzy,0.975,0.802,SYNTHETIC_DEMO
Entity 0830,SUP00491,SUPPLIER,normalized,0.926,0.901,SYNTHETIC_DEMO
Entity 0831,LOC00494,LOCATION,fuzzy,0.942,0.911,SYNTHETIC_DEMO
Entity 0832,PROD00497,PRODUCT,exact,0.806,0.951,SYNTHETIC_DEMO
Entity 0833,PROD00500,PRODUCT,exact,0.887,0.873,SYNTHETIC_DEMO
Entity 0834,SUP00503,SUPPLIER,exact,0.962,0.865,SYNTHETIC_DEMO
Entity 0835,PROD00506,PRODUCT,normalized,0.932,0.912,SYNTHETIC_DEMO
Entity 0836,PROD00509,PRODUCT,exact,0.805,0.886,SYNTHETIC_DEMO
Entity 0837,PROD00512,PRODUCT,fuzzy,0.86,0.868,SYNTHETIC_DEMO
Entity 0838,PROD00515,PRODUCT,exact,0.914,0.949,SYNTHETIC_DEMO
Entity 0839,SUP00518,SUPPLIER,exact,0.951,0.901,SYNTHETIC_DEMO
Entity 0840,PROD00521,PRODUCT,exact,0.953,0.821,SYNTHETIC_DEMO
Entity 0841,LOC00524,LOCATION,exact,0.849,0.973,SYNTHETIC_DEMO
Entity 0842,SUP00527,SUPPLIER,exact,0.953,0.837,SYNTHETIC_DEMO
Entity 0843,LOC00530,LOCATION,exact,0.937,0.837,SYNTHETIC_DEMO
Entity 0844,SUP00533,SUPPLIER,fuzzy,0.914,0.864,SYNTHETIC_DEMO
Entity 0845,LOC00536,LOCATION,fuzzy,0.921,0.768,SYNTHETIC_DEMO
Entity 0846,PROD00539,PRODUCT,normalized,0.969,0.772,SYNTHETIC_DEMO
Entity 0847,LOC00542,LOCATION,exact,0.927,0.973,SYNTHETIC_DEMO
Entity 0848,LOC00545,LOCATION,fuzzy,0.897,0.766,SYNTHETIC_DEMO
Entity 0849,SUP00548,SUPPLIER,fuzzy,0.826,0.926,SYNTHETIC_DEMO
Entity 0850,PROD00551,PRODUCT,exact,0.98,0.85,SYNTHETIC_DEMO
Entity 0851,LOC00554,LOCATION,normalized,0.89,0.859,SYNTHETIC_DEMO
Entity 0852,SUP00557,SUPPLIER,normalized,0.827,0.958,SYNTHETIC_DEMO
Entity 0853,PROD00560,PRODUCT,normalized,0.949,0.871,SYNTHETIC_DEMO
Entity 0854,SUP00563,SUPPLIER,normalized,0.936,0.962,SYNTHETIC_DEMO
Entity 0855,LOC00566,LOCATION,exact,0.904,0.768,SYNTHETIC_DEMO
Entity 0856,PROD00569,PRODUCT,normalized,0.839,0.942,SYNTHETIC_DEMO
Entity 0857,SUP00572,SUPPLIER,exact,0.888,0.755,SYNTHETIC_DEMO
Entity 0858,PROD00575,PRODUCT,exact,0.828,0.875,SYNTHETIC_DEMO
Entity 0859,PROD00578,PRODUCT,fuzzy,0.972,0.951,SYNTHETIC_DEMO
Entity 0860,LOC00581,LOCATION,fuzzy,0.833,0.898,SYNTHETIC_DEMO
Entity 0861,PROD00584,PRODUCT,fuzzy,0.903,0.859,SYNTHETIC_DEMO
Entity 0862,LOC00587,LOCATION,exact,0.873,0.978,SYNTHETIC_DEMO
Entity 0863,SUP00590,SUPPLIER,fuzzy,0.803,0.867,SYNTHETIC_DEMO
Entity 0864,LOC00593,LOCATION,fuzzy,0.856,0.933,SYNTHETIC_DEMO
Entity 0865,SUP00596,SUPPLIER,exact,0.932,0.97,SYNTHETIC_DEMO
Entity 0866,PROD00599,PRODUCT,normalized,0.827,0.974,SYNTHETIC_DEMO
Entity 0867,PROD00602,PRODUCT,exact,0.936,0.858,SYNTHETIC_DEMO
Entity 0868,SUP00605,SUPPLIER,exact,0.917,0.792,SYNTHETIC_DEMO
Entity 0869,LOC00608,LOCATION,normalized,0.857,0.974,SYNTHETIC_DEMO
Entity 0870,LOC00611,LOCATION,exact,0.867,0.955,SYNTHETIC_DEMO
Entity 0871,SUP00614,SUPPLIER,fuzzy,0.883,0.828,SYNTHETIC_DEMO
Entity 0872,SUP00617,SUPPLIER,fuzzy,0.888,0.88,SYNTHETIC_DEMO
Entity 0873,SUP00620,SUPPLIER,exact,0.834,0.853,SYNTHETIC_DEMO
Entity 0874,SUP00623,SUPPLIER,normalized,0.886,0.794,SYNTHETIC_DEMO
Entity 0875,SUP00626,SUPPLIER,normalized,0.926,0.787,SYNTHETIC_DEMO
Entity 0876,SUP00629,SUPPLIER,normalized,0.812,0.82,SYNTHETIC_DEMO
Entity 0877,LOC00632,LOCATION,exact,0.876,0.877,SYNTHETIC_DEMO
Entity 0878,SUP00635,SUPPLIER,fuzzy,0.838,0.779,SYNTHETIC_DEMO
Entity 0879,LOC00638,LOCATION,exact,0.885,0.957,SYNTHETIC_DEMO
Entity 0880,SUP00641,SUPPLIER,normalized,0.978,0.782,SYNTHETIC_DEMO
Entity 0881,SUP00644,SUPPLIER,fuzzy,0.886,0.968,SYNTHETIC_DEMO
Entity 0882,LOC00647,LOCATION,exact,0.967,0.868,SYNTHETIC_DEMO
Entity 0883,LOC00650,LOCATION,fuzzy,0.828,0.866,SYNTHETIC_DEMO
Entity 0884,SUP00653,SUPPLIER,fuzzy,0.916,0.836,SYNTHETIC_DEMO
Entity 0885,LOC00656,LOCATION,normalized,0.91,0.898,SYNTHETIC_DEMO
Entity 0886,SUP00659,SUPPLIER,exact,0.958,0.819,SYNTHETIC_DEMO
Entity 0887,PROD00662,PRODUCT,normalized,0.817,0.757,SYNTHETIC_DEMO
Entity 0888,SUP00665,SUPPLIER,normalized,0.852,0.768,SYNTHETIC_DEMO
Entity 0889,PROD00668,PRODUCT,exact,0.821,0.825,SYNTHETIC_DEMO
Entity 0890,SUP00671,SUPPLIER,exact,0.94,0.772,SYNTHETIC_DEMO
Entity 0891,LOC00674,LOCATION,fuzzy,0.986,0.927,SYNTHETIC_DEMO
Entity 0892,PROD00677,PRODUCT,normalized,0.901,0.871,SYNTHETIC_DEMO
Entity 0893,PROD00680,PRODUCT,normalized,0.924,0.854,SYNTHETIC_DEMO
Entity 0894,LOC00683,LOCATION,fuzzy,0.839,0.858,SYNTHETIC_DEMO
Entity 0895,LOC00686,LOCATION,normalized,0.978,0.806,SYNTHETIC_DEMO
Entity 0896,SUP00689,SUPPLIER,normalized,0.806,0.764,SYNTHETIC_DEMO
Entity 0897,LOC00692,LOCATION,normalized,0.904,0.794,SYNTHETIC_DEMO
Entity 0898,PROD00695,PRODUCT,fuzzy,0.848,0.859,SYNTHETIC_DEMO
Entity 0899,SUP00698,SUPPLIER,exact,0.98,0.85,SYNTHETIC_DEMO
Entity 0900,SUP00701,SUPPLIER,fuzzy,0.815,0.886,SYNTHETIC_DEMO
Entity 0901,LOC00704,LOCATION,normalized,0.921,0.956,SYNTHETIC_DEMO
Entity 0902,PROD00707,PRODUCT,fuzzy,0.899,0.876,SYNTHETIC_DEMO
Entity 0903,PROD00710,PRODUCT,normalized,0.973,0.826,SYNTHETIC_DEMO
Entity 0904,SUP00713,SUPPLIER,normalized,0.863,0.753,SYNTHETIC_DEMO
Entity 0905,SUP00716,SUPPLIER,exact,0.923,0.934,SYNTHETIC_DEMO
Entity 0906,PROD00719,PRODUCT,exact,0.858,0.848,SYNTHETIC_DEMO
Entity 0907,LOC00722,LOCATION,normalized,0.988,0.974,SYNTHETIC_DEMO
Entity 0908,SUP00725,SUPPLIER,exact,0.969,0.943,SYNTHETIC_DEMO
Entity 0909,SUP00728,SUPPLIER,fuzzy,0.926,0.935,SYNTHETIC_DEMO
Entity 0910,SUP00731,SUPPLIER,normalized,0.87,0.963,SYNTHETIC_DEMO
Entity 0911,SUP00734,SUPPLIER,exact,0.911,0.798,SYNTHETIC_DEMO
Entity 0912,PROD00737,PRODUCT,exact,0.915,0.801,SYNTHETIC_DEMO
Entity 0913,PROD00740,PRODUCT,normalized,0.886,0.816,SYNTHETIC_DEMO
Entity 0914,PROD00743,PRODUCT,normalized,0.911,0.793,SYNTHETIC_DEMO
Entity 0915,LOC00746,LOCATION,normalized,0.929,0.807,SYNTHETIC_DEMO
Entity 0916,PROD00749,PRODUCT,normalized,0.825,0.84,SYNTHETIC_DEMO
Entity 0917,SUP00752,SUPPLIER,normalized,0.925,0.952,SYNTHETIC_DEMO
Entity 0918,SUP00755,SUPPLIER,fuzzy,0.902,0.777,SYNTHETIC_DEMO
Entity 0919,LOC00758,LOCATION,normalized,0.849,0.835,SYNTHETIC_DEMO
Entity 0920,PROD00761,PRODUCT,normalized,0.85,0.784,SYNTHETIC_DEMO
Entity 0921,LOC00764,LOCATION,exact,0.925,0.782,SYNTHETIC_DEMO
Entity 0922,PROD00767,PRODUCT,exact,0.835,0.955,SYNTHETIC_DEMO
Entity 0923,LOC00770,LOCATION,exact,0.953,0.883,SYNTHETIC_DEMO
Entity 0924,LOC00773,LOCATION,fuzzy,0.891,0.868,SYNTHETIC_DEMO
Entity 0925,LOC00776,LOCATION,exact,0.969,0.868,SYNTHETIC_DEMO
Entity 0926,LOC00779,LOCATION,normalized,0.857,0.826,SYNTHETIC_DEMO
Entity 0927,SUP00782,SUPPLIER,exact,0.935,0.86,SYNTHETIC_DEMO
Entity 0928,SUP00785,SUPPLIER,normalized,0.947,0.855,SYNTHETIC_DEMO
Entity 0929,SUP00788,SUPPLIER,fuzzy,0.848,0.873,SYNTHETIC_DEMO
Entity 0930,SUP00791,SUPPLIER,normalized,0.972,0.791,SYNTHETIC_DEMO
Entity 0931,PROD00794,PRODUCT,normalized,0.962,0.947,SYNTHETIC_DEMO
Entity 0932,PROD00797,PRODUCT,normalized,0.816,0.819,SYNTHETIC_DEMO
Entity 0933,PROD00800,PRODUCT,exact,0.97,0.873,SYNTHETIC_DEMO
Entity 0934,SUP00803,SUPPLIER,normalized,0.815,0.781,SYNTHETIC_DEMO
Entity 0935,LOC00806,LOCATION,normalized,0.804,0.911,SYNTHETIC_DEMO
Entity 0936,SUP00809,SUPPLIER,exact,0.941,0.756,SYNTHETIC_DEMO
Entity 0937,PROD00812,PRODUCT,fuzzy,0.858,0.885,SYNTHETIC_DEMO
Entity 0938,SUP00815,SUPPLIER,exact,0.886,0.928,SYNTHETIC_DEMO
Entity 0939,SUP00818,SUPPLIER,normalized,0.85,0.83,SYNTHETIC_DEMO
Entity 0940,PROD00821,PRODUCT,fuzzy,0.963,0.899,SYNTHETIC_DEMO
Entity 0941,PROD00824,PRODUCT,fuzzy,0.878,0.808,SYNTHETIC_DEMO
Entity 0942,SUP00827,SUPPLIER,fuzzy,0.805,0.913,SYNTHETIC_DEMO
Entity 0943,LOC00830,LOCATION,exact,0.906,0.941,SYNTHETIC_DEMO
Entity 0944,SUP00833,SUPPLIER,exact,0.929,0.858,SYNTHETIC_DEMO
Entity 0945,PROD00836,PRODUCT,exact,0.857,0.964,SYNTHETIC_DEMO
Entity 0946,SUP00839,SUPPLIER,exact,0.905,0.848,SYNTHETIC_DEMO
Entity 0947,PROD00842,PRODUCT,exact,0.954,0.897,SYNTHETIC_DEMO
Entity 0948,SUP00845,SUPPLIER,fuzzy,0.936,0.923,SYNTHETIC_DEMO
Entity 0949,SUP00848,SUPPLIER,exact,0.911,0.932,SYNTHETIC_DEMO
Entity 0950,LOC00851,LOCATION,fuzzy,0.989,0.825,SYNTHETIC_DEMO
Entity 0951,PROD00854,PRODUCT,fuzzy,0.838,0.781,SYNTHETIC_DEMO
Entity 0952,PROD00857,PRODUCT,normalized,0.957,0.937,SYNTHETIC_DEMO
Entity 0953,PROD00860,PRODUCT,normalized,0.818,0.773,SYNTHETIC_DEMO
Entity 0954,PROD00863,PRODUCT,normalized,0.854,0.956,SYNTHETIC_DEMO
Entity 0955,SUP00866,SUPPLIER,exact,0.888,0.774,SYNTHETIC_DEMO
Entity 0956,LOC00869,LOCATION,fuzzy,0.937,0.913,SYNTHETIC_DEMO
Entity 0957,PROD00872,PRODUCT,fuzzy,0.809,0.847,SYNTHETIC_DEMO
Entity 0958,PROD00875,PRODUCT,exact,0.868,0.943,SYNTHETIC_DEMO
Entity 0959,SUP00878,SUPPLIER,fuzzy,0.808,0.781,SYNTHETIC_DEMO
Entity 0960,PROD00881,PRODUCT,normalized,0.87,0.753,SYNTHETIC_DEMO
Entity 0961,PROD00884,PRODUCT,normalized,0.858,0.767,SYNTHETIC_DEMO
Entity 0962,LOC00887,LOCATION,normalized,0.952,0.778,SYNTHETIC_DEMO
Entity 0963,PROD00890,PRODUCT,fuzzy,0.9,0.777,SYNTHETIC_DEMO
Entity 0964,SUP00893,SUPPLIER,exact,0.931,0.859,SYNTHETIC_DEMO
Entity 0965,LOC00896,LOCATION,exact,0.884,0.817,SYNTHETIC_DEMO
Entity 0966,LOC00899,LOCATION,normalized,0.909,0.797,SYNTHETIC_DEMO
Entity 0967,SUP00902,SUPPLIER,fuzzy,0.856,0.95,SYNTHETIC_DEMO
Entity 0968,PROD00905,PRODUCT,normalized,0.932,0.957,SYNTHETIC_DEMO
Entity 0969,SUP00908,SUPPLIER,fuzzy,0.856,0.808,SYNTHETIC_DEMO
Entity 0970,PROD00911,PRODUCT,exact,0.911,0.884,SYNTHETIC_DEMO
Entity 0971,SUP00914,SUPPLIER,normalized,0.803,0.916,SYNTHETIC_DEMO
Entity 0972,SUP00917,SUPPLIER,normalized,0.97,0.894,SYNTHETIC_DEMO
Entity 0973,PROD00920,PRODUCT,fuzzy,0.888,0.883,SYNTHETIC_DEMO
Entity 0974,SUP00923,SUPPLIER,fuzzy,0.924,0.771,SYNTHETIC_DEMO
Entity 0975,PROD00926,PRODUCT,fuzzy,0.967,0.806,SYNTHETIC_DEMO
Entity 0976,LOC00929,LOCATION,exact,0.847,0.888,SYNTHETIC_DEMO
Entity 0977,PROD00932,PRODUCT,normalized,0.981,0.944,SYNTHETIC_DEMO
Entity 0978,PROD00935,PRODUCT,fuzzy,0.939,0.882,SYNTHETIC_DEMO
Entity 0979,LOC00938,LOCATION,fuzzy,0.912,0.779,SYNTHETIC_DEMO
Entity 0980,LOC00941,LOCATION,normalized,0.807,0.884,SYNTHETIC_DEMO
Entity 0981,SUP00944,SUPPLIER,exact,0.838,0.771,SYNTHETIC_DEMO
Entity 0982,SUP00947,SUPPLIER,exact,0.941,0.762,SYNTHETIC_DEMO
Entity 0983,PROD00950,PRODUCT,exact,0.881,0.887,SYNTHETIC_DEMO
Entity 0984,PROD00953,PRODUCT,fuzzy,0.865,0.915,SYNTHETIC_DEMO
Entity 0985,LOC00956,LOCATION,exact,0.944,0.863,SYNTHETIC_DEMO
Entity 0986,PROD00959,PRODUCT,exact,0.903,0.923,SYNTHETIC_DEMO
Entity 0987,PROD00962,PRODUCT,fuzzy,0.865,0.759,SYNTHETIC_DEMO
Entity 0988,PROD00965,PRODUCT,normalized,0.812,0.854,SYNTHETIC_DEMO
Entity 0989,PROD00968,PRODUCT,normalized,0.892,0.964,SYNTHETIC_DEMO
Entity 0990,PROD00971,PRODUCT,exact,0.84,0.841,SYNTHETIC_DEMO
Entity 0991,LOC00974,LOCATION,normalized,0.909,0.783,SYNTHETIC_DEMO
Entity 0992,SUP00977,SUPPLIER,normalized,0.867,0.859,SYNTHETIC_DEMO
Entity 0993,SUP00980,SUPPLIER,exact,0.808,0.945,SYNTHETIC_DEMO
Entity 0994,PROD00983,PRODUCT,normalized,0.983,0.881,SYNTHETIC_DEMO
Entity 0995,LOC00986,LOCATION,exact,0.82,0.814,SYNTHETIC_DEMO
Entity 0996,PROD00989,PRODUCT,exact,0.939,0.924,SYNTHETIC_DEMO
Entity 0997,SUP00992,SUPPLIER,normalized,0.912,0.83,SYNTHETIC_DEMO
Entity 0998,PROD00995,PRODUCT,exact,0.937,0.903,SYNTHETIC_DEMO
Entity 0999,LOC00998,LOCATION,normalized,0.831,0.899,SYNTHETIC_DEMO
Entity 1000,PROD00001,PRODUCT,fuzzy,0.945,0.788,SYNTHETIC_DEMO
Entity 0001,LOC00004,LOCATION,fuzzy,0.899,0.933,SYNTHETIC_DEMO
Entity 0002,SUP00007,SUPPLIER,exact,0.876,0.781,SYNTHETIC_DEMO
Entity 0003,LOC00010,LOCATION,normalized,0.832,0.914,SYNTHETIC_DEMO
Entity 0004,SUP00013,SUPPLIER,fuzzy,0.839,0.804,SYNTHETIC_DEMO
Entity 0005,SUP00016,SUPPLIER,fuzzy,0.835,0.919,SYNTHETIC_DEMO
Entity 0006,LOC00019,LOCATION,exact,0.99,0.858,SYNTHETIC_DEMO
Entity 0007,PROD00022,PRODUCT,fuzzy,0.937,0.848,SYNTHETIC_DEMO
Entity 0008,PROD00025,PRODUCT,normalized,0.977,0.852,SYNTHETIC_DEMO
Entity 0009,PROD00028,PRODUCT,exact,0.938,0.885,SYNTHETIC_DEMO
Entity 0010,PROD00031,PRODUCT,normalized,0.84,0.766,SYNTHETIC_DEMO
Entity 0011,SUP00034,SUPPLIER,fuzzy,0.859,0.816,SYNTHETIC_DEMO
Entity 0012,SUP00037,SUPPLIER,fuzzy,0.821,0.786,SYNTHETIC_DEMO
Entity 0013,PROD00040,PRODUCT,exact,0.827,0.769,SYNTHETIC_DEMO
Entity 0014,LOC00043,LOCATION,fuzzy,0.874,0.837,SYNTHETIC_DEMO
Entity 0015,SUP00046,SUPPLIER,normalized,0.883,0.792,SYNTHETIC_DEMO
Entity 0016,PROD00049,PRODUCT,normalized,0.901,0.818,SYNTHETIC_DEMO
Entity 0017,SUP00052,SUPPLIER,normalized,0.93,0.968,SYNTHETIC_DEMO
Entity 0018,LOC00055,LOCATION,exact,0.803,0.894,SYNTHETIC_DEMO
Entity 0019,PROD00058,PRODUCT,normalized,0.99,0.908,SYNTHETIC_DEMO
Entity 0020,SUP00061,SUPPLIER,exact,0.983,0.956,SYNTHETIC_DEMO
Entity 0021,SUP00064,SUPPLIER,exact,0.9,0.787,SYNTHETIC_DEMO
Entity 0022,LOC00067,LOCATION,exact,0.856,0.792,SYNTHETIC_DEMO
Entity 0023,LOC00070,LOCATION,exact,0.917,0.861,SYNTHETIC_DEMO
Entity 0024,PROD00073,PRODUCT,fuzzy,0.923,0.879,SYNTHETIC_DEMO
Entity 0025,PROD00076,PRODUCT,normalized,0.812,0.841,SYNTHETIC_DEMO
Entity 0026,PROD00079,PRODUCT,normalized,0.83,0.753,SYNTHETIC_DEMO
Entity 0027,SUP00082,SUPPLIER,normalized,0.953,0.979,SYNTHETIC_DEMO
Entity 0028,PROD00085,PRODUCT,exact,0.899,0.768,SYNTHETIC_DEMO
Entity 0029,LOC00088,LOCATION,exact,0.802,0.778,SYNTHETIC_DEMO
Entity 0030,PROD00091,PRODUCT,normalized,0.808,0.769,SYNTHETIC_DEMO
Entity 0031,LOC00094,LOCATION,fuzzy,0.848,0.752,SYNTHETIC_DEMO
Entity 0032,LOC00097,LOCATION,normalized,0.952,0.852,SYNTHETIC_DEMO
Entity 0033,SUP00100,SUPPLIER,normalized,0.803,0.852,SYNTHETIC_DEMO
Entity 0034,SUP00103,SUPPLIER,exact,0.932,0.832,SYNTHETIC_DEMO
Entity 0035,SUP00106,SUPPLIER,exact,0.911,0.76,SYNTHETIC_DEMO
Entity 0036,LOC00109,LOCATION,normalized,0.89,0.918,SYNTHETIC_DEMO
Entity 0037,PROD00112,PRODUCT,exact,0.97,0.774,SYNTHETIC_DEMO
Entity 0038,LOC00115,LOCATION,fuzzy,0.983,0.781,SYNTHETIC_DEMO
Entity 0039,SUP00118,SUPPLIER,exact,0.937,0.782,SYNTHETIC_DEMO
Entity 0040,LOC00121,LOCATION,normalized,0.852,0.775,SYNTHETIC_DEMO
Entity 0041,SUP00124,SUPPLIER,fuzzy,0.974,0.812,SYNTHETIC_DEMO
Entity 0042,PROD00127,PRODUCT,normalized,0.914,0.888,SYNTHETIC_DEMO
Entity 0043,PROD00130,PRODUCT,normalized,0.848,0.974,SYNTHETIC_DEMO
Entity 0044,LOC00133,LOCATION,exact,0.808,0.898,SYNTHETIC_DEMO
Entity 0045,SUP00136,SUPPLIER,exact,0.89,0.798,SYNTHETIC_DEMO
Entity 0046,LOC00139,LOCATION,exact,0.954,0.825,SYNTHETIC_DEMO
Entity 0047,LOC00142,LOCATION,normalized,0.962,0.956,SYNTHETIC_DEMO
Entity 0048,SUP00145,SUPPLIER,normalized,0.906,0.759,SYNTHETIC_DEMO
Entity 0049,LOC00148,LOCATION,normalized,0.839,0.94,SYNTHETIC_DEMO
Entity 0050,PROD00151,PRODUCT,fuzzy,0.977,0.86,SYNTHETIC_DEMO
Entity 0051,SUP00154,SUPPLIER,normalized,0.814,0.792,SYNTHETIC_DEMO
Entity 0052,PROD00157,PRODUCT,fuzzy,0.861,0.844,SYNTHETIC_DEMO
Entity 0053,SUP00160,SUPPLIER,normalized,0.926,0.933,SYNTHETIC_DEMO
Entity 0054,SUP00163,SUPPLIER,exact,0.825,0.864,SYNTHETIC_DEMO
Entity 0055,LOC00166,LOCATION,fuzzy,0.964,0.852,SYNTHETIC_DEMO
Entity 0056,SUP00169,SUPPLIER,exact,0.901,0.771,SYNTHETIC_DEMO
Entity 0057,LOC00172,LOCATION,exact,0.901,0.793,SYNTHETIC_DEMO
Entity 0058,SUP00175,SUPPLIER,fuzzy,0.881,0.911,SYNTHETIC_DEMO
Entity 0059,PROD00178,PRODUCT,normalized,0.912,0.96,SYNTHETIC_DEMO
Entity 0060,SUP00181,SUPPLIER,exact,0.926,0.904,SYNTHETIC_DEMO
Entity 0061,PROD00184,PRODUCT,fuzzy,0.923,0.943,SYNTHETIC_DEMO
Entity 0062,SUP00187,SUPPLIER,normalized,0.969,0.844,SYNTHETIC_DEMO
Entity 0063,PROD00190,PRODUCT,normalized,0.918,0.758,SYNTHETIC_DEMO
Entity 0064,LOC00193,LOCATION,normalized,0.802,0.906,SYNTHETIC_DEMO
Entity 0065,PROD00196,PRODUCT,normalized,0.872,0.931,SYNTHETIC_DEMO
Entity 0066,SUP00199,SUPPLIER,fuzzy,0.899,0.786,SYNTHETIC_DEMO
Entity 0067,PROD00202,PRODUCT,normalized,0.81,0.797,SYNTHETIC_DEMO
Entity 0068,LOC00205,LOCATION,exact,0.87,0.928,SYNTHETIC_DEMO
Entity 0069,SUP00208,SUPPLIER,normalized,0.849,0.936,SYNTHETIC_DEMO
Entity 0070,PROD00211,PRODUCT,exact,0.91,0.843,SYNTHETIC_DEMO
Entity 0071,PROD00214,PRODUCT,normalized,0.973,0.897,SYNTHETIC_DEMO
Entity 0072,LOC00217,LOCATION,normalized,0.891,0.823,SYNTHETIC_DEMO
Entity 0073,PROD00220,PRODUCT,fuzzy,0.83,0.864,SYNTHETIC_DEMO
Entity 0074,SUP00223,SUPPLIER,fuzzy,0.898,0.866,SYNTHETIC_DEMO
Entity 0075,LOC00226,LOCATION,exact,0.915,0.911,SYNTHETIC_DEMO
Entity 0076,SUP00229,SUPPLIER,normalized,0.931,0.941,SYNTHETIC_DEMO
Entity 0077,SUP00232,SUPPLIER,normalized,0.871,0.838,SYNTHETIC_DEMO
Entity 0078,SUP00235,SUPPLIER,exact,0.977,0.809,SYNTHETIC_DEMO
Entity 0079,SUP00238,SUPPLIER,normalized,0.938,0.874,SYNTHETIC_DEMO
Entity 0080,PROD00241,PRODUCT,fuzzy,0.858,0.966,SYNTHETIC_DEMO
Entity 0081,LOC00244,LOCATION,fuzzy,0.968,0.891,SYNTHETIC_DEMO
Entity 0082,PROD00247,PRODUCT,exact,0.981,0.911,SYNTHETIC_DEMO
Entity 0083,SUP00250,SUPPLIER,fuzzy,0.829,0.827,SYNTHETIC_DEMO
Entity 0084,SUP00253,SUPPLIER,fuzzy,0.96,0.858,SYNTHETIC_DEMO
Entity 0085,PROD00256,PRODUCT,fuzzy,0.863,0.926,SYNTHETIC_DEMO
Entity 0086,LOC00259,LOCATION,fuzzy,0.943,0.775,SYNTHETIC_DEMO
Entity 0087,SUP00262,SUPPLIER,normalized,0.895,0.758,SYNTHETIC_DEMO
Entity 0088,PROD00265,PRODUCT,exact,0.955,0.889,SYNTHETIC_DEMO
Entity 0089,PROD00268,PRODUCT,normalized,0.941,0.933,SYNTHETIC_DEMO
Entity 0090,PROD00271,PRODUCT,exact,0.816,0.908,SYNTHETIC_DEMO
Entity 0091,LOC00274,LOCATION,normalized,0.823,0.953,SYNTHETIC_DEMO
Entity 0092,LOC00277,LOCATION,fuzzy,0.911,0.75,SYNTHETIC_DEMO
Entity 0093,SUP00280,SUPPLIER,fuzzy,0.909,0.895,SYNTHETIC_DEMO
Entity 0094,PROD00283,PRODUCT,normalized,0.866,0.862,SYNTHETIC_DEMO
Entity 0095,LOC00286,LOCATION,fuzzy,0.927,0.972,SYNTHETIC_DEMO
Entity 0096,LOC00289,LOCATION,exact,0.875,0.757,SYNTHETIC_DEMO
Entity 0097,LOC00292,LOCATION,exact,0.829,0.851,SYNTHETIC_DEMO
Entity 0098,LOC00295,LOCATION,exact,0.916,0.773,SYNTHETIC_DEMO
Entity 0099,LOC00298,LOCATION,exact,0.848,0.906,SYNTHETIC_DEMO
Entity 0100,SUP00301,SUPPLIER,exact,0.89,0.947,SYNTHETIC_DEMO
Entity 0101,SUP00304,SUPPLIER,fuzzy,0.839,0.771,SYNTHETIC_DEMO
Entity 0102,PROD00307,PRODUCT,normalized,0.889,0.967,SYNTHETIC_DEMO
Entity 0103,SUP00310,SUPPLIER,normalized,0.858,0.898,SYNTHETIC_DEMO
Entity 0104,PROD00313,PRODUCT,exact,0.978,0.906,SYNTHETIC_DEMO
Entity 0105,LOC00316,LOCATION,fuzzy,0.94,0.96,SYNTHETIC_DEMO
Entity 0106,PROD00319,PRODUCT,normalized,0.913,0.765,SYNTHETIC_DEMO
Entity 0107,SUP00322,SUPPLIER,exact,0.871,0.775,SYNTHETIC_DEMO
Entity 0108,LOC00325,LOCATION,exact,0.865,0.905,SYNTHETIC_DEMO
Entity 0109,SUP00328,SUPPLIER,exact,0.989,0.878,SYNTHETIC_DEMO
Entity 0110,PROD00331,PRODUCT,fuzzy,0.976,0.818,SYNTHETIC_DEMO
Entity 0111,PROD00334,PRODUCT,fuzzy,0.861,0.883,SYNTHETIC_DEMO
Entity 0112,SUP00337,SUPPLIER,normalized,0.939,0.875,SYNTHETIC_DEMO
Entity 0113,LOC00340,LOCATION,exact,0.861,0.752,SYNTHETIC_DEMO
Entity 0114,SUP00343,SUPPLIER,exact,0.981,0.8,SYNTHETIC_DEMO
Entity 0115,SUP00346,SUPPLIER,fuzzy,0.821,0.889,SYNTHETIC_DEMO
Entity 0116,SUP00349,SUPPLIER,normalized,0.861,0.839,SYNTHETIC_DEMO
Entity 0117,PROD00352,PRODUCT,fuzzy,0.903,0.909,SYNTHETIC_DEMO
Entity 0118,SUP00355,SUPPLIER,fuzzy,0.844,0.972,SYNTHETIC_DEMO
Entity 0119,LOC00358,LOCATION,fuzzy,0.924,0.895,SYNTHETIC_DEMO
Entity 0120,SUP00361,SUPPLIER,exact,0.979,0.8,SYNTHETIC_DEMO
Entity 0121,SUP00364,SUPPLIER,normalized,0.88,0.888,SYNTHETIC_DEMO
Entity 0122,LOC00367,LOCATION,normalized,0.9,0.819,SYNTHETIC_DEMO
Entity 0123,LOC00370,LOCATION,normalized,0.868,0.782,SYNTHETIC_DEMO
Entity 0124,PROD00373,PRODUCT,exact,0.894,0.825,SYNTHETIC_DEMO
Entity 0125,PROD00376,PRODUCT,exact,0.923,0.909,SYNTHETIC_DEMO
Entity 0126,LOC00379,LOCATION,exact,0.925,0.934,SYNTHETIC_DEMO
Entity 0127,LOC00382,LOCATION,exact,0.817,0.894,SYNTHETIC_DEMO
Entity 0128,SUP00385,SUPPLIER,fuzzy,0.862,0.833,SYNTHETIC_DEMO
Entity 0129,LOC00388,LOCATION,exact,0.911,0.804,SYNTHETIC_DEMO
Entity 0130,SUP00391,SUPPLIER,fuzzy,0.802,0.967,SYNTHETIC_DEMO
Entity 0131,LOC00394,LOCATION,exact,0.92,0.848,SYNTHETIC_DEMO
Entity 0132,LOC00397,LOCATION,fuzzy,0.814,0.95,SYNTHETIC_DEMO
Entity 0133,LOC00400,LOCATION,exact,0.91,0.829,SYNTHETIC_DEMO
Entity 0134,PROD00403,PRODUCT,exact,0.966,0.754,SYNTHETIC_DEMO
Entity 0135,LOC00406,LOCATION,exact,0.955,0.817,SYNTHETIC_DEMO
Entity 0136,SUP00409,SUPPLIER,exact,0.818,0.882,SYNTHETIC_DEMO
Entity 0137,LOC00412,LOCATION,fuzzy,0.954,0.768,SYNTHETIC_DEMO
Entity 0138,PROD00415,PRODUCT,exact,0.966,0.956,SYNTHETIC_DEMO
Entity 0139,LOC00418,LOCATION,exact,0.934,0.972,SYNTHETIC_DEMO
Entity 0140,PROD00421,PRODUCT,normalized,0.904,0.76,SYNTHETIC_DEMO
Entity 0141,LOC00424,LOCATION,fuzzy,0.886,0.893,SYNTHETIC_DEMO
Entity 0142,LOC00427,LOCATION,normalized,0.882,0.89,SYNTHETIC_DEMO
Entity 0143,PROD00430,PRODUCT,fuzzy,0.972,0.824,SYNTHETIC_DEMO
Entity 0144,PROD00433,PRODUCT,normalized,0.871,0.826,SYNTHETIC_DEMO
Entity 0145,SUP00436,SUPPLIER,exact,0.91,0.846,SYNTHETIC_DEMO
Entity 0146,SUP00439,SUPPLIER,exact,0.872,0.916,SYNTHETIC_DEMO
Entity 0147,PROD00442,PRODUCT,fuzzy,0.859,0.852,SYNTHETIC_DEMO
Entity 0148,LOC00445,LOCATION,fuzzy,0.851,0.755,SYNTHETIC_DEMO
Entity 0149,LOC00448,LOCATION,normalized,0.84,0.973,SYNTHETIC_DEMO
Entity 0150,SUP00451,SUPPLIER,fuzzy,0.952,0.843,SYNTHETIC_DEMO
Entity 0151,LOC00454,LOCATION,exact,0.804,0.908,SYNTHETIC_DEMO
Entity 0152,LOC00457,LOCATION,exact,0.951,0.883,SYNTHETIC_DEMO
Entity 0153,LOC00460,LOCATION,normalized,0.84,0.952,SYNTHETIC_DEMO
Entity 0154,LOC00463,LOCATION,normalized,0.946,0.762,SYNTHETIC_DEMO
Entity 0155,SUP00466,SUPPLIER,exact,0.832,0.945,SYNTHETIC_DEMO
Entity 0156,LOC00469,LOCATION,normalized,0.886,0.961,SYNTHETIC_DEMO
Entity 0157,PROD00472,PRODUCT,normalized,0.949,0.927,SYNTHETIC_DEMO
Entity 0158,SUP00475,SUPPLIER,exact,0.804,0.865,SYNTHETIC_DEMO
Entity 0159,SUP00478,SUPPLIER,normalized,0.901,0.799,SYNTHETIC_DEMO
Entity 0160,LOC00481,LOCATION,exact,0.832,0.866,SYNTHETIC_DEMO
Entity 0161,PROD00484,PRODUCT,exact,0.984,0.964,SYNTHETIC_DEMO
Entity 0162,SUP00487,SUPPLIER,exact,0.977,0.915,SYNTHETIC_DEMO
Entity 0163,SUP00490,SUPPLIER,normalized,0.919,0.946,SYNTHETIC_DEMO
Entity 0164,PROD00493,PRODUCT,fuzzy,0.975,0.924,SYNTHETIC_DEMO
Entity 0165,SUP00496,SUPPLIER,normalized,0.866,0.878,SYNTHETIC_DEMO
Entity 0166,SUP00499,SUPPLIER,normalized,0.908,0.867,SYNTHETIC_DEMO
Entity 0167,PROD00502,PRODUCT,fuzzy,0.878,0.871,SYNTHETIC_DEMO
Entity 0168,SUP00505,SUPPLIER,fuzzy,0.806,0.854,SYNTHETIC_DEMO
Entity 0169,PROD00508,PRODUCT,fuzzy,0.97,0.775,SYNTHETIC_DEMO
Entity 0170,PROD00511,PRODUCT,fuzzy,0.865,0.895,SYNTHETIC_DEMO
Entity 0171,SUP00514,SUPPLIER,normalized,0.988,0.816,SYNTHETIC_DEMO
Entity 0172,LOC00517,LOCATION,exact,0.882,0.914,SYNTHETIC_DEMO
Entity 0173,LOC00520,LOCATION,fuzzy,0.876,0.899,SYNTHETIC_DEMO
Entity 0174,SUP00523,SUPPLIER,exact,0.918,0.843,SYNTHETIC_DEMO
Entity 0175,SUP00526,SUPPLIER,exact,0.802,0.915,SYNTHETIC_DEMO
Entity 0176,LOC00529,LOCATION,normalized,0.809,0.949,SYNTHETIC_DEMO
Entity 0177,PROD00532,PRODUCT,normalized,0.881,0.906,SYNTHETIC_DEMO
Entity 0178,PROD00535,PRODUCT,exact,0.864,0.833,SYNTHETIC_DEMO
Entity 0179,SUP00538,SUPPLIER,normalized,0.913,0.941,SYNTHETIC_DEMO
Entity 0180,SUP00541,SUPPLIER,normalized,0.976,0.927,SYNTHETIC_DEMO
Entity 0181,PROD00544,PRODUCT,exact,0.828,0.903,SYNTHETIC_DEMO
Entity 0182,PROD00547,PRODUCT,fuzzy,0.87,0.785,SYNTHETIC_DEMO
Entity 0183,PROD00550,PRODUCT,exact,0.922,0.784,SYNTHETIC_DEMO
Entity 0184,PROD00553,PRODUCT,fuzzy,0.8,0.76,SYNTHETIC_DEMO
Entity 0185,SUP00556,SUPPLIER,exact,0.964,0.977,SYNTHETIC_DEMO
Entity 0186,LOC00559,LOCATION,fuzzy,0.904,0.94,SYNTHETIC_DEMO
Entity 0187,PROD00562,PRODUCT,exact,0.852,0.85,SYNTHETIC_DEMO
Entity 0188,PROD00565,PRODUCT,fuzzy,0.925,0.907,SYNTHETIC_DEMO
Entity 0189,PROD00568,PRODUCT,normalized,0.822,0.93,SYNTHETIC_DEMO
Entity 0190,PROD00571,PRODUCT,fuzzy,0.885,0.974,SYNTHETIC_DEMO
Entity 0191,PROD00574,PRODUCT,fuzzy,0.92,0.852,SYNTHETIC_DEMO
Entity 0192,LOC00577,LOCATION,fuzzy,0.824,0.887,SYNTHETIC_DEMO
Entity 0193,PROD00580,PRODUCT,normalized,0.935,0.938,SYNTHETIC_DEMO
Entity 0194,SUP00583,SUPPLIER,exact,0.871,0.915,SYNTHETIC_DEMO
Entity 0195,LOC00586,LOCATION,normalized,0.957,0.943,SYNTHETIC_DEMO
Entity 0196,SUP00589,SUPPLIER,exact,0.922,0.769,SYNTHETIC_DEMO
Entity 0197,PROD00592,PRODUCT,fuzzy,0.966,0.817,SYNTHETIC_DEMO
Entity 0198,PROD00595,PRODUCT,normalized,0.801,0.775,SYNTHETIC_DEMO
Entity 0199,PROD00598,PRODUCT,fuzzy,0.854,0.834,SYNTHETIC_DEMO
Entity 0200,SUP00601,SUPPLIER,fuzzy,0.807,0.951,SYNTHETIC_DEMO
Entity 0201,SUP00604,SUPPLIER,exact,0.878,0.757,SYNTHETIC_DEMO
Entity 0202,LOC00607,LOCATION,fuzzy,0.817,0.837,SYNTHETIC_DEMO
Entity 0203,LOC00610,LOCATION,normalized,0.848,0.881,SYNTHETIC_DEMO
Entity 0204,SUP00613,SUPPLIER,fuzzy,0.862,0.922,SYNTHETIC_DEMO
Entity 0205,SUP00616,SUPPLIER,normalized,0.966,0.836,SYNTHETIC_DEMO
Entity 0206,SUP00619,SUPPLIER,normalized,0.912,0.861,SYNTHETIC_DEMO
Entity 0207,LOC00622,LOCATION,exact,0.872,0.764,SYNTHETIC_DEMO
Entity 0208,SUP00625,SUPPLIER,exact,0.873,0.882,SYNTHETIC_DEMO
Entity 0209,SUP00628,SUPPLIER,exact,0.946,0.772,SYNTHETIC_DEMO
Entity 0210,SUP00631,SUPPLIER,fuzzy,0.927,0.766,SYNTHETIC_DEMO
Entity 0211,LOC00634,LOCATION,normalized,0.878,0.948,SYNTHETIC_DEMO
Entity 0212,SUP00637,SUPPLIER,exact,0.948,0.897,SYNTHETIC_DEMO
Entity 0213,LOC00640,LOCATION,fuzzy,0.942,0.791,SYNTHETIC_DEMO
Entity 0214,PROD00643,PRODUCT,fuzzy,0.884,0.92,SYNTHETIC_DEMO
Entity 0215,PROD00646,PRODUCT,fuzzy,0.828,0.788,SYNTHETIC_DEMO
Entity 0216,PROD00649,PRODUCT,fuzzy,0.984,0.82,SYNTHETIC_DEMO
Entity 0217,PROD00652,PRODUCT,fuzzy,0.951,0.757,SYNTHETIC_DEMO
Entity 0218,SUP00655,SUPPLIER,normalized,0.974,0.904,SYNTHETIC_DEMO
Entity 0219,SUP00658,SUPPLIER,fuzzy,0.977,0.796,SYNTHETIC_DEMO
Entity 0220,PROD00661,PRODUCT,fuzzy,0.803,0.757,SYNTHETIC_DEMO
Entity 0221,PROD00664,PRODUCT,exact,0.951,0.887,SYNTHETIC_DEMO
Entity 0222,LOC00667,LOCATION,fuzzy,0.974,0.837,SYNTHETIC_DEMO
Entity 0223,SUP00670,SUPPLIER,exact,0.945,0.778,SYNTHETIC_DEMO
Entity 0224,LOC00673,LOCATION,normalized,0.976,0.849,SYNTHETIC_DEMO
Entity 0225,PROD00676,PRODUCT,fuzzy,0.828,0.902,SYNTHETIC_DEMO
Entity 0226,LOC00679,LOCATION,exact,0.806,0.975,SYNTHETIC_DEMO
Entity 0227,PROD00682,PRODUCT,fuzzy,0.905,0.941,SYNTHETIC_DEMO
Entity 0228,SUP00685,SUPPLIER,normalized,0.938,0.762,SYNTHETIC_DEMO
Entity 0229,PROD00688,PRODUCT,exact,0.919,0.828,SYNTHETIC_DEMO
Entity 0230,LOC00691,LOCATION,normalized,0.878,0.78,SYNTHETIC_DEMO
Entity 0231,SUP00694,SUPPLIER,exact,0.899,0.912,SYNTHETIC_DEMO
Entity 0232,SUP00697,SUPPLIER,fuzzy,0.831,0.852,SYNTHETIC_DEMO
Entity 0233,PROD00700,PRODUCT,exact,0.933,0.814,SYNTHETIC_DEMO
Entity 0234,PROD00703,PRODUCT,exact,0.841,0.934,SYNTHETIC_DEMO
Entity 0235,PROD00706,PRODUCT,exact,0.948,0.949,SYNTHETIC_DEMO
Entity 0236,PROD00709,PRODUCT,exact,0.948,0.881,SYNTHETIC_DEMO
Entity 0237,SUP00712,SUPPLIER,normalized,0.899,0.784,SYNTHETIC_DEMO
Entity 0238,PROD00715,PRODUCT,normalized,0.973,0.889,SYNTHETIC_DEMO
Entity 0239,SUP00718,SUPPLIER,fuzzy,0.934,0.964,SYNTHETIC_DEMO
Entity 0240,LOC00721,LOCATION,normalized,0.885,0.891,SYNTHETIC_DEMO
Entity 0241,SUP00724,SUPPLIER,fuzzy,0.839,0.776,SYNTHETIC_DEMO
Entity 0242,PROD00727,PRODUCT,exact,0.846,0.767,SYNTHETIC_DEMO
Entity 0243,LOC00730,LOCATION,normalized,0.805,0.944,SYNTHETIC_DEMO
Entity 0244,PROD00733,PRODUCT,normalized,0.882,0.806,SYNTHETIC_DEMO
Entity 0245,PROD00736,PRODUCT,fuzzy,0.928,0.798,SYNTHETIC_DEMO
Entity 0246,LOC00739,LOCATION,normalized,0.85,0.878,SYNTHETIC_DEMO
Entity 0247,PROD00742,PRODUCT,normalized,0.845,0.966,SYNTHETIC_DEMO
Entity 0248,PROD00745,PRODUCT,fuzzy,0.81,0.777,SYNTHETIC_DEMO
Entity 0249,SUP00748,SUPPLIER,normalized,0.978,0.826,SYNTHETIC_DEMO
Entity 0250,PROD00751,PRODUCT,exact,0.897,0.886,SYNTHETIC_DEMO
Entity 0251,SUP00754,SUPPLIER,exact,0.954,0.876,SYNTHETIC_DEMO
Entity 0252,SUP00757,SUPPLIER,fuzzy,0.985,0.794,SYNTHETIC_DEMO
Entity 0253,PROD00760,PRODUCT,fuzzy,0.9,0.942,SYNTHETIC_DEMO
Entity 0254,LOC00763,LOCATION,exact,0.981,0.929,SYNTHETIC_DEMO
Entity 0255,SUP00766,SUPPLIER,exact,0.867,0.885,SYNTHETIC_DEMO
Entity 0256,SUP00769,SUPPLIER,exact,0.93,0.878,SYNTHETIC_DEMO
Entity 0257,SUP00772,SUPPLIER,fuzzy,0.898,0.892,SYNTHETIC_DEMO
Entity 0258,LOC00775,LOCATION,fuzzy,0.958,0.887,SYNTHETIC_DEMO
Entity 0259,LOC00778,LOCATION,normalized,0.957,0.899,SYNTHETIC_DEMO
Entity 0260,PROD00781,PRODUCT,exact,0.855,0.751,SYNTHETIC_DEMO
Entity 0261,LOC00784,LOCATION,normalized,0.879,0.953,SYNTHETIC_DEMO
Entity 0262,PROD00787,PRODUCT,normalized,0.817,0.939,SYNTHETIC_DEMO
Entity 0263,PROD00790,PRODUCT,exact,0.926,0.819,SYNTHETIC_DEMO
Entity 0264,LOC00793,LOCATION,fuzzy,0.869,0.946,SYNTHETIC_DEMO
Entity 0265,LOC00796,LOCATION,normalized,0.897,0.76,SYNTHETIC_DEMO
Entity 0266,LOC00799,LOCATION,fuzzy,0.8,0.762,SYNTHETIC_DEMO
Entity 0267,PROD00802,PRODUCT,fuzzy,0.967,0.926,SYNTHETIC_DEMO
Entity 0268,SUP00805,SUPPLIER,exact,0.941,0.906,SYNTHETIC_DEMO
Entity 0269,PROD00808,PRODUCT,exact,0.886,0.95,SYNTHETIC_DEMO
Entity 0270,LOC00811,LOCATION,fuzzy,0.882,0.759,SYNTHETIC_DEMO
Entity 0271,PROD00814,PRODUCT,normalized,0.985,0.92,SYNTHETIC_DEMO
Entity 0272,LOC00817,LOCATION,exact,0.926,0.782,SYNTHETIC_DEMO
Entity 0273,SUP00820,SUPPLIER,fuzzy,0.97,0.938,SYNTHETIC_DEMO
Entity 0274,PROD00823,PRODUCT,normalized,0.955,0.928,SYNTHETIC_DEMO
Entity 0275,SUP00826,SUPPLIER,fuzzy,0.899,0.892,SYNTHETIC_DEMO
Entity 0276,SUP00829,SUPPLIER,fuzzy,0.982,0.965,SYNTHETIC_DEMO
Entity 0277,PROD00832,PRODUCT,normalized,0.856,0.826,SYNTHETIC_DEMO
Entity 0278,LOC00835,LOCATION,exact,0.819,0.938,SYNTHETIC_DEMO
Entity 0279,LOC00838,LOCATION,fuzzy,0.863,0.8,SYNTHETIC_DEMO
Entity 0280,LOC00841,LOCATION,fuzzy,0.878,0.84,SYNTHETIC_DEMO
Entity 0281,LOC00844,LOCATION,normalized,0.847,0.789,SYNTHETIC_DEMO
Entity 0282,PROD00847,PRODUCT,fuzzy,0.86,0.901,SYNTHETIC_DEMO
Entity 0283,LOC00850,LOCATION,exact,0.887,0.945,SYNTHETIC_DEMO
Entity 0284,PROD00853,PRODUCT,fuzzy,0.843,0.862,SYNTHETIC_DEMO
Entity 0285,SUP00856,SUPPLIER,exact,0.847,0.94,SYNTHETIC_DEMO
Entity 0286,SUP00859,SUPPLIER,normalized,0.858,0.769,SYNTHETIC_DEMO
Entity 0287,PROD00862,PRODUCT,fuzzy,0.827,0.946,SYNTHETIC_DEMO
Entity 0288,PROD00865,PRODUCT,exact,0.936,0.97,SYNTHETIC_DEMO
Entity 0289,SUP00868,SUPPLIER,exact,0.947,0.86,SYNTHETIC_DEMO
Entity 0290,LOC00871,LOCATION,fuzzy,0.865,0.832,SYNTHETIC_DEMO
Entity 0291,PROD00874,PRODUCT,normalized,0.939,0.93,SYNTHETIC_DEMO
Entity 0292,SUP00877,SUPPLIER,fuzzy,0.855,0.775,SYNTHETIC_DEMO
Entity 0293,PROD00880,PRODUCT,normalized,0.909,0.949,SYNTHETIC_DEMO
Entity 0294,PROD00883,PRODUCT,exact,0.972,0.963,SYNTHETIC_DEMO
Entity 0295,LOC00886,LOCATION,normalized,0.826,0.853,SYNTHETIC_DEMO
Entity 0296,LOC00889,LOCATION,normalized,0.88,0.756,SYNTHETIC_DEMO
Entity 0297,PROD00892,PRODUCT,normalized,0.874,0.797,SYNTHETIC_DEMO
Entity 0298,PROD00895,PRODUCT,fuzzy,0.816,0.865,SYNTHETIC_DEMO
Entity 0299,SUP00898,SUPPLIER,fuzzy,0.876,0.898,SYNTHETIC_DEMO
Entity 0300,SUP00901,SUPPLIER,fuzzy,0.899,0.838,SYNTHETIC_DEMO
Entity 0301,SUP00904,SUPPLIER,exact,0.889,0.791,SYNTHETIC_DEMO
Entity 0302,PROD00907,PRODUCT,normalized,0.892,0.924,SYNTHETIC_DEMO
Entity 0303,PROD00910,PRODUCT,fuzzy,0.82,0.876,SYNTHETIC_DEMO
Entity 0304,SUP00913,SUPPLIER,fuzzy,0.938,0.834,SYNTHETIC_DEMO
Entity 0305,PROD00916,PRODUCT,exact,0.803,0.755,SYNTHETIC_DEMO
Entity 0306,SUP00919,SUPPLIER,exact,0.951,0.921,SYNTHETIC_DEMO
Entity 0307,PROD00922,PRODUCT,fuzzy,0.919,0.784,SYNTHETIC_DEMO
Entity 0308,LOC00925,LOCATION,fuzzy,0.922,0.799,SYNTHETIC_DEMO
Entity 0309,SUP00928,SUPPLIER,normalized,0.807,0.762,SYNTHETIC_DEMO
Entity 0310,LOC00931,LOCATION,fuzzy,0.878,0.923,SYNTHETIC_DEMO
Entity 0311,PROD00934,PRODUCT,fuzzy,0.977,0.913,SYNTHETIC_DEMO
Entity 0312,LOC00937,LOCATION,normalized,0.916,0.882,SYNTHETIC_DEMO
Entity 0313,LOC00940,LOCATION,exact,0.879,0.882,SYNTHETIC_DEMO
Entity 0314,LOC00943,LOCATION,exact,0.902,0.809,SYNTHETIC_DEMO
Entity 0315,PROD00946,PRODUCT,normalized,0.978,0.858,SYNTHETIC_DEMO
Entity 0316,LOC00949,LOCATION,normalized,0.943,0.782,SYNTHETIC_DEMO
Entity 0317,LOC00952,LOCATION,normalized,0.806,0.907,SYNTHETIC_DEMO
Entity 0318,LOC00955,LOCATION,exact,0.929,0.782,SYNTHETIC_DEMO
Entity 0319,PROD00958,PRODUCT,exact,0.887,0.85,SYNTHETIC_DEMO
Entity 0320,SUP00961,SUPPLIER,normalized,0.894,0.941,SYNTHETIC_DEMO
Entity 0321,PROD00964,PRODUCT,exact,0.856,0.855,SYNTHETIC_DEMO
Entity 0322,PROD00967,PRODUCT,normalized,0.912,0.936,SYNTHETIC_DEMO
Entity 0323,LOC00970,LOCATION,fuzzy,0.831,0.826,SYNTHETIC_DEMO
Entity 0324,SUP00973,SUPPLIER,exact,0.935,0.941,SYNTHETIC_DEMO
Entity 0325,PROD00976,PRODUCT,fuzzy,0.957,0.825,SYNTHETIC_DEMO
Entity 0326,LOC00979,LOCATION,fuzzy,0.854,0.971,SYNTHETIC_DEMO
Entity 0327,SUP00982,SUPPLIER,exact,0.853,0.898,SYNTHETIC_DEMO
Entity 0328,LOC00985,LOCATION,fuzzy,0.984,0.752,SYNTHETIC_DEMO
Entity 0329,LOC00988,LOCATION,normalized,0.909,0.893,SYNTHETIC_DEMO
Entity 0330,PROD00991,PRODUCT,exact,0.941,0.888,SYNTHETIC_DEMO
Entity 0331,SUP00994,SUPPLIER,fuzzy,0.984,0.928,SYNTHETIC_DEMO
Entity 0332,PROD00997,PRODUCT,exact,0.878,0.952,SYNTHETIC_DEMO
Entity 0333,SUP01000,SUPPLIER,normalized,0.867,0.972,SYNTHETIC_DEMO
Entity 0334,PROD00003,PRODUCT,exact,0.87,0.834,SYNTHETIC_DEMO
Entity 0335,PROD00006,PRODUCT,exact,0.944,0.78,SYNTHETIC_DEMO
Entity 0336,PROD00009,PRODUCT,exact,0.889,0.849,SYNTHETIC_DEMO
Entity 0337,LOC00012,LOCATION,exact,0.863,0.87,SYNTHETIC_DEMO
Entity 0338,PROD00015,PRODUCT,fuzzy,0.841,0.882,SYNTHETIC_DEMO
Entity 0339,LOC00018,LOCATION,fuzzy,0.959,0.897,SYNTHETIC_DEMO
Entity 0340,SUP00021,SUPPLIER,fuzzy,0.913,0.913,SYNTHETIC_DEMO
Entity 0341,SUP00024,SUPPLIER,exact,0.957,0.957,SYNTHETIC_DEMO
Entity 0342,SUP00027,SUPPLIER,fuzzy,0.835,0.914,SYNTHETIC_DEMO
Entity 0343,LOC00030,LOCATION,normalized,0.846,0.908,SYNTHETIC_DEMO
Entity 0344,PROD00033,PRODUCT,fuzzy,0.946,0.762,SYNTHETIC_DEMO
Entity 0345,PROD00036,PRODUCT,exact,0.904,0.835,SYNTHETIC_DEMO
Entity 0346,SUP00039,SUPPLIER,normalized,0.806,0.889,SYNTHETIC_DEMO
Entity 0347,SUP00042,SUPPLIER,normalized,0.844,0.862,SYNTHETIC_DEMO
Entity 0348,SUP00045,SUPPLIER,normalized,0.875,0.859,SYNTHETIC_DEMO
Entity 0349,PROD00048,PRODUCT,fuzzy,0.916,0.801,SYNTHETIC_DEMO
Entity 0350,PROD00051,PRODUCT,normalized,0.851,0.792,SYNTHETIC_DEMO
Entity 0351,SUP00054,SUPPLIER,fuzzy,0.864,0.808,SYNTHETIC_DEMO
Entity 0352,SUP00057,SUPPLIER,fuzzy,0.916,0.959,SYNTHETIC_DEMO
Entity 0353,PROD00060,PRODUCT,exact,0.939,0.756,SYNTHETIC_DEMO
Entity 0354,SUP00063,SUPPLIER,normalized,0.949,0.785,SYNTHETIC_DEMO
Entity 0355,LOC00066,LOCATION,exact,0.897,0.899,SYNTHETIC_DEMO
Entity 0356,SUP00069,SUPPLIER,normalized,0.917,0.87,SYNTHETIC_DEMO
Entity 0357,SUP00072,SUPPLIER,fuzzy,0.854,0.762,SYNTHETIC_DEMO
Entity 0358,LOC00075,LOCATION,exact,0.907,0.978,SYNTHETIC_DEMO
Entity 0359,SUP00078,SUPPLIER,fuzzy,0.821,0.89,SYNTHETIC_DEMO
Entity 0360,SUP00081,SUPPLIER,normalized,0.973,0.907,SYNTHETIC_DEMO
Entity 0361,LOC00084,LOCATION,fuzzy,0.832,0.879,SYNTHETIC_DEMO
Entity 0362,PROD00087,PRODUCT,normalized,0.842,0.907,SYNTHETIC_DEMO
Entity 0363,PROD00090,PRODUCT,fuzzy,0.82,0.852,SYNTHETIC_DEMO
Entity 0364,LOC00093,LOCATION,fuzzy,0.943,0.911,SYNTHETIC_DEMO
Entity 0365,PROD00096,PRODUCT,fuzzy,0.915,0.868,SYNTHETIC_DEMO
Entity 0366,LOC00099,LOCATION,normalized,0.9,0.757,SYNTHETIC_DEMO
Entity 0367,PROD00102,PRODUCT,exact,0.88,0.918,SYNTHETIC_DEMO
Entity 0368,LOC00105,LOCATION,normalized,0.935,0.828,SYNTHETIC_DEMO
Entity 0369,PROD00108,PRODUCT,fuzzy,0.948,0.929,SYNTHETIC_DEMO
Entity 0370,SUP00111,SUPPLIER,fuzzy,0.873,0.908,SYNTHETIC_DEMO
Entity 0371,SUP00114,SUPPLIER,exact,0.829,0.765,SYNTHETIC_DEMO
Entity 0372,PROD00117,PRODUCT,exact,0.898,0.979,SYNTHETIC_DEMO
Entity 0373,SUP00120,SUPPLIER,exact,0.914,0.979,SYNTHETIC_DEMO
Entity 0374,SUP00123,SUPPLIER,fuzzy,0.835,0.949,SYNTHETIC_DEMO
Entity 0375,PROD00126,PRODUCT,exact,0.895,0.85,SYNTHETIC_DEMO
Entity 0376,LOC00129,LOCATION,fuzzy,0.958,0.759,SYNTHETIC_DEMO
Entity 0377,SUP00132,SUPPLIER,exact,0.913,0.808,SYNTHETIC_DEMO
Entity 0378,LOC00135,LOCATION,fuzzy,0.957,0.915,SYNTHETIC_DEMO
Entity 0379,LOC00138,LOCATION,fuzzy,0.88,0.838,SYNTHETIC_DEMO
Entity 0380,PROD00141,PRODUCT,exact,0.927,0.839,SYNTHETIC_DEMO
Entity 0381,SUP00144,SUPPLIER,fuzzy,0.892,0.763,SYNTHETIC_DEMO
Entity 0382,SUP00147,SUPPLIER,normalized,0.871,0.885,SYNTHETIC_DEMO
Entity 0383,SUP00150,SUPPLIER,fuzzy,0.953,0.829,SYNTHETIC_DEMO
Entity 0384,LOC00153,LOCATION,exact,0.897,0.928,SYNTHETIC_DEMO
Entity 0385,LOC00156,LOCATION,exact,0.855,0.888,SYNTHETIC_DEMO
Entity 0386,SUP00159,SUPPLIER,exact,0.828,0.857,SYNTHETIC_DEMO
Entity 0387,PROD00162,PRODUCT,fuzzy,0.988,0.976,SYNTHETIC_DEMO
Entity 0388,LOC00165,LOCATION,exact,0.888,0.753,SYNTHETIC_DEMO
Entity 0389,SUP00168,SUPPLIER,exact,0.857,0.92,SYNTHETIC_DEMO
Entity 0390,PROD00171,PRODUCT,exact,0.804,0.9,SYNTHETIC_DEMO
Entity 0391,PROD00174,PRODUCT,fuzzy,0.953,0.841,SYNTHETIC_DEMO
Entity 0392,PROD00177,PRODUCT,normalized,0.805,0.838,SYNTHETIC_DEMO
Entity 0393,SUP00180,SUPPLIER,normalized,0.872,0.77,SYNTHETIC_DEMO
Entity 0394,SUP00183,SUPPLIER,fuzzy,0.93,0.854,SYNTHETIC_DEMO
Entity 0395,PROD00186,PRODUCT,normalized,0.968,0.791,SYNTHETIC_DEMO
Entity 0396,LOC00189,LOCATION,fuzzy,0.98,0.917,SYNTHETIC_DEMO
Entity 0397,LOC00192,LOCATION,fuzzy,0.958,0.914,SYNTHETIC_DEMO
Entity 0398,LOC00195,LOCATION,fuzzy,0.912,0.786,SYNTHETIC_DEMO
Entity 0399,PROD00198,PRODUCT,fuzzy,0.903,0.839,SYNTHETIC_DEMO
Entity 0400,PROD00201,PRODUCT,normalized,0.964,0.875,SYNTHETIC_DEMO
Entity 0401,SUP00204,SUPPLIER,exact,0.969,0.976,SYNTHETIC_DEMO
Entity 0402,PROD00207,PRODUCT,fuzzy,0.899,0.753,SYNTHETIC_DEMO
Entity 0403,LOC00210,LOCATION,normalized,0.917,0.91,SYNTHETIC_DEMO
Entity 0404,PROD00213,PRODUCT,fuzzy,0.936,0.932,SYNTHETIC_DEMO
Entity 0405,SUP00216,SUPPLIER,normalized,0.928,0.893,SYNTHETIC_DEMO
Entity 0406,SUP00219,SUPPLIER,fuzzy,0.821,0.788,SYNTHETIC_DEMO
Entity 0407,LOC00222,LOCATION,normalized,0.839,0.776,SYNTHETIC_DEMO
Entity 0408,SUP00225,SUPPLIER,normalized,0.812,0.946,SYNTHETIC_DEMO
Entity 0409,SUP00228,SUPPLIER,fuzzy,0.89,0.98,SYNTHETIC_DEMO
Entity 0410,LOC00231,LOCATION,exact,0.903,0.752,SYNTHETIC_DEMO
Entity 0411,SUP00234,SUPPLIER,exact,0.955,0.939,SYNTHETIC_DEMO
Entity 0412,LOC00237,LOCATION,fuzzy,0.983,0.857,SYNTHETIC_DEMO
Entity 0413,SUP00240,SUPPLIER,normalized,0.835,0.846,SYNTHETIC_DEMO
Entity 0414,PROD00243,PRODUCT,normalized,0.859,0.922,SYNTHETIC_DEMO
Entity 0415,LOC00246,LOCATION,exact,0.892,0.817,SYNTHETIC_DEMO
Entity 0416,LOC00249,LOCATION,fuzzy,0.873,0.905,SYNTHETIC_DEMO
Entity 0417,LOC00252,LOCATION,exact,0.905,0.779,SYNTHETIC_DEMO
Entity 0418,SUP00255,SUPPLIER,exact,0.927,0.794,SYNTHETIC_DEMO
Entity 0419,SUP00258,SUPPLIER,fuzzy,0.875,0.833,SYNTHETIC_DEMO
Entity 0420,PROD00261,PRODUCT,normalized,0.96,0.757,SYNTHETIC_DEMO
Entity 0421,SUP00264,SUPPLIER,exact,0.893,0.936,SYNTHETIC_DEMO
Entity 0422,PROD00267,PRODUCT,normalized,0.968,0.843,SYNTHETIC_DEMO
Entity 0423,LOC00270,LOCATION,fuzzy,0.904,0.814,SYNTHETIC_DEMO
Entity 0424,PROD00273,PRODUCT,exact,0.948,0.859,SYNTHETIC_DEMO
Entity 0425,LOC00276,LOCATION,fuzzy,0.855,0.903,SYNTHETIC_DEMO
Entity 0426,LOC00279,LOCATION,fuzzy,0.875,0.777,SYNTHETIC_DEMO
Entity 0427,LOC00282,LOCATION,fuzzy,0.892,0.898,SYNTHETIC_DEMO
Entity 0428,SUP00285,SUPPLIER,exact,0.831,0.805,SYNTHETIC_DEMO
Entity 0429,PROD00288,PRODUCT,normalized,0.816,0.892,SYNTHETIC_DEMO
Entity 0430,LOC00291,LOCATION,fuzzy,0.87,0.751,SYNTHETIC_DEMO
Entity 0431,PROD00294,PRODUCT,fuzzy,0.863,0.777,SYNTHETIC_DEMO
Entity 0432,PROD00297,PRODUCT,normalized,0.92,0.93,SYNTHETIC_DEMO
Entity 0433,PROD00300,PRODUCT,normalized,0.893,0.858,SYNTHETIC_DEMO
Entity 0434,LOC00303,LOCATION,fuzzy,0.965,0.893,SYNTHETIC_DEMO
Entity 0435,PROD00306,PRODUCT,normalized,0.962,0.814,SYNTHETIC_DEMO
Entity 0436,SUP00309,SUPPLIER,fuzzy,0.975,0.917,SYNTHETIC_DEMO
Entity 0437,LOC00312,LOCATION,normalized,0.904,0.855,SYNTHETIC_DEMO
Entity 0438,PROD00315,PRODUCT,exact,0.877,0.869,SYNTHETIC_DEMO
Entity 0439,LOC00318,LOCATION,normalized,0.807,0.806,SYNTHETIC_DEMO
Entity 0440,PROD00321,PRODUCT,normalized,0.848,0.866,SYNTHETIC_DEMO
Entity 0441,PROD00324,PRODUCT,fuzzy,0.983,0.77,SYNTHETIC_DEMO
Entity 0442,LOC00327,LOCATION,exact,0.945,0.974,SYNTHETIC_DEMO
Entity 0443,PROD00330,PRODUCT,normalized,0.878,0.89,SYNTHETIC_DEMO
Entity 0444,SUP00333,SUPPLIER,fuzzy,0.844,0.942,SYNTHETIC_DEMO
Entity 0445,SUP00336,SUPPLIER,exact,0.938,0.953,SYNTHETIC_DEMO
Entity 0446,PROD00339,PRODUCT,fuzzy,0.973,0.883,SYNTHETIC_DEMO
Entity 0447,PROD00342,PRODUCT,fuzzy,0.888,0.83,SYNTHETIC_DEMO
Entity 0448,LOC00345,LOCATION,normalized,0.872,0.841,SYNTHETIC_DEMO
Entity 0449,PROD00348,PRODUCT,fuzzy,0.859,0.824,SYNTHETIC_DEMO
Entity 0450,SUP00351,SUPPLIER,fuzzy,0.893,0.788,SYNTHETIC_DEMO
Entity 0451,LOC00354,LOCATION,normalized,0.947,0.795,SYNTHETIC_DEMO
Entity 0452,SUP00357,SUPPLIER,exact,0.948,0.764,SYNTHETIC_DEMO
Entity 0453,SUP00360,SUPPLIER,normalized,0.962,0.879,SYNTHETIC_DEMO
Entity 0454,LOC00363,LOCATION,fuzzy,0.984,0.8,SYNTHETIC_DEMO
Entity 0455,SUP00366,SUPPLIER,exact,0.919,0.955,SYNTHETIC_DEMO
Entity 0456,PROD00369,PRODUCT,fuzzy,0.892,0.782,SYNTHETIC_DEMO
Entity 0457,SUP00372,SUPPLIER,fuzzy,0.879,0.876,SYNTHETIC_DEMO
Entity 0458,SUP00375,SUPPLIER,fuzzy,0.938,0.754,SYNTHETIC_DEMO
Entity 0459,LOC00378,LOCATION,normalized,0.9,0.788,SYNTHETIC_DEMO
Entity 0460,SUP00381,SUPPLIER,fuzzy,0.811,0.932,SYNTHETIC_DEMO
Entity 0461,LOC00384,LOCATION,fuzzy,0.845,0.77,SYNTHETIC_DEMO
Entity 0462,SUP00387,SUPPLIER,exact,0.909,0.825,SYNTHETIC_DEMO
Entity 0463,SUP00390,SUPPLIER,exact,0.834,0.839,SYNTHETIC_DEMO
Entity 0464,SUP00393,SUPPLIER,normalized,0.895,0.83,SYNTHETIC_DEMO
Entity 0465,LOC00396,LOCATION,fuzzy,0.819,0.961,SYNTHETIC_DEMO
Entity 0466,LOC00399,LOCATION,exact,0.95,0.81,SYNTHETIC_DEMO
Entity 0467,LOC00402,LOCATION,exact,0.887,0.758,SYNTHETIC_DEMO
Entity 0468,LOC00405,LOCATION,fuzzy,0.94,0.941,SYNTHETIC_DEMO
Entity 0469,PROD00408,PRODUCT,normalized,0.968,0.956,SYNTHETIC_DEMO
Entity 0470,SUP00411,SUPPLIER,exact,0.909,0.931,SYNTHETIC_DEMO
Entity 0471,LOC00414,LOCATION,exact,0.827,0.911,SYNTHETIC_DEMO
Entity 0472,PROD00417,PRODUCT,exact,0.932,0.808,SYNTHETIC_DEMO
Entity 0473,LOC00420,LOCATION,exact,0.93,0.889,SYNTHETIC_DEMO
Entity 0474,PROD00423,PRODUCT,exact,0.922,0.958,SYNTHETIC_DEMO
Entity 0475,PROD00426,PRODUCT,normalized,0.816,0.866,SYNTHETIC_DEMO
Entity 0476,LOC00429,LOCATION,exact,0.901,0.768,SYNTHETIC_DEMO
Entity 0477,SUP00432,SUPPLIER,exact,0.803,0.839,SYNTHETIC_DEMO
Entity 0478,SUP00435,SUPPLIER,fuzzy,0.848,0.953,SYNTHETIC_DEMO
Entity 0479,PROD00438,PRODUCT,fuzzy,0.9,0.823,SYNTHETIC_DEMO
Entity 0480,SUP00441,SUPPLIER,normalized,0.896,0.785,SYNTHETIC_DEMO
Entity 0481,LOC00444,LOCATION,exact,0.862,0.86,SYNTHETIC_DEMO
Entity 0482,LOC00447,LOCATION,fuzzy,0.805,0.811,SYNTHETIC_DEMO
Entity 0483,LOC00450,LOCATION,exact,0.829,0.867,SYNTHETIC_DEMO
Entity 0484,SUP00453,SUPPLIER,exact,0.833,0.899,SYNTHETIC_DEMO
Entity 0485,PROD00456,PRODUCT,normalized,0.832,0.931,SYNTHETIC_DEMO
Entity 0486,PROD00459,PRODUCT,fuzzy,0.974,0.837,SYNTHETIC_DEMO
Entity 0487,LOC00462,LOCATION,fuzzy,0.957,0.962,SYNTHETIC_DEMO
Entity 0488,SUP00465,SUPPLIER,fuzzy,0.968,0.755,SYNTHETIC_DEMO
Entity 0489,LOC00468,LOCATION,fuzzy,0.954,0.805,SYNTHETIC_DEMO
Entity 0490,SUP00471,SUPPLIER,fuzzy,0.837,0.793,SYNTHETIC_DEMO
Entity 0491,SUP00474,SUPPLIER,fuzzy,0.838,0.848,SYNTHETIC_DEMO
Entity 0492,LOC00477,LOCATION,fuzzy,0.852,0.868,SYNTHETIC_DEMO
Entity 0493,LOC00480,LOCATION,normalized,0.983,0.923,SYNTHETIC_DEMO
Entity 0494,SUP00483,SUPPLIER,normalized,0.974,0.929,SYNTHETIC_DEMO
Entity 0495,SUP00486,SUPPLIER,fuzzy,0.899,0.848,SYNTHETIC_DEMO
Entity 0496,PROD00489,PRODUCT,exact,0.869,0.792,SYNTHETIC_DEMO
Entity 0497,PROD00492,PRODUCT,normalized,0.952,0.778,SYNTHETIC_DEMO
Entity 0498,LOC00495,LOCATION,normalized,0.928,0.848,SYNTHETIC_DEMO
Entity 0499,LOC00498,LOCATION,fuzzy,0.931,0.918,SYNTHETIC_DEMO
Entity 0500,SUP00501,SUPPLIER,fuzzy,0.894,0.941,SYNTHETIC_DEMO
Entity 0501,LOC00504,LOCATION,normalized,0.941,0.836,SYNTHETIC_DEMO
Entity 0502,PROD00507,PRODUCT,normalized,0.971,0.884,SYNTHETIC_DEMO
Entity 0503,SUP00510,SUPPLIER,exact,0.937,0.781,SYNTHETIC_DEMO
Entity 0504,SUP00513,SUPPLIER,normalized,0.912,0.973,SYNTHETIC_DEMO
Entity 0505,SUP00516,SUPPLIER,fuzzy,0.902,0.877,SYNTHETIC_DEMO
Entity 0506,SUP00519,SUPPLIER,fuzzy,0.849,0.832,SYNTHETIC_DEMO
Entity 0507,LOC00522,LOCATION,exact,0.956,0.915,SYNTHETIC_DEMO
Entity 0508,SUP00525,SUPPLIER,fuzzy,0.977,0.853,SYNTHETIC_DEMO
Entity 0509,PROD00528,PRODUCT,exact,0.948,0.786,SYNTHETIC_DEMO
Entity 0510,LOC00531,LOCATION,exact,0.881,0.877,SYNTHETIC_DEMO
Entity 0511,LOC00534,LOCATION,exact,0.907,0.868,SYNTHETIC_DEMO
Entity 0512,LOC00537,LOCATION,normalized,0.902,0.892,SYNTHETIC_DEMO
Entity 0513,PROD00540,PRODUCT,fuzzy,0.84,0.934,SYNTHETIC_DEMO
Entity 0514,LOC00543,LOCATION,exact,0.838,0.769,SYNTHETIC_DEMO
Entity 0515,SUP00546,SUPPLIER,fuzzy,0.876,0.916,SYNTHETIC_DEMO
Entity 0516,SUP00549,SUPPLIER,normalized,0.838,0.973,SYNTHETIC_DEMO
Entity 0517,PROD00552,PRODUCT,fuzzy,0.94,0.902,SYNTHETIC_DEMO
Entity 0518,PROD00555,PRODUCT,fuzzy,0.861,0.893,SYNTHETIC_DEMO
Entity 0519,LOC00558,LOCATION,fuzzy,0.972,0.81,SYNTHETIC_DEMO
Entity 0520,PROD00561,PRODUCT,exact,0.893,0.87,SYNTHETIC_DEMO
Entity 0521,SUP00564,SUPPLIER,fuzzy,0.802,0.954,SYNTHETIC_DEMO
Entity 0522,LOC00567,LOCATION,fuzzy,0.864,0.919,SYNTHETIC_DEMO
Entity 0523,SUP00570,SUPPLIER,normalized,0.866,0.929,SYNTHETIC_DEMO
Entity 0524,LOC00573,LOCATION,exact,0.815,0.911,SYNTHETIC_DEMO
Entity 0525,LOC00576,LOCATION,fuzzy,0.985,0.924,SYNTHETIC_DEMO
Entity 0526,LOC00579,LOCATION,exact,0.981,0.868,SYNTHETIC_DEMO
Entity 0527,SUP00582,SUPPLIER,normalized,0.884,0.882,SYNTHETIC_DEMO
Entity 0528,PROD00585,PRODUCT,normalized,0.804,0.889,SYNTHETIC_DEMO
Entity 0529,LOC00588,LOCATION,fuzzy,0.955,0.966,SYNTHETIC_DEMO
Entity 0530,LOC00591,LOCATION,normalized,0.981,0.814,SYNTHETIC_DEMO
Entity 0531,PROD00594,PRODUCT,normalized,0.936,0.888,SYNTHETIC_DEMO
Entity 0532,PROD00597,PRODUCT,exact,0.918,0.917,SYNTHETIC_DEMO
Entity 0533,LOC00600,LOCATION,fuzzy,0.852,0.876,SYNTHETIC_DEMO
Entity 0534,PROD00603,PRODUCT,fuzzy,0.846,0.763,SYNTHETIC_DEMO
Entity 0535,SUP00606,SUPPLIER,normalized,0.848,0.945,SYNTHETIC_DEMO
Entity 0536,LOC00609,LOCATION,fuzzy,0.868,0.772,SYNTHETIC_DEMO
Entity 0537,SUP00612,SUPPLIER,fuzzy,0.975,0.851,SYNTHETIC_DEMO
Entity 0538,LOC00615,LOCATION,fuzzy,0.809,0.84,SYNTHETIC_DEMO
Entity 0539,SUP00618,SUPPLIER,fuzzy,0.975,0.937,SYNTHETIC_DEMO
Entity 0540,SUP00621,SUPPLIER,fuzzy,0.913,0.838,SYNTHETIC_DEMO
Entity 0541,SUP00624,SUPPLIER,fuzzy,0.968,0.885,SYNTHETIC_DEMO
Entity 0542,PROD00627,PRODUCT,exact,0.943,0.898,SYNTHETIC_DEMO
Entity 0543,LOC00630,LOCATION,fuzzy,0.859,0.897,SYNTHETIC_DEMO
Entity 0544,LOC00633,LOCATION,exact,0.889,0.914,SYNTHETIC_DEMO
Entity 0545,PROD00636,PRODUCT,fuzzy,0.852,0.968,SYNTHETIC_DEMO
Entity 0546,SUP00639,SUPPLIER,fuzzy,0.936,0.874,SYNTHETIC_DEMO
Entity 0547,PROD00642,PRODUCT,normalized,0.966,0.786,SYNTHETIC_DEMO
Entity 0548,PROD00645,PRODUCT,fuzzy,0.883,0.79,SYNTHETIC_DEMO
Entity 0549,SUP00648,SUPPLIER,fuzzy,0.836,0.869,SYNTHETIC_DEMO
Entity 0550,SUP00651,SUPPLIER,normalized,0.912,0.955,SYNTHETIC_DEMO
Entity 0551,LOC00654,LOCATION,normalized,0.813,0.972,SYNTHETIC_DEMO
Entity 0552,SUP00657,SUPPLIER,normalized,0.918,0.921,SYNTHETIC_DEMO
Entity 0553,PROD00660,PRODUCT,normalized,0.951,0.886,SYNTHETIC_DEMO
Entity 0554,PROD00663,PRODUCT,fuzzy,0.803,0.842,SYNTHETIC_DEMO
Entity 0555,SUP00666,SUPPLIER,normalized,0.91,0.938,SYNTHETIC_DEMO
Entity 0556,SUP00669,SUPPLIER,exact,0.962,0.872,SYNTHETIC_DEMO
Entity 0557,SUP00672,SUPPLIER,normalized,0.99,0.858,SYNTHETIC_DEMO
Entity 0558,LOC00675,LOCATION,normalized,0.824,0.845,SYNTHETIC_DEMO
Entity 0559,PROD00678,PRODUCT,exact,0.836,0.9,SYNTHETIC_DEMO
Entity 0560,LOC00681,LOCATION,exact,0.932,0.882,SYNTHETIC_DEMO
Entity 0561,SUP00684,SUPPLIER,normalized,0.848,0.804,SYNTHETIC_DEMO
Entity 0562,LOC00687,LOCATION,fuzzy,0.953,0.947,SYNTHETIC_DEMO
Entity 0563,LOC00690,LOCATION,fuzzy,0.844,0.807,SYNTHETIC_DEMO
Entity 0564,SUP00693,SUPPLIER,fuzzy,0.901,0.97,SYNTHETIC_DEMO
Entity 0565,PROD00696,PRODUCT,normalized,0.981,0.972,SYNTHETIC_DEMO
Entity 0566,PROD00699,PRODUCT,fuzzy,0.924,0.944,SYNTHETIC_DEMO
Entity 0567,SUP00702,SUPPLIER,normalized,0.917,0.789,SYNTHETIC_DEMO
Entity 0568,PROD00705,PRODUCT,normalized,0.83,0.955,SYNTHETIC_DEMO
Entity 0569,LOC00708,LOCATION,normalized,0.935,0.891,SYNTHETIC_DEMO
Entity 0570,PROD00711,PRODUCT,normalized,0.935,0.752,SYNTHETIC_DEMO
Entity 0571,PROD00714,PRODUCT,exact,0.946,0.921,SYNTHETIC_DEMO
Entity 0572,PROD00717,PRODUCT,exact,0.823,0.822,SYNTHETIC_DEMO
Entity 0573,SUP00720,SUPPLIER,exact,0.901,0.774,SYNTHETIC_DEMO
Entity 0574,LOC00723,LOCATION,exact,0.854,0.776,SYNTHETIC_DEMO
Entity 0575,LOC00726,LOCATION,exact,0.975,0.945,SYNTHETIC_DEMO
Entity 0576,LOC00729,LOCATION,normalized,0.88,0.951,SYNTHETIC_DEMO
Entity 0577,PROD00732,PRODUCT,fuzzy,0.974,0.831,SYNTHETIC_DEMO
Entity 0578,PROD00735,PRODUCT,fuzzy,0.802,0.928,SYNTHETIC_DEMO
Entity 0579,LOC00738,LOCATION,normalized,0.874,0.842,SYNTHETIC_DEMO
Entity 0580,LOC00741,LOCATION,exact,0.802,0.977,SYNTHETIC_DEMO
Entity 0581,PROD00744,PRODUCT,normalized,0.959,0.874,SYNTHETIC_DEMO
Entity 0582,SUP00747,SUPPLIER,normalized,0.849,0.81,SYNTHETIC_DEMO
Entity 0583,PROD00750,PRODUCT,normalized,0.832,0.77,SYNTHETIC_DEMO
Entity 0584,PROD00753,PRODUCT,fuzzy,0.872,0.868,SYNTHETIC_DEMO
Entity 0585,LOC00756,LOCATION,normalized,0.915,0.825,SYNTHETIC_DEMO
Entity 0586,SUP00759,SUPPLIER,exact,0.909,0.798,SYNTHETIC_DEMO
Entity 0587,SUP00762,SUPPLIER,fuzzy,0.918,0.824,SYNTHETIC_DEMO
Entity 0588,SUP00765,SUPPLIER,normalized,0.804,0.928,SYNTHETIC_DEMO
Entity 0589,PROD00768,PRODUCT,exact,0.906,0.8,SYNTHETIC_DEMO
Entity 0590,LOC00771,LOCATION,exact,0.812,0.86,SYNTHETIC_DEMO
Entity 0591,SUP00774,SUPPLIER,normalized,0.802,0.904,SYNTHETIC_DEMO
Entity 0592,PROD00777,PRODUCT,normalized,0.939,0.777,SYNTHETIC_DEMO
Entity 0593,SUP00780,SUPPLIER,exact,0.943,0.809,SYNTHETIC_DEMO
Entity 0594,PROD00783,PRODUCT,fuzzy,0.939,0.815,SYNTHETIC_DEMO
Entity 0595,PROD00786,PRODUCT,fuzzy,0.962,0.949,SYNTHETIC_DEMO
Entity 0596,LOC00789,LOCATION,exact,0.971,0.879,SYNTHETIC_DEMO
Entity 0597,LOC00792,LOCATION,fuzzy,0.85,0.786,SYNTHETIC_DEMO
Entity 0598,SUP00795,SUPPLIER,normalized,0.862,0.79,SYNTHETIC_DEMO
Entity 0599,SUP00798,SUPPLIER,exact,0.97,0.828,SYNTHETIC_DEMO
Entity 0600,SUP00801,SUPPLIER,normalized,0.848,0.785,SYNTHETIC_DEMO
Entity 0601,PROD00804,PRODUCT,exact,0.898,0.858,SYNTHETIC_DEMO
Entity 0602,PROD00807,PRODUCT,fuzzy,0.954,0.883,SYNTHETIC_DEMO
Entity 0603,PROD00810,PRODUCT,exact,0.954,0.753,SYNTHETIC_DEMO
Entity 0604,LOC00813,LOCATION,normalized,0.83,0.885,SYNTHETIC_DEMO
Entity 0605,SUP00816,SUPPLIER,exact,0.943,0.972,SYNTHETIC_DEMO
Entity 0606,LOC00819,LOCATION,fuzzy,0.925,0.932,SYNTHETIC_DEMO
Entity 0607,SUP00822,SUPPLIER,normalized,0.979,0.766,SYNTHETIC_DEMO
Entity 0608,LOC00825,LOCATION,fuzzy,0.843,0.928,SYNTHETIC_DEMO
Entity 0609,PROD00828,PRODUCT,exact,0.929,0.763,SYNTHETIC_DEMO
Entity 0610,LOC00831,LOCATION,normalized,0.935,0.771,SYNTHETIC_DEMO
Entity 0611,LOC00834,LOCATION,fuzzy,0.84,0.868,SYNTHETIC_DEMO
Entity 0612,LOC00837,LOCATION,fuzzy,0.881,0.918,SYNTHETIC_DEMO
Entity 0613,PROD00840,PRODUCT,exact,0.846,0.83,SYNTHETIC_DEMO
Entity 0614,SUP00843,SUPPLIER,normalized,0.872,0.792,SYNTHETIC_DEMO
Entity 0615,SUP00846,SUPPLIER,exact,0.91,0.892,SYNTHETIC_DEMO
Entity 0616,PROD00849,PRODUCT,normalized,0.893,0.882,SYNTHETIC_DEMO
Entity 0617,LOC00852,LOCATION,exact,0.826,0.88,SYNTHETIC_DEMO
Entity 0618,LOC00855,LOCATION,normalized,0.815,0.892,SYNTHETIC_DEMO
Entity 0619,LOC00858,LOCATION,normalized,0.865,0.778,SYNTHETIC_DEMO
Entity 0620,SUP00861,SUPPLIER,exact,0.909,0.897,SYNTHETIC_DEMO
Entity 0621,PROD00864,PRODUCT,normalized,0.884,0.904,SYNTHETIC_DEMO
Entity 0622,LOC00867,LOCATION,exact,0.902,0.804,SYNTHETIC_DEMO
Entity 0623,LOC00870,LOCATION,normalized,0.861,0.974,SYNTHETIC_DEMO
Entity 0624,LOC00873,LOCATION,normalized,0.927,0.923,SYNTHETIC_DEMO
Entity 0625,LOC00876,LOCATION,normalized,0.853,0.972,SYNTHETIC_DEMO
Entity 0626,LOC00879,LOCATION,fuzzy,0.907,0.756,SYNTHETIC_DEMO
Entity 0627,LOC00882,LOCATION,exact,0.845,0.923,SYNTHETIC_DEMO
Entity 0628,SUP00885,SUPPLIER,exact,0.815,0.818,SYNTHETIC_DEMO
Entity 0629,PROD00888,PRODUCT,fuzzy,0.815,0.907,SYNTHETIC_DEMO
Entity 0630,PROD00891,PRODUCT,fuzzy,0.868,0.847,SYNTHETIC_DEMO
Entity 0631,SUP00894,SUPPLIER,normalized,0.84,0.886,SYNTHETIC_DEMO
Entity 0632,SUP00897,SUPPLIER,fuzzy,0.811,0.849,SYNTHETIC_DEMO
Entity 0633,PROD00900,PRODUCT,normalized,0.814,0.752,SYNTHETIC_DEMO
Entity 0634,SUP00903,SUPPLIER,normalized,0.872,0.949,SYNTHETIC_DEMO
Entity 0635,PROD00906,PRODUCT,exact,0.866,0.768,SYNTHETIC_DEMO
Entity 0636,LOC00909,LOCATION,exact,0.95,0.94,SYNTHETIC_DEMO
Entity 0637,SUP00912,SUPPLIER,exact,0.854,0.76,SYNTHETIC_DEMO
Entity 0638,SUP00915,SUPPLIER,normalized,0.839,0.884,SYNTHETIC_DEMO
Entity 0639,LOC00918,LOCATION,exact,0.889,0.769,SYNTHETIC_DEMO
Entity 0640,LOC00921,LOCATION,normalized,0.959,0.954,SYNTHETIC_DEMO
Entity 0641,LOC00924,LOCATION,exact,0.822,0.92,SYNTHETIC_DEMO
Entity 0642,LOC00927,LOCATION,normalized,0.935,0.842,SYNTHETIC_DEMO
Entity 0643,SUP00930,SUPPLIER,exact,0.985,0.754,SYNTHETIC_DEMO
Entity 0644,LOC00933,LOCATION,exact,0.823,0.94,SYNTHETIC_DEMO
Entity 0645,LOC00936,LOCATION,fuzzy,0.987,0.865,SYNTHETIC_DEMO
Entity 0646,LOC00939,LOCATION,fuzzy,0.857,0.934,SYNTHETIC_DEMO
Entity 0647,SUP00942,SUPPLIER,normalized,0.82,0.763,SYNTHETIC_DEMO
Entity 0648,SUP00945,SUPPLIER,fuzzy,0.864,0.959,SYNTHETIC_DEMO
Entity 0649,SUP00948,SUPPLIER,fuzzy,0.87,0.962,SYNTHETIC_DEMO
Entity 0650,SUP00951,SUPPLIER,fuzzy,0.947,0.903,SYNTHETIC_DEMO
Entity 0651,SUP00954,SUPPLIER,normalized,0.933,0.959,SYNTHETIC_DEMO
Entity 0652,PROD00957,PRODUCT,normalized,0.879,0.768,SYNTHETIC_DEMO
Entity 0653,LOC00960,LOCATION,exact,0.899,0.857,SYNTHETIC_DEMO
Entity 0654,PROD00963,PRODUCT,normalized,0.966,0.773,SYNTHETIC_DEMO
Entity 0655,SUP00966,SUPPLIER,exact,0.901,0.803,SYNTHETIC_DEMO
Entity 0656,SUP00969,SUPPLIER,fuzzy,0.878,0.958,SYNTHETIC_DEMO
Entity 0657,LOC00972,LOCATION,exact,0.861,0.885,SYNTHETIC_DEMO
Entity 0658,LOC00975,LOCATION,fuzzy,0.845,0.808,SYNTHETIC_DEMO
Entity 0659,LOC00978,LOCATION,normalized,0.846,0.812,SYNTHETIC_DEMO
Entity 0660,LOC00981,LOCATION,exact,0.801,0.917,SYNTHETIC_DEMO
Entity 0661,PROD00984,PRODUCT,normalized,0.894,0.763,SYNTHETIC_DEMO
Entity 0662,LOC00987,LOCATION,fuzzy,0.911,0.843,SYNTHETIC_DEMO
Entity 0663,LOC00990,LOCATION,fuzzy,0.946,0.767,SYNTHETIC_DEMO
Entity 0664,PROD00993,PRODUCT,exact,0.948,0.778,SYNTHETIC_DEMO
Entity 0665,LOC00996,LOCATION,fuzzy,0.807,0.905,SYNTHETIC_DEMO
Entity 0666,PROD00999,PRODUCT,fuzzy,0.935,0.896,SYNTHETIC_DEMO
Entity 0667,LOC00002,LOCATION,normalized,0.805,0.81,SYNTHETIC_DEMO
Entity 0668,LOC00005,LOCATION,exact,0.86,0.921,SYNTHETIC_DEMO
Entity 0669,PROD00008,PRODUCT,fuzzy,0.899,0.915,SYNTHETIC_DEMO
Entity 0670,SUP00011,SUPPLIER,normalized,0.832,0.848,SYNTHETIC_DEMO
Entity 0671,LOC00014,LOCATION,normalized,0.941,0.92,SYNTHETIC_DEMO
Entity 0672,LOC00017,LOCATION,fuzzy,0.888,0.906,SYNTHETIC_DEMO
Entity 0673,PROD00020,PRODUCT,fuzzy,0.919,0.879,SYNTHETIC_DEMO
Entity 0674,SUP00023,SUPPLIER,exact,0.891,0.918,SYNTHETIC_DEMO
Entity 0675,SUP00026,SUPPLIER,exact,0.824,0.911,SYNTHETIC_DEMO
Entity 0676,SUP00029,SUPPLIER,normalized,0.95,0.808,SYNTHETIC_DEMO
Entity 0677,PROD00032,PRODUCT,normalized,0.973,0.935,SYNTHETIC_DEMO
Entity 0678,SUP00035,SUPPLIER,normalized,0.881,0.893,SYNTHETIC_DEMO
Entity 0679,PROD00038,PRODUCT,normalized,0.981,0.88,SYNTHETIC_DEMO
Entity 0680,SUP00041,SUPPLIER,exact,0.861,0.803,SYNTHETIC_DEMO
Entity 0681,LOC00044,LOCATION,normalized,0.91,0.752,SYNTHETIC_DEMO
Entity 0682,SUP00047,SUPPLIER,normalized,0.809,0.86,SYNTHETIC_DEMO
Entity 0683,LOC00050,LOCATION,exact,0.976,0.781,SYNTHETIC_DEMO
Entity 0684,PROD00053,PRODUCT,fuzzy,0.917,0.884,SYNTHETIC_DEMO
Entity 0685,SUP00056,SUPPLIER,fuzzy,0.918,0.794,SYNTHETIC_DEMO
Entity 0686,SUP00059,SUPPLIER,normalized,0.838,0.815,SYNTHETIC_DEMO
Entity 0687,PROD00062,PRODUCT,exact,0.866,0.954,SYNTHETIC_DEMO
Entity 0688,SUP00065,SUPPLIER,fuzzy,0.869,0.8,SYNTHETIC_DEMO
Entity 0689,SUP00068,SUPPLIER,fuzzy,0.986,0.801,SYNTHETIC_DEMO
Entity 0690,SUP00071,SUPPLIER,exact,0.852,0.83,SYNTHETIC_DEMO
Entity 0691,LOC00074,LOCATION,exact,0.82,0.89,SYNTHETIC_DEMO
Entity 0692,LOC00077,LOCATION,normalized,0.987,0.975,SYNTHETIC_DEMO
Entity 0693,LOC00080,LOCATION,exact,0.832,0.927,SYNTHETIC_DEMO
Entity 0694,SUP00083,SUPPLIER,normalized,0.937,0.937,SYNTHETIC_DEMO
Entity 0695,SUP00086,SUPPLIER,exact,0.846,0.924,SYNTHETIC_DEMO
Entity 0696,PROD00089,PRODUCT,fuzzy,0.889,0.854,SYNTHETIC_DEMO
Entity 0697,SUP00092,SUPPLIER,normalized,0.922,0.942,SYNTHETIC_DEMO
Entity 0698,SUP00095,SUPPLIER,exact,0.874,0.864,SYNTHETIC_DEMO
Entity 0699,PROD00098,PRODUCT,normalized,0.944,0.912,SYNTHETIC_DEMO
Entity 0700,LOC00101,LOCATION,normalized,0.848,0.817,SYNTHETIC_DEMO
Entity 0701,PROD00104,PRODUCT,exact,0.872,0.83,SYNTHETIC_DEMO
Entity 0702,SUP00107,SUPPLIER,fuzzy,0.834,0.756,SYNTHETIC_DEMO
Entity 0703,LOC00110,LOCATION,fuzzy,0.822,0.889,SYNTHETIC_DEMO
Entity 0704,PROD00113,PRODUCT,normalized,0.82,0.967,SYNTHETIC_DEMO
Entity 0705,SUP00116,SUPPLIER,fuzzy,0.982,0.966,SYNTHETIC_DEMO
Entity 0706,LOC00119,LOCATION,fuzzy,0.977,0.798,SYNTHETIC_DEMO
Entity 0707,LOC00122,LOCATION,exact,0.951,0.863,SYNTHETIC_DEMO
Entity 0708,LOC00125,LOCATION,fuzzy,0.82,0.852,SYNTHETIC_DEMO
Entity 0709,LOC00128,LOCATION,exact,0.833,0.844,SYNTHETIC_DEMO
Entity 0710,SUP00131,SUPPLIER,exact,0.83,0.975,SYNTHETIC_DEMO
Entity 0711,PROD00134,PRODUCT,fuzzy,0.871,0.952,SYNTHETIC_DEMO
Entity 0712,SUP00137,SUPPLIER,normalized,0.915,0.884,SYNTHETIC_DEMO
Entity 0713,LOC00140,LOCATION,fuzzy,0.889,0.894,SYNTHETIC_DEMO
Entity 0714,SUP00143,SUPPLIER,fuzzy,0.818,0.765,SYNTHETIC_DEMO
Entity 0715,LOC00146,LOCATION,fuzzy,0.967,0.788,SYNTHETIC_DEMO
Entity 0716,PROD00149,PRODUCT,fuzzy,0.929,0.954,SYNTHETIC_DEMO
Entity 0717,SUP00152,SUPPLIER,fuzzy,0.964,0.913,SYNTHETIC_DEMO
Entity 0718,SUP00155,SUPPLIER,normalized,0.909,0.814,SYNTHETIC_DEMO
Entity 0719,PROD00158,PRODUCT,normalized,0.821,0.796,SYNTHETIC_DEMO
Entity 0720,PROD00161,PRODUCT,normalized,0.921,0.891,SYNTHETIC_DEMO
Entity 0721,SUP00164,SUPPLIER,fuzzy,0.966,0.847,SYNTHETIC_DEMO
Entity 0722,PROD00167,PRODUCT,fuzzy,0.983,0.771,SYNTHETIC_DEMO
Entity 0723,SUP00170,SUPPLIER,normalized,0.967,0.905,SYNTHETIC_DEMO
Entity 0724,PROD00173,PRODUCT,exact,0.837,0.935,SYNTHETIC_DEMO
Entity 0725,SUP00176,SUPPLIER,normalized,0.973,0.953,SYNTHETIC_DEMO
Entity 0726,PROD00179,PRODUCT,exact,0.969,0.813,SYNTHETIC_DEMO
Entity 0727,LOC00182,LOCATION,exact,0.929,0.969,SYNTHETIC_DEMO
Entity 0728,LOC00185,LOCATION,normalized,0.934,0.852,SYNTHETIC_DEMO
Entity 0729,LOC00188,LOCATION,fuzzy,0.925,0.963,SYNTHETIC_DEMO
Entity 0730,PROD00191,PRODUCT,normalized,0.899,0.88,SYNTHETIC_DEMO
Entity 0731,LOC00194,LOCATION,exact,0.867,0.948,SYNTHETIC_DEMO
Entity 0732,PROD00197,PRODUCT,normalized,0.884,0.918,SYNTHETIC_DEMO
Entity 0733,SUP00200,SUPPLIER,fuzzy,0.826,0.965,SYNTHETIC_DEMO
Entity 0734,SUP00203,SUPPLIER,fuzzy,0.814,0.789,SYNTHETIC_DEMO
Entity 0735,PROD00206,PRODUCT,exact,0.809,0.767,SYNTHETIC_DEMO
Entity 0736,PROD00209,PRODUCT,fuzzy,0.822,0.794,SYNTHETIC_DEMO
Entity 0737,PROD00212,PRODUCT,fuzzy,0.921,0.946,SYNTHETIC_DEMO
Entity 0738,SUP00215,SUPPLIER,fuzzy,0.801,0.899,SYNTHETIC_DEMO
Entity 0739,SUP00218,SUPPLIER,normalized,0.974,0.822,SYNTHETIC_DEMO
Entity 0740,PROD00221,PRODUCT,exact,0.972,0.784,SYNTHETIC_DEMO
Entity 0741,PROD00224,PRODUCT,normalized,0.837,0.82,SYNTHETIC_DEMO
Entity 0742,PROD00227,PRODUCT,normalized,0.862,0.89,SYNTHETIC_DEMO
Entity 0743,SUP00230,SUPPLIER,exact,0.94,0.779,SYNTHETIC_DEMO
Entity 0744,SUP00233,SUPPLIER,exact,0.986,0.762,SYNTHETIC_DEMO
Entity 0745,LOC00236,LOCATION,fuzzy,0.867,0.93,SYNTHETIC_DEMO
Entity 0746,SUP00239,SUPPLIER,fuzzy,0.975,0.887,SYNTHETIC_DEMO
Entity 0747,LOC00242,LOCATION,exact,0.814,0.792,SYNTHETIC_DEMO
Entity 0748,PROD00245,PRODUCT,normalized,0.861,0.978,SYNTHETIC_DEMO
Entity 0749,PROD00248,PRODUCT,fuzzy,0.92,0.953,SYNTHETIC_DEMO
Entity 0750,LOC00251,LOCATION,exact,0.824,0.976,SYNTHETIC_DEMO
Entity 0751,PROD00254,PRODUCT,exact,0.808,0.805,SYNTHETIC_DEMO
Entity 0752,LOC00257,LOCATION,normalized,0.903,0.789,SYNTHETIC_DEMO
Entity 0753,PROD00260,PRODUCT,exact,0.948,0.852,SYNTHETIC_DEMO
Entity 0754,SUP00263,SUPPLIER,normalized,0.826,0.947,SYNTHETIC_DEMO
Entity 0755,PROD00266,PRODUCT,fuzzy,0.906,0.766,SYNTHETIC_DEMO
Entity 0756,PROD00269,PRODUCT,fuzzy,0.823,0.818,SYNTHETIC_DEMO
Entity 0757,SUP00272,SUPPLIER,exact,0.923,0.933,SYNTHETIC_DEMO
Entity 0758,LOC00275,LOCATION,fuzzy,0.947,0.812,SYNTHETIC_DEMO
Entity 0759,PROD00278,PRODUCT,fuzzy,0.954,0.841,SYNTHETIC_DEMO
Entity 0760,LOC00281,LOCATION,normalized,0.815,0.969,SYNTHETIC_DEMO
Entity 0761,SUP00284,SUPPLIER,fuzzy,0.818,0.923,SYNTHETIC_DEMO
Entity 0762,SUP00287,SUPPLIER,normalized,0.929,0.769,SYNTHETIC_DEMO
Entity 0763,PROD00290,PRODUCT,normalized,0.84,0.916,SYNTHETIC_DEMO
Entity 0764,PROD00293,PRODUCT,normalized,0.881,0.801,SYNTHETIC_DEMO
Entity 0765,PROD00296,PRODUCT,fuzzy,0.966,0.903,SYNTHETIC_DEMO
Entity 0766,PROD00299,PRODUCT,exact,0.856,0.783,SYNTHETIC_DEMO
Entity 0767,SUP00302,SUPPLIER,normalized,0.949,0.915,SYNTHETIC_DEMO
Entity 0768,PROD00305,PRODUCT,exact,0.852,0.918,SYNTHETIC_DEMO
Entity 0769,SUP00308,SUPPLIER,exact,0.958,0.909,SYNTHETIC_DEMO
Entity 0770,PROD00311,PRODUCT,fuzzy,0.986,0.918,SYNTHETIC_DEMO
Entity 0771,SUP00314,SUPPLIER,fuzzy,0.927,0.764,SYNTHETIC_DEMO
Entity 0772,LOC00317,LOCATION,fuzzy,0.842,0.904,SYNTHETIC_DEMO
Entity 0773,PROD00320,PRODUCT,fuzzy,0.824,0.979,SYNTHETIC_DEMO
Entity 0774,LOC00323,LOCATION,normalized,0.849,0.944,SYNTHETIC_DEMO
Entity 0775,PROD00326,PRODUCT,normalized,0.824,0.868,SYNTHETIC_DEMO
Entity 0776,PROD00329,PRODUCT,normalized,0.99,0.86,SYNTHETIC_DEMO
Entity 0777,SUP00332,SUPPLIER,exact,0.836,0.929,SYNTHETIC_DEMO
Entity 0778,LOC00335,LOCATION,exact,0.984,0.82,SYNTHETIC_DEMO
Entity 0779,SUP00338,SUPPLIER,normalized,0.89,0.952,SYNTHETIC_DEMO
Entity 0780,LOC00341,LOCATION,normalized,0.921,0.813,SYNTHETIC_DEMO
Entity 0781,SUP00344,SUPPLIER,exact,0.929,0.819,SYNTHETIC_DEMO
Entity 0782,SUP00347,SUPPLIER,exact,0.817,0.901,SYNTHETIC_DEMO
Entity 0783,PROD00350,PRODUCT,normalized,0.821,0.903,SYNTHETIC_DEMO
Entity 0784,PROD00353,PRODUCT,exact,0.886,0.965,SYNTHETIC_DEMO
Entity 0785,PROD00356,PRODUCT,fuzzy,0.929,0.8,SYNTHETIC_DEMO
Entity 0786,LOC00359,LOCATION,normalized,0.928,0.958,SYNTHETIC_DEMO
Entity 0787,LOC00362,LOCATION,exact,0.869,0.907,SYNTHETIC_DEMO
Entity 0788,PROD00365,PRODUCT,exact,0.827,0.792,SYNTHETIC_DEMO
Entity 0789,SUP00368,SUPPLIER,exact,0.898,0.811,SYNTHETIC_DEMO
Entity 0790,SUP00371,SUPPLIER,fuzzy,0.945,0.767,SYNTHETIC_DEMO
Entity 0791,LOC00374,LOCATION,normalized,0.885,0.782,SYNTHETIC_DEMO
Entity 0792,LOC00377,LOCATION,exact,0.973,0.941,SYNTHETIC_DEMO
Entity 0793,SUP00380,SUPPLIER,normalized,0.837,0.847,SYNTHETIC_DEMO
Entity 0794,SUP00383,SUPPLIER,fuzzy,0.853,0.835,SYNTHETIC_DEMO
Entity 0795,SUP00386,SUPPLIER,exact,0.919,0.769,SYNTHETIC_DEMO
Entity 0796,SUP00389,SUPPLIER,fuzzy,0.974,0.758,SYNTHETIC_DEMO
Entity 0797,PROD00392,PRODUCT,normalized,0.864,0.814,SYNTHETIC_DEMO
Entity 0798,LOC00395,LOCATION,normalized,0.967,0.932,SYNTHETIC_DEMO
Entity 0799,PROD00398,PRODUCT,normalized,0.984,0.778,SYNTHETIC_DEMO
Entity 0800,LOC00401,LOCATION,exact,0.808,0.964,SYNTHETIC_DEMO
Entity 0801,LOC00404,LOCATION,fuzzy,0.984,0.867,SYNTHETIC_DEMO
Entity 0802,LOC00407,LOCATION,exact,0.815,0.938,SYNTHETIC_DEMO
Entity 0803,SUP00410,SUPPLIER,fuzzy,0.834,0.918,SYNTHETIC_DEMO
Entity 0804,LOC00413,LOCATION,normalized,0.853,0.859,SYNTHETIC_DEMO
Entity 0805,PROD00416,PRODUCT,exact,0.902,0.94,SYNTHETIC_DEMO
Entity 0806,SUP00419,SUPPLIER,fuzzy,0.854,0.886,SYNTHETIC_DEMO
Entity 0807,PROD00422,PRODUCT,fuzzy,0.946,0.929,SYNTHETIC_DEMO
Entity 0808,PROD00425,PRODUCT,exact,0.956,0.889,SYNTHETIC_DEMO
Entity 0809,PROD00428,PRODUCT,fuzzy,0.827,0.843,SYNTHETIC_DEMO
Entity 0810,PROD00431,PRODUCT,normalized,0.89,0.86,SYNTHETIC_DEMO
Entity 0811,LOC00434,LOCATION,normalized,0.87,0.761,SYNTHETIC_DEMO
Entity 0812,LOC00437,LOCATION,exact,0.92,0.761,SYNTHETIC_DEMO
Entity 0813,SUP00440,SUPPLIER,fuzzy,0.964,0.895,SYNTHETIC_DEMO
Entity 0814,SUP00443,SUPPLIER,normalized,0.811,0.857,SYNTHETIC_DEMO
Entity 0815,PROD00446,PRODUCT,exact,0.91,0.955,SYNTHETIC_DEMO
Entity 0816,SUP00449,SUPPLIER,normalized,0.81,0.837,SYNTHETIC_DEMO
Entity 0817,PROD00452,PRODUCT,exact,0.86,0.853,SYNTHETIC_DEMO
Entity 0818,PROD00455,PRODUCT,exact,0.81,0.884,SYNTHETIC_DEMO
Entity 0819,PROD00458,PRODUCT,exact,0.953,0.778,SYNTHETIC_DEMO
Entity 0820,PROD00461,PRODUCT,normalized,0.83,0.796,SYNTHETIC_DEMO
Entity 0821,PROD00464,PRODUCT,fuzzy,0.812,0.863,SYNTHETIC_DEMO
Entity 0822,LOC00467,LOCATION,fuzzy,0.919,0.786,SYNTHETIC_DEMO
Entity 0823,LOC00470,LOCATION,normalized,0.975,0.849,SYNTHETIC_DEMO
Entity 0824,PROD00473,PRODUCT,fuzzy,0.909,0.755,SYNTHETIC_DEMO
Entity 0825,SUP00476,SUPPLIER,exact,0.821,0.937,SYNTHETIC_DEMO
Entity 0826,PROD00479,PRODUCT,exact,0.968,0.964,SYNTHETIC_DEMO
Entity 0827,PROD00482,PRODUCT,normalized,0.858,0.929,SYNTHETIC_DEMO
Entity 0828,LOC00485,LOCATION,normalized,0.846,0.807,SYNTHETIC_DEMO
Entity 0829,LOC00488,LOCATION,exact,0.931,0.758,SYNTHETIC_DEMO
Entity 0830,LOC00491,LOCATION,normalized,0.824,0.9,SYNTHETIC_DEMO
Entity 0831,LOC00494,LOCATION,normalized,0.949,0.889,SYNTHETIC_DEMO
Entity 0832,PROD00497,PRODUCT,normalized,0.879,0.831,SYNTHETIC_DEMO
Entity 0833,PROD00500,PRODUCT,fuzzy,0.822,0.825,SYNTHETIC_DEMO
Entity 0834,PROD00503,PRODUCT,fuzzy,0.982,0.931,SYNTHETIC_DEMO
Entity 0835,LOC00506,LOCATION,exact,0.948,0.9,SYNTHETIC_DEMO
Entity 0836,PROD00509,PRODUCT,normalized,0.863,0.897,SYNTHETIC_DEMO
Entity 0837,PROD00512,PRODUCT,normalized,0.818,0.921,SYNTHETIC_DEMO
Entity 0838,PROD00515,PRODUCT,normalized,0.801,0.91,SYNTHETIC_DEMO
Entity 0839,PROD00518,PRODUCT,fuzzy,0.982,0.798,SYNTHETIC_DEMO
Entity 0840,PROD00521,PRODUCT,exact,0.958,0.874,SYNTHETIC_DEMO
Entity 0841,SUP00524,SUPPLIER,normalized,0.904,0.875,SYNTHETIC_DEMO
Entity 0842,LOC00527,LOCATION,normalized,0.869,0.876,SYNTHETIC_DEMO
Entity 0843,LOC00530,LOCATION,normalized,0.924,0.855,SYNTHETIC_DEMO
Entity 0844,LOC00533,LOCATION,fuzzy,0.842,0.757,SYNTHETIC_DEMO
Entity 0845,PROD00536,PRODUCT,fuzzy,0.823,0.891,SYNTHETIC_DEMO
Entity 0846,SUP00539,SUPPLIER,fuzzy,0.883,0.786,SYNTHETIC_DEMO
Entity 0847,SUP00542,SUPPLIER,normalized,0.939,0.952,SYNTHETIC_DEMO
Entity 0848,PROD00545,PRODUCT,fuzzy,0.816,0.948,SYNTHETIC_DEMO
Entity 0849,SUP00548,SUPPLIER,normalized,0.829,0.895,SYNTHETIC_DEMO
Entity 0850,PROD00551,PRODUCT,normalized,0.941,0.932,SYNTHETIC_DEMO
Entity 0851,LOC00554,LOCATION,exact,0.858,0.847,SYNTHETIC_DEMO
Entity 0852,PROD00557,PRODUCT,fuzzy,0.801,0.976,SYNTHETIC_DEMO
Entity 0853,LOC00560,LOCATION,fuzzy,0.886,0.87,SYNTHETIC_DEMO
Entity 0854,SUP00563,SUPPLIER,fuzzy,0.812,0.846,SYNTHETIC_DEMO
Entity 0855,LOC00566,LOCATION,fuzzy,0.927,0.889,SYNTHETIC_DEMO
Entity 0856,SUP00569,SUPPLIER,normalized,0.892,0.91,SYNTHETIC_DEMO
Entity 0857,SUP00572,SUPPLIER,fuzzy,0.949,0.939,SYNTHETIC_DEMO
Entity 0858,PROD00575,PRODUCT,exact,0.824,0.857,SYNTHETIC_DEMO
Entity 0859,PROD00578,PRODUCT,exact,0.892,0.882,SYNTHETIC_DEMO
Entity 0860,LOC00581,LOCATION,exact,0.974,0.922,SYNTHETIC_DEMO
Entity 0861,PROD00584,PRODUCT,fuzzy,0.99,0.948,SYNTHETIC_DEMO
Entity 0862,PROD00587,PRODUCT,fuzzy,0.878,0.918,SYNTHETIC_DEMO
Entity 0863,PROD00590,PRODUCT,exact,0.835,0.812,SYNTHETIC_DEMO
Entity 0864,LOC00593,LOCATION,exact,0.963,0.897,SYNTHETIC_DEMO
Entity 0865,PROD00596,PRODUCT,fuzzy,0.942,0.762,SYNTHETIC_DEMO
Entity 0866,SUP00599,SUPPLIER,normalized,0.82,0.943,SYNTHETIC_DEMO
Entity 0867,LOC00602,LOCATION,fuzzy,0.928,0.971,SYNTHETIC_DEMO
Entity 0868,LOC00605,LOCATION,normalized,0.857,0.978,SYNTHETIC_DEMO
Entity 0869,PROD00608,PRODUCT,exact,0.893,0.944,SYNTHETIC_DEMO
Entity 0870,LOC00611,LOCATION,exact,0.859,0.886,SYNTHETIC_DEMO
Entity 0871,PROD00614,PRODUCT,fuzzy,0.94,0.77,SYNTHETIC_DEMO
Entity 0872,LOC00617,LOCATION,fuzzy,0.809,0.85,SYNTHETIC_DEMO
Entity 0873,LOC00620,LOCATION,fuzzy,0.88,0.775,SYNTHETIC_DEMO
Entity 0874,LOC00623,LOCATION,fuzzy,0.963,0.868,SYNTHETIC_DEMO
Entity 0875,PROD00626,PRODUCT,fuzzy,0.893,0.912,SYNTHETIC_DEMO
Entity 0876,SUP00629,SUPPLIER,fuzzy,0.906,0.856,SYNTHETIC_DEMO
Entity 0877,PROD00632,PRODUCT,fuzzy,0.871,0.918,SYNTHETIC_DEMO
Entity 0878,SUP00635,SUPPLIER,fuzzy,0.823,0.836,SYNTHETIC_DEMO
Entity 0879,SUP00638,SUPPLIER,fuzzy,0.863,0.839,SYNTHETIC_DEMO
Entity 0880,SUP00641,SUPPLIER,normalized,0.852,0.917,SYNTHETIC_DEMO
Entity 0881,LOC00644,LOCATION,normalized,0.86,0.774,SYNTHETIC_DEMO
Entity 0882,PROD00647,PRODUCT,exact,0.868,0.831,SYNTHETIC_DEMO
Entity 0883,PROD00650,PRODUCT,normalized,0.867,0.912,SYNTHETIC_DEMO
Entity 0884,LOC00653,LOCATION,fuzzy,0.978,0.77,SYNTHETIC_DEMO
Entity 0885,PROD00656,PRODUCT,normalized,0.946,0.794,SYNTHETIC_DEMO
Entity 0886,LOC00659,LOCATION,exact,0.911,0.788,SYNTHETIC_DEMO
Entity 0887,PROD00662,PRODUCT,normalized,0.886,0.836,SYNTHETIC_DEMO
Entity 0888,SUP00665,SUPPLIER,normalized,0.833,0.878,SYNTHETIC_DEMO
Entity 0889,LOC00668,LOCATION,normalized,0.981,0.758,SYNTHETIC_DEMO
Entity 0890,PROD00671,PRODUCT,normalized,0.814,0.943,SYNTHETIC_DEMO
Entity 0891,SUP00674,SUPPLIER,fuzzy,0.961,0.896,SYNTHETIC_DEMO
Entity 0892,SUP00677,SUPPLIER,exact,0.807,0.893,SYNTHETIC_DEMO
Entity 0893,SUP00680,SUPPLIER,normalized,0.897,0.796,SYNTHETIC_DEMO
Entity 0894,SUP00683,SUPPLIER,exact,0.935,0.899,SYNTHETIC_DEMO
Entity 0895,LOC00686,LOCATION,exact,0.965,0.908,SYNTHETIC_DEMO
Entity 0896,LOC00689,LOCATION,exact,0.868,0.867,SYNTHETIC_DEMO
Entity 0897,PROD00692,PRODUCT,exact,0.953,0.857,SYNTHETIC_DEMO
Entity 0898,PROD00695,PRODUCT,fuzzy,0.923,0.878,SYNTHETIC_DEMO
Entity 0899,SUP00698,SUPPLIER,exact,0.813,0.78,SYNTHETIC_DEMO
Entity 0900,LOC00701,LOCATION,normalized,0.873,0.903,SYNTHETIC_DEMO
Entity 0901,LOC00704,LOCATION,normalized,0.975,0.918,SYNTHETIC_DEMO
Entity 0902,LOC00707,LOCATION,exact,0.975,0.977,SYNTHETIC_DEMO
Entity 0903,SUP00710,SUPPLIER,normalized,0.883,0.855,SYNTHETIC_DEMO
Entity 0904,SUP00713,SUPPLIER,fuzzy,0.869,0.826,SYNTHETIC_DEMO
Entity 0905,SUP00716,SUPPLIER,exact,0.808,0.898,SYNTHETIC_DEMO
Entity 0906,SUP00719,SUPPLIER,fuzzy,0.911,0.839,SYNTHETIC_DEMO
Entity 0907,PROD00722,PRODUCT,exact,0.804,0.929,SYNTHETIC_DEMO
Entity 0908,SUP00725,SUPPLIER,normalized,0.889,0.814,SYNTHETIC_DEMO
Entity 0909,PROD00728,PRODUCT,exact,0.891,0.817,SYNTHETIC_DEMO
Entity 0910,LOC00731,LOCATION,fuzzy,0.861,0.776,SYNTHETIC_DEMO
Entity 0911,LOC00734,LOCATION,exact,0.93,0.759,SYNTHETIC_DEMO
Entity 0912,SUP00737,SUPPLIER,fuzzy,0.827,0.88,SYNTHETIC_DEMO
Entity 0913,PROD00740,PRODUCT,normalized,0.923,0.76,SYNTHETIC_DEMO
Entity 0914,PROD00743,PRODUCT,fuzzy,0.828,0.93,SYNTHETIC_DEMO
Entity 0915,PROD00746,PRODUCT,exact,0.823,0.764,SYNTHETIC_DEMO
Entity 0916,LOC00749,LOCATION,normalized,0.843,0.802,SYNTHETIC_DEMO
Entity 0917,PROD00752,PRODUCT,exact,0.884,0.862,SYNTHETIC_DEMO
Entity 0918,PROD00755,PRODUCT,exact,0.911,0.856,SYNTHETIC_DEMO
Entity 0919,SUP00758,SUPPLIER,normalized,0.901,0.914,SYNTHETIC_DEMO
Entity 0920,LOC00761,LOCATION,fuzzy,0.897,0.902,SYNTHETIC_DEMO
Entity 0921,PROD00764,PRODUCT,fuzzy,0.937,0.816,SYNTHETIC_DEMO
Entity 0922,LOC00767,LOCATION,fuzzy,0.898,0.752,SYNTHETIC_DEMO
Entity 0923,SUP00770,SUPPLIER,normalized,0.853,0.797,SYNTHETIC_DEMO
Entity 0924,PROD00773,PRODUCT,normalized,0.856,0.945,SYNTHETIC_DEMO
Entity 0925,SUP00776,SUPPLIER,fuzzy,0.844,0.854,SYNTHETIC_DEMO
Entity 0926,SUP00779,SUPPLIER,normalized,0.836,0.946,SYNTHETIC_DEMO
Entity 0927,LOC00782,LOCATION,normalized,0.832,0.903,SYNTHETIC_DEMO
Entity 0928,PROD00785,PRODUCT,normalized,0.817,0.803,SYNTHETIC_DEMO
Entity 0929,PROD00788,PRODUCT,exact,0.896,0.939,SYNTHETIC_DEMO
Entity 0930,LOC00791,LOCATION,normalized,0.96,0.76,SYNTHETIC_DEMO
Entity 0931,PROD00794,PRODUCT,normalized,0.953,0.962,SYNTHETIC_DEMO
Entity 0932,SUP00797,SUPPLIER,exact,0.845,0.763,SYNTHETIC_DEMO
Entity 0933,SUP00800,SUPPLIER,exact,0.934,0.937,SYNTHETIC_DEMO
Entity 0934,SUP00803,SUPPLIER,fuzzy,0.977,0.754,SYNTHETIC_DEMO
Entity 0935,PROD00806,PRODUCT,fuzzy,0.854,0.789,SYNTHETIC_DEMO
Entity 0936,LOC00809,LOCATION,exact,0.987,0.867,SYNTHETIC_DEMO
Entity 0937,SUP00812,SUPPLIER,exact,0.911,0.917,SYNTHETIC_DEMO
Entity 0938,PROD00815,PRODUCT,fuzzy,0.876,0.803,SYNTHETIC_DEMO
Entity 0939,SUP00818,SUPPLIER,exact,0.957,0.802,SYNTHETIC_DEMO
Entity 0940,SUP00821,SUPPLIER,exact,0.845,0.885,SYNTHETIC_DEMO
Entity 0941,PROD00824,PRODUCT,exact,0.899,0.908,SYNTHETIC_DEMO
Entity 0942,LOC00827,LOCATION,fuzzy,0.948,0.752,SYNTHETIC_DEMO
Entity 0943,LOC00830,LOCATION,fuzzy,0.85,0.794,SYNTHETIC_DEMO
Entity 0944,PROD00833,PRODUCT,fuzzy,0.964,0.752,SYNTHETIC_DEMO
Entity 0945,PROD00836,PRODUCT,normalized,0.804,0.926,SYNTHETIC_DEMO
Entity 0946,LOC00839,LOCATION,exact,0.825,0.832,SYNTHETIC_DEMO
Entity 0947,PROD00842,PRODUCT,exact,0.884,0.803,SYNTHETIC_DEMO
Entity 0948,PROD00845,PRODUCT,fuzzy,0.969,0.802,SYNTHETIC_DEMO
Entity 0949,LOC00848,LOCATION,fuzzy,0.866,0.86,SYNTHETIC_DEMO
Entity 0950,LOC00851,LOCATION,exact,0.867,0.842,SYNTHETIC_DEMO
Entity 0951,PROD00854,PRODUCT,fuzzy,0.975,0.832,SYNTHETIC_DEMO
Entity 0952,LOC00857,LOCATION,normalized,0.947,0.78,SYNTHETIC_DEMO
Entity 0953,PROD00860,PRODUCT,exact,0.882,0.95,SYNTHETIC_DEMO
Entity 0954,SUP00863,SUPPLIER,exact,0.938,0.933,SYNTHETIC_DEMO
Entity 0955,PROD00866,PRODUCT,normalized,0.904,0.771,SYNTHETIC_DEMO
Entity 0956,PROD00869,PRODUCT,exact,0.972,0.768,SYNTHETIC_DEMO
Entity 0957,SUP00872,SUPPLIER,fuzzy,0.812,0.827,SYNTHETIC_DEMO
Entity 0958,PROD00875,PRODUCT,exact,0.842,0.965,SYNTHETIC_DEMO
Entity 0959,PROD00878,PRODUCT,normalized,0.988,0.952,SYNTHETIC_DEMO
Entity 0960,SUP00881,SUPPLIER,fuzzy,0.904,0.798,SYNTHETIC_DEMO
Entity 0961,PROD00884,PRODUCT,normalized,0.943,0.876,SYNTHETIC_DEMO
Entity 0962,LOC00887,LOCATION,normalized,0.882,0.803,SYNTHETIC_DEMO
Entity 0963,SUP00890,SUPPLIER,exact,0.958,0.865,SYNTHETIC_DEMO
Entity 0964,PROD00893,PRODUCT,fuzzy,0.819,0.78,SYNTHETIC_DEMO
Entity 0965,PROD00896,PRODUCT,normalized,0.861,0.82,SYNTHETIC_DEMO
Entity 0966,SUP00899,SUPPLIER,exact,0.919,0.774,SYNTHETIC_DEMO
Entity 0967,LOC00902,LOCATION,exact,0.912,0.892,SYNTHETIC_DEMO
Entity 0968,LOC00905,LOCATION,normalized,0.801,0.849,SYNTHETIC_DEMO
Entity 0969,PROD00908,PRODUCT,fuzzy,0.946,0.773,SYNTHETIC_DEMO
Entity 0970,PROD00911,PRODUCT,exact,0.869,0.884,SYNTHETIC_DEMO
Entity 0971,SUP00914,SUPPLIER,normalized,0.922,0.782,SYNTHETIC_DEMO
Entity 0972,LOC00917,LOCATION,fuzzy,0.867,0.794,SYNTHETIC_DEMO
Entity 0973,SUP00920,SUPPLIER,exact,0.935,0.806,SYNTHETIC_DEMO
Entity 0974,SUP00923,SUPPLIER,exact,0.891,0.98,SYNTHETIC_DEMO
Entity 0975,SUP00926,SUPPLIER,exact,0.903,0.867,SYNTHETIC_DEMO
Entity 0976,LOC00929,LOCATION,fuzzy,0.809,0.975,SYNTHETIC_DEMO
Entity 0977,PROD00932,PRODUCT,exact,0.906,0.942,SYNTHETIC_DEMO
Entity 0978,LOC00935,LOCATION,exact,0.967,0.93,SYNTHETIC_DEMO
Entity 0979,LOC00938,LOCATION,fuzzy,0.921,0.882,SYNTHETIC_DEMO
Entity 0980,PROD00941,PRODUCT,fuzzy,0.845,0.858,SYNTHETIC_DEMO
Entity 0981,LOC00944,LOCATION,normalized,0.913,0.817,SYNTHETIC_DEMO
Entity 0982,PROD00947,PRODUCT,fuzzy,0.82,0.806,SYNTHETIC_DEMO
Entity 0983,PROD00950,PRODUCT,normalized,0.826,0.775,SYNTHETIC_DEMO
Entity 0984,SUP00953,SUPPLIER,exact,0.81,0.87,SYNTHETIC_DEMO
Entity 0985,LOC00956,LOCATION,normalized,0.842,0.752,SYNTHETIC_DEMO
Entity 0986,PROD00959,PRODUCT,exact,0.891,0.926,SYNTHETIC_DEMO
Entity 0987,PROD00962,PRODUCT,fuzzy,0.942,0.907,SYNTHETIC_DEMO
Entity 0988,PROD00965,PRODUCT,normalized,0.902,0.827,SYNTHETIC_DEMO
Entity 0989,LOC00968,LOCATION,fuzzy,0.914,0.812,SYNTHETIC_DEMO
Entity 0990,PROD00971,PRODUCT,fuzzy,0.84,0.903,SYNTHETIC_DEMO
Entity 0991,PROD00974,PRODUCT,fuzzy,0.88,0.779,SYNTHETIC_DEMO
Entity 0992,PROD00977,PRODUCT,normalized,0.819,0.819,SYNTHETIC_DEMO
Entity 0993,LOC00980,LOCATION,exact,0.946,0.848,SYNTHETIC_DEMO
Entity 0994,LOC00983,LOCATION,exact,0.907,0.965,SYNTHETIC_DEMO
Entity 0995,LOC00986,LOCATION,fuzzy,0.857,0.933,SYNTHETIC_DEMO
Entity 0996,PROD00989,PRODUCT,normalized,0.897,0.89,SYNTHETIC_DEMO
Entity 0997,PROD00992,PRODUCT,normalized,0.808,0.779,SYNTHETIC_DEMO
Entity 0998,LOC00995,LOCATION,exact,0.927,0.816,SYNTHETIC_DEMO
Entity 0999,LOC00998,LOCATION,normalized,0.892,0.871,SYNTHETIC_DEMO
Entity 1000,SUP00001,SUPPLIER,fuzzy,0.944,0.964,SYNTHETIC_DEMO
Entity 0001,SUP00004,SUPPLIER,fuzzy,0.852,0.801,SYNTHETIC_DEMO
Entity 0002,SUP00007,SUPPLIER,fuzzy,0.85,0.881,SYNTHETIC_DEMO
Entity 0003,LOC00010,LOCATION,fuzzy,0.882,0.883,SYNTHETIC_DEMO
Entity 0004,PROD00013,PRODUCT,normalized,0.896,0.923,SYNTHETIC_DEMO
Entity 0005,LOC00016,LOCATION,normalized,0.96,0.753,SYNTHETIC_DEMO
Entity 0006,PROD00019,PRODUCT,exact,0.846,0.933,SYNTHETIC_DEMO
Entity 0007,SUP00022,SUPPLIER,normalized,0.968,0.933,SYNTHETIC_DEMO
Entity 0008,PROD00025,PRODUCT,exact,0.875,0.861,SYNTHETIC_DEMO
Entity 0009,SUP00028,SUPPLIER,fuzzy,0.977,0.777,SYNTHETIC_DEMO
Entity 0010,SUP00031,SUPPLIER,fuzzy,0.896,0.971,SYNTHETIC_DEMO
Entity 0011,LOC00034,LOCATION,fuzzy,0.837,0.869,SYNTHETIC_DEMO
Entity 0012,PROD00037,PRODUCT,fuzzy,0.867,0.947,SYNTHETIC_DEMO
Entity 0013,SUP00040,SUPPLIER,exact,0.968,0.958,SYNTHETIC_DEMO
Entity 0014,LOC00043,LOCATION,exact,0.833,0.753,SYNTHETIC_DEMO
Entity 0015,SUP00046,SUPPLIER,fuzzy,0.907,0.975,SYNTHETIC_DEMO
Entity 0016,LOC00049,LOCATION,normalized,0.927,0.774,SYNTHETIC_DEMO
Entity 0017,SUP00052,SUPPLIER,exact,0.833,0.95,SYNTHETIC_DEMO
Entity 0018,PROD00055,PRODUCT,fuzzy,0.924,0.812,SYNTHETIC_DEMO
Entity 0019,LOC00058,LOCATION,exact,0.886,0.929,SYNTHETIC_DEMO
Entity 0020,SUP00061,SUPPLIER,fuzzy,0.859,0.817,SYNTHETIC_DEMO
Entity 0021,SUP00064,SUPPLIER,fuzzy,0.956,0.787,SYNTHETIC_DEMO
Entity 0022,SUP00067,SUPPLIER,normalized,0.898,0.839,SYNTHETIC_DEMO
Entity 0023,PROD00070,PRODUCT,exact,0.977,0.976,SYNTHETIC_DEMO
Entity 0024,PROD00073,PRODUCT,exact,0.822,0.792,SYNTHETIC_DEMO
Entity 0025,SUP00076,SUPPLIER,normalized,0.923,0.809,SYNTHETIC_DEMO
Entity 0026,SUP00079,SUPPLIER,normalized,0.983,0.977,SYNTHETIC_DEMO
Entity 0027,SUP00082,SUPPLIER,fuzzy,0.869,0.878,SYNTHETIC_DEMO
Entity 0028,PROD00085,PRODUCT,fuzzy,0.913,0.922,SYNTHETIC_DEMO
Entity 0029,PROD00088,PRODUCT,exact,0.891,0.972,SYNTHETIC_DEMO
Entity 0030,PROD00091,PRODUCT,fuzzy,0.891,0.959,SYNTHETIC_DEMO
Entity 0031,SUP00094,SUPPLIER,fuzzy,0.85,0.897,SYNTHETIC_DEMO
Entity 0032,PROD00097,PRODUCT,fuzzy,0.904,0.861,SYNTHETIC_DEMO
Entity 0033,SUP00100,SUPPLIER,exact,0.841,0.82,SYNTHETIC_DEMO
Entity 0034,LOC00103,LOCATION,fuzzy,0.842,0.825,SYNTHETIC_DEMO
Entity 0035,PROD00106,PRODUCT,normalized,0.884,0.782,SYNTHETIC_DEMO
Entity 0036,SUP00109,SUPPLIER,fuzzy,0.987,0.756,SYNTHETIC_DEMO
Entity 0037,SUP00112,SUPPLIER,fuzzy,0.87,0.846,SYNTHETIC_DEMO
Entity 0038,PROD00115,PRODUCT,normalized,0.979,0.814,SYNTHETIC_DEMO
Entity 0039,LOC00118,LOCATION,normalized,0.815,0.946,SYNTHETIC_DEMO
Entity 0040,SUP00121,SUPPLIER,normalized,0.965,0.964,SYNTHETIC_DEMO
Entity 0041,SUP00124,SUPPLIER,normalized,0.936,0.924,SYNTHETIC_DEMO
Entity 0042,LOC00127,LOCATION,exact,0.96,0.954,SYNTHETIC_DEMO
Entity 0043,PROD00130,PRODUCT,normalized,0.819,0.866,SYNTHETIC_DEMO
Entity 0044,PROD00133,PRODUCT,fuzzy,0.944,0.907,SYNTHETIC_DEMO
Entity 0045,LOC00136,LOCATION,normalized,0.825,0.79,SYNTHETIC_DEMO
Entity 0046,SUP00139,SUPPLIER,exact,0.85,0.876,SYNTHETIC_DEMO
Entity 0047,LOC00142,LOCATION,fuzzy,0.87,0.943,SYNTHETIC_DEMO
Entity 0048,SUP00145,SUPPLIER,fuzzy,0.965,0.946,SYNTHETIC_DEMO
Entity 0049,SUP00148,SUPPLIER,normalized,0.949,0.85,SYNTHETIC_DEMO
Entity 0050,SUP00151,SUPPLIER,fuzzy,0.965,0.858,SYNTHETIC_DEMO
Entity 0051,PROD00154,PRODUCT,exact,0.916,0.905,SYNTHETIC_DEMO
Entity 0052,SUP00157,SUPPLIER,exact,0.87,0.83,SYNTHETIC_DEMO
Entity 0053,SUP00160,SUPPLIER,fuzzy,0.833,0.93,SYNTHETIC_DEMO
Entity 0054,PROD00163,PRODUCT,fuzzy,0.814,0.808,SYNTHETIC_DEMO
Entity 0055,LOC00166,LOCATION,normalized,0.954,0.975,SYNTHETIC_DEMO
Entity 0056,LOC00169,LOCATION,normalized,0.863,0.777,SYNTHETIC_DEMO
Entity 0057,LOC00172,LOCATION,exact,0.886,0.752,SYNTHETIC_DEMO
Entity 0058,LOC00175,LOCATION,normalized,0.842,0.86,SYNTHETIC_DEMO
Entity 0059,SUP00178,SUPPLIER,fuzzy,0.849,0.824,SYNTHETIC_DEMO
Entity 0060,PROD00181,PRODUCT,normalized,0.96,0.75,SYNTHETIC_DEMO
Entity 0061,LOC00184,LOCATION,normalized,0.912,0.757,SYNTHETIC_DEMO
Entity 0062,SUP00187,SUPPLIER,fuzzy,0.812,0.954,SYNTHETIC_DEMO
Entity 0063,PROD00190,PRODUCT,exact,0.976,0.817,SYNTHETIC_DEMO
Entity 0064,LOC00193,LOCATION,normalized,0.986,0.958,SYNTHETIC_DEMO
Entity 0065,PROD00196,PRODUCT,normalized,0.882,0.908,SYNTHETIC_DEMO
Entity 0066,SUP00199,SUPPLIER,fuzzy,0.954,0.927,SYNTHETIC_DEMO
Entity 0067,PROD00202,PRODUCT,exact,0.874,0.82,SYNTHETIC_DEMO
Entity 0068,SUP00205,SUPPLIER,exact,0.97,0.816,SYNTHETIC_DEMO
Entity 0069,PROD00208,PRODUCT,exact,0.816,0.75,SYNTHETIC_DEMO
Entity 0070,SUP00211,SUPPLIER,normalized,0.892,0.938,SYNTHETIC_DEMO
Entity 0071,PROD00214,PRODUCT,fuzzy,0.893,0.894,SYNTHETIC_DEMO
Entity 0072,PROD00217,PRODUCT,exact,0.948,0.839,SYNTHETIC_DEMO
Entity 0073,LOC00220,LOCATION,normalized,0.872,0.877,SYNTHETIC_DEMO
Entity 0074,SUP00223,SUPPLIER,exact,0.937,0.955,SYNTHETIC_DEMO
Entity 0075,PROD00226,PRODUCT,normalized,0.853,0.918,SYNTHETIC_DEMO
Entity 0076,SUP00229,SUPPLIER,normalized,0.812,0.933,SYNTHETIC_DEMO
Entity 0077,PROD00232,PRODUCT,normalized,0.871,0.897,SYNTHETIC_DEMO
Entity 0078,LOC00235,LOCATION,normalized,0.971,0.966,SYNTHETIC_DEMO
Entity 0079,PROD00238,PRODUCT,fuzzy,0.932,0.834,SYNTHETIC_DEMO
Entity 0080,SUP00241,SUPPLIER,exact,0.828,0.799,SYNTHETIC_DEMO
Entity 0081,PROD00244,PRODUCT,exact,0.982,0.942,SYNTHETIC_DEMO
Entity 0082,PROD00247,PRODUCT,fuzzy,0.802,0.758,SYNTHETIC_DEMO
Entity 0083,SUP00250,SUPPLIER,normalized,0.82,0.782,SYNTHETIC_DEMO
Entity 0084,LOC00253,LOCATION,fuzzy,0.941,0.962,SYNTHETIC_DEMO
Entity 0085,SUP00256,SUPPLIER,exact,0.93,0.955,SYNTHETIC_DEMO
Entity 0086,SUP00259,SUPPLIER,exact,0.94,0.831,SYNTHETIC_DEMO
Entity 0087,SUP00262,SUPPLIER,normalized,0.979,0.967,SYNTHETIC_DEMO
Entity 0088,PROD00265,PRODUCT,normalized,0.831,0.949,SYNTHETIC_DEMO
Entity 0089,SUP00268,SUPPLIER,exact,0.894,0.754,SYNTHETIC_DEMO
Entity 0090,SUP00271,SUPPLIER,normalized,0.887,0.952,SYNTHETIC_DEMO
Entity 0091,PROD00274,PRODUCT,fuzzy,0.813,0.783,SYNTHETIC_DEMO
Entity 0092,SUP00277,SUPPLIER,fuzzy,0.808,0.934,SYNTHETIC_DEMO
Entity 0093,SUP00280,SUPPLIER,exact,0.807,0.779,SYNTHETIC_DEMO
Entity 0094,PROD00283,PRODUCT,fuzzy,0.885,0.865,SYNTHETIC_DEMO
Entity 0095,SUP00286,SUPPLIER,fuzzy,0.93,0.886,SYNTHETIC_DEMO
Entity 0096,PROD00289,PRODUCT,exact,0.933,0.936,SYNTHETIC_DEMO
Entity 0097,SUP00292,SUPPLIER,exact,0.921,0.887,SYNTHETIC_DEMO
Entity 0098,SUP00295,SUPPLIER,fuzzy,0.815,0.912,SYNTHETIC_DEMO
Entity 0099,LOC00298,LOCATION,fuzzy,0.914,0.831,SYNTHETIC_DEMO
Entity 0100,SUP00301,SUPPLIER,fuzzy,0.971,0.803,SYNTHETIC_DEMO
Entity 0101,LOC00304,LOCATION,fuzzy,0.905,0.978,SYNTHETIC_DEMO
Entity 0102,SUP00307,SUPPLIER,fuzzy,0.986,0.93,SYNTHETIC_DEMO
Entity 0103,LOC00310,LOCATION,normalized,0.893,0.834,SYNTHETIC_DEMO
Entity 0104,LOC00313,LOCATION,normalized,0.967,0.926,SYNTHETIC_DEMO
Entity 0105,LOC00316,LOCATION,normalized,0.919,0.869,SYNTHETIC_DEMO
Entity 0106,LOC00319,LOCATION,fuzzy,0.82,0.88,SYNTHETIC_DEMO
Entity 0107,PROD00322,PRODUCT,fuzzy,0.917,0.755,SYNTHETIC_DEMO
Entity 0108,PROD00325,PRODUCT,fuzzy,0.832,0.94,SYNTHETIC_DEMO
Entity 0109,LOC00328,LOCATION,fuzzy,0.888,0.783,SYNTHETIC_DEMO
Entity 0110,SUP00331,SUPPLIER,normalized,0.845,0.899,SYNTHETIC_DEMO
Entity 0111,PROD00334,PRODUCT,normalized,0.961,0.871,SYNTHETIC_DEMO
Entity 0112,SUP00337,SUPPLIER,exact,0.825,0.769,SYNTHETIC_DEMO
Entity 0113,LOC00340,LOCATION,exact,0.874,0.792,SYNTHETIC_DEMO
Entity 0114,PROD00343,PRODUCT,exact,0.941,0.934,SYNTHETIC_DEMO
Entity 0115,LOC00346,LOCATION,exact,0.824,0.893,SYNTHETIC_DEMO
Entity 0116,LOC00349,LOCATION,normalized,0.827,0.811,SYNTHETIC_DEMO
Entity 0117,PROD00352,PRODUCT,exact,0.84,0.961,SYNTHETIC_DEMO
Entity 0118,PROD00355,PRODUCT,normalized,0.96,0.953,SYNTHETIC_DEMO
Entity 0119,PROD00358,PRODUCT,exact,0.832,0.883,SYNTHETIC_DEMO
Entity 0120,LOC00361,LOCATION,normalized,0.803,0.886,SYNTHETIC_DEMO
Entity 0121,LOC00364,LOCATION,normalized,0.828,0.958,SYNTHETIC_DEMO
Entity 0122,SUP00367,SUPPLIER,normalized,0.849,0.897,SYNTHETIC_DEMO
Entity 0123,LOC00370,LOCATION,fuzzy,0.92,0.895,SYNTHETIC_DEMO
Entity 0124,SUP00373,SUPPLIER,fuzzy,0.825,0.796,SYNTHETIC_DEMO
Entity 0125,LOC00376,LOCATION,exact,0.886,0.888,SYNTHETIC_DEMO
Entity 0126,SUP00379,SUPPLIER,normalized,0.84,0.879,SYNTHETIC_DEMO
Entity 0127,PROD00382,PRODUCT,fuzzy,0.974,0.755,SYNTHETIC_DEMO
Entity 0128,PROD00385,PRODUCT,exact,0.865,0.918,SYNTHETIC_DEMO
Entity 0129,LOC00388,LOCATION,exact,0.804,0.825,SYNTHETIC_DEMO
Entity 0130,PROD00391,PRODUCT,fuzzy,0.809,0.89,SYNTHETIC_DEMO
Entity 0131,SUP00394,SUPPLIER,normalized,0.966,0.944,SYNTHETIC_DEMO
Entity 0132,SUP00397,SUPPLIER,exact,0.867,0.771,SYNTHETIC_DEMO
Entity 0133,PROD00400,PRODUCT,normalized,0.907,0.801,SYNTHETIC_DEMO
Entity 0134,LOC00403,LOCATION,exact,0.879,0.826,SYNTHETIC_DEMO
Entity 0135,SUP00406,SUPPLIER,fuzzy,0.806,0.899,SYNTHETIC_DEMO
Entity 0136,SUP00409,SUPPLIER,fuzzy,0.843,0.805,SYNTHETIC_DEMO
Entity 0137,PROD00412,PRODUCT,fuzzy,0.984,0.814,SYNTHETIC_DEMO
Entity 0138,PROD00415,PRODUCT,exact,0.939,0.772,SYNTHETIC_DEMO
Entity 0139,PROD00418,PRODUCT,normalized,0.973,0.751,SYNTHETIC_DEMO
Entity 0140,PROD00421,PRODUCT,exact,0.812,0.823,SYNTHETIC_DEMO
Entity 0141,SUP00424,SUPPLIER,fuzzy,0.94,0.95,SYNTHETIC_DEMO
Entity 0142,LOC00427,LOCATION,fuzzy,0.975,0.797,SYNTHETIC_DEMO
Entity 0143,SUP00430,SUPPLIER,fuzzy,0.901,0.833,SYNTHETIC_DEMO
Entity 0144,SUP00433,SUPPLIER,fuzzy,0.921,0.81,SYNTHETIC_DEMO
Entity 0145,PROD00436,PRODUCT,exact,0.9,0.9,SYNTHETIC_DEMO
Entity 0146,LOC00439,LOCATION,exact,0.955,0.936,SYNTHETIC_DEMO
Entity 0147,LOC00442,LOCATION,normalized,0.885,0.938,SYNTHETIC_DEMO
Entity 0148,SUP00445,SUPPLIER,fuzzy,0.989,0.941,SYNTHETIC_DEMO
Entity 0149,LOC00448,LOCATION,normalized,0.97,0.785,SYNTHETIC_DEMO
Entity 0150,LOC00451,LOCATION,fuzzy,0.862,0.861,SYNTHETIC_DEMO
Entity 0151,PROD00454,PRODUCT,exact,0.964,0.825,SYNTHETIC_DEMO
Entity 0152,PROD00457,PRODUCT,normalized,0.803,0.893,SYNTHETIC_DEMO
Entity 0153,SUP00460,SUPPLIER,fuzzy,0.864,0.889,SYNTHETIC_DEMO
Entity 0154,PROD00463,PRODUCT,exact,0.843,0.804,SYNTHETIC_DEMO
Entity 0155,LOC00466,LOCATION,exact,0.896,0.809,SYNTHETIC_DEMO
Entity 0156,SUP00469,SUPPLIER,fuzzy,0.932,0.752,SYNTHETIC_DEMO
Entity 0157,LOC00472,LOCATION,normalized,0.899,0.824,SYNTHETIC_DEMO
Entity 0158,LOC00475,LOCATION,fuzzy,0.975,0.807,SYNTHETIC_DEMO
Entity 0159,PROD00478,PRODUCT,fuzzy,0.878,0.855,SYNTHETIC_DEMO
Entity 0160,PROD00481,PRODUCT,fuzzy,0.97,0.941,SYNTHETIC_DEMO
Entity 0161,SUP00484,SUPPLIER,normalized,0.943,0.846,SYNTHETIC_DEMO
Entity 0162,LOC00487,LOCATION,fuzzy,0.905,0.838,SYNTHETIC_DEMO
Entity 0163,LOC00490,LOCATION,fuzzy,0.945,0.845,SYNTHETIC_DEMO
Entity 0164,PROD00493,PRODUCT,exact,0.817,0.766,SYNTHETIC_DEMO
Entity 0165,SUP00496,SUPPLIER,normalized,0.903,0.809,SYNTHETIC_DEMO
Entity 0166,PROD00499,PRODUCT,normalized,0.935,0.897,SYNTHETIC_DEMO
Entity 0167,LOC00502,LOCATION,normalized,0.835,0.925,SYNTHETIC_DEMO
Entity 0168,LOC00505,LOCATION,exact,0.953,0.869,SYNTHETIC_DEMO
Entity 0169,LOC00508,LOCATION,normalized,0.822,0.951,SYNTHETIC_DEMO
Entity 0170,LOC00511,LOCATION,exact,0.987,0.937,SYNTHETIC_DEMO
Entity 0171,SUP00514,SUPPLIER,fuzzy,0.866,0.951,SYNTHETIC_DEMO
Entity 0172,LOC00517,LOCATION,fuzzy,0.945,0.794,SYNTHETIC_DEMO
Entity 0173,LOC00520,LOCATION,fuzzy,0.886,0.895,SYNTHETIC_DEMO
Entity 0174,LOC00523,LOCATION,normalized,0.824,0.768,SYNTHETIC_DEMO
Entity 0175,PROD00526,PRODUCT,normalized,0.958,0.856,SYNTHETIC_DEMO
Entity 0176,PROD00529,PRODUCT,normalized,0.938,0.952,SYNTHETIC_DEMO
Entity 0177,SUP00532,SUPPLIER,normalized,0.858,0.77,SYNTHETIC_DEMO
Entity 0178,LOC00535,LOCATION,exact,0.987,0.959,SYNTHETIC_DEMO
Entity 0179,SUP00538,SUPPLIER,fuzzy,0.825,0.912,SYNTHETIC_DEMO
Entity 0180,PROD00541,PRODUCT,fuzzy,0.864,0.835,SYNTHETIC_DEMO
Entity 0181,LOC00544,LOCATION,normalized,0.824,0.841,SYNTHETIC_DEMO
Entity 0182,PROD00547,PRODUCT,exact,0.853,0.904,SYNTHETIC_DEMO
Entity 0183,SUP00550,SUPPLIER,normalized,0.934,0.772,SYNTHETIC_DEMO
Entity 0184,SUP00553,SUPPLIER,normalized,0.869,0.963,SYNTHETIC_DEMO
Entity 0185,LOC00556,LOCATION,exact,0.959,0.937,SYNTHETIC_DEMO
Entity 0186,SUP00559,SUPPLIER,normalized,0.849,0.845,SYNTHETIC_DEMO
Entity 0187,PROD00562,PRODUCT,exact,0.948,0.788,SYNTHETIC_DEMO
Entity 0188,SUP00565,SUPPLIER,fuzzy,0.865,0.896,SYNTHETIC_DEMO
Entity 0189,PROD00568,PRODUCT,fuzzy,0.846,0.972,SYNTHETIC_DEMO
Entity 0190,PROD00571,PRODUCT,exact,0.881,0.842,SYNTHETIC_DEMO
Entity 0191,PROD00574,PRODUCT,normalized,0.84,0.965,SYNTHETIC_DEMO
Entity 0192,SUP00577,SUPPLIER,normalized,0.814,0.794,SYNTHETIC_DEMO
Entity 0193,PROD00580,PRODUCT,fuzzy,0.844,0.858,SYNTHETIC_DEMO
Entity 0194,SUP00583,SUPPLIER,exact,0.819,0.959,SYNTHETIC_DEMO
Entity 0195,LOC00586,LOCATION,fuzzy,0.916,0.832,SYNTHETIC_DEMO
Entity 0196,SUP00589,SUPPLIER,fuzzy,0.912,0.772,SYNTHETIC_DEMO
Entity 0197,LOC00592,LOCATION,fuzzy,0.87,0.864,SYNTHETIC_DEMO
Entity 0198,SUP00595,SUPPLIER,exact,0.817,0.892,SYNTHETIC_DEMO
Entity 0199,LOC00598,LOCATION,fuzzy,0.806,0.829,SYNTHETIC_DEMO
Entity 0200,SUP00601,SUPPLIER,normalized,0.909,0.937,SYNTHETIC_DEMO
Entity 0201,LOC00604,LOCATION,fuzzy,0.914,0.809,SYNTHETIC_DEMO
Entity 0202,SUP00607,SUPPLIER,normalized,0.851,0.893,SYNTHETIC_DEMO
Entity 0203,SUP00610,SUPPLIER,normalized,0.859,0.894,SYNTHETIC_DEMO
Entity 0204,SUP00613,SUPPLIER,exact,0.963,0.828,SYNTHETIC_DEMO
Entity 0205,SUP00616,SUPPLIER,normalized,0.863,0.78,SYNTHETIC_DEMO
Entity 0206,SUP00619,SUPPLIER,exact,0.983,0.846,SYNTHETIC_DEMO
Entity 0207,LOC00622,LOCATION,fuzzy,0.826,0.968,SYNTHETIC_DEMO
Entity 0208,LOC00625,LOCATION,normalized,0.95,0.95,SYNTHETIC_DEMO
Entity 0209,PROD00628,PRODUCT,exact,0.91,0.756,SYNTHETIC_DEMO
Entity 0210,PROD00631,PRODUCT,normalized,0.959,0.781,SYNTHETIC_DEMO
Entity 0211,LOC00634,LOCATION,fuzzy,0.925,0.916,SYNTHETIC_DEMO
Entity 0212,PROD00637,PRODUCT,fuzzy,0.916,0.793,SYNTHETIC_DEMO
Entity 0213,SUP00640,SUPPLIER,exact,0.913,0.779,SYNTHETIC_DEMO
Entity 0214,SUP00643,SUPPLIER,fuzzy,0.956,0.774,SYNTHETIC_DEMO
Entity 0215,LOC00646,LOCATION,exact,0.865,0.914,SYNTHETIC_DEMO
Entity 0216,LOC00649,LOCATION,exact,0.814,0.768,SYNTHETIC_DEMO
Entity 0217,PROD00652,PRODUCT,exact,0.975,0.843,SYNTHETIC_DEMO
Entity 0218,SUP00655,SUPPLIER,exact,0.955,0.828,SYNTHETIC_DEMO
Entity 0219,LOC00658,LOCATION,exact,0.809,0.98,SYNTHETIC_DEMO
Entity 0220,LOC00661,LOCATION,exact,0.92,0.863,SYNTHETIC_DEMO
Entity 0221,PROD00664,PRODUCT,fuzzy,0.915,0.919,SYNTHETIC_DEMO
Entity 0222,PROD00667,PRODUCT,exact,0.872,0.952,SYNTHETIC_DEMO
Entity 0223,SUP00670,SUPPLIER,exact,0.832,0.949,SYNTHETIC_DEMO
Entity 0224,PROD00673,PRODUCT,exact,0.857,0.816,SYNTHETIC_DEMO
Entity 0225,PROD00676,PRODUCT,normalized,0.95,0.871,SYNTHETIC_DEMO
Entity 0226,LOC00679,LOCATION,fuzzy,0.894,0.938,SYNTHETIC_DEMO
Entity 0227,LOC00682,LOCATION,fuzzy,0.987,0.969,SYNTHETIC_DEMO
Entity 0228,LOC00685,LOCATION,fuzzy,0.842,0.815,SYNTHETIC_DEMO
Entity 0229,LOC00688,LOCATION,fuzzy,0.968,0.839,SYNTHETIC_DEMO
Entity 0230,PROD00691,PRODUCT,normalized,0.923,0.827,SYNTHETIC_DEMO
Entity 0231,PROD00694,PRODUCT,fuzzy,0.891,0.978,SYNTHETIC_DEMO
Entity 0232,LOC00697,LOCATION,exact,0.895,0.835,SYNTHETIC_DEMO
Entity 0233,LOC00700,LOCATION,fuzzy,0.81,0.843,SYNTHETIC_DEMO
Entity 0234,SUP00703,SUPPLIER,normalized,0.84,0.754,SYNTHETIC_DEMO
Entity 0235,PROD00706,PRODUCT,normalized,0.848,0.919,SYNTHETIC_DEMO
Entity 0236,PROD00709,PRODUCT,fuzzy,0.837,0.969,SYNTHETIC_DEMO
Entity 0237,PROD00712,PRODUCT,fuzzy,0.978,0.826,SYNTHETIC_DEMO
Entity 0238,LOC00715,LOCATION,normalized,0.895,0.832,SYNTHETIC_DEMO
Entity 0239,PROD00718,PRODUCT,exact,0.843,0.936,SYNTHETIC_DEMO
Entity 0240,SUP00721,SUPPLIER,fuzzy,0.885,0.778,SYNTHETIC_DEMO
Entity 0241,PROD00724,PRODUCT,exact,0.848,0.945,SYNTHETIC_DEMO
Entity 0242,PROD00727,PRODUCT,fuzzy,0.916,0.817,SYNTHETIC_DEMO
Entity 0243,LOC00730,LOCATION,exact,0.918,0.959,SYNTHETIC_DEMO
Entity 0244,PROD00733,PRODUCT,fuzzy,0.842,0.956,SYNTHETIC_DEMO
Entity 0245,PROD00736,PRODUCT,fuzzy,0.855,0.843,SYNTHETIC_DEMO
Entity 0246,SUP00739,SUPPLIER,fuzzy,0.826,0.935,SYNTHETIC_DEMO
Entity 0247,LOC00742,LOCATION,normalized,0.866,0.793,SYNTHETIC_DEMO
Entity 0248,LOC00745,LOCATION,normalized,0.875,0.792,SYNTHETIC_DEMO
Entity 0249,LOC00748,LOCATION,exact,0.815,0.84,SYNTHETIC_DEMO
Entity 0250,PROD00751,PRODUCT,normalized,0.958,0.844,SYNTHETIC_DEMO
Entity 0251,LOC00754,LOCATION,normalized,0.851,0.797,SYNTHETIC_DEMO
Entity 0252,PROD00757,PRODUCT,normalized,0.981,0.969,SYNTHETIC_DEMO
Entity 0253,PROD00760,PRODUCT,exact,0.975,0.818,SYNTHETIC_DEMO
Entity 0254,PROD00763,PRODUCT,exact,0.886,0.905,SYNTHETIC_DEMO
Entity 0255,SUP00766,SUPPLIER,normalized,0.944,0.883,SYNTHETIC_DEMO
Entity 0256,PROD00769,PRODUCT,fuzzy,0.835,0.837,SYNTHETIC_DEMO
Entity 0257,SUP00772,SUPPLIER,normalized,0.855,0.84,SYNTHETIC_DEMO
Entity 0258,SUP00775,SUPPLIER,exact,0.913,0.795,SYNTHETIC_DEMO
Entity 0259,PROD00778,PRODUCT,fuzzy,0.953,0.88,SYNTHETIC_DEMO
Entity 0260,SUP00781,SUPPLIER,exact,0.961,0.764,SYNTHETIC_DEMO
Entity 0261,PROD00784,PRODUCT,exact,0.959,0.937,SYNTHETIC_DEMO
Entity 0262,PROD00787,PRODUCT,fuzzy,0.901,0.777,SYNTHETIC_DEMO
Entity 0263,SUP00790,SUPPLIER,fuzzy,0.86,0.776,SYNTHETIC_DEMO
Entity 0264,LOC00793,LOCATION,normalized,0.85,0.931,SYNTHETIC_DEMO
Entity 0265,SUP00796,SUPPLIER,fuzzy,0.972,0.974,SYNTHETIC_DEMO
Entity 0266,PROD00799,PRODUCT,normalized,0.845,0.873,SYNTHETIC_DEMO
Entity 0267,LOC00802,LOCATION,exact,0.963,0.848,SYNTHETIC_DEMO
Entity 0268,SUP00805,SUPPLIER,exact,0.888,0.841,SYNTHETIC_DEMO
Entity 0269,LOC00808,LOCATION,exact,0.924,0.838,SYNTHETIC_DEMO
Entity 0270,LOC00811,LOCATION,fuzzy,0.801,0.872,SYNTHETIC_DEMO
Entity 0271,LOC00814,LOCATION,normalized,0.877,0.788,SYNTHETIC_DEMO
Entity 0272,SUP00817,SUPPLIER,fuzzy,0.872,0.776,SYNTHETIC_DEMO
Entity 0273,SUP00820,SUPPLIER,exact,0.926,0.765,SYNTHETIC_DEMO
Entity 0274,PROD00823,PRODUCT,normalized,0.891,0.856,SYNTHETIC_DEMO
Entity 0275,SUP00826,SUPPLIER,fuzzy,0.953,0.798,SYNTHETIC_DEMO
Entity 0276,SUP00829,SUPPLIER,fuzzy,0.814,0.823,SYNTHETIC_DEMO
Entity 0277,LOC00832,LOCATION,fuzzy,0.921,0.861,SYNTHETIC_DEMO
Entity 0278,SUP00835,SUPPLIER,exact,0.969,0.849,SYNTHETIC_DEMO
Entity 0279,PROD00838,PRODUCT,normalized,0.936,0.95,SYNTHETIC_DEMO
Entity 0280,PROD00841,PRODUCT,fuzzy,0.981,0.79,SYNTHETIC_DEMO
Entity 0281,PROD00844,PRODUCT,normalized,0.904,0.76,SYNTHETIC_DEMO
Entity 0282,PROD00847,PRODUCT,exact,0.818,0.975,SYNTHETIC_DEMO
Entity 0283,SUP00850,SUPPLIER,fuzzy,0.843,0.965,SYNTHETIC_DEMO
Entity 0284,SUP00853,SUPPLIER,fuzzy,0.929,0.836,SYNTHETIC_DEMO
Entity 0285,SUP00856,SUPPLIER,normalized,0.928,0.789,SYNTHETIC_DEMO
Entity 0286,SUP00859,SUPPLIER,normalized,0.88,0.765,SYNTHETIC_DEMO
Entity 0287,PROD00862,PRODUCT,exact,0.899,0.871,SYNTHETIC_DEMO
Entity 0288,PROD00865,PRODUCT,exact,0.817,0.776,SYNTHETIC_DEMO
Entity 0289,LOC00868,LOCATION,fuzzy,0.849,0.937,SYNTHETIC_DEMO
Entity 0290,LOC00871,LOCATION,normalized,0.886,0.797,SYNTHETIC_DEMO
Entity 0291,LOC00874,LOCATION,fuzzy,0.82,0.781,SYNTHETIC_DEMO
Entity 0292,SUP00877,SUPPLIER,exact,0.976,0.89,SYNTHETIC_DEMO
Entity 0293,LOC00880,LOCATION,exact,0.802,0.757,SYNTHETIC_DEMO
Entity 0294,SUP00883,SUPPLIER,normalized,0.875,0.889,SYNTHETIC_DEMO
Entity 0295,PROD00886,PRODUCT,exact,0.899,0.823,SYNTHETIC_DEMO
Entity 0296,LOC00889,LOCATION,exact,0.803,0.908,SYNTHETIC_DEMO
Entity 0297,PROD00892,PRODUCT,normalized,0.969,0.763,SYNTHETIC_DEMO
Entity 0298,LOC00895,LOCATION,normalized,0.893,0.852,SYNTHETIC_DEMO
Entity 0299,LOC00898,LOCATION,fuzzy,0.902,0.867,SYNTHETIC_DEMO
Entity 0300,SUP00901,SUPPLIER,exact,0.974,0.832,SYNTHETIC_DEMO
Entity 0301,PROD00904,PRODUCT,fuzzy,0.835,0.869,SYNTHETIC_DEMO
Entity 0302,SUP00907,SUPPLIER,fuzzy,0.803,0.832,SYNTHETIC_DEMO
Entity 0303,SUP00910,SUPPLIER,exact,0.97,0.865,SYNTHETIC_DEMO
Entity 0304,LOC00913,LOCATION,normalized,0.825,0.962,SYNTHETIC_DEMO
Entity 0305,LOC00916,LOCATION,normalized,0.841,0.8,SYNTHETIC_DEMO
Entity 0306,LOC00919,LOCATION,fuzzy,0.834,0.814,SYNTHETIC_DEMO
Entity 0307,SUP00922,SUPPLIER,normalized,0.953,0.765,SYNTHETIC_DEMO
Entity 0308,SUP00925,SUPPLIER,exact,0.856,0.904,SYNTHETIC_DEMO
Entity 0309,PROD00928,PRODUCT,exact,0.93,0.81,SYNTHETIC_DEMO
Entity 0310,PROD00931,PRODUCT,normalized,0.979,0.795,SYNTHETIC_DEMO
Entity 0311,SUP00934,SUPPLIER,exact,0.918,0.811,SYNTHETIC_DEMO
Entity 0312,LOC00937,LOCATION,normalized,0.898,0.774,SYNTHETIC_DEMO
Entity 0313,LOC00940,LOCATION,exact,0.978,0.957,SYNTHETIC_DEMO
Entity 0314,LOC00943,LOCATION,fuzzy,0.811,0.922,SYNTHETIC_DEMO
Entity 0315,SUP00946,SUPPLIER,fuzzy,0.878,0.951,SYNTHETIC_DEMO
Entity 0316,LOC00949,LOCATION,fuzzy,0.89,0.784,SYNTHETIC_DEMO
Entity 0317,SUP00952,SUPPLIER,exact,0.907,0.771,SYNTHETIC_DEMO
Entity 0318,LOC00955,LOCATION,exact,0.93,0.957,SYNTHETIC_DEMO
Entity 0319,LOC00958,LOCATION,normalized,0.962,0.922,SYNTHETIC_DEMO
Entity 0320,PROD00961,PRODUCT,fuzzy,0.866,0.797,SYNTHETIC_DEMO
Entity 0321,SUP00964,SUPPLIER,exact,0.853,0.966,SYNTHETIC_DEMO
Entity 0322,SUP00967,SUPPLIER,fuzzy,0.955,0.936,SYNTHETIC_DEMO
Entity 0323,SUP00970,SUPPLIER,fuzzy,0.846,0.874,SYNTHETIC_DEMO
Entity 0324,SUP00973,SUPPLIER,exact,0.895,0.768,SYNTHETIC_DEMO
Entity 0325,LOC00976,LOCATION,normalized,0.917,0.813,SYNTHETIC_DEMO
Entity 0326,SUP00979,SUPPLIER,normalized,0.819,0.758,SYNTHETIC_DEMO
Entity 0327,PROD00982,PRODUCT,exact,0.988,0.761,SYNTHETIC_DEMO
Entity 0328,SUP00985,SUPPLIER,normalized,0.91,0.973,SYNTHETIC_DEMO
Entity 0329,LOC00988,LOCATION,exact,0.912,0.781,SYNTHETIC_DEMO
Entity 0330,LOC00991,LOCATION,fuzzy,0.964,0.865,SYNTHETIC_DEMO
Entity 0331,PROD00994,PRODUCT,normalized,0.819,0.774,SYNTHETIC_DEMO
Entity 0332,LOC00997,LOCATION,fuzzy,0.981,0.831,SYNTHETIC_DEMO
Entity 0333,PROD01000,PRODUCT,normalized,0.909,0.886,SYNTHETIC_DEMO
Entity 0334,LOC00003,LOCATION,exact,0.864,0.812,SYNTHETIC_DEMO
Entity 0335,LOC00006,LOCATION,exact,0.982,0.891,SYNTHETIC_DEMO
Entity 0336,LOC00009,LOCATION,exact,0.853,0.92,SYNTHETIC_DEMO
Entity 0337,SUP00012,SUPPLIER,exact,0.938,0.972,SYNTHETIC_DEMO
Entity 0338,SUP00015,SUPPLIER,normalized,0.947,0.813,SYNTHETIC_DEMO
Entity 0339,LOC00018,LOCATION,fuzzy,0.886,0.924,SYNTHETIC_DEMO
Entity 0340,PROD00021,PRODUCT,exact,0.91,0.75,SYNTHETIC_DEMO
Entity 0341,SUP00024,SUPPLIER,normalized,0.917,0.97,SYNTHETIC_DEMO
Entity 0342,SUP00027,SUPPLIER,normalized,0.881,0.778,SYNTHETIC_DEMO
Entity 0343,SUP00030,SUPPLIER,exact,0.982,0.773,SYNTHETIC_DEMO
Entity 0344,PROD00033,PRODUCT,exact,0.92,0.787,SYNTHETIC_DEMO
Entity 0345,PROD00036,PRODUCT,normalized,0.94,0.892,SYNTHETIC_DEMO
Entity 0346,LOC00039,LOCATION,normalized,0.963,0.934,SYNTHETIC_DEMO
Entity 0347,SUP00042,SUPPLIER,exact,0.899,0.967,SYNTHETIC_DEMO
Entity 0348,LOC00045,LOCATION,exact,0.912,0.953,SYNTHETIC_DEMO
Entity 0349,SUP00048,SUPPLIER,normalized,0.987,0.958,SYNTHETIC_DEMO
Entity 0350,LOC00051,LOCATION,exact,0.961,0.881,SYNTHETIC_DEMO
Entity 0351,SUP00054,SUPPLIER,normalized,0.828,0.884,SYNTHETIC_DEMO
Entity 0352,PROD00057,PRODUCT,fuzzy,0.926,0.769,SYNTHETIC_DEMO
Entity 0353,SUP00060,SUPPLIER,normalized,0.848,0.978,SYNTHETIC_DEMO
Entity 0354,PROD00063,PRODUCT,normalized,0.946,0.896,SYNTHETIC_DEMO
Entity 0355,PROD00066,PRODUCT,normalized,0.944,0.934,SYNTHETIC_DEMO
Entity 0356,PROD00069,PRODUCT,normalized,0.873,0.766,SYNTHETIC_DEMO
Entity 0357,SUP00072,SUPPLIER,normalized,0.932,0.789,SYNTHETIC_DEMO
Entity 0358,SUP00075,SUPPLIER,exact,0.868,0.815,SYNTHETIC_DEMO
Entity 0359,PROD00078,PRODUCT,normalized,0.897,0.868,SYNTHETIC_DEMO
Entity 0360,PROD00081,PRODUCT,exact,0.813,0.952,SYNTHETIC_DEMO
Entity 0361,PROD00084,PRODUCT,normalized,0.809,0.774,SYNTHETIC_DEMO
Entity 0362,LOC00087,LOCATION,exact,0.86,0.772,SYNTHETIC_DEMO
Entity 0363,SUP00090,SUPPLIER,exact,0.977,0.911,SYNTHETIC_DEMO
Entity 0364,SUP00093,SUPPLIER,normalized,0.988,0.878,SYNTHETIC_DEMO
Entity 0365,LOC00096,LOCATION,fuzzy,0.848,0.849,SYNTHETIC_DEMO
Entity 0366,LOC00099,LOCATION,normalized,0.987,0.887,SYNTHETIC_DEMO
Entity 0367,PROD00102,PRODUCT,exact,0.853,0.883,SYNTHETIC_DEMO
Entity 0368,LOC00105,LOCATION,exact,0.806,0.974,SYNTHETIC_DEMO
Entity 0369,PROD00108,PRODUCT,fuzzy,0.929,0.842,SYNTHETIC_DEMO
Entity 0370,SUP00111,SUPPLIER,exact,0.821,0.843,SYNTHETIC_DEMO
Entity 0371,SUP00114,SUPPLIER,fuzzy,0.949,0.882,SYNTHETIC_DEMO
Entity 0372,LOC00117,LOCATION,exact,0.815,0.753,SYNTHETIC_DEMO
Entity 0373,LOC00120,LOCATION,exact,0.925,0.764,SYNTHETIC_DEMO
Entity 0374,SUP00123,SUPPLIER,fuzzy,0.916,0.794,SYNTHETIC_DEMO
Entity 0375,LOC00126,LOCATION,exact,0.952,0.954,SYNTHETIC_DEMO
Entity 0376,SUP00129,SUPPLIER,exact,0.979,0.903,SYNTHETIC_DEMO
Entity 0377,SUP00132,SUPPLIER,normalized,0.832,0.945,SYNTHETIC_DEMO
Entity 0378,LOC00135,LOCATION,normalized,0.879,0.935,SYNTHETIC_DEMO
Entity 0379,LOC00138,LOCATION,normalized,0.818,0.772,SYNTHETIC_DEMO
Entity 0380,PROD00141,PRODUCT,exact,0.943,0.902,SYNTHETIC_DEMO
Entity 0381,PROD00144,PRODUCT,exact,0.864,0.824,SYNTHETIC_DEMO
Entity 0382,PROD00147,PRODUCT,fuzzy,0.935,0.979,SYNTHETIC_DEMO
Entity 0383,PROD00150,PRODUCT,normalized,0.812,0.934,SYNTHETIC_DEMO
Entity 0384,PROD00153,PRODUCT,exact,0.968,0.902,SYNTHETIC_DEMO
Entity 0385,SUP00156,SUPPLIER,exact,0.885,0.776,SYNTHETIC_DEMO
Entity 0386,LOC00159,LOCATION,fuzzy,0.916,0.851,SYNTHETIC_DEMO
Entity 0387,SUP00162,SUPPLIER,fuzzy,0.919,0.934,SYNTHETIC_DEMO
Entity 0388,SUP00165,SUPPLIER,fuzzy,0.824,0.86,SYNTHETIC_DEMO
Entity 0389,SUP00168,SUPPLIER,normalized,0.825,0.811,SYNTHETIC_DEMO
Entity 0390,LOC00171,LOCATION,fuzzy,0.949,0.793,SYNTHETIC_DEMO
Entity 0391,SUP00174,SUPPLIER,normalized,0.984,0.874,SYNTHETIC_DEMO
Entity 0392,PROD00177,PRODUCT,exact,0.915,0.938,SYNTHETIC_DEMO
Entity 0393,SUP00180,SUPPLIER,exact,0.936,0.904,SYNTHETIC_DEMO
Entity 0394,LOC00183,LOCATION,normalized,0.921,0.948,SYNTHETIC_DEMO
Entity 0395,PROD00186,PRODUCT,fuzzy,0.983,0.808,SYNTHETIC_DEMO
Entity 0396,PROD00189,PRODUCT,normalized,0.854,0.969,SYNTHETIC_DEMO
Entity 0397,SUP00192,SUPPLIER,normalized,0.81,0.762,SYNTHETIC_DEMO
Entity 0398,PROD00195,PRODUCT,fuzzy,0.934,0.84,SYNTHETIC_DEMO
Entity 0399,LOC00198,LOCATION,exact,0.888,0.899,SYNTHETIC_DEMO
Entity 0400,PROD00201,PRODUCT,fuzzy,0.912,0.89,SYNTHETIC_DEMO
Entity 0401,PROD00204,PRODUCT,exact,0.927,0.754,SYNTHETIC_DEMO
Entity 0402,LOC00207,LOCATION,normalized,0.835,0.945,SYNTHETIC_DEMO
Entity 0403,LOC00210,LOCATION,normalized,0.973,0.829,SYNTHETIC_DEMO
Entity 0404,LOC00213,LOCATION,exact,0.965,0.763,SYNTHETIC_DEMO
Entity 0405,LOC00216,LOCATION,normalized,0.938,0.955,SYNTHETIC_DEMO
Entity 0406,SUP00219,SUPPLIER,exact,0.939,0.889,SYNTHETIC_DEMO
Entity 0407,PROD00222,PRODUCT,normalized,0.934,0.816,SYNTHETIC_DEMO
Entity 0408,LOC00225,LOCATION,fuzzy,0.912,0.891,SYNTHETIC_DEMO
Entity 0409,PROD00228,PRODUCT,normalized,0.93,0.919,SYNTHETIC_DEMO
Entity 0410,LOC00231,LOCATION,exact,0.877,0.774,SYNTHETIC_DEMO
Entity 0411,LOC00234,LOCATION,exact,0.84,0.78,SYNTHETIC_DEMO
Entity 0412,PROD00237,PRODUCT,exact,0.857,0.815,SYNTHETIC_DEMO
Entity 0413,SUP00240,SUPPLIER,exact,0.855,0.753,SYNTHETIC_DEMO
Entity 0414,LOC00243,LOCATION,normalized,0.956,0.96,SYNTHETIC_DEMO
Entity 0415,PROD00246,PRODUCT,exact,0.801,0.838,SYNTHETIC_DEMO
Entity 0416,LOC00249,LOCATION,exact,0.92,0.819,SYNTHETIC_DEMO
Entity 0417,SUP00252,SUPPLIER,fuzzy,0.862,0.85,SYNTHETIC_DEMO
Entity 0418,LOC00255,LOCATION,normalized,0.909,0.901,SYNTHETIC_DEMO
Entity 0419,SUP00258,SUPPLIER,normalized,0.988,0.845,SYNTHETIC_DEMO
Entity 0420,LOC00261,LOCATION,normalized,0.865,0.814,SYNTHETIC_DEMO
Entity 0421,PROD00264,PRODUCT,fuzzy,0.983,0.952,SYNTHETIC_DEMO
Entity 0422,SUP00267,SUPPLIER,fuzzy,0.812,0.752,SYNTHETIC_DEMO
Entity 0423,LOC00270,LOCATION,normalized,0.885,0.773,SYNTHETIC_DEMO
Entity 0424,SUP00273,SUPPLIER,exact,0.855,0.917,SYNTHETIC_DEMO
Entity 0425,SUP00276,SUPPLIER,exact,0.874,0.887,SYNTHETIC_DEMO
Entity 0426,PROD00279,PRODUCT,exact,0.857,0.841,SYNTHETIC_DEMO
Entity 0427,PROD00282,PRODUCT,fuzzy,0.882,0.841,SYNTHETIC_DEMO
Entity 0428,PROD00285,PRODUCT,exact,0.827,0.775,SYNTHETIC_DEMO
Entity 0429,SUP00288,SUPPLIER,fuzzy,0.849,0.951,SYNTHETIC_DEMO
Entity 0430,LOC00291,LOCATION,normalized,0.879,0.766,SYNTHETIC_DEMO
Entity 0431,PROD00294,PRODUCT,exact,0.963,0.939,SYNTHETIC_DEMO
Entity 0432,LOC00297,LOCATION,normalized,0.866,0.971,SYNTHETIC_DEMO
Entity 0433,PROD00300,PRODUCT,normalized,0.857,0.805,SYNTHETIC_DEMO
Entity 0434,LOC00303,LOCATION,fuzzy,0.904,0.755,SYNTHETIC_DEMO
Entity 0435,PROD00306,PRODUCT,exact,0.87,0.771,SYNTHETIC_DEMO
Entity 0436,SUP00309,SUPPLIER,fuzzy,0.839,0.752,SYNTHETIC_DEMO
Entity 0437,LOC00312,LOCATION,fuzzy,0.979,0.884,SYNTHETIC_DEMO
Entity 0438,SUP00315,SUPPLIER,fuzzy,0.832,0.778,SYNTHETIC_DEMO
Entity 0439,LOC00318,LOCATION,fuzzy,0.933,0.827,SYNTHETIC_DEMO
Entity 0440,SUP00321,SUPPLIER,fuzzy,0.851,0.815,SYNTHETIC_DEMO
Entity 0441,LOC00324,LOCATION,normalized,0.806,0.757,SYNTHETIC_DEMO
Entity 0442,PROD00327,PRODUCT,normalized,0.804,0.928,SYNTHETIC_DEMO
Entity 0443,SUP00330,SUPPLIER,normalized,0.857,0.85,SYNTHETIC_DEMO
Entity 0444,PROD00333,PRODUCT,fuzzy,0.95,0.855,SYNTHETIC_DEMO
Entity 0445,PROD00336,PRODUCT,exact,0.942,0.772,SYNTHETIC_DEMO
Entity 0446,LOC00339,LOCATION,normalized,0.865,0.864,SYNTHETIC_DEMO
Entity 0447,PROD00342,PRODUCT,exact,0.828,0.774,SYNTHETIC_DEMO
Entity 0448,PROD00345,PRODUCT,fuzzy,0.804,0.915,SYNTHETIC_DEMO
Entity 0449,SUP00348,SUPPLIER,fuzzy,0.922,0.809,SYNTHETIC_DEMO
Entity 0450,LOC00351,LOCATION,fuzzy,0.884,0.796,SYNTHETIC_DEMO
Entity 0451,SUP00354,SUPPLIER,normalized,0.955,0.853,SYNTHETIC_DEMO
Entity 0452,SUP00357,SUPPLIER,normalized,0.924,0.918,SYNTHETIC_DEMO
Entity 0453,SUP00360,SUPPLIER,fuzzy,0.898,0.775,SYNTHETIC_DEMO
Entity 0454,PROD00363,PRODUCT,fuzzy,0.923,0.956,SYNTHETIC_DEMO
Entity 0455,SUP00366,SUPPLIER,fuzzy,0.834,0.826,SYNTHETIC_DEMO
Entity 0456,PROD00369,PRODUCT,fuzzy,0.815,0.786,SYNTHETIC_DEMO
Entity 0457,SUP00372,SUPPLIER,normalized,0.984,0.861,SYNTHETIC_DEMO
Entity 0458,LOC00375,LOCATION,fuzzy,0.846,0.943,SYNTHETIC_DEMO
Entity 0459,LOC00378,LOCATION,normalized,0.928,0.785,SYNTHETIC_DEMO
Entity 0460,SUP00381,SUPPLIER,fuzzy,0.862,0.802,SYNTHETIC_DEMO
Entity 0461,PROD00384,PRODUCT,fuzzy,0.921,0.814,SYNTHETIC_DEMO
Entity 0462,SUP00387,SUPPLIER,normalized,0.889,0.921,SYNTHETIC_DEMO
Entity 0463,LOC00390,LOCATION,fuzzy,0.854,0.934,SYNTHETIC_DEMO
Entity 0464,PROD00393,PRODUCT,normalized,0.957,0.821,SYNTHETIC_DEMO
Entity 0465,LOC00396,LOCATION,fuzzy,0.988,0.822,SYNTHETIC_DEMO
Entity 0466,PROD00399,PRODUCT,fuzzy,0.832,0.793,SYNTHETIC_DEMO
Entity 0467,SUP00402,SUPPLIER,exact,0.895,0.784,SYNTHETIC_DEMO
Entity 0468,LOC00405,LOCATION,exact,0.801,0.79,SYNTHETIC_DEMO
Entity 0469,SUP00408,SUPPLIER,exact,0.921,0.848,SYNTHETIC_DEMO
Entity 0470,SUP00411,SUPPLIER,normalized,0.93,0.889,SYNTHETIC_DEMO
Entity 0471,PROD00414,PRODUCT,exact,0.896,0.844,SYNTHETIC_DEMO
Entity 0472,SUP00417,SUPPLIER,normalized,0.979,0.98,SYNTHETIC_DEMO
Entity 0473,PROD00420,PRODUCT,fuzzy,0.813,0.816,SYNTHETIC_DEMO
Entity 0474,PROD00423,PRODUCT,fuzzy,0.92,0.916,SYNTHETIC_DEMO
Entity 0475,SUP00426,SUPPLIER,exact,0.935,0.962,SYNTHETIC_DEMO
Entity 0476,PROD00429,PRODUCT,fuzzy,0.939,0.952,SYNTHETIC_DEMO
Entity 0477,PROD00432,PRODUCT,normalized,0.951,0.787,SYNTHETIC_DEMO
Entity 0478,LOC00435,LOCATION,exact,0.847,0.956,SYNTHETIC_DEMO
Entity 0479,LOC00438,LOCATION,fuzzy,0.86,0.913,SYNTHETIC_DEMO
Entity 0480,SUP00441,SUPPLIER,normalized,0.828,0.837,SYNTHETIC_DEMO
Entity 0481,PROD00444,PRODUCT,fuzzy,0.942,0.795,SYNTHETIC_DEMO
Entity 0482,SUP00447,SUPPLIER,normalized,0.807,0.974,SYNTHETIC_DEMO
Entity 0483,PROD00450,PRODUCT,normalized,0.888,0.797,SYNTHETIC_DEMO
Entity 0484,SUP00453,SUPPLIER,fuzzy,0.838,0.887,SYNTHETIC_DEMO
Entity 0485,SUP00456,SUPPLIER,normalized,0.896,0.865,SYNTHETIC_DEMO
Entity 0486,SUP00459,SUPPLIER,normalized,0.923,0.789,SYNTHETIC_DEMO
Entity 0487,LOC00462,LOCATION,exact,0.962,0.769,SYNTHETIC_DEMO
Entity 0488,SUP00465,SUPPLIER,fuzzy,0.841,0.76,SYNTHETIC_DEMO
Entity 0489,PROD00468,PRODUCT,fuzzy,0.863,0.971,SYNTHETIC_DEMO
Entity 0490,PROD00471,PRODUCT,normalized,0.845,0.915,SYNTHETIC_DEMO
Entity 0491,PROD00474,PRODUCT,fuzzy,0.806,0.86,SYNTHETIC_DEMO
Entity 0492,SUP00477,SUPPLIER,exact,0.86,0.924,SYNTHETIC_DEMO
Entity 0493,PROD00480,PRODUCT,exact,0.922,0.89,SYNTHETIC_DEMO
Entity 0494,PROD00483,PRODUCT,fuzzy,0.893,0.795,SYNTHETIC_DEMO
Entity 0495,SUP00486,SUPPLIER,exact,0.975,0.854,SYNTHETIC_DEMO
Entity 0496,PROD00489,PRODUCT,exact,0.95,0.978,SYNTHETIC_DEMO
Entity 0497,LOC00492,LOCATION,normalized,0.972,0.892,SYNTHETIC_DEMO
Entity 0498,LOC00495,LOCATION,fuzzy,0.875,0.963,SYNTHETIC_DEMO
Entity 0499,SUP00498,SUPPLIER,normalized,0.838,0.887,SYNTHETIC_DEMO
Entity 0500,LOC00501,LOCATION,normalized,0.956,0.756,SYNTHETIC_DEMO
