article_id,entity_text,entity_type,normalized_entity,confidence,character_start,character_end,data_status
NEWS00001,Supplier 0001,ORG,SUPPLIER 0001,0.918,27,107,SYNTHETIC_DEMO
NEWS00002,Location 0002,GPE,LOCATION 0002,0.986,16,145,SYNTHETIC_DEMO
NEWS00003,Location 0003,LOC,LOCATION 0003,0.944,13,148,SYNTHETIC_DEMO
NEWS00004,Product 0004,PRODUCT,PRODUCT 0004,0.944,55,96,SYNTHETIC_DEMO
NEWS00005,Labor Disruption,EVENT,LABOR DISRUPTION,0.972,23,146,SYNTHETIC_DEMO
NEWS00006,Supplier 0006,ORG,SUPPLIER 0006,0.836,4,117,SYNTHETIC_DEMO
NEWS00007,Location 0007,GPE,LOCATION 0007,0.84,79,146,SYNTHETIC_DEMO
NEWS00008,Location 0008,LOC,LOCATION 0008,0.789,58,126,SYNTHETIC_DEMO
NEWS00009,Product 0009,PRODUCT,PRODUCT 0009,0.98,49,156,SYNTHETIC_DEMO
NEWS00010,Flood,EVENT,FLOOD,0.907,58,115,SYNTHETIC_DEMO
NEWS00011,Supplier 0011,ORG,SUPPLIER 0011,0.765,14,131,SYNTHETIC_DEMO
NEWS00012,Location 0012,GPE,LOCATION 0012,0.972,13,99,SYNTHETIC_DEMO
NEWS00013,Location 0013,LOC,LOCATION 0013,0.858,39,135,SYNTHETIC_DEMO
NEWS00014,Product 0014,PRODUCT,PRODUCT 0014,0.896,70,117,SYNTHETIC_DEMO
NEWS00015,Labor Disruption,EVENT,LABOR DISRUPTION,0.811,9,102,SYNTHETIC_DEMO
NEWS00016,Supplier 0016,ORG,SUPPLIER 0016,0.866,15,127,SYNTHETIC_DEMO
NEWS00017,Location 0017,GPE,LOCATION 0017,0.98,45,98,SYNTHETIC_DEMO
NEWS00018,Location 0018,LOC,LOCATION 0018,0.848,5,88,SYNTHETIC_DEMO
NEWS00019,Product 0019,PRODUCT,PRODUCT 0019,0.839,36,117,SYNTHETIC_DEMO
NEWS00020,Flood,EVENT,FLOOD,0.781,75,92,SYNTHETIC_DEMO
NEWS00021,Supplier 0021,ORG,SUPPLIER 0021,0.89,65,160,SYNTHETIC_DEMO
NEWS00022,Location 0022,GPE,LOCATION 0022,0.758,11,115,SYNTHETIC_DEMO
NEWS00023,Location 0023,LOC,LOCATION 0023,0.826,31,112,SYNTHETIC_DEMO
NEWS00024,Product 0024,PRODUCT,PRODUCT 0024,0.894,47,103,SYNTHETIC_DEMO
NEWS00025,Labor Disruption,EVENT,LABOR DISRUPTION,0.98,33,132,SYNTHETIC_DEMO
NEWS00026,Supplier 0026,ORG,SUPPLIER 0026,0.917,72,137,SYNTHETIC_DEMO
NEWS00027,Location 0027,GPE,LOCATION 0027,0.913,70,87,SYNTHETIC_DEMO
NEWS00028,Location 0028,LOC,LOCATION 0028,0.903,20,120,SYNTHETIC_DEMO
NEWS00029,Product 0029,PRODUCT,PRODUCT 0029,0.909,9,137,SYNTHETIC_DEMO
NEWS00030,Flood,EVENT,FLOOD,0.823,7,143,SYNTHETIC_DEMO
NEWS00031,Supplier 0031,ORG,SUPPLIER 0031,0.963,49,156,SYNTHETIC_DEMO
NEWS00032,Location 0032,GPE,LOCATION 0032,0.97,79,102,SYNTHETIC_DEMO
NEWS00033,Location 0033,LOC,LOCATION 0033,0.848,15,139,SYNTHETIC_DEMO
NEWS00034,Product 0034,PRODUCT,PRODUCT 0034,0.864,51,155,SYNTHETIC_DEMO
NEWS00035,Labor Disruption,EVENT,LABOR DISRUPTION,0.778,77,151,SYNTHETIC_DEMO
NEWS00036,Supplier 0036,ORG,SUPPLIER 0036,0.755,60,87,SYNTHETIC_DEMO
NEWS00037,Location 0037,GPE,LOCATION 0037,0.874,9,150,SYNTHETIC_DEMO
NEWS00038,Location 0038,LOC,LOCATION 0038,0.797,71,97,SYNTHETIC_DEMO
NEWS00039,Product 0039,PRODUCT,PRODUCT 0039,0.893,25,99,SYNTHETIC_DEMO
NEWS00040,Flood,EVENT,FLOOD,0.937,66,103,SYNTHETIC_DEMO
NEWS00041,Supplier 0041,ORG,SUPPLIER 0041,0.841,22,97,SYNTHETIC_DEMO
NEWS00042,Location 0042,GPE,LOCATION 0042,0.887,12,146,SYNTHETIC_DEMO
NEWS00043,Location 0043,LOC,LOCATION 0043,0.963,67,106,SYNTHETIC_DEMO
NEWS00044,Product 0044,PRODUCT,PRODUCT 0044,0.982,23,127,SYNTHETIC_DEMO
NEWS00045,Labor Disruption,EVENT,LABOR DISRUPTION,0.963,75,139,SYNTHETIC_DEMO
NEWS00046,Supplier 0046,ORG,SUPPLIER 0046,0.793,71,145,SYNTHETIC_DEMO
NEWS00047,Location 0047,GPE,LOCATION 0047,0.878,44,126,SYNTHETIC_DEMO
NEWS00048,Location 0048,LOC,LOCATION 0048,0.896,78,142,SYNTHETIC_DEMO
NEWS00049,Product 0049,PRODUCT,PRODUCT 0049,0.962,53,103,SYNTHETIC_DEMO
NEWS00050,Flood,EVENT,FLOOD,0.762,51,132,SYNTHETIC_DEMO
NEWS00051,Supplier 0051,ORG,SUPPLIER 0051,0.891,21,121,SYNTHETIC_DEMO
NEWS00052,Location 0052,GPE,LOCATION 0052,0.94,75,129,SYNTHETIC_DEMO
NEWS00053,Location 0053,LOC,LOCATION 0053,0.976,32,129,SYNTHETIC_DEMO
NEWS00054,Product 0054,PRODUCT,PRODUCT 0054,0.822,22,151,SYNTHETIC_DEMO
NEWS00055,Labor Disruption,EVENT,LABOR DISRUPTION,0.754,4,124,SYNTHETIC_DEMO
NEWS00056,Supplier 0056,ORG,SUPPLIER 0056,0.776,51,109,SYNTHETIC_DEMO
NEWS00057,Location 0057,GPE,LOCATION 0057,0.79,72,151,SYNTHETIC_DEMO
NEWS00058,Location 0058,LOC,LOCATION 0058,0.858,78,127,SYNTHETIC_DEMO
NEWS00059,Product 0059,PRODUCT,PRODUCT 0059,0.797,74,149,SYNTHETIC_DEMO
NEWS00060,Flood,EVENT,FLOOD,0.798,62,113,SYNTHETIC_DEMO
NEWS00061,Supplier 0061,ORG,SUPPLIER 0061,0.757,71,124,SYNTHETIC_DEMO
NEWS00062,Location 0062,GPE,LOCATION 0062,0.795,76,108,SYNTHETIC_DEMO
NEWS00063,Location 0063,LOC,LOCATION 0063,0.755,55,97,SYNTHETIC_DEMO
NEWS00064,Product 0064,PRODUCT,PRODUCT 0064,0.77,2,132,SYNTHETIC_DEMO
NEWS00065,Labor Disruption,EVENT,LABOR DISRUPTION,0.778,50,160,SYNTHETIC_DEMO
NEWS00066,Supplier 0066,ORG,SUPPLIER 0066,0.91,21,152,SYNTHETIC_DEMO
NEWS00067,Location 0067,GPE,LOCATION 0067,0.801,32,90,SYNTHETIC_DEMO
NEWS00068,Location 0068,LOC,LOCATION 0068,0.851,42,99,SYNTHETIC_DEMO
NEWS00069,Product 0069,PRODUCT,PRODUCT 0069,0.977,12,109,SYNTHETIC_DEMO
NEWS00070,Flood,EVENT,FLOOD,0.869,36,146,SYNTHETIC_DEMO
NEWS00071,Supplier 0071,ORG,SUPPLIER 0071,0.946,74,114,SYNTHETIC_DEMO
NEWS00072,Location 0072,GPE,LOCATION 0072,0.985,7,123,SYNTHETIC_DEMO
NEWS00073,Location 0073,LOC,LOCATION 0073,0.76,49,157,SYNTHETIC_DEMO
NEWS00074,Product 0074,PRODUCT,PRODUCT 0074,0.946,26,91,SYNTHETIC_DEMO
NEWS00075,Labor Disruption,EVENT,LABOR DISRUPTION,0.831,64,92,SYNTHETIC_DEMO
NEWS00076,Supplier 0076,ORG,SUPPLIER 0076,0.796,56,143,SYNTHETIC_DEMO
NEWS00077,Location 0077,GPE,LOCATION 0077,0.893,54,145,SYNTHETIC_DEMO
NEWS00078,Location 0078,LOC,LOCATION 0078,0.984,13,104,SYNTHETIC_DEMO
NEWS00079,Product 0079,PRODUCT,PRODUCT 0079,0.957,47,158,SYNTHETIC_DEMO
NEWS00080,Flood,EVENT,FLOOD,0.931,76,91,SYNTHETIC_DEMO
NEWS00081,Supplier 0081,ORG,SUPPLIER 0081,0.819,74,133,SYNTHETIC_DEMO
NEWS00082,Location 0082,GPE,LOCATION 0082,0.792,41,107,SYNTHETIC_DEMO
NEWS00083,Location 0083,LOC,LOCATION 0083,0.903,72,96,SYNTHETIC_DEMO
NEWS00084,Product 0084,PRODUCT,PRODUCT 0084,0.76,5,139,SYNTHETIC_DEMO
NEWS00085,Labor Disruption,EVENT,LABOR DISRUPTION,0.905,69,93,SYNTHETIC_DEMO
NEWS00086,Supplier 0086,ORG,SUPPLIER 0086,0.768,69,159,SYNTHETIC_DEMO
NEWS00087,Location 0087,GPE,LOCATION 0087,0.942,20,157,SYNTHETIC_DEMO
NEWS00088,Location 0088,LOC,LOCATION 0088,0.798,39,159,SYNTHETIC_DEMO
NEWS00089,Product 0089,PRODUCT,PRODUCT 0089,0.787,57,154,SYNTHETIC_DEMO
NEWS00090,Flood,EVENT,FLOOD,0.959,32,122,SYNTHETIC_DEMO
NEWS00091,Supplier 0091,ORG,SUPPLIER 0091,0.823,68,131,SYNTHETIC_DEMO
NEWS00092,Location 0092,GPE,LOCATION 0092,0.806,73,94,SYNTHETIC_DEMO
NEWS00093,Location 0093,LOC,LOCATION 0093,0.897,73,134,SYNTHETIC_DEMO
NEWS00094,Product 0094,PRODUCT,PRODUCT 0094,0.857,2,128,SYNTHETIC_DEMO
NEWS00095,Labor Disruption,EVENT,LABOR DISRUPTION,0.904,25,84,SYNTHETIC_DEMO
NEWS00096,Supplier 0096,ORG,SUPPLIER 0096,0.923,30,138,SYNTHETIC_DEMO
NEWS00097,Location 0097,GPE,LOCATION 0097,0.818,37,108,SYNTHETIC_DEMO
NEWS00098,Location 0098,LOC,LOCATION 0098,0.885,11,160,SYNTHETIC_DEMO
NEWS00099,Product 0099,PRODUCT,PRODUCT 0099,0.929,67,98,SYNTHETIC_DEMO
NEWS00100,Flood,EVENT,FLOOD,0.755,29,145,SYNTHETIC_DEMO
NEWS00101,Supplier 0101,ORG,SUPPLIER 0101,0.811,7,136,SYNTHETIC_DEMO
NEWS00102,Location 0102,GPE,LOCATION 0102,0.925,26,130,SYNTHETIC_DEMO
NEWS00103,Location 0103,LOC,LOCATION 0103,0.85,20,103,SYNTHETIC_DEMO
NEWS00104,Product 0104,PRODUCT,PRODUCT 0104,0.966,5,158,SYNTHETIC_DEMO
NEWS00105,Labor Disruption,EVENT,LABOR DISRUPTION,0.974,26,144,SYNTHETIC_DEMO
NEWS00106,Supplier 0106,ORG,SUPPLIER 0106,0.973,31,92,SYNTHETIC_DEMO
NEWS00107,Location 0107,GPE,LOCATION 0107,0.889,77,105,SYNTHETIC_DEMO
NEWS00108,Location 0108,LOC,LOCATION 0108,0.857,44,124,SYNTHETIC_DEMO
NEWS00109,Product 0109,PRODUCT,PRODUCT 0109,0.783,1,122,SYNTHETIC_DEMO
NEWS00110,Flood,EVENT,FLOOD,0.853,67,160,SYNTHETIC_DEMO
NEWS00111,Supplier 0111,ORG,SUPPLIER 0111,0.775,29,91,SYNTHETIC_DEMO
NEWS00112,Location 0112,GPE,LOCATION 0112,0.872,64,110,SYNTHETIC_DEMO
NEWS00113,Location 0113,LOC,LOCATION 0113,0.947,2,97,SYNTHETIC_DEMO
NEWS00114,Product 0114,PRODUCT,PRODUCT 0114,0.978,6,109,SYNTHETIC_DEMO
NEWS00115,Labor Disruption,EVENT,LABOR DISRUPTION,0.808,3,128,SYNTHETIC_DEMO
NEWS00116,Supplier 0116,ORG,SUPPLIER 0116,0.755,4,90,SYNTHETIC_DEMO
NEWS00117,Location 0117,GPE,LOCATION 0117,0.866,29,124,SYNTHETIC_DEMO
NEWS00118,Location 0118,LOC,LOCATION 0118,0.815,25,105,SYNTHETIC_DEMO
NEWS00119,Product 0119,PRODUCT,PRODUCT 0119,0.886,76,108,SYNTHETIC_DEMO
NEWS00120,Flood,EVENT,FLOOD,0.926,5,154,SYNTHETIC_DEMO
NEWS00121,Supplier 0121,ORG,SUPPLIER 0121,0.839,29,112,SYNTHETIC_DEMO
NEWS00122,Location 0122,GPE,LOCATION 0122,0.764,19,136,SYNTHETIC_DEMO
NEWS00123,Location 0123,LOC,LOCATION 0123,0.96,64,115,SYNTHETIC_DEMO
NEWS00124,Product 0124,PRODUCT,PRODUCT 0124,0.989,41,148,SYNTHETIC_DEMO
NEWS00125,Labor Disruption,EVENT,LABOR DISRUPTION,0.785,5,142,SYNTHETIC_DEMO
NEWS00126,Supplier 0126,ORG,SUPPLIER 0126,0.902,33,123,SYNTHETIC_DEMO
NEWS00127,Location 0127,GPE,LOCATION 0127,0.898,75,91,SYNTHETIC_DEMO
NEWS00128,Location 0128,LOC,LOCATION 0128,0.81,69,153,SYNTHETIC_DEMO
NEWS00129,Product 0129,PRODUCT,PRODUCT 0129,0.965,26,159,SYNTHETIC_DEMO
NEWS00130,Flood,EVENT,FLOOD,0.889,42,84,SYNTHETIC_DEMO
NEWS00131,Supplier 0131,ORG,SUPPLIER 0131,0.898,29,126,SYNTHETIC_DEMO
NEWS00132,Location 0132,GPE,LOCATION 0132,0.913,23,127,SYNTHETIC_DEMO
NEWS00133,Location 0133,LOC,LOCATION 0133,0.847,24,153,SYNTHETIC_DEMO
NEWS00134,Product 0134,PRODUCT,PRODUCT 0134,0.951,8,93,SYNTHETIC_DEMO
NEWS00135,Labor Disruption,EVENT,LABOR DISRUPTION,0.949,34,138,SYNTHETIC_DEMO
NEWS00136,Supplier 0136,ORG,SUPPLIER 0136,0.762,23,151,SYNTHETIC_DEMO
NEWS00137,Location 0137,GPE,LOCATION 0137,0.921,73,82,SYNTHETIC_DEMO
NEWS00138,Location 0138,LOC,LOCATION 0138,0.803,40,95,SYNTHETIC_DEMO
NEWS00139,Product 0139,PRODUCT,PRODUCT 0139,0.855,63,158,SYNTHETIC_DEMO
NEWS00140,Flood,EVENT,FLOOD,0.872,80,160,SYNTHETIC_DEMO
NEWS00141,Supplier 0141,ORG,SUPPLIER 0141,0.833,29,125,SYNTHETIC_DEMO
NEWS00142,Location 0142,GPE,LOCATION 0142,0.774,69,109,SYNTHETIC_DEMO
NEWS00143,Location 0143,LOC,LOCATION 0143,0.899,79,93,SYNTHETIC_DEMO
NEWS00144,Product 0144,PRODUCT,PRODUCT 0144,0.886,20,83,SYNTHETIC_DEMO
NEWS00145,Labor Disruption,EVENT,LABOR DISRUPTION,0.773,24,152,SYNTHETIC_DEMO
NEWS00146,Supplier 0146,ORG,SUPPLIER 0146,0.938,9,131,SYNTHETIC_DEMO
NEWS00147,Location 0147,GPE,LOCATION 0147,0.93,31,93,SYNTHETIC_DEMO
NEWS00148,Location 0148,LOC,LOCATION 0148,0.822,72,94,SYNTHETIC_DEMO
NEWS00149,Product 0149,PRODUCT,PRODUCT 0149,0.849,32,88,SYNTHETIC_DEMO
NEWS00150,Flood,EVENT,FLOOD,0.903,71,104,SYNTHETIC_DEMO
NEWS00151,Supplier 0151,ORG,SUPPLIER 0151,0.93,76,141,SYNTHETIC_DEMO
NEWS00152,Location 0152,GPE,LOCATION 0152,0.954,35,142,SYNTHETIC_DEMO
NEWS00153,Location 0153,LOC,LOCATION 0153,0.895,30,103,SYNTHETIC_DEMO
NEWS00154,Product 0154,PRODUCT,PRODUCT 0154,0.837,62,90,SYNTHETIC_DEMO
NEWS00155,Labor Disruption,EVENT,LABOR DISRUPTION,0.897,10,107,SYNTHETIC_DEMO
NEWS00156,Supplier 0156,ORG,SUPPLIER 0156,0.812,45,112,SYNTHETIC_DEMO
NEWS00157,Location 0157,GPE,LOCATION 0157,0.769,3,121,SYNTHETIC_DEMO
NEWS00158,Location 0158,LOC,LOCATION 0158,0.763,70,158,SYNTHETIC_DEMO
NEWS00159,Product 0159,PRODUCT,PRODUCT 0159,0.963,35,97,SYNTHETIC_DEMO
NEWS00160,Flood,EVENT,FLOOD,0.773,18,127,SYNTHETIC_DEMO
NEWS00161,Supplier 0161,ORG,SUPPLIER 0161,0.834,44,112,SYNTHETIC_DEMO
NEWS00162,Location 0162,GPE,LOCATION 0162,0.839,67,101,SYNTHETIC_DEMO
NEWS00163,Location 0163,LOC,LOCATION 0163,0.89,24,122,SYNTHETIC_DEMO
NEWS00164,Product 0164,PRODUCT,PRODUCT 0164,0.778,80,123,SYNTHETIC_DEMO
NEWS00165,Labor Disruption,EVENT,LABOR DISRUPTION,0.759,28,149,SYNTHETIC_DEMO
NEWS00166,Supplier 0166,ORG,SUPPLIER 0166,0.89,12,101,SYNTHETIC_DEMO
NEWS00167,Location 0167,GPE,LOCATION 0167,0.774,2,121,SYNTHETIC_DEMO
NEWS00168,Location 0168,LOC,LOCATION 0168,0.89,48,124,SYNTHETIC_DEMO
NEWS00169,Product 0169,PRODUCT,PRODUCT 0169,0.959,10,116,SYNTHETIC_DEMO
NEWS00170,Flood,EVENT,FLOOD,0.943,50,92,SYNTHETIC_DEMO
NEWS00171,Supplier 0171,ORG,SUPPLIER 0171,0.982,70,103,SYNTHETIC_DEMO
NEWS00172,Location 0172,GPE,LOCATION 0172,0.882,52,97,SYNTHETIC_DEMO
NEWS00173,Location 0173,LOC,LOCATION 0173,0.905,69,130,SYNTHETIC_DEMO
NEWS00174,Product 0174,PRODUCT,PRODUCT 0174,0.816,37,131,SYNTHETIC_DEMO
NEWS00175,Labor Disruption,EVENT,LABOR DISRUPTION,0.884,54,126,SYNTHETIC_DEMO
NEWS00176,Supplier 0176,ORG,SUPPLIER 0176,0.907,37,93,SYNTHETIC_DEMO
NEWS00177,Location 0177,GPE,LOCATION 0177,0.855,72,114,SYNTHETIC_DEMO
NEWS00178,Location 0178,LOC,LOCATION 0178,0.904,34,150,SYNTHETIC_DEMO
NEWS00179,Product 0179,PRODUCT,PRODUCT 0179,0.965,70,93,SYNTHETIC_DEMO
NEWS00180,Flood,EVENT,FLOOD,0.754,80,100,SYNTHETIC_DEMO
NEWS00181,Supplier 0181,ORG,SUPPLIER 0181,0.842,16,100,SYNTHETIC_DEMO
NEWS00182,Location 0182,GPE,LOCATION 0182,0.83,80,95,SYNTHETIC_DEMO
NEWS00183,Location 0183,LOC,LOCATION 0183,0.76,7,131,SYNTHETIC_DEMO
NEWS00184,Product 0184,PRODUCT,PRODUCT 0184,0.767,13,132,SYNTHETIC_DEMO
NEWS00185,Labor Disruption,EVENT,LABOR DISRUPTION,0.872,16,129,SYNTHETIC_DEMO
NEWS00186,Supplier 0186,ORG,SUPPLIER 0186,0.887,17,151,SYNTHETIC_DEMO
NEWS00187,Location 0187,GPE,LOCATION 0187,0.787,43,124,SYNTHETIC_DEMO
NEWS00188,Location 0188,LOC,LOCATION 0188,0.895,36,150,SYNTHETIC_DEMO
NEWS00189,Product 0189,PRODUCT,PRODUCT 0189,0.812,79,106,SYNTHETIC_DEMO
NEWS00190,Flood,EVENT,FLOOD,0.972,79,129,SYNTHETIC_DEMO
NEWS00191,Supplier 0191,ORG,SUPPLIER 0191,0.821,57,94,SYNTHETIC_DEMO
NEWS00192,Location 0192,GPE,LOCATION 0192,0.75,40,129,SYNTHETIC_DEMO
NEWS00193,Location 0193,LOC,LOCATION 0193,0.851,26,158,SYNTHETIC_DEMO
NEWS00194,Product 0194,PRODUCT,PRODUCT 0194,0.964,80,86,SYNTHETIC_DEMO
NEWS00195,Labor Disruption,EVENT,LABOR DISRUPTION,0.755,72,81,SYNTHETIC_DEMO
NEWS00196,Supplier 0196,ORG,SUPPLIER 0196,0.986,55,116,SYNTHETIC_DEMO
NEWS00197,Location 0197,GPE,LOCATION 0197,0.887,10,137,SYNTHETIC_DEMO
NEWS00198,Location 0198,LOC,LOCATION 0198,0.939,75,158,SYNTHETIC_DEMO
NEWS00199,Product 0199,PRODUCT,PRODUCT 0199,0.88,5,102,SYNTHETIC_DEMO
NEWS00200,Flood,EVENT,FLOOD,0.902,35,109,SYNTHETIC_DEMO
NEWS00201,Supplier 0201,ORG,SUPPLIER 0201,0.891,70,87,SYNTHETIC_DEMO
NEWS00202,Location 0202,GPE,LOCATION 0202,0.941,55,108,SYNTHETIC_DEMO
NEWS00203,Location 0203,LOC,LOCATION 0203,0.784,61,112,SYNTHETIC_DEMO
NEWS00204,Product 0204,PRODUCT,PRODUCT 0204,0.974,47,158,SYNTHETIC_DEMO
NEWS00205,Labor Disruption,EVENT,LABOR DISRUPTION,0.786,63,92,SYNTHETIC_DEMO
NEWS00206,Supplier 0206,ORG,SUPPLIER 0206,0.752,1,90,SYNTHETIC_DEMO
NEWS00207,Location 0207,GPE,LOCATION 0207,0.799,45,151,SYNTHETIC_DEMO
NEWS00208,Location 0208,LOC,LOCATION 0208,0.796,20,122,SYNTHETIC_DEMO
NEWS00209,Product 0209,PRODUCT,PRODUCT 0209,0.766,72,137,SYNTHETIC_DEMO
NEWS00210,Flood,EVENT,FLOOD,0.911,34,149,SYNTHETIC_DEMO
NEWS00211,Supplier 0211,ORG,SUPPLIER 0211,0.905,11,111,SYNTHETIC_DEMO
NEWS00212,Location 0212,GPE,LOCATION 0212,0.83,44,118,SYNTHETIC_DEMO
NEWS00213,Location 0213,LOC,LOCATION 0213,0.876,22,89,SYNTHETIC_DEMO
NEWS00214,Product 0214,PRODUCT,PRODUCT 0214,0.763,5,158,SYNTHETIC_DEMO
NEWS00215,Labor Disruption,EVENT,LABOR DISRUPTION,0.75,32,113,SYNTHETIC_DEMO
NEWS00216,Supplier 0216,ORG,SUPPLIER 0216,0.899,2,104,SYNTHETIC_DEMO
NEWS00217,Location 0217,GPE,LOCATION 0217,0.83,79,143,SYNTHETIC_DEMO
NEWS00218,Location 0218,LOC,LOCATION 0218,0.82,78,91,SYNTHETIC_DEMO
NEWS00219,Product 0219,PRODUCT,PRODUCT 0219,0.943,65,81,SYNTHETIC_DEMO
NEWS00220,Flood,EVENT,FLOOD,0.848,72,83,SYNTHETIC_DEMO
NEWS00221,Supplier 0221,ORG,SUPPLIER 0221,0.798,20,107,SYNTHETIC_DEMO
NEWS00222,Location 0222,GPE,LOCATION 0222,0.957,37,126,SYNTHETIC_DEMO
NEWS00223,Location 0223,LOC,LOCATION 0223,0.783,28,108,SYNTHETIC_DEMO
NEWS00224,Product 0224,PRODUCT,PRODUCT 0224,0.86,52,139,SYNTHETIC_DEMO
NEWS00225,Labor Disruption,EVENT,LABOR DISRUPTION,0.985,50,151,SYNTHETIC_DEMO
NEWS00226,Supplier 0226,ORG,SUPPLIER 0226,0.837,5,154,SYNTHETIC_DEMO
NEWS00227,Location 0227,GPE,LOCATION 0227,0.81,25,125,SYNTHETIC_DEMO
NEWS00228,Location 0228,LOC,LOCATION 0228,0.907,12,84,SYNTHETIC_DEMO
NEWS00229,Product 0229,PRODUCT,PRODUCT 0229,0.87,22,82,SYNTHETIC_DEMO
NEWS00230,Flood,EVENT,FLOOD,0.892,80,100,SYNTHETIC_DEMO
NEWS00231,Supplier 0231,ORG,SUPPLIER 0231,0.782,65,119,SYNTHETIC_DEMO
NEWS00232,Location 0232,GPE,LOCATION 0232,0.932,0,140,SYNTHETIC_DEMO
NEWS00233,Location 0233,LOC,LOCATION 0233,0.955,40,93,SYNTHETIC_DEMO
NEWS00234,Product 0234,PRODUCT,PRODUCT 0234,0.903,75,104,SYNTHETIC_DEMO
NEWS00235,Labor Disruption,EVENT,LABOR DISRUPTION,0.964,75,113,SYNTHETIC_DEMO
NEWS00236,Supplier 0236,ORG,SUPPLIER 0236,0.872,42,84,SYNTHETIC_DEMO
NEWS00237,Location 0237,GPE,LOCATION 0237,0.81,78,138,SYNTHETIC_DEMO
NEWS00238,Location 0238,LOC,LOCATION 0238,0.758,23,89,SYNTHETIC_DEMO
NEWS00239,Product 0239,PRODUCT,PRODUCT 0239,0.844,63,144,SYNTHETIC_DEMO
NEWS00240,Flood,EVENT,FLOOD,0.84,67,110,SYNTHETIC_DEMO
NEWS00241,Supplier 0241,ORG,SUPPLIER 0241,0.898,26,101,SYNTHETIC_DEMO
NEWS00242,Location 0242,GPE,LOCATION 0242,0.971,29,92,SYNTHETIC_DEMO
NEWS00243,Location 0243,LOC,LOCATION 0243,0.771,62,111,SYNTHETIC_DEMO
NEWS00244,Product 0244,PRODUCT,PRODUCT 0244,0.867,69,105,SYNTHETIC_DEMO
NEWS00245,Labor Disruption,EVENT,LABOR DISRUPTION,0.825,75,83,SYNTHETIC_DEMO
NEWS00246,Supplier 0246,ORG,SUPPLIER 0246,0.989,12,135,SYNTHETIC_DEMO
NEWS00247,Location 0247,GPE,LOCATION 0247,0.904,75,141,SYNTHETIC_DEMO
NEWS00248,Location 0248,LOC,LOCATION 0248,0.951,66,155,SYNTHETIC_DEMO
NEWS00249,Product 0249,PRODUCT,PRODUCT 0249,0.804,53,82,SYNTHETIC_DEMO
NEWS00250,Flood,EVENT,FLOOD,0.818,77,83,SYNTHETIC_DEMO
NEWS00251,Supplier 0251,ORG,SUPPLIER 0251,0.937,37,139,SYNTHETIC_DEMO
NEWS00252,Location 0252,GPE,LOCATION 0252,0.89,24,121,SYNTHETIC_DEMO
NEWS00253,Location 0253,LOC,LOCATION 0253,0.982,40,117,SYNTHETIC_DEMO
NEWS00254,Product 0254,PRODUCT,PRODUCT 0254,0.928,46,103,SYNTHETIC_DEMO
NEWS00255,Labor Disruption,EVENT,LABOR DISRUPTION,0.782,10,82,SYNTHETIC_DEMO
NEWS00256,Supplier 0256,ORG,SUPPLIER 0256,0.767,26,106,SYNTHETIC_DEMO
NEWS00257,Location 0257,GPE,LOCATION 0257,0.891,10,90,SYNTHETIC_DEMO
NEWS00258,Location 0258,LOC,LOCATION 0258,0.798,76,160,SYNTHETIC_DEMO
NEWS00259,Product 0259,PRODUCT,PRODUCT 0259,0.831,74,89,SYNTHETIC_DEMO
NEWS00260,Flood,EVENT,FLOOD,0.827,51,107,SYNTHETIC_DEMO
NEWS00261,Supplier 0261,ORG,SUPPLIER 0261,0.751,6,151,SYNTHETIC_DEMO
NEWS00262,Location 0262,GPE,LOCATION 0262,0.815,77,159,SYNTHETIC_DEMO
NEWS00263,Location 0263,LOC,LOCATION 0263,0.981,0,86,SYNTHETIC_DEMO
NEWS00264,Product 0264,PRODUCT,PRODUCT 0264,0.884,70,106,SYNTHETIC_DEMO
NEWS00265,Labor Disruption,EVENT,LABOR DISRUPTION,0.9,38,81,SYNTHETIC_DEMO
NEWS00266,Supplier 0266,ORG,SUPPLIER 0266,0.869,47,129,SYNTHETIC_DEMO
NEWS00267,Location 0267,GPE,LOCATION 0267,0.81,20,99,SYNTHETIC_DEMO
NEWS00268,Location 0268,LOC,LOCATION 0268,0.959,52,142,SYNTHETIC_DEMO
NEWS00269,Product 0269,PRODUCT,PRODUCT 0269,0.971,3,146,SYNTHETIC_DEMO
NEWS00270,Flood,EVENT,FLOOD,0.779,42,140,SYNTHETIC_DEMO
NEWS00271,Supplier 0271,ORG,SUPPLIER 0271,0.778,56,121,SYNTHETIC_DEMO
NEWS00272,Location 0272,GPE,LOCATION 0272,0.935,63,159,SYNTHETIC_DEMO
NEWS00273,Location 0273,LOC,LOCATION 0273,0.929,67,155,SYNTHETIC_DEMO
NEWS00274,Product 0274,PRODUCT,PRODUCT 0274,0.871,51,144,SYNTHETIC_DEMO
NEWS00275,Labor Disruption,EVENT,LABOR DISRUPTION,0.811,66,99,SYNTHETIC_DEMO
NEWS00276,Supplier 0276,ORG,SUPPLIER 0276,0.885,27,147,SYNTHETIC_DEMO
NEWS00277,Location 0277,GPE,LOCATION 0277,0.862,40,157,SYNTHETIC_DEMO
NEWS00278,Location 0278,LOC,LOCATION 0278,0.841,77,81,SYNTHETIC_DEMO
NEWS00279,Product 0279,PRODUCT,PRODUCT 0279,0.83,7,107,SYNTHETIC_DEMO
NEWS00280,Flood,EVENT,FLOOD,0.869,6,106,SYNTHETIC_DEMO
NEWS00281,Supplier 0281,ORG,SUPPLIER 0281,0.887,34,119,SYNTHETIC_DEMO
NEWS00282,Location 0282,GPE,LOCATION 0282,0.758,70,85,SYNTHETIC_DEMO
NEWS00283,Location 0283,LOC,LOCATION 0283,0.822,8,132,SYNTHETIC_DEMO
NEWS00284,Product 0284,PRODUCT,PRODUCT 0284,0.851,77,149,SYNTHETIC_DEMO
NEWS00285,Labor Disruption,EVENT,LABOR DISRUPTION,0.851,57,100,SYNTHETIC_DEMO
NEWS00286,Supplier 0286,ORG,SUPPLIER 0286,0.972,67,86,SYNTHETIC_DEMO
NEWS00287,Location 0287,GPE,LOCATION 0287,0.753,18,101,SYNTHETIC_DEMO
NEWS00288,Location 0288,LOC,LOCATION 0288,0.867,75,95,SYNTHETIC_DEMO
NEWS00289,Product 0289,PRODUCT,PRODUCT 0289,0.791,72,86,SYNTHETIC_DEMO
NEWS00290,Flood,EVENT,FLOOD,0.883,13,116,SYNTHETIC_DEMO
NEWS00291,Supplier 0291,ORG,SUPPLIER 0291,0.967,30,97,SYNTHETIC_DEMO
NEWS00292,Location 0292,GPE,LOCATION 0292,0.843,18,140,SYNTHETIC_DEMO
NEWS00293,Location 0293,LOC,LOCATION 0293,0.902,6,109,SYNTHETIC_DEMO
NEWS00294,Product 0294,PRODUCT,PRODUCT 0294,0.934,40,109,SYNTHETIC_DEMO
NEWS00295,Labor Disruption,EVENT,LABOR DISRUPTION,0.858,56,89,SYNTHETIC_DEMO
NEWS00296,Supplier 0296,ORG,SUPPLIER 0296,0.76,65,98,SYNTHETIC_DEMO
NEWS00297,Location 0297,GPE,LOCATION 0297,0.98,56,105,SYNTHETIC_DEMO
NEWS00298,Location 0298,LOC,LOCATION 0298,0.971,80,130,SYNTHETIC_DEMO
NEWS00299,Product 0299,PRODUCT,PRODUCT 0299,0.958,57,152,SYNTHETIC_DEMO
NEWS00300,Flood,EVENT,FLOOD,0.818,38,137,SYNTHETIC_DEMO
NEWS00301,Supplier 0301,ORG,SUPPLIER 0301,0.79,66,102,SYNTHETIC_DEMO
NEWS00302,Location 0302,GPE,LOCATION 0302,0.987,7,115,SYNTHETIC_DEMO
NEWS00303,Location 0303,LOC,LOCATION 0303,0.844,44,159,SYNTHETIC_DEMO
NEWS00304,Product 0304,PRODUCT,PRODUCT 0304,0.972,13,98,SYNTHETIC_DEMO
NEWS00305,Labor Disruption,EVENT,LABOR DISRUPTION,0.896,22,141,SYNTHETIC_DEMO
NEWS00306,Supplier 0306,ORG,SUPPLIER 0306,0.957,62,93,SYNTHETIC_DEMO
NEWS00307,Location 0307,GPE,LOCATION 0307,0.95,32,156,SYNTHETIC_DEMO
NEWS00308,Location 0308,LOC,LOCATION 0308,0.962,19,101,SYNTHETIC_DEMO
NEWS00309,Product 0309,PRODUCT,PRODUCT 0309,0.845,79,101,SYNTHETIC_DEMO
NEWS00310,Flood,EVENT,FLOOD,0.827,31,99,SYNTHETIC_DEMO
NEWS00311,Supplier 0311,ORG,SUPPLIER 0311,0.767,20,143,SYNTHETIC_DEMO
NEWS00312,Location 0312,GPE,LOCATION 0312,0.781,21,150,SYNTHETIC_DEMO
NEWS00313,Location 0313,LOC,LOCATION 0313,0.787,72,159,SYNTHETIC_DEMO
NEWS00314,Product 0314,PRODUCT,PRODUCT 0314,0.872,24,150,SYNTHETIC_DEMO
NEWS00315,Labor Disruption,EVENT,LABOR DISRUPTION,0.899,57,117,SYNTHETIC_DEMO
NEWS00316,Supplier 0316,ORG,SUPPLIER 0316,0.917,0,118,SYNTHETIC_DEMO
NEWS00317,Location 0317,GPE,LOCATION 0317,0.808,43,159,SYNTHETIC_DEMO
NEWS00318,Location 0318,LOC,LOCATION 0318,0.828,27,147,SYNTHETIC_DEMO
NEWS00319,Product 0319,PRODUCT,PRODUCT 0319,0.91,79,153,SYNTHETIC_DEMO
NEWS00320,Flood,EVENT,FLOOD,0.988,80,127,SYNTHETIC_DEMO
NEWS00321,Supplier 0321,ORG,SUPPLIER 0321,0.864,58,86,SYNTHETIC_DEMO
NEWS00322,Location 0322,GPE,LOCATION 0322,0.872,47,159,SYNTHETIC_DEMO
NEWS00323,Location 0323,LOC,LOCATION 0323,0.809,28,102,SYNTHETIC_DEMO
NEWS00324,Product 0324,PRODUCT,PRODUCT 0324,0.754,0,108,SYNTHETIC_DEMO
NEWS00325,Labor Disruption,EVENT,LABOR DISRUPTION,0.863,34,130,SYNTHETIC_DEMO
NEWS00326,Supplier 0326,ORG,SUPPLIER 0326,0.98,30,102,SYNTHETIC_DEMO
NEWS00327,Location 0327,GPE,LOCATION 0327,0.924,61,152,SYNTHETIC_DEMO
NEWS00328,Location 0328,LOC,LOCATION 0328,0.913,48,103,SYNTHETIC_DEMO
NEWS00329,Product 0329,PRODUCT,PRODUCT 0329,0.811,10,93,SYNTHETIC_DEMO
NEWS00330,Flood,EVENT,FLOOD,0.859,56,85,SYNTHETIC_DEMO
NEWS00331,Supplier 0331,ORG,SUPPLIER 0331,0.811,7,154,SYNTHETIC_DEMO
NEWS00332,Location 0332,GPE,LOCATION 0332,0.965,20,126,SYNTHETIC_DEMO
NEWS00333,Location 0333,LOC,LOCATION 0333,0.95,80,156,SYNTHETIC_DEMO
NEWS00334,Product 0334,PRODUCT,PRODUCT 0334,0.855,14,120,SYNTHETIC_DEMO
NEWS00335,Labor Disruption,EVENT,LABOR DISRUPTION,0.81,30,111,SYNTHETIC_DEMO
NEWS00336,Supplier 0336,ORG,SUPPLIER 0336,0.99,8,83,SYNTHETIC_DEMO
NEWS00337,Location 0337,GPE,LOCATION 0337,0.785,57,141,SYNTHETIC_DEMO
NEWS00338,Location 0338,LOC,LOCATION 0338,0.903,70,108,SYNTHETIC_DEMO
NEWS00339,Product 0339,PRODUCT,PRODUCT 0339,0.803,24,143,SYNTHETIC_DEMO
NEWS00340,Flood,EVENT,FLOOD,0.958,21,152,SYNTHETIC_DEMO
NEWS00341,Supplier 0341,ORG,SUPPLIER 0341,0.906,57,100,SYNTHETIC_DEMO
NEWS00342,Location 0342,GPE,LOCATION 0342,0.9,50,160,SYNTHETIC_DEMO
NEWS00343,Location 0343,LOC,LOCATION 0343,0.963,48,108,SYNTHETIC_DEMO
NEWS00344,Product 0344,PRODUCT,PRODUCT 0344,0.773,32,106,SYNTHETIC_DEMO
NEWS00345,Labor Disruption,EVENT,LABOR DISRUPTION,0.983,52,87,SYNTHETIC_DEMO
NEWS00346,Supplier 0346,ORG,SUPPLIER 0346,0.778,29,81,SYNTHETIC_DEMO
NEWS00347,Location 0347,GPE,LOCATION 0347,0.878,79,108,SYNTHETIC_DEMO
NEWS00348,Location 0348,LOC,LOCATION 0348,0.926,15,135,SYNTHETIC_DEMO
NEWS00349,Product 0349,PRODUCT,PRODUCT 0349,0.873,42,81,SYNTHETIC_DEMO
NEWS00350,Flood,EVENT,FLOOD,0.799,37,130,SYNTHETIC_DEMO
NEWS00351,Supplier 0351,ORG,SUPPLIER 0351,0.954,64,124,SYNTHETIC_DEMO
NEWS00352,Location 0352,GPE,LOCATION 0352,0.913,17,121,SYNTHETIC_DEMO
NEWS00353,Location 0353,LOC,LOCATION 0353,0.854,72,158,SYNTHETIC_DEMO
NEWS00354,Product 0354,PRODUCT,PRODUCT 0354,0.803,26,107,SYNTHETIC_DEMO
NEWS00355,Labor Disruption,EVENT,LABOR DISRUPTION,0.989,3,99,SYNTHETIC_DEMO
NEWS00356,Supplier 0356,ORG,SUPPLIER 0356,0.818,23,126,SYNTHETIC_DEMO
NEWS00357,Location 0357,GPE,LOCATION 0357,0.932,41,134,SYNTHETIC_DEMO
NEWS00358,Location 0358,LOC,LOCATION 0358,0.866,66,98,SYNTHETIC_DEMO
NEWS00359,Product 0359,PRODUCT,PRODUCT 0359,0.781,68,146,SYNTHETIC_DEMO
NEWS00360,Flood,EVENT,FLOOD,0.866,29,116,SYNTHETIC_DEMO
NEWS00361,Supplier 0361,ORG,SUPPLIER 0361,0.902,68,120,SYNTHETIC_DEMO
NEWS00362,Location 0362,GPE,LOCATION 0362,0.913,19,83,SYNTHETIC_DEMO
NEWS00363,Location 0363,LOC,LOCATION 0363,0.974,61,127,SYNTHETIC_DEMO
NEWS00364,Product 0364,PRODUCT,PRODUCT 0364,0.919,79,144,SYNTHETIC_DEMO
NEWS00365,Labor Disruption,EVENT,LABOR DISRUPTION,0.823,16,88,SYNTHETIC_DEMO
NEWS00366,Supplier 0366,ORG,SUPPLIER 0366,0.982,69,99,SYNTHETIC_DEMO
NEWS00367,Location 0367,GPE,LOCATION 0367,0.841,61,88,SYNTHETIC_DEMO
NEWS00368,Location 0368,LOC,LOCATION 0368,0.879,31,126,SYNTHETIC_DEMO
NEWS00369,Product 0369,PRODUCT,PRODUCT 0369,0.892,78,92,SYNTHETIC_DEMO
NEWS00370,Flood,EVENT,FLOOD,0.804,50,123,SYNTHETIC_DEMO
NEWS00371,Supplier 0371,ORG,SUPPLIER 0371,0.99,22,122,SYNTHETIC_DEMO
NEWS00372,Location 0372,GPE,LOCATION 0372,0.936,70,114,SYNTHETIC_DEMO
NEWS00373,Location 0373,LOC,LOCATION 0373,0.83,18,136,SYNTHETIC_DEMO
NEWS00374,Product 0374,PRODUCT,PRODUCT 0374,0.918,70,90,SYNTHETIC_DEMO
NEWS00375,Labor Disruption,EVENT,LABOR DISRUPTION,0.818,8,88,SYNTHETIC_DEMO
NEWS00376,Supplier 0376,ORG,SUPPLIER 0376,0.771,6,144,SYNTHETIC_DEMO
NEWS00377,Location 0377,GPE,LOCATION 0377,0.835,70,87,SYNTHETIC_DEMO
NEWS00378,Location 0378,LOC,LOCATION 0378,0.91,46,86,SYNTHETIC_DEMO
NEWS00379,Product 0379,PRODUCT,PRODUCT 0379,0.88,42,146,SYNTHETIC_DEMO
NEWS00380,Flood,EVENT,FLOOD,0.891,60,151,SYNTHETIC_DEMO
NEWS00381,Supplier 0381,ORG,SUPPLIER 0381,0.955,75,113,SYNTHETIC_DEMO
NEWS00382,Location 0382,GPE,LOCATION 0382,0.856,17,109,SYNTHETIC_DEMO
NEWS00383,Location 0383,LOC,LOCATION 0383,0.933,33,95,SYNTHETIC_DEMO
NEWS00384,Product 0384,PRODUCT,PRODUCT 0384,0.87,44,94,SYNTHETIC_DEMO
NEWS00385,Labor Disruption,EVENT,LABOR DISRUPTION,0.752,57,87,SYNTHETIC_DEMO
NEWS00386,Supplier 0386,ORG,SUPPLIER 0386,0.987,37,152,SYNTHETIC_DEMO
NEWS00387,Location 0387,GPE,LOCATION 0387,0.78,3,110,SYNTHETIC_DEMO
NEWS00388,Location 0388,LOC,LOCATION 0388,0.867,12,155,SYNTHETIC_DEMO
NEWS00389,Product 0389,PRODUCT,PRODUCT 0389,0.961,72,84,SYNTHETIC_DEMO
NEWS00390,Flood,EVENT,FLOOD,0.93,28,83,SYNTHETIC_DEMO
NEWS00391,Supplier 0391,ORG,SUPPLIER 0391,0.953,55,138,SYNTHETIC_DEMO
NEWS00392,Location 0392,GPE,LOCATION 0392,0.917,51,89,SYNTHETIC_DEMO
NEWS00393,Location 0393,LOC,LOCATION 0393,0.962,54,118,SYNTHETIC_DEMO
NEWS00394,Product 0394,PRODUCT,PRODUCT 0394,0.835,8,86,SYNTHETIC_DEMO
NEWS00395,Labor Disruption,EVENT,LABOR DISRUPTION,0.752,36,121,SYNTHETIC_DEMO
NEWS00396,Supplier 0396,ORG,SUPPLIER 0396,0.804,76,133,SYNTHETIC_DEMO
NEWS00397,Location 0397,GPE,LOCATION 0397,0.982,30,92,SYNTHETIC_DEMO
NEWS00398,Location 0398,LOC,LOCATION 0398,0.898,47,106,SYNTHETIC_DEMO
NEWS00399,Product 0399,PRODUCT,PRODUCT 0399,0.987,50,103,SYNTHETIC_DEMO
NEWS00400,Flood,EVENT,FLOOD,0.98,18,116,SYNTHETIC_DEMO
NEWS00401,Supplier 0401,ORG,SUPPLIER 0401,0.861,28,128,SYNTHETIC_DEMO
NEWS00402,Location 0402,GPE,LOCATION 0402,0.956,53,137,SYNTHETIC_DEMO
NEWS00403,Location 0403,LOC,LOCATION 0403,0.953,16,150,SYNTHETIC_DEMO
NEWS00404,Product 0404,PRODUCT,PRODUCT 0404,0.937,49,139,SYNTHETIC_DEMO
NEWS00405,Labor Disruption,EVENT,LABOR DISRUPTION,0.762,63,91,SYNTHETIC_DEMO
NEWS00406,Supplier 0406,ORG,SUPPLIER 0406,0.766,36,131,SYNTHETIC_DEMO
NEWS00407,Location 0407,GPE,LOCATION 0407,0.878,12,87,SYNTHETIC_DEMO
NEWS00408,Location 0408,LOC,LOCATION 0408,0.975,67,159,SYNTHETIC_DEMO
NEWS00409,Product 0409,PRODUCT,PRODUCT 0409,0.976,43,142,SYNTHETIC_DEMO
NEWS00410,Flood,EVENT,FLOOD,0.786,32,121,SYNTHETIC_DEMO
NEWS00411,Supplier 0411,ORG,SUPPLIER 0411,0.87,21,120,SYNTHETIC_DEMO
NEWS00412,Location 0412,GPE,LOCATION 0412,0.971,47,150,SYNTHETIC_DEMO
NEWS00413,Location 0413,LOC,LOCATION 0413,0.802,33,81,SYNTHETIC_DEMO
NEWS00414,Product 0414,PRODUCT,PRODUCT 0414,0.838,56,100,SYNTHETIC_DEMO
NEWS00415,Labor Disruption,EVENT,LABOR DISRUPTION,0.974,46,111,SYNTHETIC_DEMO
NEWS00416,Supplier 0416,ORG,SUPPLIER 0416,0.914,62,94,SYNTHETIC_DEMO
NEWS00417,Location 0417,GPE,LOCATION 0417,0.869,40,100,SYNTHETIC_DEMO
NEWS00418,Location 0418,LOC,LOCATION 0418,0.76,51,83,SYNTHETIC_DEMO
NEWS00419,Product 0419,PRODUCT,PRODUCT 0419,0.863,57,117,SYNTHETIC_DEMO
NEWS00420,Flood,EVENT,FLOOD,0.914,23,106,SYNTHETIC_DEMO
NEWS00421,Supplier 0421,ORG,SUPPLIER 0421,0.805,75,119,SYNTHETIC_DEMO
NEWS00422,Location 0422,GPE,LOCATION 0422,0.759,23,95,SYNTHETIC_DEMO
NEWS00423,Location 0423,LOC,LOCATION 0423,0.788,72,150,SYNTHETIC_DEMO
NEWS00424,Product 0424,PRODUCT,PRODUCT 0424,0.77,31,136,SYNTHETIC_DEMO
NEWS00425,Labor Disruption,EVENT,LABOR DISRUPTION,0.904,73,131,SYNTHETIC_DEMO
NEWS00426,Supplier 0426,ORG,SUPPLIER 0426,0.881,1,141,SYNTHETIC_DEMO
NEWS00427,Location 0427,GPE,LOCATION 0427,0.841,21,99,SYNTHETIC_DEMO
NEWS00428,Location 0428,LOC,LOCATION 0428,0.95,20,93,SYNTHETIC_DEMO
NEWS00429,Product 0429,PRODUCT,PRODUCT 0429,0.821,63,147,SYNTHETIC_DEMO
NEWS00430,Flood,EVENT,FLOOD,0.819,65,111,SYNTHETIC_DEMO
NEWS00431,Supplier 0431,ORG,SUPPLIER 0431,0.869,8,82,SYNTHETIC_DEMO
NEWS00432,Location 0432,GPE,LOCATION 0432,0.808,60,149,SYNTHETIC_DEMO
NEWS00433,Location 0433,LOC,LOCATION 0433,0.824,71,115,SYNTHETIC_DEMO
NEWS00434,Product 0434,PRODUCT,PRODUCT 0434,0.891,57,134,SYNTHETIC_DEMO
NEWS00435,Labor Disruption,EVENT,LABOR DISRUPTION,0.914,8,136,SYNTHETIC_DEMO
NEWS00436,Supplier 0436,ORG,SUPPLIER 0436,0.954,2,90,SYNTHETIC_DEMO
NEWS00437,Location 0437,GPE,LOCATION 0437,0.924,67,131,SYNTHETIC_DEMO
NEWS00438,Location 0438,LOC,LOCATION 0438,0.981,39,133,SYNTHETIC_DEMO
NEWS00439,Product 0439,PRODUCT,PRODUCT 0439,0.833,22,134,SYNTHETIC_DEMO
NEWS00440,Flood,EVENT,FLOOD,0.904,46,81,SYNTHETIC_DEMO
NEWS00441,Supplier 0441,ORG,SUPPLIER 0441,0.84,56,104,SYNTHETIC_DEMO
NEWS00442,Location 0442,GPE,LOCATION 0442,0.79,41,84,SYNTHETIC_DEMO
NEWS00443,Location 0443,LOC,LOCATION 0443,0.96,11,87,SYNTHETIC_DEMO
NEWS00444,Product 0444,PRODUCT,PRODUCT 0444,0.877,40,130,SYNTHETIC_DEMO
NEWS00445,Labor Disruption,EVENT,LABOR DISRUPTION,0.969,39,129,SYNTHETIC_DEMO
NEWS00446,Supplier 0446,ORG,SUPPLIER 0446,0.856,62,102,SYNTHETIC_DEMO
NEWS00447,Location 0447,GPE,LOCATION 0447,0.94,69,147,SYNTHETIC_DEMO
NEWS00448,Location 0448,LOC,LOCATION 0448,0.895,78,103,SYNTHETIC_DEMO
NEWS00449,Product 0449,PRODUCT,PRODUCT 0449,0.966,1,108,SYNTHETIC_DEMO
NEWS00450,Flood,EVENT,FLOOD,0.98,77,112,SYNTHETIC_DEMO
NEWS00451,Supplier 0451,ORG,SUPPLIER 0451,0.78,16,82,SYNTHETIC_DEMO
NEWS00452,Location 0452,GPE,LOCATION 0452,0.971,40,86,SYNTHETIC_DEMO
NEWS00453,Location 0453,LOC,LOCATION 0453,0.8,59,115,SYNTHETIC_DEMO
NEWS00454,Product 0454,PRODUCT,PRODUCT 0454,0.769,6,93,SYNTHETIC_DEMO
NEWS00455,Labor Disruption,EVENT,LABOR DISRUPTION,0.859,51,144,SYNTHETIC_DEMO
NEWS00456,Supplier 0456,ORG,SUPPLIER 0456,0.954,77,136,SYNTHETIC_DEMO
NEWS00457,Location 0457,GPE,LOCATION 0457,0.883,61,99,SYNTHETIC_DEMO
NEWS00458,Location 0458,LOC,LOCATION 0458,0.912,13,139,SYNTHETIC_DEMO
NEWS00459,Product 0459,PRODUCT,PRODUCT 0459,0.753,70,133,SYNTHETIC_DEMO
NEWS00460,Flood,EVENT,FLOOD,0.954,14,116,SYNTHETIC_DEMO
NEWS00461,Supplier 0461,ORG,SUPPLIER 0461,0.971,15,81,SYNTHETIC_DEMO
NEWS00462,Location 0462,GPE,LOCATION 0462,0.897,42,139,SYNTHETIC_DEMO
NEWS00463,Location 0463,LOC,LOCATION 0463,0.911,74,134,SYNTHETIC_DEMO
NEWS00464,Product 0464,PRODUCT,PRODUCT 0464,0.864,44,111,SYNTHETIC_DEMO
NEWS00465,Labor Disruption,EVENT,LABOR DISRUPTION,0.934,59,114,SYNTHETIC_DEMO
NEWS00466,Supplier 0466,ORG,SUPPLIER 0466,0.91,12,128,SYNTHETIC_DEMO
NEWS00467,Location 0467,GPE,LOCATION 0467,0.97,77,153,SYNTHETIC_DEMO
NEWS00468,Location 0468,LOC,LOCATION 0468,0.928,52,111,SYNTHETIC_DEMO
NEWS00469,Product 0469,PRODUCT,PRODUCT 0469,0.933,61,145,SYNTHETIC_DEMO
NEWS00470,Flood,EVENT,FLOOD,0.87,74,141,SYNTHETIC_DEMO
NEWS00471,Supplier 0471,ORG,SUPPLIER 0471,0.874,61,153,SYNTHETIC_DEMO
NEWS00472,Location 0472,GPE,LOCATION 0472,0.78,80,119,SYNTHETIC_DEMO
NEWS00473,Location 0473,LOC,LOCATION 0473,0.899,5,126,SYNTHETIC_DEMO
NEWS00474,Product 0474,PRODUCT,PRODUCT 0474,0.878,80,122,SYNTHETIC_DEMO
NEWS00475,Labor Disruption,EVENT,LABOR DISRUPTION,0.986,69,151,SYNTHETIC_DEMO
NEWS00476,Supplier 0476,ORG,SUPPLIER 0476,0.898,15,117,SYNTHETIC_DEMO
NEWS00477,Location 0477,GPE,LOCATION 0477,0.981,43,127,SYNTHETIC_DEMO
NEWS00478,Location 0478,LOC,LOCATION 0478,0.902,20,137,SYNTHETIC_DEMO
NEWS00479,Product 0479,PRODUCT,PRODUCT 0479,0.854,62,110,SYNTHETIC_DEMO
NEWS00480,Flood,EVENT,FLOOD,0.883,16,139,SYNTHETIC_DEMO
NEWS00481,Supplier 0481,ORG,SUPPLIER 0481,0.915,63,133,SYNTHETIC_DEMO
NEWS00482,Location 0482,GPE,LOCATION 0482,0.791,12,108,SYNTHETIC_DEMO
NEWS00483,Location 0483,LOC,LOCATION 0483,0.864,35,112,SYNTHETIC_DEMO
NEWS00484,Product 0484,PRODUCT,PRODUCT 0484,0.981,70,123,SYNTHETIC_DEMO
NEWS00485,Labor Disruption,EVENT,LABOR DISRUPTION,0.85,37,138,SYNTHETIC_DEMO
NEWS00486,Supplier 0486,ORG,SUPPLIER 0486,0.951,20,150,SYNTHETIC_DEMO
NEWS00487,Location 0487,GPE,LOCATION 0487,0.755,74,160,SYNTHETIC_DEMO
NEWS00488,Location 0488,LOC,LOCATION 0488,0.884,48,114,SYNTHETIC_DEMO
NEWS00489,Product 0489,PRODUCT,PRODUCT 0489,0.851,45,120,SYNTHETIC_DEMO
NEWS00490,Flood,EVENT,FLOOD,0.959,23,117,SYNTHETIC_DEMO
NEWS00491,Supplier 0491,ORG,SUPPLIER 0491,0.828,63,82,SYNTHETIC_DEMO
NEWS00492,Location 0492,GPE,LOCATION 0492,0.94,63,158,SYNTHETIC_DEMO
NEWS00493,Location 0493,LOC,LOCATION 0493,0.987,34,157,SYNTHETIC_DEMO
NEWS00494,Product 0494,PRODUCT,PRODUCT 0494,0.892,75,119,SYNTHETIC_DEMO
NEWS00495,Labor Disruption,EVENT,LABOR DISRUPTION,0.986,56,136,SYNTHETIC_DEMO
NEWS00496,Supplier 0496,ORG,SUPPLIER 0496,0.779,42,95,SYNTHETIC_DEMO
NEWS00497,Location 0497,GPE,LOCATION 0497,0.883,73,121,SYNTHETIC_DEMO
NEWS00498,Location 0498,LOC,LOCATION 0498,0.961,66,129,SYNTHETIC_DEMO
NEWS00499,Product 0499,PRODUCT,PRODUCT 0499,0.842,29,160,SYNTHETIC_DEMO
NEWS00500,Flood,EVENT,FLOOD,0.806,7,113,SYNTHETIC_DEMO
NEWS00501,Supplier 0501,ORG,SUPPLIER 0501,0.753,31,107,SYNTHETIC_DEMO
NEWS00502,Location 0502,GPE,LOCATION 0502,0.93,6,85,SYNTHETIC_DEMO
NEWS00503,Location 0503,LOC,LOCATION 0503,0.825,7,85,SYNTHETIC_DEMO
NEWS00504,Product 0504,PRODUCT,PRODUCT 0504,0.903,76,132,SYNTHETIC_DEMO
NEWS00505,Labor Disruption,EVENT,LABOR DISRUPTION,0.759,78,92,SYNTHETIC_DEMO
NEWS00506,Supplier 0506,ORG,SUPPLIER 0506,0.769,49,140,SYNTHETIC_DEMO
NEWS00507,Location 0507,GPE,LOCATION 0507,0.813,10,103,SYNTHETIC_DEMO
NEWS00508,Location 0508,LOC,LOCATION 0508,0.795,31,90,SYNTHETIC_DEMO
NEWS00509,Product 0509,PRODUCT,PRODUCT 0509,0.943,34,125,SYNTHETIC_DEMO
NEWS00510,Flood,EVENT,FLOOD,0.92,51,91,SYNTHETIC_DEMO
NEWS00511,Supplier 0511,ORG,SUPPLIER 0511,0.962,20,153,SYNTHETIC_DEMO
NEWS00512,Location 0512,GPE,LOCATION 0512,0.82,1,130,SYNTHETIC_DEMO
NEWS00513,Location 0513,LOC,LOCATION 0513,0.78,9,132,SYNTHETIC_DEMO
NEWS00514,Product 0514,PRODUCT,PRODUCT 0514,0.975,73,124,SYNTHETIC_DEMO
NEWS00515,Labor Disruption,EVENT,LABOR DISRUPTION,0.871,27,93,SYNTHETIC_DEMO
NEWS00516,Supplier 0516,ORG,SUPPLIER 0516,0.784,22,128,SYNTHETIC_DEMO
NEWS00517,Location 0517,GPE,LOCATION 0517,0.841,31,126,SYNTHETIC_DEMO
NEWS00518,Location 0518,LOC,LOCATION 0518,0.832,34,95,SYNTHETIC_DEMO
NEWS00519,Product 0519,PRODUCT,PRODUCT 0519,0.96,59,125,SYNTHETIC_DEMO
NEWS00520,Flood,EVENT,FLOOD,0.939,73,118,SYNTHETIC_DEMO
NEWS00521,Supplier 0521,ORG,SUPPLIER 0521,0.806,11,99,SYNTHETIC_DEMO
NEWS00522,Location 0522,GPE,LOCATION 0522,0.96,49,136,SYNTHETIC_DEMO
NEWS00523,Location 0523,LOC,LOCATION 0523,0.786,42,92,SYNTHETIC_DEMO
NEWS00524,Product 0524,PRODUCT,PRODUCT 0524,0.872,22,158,SYNTHETIC_DEMO
NEWS00525,Labor Disruption,EVENT,LABOR DISRUPTION,0.888,43,149,SYNTHETIC_DEMO
NEWS00526,Supplier 0526,ORG,SUPPLIER 0526,0.952,65,100,SYNTHETIC_DEMO
NEWS00527,Location 0527,GPE,LOCATION 0527,0.794,61,132,SYNTHETIC_DEMO
NEWS00528,Location 0528,LOC,LOCATION 0528,0.891,69,150,SYNTHETIC_DEMO
NEWS00529,Product 0529,PRODUCT,PRODUCT 0529,0.969,10,124,SYNTHETIC_DEMO
NEWS00530,Flood,EVENT,FLOOD,0.841,64,129,SYNTHETIC_DEMO
NEWS00531,Supplier 0531,ORG,SUPPLIER 0531,0.981,34,148,SYNTHETIC_DEMO
NEWS00532,Location 0532,GPE,LOCATION 0532,0.763,4,114,SYNTHETIC_DEMO
NEWS00533,Location 0533,LOC,LOCATION 0533,0.899,20,101,SYNTHETIC_DEMO
NEWS00534,Product 0534,PRODUCT,PRODUCT 0534,0.805,15,104,SYNTHETIC_DEMO
NEWS00535,Labor Disruption,EVENT,LABOR DISRUPTION,0.766,46,110,SYNTHETIC_DEMO
NEWS00536,Supplier 0536,ORG,SUPPLIER 0536,0.972,59,118,SYNTHETIC_DEMO
NEWS00537,Location 0537,GPE,LOCATION 0537,0.862,75,135,SYNTHETIC_DEMO
NEWS00538,Location 0538,LOC,LOCATION 0538,0.887,9,90,SYNTHETIC_DEMO
NEWS00539,Product 0539,PRODUCT,PRODUCT 0539,0.761,12,148,SYNTHETIC_DEMO
NEWS00540,Flood,EVENT,FLOOD,0.773,40,83,SYNTHETIC_DEMO
NEWS00541,Supplier 0541,ORG,SUPPLIER 0541,0.838,46,93,SYNTHETIC_DEMO
NEWS00542,Location 0542,GPE,LOCATION 0542,0.92,58,142,SYNTHETIC_DEMO
NEWS00543,Location 0543,LOC,LOCATION 0543,0.979,29,126,SYNTHETIC_DEMO
NEWS00544,Product 0544,PRODUCT,PRODUCT 0544,0.773,38,143,SYNTHETIC_DEMO
NEWS00545,Labor Disruption,EVENT,LABOR DISRUPTION,0.822,40,107,SYNTHETIC_DEMO
NEWS00546,Supplier 0546,ORG,SUPPLIER 0546,0.945,18,128,SYNTHETIC_DEMO
NEWS00547,Location 0547,GPE,LOCATION 0547,0.869,37,100,SYNTHETIC_DEMO
NEWS00548,Location 0548,LOC,LOCATION 0548,0.896,7,137,SYNTHETIC_DEMO
NEWS00549,Product 0549,PRODUCT,PRODUCT 0549,0.861,11,111,SYNTHETIC_DEMO
NEWS00550,Flood,EVENT,FLOOD,0.758,4,126,SYNTHETIC_DEMO
NEWS00551,Supplier 0551,ORG,SUPPLIER 0551,0.864,61,149,SYNTHETIC_DEMO
NEWS00552,Location 0552,GPE,LOCATION 0552,0.841,58,125,SYNTHETIC_DEMO
NEWS00553,Location 0553,LOC,LOCATION 0553,0.934,12,117,SYNTHETIC_DEMO
NEWS00554,Product 0554,PRODUCT,PRODUCT 0554,0.837,75,154,SYNTHETIC_DEMO
NEWS00555,Labor Disruption,EVENT,LABOR DISRUPTION,0.796,44,151,SYNTHETIC_DEMO
NEWS00556,Supplier 0556,ORG,SUPPLIER 0556,0.884,18,116,SYNTHETIC_DEMO
NEWS00557,Location 0557,GPE,LOCATION 0557,0.988,50,114,SYNTHETIC_DEMO
NEWS00558,Location 0558,LOC,LOCATION 0558,0.922,26,135,SYNTHETIC_DEMO
NEWS00559,Product 0559,PRODUCT,PRODUCT 0559,0.881,68,134,SYNTHETIC_DEMO
NEWS00560,Flood,EVENT,FLOOD,0.761,17,155,SYNTHETIC_DEMO
NEWS00561,Supplier 0561,ORG,SUPPLIER 0561,0.981,39,153,SYNTHETIC_DEMO
NEWS00562,Location 0562,GPE,LOCATION 0562,0.934,62,100,SYNTHETIC_DEMO
NEWS00563,Location 0563,LOC,LOCATION 0563,0.831,70,116,SYNTHETIC_DEMO
NEWS00564,Product 0564,PRODUCT,PRODUCT 0564,0.766,39,146,SYNTHETIC_DEMO
NEWS00565,Labor Disruption,EVENT,LABOR DISRUPTION,0.958,27,149,SYNTHETIC_DEMO
NEWS00566,Supplier 0566,ORG,SUPPLIER 0566,0.949,53,127,SYNTHETIC_DEMO
NEWS00567,Location 0567,GPE,LOCATION 0567,0.906,43,81,SYNTHETIC_DEMO
NEWS00568,Location 0568,LOC,LOCATION 0568,0.896,20,127,SYNTHETIC_DEMO
NEWS00569,Product 0569,PRODUCT,PRODUCT 0569,0.761,20,125,SYNTHETIC_DEMO
NEWS00570,Flood,EVENT,FLOOD,0.857,41,113,SYNTHETIC_DEMO
NEWS00571,Supplier 0571,ORG,SUPPLIER 0571,0.964,25,134,SYNTHETIC_DEMO
NEWS00572,Location 0572,GPE,LOCATION 0572,0.843,14,99,SYNTHETIC_DEMO
NEWS00573,Location 0573,LOC,LOCATION 0573,0.968,2,145,SYNTHETIC_DEMO
NEWS00574,Product 0574,PRODUCT,PRODUCT 0574,0.82,7,150,SYNTHETIC_DEMO
NEWS00575,Labor Disruption,EVENT,LABOR DISRUPTION,0.912,77,118,SYNTHETIC_DEMO
NEWS00576,Supplier 0576,ORG,SUPPLIER 0576,0.796,34,98,SYNTHETIC_DEMO
NEWS00577,Location 0577,GPE,LOCATION 0577,0.806,76,110,SYNTHETIC_DEMO
NEWS00578,Location 0578,LOC,LOCATION 0578,0.949,50,85,SYNTHETIC_DEMO
NEWS00579,Product 0579,PRODUCT,PRODUCT 0579,0.905,27,97,SYNTHETIC_DEMO
NEWS00580,Flood,EVENT,FLOOD,0.85,67,136,SYNTHETIC_DEMO
NEWS00581,Supplier 0581,ORG,SUPPLIER 0581,0.972,10,83,SYNTHETIC_DEMO
NEWS00582,Location 0582,GPE,LOCATION 0582,0.9,27,117,SYNTHETIC_DEMO
NEWS00583,Location 0583,LOC,LOCATION 0583,0.865,31,112,SYNTHETIC_DEMO
NEWS00584,Product 0584,PRODUCT,PRODUCT 0584,0.925,46,129,SYNTHETIC_DEMO
NEWS00585,Labor Disruption,EVENT,LABOR DISRUPTION,0.794,24,94,SYNTHETIC_DEMO
NEWS00586,Supplier 0586,ORG,SUPPLIER 0586,0.858,74,97,SYNTHETIC_DEMO
NEWS00587,Location 0587,GPE,LOCATION 0587,0.896,68,154,SYNTHETIC_DEMO
NEWS00588,Location 0588,LOC,LOCATION 0588,0.768,46,134,SYNTHETIC_DEMO
NEWS00589,Product 0589,PRODUCT,PRODUCT 0589,0.793,42,121,SYNTHETIC_DEMO
NEWS00590,Flood,EVENT,FLOOD,0.837,17,89,SYNTHETIC_DEMO
NEWS00591,Supplier 0591,ORG,SUPPLIER 0591,0.894,33,146,SYNTHETIC_DEMO
NEWS00592,Location 0592,GPE,LOCATION 0592,0.776,4,148,SYNTHETIC_DEMO
NEWS00593,Location 0593,LOC,LOCATION 0593,0.891,29,103,SYNTHETIC_DEMO
NEWS00594,Product 0594,PRODUCT,PRODUCT 0594,0.843,75,130,SYNTHETIC_DEMO
NEWS00595,Labor Disruption,EVENT,LABOR DISRUPTION,0.806,50,114,SYNTHETIC_DEMO
NEWS00596,Supplier 0596,ORG,SUPPLIER 0596,0.898,20,120,SYNTHETIC_DEMO
NEWS00597,Location 0597,GPE,LOCATION 0597,0.769,11,139,SYNTHETIC_DEMO
NEWS00598,Location 0598,LOC,LOCATION 0598,0.955,53,107,SYNTHETIC_DEMO
NEWS00599,Product 0599,PRODUCT,PRODUCT 0599,0.757,70,151,SYNTHETIC_DEMO
NEWS00600,Flood,EVENT,FLOOD,0.868,25,129,SYNTHETIC_DEMO
NEWS00601,Supplier 0601,ORG,SUPPLIER 0601,0.786,5,86,SYNTHETIC_DEMO
NEWS00602,Location 0602,GPE,LOCATION 0602,0.787,67,119,SYNTHETIC_DEMO
NEWS00603,Location 0603,LOC,LOCATION 0603,0.823,31,88,SYNTHETIC_DEMO
NEWS00604,Product 0604,PRODUCT,PRODUCT 0604,0.96,0,154,SYNTHETIC_DEMO
NEWS00605,Labor Disruption,EVENT,LABOR DISRUPTION,0.969,50,141,SYNTHETIC_DEMO
NEWS00606,Supplier 0606,ORG,SUPPLIER 0606,0.858,56,109,SYNTHETIC_DEMO
NEWS00607,Location 0607,GPE,LOCATION 0607,0.887,34,157,SYNTHETIC_DEMO
NEWS00608,Location 0608,LOC,LOCATION 0608,0.869,10,146,SYNTHETIC_DEMO
NEWS00609,Product 0609,PRODUCT,PRODUCT 0609,0.799,64,107,SYNTHETIC_DEMO
NEWS00610,Flood,EVENT,FLOOD,0.878,43,152,SYNTHETIC_DEMO
NEWS00611,Supplier 0611,ORG,SUPPLIER 0611,0.9,59,92,SYNTHETIC_DEMO
NEWS00612,Location 0612,GPE,LOCATION 0612,0.807,3,118,SYNTHETIC_DEMO
NEWS00613,Location 0613,LOC,LOCATION 0613,0.939,62,148,SYNTHETIC_DEMO
NEWS00614,Product 0614,PRODUCT,PRODUCT 0614,0.912,64,98,SYNTHETIC_DEMO
NEWS00615,Labor Disruption,EVENT,LABOR DISRUPTION,0.979,29,135,SYNTHETIC_DEMO
NEWS00616,Supplier 0616,ORG,SUPPLIER 0616,0.767,51,88,SYNTHETIC_DEMO
NEWS00617,Location 0617,GPE,LOCATION 0617,0.836,74,139,SYNTHETIC_DEMO
NEWS00618,Location 0618,LOC,LOCATION 0618,0.795,66,85,SYNTHETIC_DEMO
NEWS00619,Product 0619,PRODUCT,PRODUCT 0619,0.956,25,98,SYNTHETIC_DEMO
NEWS00620,Flood,EVENT,FLOOD,0.987,66,147,SYNTHETIC_DEMO
NEWS00621,Supplier 0621,ORG,SUPPLIER 0621,0.769,54,108,SYNTHETIC_DEMO
NEWS00622,Location 0622,GPE,LOCATION 0622,0.812,55,98,SYNTHETIC_DEMO
NEWS00623,Location 0623,LOC,LOCATION 0623,0.944,8,147,SYNTHETIC_DEMO
NEWS00624,Product 0624,PRODUCT,PRODUCT 0624,0.769,33,83,SYNTHETIC_DEMO
NEWS00625,Labor Disruption,EVENT,LABOR DISRUPTION,0.878,0,148,SYNTHETIC_DEMO
NEWS00626,Supplier 0626,ORG,SUPPLIER 0626,0.849,35,122,SYNTHETIC_DEMO
NEWS00627,Location 0627,GPE,LOCATION 0627,0.924,41,138,SYNTHETIC_DEMO
NEWS00628,Location 0628,LOC,LOCATION 0628,0.886,43,134,SYNTHETIC_DEMO
NEWS00629,Product 0629,PRODUCT,PRODUCT 0629,0.775,21,122,SYNTHETIC_DEMO
NEWS00630,Flood,EVENT,FLOOD,0.911,60,99,SYNTHETIC_DEMO
NEWS00631,Supplier 0631,ORG,SUPPLIER 0631,0.877,13,90,SYNTHETIC_DEMO
NEWS00632,Location 0632,GPE,LOCATION 0632,0.902,54,123,SYNTHETIC_DEMO
NEWS00633,Location 0633,LOC,LOCATION 0633,0.762,20,122,SYNTHETIC_DEMO
NEWS00634,Product 0634,PRODUCT,PRODUCT 0634,0.832,22,102,SYNTHETIC_DEMO
NEWS00635,Labor Disruption,EVENT,LABOR DISRUPTION,0.941,66,100,SYNTHETIC_DEMO
NEWS00636,Supplier 0636,ORG,SUPPLIER 0636,0.82,62,123,SYNTHETIC_DEMO
NEWS00637,Location 0637,GPE,LOCATION 0637,0.958,24,150,SYNTHETIC_DEMO
NEWS00638,Location 0638,LOC,LOCATION 0638,0.954,8,120,SYNTHETIC_DEMO
NEWS00639,Product 0639,PRODUCT,PRODUCT 0639,0.93,2,152,SYNTHETIC_DEMO
NEWS00640,Flood,EVENT,FLOOD,0.79,14,114,SYNTHETIC_DEMO
NEWS00641,Supplier 0641,ORG,SUPPLIER 0641,0.923,57,85,SYNTHETIC_DEMO
NEWS00642,Location 0642,GPE,LOCATION 0642,0.891,58,84,SYNTHETIC_DEMO
NEWS00643,Location 0643,LOC,LOCATION 0643,0.785,72,132,SYNTHETIC_DEMO
NEWS00644,Product 0644,PRODUCT,PRODUCT 0644,0.83,37,144,SYNTHETIC_DEMO
NEWS00645,Labor Disruption,EVENT,LABOR DISRUPTION,0.929,36,134,SYNTHETIC_DEMO
NEWS00646,Supplier 0646,ORG,SUPPLIER 0646,0.908,3,131,SYNTHETIC_DEMO
NEWS00647,Location 0647,GPE,LOCATION 0647,0.853,14,127,SYNTHETIC_DEMO
NEWS00648,Location 0648,LOC,LOCATION 0648,0.835,11,87,SYNTHETIC_DEMO
NEWS00649,Product 0649,PRODUCT,PRODUCT 0649,0.92,35,83,SYNTHETIC_DEMO
NEWS00650,Flood,EVENT,FLOOD,0.866,15,121,SYNTHETIC_DEMO
NEWS00651,Supplier 0651,ORG,SUPPLIER 0651,0.896,40,97,SYNTHETIC_DEMO
NEWS00652,Location 0652,GPE,LOCATION 0652,0.756,16,118,SYNTHETIC_DEMO
NEWS00653,Location 0653,LOC,LOCATION 0653,0.823,57,81,SYNTHETIC_DEMO
NEWS00654,Product 0654,PRODUCT,PRODUCT 0654,0.823,29,127,SYNTHETIC_DEMO
NEWS00655,Labor Disruption,EVENT,LABOR DISRUPTION,0.837,63,152,SYNTHETIC_DEMO
NEWS00656,Supplier 0656,ORG,SUPPLIER 0656,0.85,58,146,SYNTHETIC_DEMO
NEWS00657,Location 0657,GPE,LOCATION 0657,0.764,46,85,SYNTHETIC_DEMO
NEWS00658,Location 0658,LOC,LOCATION 0658,0.95,28,114,SYNTHETIC_DEMO
NEWS00659,Product 0659,PRODUCT,PRODUCT 0659,0.927,9,131,SYNTHETIC_DEMO
NEWS00660,Flood,EVENT,FLOOD,0.908,5,106,SYNTHETIC_DEMO
NEWS00661,Supplier 0661,ORG,SUPPLIER 0661,0.758,69,159,SYNTHETIC_DEMO
NEWS00662,Location 0662,GPE,LOCATION 0662,0.897,25,108,SYNTHETIC_DEMO
NEWS00663,Location 0663,LOC,LOCATION 0663,0.978,42,94,SYNTHETIC_DEMO
NEWS00664,Product 0664,PRODUCT,PRODUCT 0664,0.759,54,150,SYNTHETIC_DEMO
NEWS00665,Labor Disruption,EVENT,LABOR DISRUPTION,0.938,45,108,SYNTHETIC_DEMO
NEWS00666,Supplier 0666,ORG,SUPPLIER 0666,0.978,31,146,SYNTHETIC_DEMO
NEWS00667,Location 0667,GPE,LOCATION 0667,0.842,2,96,SYNTHETIC_DEMO
NEWS00668,Location 0668,LOC,LOCATION 0668,0.918,80,97,SYNTHETIC_DEMO
NEWS00669,Product 0669,PRODUCT,PRODUCT 0669,0.872,33,117,SYNTHETIC_DEMO
NEWS00670,Flood,EVENT,FLOOD,0.8,69,117,SYNTHETIC_DEMO
NEWS00671,Supplier 0671,ORG,SUPPLIER 0671,0.974,2,157,SYNTHETIC_DEMO
NEWS00672,Location 0672,GPE,LOCATION 0672,0.989,17,145,SYNTHETIC_DEMO
NEWS00673,Location 0673,LOC,LOCATION 0673,0.833,70,159,SYNTHETIC_DEMO
NEWS00674,Product 0674,PRODUCT,PRODUCT 0674,0.955,75,130,SYNTHETIC_DEMO
NEWS00675,Labor Disruption,EVENT,LABOR DISRUPTION,0.879,28,116,SYNTHETIC_DEMO
NEWS00676,Supplier 0676,ORG,SUPPLIER 0676,0.814,77,146,SYNTHETIC_DEMO
NEWS00677,Location 0677,GPE,LOCATION 0677,0.888,59,152,SYNTHETIC_DEMO
NEWS00678,Location 0678,LOC,LOCATION 0678,0.794,65,96,SYNTHETIC_DEMO
NEWS00679,Product 0679,PRODUCT,PRODUCT 0679,0.768,55,147,SYNTHETIC_DEMO
NEWS00680,Flood,EVENT,FLOOD,0.971,13,97,SYNTHETIC_DEMO
NEWS00681,Supplier 0681,ORG,SUPPLIER 0681,0.756,61,137,SYNTHETIC_DEMO
NEWS00682,Location 0682,GPE,LOCATION 0682,0.989,26,106,SYNTHETIC_DEMO
NEWS00683,Location 0683,LOC,LOCATION 0683,0.88,47,137,SYNTHETIC_DEMO
NEWS00684,Product 0684,PRODUCT,PRODUCT 0684,0.777,7,116,SYNTHETIC_DEMO
NEWS00685,Labor Disruption,EVENT,LABOR DISRUPTION,0.881,52,140,SYNTHETIC_DEMO
NEWS00686,Supplier 0686,ORG,SUPPLIER 0686,0.762,67,138,SYNTHETIC_DEMO
NEWS00687,Location 0687,GPE,LOCATION 0687,0.976,75,156,SYNTHETIC_DEMO
NEWS00688,Location 0688,LOC,LOCATION 0688,0.766,21,151,SYNTHETIC_DEMO
NEWS00689,Product 0689,PRODUCT,PRODUCT 0689,0.944,8,106,SYNTHETIC_DEMO
NEWS00690,Flood,EVENT,FLOOD,0.904,46,143,SYNTHETIC_DEMO
NEWS00691,Supplier 0691,ORG,SUPPLIER 0691,0.873,28,158,SYNTHETIC_DEMO
NEWS00692,Location 0692,GPE,LOCATION 0692,0.753,3,100,SYNTHETIC_DEMO
NEWS00693,Location 0693,LOC,LOCATION 0693,0.977,57,156,SYNTHETIC_DEMO
NEWS00694,Product 0694,PRODUCT,PRODUCT 0694,0.803,10,97,SYNTHETIC_DEMO
NEWS00695,Labor Disruption,EVENT,LABOR DISRUPTION,0.98,59,133,SYNTHETIC_DEMO
NEWS00696,Supplier 0696,ORG,SUPPLIER 0696,0.828,31,124,SYNTHETIC_DEMO
NEWS00697,Location 0697,GPE,LOCATION 0697,0.952,75,133,SYNTHETIC_DEMO
NEWS00698,Location 0698,LOC,LOCATION 0698,0.869,26,87,SYNTHETIC_DEMO
NEWS00699,Product 0699,PRODUCT,PRODUCT 0699,0.866,78,152,SYNTHETIC_DEMO
NEWS00700,Flood,EVENT,FLOOD,0.929,31,159,SYNTHETIC_DEMO
NEWS00701,Supplier 0701,ORG,SUPPLIER 0701,0.946,45,146,SYNTHETIC_DEMO
NEWS00702,Location 0702,GPE,LOCATION 0702,0.983,4,155,SYNTHETIC_DEMO
NEWS00703,Location 0703,LOC,LOCATION 0703,0.976,40,106,SYNTHETIC_DEMO
NEWS00704,Product 0704,PRODUCT,PRODUCT 0704,0.832,34,108,SYNTHETIC_DEMO
NEWS00705,Labor Disruption,EVENT,LABOR DISRUPTION,0.795,53,91,SYNTHETIC_DEMO
NEWS00706,Supplier 0706,ORG,SUPPLIER 0706,0.895,58,105,SYNTHETIC_DEMO
NEWS00707,Location 0707,GPE,LOCATION 0707,0.929,0,150,SYNTHETIC_DEMO
NEWS00708,Location 0708,LOC,LOCATION 0708,0.989,78,124,SYNTHETIC_DEMO
NEWS00709,Product 0709,PRODUCT,PRODUCT 0709,0.795,36,101,SYNTHETIC_DEMO
NEWS00710,Flood,EVENT,FLOOD,0.982,37,127,SYNTHETIC_DEMO
NEWS00711,Supplier 0711,ORG,SUPPLIER 0711,0.761,51,143,SYNTHETIC_DEMO
NEWS00712,Location 0712,GPE,LOCATION 0712,0.799,25,108,SYNTHETIC_DEMO
NEWS00713,Location 0713,LOC,LOCATION 0713,0.753,25,129,SYNTHETIC_DEMO
NEWS00714,Product 0714,PRODUCT,PRODUCT 0714,0.833,5,153,SYNTHETIC_DEMO
NEWS00715,Labor Disruption,EVENT,LABOR DISRUPTION,0.952,41,135,SYNTHETIC_DEMO
NEWS00716,Supplier 0716,ORG,SUPPLIER 0716,0.927,56,146,SYNTHETIC_DEMO
NEWS00717,Location 0717,GPE,LOCATION 0717,0.763,79,117,SYNTHETIC_DEMO
NEWS00718,Location 0718,LOC,LOCATION 0718,0.961,16,120,SYNTHETIC_DEMO
NEWS00719,Product 0719,PRODUCT,PRODUCT 0719,0.838,39,110,SYNTHETIC_DEMO
NEWS00720,Flood,EVENT,FLOOD,0.954,60,98,SYNTHETIC_DEMO
NEWS00721,Supplier 0721,ORG,SUPPLIER 0721,0.963,78,129,SYNTHETIC_DEMO
NEWS00722,Location 0722,GPE,LOCATION 0722,0.903,9,127,SYNTHETIC_DEMO
NEWS00723,Location 0723,LOC,LOCATION 0723,0.912,14,149,SYNTHETIC_DEMO
NEWS00724,Product 0724,PRODUCT,PRODUCT 0724,0.862,61,134,SYNTHETIC_DEMO
NEWS00725,Labor Disruption,EVENT,LABOR DISRUPTION,0.844,61,122,SYNTHETIC_DEMO
NEWS00726,Supplier 0726,ORG,SUPPLIER 0726,0.795,74,93,SYNTHETIC_DEMO
NEWS00727,Location 0727,GPE,LOCATION 0727,0.81,23,131,SYNTHETIC_DEMO
NEWS00728,Location 0728,LOC,LOCATION 0728,0.802,21,150,SYNTHETIC_DEMO
NEWS00729,Product 0729,PRODUCT,PRODUCT 0729,0.979,51,122,SYNTHETIC_DEMO
NEWS00730,Flood,EVENT,FLOOD,0.863,45,152,SYNTHETIC_DEMO
NEWS00731,Supplier 0731,ORG,SUPPLIER 0731,0.866,33,152,SYNTHETIC_DEMO
NEWS00732,Location 0732,GPE,LOCATION 0732,0.756,53,150,SYNTHETIC_DEMO
NEWS00733,Location 0733,LOC,LOCATION 0733,0.837,1,89,SYNTHETIC_DEMO
NEWS00734,Product 0734,PRODUCT,PRODUCT 0734,0.814,35,159,SYNTHETIC_DEMO
NEWS00735,Labor Disruption,EVENT,LABOR DISRUPTION,0.899,4,134,SYNTHETIC_DEMO
NEWS00736,Supplier 0736,ORG,SUPPLIER 0736,0.91,40,155,SYNTHETIC_DEMO
NEWS00737,Location 0737,GPE,LOCATION 0737,0.876,22,123,SYNTHETIC_DEMO
NEWS00738,Location 0738,LOC,LOCATION 0738,0.884,25,89,SYNTHETIC_DEMO
NEWS00739,Product 0739,PRODUCT,PRODUCT 0739,0.931,22,159,SYNTHETIC_DEMO
NEWS00740,Flood,EVENT,FLOOD,0.872,11,119,SYNTHETIC_DEMO
NEWS00741,Supplier 0741,ORG,SUPPLIER 0741,0.784,13,142,SYNTHETIC_DEMO
NEWS00742,Location 0742,GPE,LOCATION 0742,0.868,48,158,SYNTHETIC_DEMO
NEWS00743,Location 0743,LOC,LOCATION 0743,0.754,61,116,SYNTHETIC_DEMO
NEWS00744,Product 0744,PRODUCT,PRODUCT 0744,0.874,60,132,SYNTHETIC_DEMO
NEWS00745,Labor Disruption,EVENT,LABOR DISRUPTION,0.809,23,119,SYNTHETIC_DEMO
NEWS00746,Supplier 0746,ORG,SUPPLIER 0746,0.795,65,111,SYNTHETIC_DEMO
NEWS00747,Location 0747,GPE,LOCATION 0747,0.788,55,127,SYNTHETIC_DEMO
NEWS00748,Location 0748,LOC,LOCATION 0748,0.802,1,102,SYNTHETIC_DEMO
NEWS00749,Product 0749,PRODUCT,PRODUCT 0749,0.914,25,126,SYNTHETIC_DEMO
NEWS00750,Flood,EVENT,FLOOD,0.759,31,153,SYNTHETIC_DEMO
NEWS00751,Supplier 0751,ORG,SUPPLIER 0751,0.923,60,81,SYNTHETIC_DEMO
NEWS00752,Location 0752,GPE,LOCATION 0752,0.985,58,154,SYNTHETIC_DEMO
NEWS00753,Location 0753,LOC,LOCATION 0753,0.928,5,144,SYNTHETIC_DEMO
NEWS00754,Product 0754,PRODUCT,PRODUCT 0754,0.901,33,145,SYNTHETIC_DEMO
NEWS00755,Labor Disruption,EVENT,LABOR DISRUPTION,0.908,71,150,SYNTHETIC_DEMO
NEWS00756,Supplier 0756,ORG,SUPPLIER 0756,0.897,23,127,SYNTHETIC_DEMO
NEWS00757,Location 0757,GPE,LOCATION 0757,0.979,55,92,SYNTHETIC_DEMO
NEWS00758,Location 0758,LOC,LOCATION 0758,0.797,29,151,SYNTHETIC_DEMO
NEWS00759,Product 0759,PRODUCT,PRODUCT 0759,0.931,75,118,SYNTHETIC_DEMO
NEWS00760,Flood,EVENT,FLOOD,0.763,41,134,SYNTHETIC_DEMO
NEWS00761,Supplier 0761,ORG,SUPPLIER 0761,0.806,41,153,SYNTHETIC_DEMO
NEWS00762,Location 0762,GPE,LOCATION 0762,0.928,5,106,SYNTHETIC_DEMO
NEWS00763,Location 0763,LOC,LOCATION 0763,0.851,14,114,SYNTHETIC_DEMO
NEWS00764,Product 0764,PRODUCT,PRODUCT 0764,0.803,57,159,SYNTHETIC_DEMO
NEWS00765,Labor Disruption,EVENT,LABOR DISRUPTION,0.785,64,115,SYNTHETIC_DEMO
NEWS00766,Supplier 0766,ORG,SUPPLIER 0766,0.984,29,131,SYNTHETIC_DEMO
NEWS00767,Location 0767,GPE,LOCATION 0767,0.767,35,147,SYNTHETIC_DEMO
NEWS00768,Location 0768,LOC,LOCATION 0768,0.917,9,130,SYNTHETIC_DEMO
NEWS00769,Product 0769,PRODUCT,PRODUCT 0769,0.891,43,132,SYNTHETIC_DEMO
NEWS00770,Flood,EVENT,FLOOD,0.971,25,95,SYNTHETIC_DEMO
NEWS00771,Supplier 0771,ORG,SUPPLIER 0771,0.818,15,128,SYNTHETIC_DEMO
NEWS00772,Location 0772,GPE,LOCATION 0772,0.939,26,101,SYNTHETIC_DEMO
NEWS00773,Location 0773,LOC,LOCATION 0773,0.856,18,88,SYNTHETIC_DEMO
NEWS00774,Product 0774,PRODUCT,PRODUCT 0774,0.818,15,140,SYNTHETIC_DEMO
NEWS00775,Labor Disruption,EVENT,LABOR DISRUPTION,0.863,13,103,SYNTHETIC_DEMO
NEWS00776,Supplier 0776,ORG,SUPPLIER 0776,0.872,3,124,SYNTHETIC_DEMO
NEWS00777,Location 0777,GPE,LOCATION 0777,0.89,8,89,SYNTHETIC_DEMO
NEWS00778,Location 0778,LOC,LOCATION 0778,0.954,42,99,SYNTHETIC_DEMO
NEWS00779,Product 0779,PRODUCT,PRODUCT 0779,0.988,17,113,SYNTHETIC_DEMO
NEWS00780,Flood,EVENT,FLOOD,0.895,14,156,SYNTHETIC_DEMO
NEWS00781,Supplier 0781,ORG,SUPPLIER 0781,0.872,7,88,SYNTHETIC_DEMO
NEWS00782,Location 0782,GPE,LOCATION 0782,0.937,57,155,SYNTHETIC_DEMO
NEWS00783,Location 0783,LOC,LOCATION 0783,0.84,4,97,SYNTHETIC_DEMO
NEWS00784,Product 0784,PRODUCT,PRODUCT 0784,0.983,78,110,SYNTHETIC_DEMO
NEWS00785,Labor Disruption,EVENT,LABOR DISRUPTION,0.839,28,84,SYNTHETIC_DEMO
NEWS00786,Supplier 0786,ORG,SUPPLIER 0786,0.755,28,132,SYNTHETIC_DEMO
NEWS00787,Location 0787,GPE,LOCATION 0787,0.782,8,120,SYNTHETIC_DEMO
NEWS00788,Location 0788,LOC,LOCATION 0788,0.81,19,140,SYNTHETIC_DEMO
NEWS00789,Product 0789,PRODUCT,PRODUCT 0789,0.817,29,107,SYNTHETIC_DEMO
NEWS00790,Flood,EVENT,FLOOD,0.907,13,159,SYNTHETIC_DEMO
NEWS00791,Supplier 0791,ORG,SUPPLIER 0791,0.856,44,86,SYNTHETIC_DEMO
NEWS00792,Location 0792,GPE,LOCATION 0792,0.833,31,111,SYNTHETIC_DEMO
NEWS00793,Location 0793,LOC,LOCATION 0793,0.961,4,112,SYNTHETIC_DEMO
NEWS00794,Product 0794,PRODUCT,PRODUCT 0794,0.912,56,118,SYNTHETIC_DEMO
NEWS00795,Labor Disruption,EVENT,LABOR DISRUPTION,0.804,40,124,SYNTHETIC_DEMO
NEWS00796,Supplier 0796,ORG,SUPPLIER 0796,0.953,45,157,SYNTHETIC_DEMO
NEWS00797,Location 0797,GPE,LOCATION 0797,0.863,57,127,SYNTHETIC_DEMO
NEWS00798,Location 0798,LOC,LOCATION 0798,0.763,11,108,SYNTHETIC_DEMO
NEWS00799,Product 0799,PRODUCT,PRODUCT 0799,0.851,56,83,SYNTHETIC_DEMO
NEWS00800,Flood,EVENT,FLOOD,0.752,37,118,SYNTHETIC_DEMO
NEWS00801,Supplier 0801,ORG,SUPPLIER 0801,0.951,51,146,SYNTHETIC_DEMO
NEWS00802,Location 0802,GPE,LOCATION 0802,0.853,53,160,SYNTHETIC_DEMO
NEWS00803,Location 0803,LOC,LOCATION 0803,0.842,48,145,SYNTHETIC_DEMO
NEWS00804,Product 0804,PRODUCT,PRODUCT 0804,0.9,79,123,SYNTHETIC_DEMO
NEWS00805,Labor Disruption,EVENT,LABOR DISRUPTION,0.978,72,130,SYNTHETIC_DEMO
NEWS00806,Supplier 0806,ORG,SUPPLIER 0806,0.88,39,152,SYNTHETIC_DEMO
NEWS00807,Location 0807,GPE,LOCATION 0807,0.91,23,147,SYNTHETIC_DEMO
NEWS00808,Location 0808,LOC,LOCATION 0808,0.99,48,131,SYNTHETIC_DEMO
NEWS00809,Product 0809,PRODUCT,PRODUCT 0809,0.84,41,95,SYNTHETIC_DEMO
NEWS00810,Flood,EVENT,FLOOD,0.758,1,149,SYNTHETIC_DEMO
NEWS00811,Supplier 0811,ORG,SUPPLIER 0811,0.774,49,85,SYNTHETIC_DEMO
NEWS00812,Location 0812,GPE,LOCATION 0812,0.804,21,137,SYNTHETIC_DEMO
NEWS00813,Location 0813,LOC,LOCATION 0813,0.81,46,158,SYNTHETIC_DEMO
NEWS00814,Product 0814,PRODUCT,PRODUCT 0814,0.826,72,105,SYNTHETIC_DEMO
NEWS00815,Labor Disruption,EVENT,LABOR DISRUPTION,0.837,42,125,SYNTHETIC_DEMO
NEWS00816,Supplier 0816,ORG,SUPPLIER 0816,0.804,65,113,SYNTHETIC_DEMO
NEWS00817,Location 0817,GPE,LOCATION 0817,0.887,17,153,SYNTHETIC_DEMO
NEWS00818,Location 0818,LOC,LOCATION 0818,0.892,7,152,SYNTHETIC_DEMO
NEWS00819,Product 0819,PRODUCT,PRODUCT 0819,0.781,0,144,SYNTHETIC_DEMO
NEWS00820,Flood,EVENT,FLOOD,0.819,38,132,SYNTHETIC_DEMO
NEWS00821,Supplier 0821,ORG,SUPPLIER 0821,0.813,46,136,SYNTHETIC_DEMO
NEWS00822,Location 0822,GPE,LOCATION 0822,0.787,47,153,SYNTHETIC_DEMO
NEWS00823,Location 0823,LOC,LOCATION 0823,0.941,48,116,SYNTHETIC_DEMO
NEWS00824,Product 0824,PRODUCT,PRODUCT 0824,0.751,17,158,SYNTHETIC_DEMO
NEWS00825,Labor Disruption,EVENT,LABOR DISRUPTION,0.906,49,99,SYNTHETIC_DEMO
NEWS00826,Supplier 0826,ORG,SUPPLIER 0826,0.976,66,106,SYNTHETIC_DEMO
NEWS00827,Location 0827,GPE,LOCATION 0827,0.847,34,83,SYNTHETIC_DEMO
NEWS00828,Location 0828,LOC,LOCATION 0828,0.945,61,116,SYNTHETIC_DEMO
NEWS00829,Product 0829,PRODUCT,PRODUCT 0829,0.984,69,117,SYNTHETIC_DEMO
NEWS00830,Flood,EVENT,FLOOD,0.839,61,107,SYNTHETIC_DEMO
NEWS00831,Supplier 0831,ORG,SUPPLIER 0831,0.863,47,158,SYNTHETIC_DEMO
NEWS00832,Location 0832,GPE,LOCATION 0832,0.762,61,160,SYNTHETIC_DEMO
NEWS00833,Location 0833,LOC,LOCATION 0833,0.935,4,102,SYNTHETIC_DEMO
NEWS00834,Product 0834,PRODUCT,PRODUCT 0834,0.827,31,138,SYNTHETIC_DEMO
NEWS00835,Labor Disruption,EVENT,LABOR DISRUPTION,0.837,49,152,SYNTHETIC_DEMO
NEWS00836,Supplier 0836,ORG,SUPPLIER 0836,0.931,30,95,SYNTHETIC_DEMO
NEWS00837,Location 0837,GPE,LOCATION 0837,0.867,7,105,SYNTHETIC_DEMO
NEWS00838,Location 0838,LOC,LOCATION 0838,0.986,36,88,SYNTHETIC_DEMO
NEWS00839,Product 0839,PRODUCT,PRODUCT 0839,0.797,50,95,SYNTHETIC_DEMO
NEWS00840,Flood,EVENT,FLOOD,0.935,80,113,SYNTHETIC_DEMO
NEWS00841,Supplier 0841,ORG,SUPPLIER 0841,0.766,22,145,SYNTHETIC_DEMO
NEWS00842,Location 0842,GPE,LOCATION 0842,0.967,80,144,SYNTHETIC_DEMO
NEWS00843,Location 0843,LOC,LOCATION 0843,0.865,52,81,SYNTHETIC_DEMO
NEWS00844,Product 0844,PRODUCT,PRODUCT 0844,0.99,46,124,SYNTHETIC_DEMO
NEWS00845,Labor Disruption,EVENT,LABOR DISRUPTION,0.918,28,143,SYNTHETIC_DEMO
NEWS00846,Supplier 0846,ORG,SUPPLIER 0846,0.836,48,131,SYNTHETIC_DEMO
NEWS00847,Location 0847,GPE,LOCATION 0847,0.792,65,83,SYNTHETIC_DEMO
NEWS00848,Location 0848,LOC,LOCATION 0848,0.883,16,88,SYNTHETIC_DEMO
NEWS00849,Product 0849,PRODUCT,PRODUCT 0849,0.798,67,160,SYNTHETIC_DEMO
NEWS00850,Flood,EVENT,FLOOD,0.903,42,148,SYNTHETIC_DEMO
NEWS00851,Supplier 0851,ORG,SUPPLIER 0851,0.862,69,141,SYNTHETIC_DEMO
NEWS00852,Location 0852,GPE,LOCATION 0852,0.976,75,103,SYNTHETIC_DEMO
NEWS00853,Location 0853,LOC,LOCATION 0853,0.889,24,134,SYNTHETIC_DEMO
NEWS00854,Product 0854,PRODUCT,PRODUCT 0854,0.956,42,141,SYNTHETIC_DEMO
NEWS00855,Labor Disruption,EVENT,LABOR DISRUPTION,0.874,32,122,SYNTHETIC_DEMO
NEWS00856,Supplier 0856,ORG,SUPPLIER 0856,0.906,34,124,SYNTHETIC_DEMO
NEWS00857,Location 0857,GPE,LOCATION 0857,0.755,28,94,SYNTHETIC_DEMO
NEWS00858,Location 0858,LOC,LOCATION 0858,0.827,36,116,SYNTHETIC_DEMO
NEWS00859,Product 0859,PRODUCT,PRODUCT 0859,0.807,19,92,SYNTHETIC_DEMO
NEWS00860,Flood,EVENT,FLOOD,0.867,40,108,SYNTHETIC_DEMO
NEWS00861,Supplier 0861,ORG,SUPPLIER 0861,0.937,69,94,SYNTHETIC_DEMO
NEWS00862,Location 0862,GPE,LOCATION 0862,0.855,36,146,SYNTHETIC_DEMO
NEWS00863,Location 0863,LOC,LOCATION 0863,0.866,25,160,SYNTHETIC_DEMO
NEWS00864,Product 0864,PRODUCT,PRODUCT 0864,0.948,39,136,SYNTHETIC_DEMO
NEWS00865,Labor Disruption,EVENT,LABOR DISRUPTION,0.971,44,160,SYNTHETIC_DEMO
NEWS00866,Supplier 0866,ORG,SUPPLIER 0866,0.985,44,120,SYNTHETIC_DEMO
NEWS00867,Location 0867,GPE,LOCATION 0867,0.942,47,112,SYNTHETIC_DEMO
NEWS00868,Location 0868,LOC,LOCATION 0868,0.975,1,107,SYNTHETIC_DEMO
NEWS00869,Product 0869,PRODUCT,PRODUCT 0869,0.919,14,104,SYNTHETIC_DEMO
NEWS00870,Flood,EVENT,FLOOD,0.963,40,103,SYNTHETIC_DEMO
NEWS00871,Supplier 0871,ORG,SUPPLIER 0871,0.869,71,119,SYNTHETIC_DEMO
NEWS00872,Location 0872,GPE,LOCATION 0872,0.761,57,142,SYNTHETIC_DEMO
NEWS00873,Location 0873,LOC,LOCATION 0873,0.83,37,81,SYNTHETIC_DEMO
NEWS00874,Product 0874,PRODUCT,PRODUCT 0874,0.793,22,127,SYNTHETIC_DEMO
NEWS00875,Labor Disruption,EVENT,LABOR DISRUPTION,0.794,25,118,SYNTHETIC_DEMO
NEWS00876,Supplier 0876,ORG,SUPPLIER 0876,0.837,43,95,SYNTHETIC_DEMO
NEWS00877,Location 0877,GPE,LOCATION 0877,0.837,4,111,SYNTHETIC_DEMO
NEWS00878,Location 0878,LOC,LOCATION 0878,0.833,50,143,SYNTHETIC_DEMO
NEWS00879,Product 0879,PRODUCT,PRODUCT 0879,0.894,60,81,SYNTHETIC_DEMO
NEWS00880,Flood,EVENT,FLOOD,0.901,0,89,SYNTHETIC_DEMO
NEWS00881,Supplier 0881,ORG,SUPPLIER 0881,0.824,36,115,SYNTHETIC_DEMO
NEWS00882,Location 0882,GPE,LOCATION 0882,0.841,53,111,SYNTHETIC_DEMO
NEWS00883,Location 0883,LOC,LOCATION 0883,0.844,55,93,SYNTHETIC_DEMO
NEWS00884,Product 0884,PRODUCT,PRODUCT 0884,0.868,31,90,SYNTHETIC_DEMO
NEWS00885,Labor Disruption,EVENT,LABOR DISRUPTION,0.905,37,152,SYNTHETIC_DEMO
NEWS00886,Supplier 0886,ORG,SUPPLIER 0886,0.908,46,122,SYNTHETIC_DEMO
NEWS00887,Location 0887,GPE,LOCATION 0887,0.821,30,159,SYNTHETIC_DEMO
NEWS00888,Location 0888,LOC,LOCATION 0888,0.955,74,138,SYNTHETIC_DEMO
NEWS00889,Product 0889,PRODUCT,PRODUCT 0889,0.919,60,85,SYNTHETIC_DEMO
NEWS00890,Flood,EVENT,FLOOD,0.891,78,136,SYNTHETIC_DEMO
NEWS00891,Supplier 0891,ORG,SUPPLIER 0891,0.928,62,88,SYNTHETIC_DEMO
NEWS00892,Location 0892,GPE,LOCATION 0892,0.93,35,87,SYNTHETIC_DEMO
NEWS00893,Location 0893,LOC,LOCATION 0893,0.981,60,101,SYNTHETIC_DEMO
NEWS00894,Product 0894,PRODUCT,PRODUCT 0894,0.946,72,104,SYNTHETIC_DEMO
NEWS00895,Labor Disruption,EVENT,LABOR DISRUPTION,0.781,66,160,SYNTHETIC_DEMO
NEWS00896,Supplier 0896,ORG,SUPPLIER 0896,0.909,52,135,SYNTHETIC_DEMO
NEWS00897,Location 0897,GPE,LOCATION 0897,0.81,5,113,SYNTHETIC_DEMO
NEWS00898,Location 0898,LOC,LOCATION 0898,0.861,8,90,SYNTHETIC_DEMO
NEWS00899,Product 0899,PRODUCT,PRODUCT 0899,0.953,0,87,SYNTHETIC_DEMO
NEWS00900,Flood,EVENT,FLOOD,0.917,63,130,SYNTHETIC_DEMO
NEWS00901,Supplier 0901,ORG,SUPPLIER 0901,0.846,58,152,SYNTHETIC_DEMO
NEWS00902,Location 0902,GPE,LOCATION 0902,0.889,36,123,SYNTHETIC_DEMO
NEWS00903,Location 0903,LOC,LOCATION 0903,0.841,55,94,SYNTHETIC_DEMO
NEWS00904,Product 0904,PRODUCT,PRODUCT 0904,0.852,67,124,SYNTHETIC_DEMO
NEWS00905,Labor Disruption,EVENT,LABOR DISRUPTION,0.789,79,136,SYNTHETIC_DEMO
NEWS00906,Supplier 0906,ORG,SUPPLIER 0906,0.969,68,111,SYNTHETIC_DEMO
NEWS00907,Location 0907,GPE,LOCATION 0907,0.921,30,142,SYNTHETIC_DEMO
NEWS00908,Location 0908,LOC,LOCATION 0908,0.931,49,90,SYNTHETIC_DEMO
NEWS00909,Product 0909,PRODUCT,PRODUCT 0909,0.901,36,82,SYNTHETIC_DEMO
NEWS00910,Flood,EVENT,FLOOD,0.776,23,87,SYNTHETIC_DEMO
NEWS00911,Supplier 0911,ORG,SUPPLIER 0911,0.863,18,151,SYNTHETIC_DEMO
NEWS00912,Location 0912,GPE,LOCATION 0912,0.811,64,96,SYNTHETIC_DEMO
NEWS00913,Location 0913,LOC,LOCATION 0913,0.809,40,143,SYNTHETIC_DEMO
NEWS00914,Product 0914,PRODUCT,PRODUCT 0914,0.99,0,152,SYNTHETIC_DEMO
NEWS00915,Labor Disruption,EVENT,LABOR DISRUPTION,0.921,7,144,SYNTHETIC_DEMO
NEWS00916,Supplier 0916,ORG,SUPPLIER 0916,0.884,0,89,SYNTHETIC_DEMO
NEWS00917,Location 0917,GPE,LOCATION 0917,0.798,69,110,SYNTHETIC_DEMO
NEWS00918,Location 0918,LOC,LOCATION 0918,0.895,38,87,SYNTHETIC_DEMO
NEWS00919,Product 0919,PRODUCT,PRODUCT 0919,0.799,79,127,SYNTHETIC_DEMO
NEWS00920,Flood,EVENT,FLOOD,0.913,35,131,SYNTHETIC_DEMO
NEWS00921,Supplier 0921,ORG,SUPPLIER 0921,0.91,27,149,SYNTHETIC_DEMO
NEWS00922,Location 0922,GPE,LOCATION 0922,0.902,25,97,SYNTHETIC_DEMO
NEWS00923,Location 0923,LOC,LOCATION 0923,0.758,77,96,SYNTHETIC_DEMO
NEWS00924,Product 0924,PRODUCT,PRODUCT 0924,0.752,45,147,SYNTHETIC_DEMO
NEWS00925,Labor Disruption,EVENT,LABOR DISRUPTION,0.864,56,109,SYNTHETIC_DEMO
NEWS00926,Supplier 0926,ORG,SUPPLIER 0926,0.989,5,91,SYNTHETIC_DEMO
NEWS00927,Location 0927,GPE,LOCATION 0927,0.836,32,110,SYNTHETIC_DEMO
NEWS00928,Location 0928,LOC,LOCATION 0928,0.972,10,160,SYNTHETIC_DEMO
NEWS00929,Product 0929,PRODUCT,PRODUCT 0929,0.799,54,155,SYNTHETIC_DEMO
NEWS00930,Flood,EVENT,FLOOD,0.778,5,117,SYNTHETIC_DEMO
NEWS00931,Supplier 0931,ORG,SUPPLIER 0931,0.785,33,93,SYNTHETIC_DEMO
NEWS00932,Location 0932,GPE,LOCATION 0932,0.769,34,102,SYNTHETIC_DEMO
NEWS00933,Location 0933,LOC,LOCATION 0933,0.891,52,158,SYNTHETIC_DEMO
NEWS00934,Product 0934,PRODUCT,PRODUCT 0934,0.963,72,132,SYNTHETIC_DEMO
NEWS00935,Labor Disruption,EVENT,LABOR DISRUPTION,0.805,24,102,SYNTHETIC_DEMO
NEWS00936,Supplier 0936,ORG,SUPPLIER 0936,0.838,71,158,SYNTHETIC_DEMO
NEWS00937,Location 0937,GPE,LOCATION 0937,0.855,58,158,SYNTHETIC_DEMO
NEWS00938,Location 0938,LOC,LOCATION 0938,0.816,45,117,SYNTHETIC_DEMO
NEWS00939,Product 0939,PRODUCT,PRODUCT 0939,0.882,18,127,SYNTHETIC_DEMO
NEWS00940,Flood,EVENT,FLOOD,0.983,30,134,SYNTHETIC_DEMO
NEWS00941,Supplier 0941,ORG,SUPPLIER 0941,0.894,9,114,SYNTHETIC_DEMO
NEWS00942,Location 0942,GPE,LOCATION 0942,0.757,36,138,SYNTHETIC_DEMO
NEWS00943,Location 0943,LOC,LOCATION 0943,0.79,79,87,SYNTHETIC_DEMO
NEWS00944,Product 0944,PRODUCT,PRODUCT 0944,0.801,52,90,SYNTHETIC_DEMO
NEWS00945,Labor Disruption,EVENT,LABOR DISRUPTION,0.751,11,106,SYNTHETIC_DEMO
NEWS00946,Supplier 0946,ORG,SUPPLIER 0946,0.952,22,101,SYNTHETIC_DEMO
NEWS00947,Location 0947,GPE,LOCATION 0947,0.92,80,128,SYNTHETIC_DEMO
NEWS00948,Location 0948,LOC,LOCATION 0948,0.952,16,154,SYNTHETIC_DEMO
NEWS00949,Product 0949,PRODUCT,PRODUCT 0949,0.945,15,128,SYNTHETIC_DEMO
NEWS00950,Flood,EVENT,FLOOD,0.876,39,126,SYNTHETIC_DEMO
NEWS00951,Supplier 0951,ORG,SUPPLIER 0951,0.969,56,145,SYNTHETIC_DEMO
NEWS00952,Location 0952,GPE,LOCATION 0952,0.823,71,137,SYNTHETIC_DEMO
NEWS00953,Location 0953,LOC,LOCATION 0953,0.878,12,151,SYNTHETIC_DEMO
NEWS00954,Product 0954,PRODUCT,PRODUCT 0954,0.839,78,133,SYNTHETIC_DEMO
NEWS00955,Labor Disruption,EVENT,LABOR DISRUPTION,0.779,24,91,SYNTHETIC_DEMO
NEWS00956,Supplier 0956,ORG,SUPPLIER 0956,0.811,2,160,SYNTHETIC_DEMO
NEWS00957,Location 0957,GPE,LOCATION 0957,0.859,58,127,SYNTHETIC_DEMO
NEWS00958,Location 0958,LOC,LOCATION 0958,0.888,5,113,SYNTHETIC_DEMO
NEWS00959,Product 0959,PRODUCT,PRODUCT 0959,0.932,50,136,SYNTHETIC_DEMO
NEWS00960,Flood,EVENT,FLOOD,0.832,10,159,SYNTHETIC_DEMO
NEWS00961,Supplier 0961,ORG,SUPPLIER 0961,0.866,46,93,SYNTHETIC_DEMO
NEWS00962,Location 0962,GPE,LOCATION 0962,0.976,7,148,SYNTHETIC_DEMO
NEWS00963,Location 0963,LOC,LOCATION 0963,0.81,76,110,SYNTHETIC_DEMO
NEWS00964,Product 0964,PRODUCT,PRODUCT 0964,0.796,71,135,SYNTHETIC_DEMO
NEWS00965,Labor Disruption,EVENT,LABOR DISRUPTION,0.93,33,115,SYNTHETIC_DEMO
NEWS00966,Supplier 0966,ORG,SUPPLIER 0966,0.92,53,86,SYNTHETIC_DEMO
NEWS00967,Location 0967,GPE,LOCATION 0967,0.863,30,108,SYNTHETIC_DEMO
NEWS00968,Location 0968,LOC,LOCATION 0968,0.886,32,132,SYNTHETIC_DEMO
NEWS00969,Product 0969,PRODUCT,PRODUCT 0969,0.783,42,149,SYNTHETIC_DEMO
NEWS00970,Flood,EVENT,FLOOD,0.862,50,111,SYNTHETIC_DEMO
NEWS00971,Supplier 0971,ORG,SUPPLIER 0971,0.918,73,137,SYNTHETIC_DEMO
NEWS00972,Location 0972,GPE,LOCATION 0972,0.816,72,104,SYNTHETIC_DEMO
NEWS00973,Location 0973,LOC,LOCATION 0973,0.975,22,108,SYNTHETIC_DEMO
NEWS00974,Product 0974,PRODUCT,PRODUCT 0974,0.966,66,98,SYNTHETIC_DEMO
NEWS00975,Labor Disruption,EVENT,LABOR DISRUPTION,0.805,57,114,SYNTHETIC_DEMO
NEWS00976,Supplier 0976,ORG,SUPPLIER 0976,0.881,79,158,SYNTHETIC_DEMO
NEWS00977,Location 0977,GPE,LOCATION 0977,0.889,15,96,SYNTHETIC_DEMO
NEWS00978,Location 0978,LOC,LOCATION 0978,0.878,45,91,SYNTHETIC_DEMO
NEWS00979,Product 0979,PRODUCT,PRODUCT 0979,0.883,39,140,SYNTHETIC_DEMO
NEWS00980,Flood,EVENT,FLOOD,0.755,38,139,SYNTHETIC_DEMO
NEWS00981,Supplier 0981,ORG,SUPPLIER 0981,0.915,24,124,SYNTHETIC_DEMO
NEWS00982,Location 0982,GPE,LOCATION 0982,0.797,61,93,SYNTHETIC_DEMO
NEWS00983,Location 0983,LOC,LOCATION 0983,0.771,58,100,SYNTHETIC_DEMO
NEWS00984,Product 0984,PRODUCT,PRODUCT 0984,0.941,80,129,SYNTHETIC_DEMO
NEWS00985,Labor Disruption,EVENT,LABOR DISRUPTION,0.971,52,125,SYNTHETIC_DEMO
NEWS00986,Supplier 0986,ORG,SUPPLIER 0986,0.867,26,119,SYNTHETIC_DEMO
NEWS00987,Location 0987,GPE,LOCATION 0987,0.963,45,148,SYNTHETIC_DEMO
NEWS00988,Location 0988,LOC,LOCATION 0988,0.941,11,137,SYNTHETIC_DEMO
NEWS00989,Product 0989,PRODUCT,PRODUCT 0989,0.922,8,138,SYNTHETIC_DEMO
NEWS00990,Flood,EVENT,FLOOD,0.792,19,93,SYNTHETIC_DEMO
NEWS00991,Supplier 0991,ORG,SUPPLIER 0991,0.891,75,92,SYNTHETIC_DEMO
NEWS00992,Location 0992,GPE,LOCATION 0992,0.917,72,131,SYNTHETIC_DEMO
NEWS00993,Location 0993,LOC,LOCATION 0993,0.916,9,155,SYNTHETIC_DEMO
NEWS00994,Product 0994,PRODUCT,PRODUCT 0994,0.847,1,132,SYNTHETIC_DEMO
NEWS00995,Labor Disruption,EVENT,LABOR DISRUPTION,0.786,6,107,SYNTHETIC_DEMO
NEWS00996,Supplier 0996,ORG,SUPPLIER 0996,0.752,69,124,SYNTHETIC_DEMO
NEWS00997,Location 0997,GPE,LOCATION 0997,0.871,72,155,SYNTHETIC_DEMO
NEWS00998,Location 0998,LOC,LOCATION 0998,0.802,5,142,SYNTHETIC_DEMO
NEWS00999,Product 0999,PRODUCT,PRODUCT 0999,0.851,46,94,SYNTHETIC_DEMO
NEWS01000,Flood,EVENT,FLOOD,0.962,56,139,SYNTHETIC_DEMO
NEWS00001,Supplier 0001,ORG,SUPPLIER 0001,0.846,59,152,SYNTHETIC_DEMO
NEWS00002,Location 0002,GPE,LOCATION 0002,0.945,0,147,SYNTHETIC_DEMO
NEWS00003,Location 0003,LOC,LOCATION 0003,0.77,27,123,SYNTHETIC_DEMO
NEWS00004,Product 0004,PRODUCT,PRODUCT 0004,0.947,39,160,SYNTHETIC_DEMO
NEWS00005,Labor Disruption,EVENT,LABOR DISRUPTION,0.818,6,103,SYNTHETIC_DEMO
NEWS00006,Supplier 0006,ORG,SUPPLIER 0006,0.869,53,108,SYNTHETIC_DEMO
NEWS00007,Location 0007,GPE,LOCATION 0007,0.805,58,101,SYNTHETIC_DEMO
NEWS00008,Location 0008,LOC,LOCATION 0008,0.895,29,139,SYNTHETIC_DEMO
NEWS00009,Product 0009,PRODUCT,PRODUCT 0009,0.956,57,99,SYNTHETIC_DEMO
NEWS00010,Flood,EVENT,FLOOD,0.966,57,132,SYNTHETIC_DEMO
NEWS00011,Supplier 0011,ORG,SUPPLIER 0011,0.986,72,119,SYNTHETIC_DEMO
NEWS00012,Location 0012,GPE,LOCATION 0012,0.85,46,123,SYNTHETIC_DEMO
NEWS00013,Location 0013,LOC,LOCATION 0013,0.985,27,128,SYNTHETIC_DEMO
NEWS00014,Product 0014,PRODUCT,PRODUCT 0014,0.915,71,86,SYNTHETIC_DEMO
NEWS00015,Labor Disruption,EVENT,LABOR DISRUPTION,0.793,4,82,SYNTHETIC_DEMO
NEWS00016,Supplier 0016,ORG,SUPPLIER 0016,0.808,28,94,SYNTHETIC_DEMO
NEWS00017,Location 0017,GPE,LOCATION 0017,0.759,68,112,SYNTHETIC_DEMO
NEWS00018,Location 0018,LOC,LOCATION 0018,0.814,9,86,SYNTHETIC_DEMO
NEWS00019,Product 0019,PRODUCT,PRODUCT 0019,0.772,16,117,SYNTHETIC_DEMO
NEWS00020,Flood,EVENT,FLOOD,0.875,45,105,SYNTHETIC_DEMO
NEWS00021,Supplier 0021,ORG,SUPPLIER 0021,0.984,23,96,SYNTHETIC_DEMO
NEWS00022,Location 0022,GPE,LOCATION 0022,0.894,20,146,SYNTHETIC_DEMO
NEWS00023,Location 0023,LOC,LOCATION 0023,0.783,9,128,SYNTHETIC_DEMO
NEWS00024,Product 0024,PRODUCT,PRODUCT 0024,0.763,34,85,SYNTHETIC_DEMO
NEWS00025,Labor Disruption,EVENT,LABOR DISRUPTION,0.915,21,106,SYNTHETIC_DEMO
NEWS00026,Supplier 0026,ORG,SUPPLIER 0026,0.841,74,91,SYNTHETIC_DEMO
NEWS00027,Location 0027,GPE,LOCATION 0027,0.985,79,121,SYNTHETIC_DEMO
NEWS00028,Location 0028,LOC,LOCATION 0028,0.822,60,158,SYNTHETIC_DEMO
NEWS00029,Product 0029,PRODUCT,PRODUCT 0029,0.902,46,85,SYNTHETIC_DEMO
NEWS00030,Flood,EVENT,FLOOD,0.985,59,119,SYNTHETIC_DEMO
NEWS00031,Supplier 0031,ORG,SUPPLIER 0031,0.808,74,152,SYNTHETIC_DEMO
NEWS00032,Location 0032,GPE,LOCATION 0032,0.786,33,141,SYNTHETIC_DEMO
NEWS00033,Location 0033,LOC,LOCATION 0033,0.891,8,137,SYNTHETIC_DEMO
NEWS00034,Product 0034,PRODUCT,PRODUCT 0034,0.851,63,155,SYNTHETIC_DEMO
NEWS00035,Labor Disruption,EVENT,LABOR DISRUPTION,0.777,14,105,SYNTHETIC_DEMO
NEWS00036,Supplier 0036,ORG,SUPPLIER 0036,0.921,72,99,SYNTHETIC_DEMO
NEWS00037,Location 0037,GPE,LOCATION 0037,0.966,18,100,SYNTHETIC_DEMO
NEWS00038,Location 0038,LOC,LOCATION 0038,0.935,15,139,SYNTHETIC_DEMO
NEWS00039,Product 0039,PRODUCT,PRODUCT 0039,0.845,15,157,SYNTHETIC_DEMO
NEWS00040,Flood,EVENT,FLOOD,0.843,7,83,SYNTHETIC_DEMO
NEWS00041,Supplier 0041,ORG,SUPPLIER 0041,0.81,35,112,SYNTHETIC_DEMO
NEWS00042,Location 0042,GPE,LOCATION 0042,0.794,60,150,SYNTHETIC_DEMO
NEWS00043,Location 0043,LOC,LOCATION 0043,0.847,26,117,SYNTHETIC_DEMO
NEWS00044,Product 0044,PRODUCT,PRODUCT 0044,0.899,4,118,SYNTHETIC_DEMO
NEWS00045,Labor Disruption,EVENT,LABOR DISRUPTION,0.864,37,155,SYNTHETIC_DEMO
NEWS00046,Supplier 0046,ORG,SUPPLIER 0046,0.865,76,110,SYNTHETIC_DEMO
NEWS00047,Location 0047,GPE,LOCATION 0047,0.764,70,157,SYNTHETIC_DEMO
NEWS00048,Location 0048,LOC,LOCATION 0048,0.805,68,134,SYNTHETIC_DEMO
NEWS00049,Product 0049,PRODUCT,PRODUCT 0049,0.855,60,123,SYNTHETIC_DEMO
NEWS00050,Flood,EVENT,FLOOD,0.824,48,123,SYNTHETIC_DEMO
NEWS00051,Supplier 0051,ORG,SUPPLIER 0051,0.95,34,106,SYNTHETIC_DEMO
NEWS00052,Location 0052,GPE,LOCATION 0052,0.78,37,115,SYNTHETIC_DEMO
NEWS00053,Location 0053,LOC,LOCATION 0053,0.833,12,100,SYNTHETIC_DEMO
NEWS00054,Product 0054,PRODUCT,PRODUCT 0054,0.864,42,103,SYNTHETIC_DEMO
NEWS00055,Labor Disruption,EVENT,LABOR DISRUPTION,0.754,30,140,SYNTHETIC_DEMO
NEWS00056,Supplier 0056,ORG,SUPPLIER 0056,0.913,74,146,SYNTHETIC_DEMO
NEWS00057,Location 0057,GPE,LOCATION 0057,0.88,68,152,SYNTHETIC_DEMO
NEWS00058,Location 0058,LOC,LOCATION 0058,0.762,42,97,SYNTHETIC_DEMO
NEWS00059,Product 0059,PRODUCT,PRODUCT 0059,0.901,44,101,SYNTHETIC_DEMO
NEWS00060,Flood,EVENT,FLOOD,0.972,66,140,SYNTHETIC_DEMO
NEWS00061,Supplier 0061,ORG,SUPPLIER 0061,0.938,75,138,SYNTHETIC_DEMO
NEWS00062,Location 0062,GPE,LOCATION 0062,0.956,26,100,SYNTHETIC_DEMO
NEWS00063,Location 0063,LOC,LOCATION 0063,0.962,63,115,SYNTHETIC_DEMO
NEWS00064,Product 0064,PRODUCT,PRODUCT 0064,0.978,9,157,SYNTHETIC_DEMO
NEWS00065,Labor Disruption,EVENT,LABOR DISRUPTION,0.77,79,117,SYNTHETIC_DEMO
NEWS00066,Supplier 0066,ORG,SUPPLIER 0066,0.855,17,82,SYNTHETIC_DEMO
NEWS00067,Location 0067,GPE,LOCATION 0067,0.765,61,102,SYNTHETIC_DEMO
NEWS00068,Location 0068,LOC,LOCATION 0068,0.813,55,128,SYNTHETIC_DEMO
NEWS00069,Product 0069,PRODUCT,PRODUCT 0069,0.863,33,154,SYNTHETIC_DEMO
NEWS00070,Flood,EVENT,FLOOD,0.916,47,155,SYNTHETIC_DEMO
NEWS00071,Supplier 0071,ORG,SUPPLIER 0071,0.937,30,103,SYNTHETIC_DEMO
NEWS00072,Location 0072,GPE,LOCATION 0072,0.88,23,91,SYNTHETIC_DEMO
NEWS00073,Location 0073,LOC,LOCATION 0073,0.877,76,96,SYNTHETIC_DEMO
NEWS00074,Product 0074,PRODUCT,PRODUCT 0074,0.827,46,86,SYNTHETIC_DEMO
NEWS00075,Labor Disruption,EVENT,LABOR DISRUPTION,0.924,80,108,SYNTHETIC_DEMO
NEWS00076,Supplier 0076,ORG,SUPPLIER 0076,0.933,22,147,SYNTHETIC_DEMO
NEWS00077,Location 0077,GPE,LOCATION 0077,0.833,31,101,SYNTHETIC_DEMO
NEWS00078,Location 0078,LOC,LOCATION 0078,0.83,46,117,SYNTHETIC_DEMO
NEWS00079,Product 0079,PRODUCT,PRODUCT 0079,0.915,69,105,SYNTHETIC_DEMO
NEWS00080,Flood,EVENT,FLOOD,0.959,7,157,SYNTHETIC_DEMO
NEWS00081,Supplier 0081,ORG,SUPPLIER 0081,0.941,54,91,SYNTHETIC_DEMO
NEWS00082,Location 0082,GPE,LOCATION 0082,0.968,69,90,SYNTHETIC_DEMO
NEWS00083,Location 0083,LOC,LOCATION 0083,0.972,46,155,SYNTHETIC_DEMO
NEWS00084,Product 0084,PRODUCT,PRODUCT 0084,0.845,23,150,SYNTHETIC_DEMO
NEWS00085,Labor Disruption,EVENT,LABOR DISRUPTION,0.828,75,107,SYNTHETIC_DEMO
NEWS00086,Supplier 0086,ORG,SUPPLIER 0086,0.984,66,124,SYNTHETIC_DEMO
NEWS00087,Location 0087,GPE,LOCATION 0087,0.814,9,91,SYNTHETIC_DEMO
NEWS00088,Location 0088,LOC,LOCATION 0088,0.822,43,160,SYNTHETIC_DEMO
NEWS00089,Product 0089,PRODUCT,PRODUCT 0089,0.899,61,117,SYNTHETIC_DEMO
NEWS00090,Flood,EVENT,FLOOD,0.854,54,157,SYNTHETIC_DEMO
NEWS00091,Supplier 0091,ORG,SUPPLIER 0091,0.983,70,131,SYNTHETIC_DEMO
NEWS00092,Location 0092,GPE,LOCATION 0092,0.926,66,85,SYNTHETIC_DEMO
NEWS00093,Location 0093,LOC,LOCATION 0093,0.931,79,123,SYNTHETIC_DEMO
NEWS00094,Product 0094,PRODUCT,PRODUCT 0094,0.93,28,110,SYNTHETIC_DEMO
NEWS00095,Labor Disruption,EVENT,LABOR DISRUPTION,0.939,30,118,SYNTHETIC_DEMO
NEWS00096,Supplier 0096,ORG,SUPPLIER 0096,0.938,15,149,SYNTHETIC_DEMO
NEWS00097,Location 0097,GPE,LOCATION 0097,0.851,30,153,SYNTHETIC_DEMO
NEWS00098,Location 0098,LOC,LOCATION 0098,0.989,60,99,SYNTHETIC_DEMO
NEWS00099,Product 0099,PRODUCT,PRODUCT 0099,0.794,43,124,SYNTHETIC_DEMO
NEWS00100,Flood,EVENT,FLOOD,0.87,39,109,SYNTHETIC_DEMO
NEWS00101,Supplier 0101,ORG,SUPPLIER 0101,0.812,59,109,SYNTHETIC_DEMO
NEWS00102,Location 0102,GPE,LOCATION 0102,0.985,47,114,SYNTHETIC_DEMO
NEWS00103,Location 0103,LOC,LOCATION 0103,0.864,71,132,SYNTHETIC_DEMO
NEWS00104,Product 0104,PRODUCT,PRODUCT 0104,0.987,51,109,SYNTHETIC_DEMO
NEWS00105,Labor Disruption,EVENT,LABOR DISRUPTION,0.926,59,158,SYNTHETIC_DEMO
NEWS00106,Supplier 0106,ORG,SUPPLIER 0106,0.986,24,102,SYNTHETIC_DEMO
NEWS00107,Location 0107,GPE,LOCATION 0107,0.909,75,94,SYNTHETIC_DEMO
NEWS00108,Location 0108,LOC,LOCATION 0108,0.876,0,95,SYNTHETIC_DEMO
NEWS00109,Product 0109,PRODUCT,PRODUCT 0109,0.767,63,141,SYNTHETIC_DEMO
NEWS00110,Flood,EVENT,FLOOD,0.801,55,82,SYNTHETIC_DEMO
NEWS00111,Supplier 0111,ORG,SUPPLIER 0111,0.763,58,123,SYNTHETIC_DEMO
NEWS00112,Location 0112,GPE,LOCATION 0112,0.794,50,150,SYNTHETIC_DEMO
NEWS00113,Location 0113,LOC,LOCATION 0113,0.816,79,127,SYNTHETIC_DEMO
NEWS00114,Product 0114,PRODUCT,PRODUCT 0114,0.843,71,109,SYNTHETIC_DEMO
NEWS00115,Labor Disruption,EVENT,LABOR DISRUPTION,0.881,11,95,SYNTHETIC_DEMO
NEWS00116,Supplier 0116,ORG,SUPPLIER 0116,0.837,49,111,SYNTHETIC_DEMO
NEWS00117,Location 0117,GPE,LOCATION 0117,0.762,39,139,SYNTHETIC_DEMO
NEWS00118,Location 0118,LOC,LOCATION 0118,0.867,48,112,SYNTHETIC_DEMO
NEWS00119,Product 0119,PRODUCT,PRODUCT 0119,0.814,17,89,SYNTHETIC_DEMO
NEWS00120,Flood,EVENT,FLOOD,0.965,78,133,SYNTHETIC_DEMO
NEWS00121,Supplier 0121,ORG,SUPPLIER 0121,0.802,33,98,SYNTHETIC_DEMO
NEWS00122,Location 0122,GPE,LOCATION 0122,0.927,42,113,SYNTHETIC_DEMO
NEWS00123,Location 0123,LOC,LOCATION 0123,0.978,16,96,SYNTHETIC_DEMO
NEWS00124,Product 0124,PRODUCT,PRODUCT 0124,0.78,28,87,SYNTHETIC_DEMO
NEWS00125,Labor Disruption,EVENT,LABOR DISRUPTION,0.953,24,90,SYNTHETIC_DEMO
NEWS00126,Supplier 0126,ORG,SUPPLIER 0126,0.947,15,135,SYNTHETIC_DEMO
NEWS00127,Location 0127,GPE,LOCATION 0127,0.793,10,138,SYNTHETIC_DEMO
NEWS00128,Location 0128,LOC,LOCATION 0128,0.97,30,101,SYNTHETIC_DEMO
NEWS00129,Product 0129,PRODUCT,PRODUCT 0129,0.857,65,107,SYNTHETIC_DEMO
NEWS00130,Flood,EVENT,FLOOD,0.964,50,124,SYNTHETIC_DEMO
NEWS00131,Supplier 0131,ORG,SUPPLIER 0131,0.883,78,103,SYNTHETIC_DEMO
NEWS00132,Location 0132,GPE,LOCATION 0132,0.942,30,116,SYNTHETIC_DEMO
NEWS00133,Location 0133,LOC,LOCATION 0133,0.968,65,153,SYNTHETIC_DEMO
NEWS00134,Product 0134,PRODUCT,PRODUCT 0134,0.916,16,99,SYNTHETIC_DEMO
NEWS00135,Labor Disruption,EVENT,LABOR DISRUPTION,0.755,70,108,SYNTHETIC_DEMO
NEWS00136,Supplier 0136,ORG,SUPPLIER 0136,0.841,19,104,SYNTHETIC_DEMO
NEWS00137,Location 0137,GPE,LOCATION 0137,0.969,52,154,SYNTHETIC_DEMO
NEWS00138,Location 0138,LOC,LOCATION 0138,0.899,38,94,SYNTHETIC_DEMO
NEWS00139,Product 0139,PRODUCT,PRODUCT 0139,0.867,22,125,SYNTHETIC_DEMO
NEWS00140,Flood,EVENT,FLOOD,0.935,69,131,SYNTHETIC_DEMO
NEWS00141,Supplier 0141,ORG,SUPPLIER 0141,0.829,79,119,SYNTHETIC_DEMO
NEWS00142,Location 0142,GPE,LOCATION 0142,0.762,23,139,SYNTHETIC_DEMO
NEWS00143,Location 0143,LOC,LOCATION 0143,0.751,73,91,SYNTHETIC_DEMO
NEWS00144,Product 0144,PRODUCT,PRODUCT 0144,0.972,27,96,SYNTHETIC_DEMO
NEWS00145,Labor Disruption,EVENT,LABOR DISRUPTION,0.762,30,109,SYNTHETIC_DEMO
NEWS00146,Supplier 0146,ORG,SUPPLIER 0146,0.831,6,141,SYNTHETIC_DEMO
NEWS00147,Location 0147,GPE,LOCATION 0147,0.902,54,123,SYNTHETIC_DEMO
NEWS00148,Location 0148,LOC,LOCATION 0148,0.806,27,143,SYNTHETIC_DEMO
NEWS00149,Product 0149,PRODUCT,PRODUCT 0149,0.916,22,121,SYNTHETIC_DEMO
NEWS00150,Flood,EVENT,FLOOD,0.768,63,116,SYNTHETIC_DEMO
NEWS00151,Supplier 0151,ORG,SUPPLIER 0151,0.754,38,99,SYNTHETIC_DEMO
NEWS00152,Location 0152,GPE,LOCATION 0152,0.803,58,131,SYNTHETIC_DEMO
NEWS00153,Location 0153,LOC,LOCATION 0153,0.761,24,94,SYNTHETIC_DEMO
NEWS00154,Product 0154,PRODUCT,PRODUCT 0154,0.775,58,138,SYNTHETIC_DEMO
NEWS00155,Labor Disruption,EVENT,LABOR DISRUPTION,0.879,29,116,SYNTHETIC_DEMO
NEWS00156,Supplier 0156,ORG,SUPPLIER 0156,0.852,19,108,SYNTHETIC_DEMO
NEWS00157,Location 0157,GPE,LOCATION 0157,0.936,55,109,SYNTHETIC_DEMO
NEWS00158,Location 0158,LOC,LOCATION 0158,0.929,57,128,SYNTHETIC_DEMO
NEWS00159,Product 0159,PRODUCT,PRODUCT 0159,0.858,22,119,SYNTHETIC_DEMO
NEWS00160,Flood,EVENT,FLOOD,0.936,22,125,SYNTHETIC_DEMO
NEWS00161,Supplier 0161,ORG,SUPPLIER 0161,0.894,34,160,SYNTHETIC_DEMO
NEWS00162,Location 0162,GPE,LOCATION 0162,0.923,54,101,SYNTHETIC_DEMO
NEWS00163,Location 0163,LOC,LOCATION 0163,0.899,17,155,SYNTHETIC_DEMO
NEWS00164,Product 0164,PRODUCT,PRODUCT 0164,0.886,51,120,SYNTHETIC_DEMO
NEWS00165,Labor Disruption,EVENT,LABOR DISRUPTION,0.926,49,128,SYNTHETIC_DEMO
NEWS00166,Supplier 0166,ORG,SUPPLIER 0166,0.933,31,146,SYNTHETIC_DEMO
NEWS00167,Location 0167,GPE,LOCATION 0167,0.85,39,142,SYNTHETIC_DEMO
NEWS00168,Location 0168,LOC,LOCATION 0168,0.849,1,104,SYNTHETIC_DEMO
NEWS00169,Product 0169,PRODUCT,PRODUCT 0169,0.881,74,156,SYNTHETIC_DEMO
NEWS00170,Flood,EVENT,FLOOD,0.789,54,155,SYNTHETIC_DEMO
NEWS00171,Supplier 0171,ORG,SUPPLIER 0171,0.919,13,119,SYNTHETIC_DEMO
NEWS00172,Location 0172,GPE,LOCATION 0172,0.926,27,153,SYNTHETIC_DEMO
NEWS00173,Location 0173,LOC,LOCATION 0173,0.949,23,105,SYNTHETIC_DEMO
NEWS00174,Product 0174,PRODUCT,PRODUCT 0174,0.789,28,151,SYNTHETIC_DEMO
NEWS00175,Labor Disruption,EVENT,LABOR DISRUPTION,0.962,78,85,SYNTHETIC_DEMO
NEWS00176,Supplier 0176,ORG,SUPPLIER 0176,0.874,79,113,SYNTHETIC_DEMO
NEWS00177,Location 0177,GPE,LOCATION 0177,0.905,59,104,SYNTHETIC_DEMO
NEWS00178,Location 0178,LOC,LOCATION 0178,0.933,65,158,SYNTHETIC_DEMO
NEWS00179,Product 0179,PRODUCT,PRODUCT 0179,0.763,5,105,SYNTHETIC_DEMO
NEWS00180,Flood,EVENT,FLOOD,0.977,8,119,SYNTHETIC_DEMO
NEWS00181,Supplier 0181,ORG,SUPPLIER 0181,0.804,37,95,SYNTHETIC_DEMO
NEWS00182,Location 0182,GPE,LOCATION 0182,0.948,57,108,SYNTHETIC_DEMO
NEWS00183,Location 0183,LOC,LOCATION 0183,0.836,71,87,SYNTHETIC_DEMO
NEWS00184,Product 0184,PRODUCT,PRODUCT 0184,0.864,40,112,SYNTHETIC_DEMO
NEWS00185,Labor Disruption,EVENT,LABOR DISRUPTION,0.937,28,82,SYNTHETIC_DEMO
NEWS00186,Supplier 0186,ORG,SUPPLIER 0186,0.755,20,124,SYNTHETIC_DEMO
NEWS00187,Location 0187,GPE,LOCATION 0187,0.82,28,108,SYNTHETIC_DEMO
NEWS00188,Location 0188,LOC,LOCATION 0188,0.788,20,87,SYNTHETIC_DEMO
NEWS00189,Product 0189,PRODUCT,PRODUCT 0189,0.832,26,121,SYNTHETIC_DEMO
NEWS00190,Flood,EVENT,FLOOD,0.931,1,95,SYNTHETIC_DEMO
NEWS00191,Supplier 0191,ORG,SUPPLIER 0191,0.751,77,123,SYNTHETIC_DEMO
NEWS00192,Location 0192,GPE,LOCATION 0192,0.867,28,103,SYNTHETIC_DEMO
NEWS00193,Location 0193,LOC,LOCATION 0193,0.954,39,96,SYNTHETIC_DEMO
NEWS00194,Product 0194,PRODUCT,PRODUCT 0194,0.837,78,106,SYNTHETIC_DEMO
NEWS00195,Labor Disruption,EVENT,LABOR DISRUPTION,0.861,59,101,SYNTHETIC_DEMO
NEWS00196,Supplier 0196,ORG,SUPPLIER 0196,0.889,55,92,SYNTHETIC_DEMO
NEWS00197,Location 0197,GPE,LOCATION 0197,0.764,64,87,SYNTHETIC_DEMO
NEWS00198,Location 0198,LOC,LOCATION 0198,0.819,37,118,SYNTHETIC_DEMO
NEWS00199,Product 0199,PRODUCT,PRODUCT 0199,0.784,75,86,SYNTHETIC_DEMO
NEWS00200,Flood,EVENT,FLOOD,0.816,64,113,SYNTHETIC_DEMO
NEWS00201,Supplier 0201,ORG,SUPPLIER 0201,0.836,56,96,SYNTHETIC_DEMO
NEWS00202,Location 0202,GPE,LOCATION 0202,0.811,12,144,SYNTHETIC_DEMO
NEWS00203,Location 0203,LOC,LOCATION 0203,0.959,43,105,SYNTHETIC_DEMO
NEWS00204,Product 0204,PRODUCT,PRODUCT 0204,0.945,23,138,SYNTHETIC_DEMO
NEWS00205,Labor Disruption,EVENT,LABOR DISRUPTION,0.903,47,92,SYNTHETIC_DEMO
NEWS00206,Supplier 0206,ORG,SUPPLIER 0206,0.948,56,138,SYNTHETIC_DEMO
NEWS00207,Location 0207,GPE,LOCATION 0207,0.809,74,132,SYNTHETIC_DEMO
NEWS00208,Location 0208,LOC,LOCATION 0208,0.759,33,108,SYNTHETIC_DEMO
NEWS00209,Product 0209,PRODUCT,PRODUCT 0209,0.817,3,106,SYNTHETIC_DEMO
NEWS00210,Flood,EVENT,FLOOD,0.755,32,108,SYNTHETIC_DEMO
NEWS00211,Supplier 0211,ORG,SUPPLIER 0211,0.924,26,90,SYNTHETIC_DEMO
NEWS00212,Location 0212,GPE,LOCATION 0212,0.899,3,97,SYNTHETIC_DEMO
NEWS00213,Location 0213,LOC,LOCATION 0213,0.815,43,124,SYNTHETIC_DEMO
NEWS00214,Product 0214,PRODUCT,PRODUCT 0214,0.96,44,142,SYNTHETIC_DEMO
NEWS00215,Labor Disruption,EVENT,LABOR DISRUPTION,0.957,57,137,SYNTHETIC_DEMO
NEWS00216,Supplier 0216,ORG,SUPPLIER 0216,0.779,77,96,SYNTHETIC_DEMO
NEWS00217,Location 0217,GPE,LOCATION 0217,0.833,45,156,SYNTHETIC_DEMO
NEWS00218,Location 0218,LOC,LOCATION 0218,0.869,23,115,SYNTHETIC_DEMO
NEWS00219,Product 0219,PRODUCT,PRODUCT 0219,0.778,3,137,SYNTHETIC_DEMO
NEWS00220,Flood,EVENT,FLOOD,0.859,11,109,SYNTHETIC_DEMO
NEWS00221,Supplier 0221,ORG,SUPPLIER 0221,0.981,28,159,SYNTHETIC_DEMO
NEWS00222,Location 0222,GPE,LOCATION 0222,0.841,17,119,SYNTHETIC_DEMO
NEWS00223,Location 0223,LOC,LOCATION 0223,0.921,11,116,SYNTHETIC_DEMO
NEWS00224,Product 0224,PRODUCT,PRODUCT 0224,0.779,77,119,SYNTHETIC_DEMO
NEWS00225,Labor Disruption,EVENT,LABOR DISRUPTION,0.837,32,155,SYNTHETIC_DEMO
NEWS00226,Supplier 0226,ORG,SUPPLIER 0226,0.936,40,124,SYNTHETIC_DEMO
NEWS00227,Location 0227,GPE,LOCATION 0227,0.936,56,129,SYNTHETIC_DEMO
NEWS00228,Location 0228,LOC,LOCATION 0228,0.893,13,138,SYNTHETIC_DEMO
NEWS00229,Product 0229,PRODUCT,PRODUCT 0229,0.872,56,153,SYNTHETIC_DEMO
NEWS00230,Flood,EVENT,FLOOD,0.897,33,114,SYNTHETIC_DEMO
NEWS00231,Supplier 0231,ORG,SUPPLIER 0231,0.854,42,84,SYNTHETIC_DEMO
NEWS00232,Location 0232,GPE,LOCATION 0232,0.765,20,83,SYNTHETIC_DEMO
NEWS00233,Location 0233,LOC,LOCATION 0233,0.753,77,87,SYNTHETIC_DEMO
NEWS00234,Product 0234,PRODUCT,PRODUCT 0234,0.933,14,156,SYNTHETIC_DEMO
NEWS00235,Labor Disruption,EVENT,LABOR DISRUPTION,0.926,79,119,SYNTHETIC_DEMO
NEWS00236,Supplier 0236,ORG,SUPPLIER 0236,0.822,37,125,SYNTHETIC_DEMO
NEWS00237,Location 0237,GPE,LOCATION 0237,0.917,50,144,SYNTHETIC_DEMO
NEWS00238,Location 0238,LOC,LOCATION 0238,0.752,0,85,SYNTHETIC_DEMO
NEWS00239,Product 0239,PRODUCT,PRODUCT 0239,0.881,0,134,SYNTHETIC_DEMO
NEWS00240,Flood,EVENT,FLOOD,0.843,18,123,SYNTHETIC_DEMO
NEWS00241,Supplier 0241,ORG,SUPPLIER 0241,0.823,48,88,SYNTHETIC_DEMO
NEWS00242,Location 0242,GPE,LOCATION 0242,0.788,40,137,SYNTHETIC_DEMO
NEWS00243,Location 0243,LOC,LOCATION 0243,0.92,50,137,SYNTHETIC_DEMO
NEWS00244,Product 0244,PRODUCT,PRODUCT 0244,0.819,59,107,SYNTHETIC_DEMO
NEWS00245,Labor Disruption,EVENT,LABOR DISRUPTION,0.901,21,158,SYNTHETIC_DEMO
NEWS00246,Supplier 0246,ORG,SUPPLIER 0246,0.761,5,145,SYNTHETIC_DEMO
NEWS00247,Location 0247,GPE,LOCATION 0247,0.798,38,100,SYNTHETIC_DEMO
NEWS00248,Location 0248,LOC,LOCATION 0248,0.768,59,158,SYNTHETIC_DEMO
NEWS00249,Product 0249,PRODUCT,PRODUCT 0249,0.825,19,138,SYNTHETIC_DEMO
NEWS00250,Flood,EVENT,FLOOD,0.797,53,82,SYNTHETIC_DEMO
NEWS00251,Supplier 0251,ORG,SUPPLIER 0251,0.819,77,96,SYNTHETIC_DEMO
NEWS00252,Location 0252,GPE,LOCATION 0252,0.831,4,111,SYNTHETIC_DEMO
NEWS00253,Location 0253,LOC,LOCATION 0253,0.918,60,86,SYNTHETIC_DEMO
NEWS00254,Product 0254,PRODUCT,PRODUCT 0254,0.804,21,125,SYNTHETIC_DEMO
NEWS00255,Labor Disruption,EVENT,LABOR DISRUPTION,0.751,49,149,SYNTHETIC_DEMO
NEWS00256,Supplier 0256,ORG,SUPPLIER 0256,0.804,78,126,SYNTHETIC_DEMO
NEWS00257,Location 0257,GPE,LOCATION 0257,0.925,39,100,SYNTHETIC_DEMO
NEWS00258,Location 0258,LOC,LOCATION 0258,0.98,19,129,SYNTHETIC_DEMO
NEWS00259,Product 0259,PRODUCT,PRODUCT 0259,0.858,65,107,SYNTHETIC_DEMO
NEWS00260,Flood,EVENT,FLOOD,0.764,58,135,SYNTHETIC_DEMO
NEWS00261,Supplier 0261,ORG,SUPPLIER 0261,0.851,24,83,SYNTHETIC_DEMO
NEWS00262,Location 0262,GPE,LOCATION 0262,0.766,44,115,SYNTHETIC_DEMO
NEWS00263,Location 0263,LOC,LOCATION 0263,0.819,61,118,SYNTHETIC_DEMO
NEWS00264,Product 0264,PRODUCT,PRODUCT 0264,0.929,25,93,SYNTHETIC_DEMO
NEWS00265,Labor Disruption,EVENT,LABOR DISRUPTION,0.753,18,143,SYNTHETIC_DEMO
NEWS00266,Supplier 0266,ORG,SUPPLIER 0266,0.962,53,130,SYNTHETIC_DEMO
NEWS00267,Location 0267,GPE,LOCATION 0267,0.969,64,92,SYNTHETIC_DEMO
NEWS00268,Location 0268,LOC,LOCATION 0268,0.935,27,156,SYNTHETIC_DEMO
NEWS00269,Product 0269,PRODUCT,PRODUCT 0269,0.973,49,118,SYNTHETIC_DEMO
NEWS00270,Flood,EVENT,FLOOD,0.808,32,123,SYNTHETIC_DEMO
NEWS00271,Supplier 0271,ORG,SUPPLIER 0271,0.926,22,101,SYNTHETIC_DEMO
NEWS00272,Location 0272,GPE,LOCATION 0272,0.864,1,91,SYNTHETIC_DEMO
NEWS00273,Location 0273,LOC,LOCATION 0273,0.769,47,107,SYNTHETIC_DEMO
NEWS00274,Product 0274,PRODUCT,PRODUCT 0274,0.958,74,112,SYNTHETIC_DEMO
NEWS00275,Labor Disruption,EVENT,LABOR DISRUPTION,0.856,1,84,SYNTHETIC_DEMO
NEWS00276,Supplier 0276,ORG,SUPPLIER 0276,0.861,59,90,SYNTHETIC_DEMO
NEWS00277,Location 0277,GPE,LOCATION 0277,0.964,39,97,SYNTHETIC_DEMO
NEWS00278,Location 0278,LOC,LOCATION 0278,0.975,45,99,SYNTHETIC_DEMO
NEWS00279,Product 0279,PRODUCT,PRODUCT 0279,0.99,39,148,SYNTHETIC_DEMO
NEWS00280,Flood,EVENT,FLOOD,0.812,71,154,SYNTHETIC_DEMO
NEWS00281,Supplier 0281,ORG,SUPPLIER 0281,0.892,73,143,SYNTHETIC_DEMO
NEWS00282,Location 0282,GPE,LOCATION 0282,0.781,69,126,SYNTHETIC_DEMO
NEWS00283,Location 0283,LOC,LOCATION 0283,0.795,42,127,SYNTHETIC_DEMO
NEWS00284,Product 0284,PRODUCT,PRODUCT 0284,0.76,56,117,SYNTHETIC_DEMO
NEWS00285,Labor Disruption,EVENT,LABOR DISRUPTION,0.92,15,131,SYNTHETIC_DEMO
NEWS00286,Supplier 0286,ORG,SUPPLIER 0286,0.815,38,116,SYNTHETIC_DEMO
NEWS00287,Location 0287,GPE,LOCATION 0287,0.772,32,106,SYNTHETIC_DEMO
NEWS00288,Location 0288,LOC,LOCATION 0288,0.831,34,153,SYNTHETIC_DEMO
NEWS00289,Product 0289,PRODUCT,PRODUCT 0289,0.969,46,146,SYNTHETIC_DEMO
NEWS00290,Flood,EVENT,FLOOD,0.897,34,156,SYNTHETIC_DEMO
NEWS00291,Supplier 0291,ORG,SUPPLIER 0291,0.974,17,152,SYNTHETIC_DEMO
NEWS00292,Location 0292,GPE,LOCATION 0292,0.911,22,95,SYNTHETIC_DEMO
NEWS00293,Location 0293,LOC,LOCATION 0293,0.873,75,92,SYNTHETIC_DEMO
NEWS00294,Product 0294,PRODUCT,PRODUCT 0294,0.978,51,119,SYNTHETIC_DEMO
NEWS00295,Labor Disruption,EVENT,LABOR DISRUPTION,0.84,49,113,SYNTHETIC_DEMO
NEWS00296,Supplier 0296,ORG,SUPPLIER 0296,0.829,47,83,SYNTHETIC_DEMO
NEWS00297,Location 0297,GPE,LOCATION 0297,0.888,47,156,SYNTHETIC_DEMO
NEWS00298,Location 0298,LOC,LOCATION 0298,0.791,70,95,SYNTHETIC_DEMO
NEWS00299,Product 0299,PRODUCT,PRODUCT 0299,0.892,42,151,SYNTHETIC_DEMO
NEWS00300,Flood,EVENT,FLOOD,0.823,59,121,SYNTHETIC_DEMO
NEWS00301,Supplier 0301,ORG,SUPPLIER 0301,0.837,64,155,SYNTHETIC_DEMO
NEWS00302,Location 0302,GPE,LOCATION 0302,0.764,15,102,SYNTHETIC_DEMO
NEWS00303,Location 0303,LOC,LOCATION 0303,0.858,24,138,SYNTHETIC_DEMO
NEWS00304,Product 0304,PRODUCT,PRODUCT 0304,0.955,4,152,SYNTHETIC_DEMO
NEWS00305,Labor Disruption,EVENT,LABOR DISRUPTION,0.879,53,113,SYNTHETIC_DEMO
NEWS00306,Supplier 0306,ORG,SUPPLIER 0306,0.977,6,160,SYNTHETIC_DEMO
NEWS00307,Location 0307,GPE,LOCATION 0307,0.765,20,84,SYNTHETIC_DEMO
NEWS00308,Location 0308,LOC,LOCATION 0308,0.907,61,90,SYNTHETIC_DEMO
NEWS00309,Product 0309,PRODUCT,PRODUCT 0309,0.927,72,82,SYNTHETIC_DEMO
NEWS00310,Flood,EVENT,FLOOD,0.907,19,114,SYNTHETIC_DEMO
NEWS00311,Supplier 0311,ORG,SUPPLIER 0311,0.857,21,147,SYNTHETIC_DEMO
NEWS00312,Location 0312,GPE,LOCATION 0312,0.795,9,122,SYNTHETIC_DEMO
NEWS00313,Location 0313,LOC,LOCATION 0313,0.911,69,115,SYNTHETIC_DEMO
NEWS00314,Product 0314,PRODUCT,PRODUCT 0314,0.943,69,108,SYNTHETIC_DEMO
NEWS00315,Labor Disruption,EVENT,LABOR DISRUPTION,0.971,73,120,SYNTHETIC_DEMO
NEWS00316,Supplier 0316,ORG,SUPPLIER 0316,0.958,65,155,SYNTHETIC_DEMO
NEWS00317,Location 0317,GPE,LOCATION 0317,0.885,42,118,SYNTHETIC_DEMO
NEWS00318,Location 0318,LOC,LOCATION 0318,0.861,74,113,SYNTHETIC_DEMO
NEWS00319,Product 0319,PRODUCT,PRODUCT 0319,0.761,16,141,SYNTHETIC_DEMO
NEWS00320,Flood,EVENT,FLOOD,0.964,20,157,SYNTHETIC_DEMO
NEWS00321,Supplier 0321,ORG,SUPPLIER 0321,0.802,31,114,SYNTHETIC_DEMO
NEWS00322,Location 0322,GPE,LOCATION 0322,0.798,53,123,SYNTHETIC_DEMO
NEWS00323,Location 0323,LOC,LOCATION 0323,0.868,22,145,SYNTHETIC_DEMO
NEWS00324,Product 0324,PRODUCT,PRODUCT 0324,0.844,64,97,SYNTHETIC_DEMO
NEWS00325,Labor Disruption,EVENT,LABOR DISRUPTION,0.92,38,86,SYNTHETIC_DEMO
NEWS00326,Supplier 0326,ORG,SUPPLIER 0326,0.771,0,133,SYNTHETIC_DEMO
NEWS00327,Location 0327,GPE,LOCATION 0327,0.872,30,109,SYNTHETIC_DEMO
NEWS00328,Location 0328,LOC,LOCATION 0328,0.83,37,158,SYNTHETIC_DEMO
NEWS00329,Product 0329,PRODUCT,PRODUCT 0329,0.963,55,85,SYNTHETIC_DEMO
NEWS00330,Flood,EVENT,FLOOD,0.974,34,154,SYNTHETIC_DEMO
NEWS00331,Supplier 0331,ORG,SUPPLIER 0331,0.968,39,107,SYNTHETIC_DEMO
NEWS00332,Location 0332,GPE,LOCATION 0332,0.944,52,123,SYNTHETIC_DEMO
NEWS00333,Location 0333,LOC,LOCATION 0333,0.864,70,101,SYNTHETIC_DEMO
NEWS00334,Product 0334,PRODUCT,PRODUCT 0334,0.963,61,84,SYNTHETIC_DEMO
NEWS00335,Labor Disruption,EVENT,LABOR DISRUPTION,0.989,19,86,SYNTHETIC_DEMO
NEWS00336,Supplier 0336,ORG,SUPPLIER 0336,0.906,78,154,SYNTHETIC_DEMO
NEWS00337,Location 0337,GPE,LOCATION 0337,0.876,79,93,SYNTHETIC_DEMO
NEWS00338,Location 0338,LOC,LOCATION 0338,0.783,26,90,SYNTHETIC_DEMO
NEWS00339,Product 0339,PRODUCT,PRODUCT 0339,0.967,75,144,SYNTHETIC_DEMO
NEWS00340,Flood,EVENT,FLOOD,0.888,49,132,SYNTHETIC_DEMO
NEWS00341,Supplier 0341,ORG,SUPPLIER 0341,0.896,56,143,SYNTHETIC_DEMO
NEWS00342,Location 0342,GPE,LOCATION 0342,0.969,8,94,SYNTHETIC_DEMO
NEWS00343,Location 0343,LOC,LOCATION 0343,0.919,9,82,SYNTHETIC_DEMO
NEWS00344,Product 0344,PRODUCT,PRODUCT 0344,0.905,26,95,SYNTHETIC_DEMO
NEWS00345,Labor Disruption,EVENT,LABOR DISRUPTION,0.92,40,145,SYNTHETIC_DEMO
NEWS00346,Supplier 0346,ORG,SUPPLIER 0346,0.802,26,81,SYNTHETIC_DEMO
NEWS00347,Location 0347,GPE,LOCATION 0347,0.984,30,119,SYNTHETIC_DEMO
NEWS00348,Location 0348,LOC,LOCATION 0348,0.788,50,99,SYNTHETIC_DEMO
NEWS00349,Product 0349,PRODUCT,PRODUCT 0349,0.963,60,152,SYNTHETIC_DEMO
NEWS00350,Flood,EVENT,FLOOD,0.769,49,84,SYNTHETIC_DEMO
NEWS00351,Supplier 0351,ORG,SUPPLIER 0351,0.895,31,121,SYNTHETIC_DEMO
NEWS00352,Location 0352,GPE,LOCATION 0352,0.756,50,138,SYNTHETIC_DEMO
NEWS00353,Location 0353,LOC,LOCATION 0353,0.916,58,93,SYNTHETIC_DEMO
NEWS00354,Product 0354,PRODUCT,PRODUCT 0354,0.813,31,124,SYNTHETIC_DEMO
NEWS00355,Labor Disruption,EVENT,LABOR DISRUPTION,0.796,69,132,SYNTHETIC_DEMO
NEWS00356,Supplier 0356,ORG,SUPPLIER 0356,0.9,67,119,SYNTHETIC_DEMO
NEWS00357,Location 0357,GPE,LOCATION 0357,0.873,10,149,SYNTHETIC_DEMO
NEWS00358,Location 0358,LOC,LOCATION 0358,0.975,49,104,SYNTHETIC_DEMO
NEWS00359,Product 0359,PRODUCT,PRODUCT 0359,0.948,79,112,SYNTHETIC_DEMO
NEWS00360,Flood,EVENT,FLOOD,0.842,30,137,SYNTHETIC_DEMO
NEWS00361,Supplier 0361,ORG,SUPPLIER 0361,0.859,45,92,SYNTHETIC_DEMO
NEWS00362,Location 0362,GPE,LOCATION 0362,0.939,8,124,SYNTHETIC_DEMO
NEWS00363,Location 0363,LOC,LOCATION 0363,0.764,29,89,SYNTHETIC_DEMO
NEWS00364,Product 0364,PRODUCT,PRODUCT 0364,0.932,56,148,SYNTHETIC_DEMO
NEWS00365,Labor Disruption,EVENT,LABOR DISRUPTION,0.846,5,82,SYNTHETIC_DEMO
NEWS00366,Supplier 0366,ORG,SUPPLIER 0366,0.907,39,135,SYNTHETIC_DEMO
NEWS00367,Location 0367,GPE,LOCATION 0367,0.79,31,113,SYNTHETIC_DEMO
NEWS00368,Location 0368,LOC,LOCATION 0368,0.924,57,116,SYNTHETIC_DEMO
NEWS00369,Product 0369,PRODUCT,PRODUCT 0369,0.837,36,137,SYNTHETIC_DEMO
NEWS00370,Flood,EVENT,FLOOD,0.8,74,88,SYNTHETIC_DEMO
NEWS00371,Supplier 0371,ORG,SUPPLIER 0371,0.8,57,132,SYNTHETIC_DEMO
NEWS00372,Location 0372,GPE,LOCATION 0372,0.972,71,114,SYNTHETIC_DEMO
NEWS00373,Location 0373,LOC,LOCATION 0373,0.959,56,117,SYNTHETIC_DEMO
NEWS00374,Product 0374,PRODUCT,PRODUCT 0374,0.877,3,107,SYNTHETIC_DEMO
NEWS00375,Labor Disruption,EVENT,LABOR DISRUPTION,0.844,77,152,SYNTHETIC_DEMO
NEWS00376,Supplier 0376,ORG,SUPPLIER 0376,0.775,9,148,SYNTHETIC_DEMO
NEWS00377,Location 0377,GPE,LOCATION 0377,0.801,30,83,SYNTHETIC_DEMO
NEWS00378,Location 0378,LOC,LOCATION 0378,0.816,56,118,SYNTHETIC_DEMO
NEWS00379,Product 0379,PRODUCT,PRODUCT 0379,0.9,73,85,SYNTHETIC_DEMO
NEWS00380,Flood,EVENT,FLOOD,0.81,12,99,SYNTHETIC_DEMO
NEWS00381,Supplier 0381,ORG,SUPPLIER 0381,0.949,67,133,SYNTHETIC_DEMO
NEWS00382,Location 0382,GPE,LOCATION 0382,0.981,53,93,SYNTHETIC_DEMO
NEWS00383,Location 0383,LOC,LOCATION 0383,0.758,54,159,SYNTHETIC_DEMO
NEWS00384,Product 0384,PRODUCT,PRODUCT 0384,0.97,72,85,SYNTHETIC_DEMO
NEWS00385,Labor Disruption,EVENT,LABOR DISRUPTION,0.894,67,126,SYNTHETIC_DEMO
NEWS00386,Supplier 0386,ORG,SUPPLIER 0386,0.889,51,88,SYNTHETIC_DEMO
NEWS00387,Location 0387,GPE,LOCATION 0387,0.792,3,84,SYNTHETIC_DEMO
NEWS00388,Location 0388,LOC,LOCATION 0388,0.929,50,141,SYNTHETIC_DEMO
NEWS00389,Product 0389,PRODUCT,PRODUCT 0389,0.912,10,111,SYNTHETIC_DEMO
NEWS00390,Flood,EVENT,FLOOD,0.853,62,138,SYNTHETIC_DEMO
NEWS00391,Supplier 0391,ORG,SUPPLIER 0391,0.873,74,152,SYNTHETIC_DEMO
NEWS00392,Location 0392,GPE,LOCATION 0392,0.765,24,95,SYNTHETIC_DEMO
NEWS00393,Location 0393,LOC,LOCATION 0393,0.914,62,131,SYNTHETIC_DEMO
NEWS00394,Product 0394,PRODUCT,PRODUCT 0394,0.814,78,113,SYNTHETIC_DEMO
NEWS00395,Labor Disruption,EVENT,LABOR DISRUPTION,0.964,51,92,SYNTHETIC_DEMO
NEWS00396,Supplier 0396,ORG,SUPPLIER 0396,0.768,59,91,SYNTHETIC_DEMO
NEWS00397,Location 0397,GPE,LOCATION 0397,0.823,30,82,SYNTHETIC_DEMO
NEWS00398,Location 0398,LOC,LOCATION 0398,0.883,31,152,SYNTHETIC_DEMO
NEWS00399,Product 0399,PRODUCT,PRODUCT 0399,0.876,51,155,SYNTHETIC_DEMO
NEWS00400,Flood,EVENT,FLOOD,0.92,79,111,SYNTHETIC_DEMO
NEWS00401,Supplier 0401,ORG,SUPPLIER 0401,0.827,63,113,SYNTHETIC_DEMO
NEWS00402,Location 0402,GPE,LOCATION 0402,0.95,42,118,SYNTHETIC_DEMO
NEWS00403,Location 0403,LOC,LOCATION 0403,0.916,25,141,SYNTHETIC_DEMO
NEWS00404,Product 0404,PRODUCT,PRODUCT 0404,0.845,36,110,SYNTHETIC_DEMO
NEWS00405,Labor Disruption,EVENT,LABOR DISRUPTION,0.856,2,116,SYNTHETIC_DEMO
NEWS00406,Supplier 0406,ORG,SUPPLIER 0406,0.903,23,127,SYNTHETIC_DEMO
NEWS00407,Location 0407,GPE,LOCATION 0407,0.917,73,144,SYNTHETIC_DEMO
NEWS00408,Location 0408,LOC,LOCATION 0408,0.801,22,86,SYNTHETIC_DEMO
NEWS00409,Product 0409,PRODUCT,PRODUCT 0409,0.782,6,88,SYNTHETIC_DEMO
NEWS00410,Flood,EVENT,FLOOD,0.772,50,158,SYNTHETIC_DEMO
NEWS00411,Supplier 0411,ORG,SUPPLIER 0411,0.806,6,110,SYNTHETIC_DEMO
NEWS00412,Location 0412,GPE,LOCATION 0412,0.87,63,90,SYNTHETIC_DEMO
NEWS00413,Location 0413,LOC,LOCATION 0413,0.794,40,99,SYNTHETIC_DEMO
NEWS00414,Product 0414,PRODUCT,PRODUCT 0414,0.956,38,147,SYNTHETIC_DEMO
NEWS00415,Labor Disruption,EVENT,LABOR DISRUPTION,0.89,77,149,SYNTHETIC_DEMO
NEWS00416,Supplier 0416,ORG,SUPPLIER 0416,0.854,20,109,SYNTHETIC_DEMO
NEWS00417,Location 0417,GPE,LOCATION 0417,0.914,18,91,SYNTHETIC_DEMO
NEWS00418,Location 0418,LOC,LOCATION 0418,0.808,28,93,SYNTHETIC_DEMO
NEWS00419,Product 0419,PRODUCT,PRODUCT 0419,0.767,76,86,SYNTHETIC_DEMO
NEWS00420,Flood,EVENT,FLOOD,0.959,50,118,SYNTHETIC_DEMO
NEWS00421,Supplier 0421,ORG,SUPPLIER 0421,0.803,29,89,SYNTHETIC_DEMO
NEWS00422,Location 0422,GPE,LOCATION 0422,0.923,71,131,SYNTHETIC_DEMO
NEWS00423,Location 0423,LOC,LOCATION 0423,0.823,2,147,SYNTHETIC_DEMO
NEWS00424,Product 0424,PRODUCT,PRODUCT 0424,0.822,18,104,SYNTHETIC_DEMO
NEWS00425,Labor Disruption,EVENT,LABOR DISRUPTION,0.766,80,86,SYNTHETIC_DEMO
NEWS00426,Supplier 0426,ORG,SUPPLIER 0426,0.928,72,112,SYNTHETIC_DEMO
NEWS00427,Location 0427,GPE,LOCATION 0427,0.807,51,102,SYNTHETIC_DEMO
NEWS00428,Location 0428,LOC,LOCATION 0428,0.963,75,137,SYNTHETIC_DEMO
NEWS00429,Product 0429,PRODUCT,PRODUCT 0429,0.949,30,90,SYNTHETIC_DEMO
NEWS00430,Flood,EVENT,FLOOD,0.804,17,155,SYNTHETIC_DEMO
NEWS00431,Supplier 0431,ORG,SUPPLIER 0431,0.922,45,126,SYNTHETIC_DEMO
NEWS00432,Location 0432,GPE,LOCATION 0432,0.78,67,139,SYNTHETIC_DEMO
NEWS00433,Location 0433,LOC,LOCATION 0433,0.785,40,100,SYNTHETIC_DEMO
NEWS00434,Product 0434,PRODUCT,PRODUCT 0434,0.797,58,92,SYNTHETIC_DEMO
NEWS00435,Labor Disruption,EVENT,LABOR DISRUPTION,0.857,76,156,SYNTHETIC_DEMO
NEWS00436,Supplier 0436,ORG,SUPPLIER 0436,0.878,62,132,SYNTHETIC_DEMO
NEWS00437,Location 0437,GPE,LOCATION 0437,0.914,79,117,SYNTHETIC_DEMO
NEWS00438,Location 0438,LOC,LOCATION 0438,0.854,1,120,SYNTHETIC_DEMO
NEWS00439,Product 0439,PRODUCT,PRODUCT 0439,0.904,55,127,SYNTHETIC_DEMO
NEWS00440,Flood,EVENT,FLOOD,0.868,4,89,SYNTHETIC_DEMO
NEWS00441,Supplier 0441,ORG,SUPPLIER 0441,0.785,68,110,SYNTHETIC_DEMO
NEWS00442,Location 0442,GPE,LOCATION 0442,0.91,55,113,SYNTHETIC_DEMO
NEWS00443,Location 0443,LOC,LOCATION 0443,0.922,43,84,SYNTHETIC_DEMO
NEWS00444,Product 0444,PRODUCT,PRODUCT 0444,0.893,71,156,SYNTHETIC_DEMO
NEWS00445,Labor Disruption,EVENT,LABOR DISRUPTION,0.891,2,139,SYNTHETIC_DEMO
NEWS00446,Supplier 0446,ORG,SUPPLIER 0446,0.889,27,84,SYNTHETIC_DEMO
NEWS00447,Location 0447,GPE,LOCATION 0447,0.917,31,93,SYNTHETIC_DEMO
NEWS00448,Location 0448,LOC,LOCATION 0448,0.938,23,152,SYNTHETIC_DEMO
NEWS00449,Product 0449,PRODUCT,PRODUCT 0449,0.825,8,123,SYNTHETIC_DEMO
NEWS00450,Flood,EVENT,FLOOD,0.901,27,136,SYNTHETIC_DEMO
NEWS00451,Supplier 0451,ORG,SUPPLIER 0451,0.871,47,135,SYNTHETIC_DEMO
NEWS00452,Location 0452,GPE,LOCATION 0452,0.793,60,158,SYNTHETIC_DEMO
NEWS00453,Location 0453,LOC,LOCATION 0453,0.793,37,141,SYNTHETIC_DEMO
NEWS00454,Product 0454,PRODUCT,PRODUCT 0454,0.81,43,153,SYNTHETIC_DEMO
NEWS00455,Labor Disruption,EVENT,LABOR DISRUPTION,0.911,17,110,SYNTHETIC_DEMO
NEWS00456,Supplier 0456,ORG,SUPPLIER 0456,0.788,80,86,SYNTHETIC_DEMO
NEWS00457,Location 0457,GPE,LOCATION 0457,0.834,48,95,SYNTHETIC_DEMO
NEWS00458,Location 0458,LOC,LOCATION 0458,0.941,17,100,SYNTHETIC_DEMO
NEWS00459,Product 0459,PRODUCT,PRODUCT 0459,0.86,47,107,SYNTHETIC_DEMO
NEWS00460,Flood,EVENT,FLOOD,0.768,49,157,SYNTHETIC_DEMO
NEWS00461,Supplier 0461,ORG,SUPPLIER 0461,0.842,56,99,SYNTHETIC_DEMO
NEWS00462,Location 0462,GPE,LOCATION 0462,0.951,17,118,SYNTHETIC_DEMO
NEWS00463,Location 0463,LOC,LOCATION 0463,0.792,26,149,SYNTHETIC_DEMO
NEWS00464,Product 0464,PRODUCT,PRODUCT 0464,0.819,29,145,SYNTHETIC_DEMO
NEWS00465,Labor Disruption,EVENT,LABOR DISRUPTION,0.892,69,82,SYNTHETIC_DEMO
NEWS00466,Supplier 0466,ORG,SUPPLIER 0466,0.792,14,88,SYNTHETIC_DEMO
NEWS00467,Location 0467,GPE,LOCATION 0467,0.862,39,151,SYNTHETIC_DEMO
NEWS00468,Location 0468,LOC,LOCATION 0468,0.936,48,132,SYNTHETIC_DEMO
NEWS00469,Product 0469,PRODUCT,PRODUCT 0469,0.874,68,124,SYNTHETIC_DEMO
NEWS00470,Flood,EVENT,FLOOD,0.796,5,143,SYNTHETIC_DEMO
NEWS00471,Supplier 0471,ORG,SUPPLIER 0471,0.971,22,90,SYNTHETIC_DEMO
NEWS00472,Location 0472,GPE,LOCATION 0472,0.783,22,123,SYNTHETIC_DEMO
NEWS00473,Location 0473,LOC,LOCATION 0473,0.982,37,83,SYNTHETIC_DEMO
NEWS00474,Product 0474,PRODUCT,PRODUCT 0474,0.787,35,144,SYNTHETIC_DEMO
NEWS00475,Labor Disruption,EVENT,LABOR DISRUPTION,0.957,50,88,SYNTHETIC_DEMO
NEWS00476,Supplier 0476,ORG,SUPPLIER 0476,0.882,17,140,SYNTHETIC_DEMO
NEWS00477,Location 0477,GPE,LOCATION 0477,0.884,28,115,SYNTHETIC_DEMO
NEWS00478,Location 0478,LOC,LOCATION 0478,0.938,7,122,SYNTHETIC_DEMO
NEWS00479,Product 0479,PRODUCT,PRODUCT 0479,0.915,28,109,SYNTHETIC_DEMO
NEWS00480,Flood,EVENT,FLOOD,0.838,25,144,SYNTHETIC_DEMO
NEWS00481,Supplier 0481,ORG,SUPPLIER 0481,0.832,64,104,SYNTHETIC_DEMO
NEWS00482,Location 0482,GPE,LOCATION 0482,0.821,47,123,SYNTHETIC_DEMO
NEWS00483,Location 0483,LOC,LOCATION 0483,0.907,58,94,SYNTHETIC_DEMO
NEWS00484,Product 0484,PRODUCT,PRODUCT 0484,0.778,40,92,SYNTHETIC_DEMO
NEWS00485,Labor Disruption,EVENT,LABOR DISRUPTION,0.811,63,129,SYNTHETIC_DEMO
NEWS00486,Supplier 0486,ORG,SUPPLIER 0486,0.916,60,144,SYNTHETIC_DEMO
NEWS00487,Location 0487,GPE,LOCATION 0487,0.767,10,146,SYNTHETIC_DEMO
NEWS00488,Location 0488,LOC,LOCATION 0488,0.99,41,155,SYNTHETIC_DEMO
NEWS00489,Product 0489,PRODUCT,PRODUCT 0489,0.786,78,140,SYNTHETIC_DEMO
NEWS00490,Flood,EVENT,FLOOD,0.835,8,151,SYNTHETIC_DEMO
NEWS00491,Supplier 0491,ORG,SUPPLIER 0491,0.979,13,128,SYNTHETIC_DEMO
NEWS00492,Location 0492,GPE,LOCATION 0492,0.776,30,120,SYNTHETIC_DEMO
NEWS00493,Location 0493,LOC,LOCATION 0493,0.816,20,105,SYNTHETIC_DEMO
NEWS00494,Product 0494,PRODUCT,PRODUCT 0494,0.969,29,84,SYNTHETIC_DEMO
NEWS00495,Labor Disruption,EVENT,LABOR DISRUPTION,0.88,79,111,SYNTHETIC_DEMO
NEWS00496,Supplier 0496,ORG,SUPPLIER 0496,0.819,15,138,SYNTHETIC_DEMO
NEWS00497,Location 0497,GPE,LOCATION 0497,0.89,54,107,SYNTHETIC_DEMO
NEWS00498,Location 0498,LOC,LOCATION 0498,0.786,28,129,SYNTHETIC_DEMO
NEWS00499,Product 0499,PRODUCT,PRODUCT 0499,0.982,43,125,SYNTHETIC_DEMO
NEWS00500,Flood,EVENT,FLOOD,0.967,27,95,SYNTHETIC_DEMO
NEWS00501,Supplier 0501,ORG,SUPPLIER 0501,0.869,80,125,SYNTHETIC_DEMO
NEWS00502,Location 0502,GPE,LOCATION 0502,0.897,25,160,SYNTHETIC_DEMO
NEWS00503,Location 0503,LOC,LOCATION 0503,0.877,71,99,SYNTHETIC_DEMO
NEWS00504,Product 0504,PRODUCT,PRODUCT 0504,0.862,77,130,SYNTHETIC_DEMO
NEWS00505,Labor Disruption,EVENT,LABOR DISRUPTION,0.755,18,107,SYNTHETIC_DEMO
NEWS00506,Supplier 0506,ORG,SUPPLIER 0506,0.962,17,134,SYNTHETIC_DEMO
NEWS00507,Location 0507,GPE,LOCATION 0507,0.798,6,158,SYNTHETIC_DEMO
NEWS00508,Location 0508,LOC,LOCATION 0508,0.932,21,113,SYNTHETIC_DEMO
NEWS00509,Product 0509,PRODUCT,PRODUCT 0509,0.776,45,148,SYNTHETIC_DEMO
NEWS00510,Flood,EVENT,FLOOD,0.963,68,105,SYNTHETIC_DEMO
NEWS00511,Supplier 0511,ORG,SUPPLIER 0511,0.96,38,158,SYNTHETIC_DEMO
NEWS00512,Location 0512,GPE,LOCATION 0512,0.825,13,127,SYNTHETIC_DEMO
NEWS00513,Location 0513,LOC,LOCATION 0513,0.985,1,159,SYNTHETIC_DEMO
NEWS00514,Product 0514,PRODUCT,PRODUCT 0514,0.87,43,114,SYNTHETIC_DEMO
NEWS00515,Labor Disruption,EVENT,LABOR DISRUPTION,0.911,67,129,SYNTHETIC_DEMO
NEWS00516,Supplier 0516,ORG,SUPPLIER 0516,0.965,57,94,SYNTHETIC_DEMO
NEWS00517,Location 0517,GPE,LOCATION 0517,0.909,15,108,SYNTHETIC_DEMO
NEWS00518,Location 0518,LOC,LOCATION 0518,0.895,79,136,SYNTHETIC_DEMO
NEWS00519,Product 0519,PRODUCT,PRODUCT 0519,0.895,17,87,SYNTHETIC_DEMO
NEWS00520,Flood,EVENT,FLOOD,0.854,44,99,SYNTHETIC_DEMO
NEWS00521,Supplier 0521,ORG,SUPPLIER 0521,0.758,49,115,SYNTHETIC_DEMO
NEWS00522,Location 0522,GPE,LOCATION 0522,0.88,67,131,SYNTHETIC_DEMO
NEWS00523,Location 0523,LOC,LOCATION 0523,0.823,13,100,SYNTHETIC_DEMO
NEWS00524,Product 0524,PRODUCT,PRODUCT 0524,0.938,25,113,SYNTHETIC_DEMO
NEWS00525,Labor Disruption,EVENT,LABOR DISRUPTION,0.77,7,110,SYNTHETIC_DEMO
NEWS00526,Supplier 0526,ORG,SUPPLIER 0526,0.802,80,140,SYNTHETIC_DEMO
NEWS00527,Location 0527,GPE,LOCATION 0527,0.756,1,101,SYNTHETIC_DEMO
NEWS00528,Location 0528,LOC,LOCATION 0528,0.83,5,148,SYNTHETIC_DEMO
NEWS00529,Product 0529,PRODUCT,PRODUCT 0529,0.876,1,135,SYNTHETIC_DEMO
NEWS00530,Flood,EVENT,FLOOD,0.85,80,113,SYNTHETIC_DEMO
NEWS00531,Supplier 0531,ORG,SUPPLIER 0531,0.931,68,159,SYNTHETIC_DEMO
NEWS00532,Location 0532,GPE,LOCATION 0532,0.912,71,129,SYNTHETIC_DEMO
NEWS00533,Location 0533,LOC,LOCATION 0533,0.926,55,141,SYNTHETIC_DEMO
NEWS00534,Product 0534,PRODUCT,PRODUCT 0534,0.881,16,119,SYNTHETIC_DEMO
NEWS00535,Labor Disruption,EVENT,LABOR DISRUPTION,0.977,45,126,SYNTHETIC_DEMO
NEWS00536,Supplier 0536,ORG,SUPPLIER 0536,0.941,48,152,SYNTHETIC_DEMO
NEWS00537,Location 0537,GPE,LOCATION 0537,0.899,53,109,SYNTHETIC_DEMO
NEWS00538,Location 0538,LOC,LOCATION 0538,0.894,34,114,SYNTHETIC_DEMO
NEWS00539,Product 0539,PRODUCT,PRODUCT 0539,0.835,71,118,SYNTHETIC_DEMO
NEWS00540,Flood,EVENT,FLOOD,0.98,42,157,SYNTHETIC_DEMO
NEWS00541,Supplier 0541,ORG,SUPPLIER 0541,0.904,38,99,SYNTHETIC_DEMO
NEWS00542,Location 0542,GPE,LOCATION 0542,0.914,79,143,SYNTHETIC_DEMO
NEWS00543,Location 0543,LOC,LOCATION 0543,0.945,32,93,SYNTHETIC_DEMO
NEWS00544,Product 0544,PRODUCT,PRODUCT 0544,0.977,11,108,SYNTHETIC_DEMO
NEWS00545,Labor Disruption,EVENT,LABOR DISRUPTION,0.969,9,140,SYNTHETIC_DEMO
NEWS00546,Supplier 0546,ORG,SUPPLIER 0546,0.9,25,136,SYNTHETIC_DEMO
NEWS00547,Location 0547,GPE,LOCATION 0547,0.932,30,108,SYNTHETIC_DEMO
NEWS00548,Location 0548,LOC,LOCATION 0548,0.946,16,112,SYNTHETIC_DEMO
NEWS00549,Product 0549,PRODUCT,PRODUCT 0549,0.882,28,101,SYNTHETIC_DEMO
NEWS00550,Flood,EVENT,FLOOD,0.966,64,93,SYNTHETIC_DEMO
NEWS00551,Supplier 0551,ORG,SUPPLIER 0551,0.95,63,133,SYNTHETIC_DEMO
NEWS00552,Location 0552,GPE,LOCATION 0552,0.806,63,93,SYNTHETIC_DEMO
NEWS00553,Location 0553,LOC,LOCATION 0553,0.93,31,145,SYNTHETIC_DEMO
NEWS00554,Product 0554,PRODUCT,PRODUCT 0554,0.918,43,157,SYNTHETIC_DEMO
NEWS00555,Labor Disruption,EVENT,LABOR DISRUPTION,0.81,27,84,SYNTHETIC_DEMO
NEWS00556,Supplier 0556,ORG,SUPPLIER 0556,0.816,3,160,SYNTHETIC_DEMO
NEWS00557,Location 0557,GPE,LOCATION 0557,0.794,3,111,SYNTHETIC_DEMO
NEWS00558,Location 0558,LOC,LOCATION 0558,0.965,57,118,SYNTHETIC_DEMO
NEWS00559,Product 0559,PRODUCT,PRODUCT 0559,0.807,28,103,SYNTHETIC_DEMO
NEWS00560,Flood,EVENT,FLOOD,0.823,65,100,SYNTHETIC_DEMO
NEWS00561,Supplier 0561,ORG,SUPPLIER 0561,0.754,56,112,SYNTHETIC_DEMO
NEWS00562,Location 0562,GPE,LOCATION 0562,0.844,39,124,SYNTHETIC_DEMO
NEWS00563,Location 0563,LOC,LOCATION 0563,0.954,63,101,SYNTHETIC_DEMO
NEWS00564,Product 0564,PRODUCT,PRODUCT 0564,0.825,29,122,SYNTHETIC_DEMO
NEWS00565,Labor Disruption,EVENT,LABOR DISRUPTION,0.956,76,110,SYNTHETIC_DEMO
NEWS00566,Supplier 0566,ORG,SUPPLIER 0566,0.815,11,131,SYNTHETIC_DEMO
NEWS00567,Location 0567,GPE,LOCATION 0567,0.794,40,159,SYNTHETIC_DEMO
NEWS00568,Location 0568,LOC,LOCATION 0568,0.913,75,144,SYNTHETIC_DEMO
NEWS00569,Product 0569,PRODUCT,PRODUCT 0569,0.803,2,147,SYNTHETIC_DEMO
NEWS00570,Flood,EVENT,FLOOD,0.949,5,141,SYNTHETIC_DEMO
NEWS00571,Supplier 0571,ORG,SUPPLIER 0571,0.805,48,159,SYNTHETIC_DEMO
NEWS00572,Location 0572,GPE,LOCATION 0572,0.853,17,134,SYNTHETIC_DEMO
NEWS00573,Location 0573,LOC,LOCATION 0573,0.836,70,152,SYNTHETIC_DEMO
NEWS00574,Product 0574,PRODUCT,PRODUCT 0574,0.902,56,123,SYNTHETIC_DEMO
NEWS00575,Labor Disruption,EVENT,LABOR DISRUPTION,0.794,50,133,SYNTHETIC_DEMO
NEWS00576,Supplier 0576,ORG,SUPPLIER 0576,0.82,74,134,SYNTHETIC_DEMO
NEWS00577,Location 0577,GPE,LOCATION 0577,0.971,49,136,SYNTHETIC_DEMO
NEWS00578,Location 0578,LOC,LOCATION 0578,0.957,44,137,SYNTHETIC_DEMO
NEWS00579,Product 0579,PRODUCT,PRODUCT 0579,0.84,73,106,SYNTHETIC_DEMO
NEWS00580,Flood,EVENT,FLOOD,0.893,69,116,SYNTHETIC_DEMO
NEWS00581,Supplier 0581,ORG,SUPPLIER 0581,0.91,34,90,SYNTHETIC_DEMO
NEWS00582,Location 0582,GPE,LOCATION 0582,0.874,78,89,SYNTHETIC_DEMO
NEWS00583,Location 0583,LOC,LOCATION 0583,0.939,64,82,SYNTHETIC_DEMO
NEWS00584,Product 0584,PRODUCT,PRODUCT 0584,0.972,33,89,SYNTHETIC_DEMO
NEWS00585,Labor Disruption,EVENT,LABOR DISRUPTION,0.88,74,137,SYNTHETIC_DEMO
NEWS00586,Supplier 0586,ORG,SUPPLIER 0586,0.779,50,134,SYNTHETIC_DEMO
NEWS00587,Location 0587,GPE,LOCATION 0587,0.878,41,98,SYNTHETIC_DEMO
NEWS00588,Location 0588,LOC,LOCATION 0588,0.888,30,100,SYNTHETIC_DEMO
NEWS00589,Product 0589,PRODUCT,PRODUCT 0589,0.934,39,85,SYNTHETIC_DEMO
NEWS00590,Flood,EVENT,FLOOD,0.945,49,147,SYNTHETIC_DEMO
NEWS00591,Supplier 0591,ORG,SUPPLIER 0591,0.853,60,147,SYNTHETIC_DEMO
NEWS00592,Location 0592,GPE,LOCATION 0592,0.927,17,139,SYNTHETIC_DEMO
NEWS00593,Location 0593,LOC,LOCATION 0593,0.925,48,154,SYNTHETIC_DEMO
NEWS00594,Product 0594,PRODUCT,PRODUCT 0594,0.884,14,132,SYNTHETIC_DEMO
NEWS00595,Labor Disruption,EVENT,LABOR DISRUPTION,0.934,62,130,SYNTHETIC_DEMO
NEWS00596,Supplier 0596,ORG,SUPPLIER 0596,0.979,56,87,SYNTHETIC_DEMO
NEWS00597,Location 0597,GPE,LOCATION 0597,0.909,7,129,SYNTHETIC_DEMO
NEWS00598,Location 0598,LOC,LOCATION 0598,0.943,65,125,SYNTHETIC_DEMO
NEWS00599,Product 0599,PRODUCT,PRODUCT 0599,0.817,44,104,SYNTHETIC_DEMO
NEWS00600,Flood,EVENT,FLOOD,0.951,33,110,SYNTHETIC_DEMO
NEWS00601,Supplier 0601,ORG,SUPPLIER 0601,0.898,50,86,SYNTHETIC_DEMO
NEWS00602,Location 0602,GPE,LOCATION 0602,0.865,37,86,SYNTHETIC_DEMO
NEWS00603,Location 0603,LOC,LOCATION 0603,0.91,46,82,SYNTHETIC_DEMO
NEWS00604,Product 0604,PRODUCT,PRODUCT 0604,0.933,2,133,SYNTHETIC_DEMO
NEWS00605,Labor Disruption,EVENT,LABOR DISRUPTION,0.92,10,147,SYNTHETIC_DEMO
NEWS00606,Supplier 0606,ORG,SUPPLIER 0606,0.864,24,106,SYNTHETIC_DEMO
NEWS00607,Location 0607,GPE,LOCATION 0607,0.948,43,92,SYNTHETIC_DEMO
NEWS00608,Location 0608,LOC,LOCATION 0608,0.767,79,99,SYNTHETIC_DEMO
NEWS00609,Product 0609,PRODUCT,PRODUCT 0609,0.774,80,123,SYNTHETIC_DEMO
NEWS00610,Flood,EVENT,FLOOD,0.927,77,121,SYNTHETIC_DEMO
NEWS00611,Supplier 0611,ORG,SUPPLIER 0611,0.978,50,126,SYNTHETIC_DEMO
NEWS00612,Location 0612,GPE,LOCATION 0612,0.944,66,133,SYNTHETIC_DEMO
NEWS00613,Location 0613,LOC,LOCATION 0613,0.923,13,123,SYNTHETIC_DEMO
NEWS00614,Product 0614,PRODUCT,PRODUCT 0614,0.785,74,89,SYNTHETIC_DEMO
NEWS00615,Labor Disruption,EVENT,LABOR DISRUPTION,0.965,46,123,SYNTHETIC_DEMO
NEWS00616,Supplier 0616,ORG,SUPPLIER 0616,0.757,44,150,SYNTHETIC_DEMO
NEWS00617,Location 0617,GPE,LOCATION 0617,0.846,79,87,SYNTHETIC_DEMO
NEWS00618,Location 0618,LOC,LOCATION 0618,0.82,2,93,SYNTHETIC_DEMO
NEWS00619,Product 0619,PRODUCT,PRODUCT 0619,0.925,57,95,SYNTHETIC_DEMO
NEWS00620,Flood,EVENT,FLOOD,0.812,46,159,SYNTHETIC_DEMO
NEWS00621,Supplier 0621,ORG,SUPPLIER 0621,0.898,5,131,SYNTHETIC_DEMO
NEWS00622,Location 0622,GPE,LOCATION 0622,0.783,45,114,SYNTHETIC_DEMO
NEWS00623,Location 0623,LOC,LOCATION 0623,0.794,4,125,SYNTHETIC_DEMO
NEWS00624,Product 0624,PRODUCT,PRODUCT 0624,0.962,69,113,SYNTHETIC_DEMO
NEWS00625,Labor Disruption,EVENT,LABOR DISRUPTION,0.902,31,115,SYNTHETIC_DEMO
NEWS00626,Supplier 0626,ORG,SUPPLIER 0626,0.792,68,131,SYNTHETIC_DEMO
NEWS00627,Location 0627,GPE,LOCATION 0627,0.949,46,155,SYNTHETIC_DEMO
NEWS00628,Location 0628,LOC,LOCATION 0628,0.845,43,151,SYNTHETIC_DEMO
NEWS00629,Product 0629,PRODUCT,PRODUCT 0629,0.985,10,119,SYNTHETIC_DEMO
NEWS00630,Flood,EVENT,FLOOD,0.927,29,151,SYNTHETIC_DEMO
NEWS00631,Supplier 0631,ORG,SUPPLIER 0631,0.792,0,124,SYNTHETIC_DEMO
NEWS00632,Location 0632,GPE,LOCATION 0632,0.801,42,129,SYNTHETIC_DEMO
NEWS00633,Location 0633,LOC,LOCATION 0633,0.759,63,117,SYNTHETIC_DEMO
NEWS00634,Product 0634,PRODUCT,PRODUCT 0634,0.927,31,119,SYNTHETIC_DEMO
NEWS00635,Labor Disruption,EVENT,LABOR DISRUPTION,0.767,44,143,SYNTHETIC_DEMO
NEWS00636,Supplier 0636,ORG,SUPPLIER 0636,0.855,45,85,SYNTHETIC_DEMO
NEWS00637,Location 0637,GPE,LOCATION 0637,0.79,16,85,SYNTHETIC_DEMO
NEWS00638,Location 0638,LOC,LOCATION 0638,0.884,27,105,SYNTHETIC_DEMO
NEWS00639,Product 0639,PRODUCT,PRODUCT 0639,0.839,14,145,SYNTHETIC_DEMO
NEWS00640,Flood,EVENT,FLOOD,0.909,55,116,SYNTHETIC_DEMO
NEWS00641,Supplier 0641,ORG,SUPPLIER 0641,0.764,61,135,SYNTHETIC_DEMO
NEWS00642,Location 0642,GPE,LOCATION 0642,0.886,31,86,SYNTHETIC_DEMO
NEWS00643,Location 0643,LOC,LOCATION 0643,0.973,15,85,SYNTHETIC_DEMO
NEWS00644,Product 0644,PRODUCT,PRODUCT 0644,0.806,15,94,SYNTHETIC_DEMO
NEWS00645,Labor Disruption,EVENT,LABOR DISRUPTION,0.787,74,150,SYNTHETIC_DEMO
NEWS00646,Supplier 0646,ORG,SUPPLIER 0646,0.883,73,122,SYNTHETIC_DEMO
NEWS00647,Location 0647,GPE,LOCATION 0647,0.75,32,139,SYNTHETIC_DEMO
NEWS00648,Location 0648,LOC,LOCATION 0648,0.797,54,116,SYNTHETIC_DEMO
NEWS00649,Product 0649,PRODUCT,PRODUCT 0649,0.845,27,115,SYNTHETIC_DEMO
NEWS00650,Flood,EVENT,FLOOD,0.914,1,141,SYNTHETIC_DEMO
NEWS00651,Supplier 0651,ORG,SUPPLIER 0651,0.806,16,138,SYNTHETIC_DEMO
NEWS00652,Location 0652,GPE,LOCATION 0652,0.958,44,148,SYNTHETIC_DEMO
NEWS00653,Location 0653,LOC,LOCATION 0653,0.982,74,120,SYNTHETIC_DEMO
NEWS00654,Product 0654,PRODUCT,PRODUCT 0654,0.953,38,93,SYNTHETIC_DEMO
NEWS00655,Labor Disruption,EVENT,LABOR DISRUPTION,0.906,18,154,SYNTHETIC_DEMO
NEWS00656,Supplier 0656,ORG,SUPPLIER 0656,0.861,71,139,SYNTHETIC_DEMO
NEWS00657,Location 0657,GPE,LOCATION 0657,0.835,9,144,SYNTHETIC_DEMO
NEWS00658,Location 0658,LOC,LOCATION 0658,0.862,51,140,SYNTHETIC_DEMO
NEWS00659,Product 0659,PRODUCT,PRODUCT 0659,0.791,8,85,SYNTHETIC_DEMO
NEWS00660,Flood,EVENT,FLOOD,0.909,4,110,SYNTHETIC_DEMO
NEWS00661,Supplier 0661,ORG,SUPPLIER 0661,0.757,3,131,SYNTHETIC_DEMO
NEWS00662,Location 0662,GPE,LOCATION 0662,0.892,33,92,SYNTHETIC_DEMO
NEWS00663,Location 0663,LOC,LOCATION 0663,0.974,59,122,SYNTHETIC_DEMO
NEWS00664,Product 0664,PRODUCT,PRODUCT 0664,0.895,23,101,SYNTHETIC_DEMO
NEWS00665,Labor Disruption,EVENT,LABOR DISRUPTION,0.934,10,110,SYNTHETIC_DEMO
NEWS00666,Supplier 0666,ORG,SUPPLIER 0666,0.984,11,87,SYNTHETIC_DEMO
NEWS00667,Location 0667,GPE,LOCATION 0667,0.799,39,129,SYNTHETIC_DEMO
NEWS00668,Location 0668,LOC,LOCATION 0668,0.938,15,131,SYNTHETIC_DEMO
NEWS00669,Product 0669,PRODUCT,PRODUCT 0669,0.984,10,156,SYNTHETIC_DEMO
NEWS00670,Flood,EVENT,FLOOD,0.829,31,111,SYNTHETIC_DEMO
NEWS00671,Supplier 0671,ORG,SUPPLIER 0671,0.83,64,130,SYNTHETIC_DEMO
NEWS00672,Location 0672,GPE,LOCATION 0672,0.971,26,105,SYNTHETIC_DEMO
NEWS00673,Location 0673,LOC,LOCATION 0673,0.865,3,133,SYNTHETIC_DEMO
NEWS00674,Product 0674,PRODUCT,PRODUCT 0674,0.929,29,129,SYNTHETIC_DEMO
NEWS00675,Labor Disruption,EVENT,LABOR DISRUPTION,0.793,1,134,SYNTHETIC_DEMO
NEWS00676,Supplier 0676,ORG,SUPPLIER 0676,0.916,39,117,SYNTHETIC_DEMO
NEWS00677,Location 0677,GPE,LOCATION 0677,0.988,11,103,SYNTHETIC_DEMO
NEWS00678,Location 0678,LOC,LOCATION 0678,0.813,5,147,SYNTHETIC_DEMO
NEWS00679,Product 0679,PRODUCT,PRODUCT 0679,0.791,2,105,SYNTHETIC_DEMO
NEWS00680,Flood,EVENT,FLOOD,0.863,34,140,SYNTHETIC_DEMO
NEWS00681,Supplier 0681,ORG,SUPPLIER 0681,0.826,51,153,SYNTHETIC_DEMO
NEWS00682,Location 0682,GPE,LOCATION 0682,0.957,33,99,SYNTHETIC_DEMO
NEWS00683,Location 0683,LOC,LOCATION 0683,0.95,55,113,SYNTHETIC_DEMO
NEWS00684,Product 0684,PRODUCT,PRODUCT 0684,0.906,25,115,SYNTHETIC_DEMO
NEWS00685,Labor Disruption,EVENT,LABOR DISRUPTION,0.819,64,131,SYNTHETIC_DEMO
NEWS00686,Supplier 0686,ORG,SUPPLIER 0686,0.969,52,123,SYNTHETIC_DEMO
NEWS00687,Location 0687,GPE,LOCATION 0687,0.952,27,134,SYNTHETIC_DEMO
NEWS00688,Location 0688,LOC,LOCATION 0688,0.977,8,91,SYNTHETIC_DEMO
NEWS00689,Product 0689,PRODUCT,PRODUCT 0689,0.788,55,88,SYNTHETIC_DEMO
NEWS00690,Flood,EVENT,FLOOD,0.83,63,136,SYNTHETIC_DEMO
NEWS00691,Supplier 0691,ORG,SUPPLIER 0691,0.916,2,119,SYNTHETIC_DEMO
NEWS00692,Location 0692,GPE,LOCATION 0692,0.827,80,143,SYNTHETIC_DEMO
NEWS00693,Location 0693,LOC,LOCATION 0693,0.824,52,127,SYNTHETIC_DEMO
NEWS00694,Product 0694,PRODUCT,PRODUCT 0694,0.866,47,157,SYNTHETIC_DEMO
NEWS00695,Labor Disruption,EVENT,LABOR DISRUPTION,0.925,61,153,SYNTHETIC_DEMO
NEWS00696,Supplier 0696,ORG,SUPPLIER 0696,0.941,2,145,SYNTHETIC_DEMO
NEWS00697,Location 0697,GPE,LOCATION 0697,0.817,28,109,SYNTHETIC_DEMO
NEWS00698,Location 0698,LOC,LOCATION 0698,0.916,2,134,SYNTHETIC_DEMO
NEWS00699,Product 0699,PRODUCT,PRODUCT 0699,0.882,2,139,SYNTHETIC_DEMO
NEWS00700,Flood,EVENT,FLOOD,0.854,48,128,SYNTHETIC_DEMO
NEWS00701,Supplier 0701,ORG,SUPPLIER 0701,0.977,65,113,SYNTHETIC_DEMO
NEWS00702,Location 0702,GPE,LOCATION 0702,0.979,73,148,SYNTHETIC_DEMO
NEWS00703,Location 0703,LOC,LOCATION 0703,0.796,18,132,SYNTHETIC_DEMO
NEWS00704,Product 0704,PRODUCT,PRODUCT 0704,0.903,63,111,SYNTHETIC_DEMO
NEWS00705,Labor Disruption,EVENT,LABOR DISRUPTION,0.765,3,94,SYNTHETIC_DEMO
NEWS00706,Supplier 0706,ORG,SUPPLIER 0706,0.803,57,124,SYNTHETIC_DEMO
NEWS00707,Location 0707,GPE,LOCATION 0707,0.912,22,94,SYNTHETIC_DEMO
NEWS00708,Location 0708,LOC,LOCATION 0708,0.773,70,155,SYNTHETIC_DEMO
NEWS00709,Product 0709,PRODUCT,PRODUCT 0709,0.849,2,111,SYNTHETIC_DEMO
NEWS00710,Flood,EVENT,FLOOD,0.88,51,114,SYNTHETIC_DEMO
NEWS00711,Supplier 0711,ORG,SUPPLIER 0711,0.942,63,122,SYNTHETIC_DEMO
NEWS00712,Location 0712,GPE,LOCATION 0712,0.869,35,86,SYNTHETIC_DEMO
NEWS00713,Location 0713,LOC,LOCATION 0713,0.925,35,94,SYNTHETIC_DEMO
NEWS00714,Product 0714,PRODUCT,PRODUCT 0714,0.807,34,123,SYNTHETIC_DEMO
NEWS00715,Labor Disruption,EVENT,LABOR DISRUPTION,0.87,6,151,SYNTHETIC_DEMO
NEWS00716,Supplier 0716,ORG,SUPPLIER 0716,0.776,41,101,SYNTHETIC_DEMO
NEWS00717,Location 0717,GPE,LOCATION 0717,0.811,43,118,SYNTHETIC_DEMO
NEWS00718,Location 0718,LOC,LOCATION 0718,0.786,78,103,SYNTHETIC_DEMO
NEWS00719,Product 0719,PRODUCT,PRODUCT 0719,0.832,38,111,SYNTHETIC_DEMO
NEWS00720,Flood,EVENT,FLOOD,0.833,22,88,SYNTHETIC_DEMO
NEWS00721,Supplier 0721,ORG,SUPPLIER 0721,0.848,77,128,SYNTHETIC_DEMO
NEWS00722,Location 0722,GPE,LOCATION 0722,0.765,10,109,SYNTHETIC_DEMO
NEWS00723,Location 0723,LOC,LOCATION 0723,0.864,59,96,SYNTHETIC_DEMO
NEWS00724,Product 0724,PRODUCT,PRODUCT 0724,0.965,11,89,SYNTHETIC_DEMO
NEWS00725,Labor Disruption,EVENT,LABOR DISRUPTION,0.919,56,107,SYNTHETIC_DEMO
NEWS00726,Supplier 0726,ORG,SUPPLIER 0726,0.905,58,90,SYNTHETIC_DEMO
NEWS00727,Location 0727,GPE,LOCATION 0727,0.774,77,132,SYNTHETIC_DEMO
NEWS00728,Location 0728,LOC,LOCATION 0728,0.976,15,129,SYNTHETIC_DEMO
NEWS00729,Product 0729,PRODUCT,PRODUCT 0729,0.954,29,94,SYNTHETIC_DEMO
NEWS00730,Flood,EVENT,FLOOD,0.83,27,156,SYNTHETIC_DEMO
NEWS00731,Supplier 0731,ORG,SUPPLIER 0731,0.788,56,94,SYNTHETIC_DEMO
NEWS00732,Location 0732,GPE,LOCATION 0732,0.807,41,150,SYNTHETIC_DEMO
NEWS00733,Location 0733,LOC,LOCATION 0733,0.774,79,136,SYNTHETIC_DEMO
NEWS00734,Product 0734,PRODUCT,PRODUCT 0734,0.977,13,132,SYNTHETIC_DEMO
NEWS00735,Labor Disruption,EVENT,LABOR DISRUPTION,0.929,63,118,SYNTHETIC_DEMO
NEWS00736,Supplier 0736,ORG,SUPPLIER 0736,0.812,59,124,SYNTHETIC_DEMO
NEWS00737,Location 0737,GPE,LOCATION 0737,0.835,24,139,SYNTHETIC_DEMO
NEWS00738,Location 0738,LOC,LOCATION 0738,0.952,55,95,SYNTHETIC_DEMO
NEWS00739,Product 0739,PRODUCT,PRODUCT 0739,0.911,79,122,SYNTHETIC_DEMO
NEWS00740,Flood,EVENT,FLOOD,0.903,74,106,SYNTHETIC_DEMO
NEWS00741,Supplier 0741,ORG,SUPPLIER 0741,0.867,18,90,SYNTHETIC_DEMO
NEWS00742,Location 0742,GPE,LOCATION 0742,0.829,2,140,SYNTHETIC_DEMO
NEWS00743,Location 0743,LOC,LOCATION 0743,0.878,3,98,SYNTHETIC_DEMO
NEWS00744,Product 0744,PRODUCT,PRODUCT 0744,0.818,70,85,SYNTHETIC_DEMO
NEWS00745,Labor Disruption,EVENT,LABOR DISRUPTION,0.964,48,82,SYNTHETIC_DEMO
NEWS00746,Supplier 0746,ORG,SUPPLIER 0746,0.917,27,139,SYNTHETIC_DEMO
NEWS00747,Location 0747,GPE,LOCATION 0747,0.879,36,136,SYNTHETIC_DEMO
NEWS00748,Location 0748,LOC,LOCATION 0748,0.984,25,133,SYNTHETIC_DEMO
NEWS00749,Product 0749,PRODUCT,PRODUCT 0749,0.774,71,159,SYNTHETIC_DEMO
NEWS00750,Flood,EVENT,FLOOD,0.761,65,81,SYNTHETIC_DEMO
NEWS00751,Supplier 0751,ORG,SUPPLIER 0751,0.805,64,92,SYNTHETIC_DEMO
NEWS00752,Location 0752,GPE,LOCATION 0752,0.935,72,97,SYNTHETIC_DEMO
NEWS00753,Location 0753,LOC,LOCATION 0753,0.868,54,88,SYNTHETIC_DEMO
NEWS00754,Product 0754,PRODUCT,PRODUCT 0754,0.936,38,106,SYNTHETIC_DEMO
NEWS00755,Labor Disruption,EVENT,LABOR DISRUPTION,0.881,10,93,SYNTHETIC_DEMO
NEWS00756,Supplier 0756,ORG,SUPPLIER 0756,0.897,23,139,SYNTHETIC_DEMO
NEWS00757,Location 0757,GPE,LOCATION 0757,0.771,9,147,SYNTHETIC_DEMO
NEWS00758,Location 0758,LOC,LOCATION 0758,0.922,30,148,SYNTHETIC_DEMO
NEWS00759,Product 0759,PRODUCT,PRODUCT 0759,0.903,24,123,SYNTHETIC_DEMO
NEWS00760,Flood,EVENT,FLOOD,0.809,49,88,SYNTHETIC_DEMO
NEWS00761,Supplier 0761,ORG,SUPPLIER 0761,0.77,60,94,SYNTHETIC_DEMO
NEWS00762,Location 0762,GPE,LOCATION 0762,0.872,1,90,SYNTHETIC_DEMO
NEWS00763,Location 0763,LOC,LOCATION 0763,0.956,65,107,SYNTHETIC_DEMO
NEWS00764,Product 0764,PRODUCT,PRODUCT 0764,0.969,19,121,SYNTHETIC_DEMO
NEWS00765,Labor Disruption,EVENT,LABOR DISRUPTION,0.939,4,139,SYNTHETIC_DEMO
NEWS00766,Supplier 0766,ORG,SUPPLIER 0766,0.879,50,90,SYNTHETIC_DEMO
NEWS00767,Location 0767,GPE,LOCATION 0767,0.909,27,88,SYNTHETIC_DEMO
NEWS00768,Location 0768,LOC,LOCATION 0768,0.942,2,83,SYNTHETIC_DEMO
NEWS00769,Product 0769,PRODUCT,PRODUCT 0769,0.878,1,88,SYNTHETIC_DEMO
NEWS00770,Flood,EVENT,FLOOD,0.987,59,152,SYNTHETIC_DEMO
NEWS00771,Supplier 0771,ORG,SUPPLIER 0771,0.791,58,147,SYNTHETIC_DEMO
NEWS00772,Location 0772,GPE,LOCATION 0772,0.944,19,84,SYNTHETIC_DEMO
NEWS00773,Location 0773,LOC,LOCATION 0773,0.939,66,113,SYNTHETIC_DEMO
NEWS00774,Product 0774,PRODUCT,PRODUCT 0774,0.761,9,136,SYNTHETIC_DEMO
NEWS00775,Labor Disruption,EVENT,LABOR DISRUPTION,0.852,60,102,SYNTHETIC_DEMO
NEWS00776,Supplier 0776,ORG,SUPPLIER 0776,0.903,38,151,SYNTHETIC_DEMO
NEWS00777,Location 0777,GPE,LOCATION 0777,0.828,72,90,SYNTHETIC_DEMO
NEWS00778,Location 0778,LOC,LOCATION 0778,0.767,39,123,SYNTHETIC_DEMO
NEWS00779,Product 0779,PRODUCT,PRODUCT 0779,0.77,64,128,SYNTHETIC_DEMO
NEWS00780,Flood,EVENT,FLOOD,0.911,28,124,SYNTHETIC_DEMO
NEWS00781,Supplier 0781,ORG,SUPPLIER 0781,0.963,24,141,SYNTHETIC_DEMO
NEWS00782,Location 0782,GPE,LOCATION 0782,0.966,28,96,SYNTHETIC_DEMO
NEWS00783,Location 0783,LOC,LOCATION 0783,0.887,7,87,SYNTHETIC_DEMO
NEWS00784,Product 0784,PRODUCT,PRODUCT 0784,0.982,78,132,SYNTHETIC_DEMO
NEWS00785,Labor Disruption,EVENT,LABOR DISRUPTION,0.794,1,121,SYNTHETIC_DEMO
NEWS00786,Supplier 0786,ORG,SUPPLIER 0786,0.934,17,150,SYNTHETIC_DEMO
NEWS00787,Location 0787,GPE,LOCATION 0787,0.889,77,116,SYNTHETIC_DEMO
NEWS00788,Location 0788,LOC,LOCATION 0788,0.885,39,138,SYNTHETIC_DEMO
NEWS00789,Product 0789,PRODUCT,PRODUCT 0789,0.989,33,94,SYNTHETIC_DEMO
NEWS00790,Flood,EVENT,FLOOD,0.824,39,127,SYNTHETIC_DEMO
NEWS00791,Supplier 0791,ORG,SUPPLIER 0791,0.823,26,121,SYNTHETIC_DEMO
NEWS00792,Location 0792,GPE,LOCATION 0792,0.899,29,127,SYNTHETIC_DEMO
NEWS00793,Location 0793,LOC,LOCATION 0793,0.881,23,100,SYNTHETIC_DEMO
NEWS00794,Product 0794,PRODUCT,PRODUCT 0794,0.764,60,132,SYNTHETIC_DEMO
NEWS00795,Labor Disruption,EVENT,LABOR DISRUPTION,0.903,68,116,SYNTHETIC_DEMO
NEWS00796,Supplier 0796,ORG,SUPPLIER 0796,0.973,68,153,SYNTHETIC_DEMO
NEWS00797,Location 0797,GPE,LOCATION 0797,0.755,15,118,SYNTHETIC_DEMO
NEWS00798,Location 0798,LOC,LOCATION 0798,0.914,78,134,SYNTHETIC_DEMO
NEWS00799,Product 0799,PRODUCT,PRODUCT 0799,0.893,47,109,SYNTHETIC_DEMO
NEWS00800,Flood,EVENT,FLOOD,0.862,75,92,SYNTHETIC_DEMO
NEWS00801,Supplier 0801,ORG,SUPPLIER 0801,0.958,11,120,SYNTHETIC_DEMO
NEWS00802,Location 0802,GPE,LOCATION 0802,0.922,41,94,SYNTHETIC_DEMO
NEWS00803,Location 0803,LOC,LOCATION 0803,0.931,5,111,SYNTHETIC_DEMO
NEWS00804,Product 0804,PRODUCT,PRODUCT 0804,0.886,16,130,SYNTHETIC_DEMO
NEWS00805,Labor Disruption,EVENT,LABOR DISRUPTION,0.925,65,100,SYNTHETIC_DEMO
NEWS00806,Supplier 0806,ORG,SUPPLIER 0806,0.79,35,114,SYNTHETIC_DEMO
NEWS00807,Location 0807,GPE,LOCATION 0807,0.906,43,155,SYNTHETIC_DEMO
NEWS00808,Location 0808,LOC,LOCATION 0808,0.777,23,123,SYNTHETIC_DEMO
NEWS00809,Product 0809,PRODUCT,PRODUCT 0809,0.975,28,112,SYNTHETIC_DEMO
NEWS00810,Flood,EVENT,FLOOD,0.941,2,97,SYNTHETIC_DEMO
NEWS00811,Supplier 0811,ORG,SUPPLIER 0811,0.823,8,106,SYNTHETIC_DEMO
NEWS00812,Location 0812,GPE,LOCATION 0812,0.766,26,84,SYNTHETIC_DEMO
NEWS00813,Location 0813,LOC,LOCATION 0813,0.936,1,139,SYNTHETIC_DEMO
NEWS00814,Product 0814,PRODUCT,PRODUCT 0814,0.752,50,115,SYNTHETIC_DEMO
NEWS00815,Labor Disruption,EVENT,LABOR DISRUPTION,0.898,5,150,SYNTHETIC_DEMO
NEWS00816,Supplier 0816,ORG,SUPPLIER 0816,0.761,1,102,SYNTHETIC_DEMO
NEWS00817,Location 0817,GPE,LOCATION 0817,0.912,2,144,SYNTHETIC_DEMO
NEWS00818,Location 0818,LOC,LOCATION 0818,0.909,1,141,SYNTHETIC_DEMO
NEWS00819,Product 0819,PRODUCT,PRODUCT 0819,0.988,24,131,SYNTHETIC_DEMO
NEWS00820,Flood,EVENT,FLOOD,0.807,64,133,SYNTHETIC_DEMO
NEWS00821,Supplier 0821,ORG,SUPPLIER 0821,0.924,8,152,SYNTHETIC_DEMO
NEWS00822,Location 0822,GPE,LOCATION 0822,0.935,29,114,SYNTHETIC_DEMO
NEWS00823,Location 0823,LOC,LOCATION 0823,0.887,0,136,SYNTHETIC_DEMO
NEWS00824,Product 0824,PRODUCT,PRODUCT 0824,0.851,15,98,SYNTHETIC_DEMO
NEWS00825,Labor Disruption,EVENT,LABOR DISRUPTION,0.808,79,145,SYNTHETIC_DEMO
NEWS00826,Supplier 0826,ORG,SUPPLIER 0826,0.826,39,92,SYNTHETIC_DEMO
NEWS00827,Location 0827,GPE,LOCATION 0827,0.825,38,130,SYNTHETIC_DEMO
NEWS00828,Location 0828,LOC,LOCATION 0828,0.851,67,121,SYNTHETIC_DEMO
NEWS00829,Product 0829,PRODUCT,PRODUCT 0829,0.932,16,126,SYNTHETIC_DEMO
NEWS00830,Flood,EVENT,FLOOD,0.764,33,131,SYNTHETIC_DEMO
NEWS00831,Supplier 0831,ORG,SUPPLIER 0831,0.824,27,84,SYNTHETIC_DEMO
NEWS00832,Location 0832,GPE,LOCATION 0832,0.909,69,81,SYNTHETIC_DEMO
NEWS00833,Location 0833,LOC,LOCATION 0833,0.931,59,138,SYNTHETIC_DEMO
NEWS00834,Product 0834,PRODUCT,PRODUCT 0834,0.796,6,134,SYNTHETIC_DEMO
NEWS00835,Labor Disruption,EVENT,LABOR DISRUPTION,0.877,71,137,SYNTHETIC_DEMO
NEWS00836,Supplier 0836,ORG,SUPPLIER 0836,0.883,14,134,SYNTHETIC_DEMO
NEWS00837,Location 0837,GPE,LOCATION 0837,0.755,68,107,SYNTHETIC_DEMO
NEWS00838,Location 0838,LOC,LOCATION 0838,0.9,44,145,SYNTHETIC_DEMO
NEWS00839,Product 0839,PRODUCT,PRODUCT 0839,0.973,6,115,SYNTHETIC_DEMO
NEWS00840,Flood,EVENT,FLOOD,0.98,2,156,SYNTHETIC_DEMO
NEWS00841,Supplier 0841,ORG,SUPPLIER 0841,0.973,43,144,SYNTHETIC_DEMO
NEWS00842,Location 0842,GPE,LOCATION 0842,0.888,21,157,SYNTHETIC_DEMO
NEWS00843,Location 0843,LOC,LOCATION 0843,0.76,14,110,SYNTHETIC_DEMO
NEWS00844,Product 0844,PRODUCT,PRODUCT 0844,0.934,68,131,SYNTHETIC_DEMO
NEWS00845,Labor Disruption,EVENT,LABOR DISRUPTION,0.986,59,103,SYNTHETIC_DEMO
NEWS00846,Supplier 0846,ORG,SUPPLIER 0846,0.832,28,97,SYNTHETIC_DEMO
NEWS00847,Location 0847,GPE,LOCATION 0847,0.838,67,135,SYNTHETIC_DEMO
NEWS00848,Location 0848,LOC,LOCATION 0848,0.948,0,140,SYNTHETIC_DEMO
NEWS00849,Product 0849,PRODUCT,PRODUCT 0849,0.921,76,112,SYNTHETIC_DEMO
NEWS00850,Flood,EVENT,FLOOD,0.877,57,133,SYNTHETIC_DEMO
NEWS00851,Supplier 0851,ORG,SUPPLIER 0851,0.984,32,118,SYNTHETIC_DEMO
NEWS00852,Location 0852,GPE,LOCATION 0852,0.811,32,89,SYNTHETIC_DEMO
NEWS00853,Location 0853,LOC,LOCATION 0853,0.987,19,111,SYNTHETIC_DEMO
NEWS00854,Product 0854,PRODUCT,PRODUCT 0854,0.809,71,82,SYNTHETIC_DEMO
NEWS00855,Labor Disruption,EVENT,LABOR DISRUPTION,0.834,25,86,SYNTHETIC_DEMO
NEWS00856,Supplier 0856,ORG,SUPPLIER 0856,0.807,42,152,SYNTHETIC_DEMO
NEWS00857,Location 0857,GPE,LOCATION 0857,0.936,51,114,SYNTHETIC_DEMO
NEWS00858,Location 0858,LOC,LOCATION 0858,0.757,25,81,SYNTHETIC_DEMO
NEWS00859,Product 0859,PRODUCT,PRODUCT 0859,0.879,24,136,SYNTHETIC_DEMO
NEWS00860,Flood,EVENT,FLOOD,0.859,9,158,SYNTHETIC_DEMO
NEWS00861,Supplier 0861,ORG,SUPPLIER 0861,0.907,15,107,SYNTHETIC_DEMO
NEWS00862,Location 0862,GPE,LOCATION 0862,0.864,21,128,SYNTHETIC_DEMO
NEWS00863,Location 0863,LOC,LOCATION 0863,0.906,64,138,SYNTHETIC_DEMO
NEWS00864,Product 0864,PRODUCT,PRODUCT 0864,0.938,60,109,SYNTHETIC_DEMO
NEWS00865,Labor Disruption,EVENT,LABOR DISRUPTION,0.929,38,92,SYNTHETIC_DEMO
NEWS00866,Supplier 0866,ORG,SUPPLIER 0866,0.772,47,157,SYNTHETIC_DEMO
NEWS00867,Location 0867,GPE,LOCATION 0867,0.967,2,99,SYNTHETIC_DEMO
NEWS00868,Location 0868,LOC,LOCATION 0868,0.833,26,95,SYNTHETIC_DEMO
NEWS00869,Product 0869,PRODUCT,PRODUCT 0869,0.771,54,153,SYNTHETIC_DEMO
NEWS00870,Flood,EVENT,FLOOD,0.806,4,130,SYNTHETIC_DEMO
NEWS00871,Supplier 0871,ORG,SUPPLIER 0871,0.782,27,109,SYNTHETIC_DEMO
NEWS00872,Location 0872,GPE,LOCATION 0872,0.8,25,118,SYNTHETIC_DEMO
NEWS00873,Location 0873,LOC,LOCATION 0873,0.774,16,119,SYNTHETIC_DEMO
NEWS00874,Product 0874,PRODUCT,PRODUCT 0874,0.887,11,86,SYNTHETIC_DEMO
NEWS00875,Labor Disruption,EVENT,LABOR DISRUPTION,0.849,67,122,SYNTHETIC_DEMO
NEWS00876,Supplier 0876,ORG,SUPPLIER 0876,0.981,79,83,SYNTHETIC_DEMO
NEWS00877,Location 0877,GPE,LOCATION 0877,0.752,16,119,SYNTHETIC_DEMO
NEWS00878,Location 0878,LOC,LOCATION 0878,0.904,64,102,SYNTHETIC_DEMO
NEWS00879,Product 0879,PRODUCT,PRODUCT 0879,0.777,71,114,SYNTHETIC_DEMO
NEWS00880,Flood,EVENT,FLOOD,0.903,62,98,SYNTHETIC_DEMO
NEWS00881,Supplier 0881,ORG,SUPPLIER 0881,0.763,5,129,SYNTHETIC_DEMO
NEWS00882,Location 0882,GPE,LOCATION 0882,0.852,34,156,SYNTHETIC_DEMO
NEWS00883,Location 0883,LOC,LOCATION 0883,0.858,29,129,SYNTHETIC_DEMO
NEWS00884,Product 0884,PRODUCT,PRODUCT 0884,0.818,28,102,SYNTHETIC_DEMO
NEWS00885,Labor Disruption,EVENT,LABOR DISRUPTION,0.764,30,129,SYNTHETIC_DEMO
NEWS00886,Supplier 0886,ORG,SUPPLIER 0886,0.929,68,112,SYNTHETIC_DEMO
NEWS00887,Location 0887,GPE,LOCATION 0887,0.77,40,160,SYNTHETIC_DEMO
NEWS00888,Location 0888,LOC,LOCATION 0888,0.884,70,107,SYNTHETIC_DEMO
NEWS00889,Product 0889,PRODUCT,PRODUCT 0889,0.845,23,125,SYNTHETIC_DEMO
NEWS00890,Flood,EVENT,FLOOD,0.908,70,92,SYNTHETIC_DEMO
NEWS00891,Supplier 0891,ORG,SUPPLIER 0891,0.945,73,86,SYNTHETIC_DEMO
NEWS00892,Location 0892,GPE,LOCATION 0892,0.976,72,109,SYNTHETIC_DEMO
NEWS00893,Location 0893,LOC,LOCATION 0893,0.848,40,113,SYNTHETIC_DEMO
NEWS00894,Product 0894,PRODUCT,PRODUCT 0894,0.851,31,136,SYNTHETIC_DEMO
NEWS00895,Labor Disruption,EVENT,LABOR DISRUPTION,0.825,60,93,SYNTHETIC_DEMO
NEWS00896,Supplier 0896,ORG,SUPPLIER 0896,0.781,26,146,SYNTHETIC_DEMO
NEWS00897,Location 0897,GPE,LOCATION 0897,0.808,18,151,SYNTHETIC_DEMO
NEWS00898,Location 0898,LOC,LOCATION 0898,0.904,80,127,SYNTHETIC_DEMO
NEWS00899,Product 0899,PRODUCT,PRODUCT 0899,0.756,65,111,SYNTHETIC_DEMO
NEWS00900,Flood,EVENT,FLOOD,0.808,75,142,SYNTHETIC_DEMO
NEWS00901,Supplier 0901,ORG,SUPPLIER 0901,0.818,45,129,SYNTHETIC_DEMO
NEWS00902,Location 0902,GPE,LOCATION 0902,0.899,25,130,SYNTHETIC_DEMO
NEWS00903,Location 0903,LOC,LOCATION 0903,0.947,66,83,SYNTHETIC_DEMO
NEWS00904,Product 0904,PRODUCT,PRODUCT 0904,0.871,60,149,SYNTHETIC_DEMO
NEWS00905,Labor Disruption,EVENT,LABOR DISRUPTION,0.919,21,87,SYNTHETIC_DEMO
NEWS00906,Supplier 0906,ORG,SUPPLIER 0906,0.866,8,95,SYNTHETIC_DEMO
NEWS00907,Location 0907,GPE,LOCATION 0907,0.97,77,88,SYNTHETIC_DEMO
NEWS00908,Location 0908,LOC,LOCATION 0908,0.858,35,156,SYNTHETIC_DEMO
NEWS00909,Product 0909,PRODUCT,PRODUCT 0909,0.915,1,150,SYNTHETIC_DEMO
NEWS00910,Flood,EVENT,FLOOD,0.905,53,137,SYNTHETIC_DEMO
NEWS00911,Supplier 0911,ORG,SUPPLIER 0911,0.801,26,135,SYNTHETIC_DEMO
NEWS00912,Location 0912,GPE,LOCATION 0912,0.827,21,95,SYNTHETIC_DEMO
NEWS00913,Location 0913,LOC,LOCATION 0913,0.872,21,83,SYNTHETIC_DEMO
NEWS00914,Product 0914,PRODUCT,PRODUCT 0914,0.848,18,113,SYNTHETIC_DEMO
NEWS00915,Labor Disruption,EVENT,LABOR DISRUPTION,0.959,65,131,SYNTHETIC_DEMO
NEWS00916,Supplier 0916,ORG,SUPPLIER 0916,0.804,8,103,SYNTHETIC_DEMO
NEWS00917,Location 0917,GPE,LOCATION 0917,0.837,38,109,SYNTHETIC_DEMO
NEWS00918,Location 0918,LOC,LOCATION 0918,0.818,20,140,SYNTHETIC_DEMO
NEWS00919,Product 0919,PRODUCT,PRODUCT 0919,0.936,40,105,SYNTHETIC_DEMO
NEWS00920,Flood,EVENT,FLOOD,0.822,12,156,SYNTHETIC_DEMO
NEWS00921,Supplier 0921,ORG,SUPPLIER 0921,0.879,4,153,SYNTHETIC_DEMO
NEWS00922,Location 0922,GPE,LOCATION 0922,0.946,67,130,SYNTHETIC_DEMO
NEWS00923,Location 0923,LOC,LOCATION 0923,0.902,24,129,SYNTHETIC_DEMO
NEWS00924,Product 0924,PRODUCT,PRODUCT 0924,0.867,34,125,SYNTHETIC_DEMO
NEWS00925,Labor Disruption,EVENT,LABOR DISRUPTION,0.921,22,109,SYNTHETIC_DEMO
NEWS00926,Supplier 0926,ORG,SUPPLIER 0926,0.962,27,151,SYNTHETIC_DEMO
NEWS00927,Location 0927,GPE,LOCATION 0927,0.984,64,98,SYNTHETIC_DEMO
NEWS00928,Location 0928,LOC,LOCATION 0928,0.919,28,153,SYNTHETIC_DEMO
NEWS00929,Product 0929,PRODUCT,PRODUCT 0929,0.88,73,125,SYNTHETIC_DEMO
NEWS00930,Flood,EVENT,FLOOD,0.861,52,146,SYNTHETIC_DEMO
NEWS00931,Supplier 0931,ORG,SUPPLIER 0931,0.845,19,84,SYNTHETIC_DEMO
NEWS00932,Location 0932,GPE,LOCATION 0932,0.79,50,153,SYNTHETIC_DEMO
NEWS00933,Location 0933,LOC,LOCATION 0933,0.874,52,119,SYNTHETIC_DEMO
NEWS00934,Product 0934,PRODUCT,PRODUCT 0934,0.865,60,156,SYNTHETIC_DEMO
NEWS00935,Labor Disruption,EVENT,LABOR DISRUPTION,0.989,55,115,SYNTHETIC_DEMO
NEWS00936,Supplier 0936,ORG,SUPPLIER 0936,0.883,47,135,SYNTHETIC_DEMO
NEWS00937,Location 0937,GPE,LOCATION 0937,0.923,30,128,SYNTHETIC_DEMO
NEWS00938,Location 0938,LOC,LOCATION 0938,0.961,16,98,SYNTHETIC_DEMO
NEWS00939,Product 0939,PRODUCT,PRODUCT 0939,0.881,43,154,SYNTHETIC_DEMO
NEWS00940,Flood,EVENT,FLOOD,0.966,5,87,SYNTHETIC_DEMO
NEWS00941,Supplier 0941,ORG,SUPPLIER 0941,0.906,7,147,SYNTHETIC_DEMO
NEWS00942,Location 0942,GPE,LOCATION 0942,0.885,75,156,SYNTHETIC_DEMO
NEWS00943,Location 0943,LOC,LOCATION 0943,0.887,54,91,SYNTHETIC_DEMO
NEWS00944,Product 0944,PRODUCT,PRODUCT 0944,0.946,80,136,SYNTHETIC_DEMO
NEWS00945,Labor Disruption,EVENT,LABOR DISRUPTION,0.79,35,97,SYNTHETIC_DEMO
NEWS00946,Supplier 0946,ORG,SUPPLIER 0946,0.859,33,96,SYNTHETIC_DEMO
NEWS00947,Location 0947,GPE,LOCATION 0947,0.926,43,152,SYNTHETIC_DEMO
NEWS00948,Location 0948,LOC,LOCATION 0948,0.778,16,97,SYNTHETIC_DEMO
NEWS00949,Product 0949,PRODUCT,PRODUCT 0949,0.87,63,83,SYNTHETIC_DEMO
NEWS00950,Flood,EVENT,FLOOD,0.851,76,144,SYNTHETIC_DEMO
NEWS00951,Supplier 0951,ORG,SUPPLIER 0951,0.807,9,96,SYNTHETIC_DEMO
NEWS00952,Location 0952,GPE,LOCATION 0952,0.962,60,142,SYNTHETIC_DEMO
NEWS00953,Location 0953,LOC,LOCATION 0953,0.841,63,149,SYNTHETIC_DEMO
NEWS00954,Product 0954,PRODUCT,PRODUCT 0954,0.858,68,147,SYNTHETIC_DEMO
NEWS00955,Labor Disruption,EVENT,LABOR DISRUPTION,0.811,20,90,SYNTHETIC_DEMO
NEWS00956,Supplier 0956,ORG,SUPPLIER 0956,0.886,22,127,SYNTHETIC_DEMO
NEWS00957,Location 0957,GPE,LOCATION 0957,0.837,2,109,SYNTHETIC_DEMO
NEWS00958,Location 0958,LOC,LOCATION 0958,0.9,40,151,SYNTHETIC_DEMO
NEWS00959,Product 0959,PRODUCT,PRODUCT 0959,0.95,70,131,SYNTHETIC_DEMO
NEWS00960,Flood,EVENT,FLOOD,0.87,8,123,SYNTHETIC_DEMO
NEWS00961,Supplier 0961,ORG,SUPPLIER 0961,0.846,6,142,SYNTHETIC_DEMO
NEWS00962,Location 0962,GPE,LOCATION 0962,0.819,78,87,SYNTHETIC_DEMO
NEWS00963,Location 0963,LOC,LOCATION 0963,0.96,20,123,SYNTHETIC_DEMO
NEWS00964,Product 0964,PRODUCT,PRODUCT 0964,0.947,77,128,SYNTHETIC_DEMO
NEWS00965,Labor Disruption,EVENT,LABOR DISRUPTION,0.944,80,90,SYNTHETIC_DEMO
NEWS00966,Supplier 0966,ORG,SUPPLIER 0966,0.756,30,94,SYNTHETIC_DEMO
NEWS00967,Location 0967,GPE,LOCATION 0967,0.79,13,82,SYNTHETIC_DEMO
NEWS00968,Location 0968,LOC,LOCATION 0968,0.825,2,94,SYNTHETIC_DEMO
NEWS00969,Product 0969,PRODUCT,PRODUCT 0969,0.93,3,118,SYNTHETIC_DEMO
NEWS00970,Flood,EVENT,FLOOD,0.922,51,106,SYNTHETIC_DEMO
NEWS00971,Supplier 0971,ORG,SUPPLIER 0971,0.884,56,160,SYNTHETIC_DEMO
NEWS00972,Location 0972,GPE,LOCATION 0972,0.898,33,156,SYNTHETIC_DEMO
NEWS00973,Location 0973,LOC,LOCATION 0973,0.827,64,111,SYNTHETIC_DEMO
NEWS00974,Product 0974,PRODUCT,PRODUCT 0974,0.914,64,151,SYNTHETIC_DEMO
NEWS00975,Labor Disruption,EVENT,LABOR DISRUPTION,0.896,13,150,SYNTHETIC_DEMO
NEWS00976,Supplier 0976,ORG,SUPPLIER 0976,0.778,70,154,SYNTHETIC_DEMO
NEWS00977,Location 0977,GPE,LOCATION 0977,0.864,79,95,SYNTHETIC_DEMO
NEWS00978,Location 0978,LOC,LOCATION 0978,0.802,35,119,SYNTHETIC_DEMO
NEWS00979,Product 0979,PRODUCT,PRODUCT 0979,0.799,27,95,SYNTHETIC_DEMO
NEWS00980,Flood,EVENT,FLOOD,0.769,65,85,SYNTHETIC_DEMO
NEWS00981,Supplier 0981,ORG,SUPPLIER 0981,0.828,78,103,SYNTHETIC_DEMO
NEWS00982,Location 0982,GPE,LOCATION 0982,0.846,3,151,SYNTHETIC_DEMO
NEWS00983,Location 0983,LOC,LOCATION 0983,0.988,44,147,SYNTHETIC_DEMO
NEWS00984,Product 0984,PRODUCT,PRODUCT 0984,0.845,5,105,SYNTHETIC_DEMO
NEWS00985,Labor Disruption,EVENT,LABOR DISRUPTION,0.945,10,138,SYNTHETIC_DEMO
NEWS00986,Supplier 0986,ORG,SUPPLIER 0986,0.984,50,102,SYNTHETIC_DEMO
NEWS00987,Location 0987,GPE,LOCATION 0987,0.953,70,136,SYNTHETIC_DEMO
NEWS00988,Location 0988,LOC,LOCATION 0988,0.977,60,155,SYNTHETIC_DEMO
NEWS00989,Product 0989,PRODUCT,PRODUCT 0989,0.986,38,98,SYNTHETIC_DEMO
NEWS00990,Flood,EVENT,FLOOD,0.929,25,128,SYNTHETIC_DEMO
NEWS00991,Supplier 0991,ORG,SUPPLIER 0991,0.863,14,86,SYNTHETIC_DEMO
NEWS00992,Location 0992,GPE,LOCATION 0992,0.88,59,118,SYNTHETIC_DEMO
NEWS00993,Location 0993,LOC,LOCATION 0993,0.776,76,110,SYNTHETIC_DEMO
NEWS00994,Product 0994,PRODUCT,PRODUCT 0994,0.792,50,130,SYNTHETIC_DEMO
NEWS00995,Labor Disruption,EVENT,LABOR DISRUPTION,0.767,38,131,SYNTHETIC_DEMO
NEWS00996,Supplier 0996,ORG,SUPPLIER 0996,0.78,57,88,SYNTHETIC_DEMO
NEWS00997,Location 0997,GPE,LOCATION 0997,0.79,40,92,SYNTHETIC_DEMO
NEWS00998,Location 0998,LOC,LOCATION 0998,0.884,0,131,SYNTHETIC_DEMO
NEWS00999,Product 0999,PRODUCT,PRODUCT 0999,0.895,34,136,SYNTHETIC_DEMO
NEWS01000,Flood,EVENT,FLOOD,0.941,14,126,SYNTHETIC_DEMO
NEWS00001,Supplier 0001,ORG,SUPPLIER 0001,0.838,61,160,SYNTHETIC_DEMO
NEWS00002,Location 0002,GPE,LOCATION 0002,0.862,31,117,SYNTHETIC_DEMO
NEWS00003,Location 0003,LOC,LOCATION 0003,0.966,33,89,SYNTHETIC_DEMO
NEWS00004,Product 0004,PRODUCT,PRODUCT 0004,0.917,17,114,SYNTHETIC_DEMO
NEWS00005,Labor Disruption,EVENT,LABOR DISRUPTION,0.988,47,112,SYNTHETIC_DEMO
NEWS00006,Supplier 0006,ORG,SUPPLIER 0006,0.831,7,153,SYNTHETIC_DEMO
NEWS00007,Location 0007,GPE,LOCATION 0007,0.965,77,139,SYNTHETIC_DEMO
NEWS00008,Location 0008,LOC,LOCATION 0008,0.75,80,128,SYNTHETIC_DEMO
NEWS00009,Product 0009,PRODUCT,PRODUCT 0009,0.757,11,132,SYNTHETIC_DEMO
NEWS00010,Flood,EVENT,FLOOD,0.817,64,125,SYNTHETIC_DEMO
NEWS00011,Supplier 0011,ORG,SUPPLIER 0011,0.841,67,86,SYNTHETIC_DEMO
NEWS00012,Location 0012,GPE,LOCATION 0012,0.798,29,132,SYNTHETIC_DEMO
NEWS00013,Location 0013,LOC,LOCATION 0013,0.841,48,89,SYNTHETIC_DEMO
NEWS00014,Product 0014,PRODUCT,PRODUCT 0014,0.827,39,96,SYNTHETIC_DEMO
NEWS00015,Labor Disruption,EVENT,LABOR DISRUPTION,0.967,46,97,SYNTHETIC_DEMO
NEWS00016,Supplier 0016,ORG,SUPPLIER 0016,0.776,29,102,SYNTHETIC_DEMO
NEWS00017,Location 0017,GPE,LOCATION 0017,0.92,48,156,SYNTHETIC_DEMO
NEWS00018,Location 0018,LOC,LOCATION 0018,0.894,13,142,SYNTHETIC_DEMO
NEWS00019,Product 0019,PRODUCT,PRODUCT 0019,0.912,75,152,SYNTHETIC_DEMO
NEWS00020,Flood,EVENT,FLOOD,0.966,51,122,SYNTHETIC_DEMO
NEWS00021,Supplier 0021,ORG,SUPPLIER 0021,0.842,72,143,SYNTHETIC_DEMO
NEWS00022,Location 0022,GPE,LOCATION 0022,0.947,14,87,SYNTHETIC_DEMO
NEWS00023,Location 0023,LOC,LOCATION 0023,0.957,50,96,SYNTHETIC_DEMO
NEWS00024,Product 0024,PRODUCT,PRODUCT 0024,0.806,23,140,SYNTHETIC_DEMO
NEWS00025,Labor Disruption,EVENT,LABOR DISRUPTION,0.865,25,118,SYNTHETIC_DEMO
NEWS00026,Supplier 0026,ORG,SUPPLIER 0026,0.814,43,139,SYNTHETIC_DEMO
NEWS00027,Location 0027,GPE,LOCATION 0027,0.939,26,107,SYNTHETIC_DEMO
NEWS00028,Location 0028,LOC,LOCATION 0028,0.939,58,118,SYNTHETIC_DEMO
NEWS00029,Product 0029,PRODUCT,PRODUCT 0029,0.885,12,96,SYNTHETIC_DEMO
NEWS00030,Flood,EVENT,FLOOD,0.824,25,110,SYNTHETIC_DEMO
NEWS00031,Supplier 0031,ORG,SUPPLIER 0031,0.75,8,131,SYNTHETIC_DEMO
NEWS00032,Location 0032,GPE,LOCATION 0032,0.767,63,144,SYNTHETIC_DEMO
NEWS00033,Location 0033,LOC,LOCATION 0033,0.87,41,134,SYNTHETIC_DEMO
NEWS00034,Product 0034,PRODUCT,PRODUCT 0034,0.946,36,88,SYNTHETIC_DEMO
NEWS00035,Labor Disruption,EVENT,LABOR DISRUPTION,0.899,5,122,SYNTHETIC_DEMO
NEWS00036,Supplier 0036,ORG,SUPPLIER 0036,0.971,40,92,SYNTHETIC_DEMO
NEWS00037,Location 0037,GPE,LOCATION 0037,0.943,9,123,SYNTHETIC_DEMO
NEWS00038,Location 0038,LOC,LOCATION 0038,0.862,27,109,SYNTHETIC_DEMO
NEWS00039,Product 0039,PRODUCT,PRODUCT 0039,0.902,59,87,SYNTHETIC_DEMO
NEWS00040,Flood,EVENT,FLOOD,0.806,53,93,SYNTHETIC_DEMO
NEWS00041,Supplier 0041,ORG,SUPPLIER 0041,0.912,48,159,SYNTHETIC_DEMO
NEWS00042,Location 0042,GPE,LOCATION 0042,0.891,50,91,SYNTHETIC_DEMO
NEWS00043,Location 0043,LOC,LOCATION 0043,0.891,36,150,SYNTHETIC_DEMO
NEWS00044,Product 0044,PRODUCT,PRODUCT 0044,0.864,30,103,SYNTHETIC_DEMO
NEWS00045,Labor Disruption,EVENT,LABOR DISRUPTION,0.913,17,104,SYNTHETIC_DEMO
NEWS00046,Supplier 0046,ORG,SUPPLIER 0046,0.949,0,146,SYNTHETIC_DEMO
NEWS00047,Location 0047,GPE,LOCATION 0047,0.834,5,108,SYNTHETIC_DEMO
NEWS00048,Location 0048,LOC,LOCATION 0048,0.788,46,123,SYNTHETIC_DEMO
NEWS00049,Product 0049,PRODUCT,PRODUCT 0049,0.944,65,155,SYNTHETIC_DEMO
NEWS00050,Flood,EVENT,FLOOD,0.852,12,141,SYNTHETIC_DEMO
NEWS00051,Supplier 0051,ORG,SUPPLIER 0051,0.798,13,124,SYNTHETIC_DEMO
NEWS00052,Location 0052,GPE,LOCATION 0052,0.934,24,147,SYNTHETIC_DEMO
NEWS00053,Location 0053,LOC,LOCATION 0053,0.826,70,102,SYNTHETIC_DEMO
NEWS00054,Product 0054,PRODUCT,PRODUCT 0054,0.798,63,122,SYNTHETIC_DEMO
NEWS00055,Labor Disruption,EVENT,LABOR DISRUPTION,0.943,0,115,SYNTHETIC_DEMO
NEWS00056,Supplier 0056,ORG,SUPPLIER 0056,0.821,61,143,SYNTHETIC_DEMO
NEWS00057,Location 0057,GPE,LOCATION 0057,0.839,12,88,SYNTHETIC_DEMO
NEWS00058,Location 0058,LOC,LOCATION 0058,0.951,69,122,SYNTHETIC_DEMO
NEWS00059,Product 0059,PRODUCT,PRODUCT 0059,0.775,64,128,SYNTHETIC_DEMO
NEWS00060,Flood,EVENT,FLOOD,0.868,73,128,SYNTHETIC_DEMO
NEWS00061,Supplier 0061,ORG,SUPPLIER 0061,0.876,66,120,SYNTHETIC_DEMO
NEWS00062,Location 0062,GPE,LOCATION 0062,0.811,48,114,SYNTHETIC_DEMO
NEWS00063,Location 0063,LOC,LOCATION 0063,0.975,40,119,SYNTHETIC_DEMO
NEWS00064,Product 0064,PRODUCT,PRODUCT 0064,0.762,15,99,SYNTHETIC_DEMO
NEWS00065,Labor Disruption,EVENT,LABOR DISRUPTION,0.815,41,90,SYNTHETIC_DEMO
NEWS00066,Supplier 0066,ORG,SUPPLIER 0066,0.81,67,131,SYNTHETIC_DEMO
NEWS00067,Location 0067,GPE,LOCATION 0067,0.811,26,110,SYNTHETIC_DEMO
NEWS00068,Location 0068,LOC,LOCATION 0068,0.91,7,138,SYNTHETIC_DEMO
NEWS00069,Product 0069,PRODUCT,PRODUCT 0069,0.986,3,128,SYNTHETIC_DEMO
NEWS00070,Flood,EVENT,FLOOD,0.787,41,93,SYNTHETIC_DEMO
NEWS00071,Supplier 0071,ORG,SUPPLIER 0071,0.923,58,142,SYNTHETIC_DEMO
NEWS00072,Location 0072,GPE,LOCATION 0072,0.805,68,107,SYNTHETIC_DEMO
NEWS00073,Location 0073,LOC,LOCATION 0073,0.988,39,89,SYNTHETIC_DEMO
NEWS00074,Product 0074,PRODUCT,PRODUCT 0074,0.843,33,101,SYNTHETIC_DEMO
NEWS00075,Labor Disruption,EVENT,LABOR DISRUPTION,0.907,10,159,SYNTHETIC_DEMO
NEWS00076,Supplier 0076,ORG,SUPPLIER 0076,0.894,47,145,SYNTHETIC_DEMO
NEWS00077,Location 0077,GPE,LOCATION 0077,0.894,28,103,SYNTHETIC_DEMO
NEWS00078,Location 0078,LOC,LOCATION 0078,0.781,80,100,SYNTHETIC_DEMO
NEWS00079,Product 0079,PRODUCT,PRODUCT 0079,0.769,53,142,SYNTHETIC_DEMO
NEWS00080,Flood,EVENT,FLOOD,0.953,75,100,SYNTHETIC_DEMO
NEWS00081,Supplier 0081,ORG,SUPPLIER 0081,0.782,44,140,SYNTHETIC_DEMO
NEWS00082,Location 0082,GPE,LOCATION 0082,0.804,56,114,SYNTHETIC_DEMO
NEWS00083,Location 0083,LOC,LOCATION 0083,0.765,70,137,SYNTHETIC_DEMO
NEWS00084,Product 0084,PRODUCT,PRODUCT 0084,0.862,11,120,SYNTHETIC_DEMO
NEWS00085,Labor Disruption,EVENT,LABOR DISRUPTION,0.839,36,120,SYNTHETIC_DEMO
NEWS00086,Supplier 0086,ORG,SUPPLIER 0086,0.983,41,104,SYNTHETIC_DEMO
NEWS00087,Location 0087,GPE,LOCATION 0087,0.844,9,96,SYNTHETIC_DEMO
NEWS00088,Location 0088,LOC,LOCATION 0088,0.851,52,108,SYNTHETIC_DEMO
NEWS00089,Product 0089,PRODUCT,PRODUCT 0089,0.859,10,142,SYNTHETIC_DEMO
NEWS00090,Flood,EVENT,FLOOD,0.962,73,88,SYNTHETIC_DEMO
NEWS00091,Supplier 0091,ORG,SUPPLIER 0091,0.926,46,104,SYNTHETIC_DEMO
NEWS00092,Location 0092,GPE,LOCATION 0092,0.958,48,97,SYNTHETIC_DEMO
NEWS00093,Location 0093,LOC,LOCATION 0093,0.844,14,116,SYNTHETIC_DEMO
NEWS00094,Product 0094,PRODUCT,PRODUCT 0094,0.89,46,101,SYNTHETIC_DEMO
NEWS00095,Labor Disruption,EVENT,LABOR DISRUPTION,0.921,13,96,SYNTHETIC_DEMO
NEWS00096,Supplier 0096,ORG,SUPPLIER 0096,0.917,21,123,SYNTHETIC_DEMO
NEWS00097,Location 0097,GPE,LOCATION 0097,0.901,37,91,SYNTHETIC_DEMO
NEWS00098,Location 0098,LOC,LOCATION 0098,0.932,37,127,SYNTHETIC_DEMO
NEWS00099,Product 0099,PRODUCT,PRODUCT 0099,0.779,2,91,SYNTHETIC_DEMO
NEWS00100,Flood,EVENT,FLOOD,0.977,43,85,SYNTHETIC_DEMO
NEWS00101,Supplier 0101,ORG,SUPPLIER 0101,0.788,27,109,SYNTHETIC_DEMO
NEWS00102,Location 0102,GPE,LOCATION 0102,0.944,14,132,SYNTHETIC_DEMO
NEWS00103,Location 0103,LOC,LOCATION 0103,0.795,68,96,SYNTHETIC_DEMO
NEWS00104,Product 0104,PRODUCT,PRODUCT 0104,0.95,35,127,SYNTHETIC_DEMO
NEWS00105,Labor Disruption,EVENT,LABOR DISRUPTION,0.933,4,155,SYNTHETIC_DEMO
NEWS00106,Supplier 0106,ORG,SUPPLIER 0106,0.926,17,84,SYNTHETIC_DEMO
NEWS00107,Location 0107,GPE,LOCATION 0107,0.807,2,142,SYNTHETIC_DEMO
NEWS00108,Location 0108,LOC,LOCATION 0108,0.862,74,130,SYNTHETIC_DEMO
NEWS00109,Product 0109,PRODUCT,PRODUCT 0109,0.936,31,128,SYNTHETIC_DEMO
NEWS00110,Flood,EVENT,FLOOD,0.947,58,107,SYNTHETIC_DEMO
NEWS00111,Supplier 0111,ORG,SUPPLIER 0111,0.934,9,90,SYNTHETIC_DEMO
NEWS00112,Location 0112,GPE,LOCATION 0112,0.789,59,155,SYNTHETIC_DEMO
NEWS00113,Location 0113,LOC,LOCATION 0113,0.807,5,135,SYNTHETIC_DEMO
NEWS00114,Product 0114,PRODUCT,PRODUCT 0114,0.794,12,95,SYNTHETIC_DEMO
NEWS00115,Labor Disruption,EVENT,LABOR DISRUPTION,0.769,63,97,SYNTHETIC_DEMO
NEWS00116,Supplier 0116,ORG,SUPPLIER 0116,0.786,65,99,SYNTHETIC_DEMO
NEWS00117,Location 0117,GPE,LOCATION 0117,0.839,74,145,SYNTHETIC_DEMO
NEWS00118,Location 0118,LOC,LOCATION 0118,0.888,11,146,SYNTHETIC_DEMO
NEWS00119,Product 0119,PRODUCT,PRODUCT 0119,0.954,20,105,SYNTHETIC_DEMO
NEWS00120,Flood,EVENT,FLOOD,0.822,60,111,SYNTHETIC_DEMO
NEWS00121,Supplier 0121,ORG,SUPPLIER 0121,0.95,51,127,SYNTHETIC_DEMO
NEWS00122,Location 0122,GPE,LOCATION 0122,0.869,5,118,SYNTHETIC_DEMO
NEWS00123,Location 0123,LOC,LOCATION 0123,0.937,62,121,SYNTHETIC_DEMO
NEWS00124,Product 0124,PRODUCT,PRODUCT 0124,0.903,15,106,SYNTHETIC_DEMO
NEWS00125,Labor Disruption,EVENT,LABOR DISRUPTION,0.818,0,145,SYNTHETIC_DEMO
NEWS00126,Supplier 0126,ORG,SUPPLIER 0126,0.788,74,142,SYNTHETIC_DEMO
NEWS00127,Location 0127,GPE,LOCATION 0127,0.965,29,132,SYNTHETIC_DEMO
NEWS00128,Location 0128,LOC,LOCATION 0128,0.983,69,117,SYNTHETIC_DEMO
NEWS00129,Product 0129,PRODUCT,PRODUCT 0129,0.955,20,149,SYNTHETIC_DEMO
NEWS00130,Flood,EVENT,FLOOD,0.834,41,147,SYNTHETIC_DEMO
NEWS00131,Supplier 0131,ORG,SUPPLIER 0131,0.765,60,138,SYNTHETIC_DEMO
NEWS00132,Location 0132,GPE,LOCATION 0132,0.948,42,83,SYNTHETIC_DEMO
NEWS00133,Location 0133,LOC,LOCATION 0133,0.987,40,137,SYNTHETIC_DEMO
NEWS00134,Product 0134,PRODUCT,PRODUCT 0134,0.952,33,152,SYNTHETIC_DEMO
NEWS00135,Labor Disruption,EVENT,LABOR DISRUPTION,0.884,48,125,SYNTHETIC_DEMO
NEWS00136,Supplier 0136,ORG,SUPPLIER 0136,0.767,53,138,SYNTHETIC_DEMO
NEWS00137,Location 0137,GPE,LOCATION 0137,0.788,78,116,SYNTHETIC_DEMO
NEWS00138,Location 0138,LOC,LOCATION 0138,0.77,10,119,SYNTHETIC_DEMO
NEWS00139,Product 0139,PRODUCT,PRODUCT 0139,0.912,27,126,SYNTHETIC_DEMO
NEWS00140,Flood,EVENT,FLOOD,0.84,60,122,SYNTHETIC_DEMO
NEWS00141,Supplier 0141,ORG,SUPPLIER 0141,0.808,0,94,SYNTHETIC_DEMO
NEWS00142,Location 0142,GPE,LOCATION 0142,0.8,65,124,SYNTHETIC_DEMO
NEWS00143,Location 0143,LOC,LOCATION 0143,0.756,54,152,SYNTHETIC_DEMO
NEWS00144,Product 0144,PRODUCT,PRODUCT 0144,0.757,24,155,SYNTHETIC_DEMO
NEWS00145,Labor Disruption,EVENT,LABOR DISRUPTION,0.949,0,148,SYNTHETIC_DEMO
NEWS00146,Supplier 0146,ORG,SUPPLIER 0146,0.846,80,149,SYNTHETIC_DEMO
NEWS00147,Location 0147,GPE,LOCATION 0147,0.97,57,109,SYNTHETIC_DEMO
NEWS00148,Location 0148,LOC,LOCATION 0148,0.805,45,131,SYNTHETIC_DEMO
NEWS00149,Product 0149,PRODUCT,PRODUCT 0149,0.777,30,89,SYNTHETIC_DEMO
NEWS00150,Flood,EVENT,FLOOD,0.964,51,102,SYNTHETIC_DEMO
NEWS00151,Supplier 0151,ORG,SUPPLIER 0151,0.806,59,135,SYNTHETIC_DEMO
NEWS00152,Location 0152,GPE,LOCATION 0152,0.822,56,107,SYNTHETIC_DEMO
NEWS00153,Location 0153,LOC,LOCATION 0153,0.843,41,120,SYNTHETIC_DEMO
NEWS00154,Product 0154,PRODUCT,PRODUCT 0154,0.797,62,91,SYNTHETIC_DEMO
NEWS00155,Labor Disruption,EVENT,LABOR DISRUPTION,0.931,54,87,SYNTHETIC_DEMO
NEWS00156,Supplier 0156,ORG,SUPPLIER 0156,0.914,46,139,SYNTHETIC_DEMO
NEWS00157,Location 0157,GPE,LOCATION 0157,0.788,17,150,SYNTHETIC_DEMO
NEWS00158,Location 0158,LOC,LOCATION 0158,0.79,46,90,SYNTHETIC_DEMO
NEWS00159,Product 0159,PRODUCT,PRODUCT 0159,0.802,23,152,SYNTHETIC_DEMO
NEWS00160,Flood,EVENT,FLOOD,0.979,20,95,SYNTHETIC_DEMO
NEWS00161,Supplier 0161,ORG,SUPPLIER 0161,0.816,62,133,SYNTHETIC_DEMO
NEWS00162,Location 0162,GPE,LOCATION 0162,0.962,45,119,SYNTHETIC_DEMO
NEWS00163,Location 0163,LOC,LOCATION 0163,0.889,66,156,SYNTHETIC_DEMO
NEWS00164,Product 0164,PRODUCT,PRODUCT 0164,0.897,51,143,SYNTHETIC_DEMO
NEWS00165,Labor Disruption,EVENT,LABOR DISRUPTION,0.77,9,127,SYNTHETIC_DEMO
NEWS00166,Supplier 0166,ORG,SUPPLIER 0166,0.838,5,141,SYNTHETIC_DEMO
NEWS00167,Location 0167,GPE,LOCATION 0167,0.786,6,146,SYNTHETIC_DEMO
NEWS00168,Location 0168,LOC,LOCATION 0168,0.8,73,112,SYNTHETIC_DEMO
NEWS00169,Product 0169,PRODUCT,PRODUCT 0169,0.825,35,140,SYNTHETIC_DEMO
NEWS00170,Flood,EVENT,FLOOD,0.907,26,129,SYNTHETIC_DEMO
NEWS00171,Supplier 0171,ORG,SUPPLIER 0171,0.883,31,142,SYNTHETIC_DEMO
NEWS00172,Location 0172,GPE,LOCATION 0172,0.858,15,105,SYNTHETIC_DEMO
NEWS00173,Location 0173,LOC,LOCATION 0173,0.934,26,160,SYNTHETIC_DEMO
NEWS00174,Product 0174,PRODUCT,PRODUCT 0174,0.986,22,152,SYNTHETIC_DEMO
NEWS00175,Labor Disruption,EVENT,LABOR DISRUPTION,0.829,15,92,SYNTHETIC_DEMO
NEWS00176,Supplier 0176,ORG,SUPPLIER 0176,0.904,33,101,SYNTHETIC_DEMO
NEWS00177,Location 0177,GPE,LOCATION 0177,0.762,51,88,SYNTHETIC_DEMO
NEWS00178,Location 0178,LOC,LOCATION 0178,0.863,63,120,SYNTHETIC_DEMO
NEWS00179,Product 0179,PRODUCT,PRODUCT 0179,0.827,72,147,SYNTHETIC_DEMO
NEWS00180,Flood,EVENT,FLOOD,0.828,57,88,SYNTHETIC_DEMO
NEWS00181,Supplier 0181,ORG,SUPPLIER 0181,0.902,7,115,SYNTHETIC_DEMO
NEWS00182,Location 0182,GPE,LOCATION 0182,0.836,25,110,SYNTHETIC_DEMO
NEWS00183,Location 0183,LOC,LOCATION 0183,0.762,5,99,SYNTHETIC_DEMO
NEWS00184,Product 0184,PRODUCT,PRODUCT 0184,0.953,47,104,SYNTHETIC_DEMO
NEWS00185,Labor Disruption,EVENT,LABOR DISRUPTION,0.801,21,116,SYNTHETIC_DEMO
NEWS00186,Supplier 0186,ORG,SUPPLIER 0186,0.88,35,155,SYNTHETIC_DEMO
NEWS00187,Location 0187,GPE,LOCATION 0187,0.805,65,118,SYNTHETIC_DEMO
NEWS00188,Location 0188,LOC,LOCATION 0188,0.928,65,126,SYNTHETIC_DEMO
NEWS00189,Product 0189,PRODUCT,PRODUCT 0189,0.891,1,103,SYNTHETIC_DEMO
NEWS00190,Flood,EVENT,FLOOD,0.762,65,139,SYNTHETIC_DEMO
NEWS00191,Supplier 0191,ORG,SUPPLIER 0191,0.861,17,133,SYNTHETIC_DEMO
NEWS00192,Location 0192,GPE,LOCATION 0192,0.935,9,96,SYNTHETIC_DEMO
NEWS00193,Location 0193,LOC,LOCATION 0193,0.812,65,125,SYNTHETIC_DEMO
NEWS00194,Product 0194,PRODUCT,PRODUCT 0194,0.912,51,152,SYNTHETIC_DEMO
NEWS00195,Labor Disruption,EVENT,LABOR DISRUPTION,0.886,27,138,SYNTHETIC_DEMO
NEWS00196,Supplier 0196,ORG,SUPPLIER 0196,0.778,66,128,SYNTHETIC_DEMO
NEWS00197,Location 0197,GPE,LOCATION 0197,0.751,27,157,SYNTHETIC_DEMO
NEWS00198,Location 0198,LOC,LOCATION 0198,0.909,42,154,SYNTHETIC_DEMO
NEWS00199,Product 0199,PRODUCT,PRODUCT 0199,0.765,20,142,SYNTHETIC_DEMO
NEWS00200,Flood,EVENT,FLOOD,0.886,1,100,SYNTHETIC_DEMO
NEWS00201,Supplier 0201,ORG,SUPPLIER 0201,0.829,26,104,SYNTHETIC_DEMO
NEWS00202,Location 0202,GPE,LOCATION 0202,0.964,6,94,SYNTHETIC_DEMO
NEWS00203,Location 0203,LOC,LOCATION 0203,0.887,5,154,SYNTHETIC_DEMO
NEWS00204,Product 0204,PRODUCT,PRODUCT 0204,0.953,56,152,SYNTHETIC_DEMO
NEWS00205,Labor Disruption,EVENT,LABOR DISRUPTION,0.888,2,154,SYNTHETIC_DEMO
NEWS00206,Supplier 0206,ORG,SUPPLIER 0206,0.788,61,146,SYNTHETIC_DEMO
NEWS00207,Location 0207,GPE,LOCATION 0207,0.803,47,131,SYNTHETIC_DEMO
NEWS00208,Location 0208,LOC,LOCATION 0208,0.885,58,118,SYNTHETIC_DEMO
NEWS00209,Product 0209,PRODUCT,PRODUCT 0209,0.829,51,97,SYNTHETIC_DEMO
NEWS00210,Flood,EVENT,FLOOD,0.956,76,91,SYNTHETIC_DEMO
NEWS00211,Supplier 0211,ORG,SUPPLIER 0211,0.886,24,111,SYNTHETIC_DEMO
NEWS00212,Location 0212,GPE,LOCATION 0212,0.922,69,82,SYNTHETIC_DEMO
NEWS00213,Location 0213,LOC,LOCATION 0213,0.847,76,136,SYNTHETIC_DEMO
NEWS00214,Product 0214,PRODUCT,PRODUCT 0214,0.846,45,153,SYNTHETIC_DEMO
NEWS00215,Labor Disruption,EVENT,LABOR DISRUPTION,0.819,65,112,SYNTHETIC_DEMO
NEWS00216,Supplier 0216,ORG,SUPPLIER 0216,0.894,64,109,SYNTHETIC_DEMO
NEWS00217,Location 0217,GPE,LOCATION 0217,0.906,71,90,SYNTHETIC_DEMO
NEWS00218,Location 0218,LOC,LOCATION 0218,0.891,69,150,SYNTHETIC_DEMO
NEWS00219,Product 0219,PRODUCT,PRODUCT 0219,0.914,70,144,SYNTHETIC_DEMO
NEWS00220,Flood,EVENT,FLOOD,0.926,66,107,SYNTHETIC_DEMO
NEWS00221,Supplier 0221,ORG,SUPPLIER 0221,0.879,37,122,SYNTHETIC_DEMO
NEWS00222,Location 0222,GPE,LOCATION 0222,0.757,15,129,SYNTHETIC_DEMO
NEWS00223,Location 0223,LOC,LOCATION 0223,0.888,31,115,SYNTHETIC_DEMO
NEWS00224,Product 0224,PRODUCT,PRODUCT 0224,0.875,1,130,SYNTHETIC_DEMO
NEWS00225,Labor Disruption,EVENT,LABOR DISRUPTION,0.93,60,136,SYNTHETIC_DEMO
NEWS00226,Supplier 0226,ORG,SUPPLIER 0226,0.762,44,144,SYNTHETIC_DEMO
NEWS00227,Location 0227,GPE,LOCATION 0227,0.936,47,128,SYNTHETIC_DEMO
NEWS00228,Location 0228,LOC,LOCATION 0228,0.766,34,157,SYNTHETIC_DEMO
NEWS00229,Product 0229,PRODUCT,PRODUCT 0229,0.814,41,108,SYNTHETIC_DEMO
NEWS00230,Flood,EVENT,FLOOD,0.933,12,85,SYNTHETIC_DEMO
NEWS00231,Supplier 0231,ORG,SUPPLIER 0231,0.962,39,156,SYNTHETIC_DEMO
NEWS00232,Location 0232,GPE,LOCATION 0232,0.94,66,148,SYNTHETIC_DEMO
NEWS00233,Location 0233,LOC,LOCATION 0233,0.972,28,86,SYNTHETIC_DEMO
NEWS00234,Product 0234,PRODUCT,PRODUCT 0234,0.767,74,149,SYNTHETIC_DEMO
NEWS00235,Labor Disruption,EVENT,LABOR DISRUPTION,0.835,69,124,SYNTHETIC_DEMO
NEWS00236,Supplier 0236,ORG,SUPPLIER 0236,0.787,14,88,SYNTHETIC_DEMO
NEWS00237,Location 0237,GPE,LOCATION 0237,0.835,69,147,SYNTHETIC_DEMO
NEWS00238,Location 0238,LOC,LOCATION 0238,0.943,61,95,SYNTHETIC_DEMO
NEWS00239,Product 0239,PRODUCT,PRODUCT 0239,0.791,70,123,SYNTHETIC_DEMO
NEWS00240,Flood,EVENT,FLOOD,0.938,4,134,SYNTHETIC_DEMO
NEWS00241,Supplier 0241,ORG,SUPPLIER 0241,0.972,10,144,SYNTHETIC_DEMO
NEWS00242,Location 0242,GPE,LOCATION 0242,0.78,73,151,SYNTHETIC_DEMO
NEWS00243,Location 0243,LOC,LOCATION 0243,0.879,27,154,SYNTHETIC_DEMO
NEWS00244,Product 0244,PRODUCT,PRODUCT 0244,0.836,27,96,SYNTHETIC_DEMO
NEWS00245,Labor Disruption,EVENT,LABOR DISRUPTION,0.989,0,142,SYNTHETIC_DEMO
NEWS00246,Supplier 0246,ORG,SUPPLIER 0246,0.97,72,151,SYNTHETIC_DEMO
NEWS00247,Location 0247,GPE,LOCATION 0247,0.855,73,91,SYNTHETIC_DEMO
NEWS00248,Location 0248,LOC,LOCATION 0248,0.888,30,160,SYNTHETIC_DEMO
NEWS00249,Product 0249,PRODUCT,PRODUCT 0249,0.85,55,109,SYNTHETIC_DEMO
NEWS00250,Flood,EVENT,FLOOD,0.762,42,92,SYNTHETIC_DEMO
NEWS00251,Supplier 0251,ORG,SUPPLIER 0251,0.909,56,136,SYNTHETIC_DEMO
NEWS00252,Location 0252,GPE,LOCATION 0252,0.809,67,156,SYNTHETIC_DEMO
NEWS00253,Location 0253,LOC,LOCATION 0253,0.834,46,91,SYNTHETIC_DEMO
NEWS00254,Product 0254,PRODUCT,PRODUCT 0254,0.958,66,151,SYNTHETIC_DEMO
NEWS00255,Labor Disruption,EVENT,LABOR DISRUPTION,0.792,29,147,SYNTHETIC_DEMO
NEWS00256,Supplier 0256,ORG,SUPPLIER 0256,0.873,5,131,SYNTHETIC_DEMO
NEWS00257,Location 0257,GPE,LOCATION 0257,0.837,32,81,SYNTHETIC_DEMO
NEWS00258,Location 0258,LOC,LOCATION 0258,0.933,67,156,SYNTHETIC_DEMO
NEWS00259,Product 0259,PRODUCT,PRODUCT 0259,0.896,14,125,SYNTHETIC_DEMO
NEWS00260,Flood,EVENT,FLOOD,0.943,55,109,SYNTHETIC_DEMO
NEWS00261,Supplier 0261,ORG,SUPPLIER 0261,0.929,36,109,SYNTHETIC_DEMO
NEWS00262,Location 0262,GPE,LOCATION 0262,0.846,28,112,SYNTHETIC_DEMO
NEWS00263,Location 0263,LOC,LOCATION 0263,0.979,61,108,SYNTHETIC_DEMO
NEWS00264,Product 0264,PRODUCT,PRODUCT 0264,0.769,20,149,SYNTHETIC_DEMO
NEWS00265,Labor Disruption,EVENT,LABOR DISRUPTION,0.823,58,105,SYNTHETIC_DEMO
NEWS00266,Supplier 0266,ORG,SUPPLIER 0266,0.968,35,158,SYNTHETIC_DEMO
NEWS00267,Location 0267,GPE,LOCATION 0267,0.839,45,84,SYNTHETIC_DEMO
NEWS00268,Location 0268,LOC,LOCATION 0268,0.827,33,157,SYNTHETIC_DEMO
NEWS00269,Product 0269,PRODUCT,PRODUCT 0269,0.806,3,130,SYNTHETIC_DEMO
NEWS00270,Flood,EVENT,FLOOD,0.923,1,86,SYNTHETIC_DEMO
NEWS00271,Supplier 0271,ORG,SUPPLIER 0271,0.786,4,143,SYNTHETIC_DEMO
NEWS00272,Location 0272,GPE,LOCATION 0272,0.929,55,101,SYNTHETIC_DEMO
NEWS00273,Location 0273,LOC,LOCATION 0273,0.78,33,81,SYNTHETIC_DEMO
NEWS00274,Product 0274,PRODUCT,PRODUCT 0274,0.844,79,143,SYNTHETIC_DEMO
NEWS00275,Labor Disruption,EVENT,LABOR DISRUPTION,0.979,70,88,SYNTHETIC_DEMO
NEWS00276,Supplier 0276,ORG,SUPPLIER 0276,0.869,51,154,SYNTHETIC_DEMO
NEWS00277,Location 0277,GPE,LOCATION 0277,0.826,7,148,SYNTHETIC_DEMO
NEWS00278,Location 0278,LOC,LOCATION 0278,0.904,55,118,SYNTHETIC_DEMO
NEWS00279,Product 0279,PRODUCT,PRODUCT 0279,0.987,24,151,SYNTHETIC_DEMO
NEWS00280,Flood,EVENT,FLOOD,0.91,46,120,SYNTHETIC_DEMO
NEWS00281,Supplier 0281,ORG,SUPPLIER 0281,0.804,18,155,SYNTHETIC_DEMO
NEWS00282,Location 0282,GPE,LOCATION 0282,0.828,75,158,SYNTHETIC_DEMO
NEWS00283,Location 0283,LOC,LOCATION 0283,0.928,9,113,SYNTHETIC_DEMO
NEWS00284,Product 0284,PRODUCT,PRODUCT 0284,0.753,40,113,SYNTHETIC_DEMO
NEWS00285,Labor Disruption,EVENT,LABOR DISRUPTION,0.937,22,98,SYNTHETIC_DEMO
NEWS00286,Supplier 0286,ORG,SUPPLIER 0286,0.835,11,158,SYNTHETIC_DEMO
NEWS00287,Location 0287,GPE,LOCATION 0287,0.891,55,139,SYNTHETIC_DEMO
NEWS00288,Location 0288,LOC,LOCATION 0288,0.916,0,98,SYNTHETIC_DEMO
NEWS00289,Product 0289,PRODUCT,PRODUCT 0289,0.77,63,139,SYNTHETIC_DEMO
NEWS00290,Flood,EVENT,FLOOD,0.876,8,149,SYNTHETIC_DEMO
NEWS00291,Supplier 0291,ORG,SUPPLIER 0291,0.878,36,126,SYNTHETIC_DEMO
NEWS00292,Location 0292,GPE,LOCATION 0292,0.96,52,123,SYNTHETIC_DEMO
NEWS00293,Location 0293,LOC,LOCATION 0293,0.818,42,151,SYNTHETIC_DEMO
NEWS00294,Product 0294,PRODUCT,PRODUCT 0294,0.871,28,122,SYNTHETIC_DEMO
NEWS00295,Labor Disruption,EVENT,LABOR DISRUPTION,0.986,43,101,SYNTHETIC_DEMO
NEWS00296,Supplier 0296,ORG,SUPPLIER 0296,0.871,74,146,SYNTHETIC_DEMO
NEWS00297,Location 0297,GPE,LOCATION 0297,0.877,36,91,SYNTHETIC_DEMO
NEWS00298,Location 0298,LOC,LOCATION 0298,0.901,69,148,SYNTHETIC_DEMO
NEWS00299,Product 0299,PRODUCT,PRODUCT 0299,0.836,59,153,SYNTHETIC_DEMO
NEWS00300,Flood,EVENT,FLOOD,0.766,63,151,SYNTHETIC_DEMO
NEWS00301,Supplier 0301,ORG,SUPPLIER 0301,0.889,53,95,SYNTHETIC_DEMO
NEWS00302,Location 0302,GPE,LOCATION 0302,0.833,8,160,SYNTHETIC_DEMO
NEWS00303,Location 0303,LOC,LOCATION 0303,0.835,47,139,SYNTHETIC_DEMO
NEWS00304,Product 0304,PRODUCT,PRODUCT 0304,0.898,0,90,SYNTHETIC_DEMO
NEWS00305,Labor Disruption,EVENT,LABOR DISRUPTION,0.778,15,113,SYNTHETIC_DEMO
NEWS00306,Supplier 0306,ORG,SUPPLIER 0306,0.911,58,116,SYNTHETIC_DEMO
NEWS00307,Location 0307,GPE,LOCATION 0307,0.98,30,153,SYNTHETIC_DEMO
NEWS00308,Location 0308,LOC,LOCATION 0308,0.885,59,144,SYNTHETIC_DEMO
NEWS00309,Product 0309,PRODUCT,PRODUCT 0309,0.818,67,154,SYNTHETIC_DEMO
NEWS00310,Flood,EVENT,FLOOD,0.861,6,86,SYNTHETIC_DEMO
NEWS00311,Supplier 0311,ORG,SUPPLIER 0311,0.785,45,97,SYNTHETIC_DEMO
NEWS00312,Location 0312,GPE,LOCATION 0312,0.817,68,91,SYNTHETIC_DEMO
NEWS00313,Location 0313,LOC,LOCATION 0313,0.816,62,143,SYNTHETIC_DEMO
NEWS00314,Product 0314,PRODUCT,PRODUCT 0314,0.981,11,108,SYNTHETIC_DEMO
NEWS00315,Labor Disruption,EVENT,LABOR DISRUPTION,0.78,43,142,SYNTHETIC_DEMO
NEWS00316,Supplier 0316,ORG,SUPPLIER 0316,0.768,63,81,SYNTHETIC_DEMO
NEWS00317,Location 0317,GPE,LOCATION 0317,0.753,27,156,SYNTHETIC_DEMO
NEWS00318,Location 0318,LOC,LOCATION 0318,0.834,79,150,SYNTHETIC_DEMO
NEWS00319,Product 0319,PRODUCT,PRODUCT 0319,0.792,4,135,SYNTHETIC_DEMO
NEWS00320,Flood,EVENT,FLOOD,0.949,76,100,SYNTHETIC_DEMO
NEWS00321,Supplier 0321,ORG,SUPPLIER 0321,0.885,40,140,SYNTHETIC_DEMO
NEWS00322,Location 0322,GPE,LOCATION 0322,0.982,78,140,SYNTHETIC_DEMO
NEWS00323,Location 0323,LOC,LOCATION 0323,0.86,43,114,SYNTHETIC_DEMO
NEWS00324,Product 0324,PRODUCT,PRODUCT 0324,0.851,13,134,SYNTHETIC_DEMO
NEWS00325,Labor Disruption,EVENT,LABOR DISRUPTION,0.85,61,107,SYNTHETIC_DEMO
NEWS00326,Supplier 0326,ORG,SUPPLIER 0326,0.892,46,104,SYNTHETIC_DEMO
NEWS00327,Location 0327,GPE,LOCATION 0327,0.936,7,104,SYNTHETIC_DEMO
NEWS00328,Location 0328,LOC,LOCATION 0328,0.801,5,147,SYNTHETIC_DEMO
NEWS00329,Product 0329,PRODUCT,PRODUCT 0329,0.832,35,110,SYNTHETIC_DEMO
NEWS00330,Flood,EVENT,FLOOD,0.931,60,116,SYNTHETIC_DEMO
NEWS00331,Supplier 0331,ORG,SUPPLIER 0331,0.791,66,109,SYNTHETIC_DEMO
NEWS00332,Location 0332,GPE,LOCATION 0332,0.908,4,133,SYNTHETIC_DEMO
NEWS00333,Location 0333,LOC,LOCATION 0333,0.848,64,155,SYNTHETIC_DEMO
NEWS00334,Product 0334,PRODUCT,PRODUCT 0334,0.788,10,115,SYNTHETIC_DEMO
NEWS00335,Labor Disruption,EVENT,LABOR DISRUPTION,0.974,54,143,SYNTHETIC_DEMO
NEWS00336,Supplier 0336,ORG,SUPPLIER 0336,0.951,37,150,SYNTHETIC_DEMO
NEWS00337,Location 0337,GPE,LOCATION 0337,0.9,25,109,SYNTHETIC_DEMO
NEWS00338,Location 0338,LOC,LOCATION 0338,0.989,37,137,SYNTHETIC_DEMO
NEWS00339,Product 0339,PRODUCT,PRODUCT 0339,0.975,5,135,SYNTHETIC_DEMO
NEWS00340,Flood,EVENT,FLOOD,0.984,2,126,SYNTHETIC_DEMO
NEWS00341,Supplier 0341,ORG,SUPPLIER 0341,0.974,32,88,SYNTHETIC_DEMO
NEWS00342,Location 0342,GPE,LOCATION 0342,0.935,43,107,SYNTHETIC_DEMO
NEWS00343,Location 0343,LOC,LOCATION 0343,0.833,36,118,SYNTHETIC_DEMO
NEWS00344,Product 0344,PRODUCT,PRODUCT 0344,0.849,75,82,SYNTHETIC_DEMO
NEWS00345,Labor Disruption,EVENT,LABOR DISRUPTION,0.879,11,101,SYNTHETIC_DEMO
NEWS00346,Supplier 0346,ORG,SUPPLIER 0346,0.922,58,160,SYNTHETIC_DEMO
NEWS00347,Location 0347,GPE,LOCATION 0347,0.899,45,109,SYNTHETIC_DEMO
NEWS00348,Location 0348,LOC,LOCATION 0348,0.87,70,84,SYNTHETIC_DEMO
NEWS00349,Product 0349,PRODUCT,PRODUCT 0349,0.821,33,111,SYNTHETIC_DEMO
NEWS00350,Flood,EVENT,FLOOD,0.946,2,84,SYNTHETIC_DEMO
NEWS00351,Supplier 0351,ORG,SUPPLIER 0351,0.88,33,97,SYNTHETIC_DEMO
NEWS00352,Location 0352,GPE,LOCATION 0352,0.814,13,144,SYNTHETIC_DEMO
NEWS00353,Location 0353,LOC,LOCATION 0353,0.854,66,131,SYNTHETIC_DEMO
NEWS00354,Product 0354,PRODUCT,PRODUCT 0354,0.817,13,138,SYNTHETIC_DEMO
NEWS00355,Labor Disruption,EVENT,LABOR DISRUPTION,0.78,26,135,SYNTHETIC_DEMO
NEWS00356,Supplier 0356,ORG,SUPPLIER 0356,0.974,57,110,SYNTHETIC_DEMO
NEWS00357,Location 0357,GPE,LOCATION 0357,0.876,19,95,SYNTHETIC_DEMO
NEWS00358,Location 0358,LOC,LOCATION 0358,0.941,57,89,SYNTHETIC_DEMO
NEWS00359,Product 0359,PRODUCT,PRODUCT 0359,0.807,75,96,SYNTHETIC_DEMO
NEWS00360,Flood,EVENT,FLOOD,0.83,21,81,SYNTHETIC_DEMO
NEWS00361,Supplier 0361,ORG,SUPPLIER 0361,0.864,6,147,SYNTHETIC_DEMO
NEWS00362,Location 0362,GPE,LOCATION 0362,0.941,49,121,SYNTHETIC_DEMO
NEWS00363,Location 0363,LOC,LOCATION 0363,0.812,66,158,SYNTHETIC_DEMO
NEWS00364,Product 0364,PRODUCT,PRODUCT 0364,0.965,13,112,SYNTHETIC_DEMO
NEWS00365,Labor Disruption,EVENT,LABOR DISRUPTION,0.962,13,99,SYNTHETIC_DEMO
NEWS00366,Supplier 0366,ORG,SUPPLIER 0366,0.93,42,112,SYNTHETIC_DEMO
NEWS00367,Location 0367,GPE,LOCATION 0367,0.863,78,98,SYNTHETIC_DEMO
NEWS00368,Location 0368,LOC,LOCATION 0368,0.887,75,88,SYNTHETIC_DEMO
NEWS00369,Product 0369,PRODUCT,PRODUCT 0369,0.87,49,123,SYNTHETIC_DEMO
NEWS00370,Flood,EVENT,FLOOD,0.809,54,91,SYNTHETIC_DEMO
NEWS00371,Supplier 0371,ORG,SUPPLIER 0371,0.792,57,110,SYNTHETIC_DEMO
NEWS00372,Location 0372,GPE,LOCATION 0372,0.889,73,99,SYNTHETIC_DEMO
NEWS00373,Location 0373,LOC,LOCATION 0373,0.912,18,135,SYNTHETIC_DEMO
NEWS00374,Product 0374,PRODUCT,PRODUCT 0374,0.779,0,132,SYNTHETIC_DEMO
NEWS00375,Labor Disruption,EVENT,LABOR DISRUPTION,0.779,13,123,SYNTHETIC_DEMO
NEWS00376,Supplier 0376,ORG,SUPPLIER 0376,0.85,22,89,SYNTHETIC_DEMO
NEWS00377,Location 0377,GPE,LOCATION 0377,0.774,0,96,SYNTHETIC_DEMO
NEWS00378,Location 0378,LOC,LOCATION 0378,0.833,4,149,SYNTHETIC_DEMO
NEWS00379,Product 0379,PRODUCT,PRODUCT 0379,0.893,60,96,SYNTHETIC_DEMO
NEWS00380,Flood,EVENT,FLOOD,0.798,18,91,SYNTHETIC_DEMO
NEWS00381,Supplier 0381,ORG,SUPPLIER 0381,0.772,16,160,SYNTHETIC_DEMO
NEWS00382,Location 0382,GPE,LOCATION 0382,0.808,61,112,SYNTHETIC_DEMO
NEWS00383,Location 0383,LOC,LOCATION 0383,0.916,7,81,SYNTHETIC_DEMO
NEWS00384,Product 0384,PRODUCT,PRODUCT 0384,0.813,14,131,SYNTHETIC_DEMO
NEWS00385,Labor Disruption,EVENT,LABOR DISRUPTION,0.92,41,108,SYNTHETIC_DEMO
NEWS00386,Supplier 0386,ORG,SUPPLIER 0386,0.933,39,98,SYNTHETIC_DEMO
NEWS00387,Location 0387,GPE,LOCATION 0387,0.795,24,135,SYNTHETIC_DEMO
NEWS00388,Location 0388,LOC,LOCATION 0388,0.867,75,125,SYNTHETIC_DEMO
NEWS00389,Product 0389,PRODUCT,PRODUCT 0389,0.758,52,92,SYNTHETIC_DEMO
NEWS00390,Flood,EVENT,FLOOD,0.955,6,105,SYNTHETIC_DEMO
NEWS00391,Supplier 0391,ORG,SUPPLIER 0391,0.812,29,146,SYNTHETIC_DEMO
NEWS00392,Location 0392,GPE,LOCATION 0392,0.82,57,106,SYNTHETIC_DEMO
NEWS00393,Location 0393,LOC,LOCATION 0393,0.872,38,128,SYNTHETIC_DEMO
NEWS00394,Product 0394,PRODUCT,PRODUCT 0394,0.783,25,122,SYNTHETIC_DEMO
NEWS00395,Labor Disruption,EVENT,LABOR DISRUPTION,0.897,55,111,SYNTHETIC_DEMO
NEWS00396,Supplier 0396,ORG,SUPPLIER 0396,0.769,44,97,SYNTHETIC_DEMO
NEWS00397,Location 0397,GPE,LOCATION 0397,0.849,25,86,SYNTHETIC_DEMO
NEWS00398,Location 0398,LOC,LOCATION 0398,0.75,24,126,SYNTHETIC_DEMO
NEWS00399,Product 0399,PRODUCT,PRODUCT 0399,0.775,21,86,SYNTHETIC_DEMO
NEWS00400,Flood,EVENT,FLOOD,0.887,22,112,SYNTHETIC_DEMO
NEWS00401,Supplier 0401,ORG,SUPPLIER 0401,0.857,73,152,SYNTHETIC_DEMO
NEWS00402,Location 0402,GPE,LOCATION 0402,0.821,50,142,SYNTHETIC_DEMO
NEWS00403,Location 0403,LOC,LOCATION 0403,0.879,3,145,SYNTHETIC_DEMO
NEWS00404,Product 0404,PRODUCT,PRODUCT 0404,0.982,56,101,SYNTHETIC_DEMO
NEWS00405,Labor Disruption,EVENT,LABOR DISRUPTION,0.951,76,86,SYNTHETIC_DEMO
NEWS00406,Supplier 0406,ORG,SUPPLIER 0406,0.803,27,95,SYNTHETIC_DEMO
NEWS00407,Location 0407,GPE,LOCATION 0407,0.881,8,152,SYNTHETIC_DEMO
NEWS00408,Location 0408,LOC,LOCATION 0408,0.947,8,144,SYNTHETIC_DEMO
NEWS00409,Product 0409,PRODUCT,PRODUCT 0409,0.866,57,122,SYNTHETIC_DEMO
NEWS00410,Flood,EVENT,FLOOD,0.984,3,140,SYNTHETIC_DEMO
NEWS00411,Supplier 0411,ORG,SUPPLIER 0411,0.984,17,95,SYNTHETIC_DEMO
NEWS00412,Location 0412,GPE,LOCATION 0412,0.801,54,132,SYNTHETIC_DEMO
NEWS00413,Location 0413,LOC,LOCATION 0413,0.79,20,155,SYNTHETIC_DEMO
NEWS00414,Product 0414,PRODUCT,PRODUCT 0414,0.901,4,86,SYNTHETIC_DEMO
NEWS00415,Labor Disruption,EVENT,LABOR DISRUPTION,0.861,3,92,SYNTHETIC_DEMO
NEWS00416,Supplier 0416,ORG,SUPPLIER 0416,0.915,0,114,SYNTHETIC_DEMO
NEWS00417,Location 0417,GPE,LOCATION 0417,0.958,40,107,SYNTHETIC_DEMO
NEWS00418,Location 0418,LOC,LOCATION 0418,0.972,18,118,SYNTHETIC_DEMO
NEWS00419,Product 0419,PRODUCT,PRODUCT 0419,0.799,18,128,SYNTHETIC_DEMO
NEWS00420,Flood,EVENT,FLOOD,0.958,67,130,SYNTHETIC_DEMO
NEWS00421,Supplier 0421,ORG,SUPPLIER 0421,0.799,10,102,SYNTHETIC_DEMO
NEWS00422,Location 0422,GPE,LOCATION 0422,0.91,56,107,SYNTHETIC_DEMO
NEWS00423,Location 0423,LOC,LOCATION 0423,0.809,60,154,SYNTHETIC_DEMO
NEWS00424,Product 0424,PRODUCT,PRODUCT 0424,0.773,36,134,SYNTHETIC_DEMO
NEWS00425,Labor Disruption,EVENT,LABOR DISRUPTION,0.869,4,147,SYNTHETIC_DEMO
NEWS00426,Supplier 0426,ORG,SUPPLIER 0426,0.816,7,118,SYNTHETIC_DEMO
NEWS00427,Location 0427,GPE,LOCATION 0427,0.933,11,137,SYNTHETIC_DEMO
NEWS00428,Location 0428,LOC,LOCATION 0428,0.919,20,102,SYNTHETIC_DEMO
NEWS00429,Product 0429,PRODUCT,PRODUCT 0429,0.887,0,156,SYNTHETIC_DEMO
NEWS00430,Flood,EVENT,FLOOD,0.899,18,125,SYNTHETIC_DEMO
NEWS00431,Supplier 0431,ORG,SUPPLIER 0431,0.762,31,159,SYNTHETIC_DEMO
NEWS00432,Location 0432,GPE,LOCATION 0432,0.974,79,148,SYNTHETIC_DEMO
NEWS00433,Location 0433,LOC,LOCATION 0433,0.866,39,99,SYNTHETIC_DEMO
NEWS00434,Product 0434,PRODUCT,PRODUCT 0434,0.957,61,134,SYNTHETIC_DEMO
NEWS00435,Labor Disruption,EVENT,LABOR DISRUPTION,0.81,39,87,SYNTHETIC_DEMO
NEWS00436,Supplier 0436,ORG,SUPPLIER 0436,0.956,33,94,SYNTHETIC_DEMO
NEWS00437,Location 0437,GPE,LOCATION 0437,0.934,80,115,SYNTHETIC_DEMO
NEWS00438,Location 0438,LOC,LOCATION 0438,0.763,46,139,SYNTHETIC_DEMO
NEWS00439,Product 0439,PRODUCT,PRODUCT 0439,0.855,59,153,SYNTHETIC_DEMO
NEWS00440,Flood,EVENT,FLOOD,0.927,69,134,SYNTHETIC_DEMO
NEWS00441,Supplier 0441,ORG,SUPPLIER 0441,0.809,4,93,SYNTHETIC_DEMO
NEWS00442,Location 0442,GPE,LOCATION 0442,0.894,55,138,SYNTHETIC_DEMO
NEWS00443,Location 0443,LOC,LOCATION 0443,0.837,33,157,SYNTHETIC_DEMO
NEWS00444,Product 0444,PRODUCT,PRODUCT 0444,0.973,39,115,SYNTHETIC_DEMO
NEWS00445,Labor Disruption,EVENT,LABOR DISRUPTION,0.987,50,97,SYNTHETIC_DEMO
NEWS00446,Supplier 0446,ORG,SUPPLIER 0446,0.813,24,98,SYNTHETIC_DEMO
NEWS00447,Location 0447,GPE,LOCATION 0447,0.814,63,135,SYNTHETIC_DEMO
NEWS00448,Location 0448,LOC,LOCATION 0448,0.824,79,147,SYNTHETIC_DEMO
NEWS00449,Product 0449,PRODUCT,PRODUCT 0449,0.831,73,109,SYNTHETIC_DEMO
NEWS00450,Flood,EVENT,FLOOD,0.855,43,99,SYNTHETIC_DEMO
NEWS00451,Supplier 0451,ORG,SUPPLIER 0451,0.971,52,138,SYNTHETIC_DEMO
NEWS00452,Location 0452,GPE,LOCATION 0452,0.816,26,159,SYNTHETIC_DEMO
NEWS00453,Location 0453,LOC,LOCATION 0453,0.94,30,121,SYNTHETIC_DEMO
NEWS00454,Product 0454,PRODUCT,PRODUCT 0454,0.867,15,133,SYNTHETIC_DEMO
NEWS00455,Labor Disruption,EVENT,LABOR DISRUPTION,0.943,47,130,SYNTHETIC_DEMO
NEWS00456,Supplier 0456,ORG,SUPPLIER 0456,0.905,33,144,SYNTHETIC_DEMO
NEWS00457,Location 0457,GPE,LOCATION 0457,0.788,76,116,SYNTHETIC_DEMO
NEWS00458,Location 0458,LOC,LOCATION 0458,0.776,74,83,SYNTHETIC_DEMO
NEWS00459,Product 0459,PRODUCT,PRODUCT 0459,0.844,3,124,SYNTHETIC_DEMO
NEWS00460,Flood,EVENT,FLOOD,0.783,32,129,SYNTHETIC_DEMO
NEWS00461,Supplier 0461,ORG,SUPPLIER 0461,0.908,69,153,SYNTHETIC_DEMO
NEWS00462,Location 0462,GPE,LOCATION 0462,0.954,45,155,SYNTHETIC_DEMO
NEWS00463,Location 0463,LOC,LOCATION 0463,0.866,66,91,SYNTHETIC_DEMO
NEWS00464,Product 0464,PRODUCT,PRODUCT 0464,0.915,48,131,SYNTHETIC_DEMO
NEWS00465,Labor Disruption,EVENT,LABOR DISRUPTION,0.803,38,132,SYNTHETIC_DEMO
NEWS00466,Supplier 0466,ORG,SUPPLIER 0466,0.753,65,90,SYNTHETIC_DEMO
NEWS00467,Location 0467,GPE,LOCATION 0467,0.862,62,83,SYNTHETIC_DEMO
NEWS00468,Location 0468,LOC,LOCATION 0468,0.918,71,133,SYNTHETIC_DEMO
NEWS00469,Product 0469,PRODUCT,PRODUCT 0469,0.849,64,153,SYNTHETIC_DEMO
NEWS00470,Flood,EVENT,FLOOD,0.862,44,85,SYNTHETIC_DEMO
NEWS00471,Supplier 0471,ORG,SUPPLIER 0471,0.881,36,100,SYNTHETIC_DEMO
NEWS00472,Location 0472,GPE,LOCATION 0472,0.828,24,81,SYNTHETIC_DEMO
NEWS00473,Location 0473,LOC,LOCATION 0473,0.809,27,101,SYNTHETIC_DEMO
NEWS00474,Product 0474,PRODUCT,PRODUCT 0474,0.961,14,159,SYNTHETIC_DEMO
NEWS00475,Labor Disruption,EVENT,LABOR DISRUPTION,0.833,52,117,SYNTHETIC_DEMO
NEWS00476,Supplier 0476,ORG,SUPPLIER 0476,0.765,69,158,SYNTHETIC_DEMO
NEWS00477,Location 0477,GPE,LOCATION 0477,0.937,58,105,SYNTHETIC_DEMO
NEWS00478,Location 0478,LOC,LOCATION 0478,0.882,40,125,SYNTHETIC_DEMO
NEWS00479,Product 0479,PRODUCT,PRODUCT 0479,0.932,75,128,SYNTHETIC_DEMO
NEWS00480,Flood,EVENT,FLOOD,0.86,24,120,SYNTHETIC_DEMO
NEWS00481,Supplier 0481,ORG,SUPPLIER 0481,0.945,20,156,SYNTHETIC_DEMO
NEWS00482,Location 0482,GPE,LOCATION 0482,0.845,67,116,SYNTHETIC_DEMO
NEWS00483,Location 0483,LOC,LOCATION 0483,0.83,43,88,SYNTHETIC_DEMO
NEWS00484,Product 0484,PRODUCT,PRODUCT 0484,0.872,67,128,SYNTHETIC_DEMO
NEWS00485,Labor Disruption,EVENT,LABOR DISRUPTION,0.933,42,108,SYNTHETIC_DEMO
NEWS00486,Supplier 0486,ORG,SUPPLIER 0486,0.86,72,134,SYNTHETIC_DEMO
NEWS00487,Location 0487,GPE,LOCATION 0487,0.987,51,147,SYNTHETIC_DEMO
NEWS00488,Location 0488,LOC,LOCATION 0488,0.96,61,87,SYNTHETIC_DEMO
NEWS00489,Product 0489,PRODUCT,PRODUCT 0489,0.982,32,84,SYNTHETIC_DEMO
NEWS00490,Flood,EVENT,FLOOD,0.89,11,81,SYNTHETIC_DEMO
NEWS00491,Supplier 0491,ORG,SUPPLIER 0491,0.911,77,126,SYNTHETIC_DEMO
NEWS00492,Location 0492,GPE,LOCATION 0492,0.757,11,113,SYNTHETIC_DEMO
NEWS00493,Location 0493,LOC,LOCATION 0493,0.881,43,143,SYNTHETIC_DEMO
NEWS00494,Product 0494,PRODUCT,PRODUCT 0494,0.814,28,115,SYNTHETIC_DEMO
NEWS00495,Labor Disruption,EVENT,LABOR DISRUPTION,0.828,23,144,SYNTHETIC_DEMO
NEWS00496,Supplier 0496,ORG,SUPPLIER 0496,0.834,40,160,SYNTHETIC_DEMO
NEWS00497,Location 0497,GPE,LOCATION 0497,0.755,47,143,SYNTHETIC_DEMO
NEWS00498,Location 0498,LOC,LOCATION 0498,0.976,31,85,SYNTHETIC_DEMO
NEWS00499,Product 0499,PRODUCT,PRODUCT 0499,0.985,44,117,SYNTHETIC_DEMO
NEWS00500,Flood,EVENT,FLOOD,0.943,18,89,SYNTHETIC_DEMO
NEWS00501,Supplier 0501,ORG,SUPPLIER 0501,0.909,66,139,SYNTHETIC_DEMO
NEWS00502,Location 0502,GPE,LOCATION 0502,0.948,6,152,SYNTHETIC_DEMO
NEWS00503,Location 0503,LOC,LOCATION 0503,0.929,41,130,SYNTHETIC_DEMO
NEWS00504,Product 0504,PRODUCT,PRODUCT 0504,0.915,73,127,SYNTHETIC_DEMO
NEWS00505,Labor Disruption,EVENT,LABOR DISRUPTION,0.915,9,81,SYNTHETIC_DEMO
NEWS00506,Supplier 0506,ORG,SUPPLIER 0506,0.885,75,122,SYNTHETIC_DEMO
NEWS00507,Location 0507,GPE,LOCATION 0507,0.946,13,89,SYNTHETIC_DEMO
NEWS00508,Location 0508,LOC,LOCATION 0508,0.977,36,112,SYNTHETIC_DEMO
NEWS00509,Product 0509,PRODUCT,PRODUCT 0509,0.934,49,121,SYNTHETIC_DEMO
NEWS00510,Flood,EVENT,FLOOD,0.846,61,125,SYNTHETIC_DEMO
NEWS00511,Supplier 0511,ORG,SUPPLIER 0511,0.831,36,140,SYNTHETIC_DEMO
NEWS00512,Location 0512,GPE,LOCATION 0512,0.982,19,101,SYNTHETIC_DEMO
NEWS00513,Location 0513,LOC,LOCATION 0513,0.851,80,154,SYNTHETIC_DEMO
NEWS00514,Product 0514,PRODUCT,PRODUCT 0514,0.86,55,91,SYNTHETIC_DEMO
NEWS00515,Labor Disruption,EVENT,LABOR DISRUPTION,0.925,65,131,SYNTHETIC_DEMO
NEWS00516,Supplier 0516,ORG,SUPPLIER 0516,0.855,14,82,SYNTHETIC_DEMO
NEWS00517,Location 0517,GPE,LOCATION 0517,0.924,69,98,SYNTHETIC_DEMO
NEWS00518,Location 0518,LOC,LOCATION 0518,0.889,9,115,SYNTHETIC_DEMO
NEWS00519,Product 0519,PRODUCT,PRODUCT 0519,0.792,67,126,SYNTHETIC_DEMO
NEWS00520,Flood,EVENT,FLOOD,0.984,10,160,SYNTHETIC_DEMO
NEWS00521,Supplier 0521,ORG,SUPPLIER 0521,0.938,26,132,SYNTHETIC_DEMO
NEWS00522,Location 0522,GPE,LOCATION 0522,0.968,73,158,SYNTHETIC_DEMO
NEWS00523,Location 0523,LOC,LOCATION 0523,0.782,72,108,SYNTHETIC_DEMO
NEWS00524,Product 0524,PRODUCT,PRODUCT 0524,0.884,24,129,SYNTHETIC_DEMO
NEWS00525,Labor Disruption,EVENT,LABOR DISRUPTION,0.935,33,150,SYNTHETIC_DEMO
NEWS00526,Supplier 0526,ORG,SUPPLIER 0526,0.79,37,98,SYNTHETIC_DEMO
NEWS00527,Location 0527,GPE,LOCATION 0527,0.915,37,89,SYNTHETIC_DEMO
NEWS00528,Location 0528,LOC,LOCATION 0528,0.759,77,116,SYNTHETIC_DEMO
NEWS00529,Product 0529,PRODUCT,PRODUCT 0529,0.861,68,85,SYNTHETIC_DEMO
NEWS00530,Flood,EVENT,FLOOD,0.816,4,157,SYNTHETIC_DEMO
NEWS00531,Supplier 0531,ORG,SUPPLIER 0531,0.823,36,113,SYNTHETIC_DEMO
NEWS00532,Location 0532,GPE,LOCATION 0532,0.982,62,129,SYNTHETIC_DEMO
NEWS00533,Location 0533,LOC,LOCATION 0533,0.786,38,158,SYNTHETIC_DEMO
NEWS00534,Product 0534,PRODUCT,PRODUCT 0534,0.765,59,154,SYNTHETIC_DEMO
NEWS00535,Labor Disruption,EVENT,LABOR DISRUPTION,0.927,32,95,SYNTHETIC_DEMO
NEWS00536,Supplier 0536,ORG,SUPPLIER 0536,0.925,55,128,SYNTHETIC_DEMO
NEWS00537,Location 0537,GPE,LOCATION 0537,0.957,80,106,SYNTHETIC_DEMO
NEWS00538,Location 0538,LOC,LOCATION 0538,0.93,74,140,SYNTHETIC_DEMO
NEWS00539,Product 0539,PRODUCT,PRODUCT 0539,0.893,55,106,SYNTHETIC_DEMO
NEWS00540,Flood,EVENT,FLOOD,0.865,29,126,SYNTHETIC_DEMO
NEWS00541,Supplier 0541,ORG,SUPPLIER 0541,0.76,26,98,SYNTHETIC_DEMO
NEWS00542,Location 0542,GPE,LOCATION 0542,0.871,79,101,SYNTHETIC_DEMO
NEWS00543,Location 0543,LOC,LOCATION 0543,0.9,52,92,SYNTHETIC_DEMO
NEWS00544,Product 0544,PRODUCT,PRODUCT 0544,0.916,50,154,SYNTHETIC_DEMO
NEWS00545,Labor Disruption,EVENT,LABOR DISRUPTION,0.86,19,137,SYNTHETIC_DEMO
NEWS00546,Supplier 0546,ORG,SUPPLIER 0546,0.911,64,82,SYNTHETIC_DEMO
NEWS00547,Location 0547,GPE,LOCATION 0547,0.751,55,95,SYNTHETIC_DEMO
NEWS00548,Location 0548,LOC,LOCATION 0548,0.859,13,82,SYNTHETIC_DEMO
NEWS00549,Product 0549,PRODUCT,PRODUCT 0549,0.794,38,136,SYNTHETIC_DEMO
NEWS00550,Flood,EVENT,FLOOD,0.791,35,141,SYNTHETIC_DEMO
NEWS00551,Supplier 0551,ORG,SUPPLIER 0551,0.984,9,89,SYNTHETIC_DEMO
NEWS00552,Location 0552,GPE,LOCATION 0552,0.941,15,129,SYNTHETIC_DEMO
NEWS00553,Location 0553,LOC,LOCATION 0553,0.882,46,134,SYNTHETIC_DEMO
NEWS00554,Product 0554,PRODUCT,PRODUCT 0554,0.895,25,149,SYNTHETIC_DEMO
NEWS00555,Labor Disruption,EVENT,LABOR DISRUPTION,0.796,70,114,SYNTHETIC_DEMO
NEWS00556,Supplier 0556,ORG,SUPPLIER 0556,0.881,8,160,SYNTHETIC_DEMO
NEWS00557,Location 0557,GPE,LOCATION 0557,0.844,24,156,SYNTHETIC_DEMO
NEWS00558,Location 0558,LOC,LOCATION 0558,0.836,43,152,SYNTHETIC_DEMO
NEWS00559,Product 0559,PRODUCT,PRODUCT 0559,0.86,26,92,SYNTHETIC_DEMO
NEWS00560,Flood,EVENT,FLOOD,0.874,56,129,SYNTHETIC_DEMO
NEWS00561,Supplier 0561,ORG,SUPPLIER 0561,0.77,59,151,SYNTHETIC_DEMO
NEWS00562,Location 0562,GPE,LOCATION 0562,0.839,39,154,SYNTHETIC_DEMO
NEWS00563,Location 0563,LOC,LOCATION 0563,0.813,38,152,SYNTHETIC_DEMO
NEWS00564,Product 0564,PRODUCT,PRODUCT 0564,0.847,15,124,SYNTHETIC_DEMO
NEWS00565,Labor Disruption,EVENT,LABOR DISRUPTION,0.892,73,113,SYNTHETIC_DEMO
NEWS00566,Supplier 0566,ORG,SUPPLIER 0566,0.834,38,150,SYNTHETIC_DEMO
NEWS00567,Location 0567,GPE,LOCATION 0567,0.9,49,136,SYNTHETIC_DEMO
NEWS00568,Location 0568,LOC,LOCATION 0568,0.854,52,85,SYNTHETIC_DEMO
NEWS00569,Product 0569,PRODUCT,PRODUCT 0569,0.97,80,120,SYNTHETIC_DEMO
NEWS00570,Flood,EVENT,FLOOD,0.928,35,150,SYNTHETIC_DEMO
NEWS00571,Supplier 0571,ORG,SUPPLIER 0571,0.849,55,112,SYNTHETIC_DEMO
NEWS00572,Location 0572,GPE,LOCATION 0572,0.767,1,122,SYNTHETIC_DEMO
NEWS00573,Location 0573,LOC,LOCATION 0573,0.837,72,136,SYNTHETIC_DEMO
NEWS00574,Product 0574,PRODUCT,PRODUCT 0574,0.917,73,116,SYNTHETIC_DEMO
NEWS00575,Labor Disruption,EVENT,LABOR DISRUPTION,0.841,11,93,SYNTHETIC_DEMO
NEWS00576,Supplier 0576,ORG,SUPPLIER 0576,0.874,35,132,SYNTHETIC_DEMO
NEWS00577,Location 0577,GPE,LOCATION 0577,0.794,52,90,SYNTHETIC_DEMO
NEWS00578,Location 0578,LOC,LOCATION 0578,0.857,13,127,SYNTHETIC_DEMO
NEWS00579,Product 0579,PRODUCT,PRODUCT 0579,0.773,9,128,SYNTHETIC_DEMO
NEWS00580,Flood,EVENT,FLOOD,0.989,19,81,SYNTHETIC_DEMO
NEWS00581,Supplier 0581,ORG,SUPPLIER 0581,0.888,22,108,SYNTHETIC_DEMO
NEWS00582,Location 0582,GPE,LOCATION 0582,0.965,61,159,SYNTHETIC_DEMO
NEWS00583,Location 0583,LOC,LOCATION 0583,0.826,50,92,SYNTHETIC_DEMO
NEWS00584,Product 0584,PRODUCT,PRODUCT 0584,0.908,60,130,SYNTHETIC_DEMO
NEWS00585,Labor Disruption,EVENT,LABOR DISRUPTION,0.887,64,135,SYNTHETIC_DEMO
NEWS00586,Supplier 0586,ORG,SUPPLIER 0586,0.773,46,106,SYNTHETIC_DEMO
NEWS00587,Location 0587,GPE,LOCATION 0587,0.83,10,117,SYNTHETIC_DEMO
NEWS00588,Location 0588,LOC,LOCATION 0588,0.772,12,94,SYNTHETIC_DEMO
NEWS00589,Product 0589,PRODUCT,PRODUCT 0589,0.982,62,95,SYNTHETIC_DEMO
NEWS00590,Flood,EVENT,FLOOD,0.888,52,121,SYNTHETIC_DEMO
NEWS00591,Supplier 0591,ORG,SUPPLIER 0591,0.902,67,81,SYNTHETIC_DEMO
NEWS00592,Location 0592,GPE,LOCATION 0592,0.857,18,112,SYNTHETIC_DEMO
NEWS00593,Location 0593,LOC,LOCATION 0593,0.793,59,115,SYNTHETIC_DEMO
NEWS00594,Product 0594,PRODUCT,PRODUCT 0594,0.955,11,106,SYNTHETIC_DEMO
NEWS00595,Labor Disruption,EVENT,LABOR DISRUPTION,0.792,8,125,SYNTHETIC_DEMO
NEWS00596,Supplier 0596,ORG,SUPPLIER 0596,0.95,74,124,SYNTHETIC_DEMO
NEWS00597,Location 0597,GPE,LOCATION 0597,0.917,6,158,SYNTHETIC_DEMO
NEWS00598,Location 0598,LOC,LOCATION 0598,0.834,36,82,SYNTHETIC_DEMO
NEWS00599,Product 0599,PRODUCT,PRODUCT 0599,0.823,18,109,SYNTHETIC_DEMO
NEWS00600,Flood,EVENT,FLOOD,0.77,74,149,SYNTHETIC_DEMO
NEWS00601,Supplier 0601,ORG,SUPPLIER 0601,0.882,32,159,SYNTHETIC_DEMO
NEWS00602,Location 0602,GPE,LOCATION 0602,0.77,62,114,SYNTHETIC_DEMO
NEWS00603,Location 0603,LOC,LOCATION 0603,0.861,1,124,SYNTHETIC_DEMO
NEWS00604,Product 0604,PRODUCT,PRODUCT 0604,0.841,16,142,SYNTHETIC_DEMO
NEWS00605,Labor Disruption,EVENT,LABOR DISRUPTION,0.767,12,108,SYNTHETIC_DEMO
NEWS00606,Supplier 0606,ORG,SUPPLIER 0606,0.983,77,87,SYNTHETIC_DEMO
NEWS00607,Location 0607,GPE,LOCATION 0607,0.874,72,151,SYNTHETIC_DEMO
NEWS00608,Location 0608,LOC,LOCATION 0608,0.862,63,158,SYNTHETIC_DEMO
NEWS00609,Product 0609,PRODUCT,PRODUCT 0609,0.988,78,144,SYNTHETIC_DEMO
NEWS00610,Flood,EVENT,FLOOD,0.802,41,83,SYNTHETIC_DEMO
NEWS00611,Supplier 0611,ORG,SUPPLIER 0611,0.923,4,140,SYNTHETIC_DEMO
NEWS00612,Location 0612,GPE,LOCATION 0612,0.766,13,156,SYNTHETIC_DEMO
NEWS00613,Location 0613,LOC,LOCATION 0613,0.797,20,109,SYNTHETIC_DEMO
NEWS00614,Product 0614,PRODUCT,PRODUCT 0614,0.883,22,91,SYNTHETIC_DEMO
NEWS00615,Labor Disruption,EVENT,LABOR DISRUPTION,0.936,54,85,SYNTHETIC_DEMO
NEWS00616,Supplier 0616,ORG,SUPPLIER 0616,0.82,29,99,SYNTHETIC_DEMO
NEWS00617,Location 0617,GPE,LOCATION 0617,0.974,63,81,SYNTHETIC_DEMO
NEWS00618,Location 0618,LOC,LOCATION 0618,0.829,55,92,SYNTHETIC_DEMO
NEWS00619,Product 0619,PRODUCT,PRODUCT 0619,0.82,58,127,SYNTHETIC_DEMO
NEWS00620,Flood,EVENT,FLOOD,0.909,25,151,SYNTHETIC_DEMO
NEWS00621,Supplier 0621,ORG,SUPPLIER 0621,0.984,63,94,SYNTHETIC_DEMO
NEWS00622,Location 0622,GPE,LOCATION 0622,0.765,19,91,SYNTHETIC_DEMO
NEWS00623,Location 0623,LOC,LOCATION 0623,0.937,33,128,SYNTHETIC_DEMO
NEWS00624,Product 0624,PRODUCT,PRODUCT 0624,0.983,47,97,SYNTHETIC_DEMO
NEWS00625,Labor Disruption,EVENT,LABOR DISRUPTION,0.777,34,124,SYNTHETIC_DEMO
NEWS00626,Supplier 0626,ORG,SUPPLIER 0626,0.839,28,100,SYNTHETIC_DEMO
NEWS00627,Location 0627,GPE,LOCATION 0627,0.942,51,142,SYNTHETIC_DEMO
NEWS00628,Location 0628,LOC,LOCATION 0628,0.813,9,86,SYNTHETIC_DEMO
NEWS00629,Product 0629,PRODUCT,PRODUCT 0629,0.861,51,139,SYNTHETIC_DEMO
NEWS00630,Flood,EVENT,FLOOD,0.919,38,143,SYNTHETIC_DEMO
NEWS00631,Supplier 0631,ORG,SUPPLIER 0631,0.864,70,85,SYNTHETIC_DEMO
NEWS00632,Location 0632,GPE,LOCATION 0632,0.754,32,100,SYNTHETIC_DEMO
NEWS00633,Location 0633,LOC,LOCATION 0633,0.753,54,151,SYNTHETIC_DEMO
NEWS00634,Product 0634,PRODUCT,PRODUCT 0634,0.861,39,129,SYNTHETIC_DEMO
NEWS00635,Labor Disruption,EVENT,LABOR DISRUPTION,0.962,49,155,SYNTHETIC_DEMO
NEWS00636,Supplier 0636,ORG,SUPPLIER 0636,0.971,62,117,SYNTHETIC_DEMO
NEWS00637,Location 0637,GPE,LOCATION 0637,0.797,2,133,SYNTHETIC_DEMO
NEWS00638,Location 0638,LOC,LOCATION 0638,0.9,47,119,SYNTHETIC_DEMO
NEWS00639,Product 0639,PRODUCT,PRODUCT 0639,0.767,10,84,SYNTHETIC_DEMO
NEWS00640,Flood,EVENT,FLOOD,0.755,13,160,SYNTHETIC_DEMO
NEWS00641,Supplier 0641,ORG,SUPPLIER 0641,0.858,25,139,SYNTHETIC_DEMO
NEWS00642,Location 0642,GPE,LOCATION 0642,0.832,65,113,SYNTHETIC_DEMO
NEWS00643,Location 0643,LOC,LOCATION 0643,0.751,49,142,SYNTHETIC_DEMO
NEWS00644,Product 0644,PRODUCT,PRODUCT 0644,0.894,43,120,SYNTHETIC_DEMO
NEWS00645,Labor Disruption,EVENT,LABOR DISRUPTION,0.938,72,150,SYNTHETIC_DEMO
NEWS00646,Supplier 0646,ORG,SUPPLIER 0646,0.961,42,103,SYNTHETIC_DEMO
NEWS00647,Location 0647,GPE,LOCATION 0647,0.832,58,97,SYNTHETIC_DEMO
NEWS00648,Location 0648,LOC,LOCATION 0648,0.912,48,86,SYNTHETIC_DEMO
NEWS00649,Product 0649,PRODUCT,PRODUCT 0649,0.933,67,124,SYNTHETIC_DEMO
NEWS00650,Flood,EVENT,FLOOD,0.884,12,158,SYNTHETIC_DEMO
NEWS00651,Supplier 0651,ORG,SUPPLIER 0651,0.892,32,111,SYNTHETIC_DEMO
NEWS00652,Location 0652,GPE,LOCATION 0652,0.853,48,111,SYNTHETIC_DEMO
NEWS00653,Location 0653,LOC,LOCATION 0653,0.901,44,112,SYNTHETIC_DEMO
NEWS00654,Product 0654,PRODUCT,PRODUCT 0654,0.981,22,96,SYNTHETIC_DEMO
NEWS00655,Labor Disruption,EVENT,LABOR DISRUPTION,0.931,23,134,SYNTHETIC_DEMO
NEWS00656,Supplier 0656,ORG,SUPPLIER 0656,0.88,62,140,SYNTHETIC_DEMO
NEWS00657,Location 0657,GPE,LOCATION 0657,0.861,15,116,SYNTHETIC_DEMO
NEWS00658,Location 0658,LOC,LOCATION 0658,0.928,22,154,SYNTHETIC_DEMO
NEWS00659,Product 0659,PRODUCT,PRODUCT 0659,0.949,75,131,SYNTHETIC_DEMO
NEWS00660,Flood,EVENT,FLOOD,0.917,15,133,SYNTHETIC_DEMO
NEWS00661,Supplier 0661,ORG,SUPPLIER 0661,0.769,32,118,SYNTHETIC_DEMO
NEWS00662,Location 0662,GPE,LOCATION 0662,0.97,49,135,SYNTHETIC_DEMO
NEWS00663,Location 0663,LOC,LOCATION 0663,0.848,76,109,SYNTHETIC_DEMO
NEWS00664,Product 0664,PRODUCT,PRODUCT 0664,0.946,31,91,SYNTHETIC_DEMO
NEWS00665,Labor Disruption,EVENT,LABOR DISRUPTION,0.908,47,121,SYNTHETIC_DEMO
NEWS00666,Supplier 0666,ORG,SUPPLIER 0666,0.781,1,89,SYNTHETIC_DEMO
NEWS00667,Location 0667,GPE,LOCATION 0667,0.898,53,108,SYNTHETIC_DEMO
NEWS00668,Location 0668,LOC,LOCATION 0668,0.756,44,138,SYNTHETIC_DEMO
NEWS00669,Product 0669,PRODUCT,PRODUCT 0669,0.896,17,148,SYNTHETIC_DEMO
NEWS00670,Flood,EVENT,FLOOD,0.955,65,143,SYNTHETIC_DEMO
NEWS00671,Supplier 0671,ORG,SUPPLIER 0671,0.973,53,160,SYNTHETIC_DEMO
NEWS00672,Location 0672,GPE,LOCATION 0672,0.766,1,141,SYNTHETIC_DEMO
NEWS00673,Location 0673,LOC,LOCATION 0673,0.772,44,96,SYNTHETIC_DEMO
NEWS00674,Product 0674,PRODUCT,PRODUCT 0674,0.905,80,157,SYNTHETIC_DEMO
NEWS00675,Labor Disruption,EVENT,LABOR DISRUPTION,0.815,18,136,SYNTHETIC_DEMO
NEWS00676,Supplier 0676,ORG,SUPPLIER 0676,0.832,78,134,SYNTHETIC_DEMO
NEWS00677,Location 0677,GPE,LOCATION 0677,0.935,39,101,SYNTHETIC_DEMO
NEWS00678,Location 0678,LOC,LOCATION 0678,0.907,19,128,SYNTHETIC_DEMO
NEWS00679,Product 0679,PRODUCT,PRODUCT 0679,0.96,34,153,SYNTHETIC_DEMO
NEWS00680,Flood,EVENT,FLOOD,0.845,69,117,SYNTHETIC_DEMO
NEWS00681,Supplier 0681,ORG,SUPPLIER 0681,0.943,33,150,SYNTHETIC_DEMO
NEWS00682,Location 0682,GPE,LOCATION 0682,0.919,75,95,SYNTHETIC_DEMO
NEWS00683,Location 0683,LOC,LOCATION 0683,0.951,54,142,SYNTHETIC_DEMO
NEWS00684,Product 0684,PRODUCT,PRODUCT 0684,0.952,40,128,SYNTHETIC_DEMO
NEWS00685,Labor Disruption,EVENT,LABOR DISRUPTION,0.75,61,93,SYNTHETIC_DEMO
NEWS00686,Supplier 0686,ORG,SUPPLIER 0686,0.86,79,98,SYNTHETIC_DEMO
NEWS00687,Location 0687,GPE,LOCATION 0687,0.782,58,84,SYNTHETIC_DEMO
NEWS00688,Location 0688,LOC,LOCATION 0688,0.834,4,149,SYNTHETIC_DEMO
NEWS00689,Product 0689,PRODUCT,PRODUCT 0689,0.786,11,122,SYNTHETIC_DEMO
NEWS00690,Flood,EVENT,FLOOD,0.885,27,86,SYNTHETIC_DEMO
NEWS00691,Supplier 0691,ORG,SUPPLIER 0691,0.811,40,90,SYNTHETIC_DEMO
NEWS00692,Location 0692,GPE,LOCATION 0692,0.808,54,99,SYNTHETIC_DEMO
NEWS00693,Location 0693,LOC,LOCATION 0693,0.867,32,91,SYNTHETIC_DEMO
NEWS00694,Product 0694,PRODUCT,PRODUCT 0694,0.945,45,138,SYNTHETIC_DEMO
NEWS00695,Labor Disruption,EVENT,LABOR DISRUPTION,0.958,7,152,SYNTHETIC_DEMO
NEWS00696,Supplier 0696,ORG,SUPPLIER 0696,0.989,41,124,SYNTHETIC_DEMO
NEWS00697,Location 0697,GPE,LOCATION 0697,0.844,14,82,SYNTHETIC_DEMO
NEWS00698,Location 0698,LOC,LOCATION 0698,0.922,76,146,SYNTHETIC_DEMO
NEWS00699,Product 0699,PRODUCT,PRODUCT 0699,0.949,76,88,SYNTHETIC_DEMO
NEWS00700,Flood,EVENT,FLOOD,0.808,29,93,SYNTHETIC_DEMO
NEWS00701,Supplier 0701,ORG,SUPPLIER 0701,0.987,19,108,SYNTHETIC_DEMO
NEWS00702,Location 0702,GPE,LOCATION 0702,0.943,15,124,SYNTHETIC_DEMO
NEWS00703,Location 0703,LOC,LOCATION 0703,0.852,56,136,SYNTHETIC_DEMO
NEWS00704,Product 0704,PRODUCT,PRODUCT 0704,0.856,71,137,SYNTHETIC_DEMO
NEWS00705,Labor Disruption,EVENT,LABOR DISRUPTION,0.978,51,118,SYNTHETIC_DEMO
NEWS00706,Supplier 0706,ORG,SUPPLIER 0706,0.847,73,85,SYNTHETIC_DEMO
NEWS00707,Location 0707,GPE,LOCATION 0707,0.896,69,139,SYNTHETIC_DEMO
NEWS00708,Location 0708,LOC,LOCATION 0708,0.964,30,81,SYNTHETIC_DEMO
NEWS00709,Product 0709,PRODUCT,PRODUCT 0709,0.769,73,108,SYNTHETIC_DEMO
NEWS00710,Flood,EVENT,FLOOD,0.798,64,97,SYNTHETIC_DEMO
NEWS00711,Supplier 0711,ORG,SUPPLIER 0711,0.808,49,157,SYNTHETIC_DEMO
NEWS00712,Location 0712,GPE,LOCATION 0712,0.818,71,158,SYNTHETIC_DEMO
NEWS00713,Location 0713,LOC,LOCATION 0713,0.983,44,150,SYNTHETIC_DEMO
NEWS00714,Product 0714,PRODUCT,PRODUCT 0714,0.869,15,121,SYNTHETIC_DEMO
NEWS00715,Labor Disruption,EVENT,LABOR DISRUPTION,0.93,51,127,SYNTHETIC_DEMO
NEWS00716,Supplier 0716,ORG,SUPPLIER 0716,0.93,36,94,SYNTHETIC_DEMO
NEWS00717,Location 0717,GPE,LOCATION 0717,0.973,63,114,SYNTHETIC_DEMO
NEWS00718,Location 0718,LOC,LOCATION 0718,0.883,33,98,SYNTHETIC_DEMO
NEWS00719,Product 0719,PRODUCT,PRODUCT 0719,0.847,57,122,SYNTHETIC_DEMO
NEWS00720,Flood,EVENT,FLOOD,0.758,39,136,SYNTHETIC_DEMO
NEWS00721,Supplier 0721,ORG,SUPPLIER 0721,0.844,46,140,SYNTHETIC_DEMO
NEWS00722,Location 0722,GPE,LOCATION 0722,0.822,35,125,SYNTHETIC_DEMO
NEWS00723,Location 0723,LOC,LOCATION 0723,0.988,9,121,SYNTHETIC_DEMO
NEWS00724,Product 0724,PRODUCT,PRODUCT 0724,0.966,40,143,SYNTHETIC_DEMO
NEWS00725,Labor Disruption,EVENT,LABOR DISRUPTION,0.911,4,99,SYNTHETIC_DEMO
NEWS00726,Supplier 0726,ORG,SUPPLIER 0726,0.864,1,144,SYNTHETIC_DEMO
NEWS00727,Location 0727,GPE,LOCATION 0727,0.915,3,83,SYNTHETIC_DEMO
NEWS00728,Location 0728,LOC,LOCATION 0728,0.806,62,88,SYNTHETIC_DEMO
NEWS00729,Product 0729,PRODUCT,PRODUCT 0729,0.815,25,102,SYNTHETIC_DEMO
NEWS00730,Flood,EVENT,FLOOD,0.974,33,137,SYNTHETIC_DEMO
NEWS00731,Supplier 0731,ORG,SUPPLIER 0731,0.971,51,136,SYNTHETIC_DEMO
NEWS00732,Location 0732,GPE,LOCATION 0732,0.833,54,111,SYNTHETIC_DEMO
NEWS00733,Location 0733,LOC,LOCATION 0733,0.989,63,116,SYNTHETIC_DEMO
NEWS00734,Product 0734,PRODUCT,PRODUCT 0734,0.845,3,122,SYNTHETIC_DEMO
NEWS00735,Labor Disruption,EVENT,LABOR DISRUPTION,0.951,58,145,SYNTHETIC_DEMO
NEWS00736,Supplier 0736,ORG,SUPPLIER 0736,0.944,31,128,SYNTHETIC_DEMO
NEWS00737,Location 0737,GPE,LOCATION 0737,0.871,65,125,SYNTHETIC_DEMO
NEWS00738,Location 0738,LOC,LOCATION 0738,0.753,64,100,SYNTHETIC_DEMO
NEWS00739,Product 0739,PRODUCT,PRODUCT 0739,0.894,60,91,SYNTHETIC_DEMO
NEWS00740,Flood,EVENT,FLOOD,0.82,74,82,SYNTHETIC_DEMO
NEWS00741,Supplier 0741,ORG,SUPPLIER 0741,0.935,40,154,SYNTHETIC_DEMO
NEWS00742,Location 0742,GPE,LOCATION 0742,0.901,22,95,SYNTHETIC_DEMO
NEWS00743,Location 0743,LOC,LOCATION 0743,0.801,25,89,SYNTHETIC_DEMO
NEWS00744,Product 0744,PRODUCT,PRODUCT 0744,0.806,26,135,SYNTHETIC_DEMO
NEWS00745,Labor Disruption,EVENT,LABOR DISRUPTION,0.9,1,140,SYNTHETIC_DEMO
NEWS00746,Supplier 0746,ORG,SUPPLIER 0746,0.756,16,129,SYNTHETIC_DEMO
NEWS00747,Location 0747,GPE,LOCATION 0747,0.926,12,158,SYNTHETIC_DEMO
NEWS00748,Location 0748,LOC,LOCATION 0748,0.933,13,115,SYNTHETIC_DEMO
NEWS00749,Product 0749,PRODUCT,PRODUCT 0749,0.982,67,106,SYNTHETIC_DEMO
NEWS00750,Flood,EVENT,FLOOD,0.843,14,140,SYNTHETIC_DEMO
NEWS00751,Supplier 0751,ORG,SUPPLIER 0751,0.757,69,116,SYNTHETIC_DEMO
NEWS00752,Location 0752,GPE,LOCATION 0752,0.96,50,130,SYNTHETIC_DEMO
NEWS00753,Location 0753,LOC,LOCATION 0753,0.976,5,140,SYNTHETIC_DEMO
NEWS00754,Product 0754,PRODUCT,PRODUCT 0754,0.942,3,126,SYNTHETIC_DEMO
NEWS00755,Labor Disruption,EVENT,LABOR DISRUPTION,0.921,40,133,SYNTHETIC_DEMO
NEWS00756,Supplier 0756,ORG,SUPPLIER 0756,0.921,71,93,SYNTHETIC_DEMO
NEWS00757,Location 0757,GPE,LOCATION 0757,0.883,16,108,SYNTHETIC_DEMO
NEWS00758,Location 0758,LOC,LOCATION 0758,0.786,40,102,SYNTHETIC_DEMO
NEWS00759,Product 0759,PRODUCT,PRODUCT 0759,0.904,36,159,SYNTHETIC_DEMO
NEWS00760,Flood,EVENT,FLOOD,0.941,54,126,SYNTHETIC_DEMO
NEWS00761,Supplier 0761,ORG,SUPPLIER 0761,0.807,64,156,SYNTHETIC_DEMO
NEWS00762,Location 0762,GPE,LOCATION 0762,0.973,23,132,SYNTHETIC_DEMO
NEWS00763,Location 0763,LOC,LOCATION 0763,0.802,66,152,SYNTHETIC_DEMO
NEWS00764,Product 0764,PRODUCT,PRODUCT 0764,0.82,64,127,SYNTHETIC_DEMO
NEWS00765,Labor Disruption,EVENT,LABOR DISRUPTION,0.791,80,93,SYNTHETIC_DEMO
NEWS00766,Supplier 0766,ORG,SUPPLIER 0766,0.985,64,114,SYNTHETIC_DEMO
NEWS00767,Location 0767,GPE,LOCATION 0767,0.915,0,137,SYNTHETIC_DEMO
NEWS00768,Location 0768,LOC,LOCATION 0768,0.944,18,154,SYNTHETIC_DEMO
NEWS00769,Product 0769,PRODUCT,PRODUCT 0769,0.83,59,115,SYNTHETIC_DEMO
NEWS00770,Flood,EVENT,FLOOD,0.944,14,155,SYNTHETIC_DEMO
NEWS00771,Supplier 0771,ORG,SUPPLIER 0771,0.907,75,150,SYNTHETIC_DEMO
NEWS00772,Location 0772,GPE,LOCATION 0772,0.965,53,95,SYNTHETIC_DEMO
NEWS00773,Location 0773,LOC,LOCATION 0773,0.895,7,82,SYNTHETIC_DEMO
NEWS00774,Product 0774,PRODUCT,PRODUCT 0774,0.816,9,94,SYNTHETIC_DEMO
NEWS00775,Labor Disruption,EVENT,LABOR DISRUPTION,0.95,42,132,SYNTHETIC_DEMO
NEWS00776,Supplier 0776,ORG,SUPPLIER 0776,0.801,57,124,SYNTHETIC_DEMO
NEWS00777,Location 0777,GPE,LOCATION 0777,0.77,19,149,SYNTHETIC_DEMO
NEWS00778,Location 0778,LOC,LOCATION 0778,0.917,61,118,SYNTHETIC_DEMO
NEWS00779,Product 0779,PRODUCT,PRODUCT 0779,0.988,74,119,SYNTHETIC_DEMO
NEWS00780,Flood,EVENT,FLOOD,0.892,25,146,SYNTHETIC_DEMO
NEWS00781,Supplier 0781,ORG,SUPPLIER 0781,0.754,69,115,SYNTHETIC_DEMO
NEWS00782,Location 0782,GPE,LOCATION 0782,0.798,70,116,SYNTHETIC_DEMO
NEWS00783,Location 0783,LOC,LOCATION 0783,0.959,66,159,SYNTHETIC_DEMO
NEWS00784,Product 0784,PRODUCT,PRODUCT 0784,0.957,5,102,SYNTHETIC_DEMO
NEWS00785,Labor Disruption,EVENT,LABOR DISRUPTION,0.893,69,94,SYNTHETIC_DEMO
NEWS00786,Supplier 0786,ORG,SUPPLIER 0786,0.756,0,122,SYNTHETIC_DEMO
NEWS00787,Location 0787,GPE,LOCATION 0787,0.935,78,160,SYNTHETIC_DEMO
NEWS00788,Location 0788,LOC,LOCATION 0788,0.949,37,116,SYNTHETIC_DEMO
NEWS00789,Product 0789,PRODUCT,PRODUCT 0789,0.771,23,97,SYNTHETIC_DEMO
NEWS00790,Flood,EVENT,FLOOD,0.833,20,123,SYNTHETIC_DEMO
NEWS00791,Supplier 0791,ORG,SUPPLIER 0791,0.756,23,108,SYNTHETIC_DEMO
NEWS00792,Location 0792,GPE,LOCATION 0792,0.916,61,104,SYNTHETIC_DEMO
NEWS00793,Location 0793,LOC,LOCATION 0793,0.985,75,160,SYNTHETIC_DEMO
NEWS00794,Product 0794,PRODUCT,PRODUCT 0794,0.926,20,81,SYNTHETIC_DEMO
NEWS00795,Labor Disruption,EVENT,LABOR DISRUPTION,0.822,56,154,SYNTHETIC_DEMO
NEWS00796,Supplier 0796,ORG,SUPPLIER 0796,0.799,59,89,SYNTHETIC_DEMO
NEWS00797,Location 0797,GPE,LOCATION 0797,0.974,42,104,SYNTHETIC_DEMO
NEWS00798,Location 0798,LOC,LOCATION 0798,0.851,75,96,SYNTHETIC_DEMO
NEWS00799,Product 0799,PRODUCT,PRODUCT 0799,0.904,25,122,SYNTHETIC_DEMO
NEWS00800,Flood,EVENT,FLOOD,0.884,11,93,SYNTHETIC_DEMO
NEWS00801,Supplier 0801,ORG,SUPPLIER 0801,0.781,18,114,SYNTHETIC_DEMO
NEWS00802,Location 0802,GPE,LOCATION 0802,0.812,75,87,SYNTHETIC_DEMO
NEWS00803,Location 0803,LOC,LOCATION 0803,0.954,36,136,SYNTHETIC_DEMO
NEWS00804,Product 0804,PRODUCT,PRODUCT 0804,0.868,35,149,SYNTHETIC_DEMO
NEWS00805,Labor Disruption,EVENT,LABOR DISRUPTION,0.878,7,119,SYNTHETIC_DEMO
NEWS00806,Supplier 0806,ORG,SUPPLIER 0806,0.844,49,98,SYNTHETIC_DEMO
NEWS00807,Location 0807,GPE,LOCATION 0807,0.969,10,124,SYNTHETIC_DEMO
NEWS00808,Location 0808,LOC,LOCATION 0808,0.767,47,110,SYNTHETIC_DEMO
NEWS00809,Product 0809,PRODUCT,PRODUCT 0809,0.956,24,101,SYNTHETIC_DEMO
NEWS00810,Flood,EVENT,FLOOD,0.99,64,155,SYNTHETIC_DEMO
NEWS00811,Supplier 0811,ORG,SUPPLIER 0811,0.875,10,123,SYNTHETIC_DEMO
NEWS00812,Location 0812,GPE,LOCATION 0812,0.849,42,98,SYNTHETIC_DEMO
NEWS00813,Location 0813,LOC,LOCATION 0813,0.97,35,149,SYNTHETIC_DEMO
NEWS00814,Product 0814,PRODUCT,PRODUCT 0814,0.961,47,96,SYNTHETIC_DEMO
NEWS00815,Labor Disruption,EVENT,LABOR DISRUPTION,0.782,35,154,SYNTHETIC_DEMO
NEWS00816,Supplier 0816,ORG,SUPPLIER 0816,0.871,29,85,SYNTHETIC_DEMO
NEWS00817,Location 0817,GPE,LOCATION 0817,0.841,48,104,SYNTHETIC_DEMO
NEWS00818,Location 0818,LOC,LOCATION 0818,0.968,24,105,SYNTHETIC_DEMO
NEWS00819,Product 0819,PRODUCT,PRODUCT 0819,0.767,26,160,SYNTHETIC_DEMO
NEWS00820,Flood,EVENT,FLOOD,0.963,38,107,SYNTHETIC_DEMO
NEWS00821,Supplier 0821,ORG,SUPPLIER 0821,0.898,44,156,SYNTHETIC_DEMO
NEWS00822,Location 0822,GPE,LOCATION 0822,0.981,4,131,SYNTHETIC_DEMO
NEWS00823,Location 0823,LOC,LOCATION 0823,0.953,18,143,SYNTHETIC_DEMO
NEWS00824,Product 0824,PRODUCT,PRODUCT 0824,0.828,39,117,SYNTHETIC_DEMO
NEWS00825,Labor Disruption,EVENT,LABOR DISRUPTION,0.798,47,85,SYNTHETIC_DEMO
NEWS00826,Supplier 0826,ORG,SUPPLIER 0826,0.97,73,159,SYNTHETIC_DEMO
NEWS00827,Location 0827,GPE,LOCATION 0827,0.935,9,125,SYNTHETIC_DEMO
NEWS00828,Location 0828,LOC,LOCATION 0828,0.839,32,118,SYNTHETIC_DEMO
NEWS00829,Product 0829,PRODUCT,PRODUCT 0829,0.984,50,152,SYNTHETIC_DEMO
NEWS00830,Flood,EVENT,FLOOD,0.886,34,132,SYNTHETIC_DEMO
NEWS00831,Supplier 0831,ORG,SUPPLIER 0831,0.978,38,158,SYNTHETIC_DEMO
NEWS00832,Location 0832,GPE,LOCATION 0832,0.963,34,140,SYNTHETIC_DEMO
NEWS00833,Location 0833,LOC,LOCATION 0833,0.825,54,149,SYNTHETIC_DEMO
NEWS00834,Product 0834,PRODUCT,PRODUCT 0834,0.851,42,152,SYNTHETIC_DEMO
NEWS00835,Labor Disruption,EVENT,LABOR DISRUPTION,0.956,76,138,SYNTHETIC_DEMO
NEWS00836,Supplier 0836,ORG,SUPPLIER 0836,0.835,36,119,SYNTHETIC_DEMO
NEWS00837,Location 0837,GPE,LOCATION 0837,0.931,2,90,SYNTHETIC_DEMO
NEWS00838,Location 0838,LOC,LOCATION 0838,0.897,43,133,SYNTHETIC_DEMO
NEWS00839,Product 0839,PRODUCT,PRODUCT 0839,0.855,21,125,SYNTHETIC_DEMO
NEWS00840,Flood,EVENT,FLOOD,0.921,44,148,SYNTHETIC_DEMO
NEWS00841,Supplier 0841,ORG,SUPPLIER 0841,0.754,21,143,SYNTHETIC_DEMO
NEWS00842,Location 0842,GPE,LOCATION 0842,0.915,39,160,SYNTHETIC_DEMO
NEWS00843,Location 0843,LOC,LOCATION 0843,0.845,72,120,SYNTHETIC_DEMO
NEWS00844,Product 0844,PRODUCT,PRODUCT 0844,0.866,31,98,SYNTHETIC_DEMO
NEWS00845,Labor Disruption,EVENT,LABOR DISRUPTION,0.751,27,113,SYNTHETIC_DEMO
NEWS00846,Supplier 0846,ORG,SUPPLIER 0846,0.97,25,137,SYNTHETIC_DEMO
NEWS00847,Location 0847,GPE,LOCATION 0847,0.913,79,87,SYNTHETIC_DEMO
NEWS00848,Location 0848,LOC,LOCATION 0848,0.988,34,102,SYNTHETIC_DEMO
NEWS00849,Product 0849,PRODUCT,PRODUCT 0849,0.81,73,124,SYNTHETIC_DEMO
NEWS00850,Flood,EVENT,FLOOD,0.946,47,137,SYNTHETIC_DEMO
NEWS00851,Supplier 0851,ORG,SUPPLIER 0851,0.988,9,120,SYNTHETIC_DEMO
NEWS00852,Location 0852,GPE,LOCATION 0852,0.955,76,125,SYNTHETIC_DEMO
NEWS00853,Location 0853,LOC,LOCATION 0853,0.797,43,157,SYNTHETIC_DEMO
NEWS00854,Product 0854,PRODUCT,PRODUCT 0854,0.871,4,125,SYNTHETIC_DEMO
NEWS00855,Labor Disruption,EVENT,LABOR DISRUPTION,0.815,63,103,SYNTHETIC_DEMO
NEWS00856,Supplier 0856,ORG,SUPPLIER 0856,0.93,64,140,SYNTHETIC_DEMO
NEWS00857,Location 0857,GPE,LOCATION 0857,0.812,12,118,SYNTHETIC_DEMO
NEWS00858,Location 0858,LOC,LOCATION 0858,0.982,57,158,SYNTHETIC_DEMO
NEWS00859,Product 0859,PRODUCT,PRODUCT 0859,0.983,0,93,SYNTHETIC_DEMO
NEWS00860,Flood,EVENT,FLOOD,0.778,61,101,SYNTHETIC_DEMO
NEWS00861,Supplier 0861,ORG,SUPPLIER 0861,0.985,49,123,SYNTHETIC_DEMO
NEWS00862,Location 0862,GPE,LOCATION 0862,0.82,7,97,SYNTHETIC_DEMO
NEWS00863,Location 0863,LOC,LOCATION 0863,0.925,30,138,SYNTHETIC_DEMO
NEWS00864,Product 0864,PRODUCT,PRODUCT 0864,0.923,59,120,SYNTHETIC_DEMO
NEWS00865,Labor Disruption,EVENT,LABOR DISRUPTION,0.921,9,88,SYNTHETIC_DEMO
NEWS00866,Supplier 0866,ORG,SUPPLIER 0866,0.894,53,153,SYNTHETIC_DEMO
NEWS00867,Location 0867,GPE,LOCATION 0867,0.868,21,147,SYNTHETIC_DEMO
NEWS00868,Location 0868,LOC,LOCATION 0868,0.805,13,111,SYNTHETIC_DEMO
NEWS00869,Product 0869,PRODUCT,PRODUCT 0869,0.912,80,154,SYNTHETIC_DEMO
NEWS00870,Flood,EVENT,FLOOD,0.918,27,86,SYNTHETIC_DEMO
NEWS00871,Supplier 0871,ORG,SUPPLIER 0871,0.874,56,119,SYNTHETIC_DEMO
NEWS00872,Location 0872,GPE,LOCATION 0872,0.813,10,101,SYNTHETIC_DEMO
NEWS00873,Location 0873,LOC,LOCATION 0873,0.85,78,152,SYNTHETIC_DEMO
NEWS00874,Product 0874,PRODUCT,PRODUCT 0874,0.856,58,119,SYNTHETIC_DEMO
NEWS00875,Labor Disruption,EVENT,LABOR DISRUPTION,0.975,14,117,SYNTHETIC_DEMO
NEWS00876,Supplier 0876,ORG,SUPPLIER 0876,0.808,61,130,SYNTHETIC_DEMO
NEWS00877,Location 0877,GPE,LOCATION 0877,0.818,32,115,SYNTHETIC_DEMO
NEWS00878,Location 0878,LOC,LOCATION 0878,0.977,20,83,SYNTHETIC_DEMO
NEWS00879,Product 0879,PRODUCT,PRODUCT 0879,0.819,74,98,SYNTHETIC_DEMO
NEWS00880,Flood,EVENT,FLOOD,0.911,7,148,SYNTHETIC_DEMO
NEWS00881,Supplier 0881,ORG,SUPPLIER 0881,0.915,63,144,SYNTHETIC_DEMO
NEWS00882,Location 0882,GPE,LOCATION 0882,0.884,30,115,SYNTHETIC_DEMO
NEWS00883,Location 0883,LOC,LOCATION 0883,0.774,26,106,SYNTHETIC_DEMO
NEWS00884,Product 0884,PRODUCT,PRODUCT 0884,0.812,20,115,SYNTHETIC_DEMO
NEWS00885,Labor Disruption,EVENT,LABOR DISRUPTION,0.837,5,123,SYNTHETIC_DEMO
NEWS00886,Supplier 0886,ORG,SUPPLIER 0886,0.902,34,103,SYNTHETIC_DEMO
NEWS00887,Location 0887,GPE,LOCATION 0887,0.762,5,100,SYNTHETIC_DEMO
NEWS00888,Location 0888,LOC,LOCATION 0888,0.784,45,143,SYNTHETIC_DEMO
NEWS00889,Product 0889,PRODUCT,PRODUCT 0889,0.828,28,113,SYNTHETIC_DEMO
NEWS00890,Flood,EVENT,FLOOD,0.839,23,105,SYNTHETIC_DEMO
NEWS00891,Supplier 0891,ORG,SUPPLIER 0891,0.924,24,114,SYNTHETIC_DEMO
NEWS00892,Location 0892,GPE,LOCATION 0892,0.942,58,158,SYNTHETIC_DEMO
NEWS00893,Location 0893,LOC,LOCATION 0893,0.794,46,155,SYNTHETIC_DEMO
NEWS00894,Product 0894,PRODUCT,PRODUCT 0894,0.924,60,138,SYNTHETIC_DEMO
NEWS00895,Labor Disruption,EVENT,LABOR DISRUPTION,0.967,20,115,SYNTHETIC_DEMO
NEWS00896,Supplier 0896,ORG,SUPPLIER 0896,0.799,59,115,SYNTHETIC_DEMO
NEWS00897,Location 0897,GPE,LOCATION 0897,0.962,5,128,SYNTHETIC_DEMO
NEWS00898,Location 0898,LOC,LOCATION 0898,0.795,50,136,SYNTHETIC_DEMO
NEWS00899,Product 0899,PRODUCT,PRODUCT 0899,0.811,50,88,SYNTHETIC_DEMO
NEWS00900,Flood,EVENT,FLOOD,0.903,1,145,SYNTHETIC_DEMO
NEWS00901,Supplier 0901,ORG,SUPPLIER 0901,0.983,53,81,SYNTHETIC_DEMO
NEWS00902,Location 0902,GPE,LOCATION 0902,0.76,6,140,SYNTHETIC_DEMO
NEWS00903,Location 0903,LOC,LOCATION 0903,0.906,25,127,SYNTHETIC_DEMO
NEWS00904,Product 0904,PRODUCT,PRODUCT 0904,0.76,62,151,SYNTHETIC_DEMO
NEWS00905,Labor Disruption,EVENT,LABOR DISRUPTION,0.926,26,87,SYNTHETIC_DEMO
NEWS00906,Supplier 0906,ORG,SUPPLIER 0906,0.894,37,125,SYNTHETIC_DEMO
NEWS00907,Location 0907,GPE,LOCATION 0907,0.945,48,135,SYNTHETIC_DEMO
NEWS00908,Location 0908,LOC,LOCATION 0908,0.752,30,157,SYNTHETIC_DEMO
NEWS00909,Product 0909,PRODUCT,PRODUCT 0909,0.931,22,125,SYNTHETIC_DEMO
NEWS00910,Flood,EVENT,FLOOD,0.817,47,153,SYNTHETIC_DEMO
NEWS00911,Supplier 0911,ORG,SUPPLIER 0911,0.952,34,110,SYNTHETIC_DEMO
NEWS00912,Location 0912,GPE,LOCATION 0912,0.912,62,103,SYNTHETIC_DEMO
NEWS00913,Location 0913,LOC,LOCATION 0913,0.866,16,145,SYNTHETIC_DEMO
NEWS00914,Product 0914,PRODUCT,PRODUCT 0914,0.789,18,125,SYNTHETIC_DEMO
NEWS00915,Labor Disruption,EVENT,LABOR DISRUPTION,0.926,50,133,SYNTHETIC_DEMO
NEWS00916,Supplier 0916,ORG,SUPPLIER 0916,0.799,41,151,SYNTHETIC_DEMO
NEWS00917,Location 0917,GPE,LOCATION 0917,0.87,22,91,SYNTHETIC_DEMO
NEWS00918,Location 0918,LOC,LOCATION 0918,0.888,50,146,SYNTHETIC_DEMO
NEWS00919,Product 0919,PRODUCT,PRODUCT 0919,0.987,42,130,SYNTHETIC_DEMO
NEWS00920,Flood,EVENT,FLOOD,0.827,27,128,SYNTHETIC_DEMO
NEWS00921,Supplier 0921,ORG,SUPPLIER 0921,0.914,15,147,SYNTHETIC_DEMO
NEWS00922,Location 0922,GPE,LOCATION 0922,0.858,34,133,SYNTHETIC_DEMO
NEWS00923,Location 0923,LOC,LOCATION 0923,0.858,45,104,SYNTHETIC_DEMO
NEWS00924,Product 0924,PRODUCT,PRODUCT 0924,0.785,12,97,SYNTHETIC_DEMO
NEWS00925,Labor Disruption,EVENT,LABOR DISRUPTION,0.82,1,103,SYNTHETIC_DEMO
NEWS00926,Supplier 0926,ORG,SUPPLIER 0926,0.818,70,133,SYNTHETIC_DEMO
NEWS00927,Location 0927,GPE,LOCATION 0927,0.986,59,89,SYNTHETIC_DEMO
NEWS00928,Location 0928,LOC,LOCATION 0928,0.854,25,129,SYNTHETIC_DEMO
NEWS00929,Product 0929,PRODUCT,PRODUCT 0929,0.866,41,127,SYNTHETIC_DEMO
NEWS00930,Flood,EVENT,FLOOD,0.836,47,125,SYNTHETIC_DEMO
NEWS00931,Supplier 0931,ORG,SUPPLIER 0931,0.838,28,140,SYNTHETIC_DEMO
NEWS00932,Location 0932,GPE,LOCATION 0932,0.94,43,93,SYNTHETIC_DEMO
NEWS00933,Location 0933,LOC,LOCATION 0933,0.759,10,153,SYNTHETIC_DEMO
NEWS00934,Product 0934,PRODUCT,PRODUCT 0934,0.933,9,107,SYNTHETIC_DEMO
NEWS00935,Labor Disruption,EVENT,LABOR DISRUPTION,0.829,79,159,SYNTHETIC_DEMO
NEWS00936,Supplier 0936,ORG,SUPPLIER 0936,0.965,50,106,SYNTHETIC_DEMO
NEWS00937,Location 0937,GPE,LOCATION 0937,0.762,53,129,SYNTHETIC_DEMO
NEWS00938,Location 0938,LOC,LOCATION 0938,0.767,78,114,SYNTHETIC_DEMO
NEWS00939,Product 0939,PRODUCT,PRODUCT 0939,0.956,70,160,SYNTHETIC_DEMO
NEWS00940,Flood,EVENT,FLOOD,0.956,46,97,SYNTHETIC_DEMO
NEWS00941,Supplier 0941,ORG,SUPPLIER 0941,0.969,73,116,SYNTHETIC_DEMO
NEWS00942,Location 0942,GPE,LOCATION 0942,0.91,1,122,SYNTHETIC_DEMO
NEWS00943,Location 0943,LOC,LOCATION 0943,0.936,15,153,SYNTHETIC_DEMO
NEWS00944,Product 0944,PRODUCT,PRODUCT 0944,0.869,77,133,SYNTHETIC_DEMO
NEWS00945,Labor Disruption,EVENT,LABOR DISRUPTION,0.782,30,135,SYNTHETIC_DEMO
NEWS00946,Supplier 0946,ORG,SUPPLIER 0946,0.818,47,99,SYNTHETIC_DEMO
NEWS00947,Location 0947,GPE,LOCATION 0947,0.914,15,82,SYNTHETIC_DEMO
NEWS00948,Location 0948,LOC,LOCATION 0948,0.872,32,132,SYNTHETIC_DEMO
NEWS00949,Product 0949,PRODUCT,PRODUCT 0949,0.803,64,112,SYNTHETIC_DEMO
NEWS00950,Flood,EVENT,FLOOD,0.97,18,81,SYNTHETIC_DEMO
NEWS00951,Supplier 0951,ORG,SUPPLIER 0951,0.794,54,95,SYNTHETIC_DEMO
NEWS00952,Location 0952,GPE,LOCATION 0952,0.798,34,160,SYNTHETIC_DEMO
NEWS00953,Location 0953,LOC,LOCATION 0953,0.791,80,156,SYNTHETIC_DEMO
NEWS00954,Product 0954,PRODUCT,PRODUCT 0954,0.783,76,137,SYNTHETIC_DEMO
NEWS00955,Labor Disruption,EVENT,LABOR DISRUPTION,0.967,14,86,SYNTHETIC_DEMO
NEWS00956,Supplier 0956,ORG,SUPPLIER 0956,0.796,40,106,SYNTHETIC_DEMO
NEWS00957,Location 0957,GPE,LOCATION 0957,0.841,66,151,SYNTHETIC_DEMO
NEWS00958,Location 0958,LOC,LOCATION 0958,0.951,45,120,SYNTHETIC_DEMO
NEWS00959,Product 0959,PRODUCT,PRODUCT 0959,0.865,27,157,SYNTHETIC_DEMO
NEWS00960,Flood,EVENT,FLOOD,0.833,37,140,SYNTHETIC_DEMO
NEWS00961,Supplier 0961,ORG,SUPPLIER 0961,0.92,60,121,SYNTHETIC_DEMO
NEWS00962,Location 0962,GPE,LOCATION 0962,0.787,37,129,SYNTHETIC_DEMO
NEWS00963,Location 0963,LOC,LOCATION 0963,0.97,37,104,SYNTHETIC_DEMO
NEWS00964,Product 0964,PRODUCT,PRODUCT 0964,0.773,28,152,SYNTHETIC_DEMO
NEWS00965,Labor Disruption,EVENT,LABOR DISRUPTION,0.83,11,127,SYNTHETIC_DEMO
NEWS00966,Supplier 0966,ORG,SUPPLIER 0966,0.954,11,102,SYNTHETIC_DEMO
NEWS00967,Location 0967,GPE,LOCATION 0967,0.986,24,129,SYNTHETIC_DEMO
NEWS00968,Location 0968,LOC,LOCATION 0968,0.966,61,112,SYNTHETIC_DEMO
NEWS00969,Product 0969,PRODUCT,PRODUCT 0969,0.968,23,93,SYNTHETIC_DEMO
NEWS00970,Flood,EVENT,FLOOD,0.929,46,134,SYNTHETIC_DEMO
NEWS00971,Supplier 0971,ORG,SUPPLIER 0971,0.94,56,116,SYNTHETIC_DEMO
NEWS00972,Location 0972,GPE,LOCATION 0972,0.839,65,129,SYNTHETIC_DEMO
NEWS00973,Location 0973,LOC,LOCATION 0973,0.832,18,110,SYNTHETIC_DEMO
NEWS00974,Product 0974,PRODUCT,PRODUCT 0974,0.878,48,118,SYNTHETIC_DEMO
NEWS00975,Labor Disruption,EVENT,LABOR DISRUPTION,0.771,50,89,SYNTHETIC_DEMO
NEWS00976,Supplier 0976,ORG,SUPPLIER 0976,0.802,53,98,SYNTHETIC_DEMO
NEWS00977,Location 0977,GPE,LOCATION 0977,0.808,41,155,SYNTHETIC_DEMO
NEWS00978,Location 0978,LOC,LOCATION 0978,0.961,29,122,SYNTHETIC_DEMO
NEWS00979,Product 0979,PRODUCT,PRODUCT 0979,0.947,77,140,SYNTHETIC_DEMO
NEWS00980,Flood,EVENT,FLOOD,0.885,9,99,SYNTHETIC_DEMO
NEWS00981,Supplier 0981,ORG,SUPPLIER 0981,0.791,40,102,SYNTHETIC_DEMO
NEWS00982,Location 0982,GPE,LOCATION 0982,0.891,78,121,SYNTHETIC_DEMO
NEWS00983,Location 0983,LOC,LOCATION 0983,0.927,80,145,SYNTHETIC_DEMO
NEWS00984,Product 0984,PRODUCT,PRODUCT 0984,0.781,34,124,SYNTHETIC_DEMO
NEWS00985,Labor Disruption,EVENT,LABOR DISRUPTION,0.776,26,111,SYNTHETIC_DEMO
NEWS00986,Supplier 0986,ORG,SUPPLIER 0986,0.902,65,134,SYNTHETIC_DEMO
NEWS00987,Location 0987,GPE,LOCATION 0987,0.789,3,145,SYNTHETIC_DEMO
NEWS00988,Location 0988,LOC,LOCATION 0988,0.919,14,84,SYNTHETIC_DEMO
NEWS00989,Product 0989,PRODUCT,PRODUCT 0989,0.793,7,140,SYNTHETIC_DEMO
NEWS00990,Flood,EVENT,FLOOD,0.777,0,129,SYNTHETIC_DEMO
NEWS00991,Supplier 0991,ORG,SUPPLIER 0991,0.911,4,130,SYNTHETIC_DEMO
NEWS00992,Location 0992,GPE,LOCATION 0992,0.93,52,148,SYNTHETIC_DEMO
NEWS00993,Location 0993,LOC,LOCATION 0993,0.775,14,144,SYNTHETIC_DEMO
NEWS00994,Product 0994,PRODUCT,PRODUCT 0994,0.836,20,147,SYNTHETIC_DEMO
NEWS00995,Labor Disruption,EVENT,LABOR DISRUPTION,0.848,22,148,SYNTHETIC_DEMO
NEWS00996,Supplier 0996,ORG,SUPPLIER 0996,0.821,22,117,SYNTHETIC_DEMO
NEWS00997,Location 0997,GPE,LOCATION 0997,0.792,62,90,SYNTHETIC_DEMO
NEWS00998,Location 0998,LOC,LOCATION 0998,0.854,46,96,SYNTHETIC_DEMO
NEWS00999,Product 0999,PRODUCT,PRODUCT 0999,0.936,15,82,SYNTHETIC_DEMO
NEWS01000,Flood,EVENT,FLOOD,0.797,0,157,SYNTHETIC_DEMO
