article_id,source_name,author,title,description,url,published_at,content,query,retrieved_at,data_status
NEWS00001,DEMO_NEWS_PLACEHOLDER,,Demo supply-chain disruption article 0001,Synthetic placeholder for pipeline testing. Replace/augment using NewsAPI.,,2026-09-22T23:00:00+00:00,Synthetic/demo content only.,demo,2026-09-23T00:00:00+00:00,SYNTHETIC_DEMO
NEWS00002,DEMO_NEWS_PLACEHOLDER,,Demo supply-chain disruption article 0002,Synthetic placeholder for pipeline testing. Replace/augment using NewsAPI.,,2026-09-22T22:00:00+00:00,Synthetic/demo content only.,demo,2026-09-23T00:00:00+00:00,SYNTHETIC_DEMO
NEWS00003,DEMO_NEWS_PLACEHOLDER,,Demo supply-chain disruption article 0003,Synthetic placeholder for pipeline testing. Replace/augment using NewsAPI.,,2026-09-22T21:00:00+00:00,Synthetic/demo content only.,demo,2026-09-23T00:00:00+00:00,SYNTHETIC_DEMO
NEWS00004,DEMO_NEWS_PLACEHOLDER,,Demo supply-chain disruption article 0004,Synthetic placeholder for pipeline testing. Replace/augment using NewsAPI.,,2026-09-22T20:00:00+00:00,Synthetic/demo content only.,demo,2026-09-23T00:00:00+00:00,SYNTHETIC_DEMO
NEWS00005,DEMO_NEWS_PLACEHOLDER,,Demo supply-chain disruption article 0005,Synthetic placeholder for pipeline testing. Replace/augment using NewsAPI.,,2026-09-22T19:00:00+00:00,Synthetic/demo content only.,demo,2026-09-23T00:00:00+00:00,SYNTHETIC_DEMO
NEWS00006,DEMO_NEWS_PLACEHOLDER,,Demo supply-chain disruption article 0006,Synthetic placeholder for pipeline testing. Replace/augment using NewsAPI.,,2026-09-22T18:00:00+00:00,Synthetic/demo content only.,demo,2026-09-23T00:00:00+00:00,SYNTHETIC_DEMO
NEWS00007,DEMO_NEWS_PLACEHOLDER,,Demo supply-chain disruption article 0007,Synthetic placeholder for pipeline testing. Replace/augment using NewsAPI.,,2026-09-22T17:00:00+00:00,Synthetic/demo content only.,demo,2026-09-23T00:00:00+00:00,SYNTHETIC_DEMO
NEWS00008,DEMO_NEWS_PLACEHOLDER,,Demo supply-chain disruption article 0008,Synthetic placeholder for pipeline testing. Replace/augment using NewsAPI.,,2026-09-22T16:00:00+00:00,Synthetic/demo content only.,demo,2026-09-23T00:00:00+00:00,SYNTHETIC_DEMO
NEWS00009,DEMO_NEWS_PLACEHOLDER,,Demo supply-chain disruption article 0009,Synthetic placeholder for pipeline testing. Replace/augment using NewsAPI.,,2026-09-22T15:00:00+00:00,Synthetic/demo content only.,demo,2026-09-23T00:00:00+00:00,SYNTHETIC_DEMO
NEWS00010,DEMO_NEWS_PLACEHOLDER,,Demo supply-chain disruption article 0010,Synthetic placeholder for pipeline testing. Replace/augment using NewsAPI.,,2026-09-22T14:00:00+00:00,Synthetic/demo content only.,demo,2026-09-23T00:00:00+00:00,SYNTHETIC_DEMO
NEWS00011,DEMO_NEWS_PLACEHOLDER,,Demo supply-chain disruption article 0011,Synthetic placeholder for pipeline testing. Replace/augment using NewsAPI.,,2026-09-22T13:00:00+00:00,Synthetic/demo content only.,demo,2026-09-23T00:00:00+00:00,SYNTHETIC_DEMO
NEWS00012,DEMO_NEWS_PLACEHOLDER,,Demo supply-chain disruption article 0012,Synthetic placeholder for pipeline testing. Replace/augment using NewsAPI.,,2026-09-22T12:00:00+00:00,Synthetic/demo content only.,demo,2026-09-23T00:00:00+00:00,SYNTHETIC_DEMO
NEWS00013,DEMO_NEWS_PLACEHOLDER,,Demo supply-chain disruption article 0013,Synthetic placeholder for pipeline testing. Replace/augment using NewsAPI.,,2026-09-22T11:00:00+00:00,Synthetic/demo content only.,demo,2026-09-23T00:00:00+00:00,SYNTHETIC_DEMO
NEWS00014,DEMO_NEWS_PLACEHOLDER,,Demo supply-chain disruption article 0014,Synthetic placeholder for pipeline testing. Replace/augment using NewsAPI.,,2026-09-22T10:00:00+00:00,Synthetic/demo content only.,demo,2026-09-23T00:00:00+00:00,SYNTHETIC_DEMO
NEWS00015,DEMO_NEWS_PLACEHOLDER,,Demo supply-chain disruption article 0015,Synthetic placeholder for pipeline testing. Replace/augment using NewsAPI.,,2026-09-22T09:00:00+00:00,Synthetic/demo content only.,demo,2026-09-23T00:00:00+00:00,SYNTHETIC_DEMO
NEWS00016,DEMO_NEWS_PLACEHOLDER,,Demo supply-chain disruption article 0016,Synthetic placeholder for pipeline testing. Replace/augment using NewsAPI.,,2026-09-22T08:00:00+00:00,Synthetic/demo content only.,demo,2026-09-23T00:00:00+00:00,SYNTHETIC_DEMO
NEWS00017,DEMO_NEWS_PLACEHOLDER,,Demo supply-chain disruption article 0017,Synthetic placeholder for pipeline testing. Replace/augment using NewsAPI.,,2026-09-22T07:00:00+00:00,Synthetic/demo content only.,demo,2026-09-23T00:00:00+00:00,SYNTHETIC_DEMO
NEWS00018,DEMO_NEWS_PLACEHOLDER,,Demo supply-chain disruption article 0018,Synthetic placeholder for pipeline testing. Replace/augment using NewsAPI.,,2026-09-22T06:00:00+00:00,Synthetic/demo content only.,demo,2026-09-23T00:00:00+00:00,SYNTHETIC_DEMO
NEWS00019,DEMO_NEWS_PLACEHOLDER,,Demo supply-chain disruption article 0019,Synthetic placeholder for pipeline testing. Replace/augment using NewsAPI.,,2026-09-22T05:00:00+00:00,Synthetic/demo content only.,demo,2026-09-23T00:00:00+00:00,SYNTHETIC_DEMO
NEWS00020,DEMO_NEWS_PLACEHOLDER,,Demo supply-chain disruption article 0020,Synthetic placeholder for pipeline testing. Replace/augment using NewsAPI.,,2026-09-22T04:00:00+00:00,Synthetic/demo content only.,demo,2026-09-23T00:00:00+00:00,SYNTHETIC_DEMO
NEWS00021,DEMO_NEWS_PLACEHOLDER,,Demo supply-chain disruption article 0021,Synthetic placeholder for pipeline testing. Replace/augment using NewsAPI.,,2026-09-22T03:00:00+00:00,Synthetic/demo content only.,demo,2026-09-23T00:00:00+00:00,SYNTHETIC_DEMO
NEWS00022,DEMO_NEWS_PLACEHOLDER,,Demo supply-chain disruption article 0022,Synthetic placeholder for pipeline testing. Replace/augment using NewsAPI.,,2026-09-22T02:00:00+00:00,Synthetic/demo content only.,demo,2026-09-23T00:00:00+00:00,SYNTHETIC_DEMO
NEWS00023,DEMO_NEWS_PLACEHOLDER,,Demo supply-chain disruption article 0023,Synthetic placeholder for pipeline testing. Replace/augment using NewsAPI.,,2026-09-22T01:00:00+00:00,Synthetic/demo content only.,demo,2026-09-23T00:00:00+00:00,SYNTHETIC_DEMO
NEWS00024,DEMO_NEWS_PLACEHOLDER,,Demo supply-chain disruption article 0024,Synthetic placeholder for pipeline testing. Replace/augment using NewsAPI.,,2026-09-22T00:00:00+00:00,Synthetic/demo content only.,demo,2026-09-23T00:00:00+00:00,SYNTHETIC_DEMO
NEWS00025,DEMO_NEWS_PLACEHOLDER,,Demo supply-chain disruption article 0025,Synthetic placeholder for pipeline testing. Replace/augment using NewsAPI.,,2026-09-21T23:00:00+00:00,Synthetic/demo content only.,demo,2026-09-23T00:00:00+00:00,SYNTHETIC_DEMO
NEWS00026,DEMO_NEWS_PLACEHOLDER,,Demo supply-chain disruption article 0026,Synthetic placeholder for pipeline testing. Replace/augment using NewsAPI.,,2026-09-21T22:00:00+00:00,Synthetic/demo content only.,demo,2026-09-23T00:00:00+00:00,SYNTHETIC_DEMO
NEWS00027,DEMO_NEWS_PLACEHOLDER,,Demo supply-chain disruption article 0027,Synthetic placeholder for pipeline testing. Replace/augment using NewsAPI.,,2026-09-21T21:00:00+00:00,Synthetic/demo content only.,demo,2026-09-23T00:00:00+00:00,SYNTHETIC_DEMO
NEWS00028,DEMO_NEWS_PLACEHOLDER,,Demo supply-chain disruption article 0028,Synthetic placeholder for pipeline testing. Replace/augment using NewsAPI.,,2026-09-21T20:00:00+00:00,Synthetic/demo content only.,demo,2026-09-23T00:00:00+00:00,SYNTHETIC_DEMO
NEWS00029,DEMO_NEWS_PLACEHOLDER,,Demo supply-chain disruption article 0029,Synthetic placeholder for pipeline testing. Replace/augment using NewsAPI.,,2026-09-21T19:00:00+00:00,Synthetic/demo content only.,demo,2026-09-23T00:00:00+00:00,SYNTHETIC_DEMO
NEWS00030,DEMO_NEWS_PLACEHOLDER,,Demo supply-chain disruption article 0030,Synthetic placeholder for pipeline testing. Replace/augment using NewsAPI.,,2026-09-21T18:00:00+00:00,Synthetic/demo content only.,demo,2026-09-23T00:00:00+00:00,SYNTHETIC_DEMO
NEWS00031,DEMO_NEWS_PLACEHOLDER,,Demo supply-chain disruption article 0031,Synthetic placeholder for pipeline testing. Replace/augment using NewsAPI.,,2026-09-21T17:00:00+00:00,Synthetic/demo content only.,demo,2026-09-23T00:00:00+00:00,SYNTHETIC_DEMO
NEWS00032,DEMO_NEWS_PLACEHOLDER,,Demo supply-chain disruption article 0032,Synthetic placeholder for pipeline testing. Replace/augment using NewsAPI.,,2026-09-21T16:00:00+00:00,Synthetic/demo content only.,demo,2026-09-23T00:00:00+00:00,SYNTHETIC_DEMO
NEWS00033,DEMO_NEWS_PLACEHOLDER,,Demo supply-chain disruption article 0033,Synthetic placeholder for pipeline testing. Replace/augment using NewsAPI.,,2026-09-21T15:00:00+00:00,Synthetic/demo content only.,demo,2026-09-23T00:00:00+00:00,SYNTHETIC_DEMO
NEWS00034,DEMO_NEWS_PLACEHOLDER,,Demo supply-chain disruption article 0034,Synthetic placeholder for pipeline testing. Replace/augment using NewsAPI.,,2026-09-21T14:00:00+00:00,Synthetic/demo content only.,demo,2026-09-23T00:00:00+00:00,SYNTHETIC_DEMO
NEWS00035,DEMO_NEWS_PLACEHOLDER,,Demo supply-chain disruption article 0035,Synthetic placeholder for pipeline testing. Replace/augment using NewsAPI.,,2026-09-21T13:00:00+00:00,Synthetic/demo content only.,demo,2026-09-23T00:00:00+00:00,SYNTHETIC_DEMO
NEWS00036,DEMO_NEWS_PLACEHOLDER,,Demo supply-chain disruption article 0036,Synthetic placeholder for pipeline testing. Replace/augment using NewsAPI.,,2026-09-21T12:00:00+00:00,Synthetic/demo content only.,demo,2026-09-23T00:00:00+00:00,SYNTHETIC_DEMO
NEWS00037,DEMO_NEWS_PLACEHOLDER,,Demo supply-chain disruption article 0037,Synthetic placeholder for pipeline testing. Replace/augment using NewsAPI.,,2026-09-21T11:00:00+00:00,Synthetic/demo content only.,demo,2026-09-23T00:00:00+00:00,SYNTHETIC_DEMO
NEWS00038,DEMO_NEWS_PLACEHOLDER,,Demo supply-chain disruption article 0038,Synthetic placeholder for pipeline testing. Replace/augment using NewsAPI.,,2026-09-21T10:00:00+00:00,Synthetic/demo content only.,demo,2026-09-23T00:00:00+00:00,SYNTHETIC_DEMO
NEWS00039,DEMO_NEWS_PLACEHOLDER,,Demo supply-chain disruption article 0039,Synthetic placeholder for pipeline testing. Replace/augment using NewsAPI.,,2026-09-21T09:00:00+00:00,Synthetic/demo content only.,demo,2026-09-23T00:00:00+00:00,SYNTHETIC_DEMO
NEWS00040,DEMO_NEWS_PLACEHOLDER,,Demo supply-chain disruption article 0040,Synthetic placeholder for pipeline testing. Replace/augment using NewsAPI.,,2026-09-21T08:00:00+00:00,Synthetic/demo content only.,demo,2026-09-23T00:00:00+00:00,SYNTHETIC_DEMO
NEWS00041,DEMO_NEWS_PLACEHOLDER,,Demo supply-chain disruption article 0041,Synthetic placeholder for pipeline testing. Replace/augment using NewsAPI.,,2026-09-21T07:00:00+00:00,Synthetic/demo content only.,demo,2026-09-23T00:00:00+00:00,SYNTHETIC_DEMO
NEWS00042,DEMO_NEWS_PLACEHOLDER,,Demo supply-chain disruption article 0042,Synthetic placeholder for pipeline testing. Replace/augment using NewsAPI.,,2026-09-21T06:00:00+00:00,Synthetic/demo content only.,demo,2026-09-23T00:00:00+00:00,SYNTHETIC_DEMO
NEWS00043,DEMO_NEWS_PLACEHOLDER,,Demo supply-chain disruption article 0043,Synthetic placeholder for pipeline testing. Replace/augment using NewsAPI.,,2026-09-21T05:00:00+00:00,Synthetic/demo content only.,demo,2026-09-23T00:00:00+00:00,SYNTHETIC_DEMO
NEWS00044,DEMO_NEWS_PLACEHOLDER,,Demo supply-chain disruption article 0044,Synthetic placeholder for pipeline testing. Replace/augment using NewsAPI.,,2026-09-21T04:00:00+00:00,Synthetic/demo content only.,demo,2026-09-23T00:00:00+00:00,SYNTHETIC_DEMO
NEWS00045,DEMO_NEWS_PLACEHOLDER,,Demo supply-chain disruption article 0045,Synthetic placeholder for pipeline testing. Replace/augment using NewsAPI.,,2026-09-21T03:00:00+00:00,Synthetic/demo content only.,demo,2026-09-23T00:00:00+00:00,SYNTHETIC_DEMO
NEWS00046,DEMO_NEWS_PLACEHOLDER,,Demo supply-chain disruption article 0046,Synthetic placeholder for pipeline testing. Replace/augment using NewsAPI.,,2026-09-21T02:00:00+00:00,Synthetic/demo content only.,demo,2026-09-23T00:00:00+00:00,SYNTHETIC_DEMO
NEWS00047,DEMO_NEWS_PLACEHOLDER,,Demo supply-chain disruption article 0047,Synthetic placeholder for pipeline testing. Replace/augment using NewsAPI.,,2026-09-21T01:00:00+00:00,Synthetic/demo content only.,demo,2026-09-23T00:00:00+00:00,SYNTHETIC_DEMO
NEWS00048,DEMO_NEWS_PLACEHOLDER,,Demo supply-chain disruption article 0048,Synthetic placeholder for pipeline testing. Replace/augment using NewsAPI.,,2026-09-21T00:00:00+00:00,Synthetic/demo content only.,demo,2026-09-23T00:00:00+00:00,SYNTHETIC_DEMO
NEWS00049,DEMO_NEWS_PLACEHOLDER,,Demo supply-chain disruption article 0049,Synthetic placeholder for pipeline testing. Replace/augment using NewsAPI.,,2026-09-20T23:00:00+00:00,Synthetic/demo content only.,demo,2026-09-23T00:00:00+00:00,SYNTHETIC_DEMO
NEWS00050,DEMO_NEWS_PLACEHOLDER,,Demo supply-chain disruption article 0050,Synthetic placeholder for pipeline testing. Replace/augment using NewsAPI.,,2026-09-20T22:00:00+00:00,Synthetic/demo content only.,demo,2026-09-23T00:00:00+00:00,SYNTHETIC_DEMO
NEWS00051,DEMO_NEWS_PLACEHOLDER,,Demo supply-chain disruption article 0051,Synthetic placeholder for pipeline testing. Replace/augment using NewsAPI.,,2026-09-20T21:00:00+00:00,Synthetic/demo content only.,demo,2026-09-23T00:00:00+00:00,SYNTHETIC_DEMO
NEWS00052,DEMO_NEWS_PLACEHOLDER,,Demo supply-chain disruption article 0052,Synthetic placeholder for pipeline testing. Replace/augment using NewsAPI.,,2026-09-20T20:00:00+00:00,Synthetic/demo content only.,demo,2026-09-23T00:00:00+00:00,SYNTHETIC_DEMO
NEWS00053,DEMO_NEWS_PLACEHOLDER,,Demo supply-chain disruption article 0053,Synthetic placeholder for pipeline testing. Replace/augment using NewsAPI.,,2026-09-20T19:00:00+00:00,Synthetic/demo content only.,demo,2026-09-23T00:00:00+00:00,SYNTHETIC_DEMO
NEWS00054,DEMO_NEWS_PLACEHOLDER,,Demo supply-chain disruption article 0054,Synthetic placeholder for pipeline testing. Replace/augment using NewsAPI.,,2026-09-20T18:00:00+00:00,Synthetic/demo content only.,demo,2026-09-23T00:00:00+00:00,SYNTHETIC_DEMO
NEWS00055,DEMO_NEWS_PLACEHOLDER,,Demo supply-chain disruption article 0055,Synthetic placeholder for pipeline testing. Replace/augment using NewsAPI.,,2026-09-20T17:00:00+00:00,Synthetic/demo content only.,demo,2026-09-23T00:00:00+00:00,SYNTHETIC_DEMO
NEWS00056,DEMO_NEWS_PLACEHOLDER,,Demo supply-chain disruption article 0056,Synthetic placeholder for pipeline testing. Replace/augment using NewsAPI.,,2026-09-20T16:00:00+00:00,Synthetic/demo content only.,demo,2026-09-23T00:00:00+00:00,SYNTHETIC_DEMO
NEWS00057,DEMO_NEWS_PLACEHOLDER,,Demo supply-chain disruption article 0057,Synthetic placeholder for pipeline testing. Replace/augment using NewsAPI.,,2026-09-20T15:00:00+00:00,Synthetic/demo content only.,demo,2026-09-23T00:00:00+00:00,SYNTHETIC_DEMO
NEWS00058,DEMO_NEWS_PLACEHOLDER,,Demo supply-chain disruption article 0058,Synthetic placeholder for pipeline testing. Replace/augment using NewsAPI.,,2026-09-20T14:00:00+00:00,Synthetic/demo content only.,demo,2026-09-23T00:00:00+00:00,SYNTHETIC_DEMO
NEWS00059,DEMO_NEWS_PLACEHOLDER,,Demo supply-chain disruption article 0059,Synthetic placeholder for pipeline testing. Replace/augment using NewsAPI.,,2026-09-20T13:00:00+00:00,Synthetic/demo content only.,demo,2026-09-23T00:00:00+00:00,SYNTHETIC_DEMO
NEWS00060,DEMO_NEWS_PLACEHOLDER,,Demo supply-chain disruption article 0060,Synthetic placeholder for pipeline testing. Replace/augment using NewsAPI.,,2026-09-20T12:00:00+00:00,Synthetic/demo content only.,demo,2026-09-23T00:00:00+00:00,SYNTHETIC_DEMO
NEWS00061,DEMO_NEWS_PLACEHOLDER,,Demo supply-chain disruption article 0061,Synthetic placeholder for pipeline testing. Replace/augment using NewsAPI.,,2026-09-20T11:00:00+00:00,Synthetic/demo content only.,demo,2026-09-23T00:00:00+00:00,SYNTHETIC_DEMO
NEWS00062,DEMO_NEWS_PLACEHOLDER,,Demo supply-chain disruption article 0062,Synthetic placeholder for pipeline testing. Replace/augment using NewsAPI.,,2026-09-20T10:00:00+00:00,Synthetic/demo content only.,demo,2026-09-23T00:00:00+00:00,SYNTHETIC_DEMO
NEWS00063,DEMO_NEWS_PLACEHOLDER,,Demo supply-chain disruption article 0063,Synthetic placeholder for pipeline testing. Replace/augment using NewsAPI.,,2026-09-20T09:00:00+00:00,Synthetic/demo content only.,demo,2026-09-23T00:00:00+00:00,SYNTHETIC_DEMO
NEWS00064,DEMO_NEWS_PLACEHOLDER,,Demo supply-chain disruption article 0064,Synthetic placeholder for pipeline testing. Replace/augment using NewsAPI.,,2026-09-20T08:00:00+00:00,Synthetic/demo content only.,demo,2026-09-23T00:00:00+00:00,SYNTHETIC_DEMO
NEWS00065,DEMO_NEWS_PLACEHOLDER,,Demo supply-chain disruption article 0065,Synthetic placeholder for pipeline testing. Replace/augment using NewsAPI.,,2026-09-20T07:00:00+00:00,Synthetic/demo content only.,demo,2026-09-23T00:00:00+00:00,SYNTHETIC_DEMO
NEWS00066,DEMO_NEWS_PLACEHOLDER,,Demo supply-chain disruption article 0066,Synthetic placeholder for pipeline testing. Replace/augment using NewsAPI.,,2026-09-20T06:00:00+00:00,Synthetic/demo content only.,demo,2026-09-23T00:00:00+00:00,SYNTHETIC_DEMO
NEWS00067,DEMO_NEWS_PLACEHOLDER,,Demo supply-chain disruption article 0067,Synthetic placeholder for pipeline testing. Replace/augment using NewsAPI.,,2026-09-20T05:00:00+00:00,Synthetic/demo content only.,demo,2026-09-23T00:00:00+00:00,SYNTHETIC_DEMO
NEWS00068,DEMO_NEWS_PLACEHOLDER,,Demo supply-chain disruption article 0068,Synthetic placeholder for pipeline testing. Replace/augment using NewsAPI.,,2026-09-20T04:00:00+00:00,Synthetic/demo content only.,demo,2026-09-23T00:00:00+00:00,SYNTHETIC_DEMO
NEWS00069,DEMO_NEWS_PLACEHOLDER,,Demo supply-chain disruption article 0069,Synthetic placeholder for pipeline testing. Replace/augment using NewsAPI.,,2026-09-20T03:00:00+00:00,Synthetic/demo content only.,demo,2026-09-23T00:00:00+00:00,SYNTHETIC_DEMO
NEWS00070,DEMO_NEWS_PLACEHOLDER,,Demo supply-chain disruption article 0070,Synthetic placeholder for pipeline testing. Replace/augment using NewsAPI.,,2026-09-20T02:00:00+00:00,Synthetic/demo content only.,demo,2026-09-23T00:00:00+00:00,SYNTHETIC_DEMO
NEWS00071,DEMO_NEWS_PLACEHOLDER,,Demo supply-chain disruption article 0071,Synthetic placeholder for pipeline testing. Replace/augment using NewsAPI.,,2026-09-20T01:00:00+00:00,Synthetic/demo content only.,demo,2026-09-23T00:00:00+00:00,SYNTHETIC_DEMO
NEWS00072,DEMO_NEWS_PLACEHOLDER,,Demo supply-chain disruption article 0072,Synthetic placeholder for pipeline testing. Replace/augment using NewsAPI.,,2026-09-20T00:00:00+00:00,Synthetic/demo content only.,demo,2026-09-23T00:00:00+00:00,SYNTHETIC_DEMO
NEWS00073,DEMO_NEWS_PLACEHOLDER,,Demo supply-chain disruption article 0073,Synthetic placeholder for pipeline testing. Replace/augment using NewsAPI.,,2026-09-19T23:00:00+00:00,Synthetic/demo content only.,demo,2026-09-23T00:00:00+00:00,SYNTHETIC_DEMO
NEWS00074,DEMO_NEWS_PLACEHOLDER,,Demo supply-chain disruption article 0074,Synthetic placeholder for pipeline testing. Replace/augment using NewsAPI.,,2026-09-19T22:00:00+00:00,Synthetic/demo content only.,demo,2026-09-23T00:00:00+00:00,SYNTHETIC_DEMO
NEWS00075,DEMO_NEWS_PLACEHOLDER,,Demo supply-chain disruption article 0075,Synthetic placeholder for pipeline testing. Replace/augment using NewsAPI.,,2026-09-19T21:00:00+00:00,Synthetic/demo content only.,demo,2026-09-23T00:00:00+00:00,SYNTHETIC_DEMO
NEWS00076,DEMO_NEWS_PLACEHOLDER,,Demo supply-chain disruption article 0076,Synthetic placeholder for pipeline testing. Replace/augment using NewsAPI.,,2026-09-19T20:00:00+00:00,Synthetic/demo content only.,demo,2026-09-23T00:00:00+00:00,SYNTHETIC_DEMO
NEWS00077,DEMO_NEWS_PLACEHOLDER,,Demo supply-chain disruption article 0077,Synthetic placeholder for pipeline testing. Replace/augment using NewsAPI.,,2026-09-19T19:00:00+00:00,Synthetic/demo content only.,demo,2026-09-23T00:00:00+00:00,SYNTHETIC_DEMO
NEWS00078,DEMO_NEWS_PLACEHOLDER,,Demo supply-chain disruption article 0078,Synthetic placeholder for pipeline testing. Replace/augment using NewsAPI.,,2026-09-19T18:00:00+00:00,Synthetic/demo content only.,demo,2026-09-23T00:00:00+00:00,SYNTHETIC_DEMO
NEWS00079,DEMO_NEWS_PLACEHOLDER,,Demo supply-chain disruption article 0079,Synthetic placeholder for pipeline testing. Replace/augment using NewsAPI.,,2026-09-19T17:00:00+00:00,Synthetic/demo content only.,demo,2026-09-23T00:00:00+00:00,SYNTHETIC_DEMO
NEWS00080,DEMO_NEWS_PLACEHOLDER,,Demo supply-chain disruption article 0080,Synthetic placeholder for pipeline testing. Replace/augment using NewsAPI.,,2026-09-19T16:00:00+00:00,Synthetic/demo content only.,demo,2026-09-23T00:00:00+00:00,SYNTHETIC_DEMO
NEWS00081,DEMO_NEWS_PLACEHOLDER,,Demo supply-chain disruption article 0081,Synthetic placeholder for pipeline testing. Replace/augment using NewsAPI.,,2026-09-19T15:00:00+00:00,Synthetic/demo content only.,demo,2026-09-23T00:00:00+00:00,SYNTHETIC_DEMO
NEWS00082,DEMO_NEWS_PLACEHOLDER,,Demo supply-chain disruption article 0082,Synthetic placeholder for pipeline testing. Replace/augment using NewsAPI.,,2026-09-19T14:00:00+00:00,Synthetic/demo content only.,demo,2026-09-23T00:00:00+00:00,SYNTHETIC_DEMO
NEWS00083,DEMO_NEWS_PLACEHOLDER,,Demo supply-chain disruption article 0083,Synthetic placeholder for pipeline testing. Replace/augment using NewsAPI.,,2026-09-19T13:00:00+00:00,Synthetic/demo content only.,demo,2026-09-23T00:00:00+00:00,SYNTHETIC_DEMO
NEWS00084,DEMO_NEWS_PLACEHOLDER,,Demo supply-chain disruption article 0084,Synthetic placeholder for pipeline testing. Replace/augment using NewsAPI.,,2026-09-19T12:00:00+00:00,Synthetic/demo content only.,demo,2026-09-23T00:00:00+00:00,SYNTHETIC_DEMO
NEWS00085,DEMO_NEWS_PLACEHOLDER,,Demo supply-chain disruption article 0085,Synthetic placeholder for pipeline testing. Replace/augment using NewsAPI.,,2026-09-19T11:00:00+00:00,Synthetic/demo content only.,demo,2026-09-23T00:00:00+00:00,SYNTHETIC_DEMO
NEWS00086,DEMO_NEWS_PLACEHOLDER,,Demo supply-chain disruption article 0086,Synthetic placeholder for pipeline testing. Replace/augment using NewsAPI.,,2026-09-19T10:00:00+00:00,Synthetic/demo content only.,demo,2026-09-23T00:00:00+00:00,SYNTHETIC_DEMO
NEWS00087,DEMO_NEWS_PLACEHOLDER,,Demo supply-chain disruption article 0087,Synthetic placeholder for pipeline testing. Replace/augment using NewsAPI.,,2026-09-19T09:00:00+00:00,Synthetic/demo content only.,demo,2026-09-23T00:00:00+00:00,SYNTHETIC_DEMO
NEWS00088,DEMO_NEWS_PLACEHOLDER,,Demo supply-chain disruption article 0088,Synthetic placeholder for pipeline testing. Replace/augment using NewsAPI.,,2026-09-19T08:00:00+00:00,Synthetic/demo content only.,demo,2026-09-23T00:00:00+00:00,SYNTHETIC_DEMO
NEWS00089,DEMO_NEWS_PLACEHOLDER,,Demo supply-chain disruption article 0089,Synthetic placeholder for pipeline testing. Replace/augment using NewsAPI.,,2026-09-19T07:00:00+00:00,Synthetic/demo content only.,demo,2026-09-23T00:00:00+00:00,SYNTHETIC_DEMO
NEWS00090,DEMO_NEWS_PLACEHOLDER,,Demo supply-chain disruption article 0090,Synthetic placeholder for pipeline testing. Replace/augment using NewsAPI.,,2026-09-19T06:00:00+00:00,Synthetic/demo content only.,demo,2026-09-23T00:00:00+00:00,SYNTHETIC_DEMO
NEWS00091,DEMO_NEWS_PLACEHOLDER,,Demo supply-chain disruption article 0091,Synthetic placeholder for pipeline testing. Replace/augment using NewsAPI.,,2026-09-19T05:00:00+00:00,Synthetic/demo content only.,demo,2026-09-23T00:00:00+00:00,SYNTHETIC_DEMO
NEWS00092,DEMO_NEWS_PLACEHOLDER,,Demo supply-chain disruption article 0092,Synthetic placeholder for pipeline testing. Replace/augment using NewsAPI.,,2026-09-19T04:00:00+00:00,Synthetic/demo content only.,demo,2026-09-23T00:00:00+00:00,SYNTHETIC_DEMO
NEWS00093,DEMO_NEWS_PLACEHOLDER,,Demo supply-chain disruption article 0093,Synthetic placeholder for pipeline testing. Replace/augment using NewsAPI.,,2026-09-19T03:00:00+00:00,Synthetic/demo content only.,demo,2026-09-23T00:00:00+00:00,SYNTHETIC_DEMO
NEWS00094,DEMO_NEWS_PLACEHOLDER,,Demo supply-chain disruption article 0094,Synthetic placeholder for pipeline testing. Replace/augment using NewsAPI.,,2026-09-19T02:00:00+00:00,Synthetic/demo content only.,demo,2026-09-23T00:00:00+00:00,SYNTHETIC_DEMO
NEWS00095,DEMO_NEWS_PLACEHOLDER,,Demo supply-chain disruption article 0095,Synthetic placeholder for pipeline testing. Replace/augment using NewsAPI.,,2026-09-19T01:00:00+00:00,Synthetic/demo content only.,demo,2026-09-23T00:00:00+00:00,SYNTHETIC_DEMO
NEWS00096,DEMO_NEWS_PLACEHOLDER,,Demo supply-chain disruption article 0096,Synthetic placeholder for pipeline testing. Replace/augment using NewsAPI.,,2026-09-19T00:00:00+00:00,Synthetic/demo content only.,demo,2026-09-23T00:00:00+00:00,SYNTHETIC_DEMO
NEWS00097,DEMO_NEWS_PLACEHOLDER,,Demo supply-chain disruption article 0097,Synthetic placeholder for pipeline testing. Replace/augment using NewsAPI.,,2026-09-18T23:00:00+00:00,Synthetic/demo content only.,demo,2026-09-23T00:00:00+00:00,SYNTHETIC_DEMO
NEWS00098,DEMO_NEWS_PLACEHOLDER,,Demo supply-chain disruption article 0098,Synthetic placeholder for pipeline testing. Replace/augment using NewsAPI.,,2026-09-18T22:00:00+00:00,Synthetic/demo content only.,demo,2026-09-23T00:00:00+00:00,SYNTHETIC_DEMO
NEWS00099,DEMO_NEWS_PLACEHOLDER,,Demo supply-chain disruption article 0099,Synthetic placeholder for pipeline testing. Replace/augment using NewsAPI.,,2026-09-18T21:00:00+00:00,Synthetic/demo content only.,demo,2026-09-23T00:00:00+00:00,SYNTHETIC_DEMO
NEWS00100,DEMO_NEWS_PLACEHOLDER,,Demo supply-chain disruption article 0100,Synthetic placeholder for pipeline testing. Replace/augment using NewsAPI.,,2026-09-18T20:00:00+00:00,Synthetic/demo content only.,demo,2026-09-23T00:00:00+00:00,SYNTHETIC_DEMO
NEWS00101,DEMO_NEWS_PLACEHOLDER,,Demo supply-chain disruption article 0101,Synthetic placeholder for pipeline testing. Replace/augment using NewsAPI.,,2026-09-18T19:00:00+00:00,Synthetic/demo content only.,demo,2026-09-23T00:00:00+00:00,SYNTHETIC_DEMO
NEWS00102,DEMO_NEWS_PLACEHOLDER,,Demo supply-chain disruption article 0102,Synthetic placeholder for pipeline testing. Replace/augment using NewsAPI.,,2026-09-18T18:00:00+00:00,Synthetic/demo content only.,demo,2026-09-23T00:00:00+00:00,SYNTHETIC_DEMO
NEWS00103,DEMO_NEWS_PLACEHOLDER,,Demo supply-chain disruption article 0103,Synthetic placeholder for pipeline testing. Replace/augment using NewsAPI.,,2026-09-18T17:00:00+00:00,Synthetic/demo content only.,demo,2026-09-23T00:00:00+00:00,SYNTHETIC_DEMO
NEWS00104,DEMO_NEWS_PLACEHOLDER,,Demo supply-chain disruption article 0104,Synthetic placeholder for pipeline testing. Replace/augment using NewsAPI.,,2026-09-18T16:00:00+00:00,Synthetic/demo content only.,demo,2026-09-23T00:00:00+00:00,SYNTHETIC_DEMO
NEWS00105,DEMO_NEWS_PLACEHOLDER,,Demo supply-chain disruption article 0105,Synthetic placeholder for pipeline testing. Replace/augment using NewsAPI.,,2026-09-18T15:00:00+00:00,Synthetic/demo content only.,demo,2026-09-23T00:00:00+00:00,SYNTHETIC_DEMO
NEWS00106,DEMO_NEWS_PLACEHOLDER,,Demo supply-chain disruption article 0106,Synthetic placeholder for pipeline testing. Replace/augment using NewsAPI.,,2026-09-18T14:00:00+00:00,Synthetic/demo content only.,demo,2026-09-23T00:00:00+00:00,SYNTHETIC_DEMO
NEWS00107,DEMO_NEWS_PLACEHOLDER,,Demo supply-chain disruption article 0107,Synthetic placeholder for pipeline testing. Replace/augment using NewsAPI.,,2026-09-18T13:00:00+00:00,Synthetic/demo content only.,demo,2026-09-23T00:00:00+00:00,SYNTHETIC_DEMO
NEWS00108,DEMO_NEWS_PLACEHOLDER,,Demo supply-chain disruption article 0108,Synthetic placeholder for pipeline testing. Replace/augment using NewsAPI.,,2026-09-18T12:00:00+00:00,Synthetic/demo content only.,demo,2026-09-23T00:00:00+00:00,SYNTHETIC_DEMO
NEWS00109,DEMO_NEWS_PLACEHOLDER,,Demo supply-chain disruption article 0109,Synthetic placeholder for pipeline testing. Replace/augment using NewsAPI.,,2026-09-18T11:00:00+00:00,Synthetic/demo content only.,demo,2026-09-23T00:00:00+00:00,SYNTHETIC_DEMO
NEWS00110,DEMO_NEWS_PLACEHOLDER,,Demo supply-chain disruption article 0110,Synthetic placeholder for pipeline testing. Replace/augment using NewsAPI.,,2026-09-18T10:00:00+00:00,Synthetic/demo content only.,demo,2026-09-23T00:00:00+00:00,SYNTHETIC_DEMO
NEWS00111,DEMO_NEWS_PLACEHOLDER,,Demo supply-chain disruption article 0111,Synthetic placeholder for pipeline testing. Replace/augment using NewsAPI.,,2026-09-18T09:00:00+00:00,Synthetic/demo content only.,demo,2026-09-23T00:00:00+00:00,SYNTHETIC_DEMO
NEWS00112,DEMO_NEWS_PLACEHOLDER,,Demo supply-chain disruption article 0112,Synthetic placeholder for pipeline testing. Replace/augment using NewsAPI.,,2026-09-18T08:00:00+00:00,Synthetic/demo content only.,demo,2026-09-23T00:00:00+00:00,SYNTHETIC_DEMO
NEWS00113,DEMO_NEWS_PLACEHOLDER,,Demo supply-chain disruption article 0113,Synthetic placeholder for pipeline testing. Replace/augment using NewsAPI.,,2026-09-18T07:00:00+00:00,Synthetic/demo content only.,demo,2026-09-23T00:00:00+00:00,SYNTHETIC_DEMO
NEWS00114,DEMO_NEWS_PLACEHOLDER,,Demo supply-chain disruption article 0114,Synthetic placeholder for pipeline testing. Replace/augment using NewsAPI.,,2026-09-18T06:00:00+00:00,Synthetic/demo content only.,demo,2026-09-23T00:00:00+00:00,SYNTHETIC_DEMO
NEWS00115,DEMO_NEWS_PLACEHOLDER,,Demo supply-chain disruption article 0115,Synthetic placeholder for pipeline testing. Replace/augment using NewsAPI.,,2026-09-18T05:00:00+00:00,Synthetic/demo content only.,demo,2026-09-23T00:00:00+00:00,SYNTHETIC_DEMO
NEWS00116,DEMO_NEWS_PLACEHOLDER,,Demo supply-chain disruption article 0116,Synthetic placeholder for pipeline testing. Replace/augment using NewsAPI.,,2026-09-18T04:00:00+00:00,Synthetic/demo content only.,demo,2026-09-23T00:00:00+00:00,SYNTHETIC_DEMO
NEWS00117,DEMO_NEWS_PLACEHOLDER,,Demo supply-chain disruption article 0117,Synthetic placeholder for pipeline testing. Replace/augment using NewsAPI.,,2026-09-18T03:00:00+00:00,Synthetic/demo content only.,demo,2026-09-23T00:00:00+00:00,SYNTHETIC_DEMO
NEWS00118,DEMO_NEWS_PLACEHOLDER,,Demo supply-chain disruption article 0118,Synthetic placeholder for pipeline testing. Replace/augment using NewsAPI.,,2026-09-18T02:00:00+00:00,Synthetic/demo content only.,demo,2026-09-23T00:00:00+00:00,SYNTHETIC_DEMO
NEWS00119,DEMO_NEWS_PLACEHOLDER,,Demo supply-chain disruption article 0119,Synthetic placeholder for pipeline testing. Replace/augment using NewsAPI.,,2026-09-18T01:00:00+00:00,Synthetic/demo content only.,demo,2026-09-23T00:00:00+00:00,SYNTHETIC_DEMO
NEWS00120,DEMO_NEWS_PLACEHOLDER,,Demo supply-chain disruption article 0120,Synthetic placeholder for pipeline testing. Replace/augment using NewsAPI.,,2026-09-18T00:00:00+00:00,Synthetic/demo content only.,demo,2026-09-23T00:00:00+00:00,SYNTHETIC_DEMO
NEWS00121,DEMO_NEWS_PLACEHOLDER,,Demo supply-chain disruption article 0121,Synthetic placeholder for pipeline testing. Replace/augment using NewsAPI.,,2026-09-17T23:00:00+00:00,Synthetic/demo content only.,demo,2026-09-23T00:00:00+00:00,SYNTHETIC_DEMO
NEWS00122,DEMO_NEWS_PLACEHOLDER,,Demo supply-chain disruption article 0122,Synthetic placeholder for pipeline testing. Replace/augment using NewsAPI.,,2026-09-17T22:00:00+00:00,Synthetic/demo content only.,demo,2026-09-23T00:00:00+00:00,SYNTHETIC_DEMO
NEWS00123,DEMO_NEWS_PLACEHOLDER,,Demo supply-chain disruption article 0123,Synthetic placeholder for pipeline testing. Replace/augment using NewsAPI.,,2026-09-17T21:00:00+00:00,Synthetic/demo content only.,demo,2026-09-23T00:00:00+00:00,SYNTHETIC_DEMO
NEWS00124,DEMO_NEWS_PLACEHOLDER,,Demo supply-chain disruption article 0124,Synthetic placeholder for pipeline testing. Replace/augment using NewsAPI.,,2026-09-17T20:00:00+00:00,Synthetic/demo content only.,demo,2026-09-23T00:00:00+00:00,SYNTHETIC_DEMO
NEWS00125,DEMO_NEWS_PLACEHOLDER,,Demo supply-chain disruption article 0125,Synthetic placeholder for pipeline testing. Replace/augment using NewsAPI.,,2026-09-17T19:00:00+00:00,Synthetic/demo content only.,demo,2026-09-23T00:00:00+00:00,SYNTHETIC_DEMO
NEWS00126,DEMO_NEWS_PLACEHOLDER,,Demo supply-chain disruption article 0126,Synthetic placeholder for pipeline testing. Replace/augment using NewsAPI.,,2026-09-17T18:00:00+00:00,Synthetic/demo content only.,demo,2026-09-23T00:00:00+00:00,SYNTHETIC_DEMO
NEWS00127,DEMO_NEWS_PLACEHOLDER,,Demo supply-chain disruption article 0127,Synthetic placeholder for pipeline testing. Replace/augment using NewsAPI.,,2026-09-17T17:00:00+00:00,Synthetic/demo content only.,demo,2026-09-23T00:00:00+00:00,SYNTHETIC_DEMO
NEWS00128,DEMO_NEWS_PLACEHOLDER,,Demo supply-chain disruption article 0128,Synthetic placeholder for pipeline testing. Replace/augment using NewsAPI.,,2026-09-17T16:00:00+00:00,Synthetic/demo content only.,demo,2026-09-23T00:00:00+00:00,SYNTHETIC_DEMO
NEWS00129,DEMO_NEWS_PLACEHOLDER,,Demo supply-chain disruption article 0129,Synthetic placeholder for pipeline testing. Replace/augment using NewsAPI.,,2026-09-17T15:00:00+00:00,Synthetic/demo content only.,demo,2026-09-23T00:00:00+00:00,SYNTHETIC_DEMO
NEWS00130,DEMO_NEWS_PLACEHOLDER,,Demo supply-chain disruption article 0130,Synthetic placeholder for pipeline testing. Replace/augment using NewsAPI.,,2026-09-17T14:00:00+00:00,Synthetic/demo content only.,demo,2026-09-23T00:00:00+00:00,SYNTHETIC_DEMO
NEWS00131,DEMO_NEWS_PLACEHOLDER,,Demo supply-chain disruption article 0131,Synthetic placeholder for pipeline testing. Replace/augment using NewsAPI.,,2026-09-17T13:00:00+00:00,Synthetic/demo content only.,demo,2026-09-23T00:00:00+00:00,SYNTHETIC_DEMO
NEWS00132,DEMO_NEWS_PLACEHOLDER,,Demo supply-chain disruption article 0132,Synthetic placeholder for pipeline testing. Replace/augment using NewsAPI.,,2026-09-17T12:00:00+00:00,Synthetic/demo content only.,demo,2026-09-23T00:00:00+00:00,SYNTHETIC_DEMO
NEWS00133,DEMO_NEWS_PLACEHOLDER,,Demo supply-chain disruption article 0133,Synthetic placeholder for pipeline testing. Replace/augment using NewsAPI.,,2026-09-17T11:00:00+00:00,Synthetic/demo content only.,demo,2026-09-23T00:00:00+00:00,SYNTHETIC_DEMO
NEWS00134,DEMO_NEWS_PLACEHOLDER,,Demo supply-chain disruption article 0134,Synthetic placeholder for pipeline testing. Replace/augment using NewsAPI.,,2026-09-17T10:00:00+00:00,Synthetic/demo content only.,demo,2026-09-23T00:00:00+00:00,SYNTHETIC_DEMO
NEWS00135,DEMO_NEWS_PLACEHOLDER,,Demo supply-chain disruption article 0135,Synthetic placeholder for pipeline testing. Replace/augment using NewsAPI.,,2026-09-17T09:00:00+00:00,Synthetic/demo content only.,demo,2026-09-23T00:00:00+00:00,SYNTHETIC_DEMO
NEWS00136,DEMO_NEWS_PLACEHOLDER,,Demo supply-chain disruption article 0136,Synthetic placeholder for pipeline testing. Replace/augment using NewsAPI.,,2026-09-17T08:00:00+00:00,Synthetic/demo content only.,demo,2026-09-23T00:00:00+00:00,SYNTHETIC_DEMO
NEWS00137,DEMO_NEWS_PLACEHOLDER,,Demo supply-chain disruption article 0137,Synthetic placeholder for pipeline testing. Replace/augment using NewsAPI.,,2026-09-17T07:00:00+00:00,Synthetic/demo content only.,demo,2026-09-23T00:00:00+00:00,SYNTHETIC_DEMO
NEWS00138,DEMO_NEWS_PLACEHOLDER,,Demo supply-chain disruption article 0138,Synthetic placeholder for pipeline testing. Replace/augment using NewsAPI.,,2026-09-17T06:00:00+00:00,Synthetic/demo content only.,demo,2026-09-23T00:00:00+00:00,SYNTHETIC_DEMO
NEWS00139,DEMO_NEWS_PLACEHOLDER,,Demo supply-chain disruption article 0139,Synthetic placeholder for pipeline testing. Replace/augment using NewsAPI.,,2026-09-17T05:00:00+00:00,Synthetic/demo content only.,demo,2026-09-23T00:00:00+00:00,SYNTHETIC_DEMO
NEWS00140,DEMO_NEWS_PLACEHOLDER,,Demo supply-chain disruption article 0140,Synthetic placeholder for pipeline testing. Replace/augment using NewsAPI.,,2026-09-17T04:00:00+00:00,Synthetic/demo content only.,demo,2026-09-23T00:00:00+00:00,SYNTHETIC_DEMO
NEWS00141,DEMO_NEWS_PLACEHOLDER,,Demo supply-chain disruption article 0141,Synthetic placeholder for pipeline testing. Replace/augment using NewsAPI.,,2026-09-17T03:00:00+00:00,Synthetic/demo content only.,demo,2026-09-23T00:00:00+00:00,SYNTHETIC_DEMO
NEWS00142,DEMO_NEWS_PLACEHOLDER,,Demo supply-chain disruption article 0142,Synthetic placeholder for pipeline testing. Replace/augment using NewsAPI.,,2026-09-17T02:00:00+00:00,Synthetic/demo content only.,demo,2026-09-23T00:00:00+00:00,SYNTHETIC_DEMO
NEWS00143,DEMO_NEWS_PLACEHOLDER,,Demo supply-chain disruption article 0143,Synthetic placeholder for pipeline testing. Replace/augment using NewsAPI.,,2026-09-17T01:00:00+00:00,Synthetic/demo content only.,demo,2026-09-23T00:00:00+00:00,SYNTHETIC_DEMO
NEWS00144,DEMO_NEWS_PLACEHOLDER,,Demo supply-chain disruption article 0144,Synthetic placeholder for pipeline testing. Replace/augment using NewsAPI.,,2026-09-17T00:00:00+00:00,Synthetic/demo content only.,demo,2026-09-23T00:00:00+00:00,SYNTHETIC_DEMO
NEWS00145,DEMO_NEWS_PLACEHOLDER,,Demo supply-chain disruption article 0145,Synthetic placeholder for pipeline testing. Replace/augment using NewsAPI.,,2026-09-16T23:00:00+00:00,Synthetic/demo content only.,demo,2026-09-23T00:00:00+00:00,SYNTHETIC_DEMO
NEWS00146,DEMO_NEWS_PLACEHOLDER,,Demo supply-chain disruption article 0146,Synthetic placeholder for pipeline testing. Replace/augment using NewsAPI.,,2026-09-16T22:00:00+00:00,Synthetic/demo content only.,demo,2026-09-23T00:00:00+00:00,SYNTHETIC_DEMO
NEWS00147,DEMO_NEWS_PLACEHOLDER,,Demo supply-chain disruption article 0147,Synthetic placeholder for pipeline testing. Replace/augment using NewsAPI.,,2026-09-16T21:00:00+00:00,Synthetic/demo content only.,demo,2026-09-23T00:00:00+00:00,SYNTHETIC_DEMO
NEWS00148,DEMO_NEWS_PLACEHOLDER,,Demo supply-chain disruption article 0148,Synthetic placeholder for pipeline testing. Replace/augment using NewsAPI.,,2026-09-16T20:00:00+00:00,Synthetic/demo content only.,demo,2026-09-23T00:00:00+00:00,SYNTHETIC_DEMO
NEWS00149,DEMO_NEWS_PLACEHOLDER,,Demo supply-chain disruption article 0149,Synthetic placeholder for pipeline testing. Replace/augment using NewsAPI.,,2026-09-16T19:00:00+00:00,Synthetic/demo content only.,demo,2026-09-23T00:00:00+00:00,SYNTHETIC_DEMO
NEWS00150,DEMO_NEWS_PLACEHOLDER,,Demo supply-chain disruption article 0150,Synthetic placeholder for pipeline testing. Replace/augment using NewsAPI.,,2026-09-16T18:00:00+00:00,Synthetic/demo content only.,demo,2026-09-23T00:00:00+00:00,SYNTHETIC_DEMO
NEWS00151,DEMO_NEWS_PLACEHOLDER,,Demo supply-chain disruption article 0151,Synthetic placeholder for pipeline testing. Replace/augment using NewsAPI.,,2026-09-16T17:00:00+00:00,Synthetic/demo content only.,demo,2026-09-23T00:00:00+00:00,SYNTHETIC_DEMO
NEWS00152,DEMO_NEWS_PLACEHOLDER,,Demo supply-chain disruption article 0152,Synthetic placeholder for pipeline testing. Replace/augment using NewsAPI.,,2026-09-16T16:00:00+00:00,Synthetic/demo content only.,demo,2026-09-23T00:00:00+00:00,SYNTHETIC_DEMO
NEWS00153,DEMO_NEWS_PLACEHOLDER,,Demo supply-chain disruption article 0153,Synthetic placeholder for pipeline testing. Replace/augment using NewsAPI.,,2026-09-16T15:00:00+00:00,Synthetic/demo content only.,demo,2026-09-23T00:00:00+00:00,SYNTHETIC_DEMO
NEWS00154,DEMO_NEWS_PLACEHOLDER,,Demo supply-chain disruption article 0154,Synthetic placeholder for pipeline testing. Replace/augment using NewsAPI.,,2026-09-16T14:00:00+00:00,Synthetic/demo content only.,demo,2026-09-23T00:00:00+00:00,SYNTHETIC_DEMO
NEWS00155,DEMO_NEWS_PLACEHOLDER,,Demo supply-chain disruption article 0155,Synthetic placeholder for pipeline testing. Replace/augment using NewsAPI.,,2026-09-16T13:00:00+00:00,Synthetic/demo content only.,demo,2026-09-23T00:00:00+00:00,SYNTHETIC_DEMO
NEWS00156,DEMO_NEWS_PLACEHOLDER,,Demo supply-chain disruption article 0156,Synthetic placeholder for pipeline testing. Replace/augment using NewsAPI.,,2026-09-16T12:00:00+00:00,Synthetic/demo content only.,demo,2026-09-23T00:00:00+00:00,SYNTHETIC_DEMO
NEWS00157,DEMO_NEWS_PLACEHOLDER,,Demo supply-chain disruption article 0157,Synthetic placeholder for pipeline testing. Replace/augment using NewsAPI.,,2026-09-16T11:00:00+00:00,Synthetic/demo content only.,demo,2026-09-23T00:00:00+00:00,SYNTHETIC_DEMO
NEWS00158,DEMO_NEWS_PLACEHOLDER,,Demo supply-chain disruption article 0158,Synthetic placeholder for pipeline testing. Replace/augment using NewsAPI.,,2026-09-16T10:00:00+00:00,Synthetic/demo content only.,demo,2026-09-23T00:00:00+00:00,SYNTHETIC_DEMO
NEWS00159,DEMO_NEWS_PLACEHOLDER,,Demo supply-chain disruption article 0159,Synthetic placeholder for pipeline testing. Replace/augment using NewsAPI.,,2026-09-16T09:00:00+00:00,Synthetic/demo content only.,demo,2026-09-23T00:00:00+00:00,SYNTHETIC_DEMO
NEWS00160,DEMO_NEWS_PLACEHOLDER,,Demo supply-chain disruption article 0160,Synthetic placeholder for pipeline testing. Replace/augment using NewsAPI.,,2026-09-16T08:00:00+00:00,Synthetic/demo content only.,demo,2026-09-23T00:00:00+00:00,SYNTHETIC_DEMO
NEWS00161,DEMO_NEWS_PLACEHOLDER,,Demo supply-chain disruption article 0161,Synthetic placeholder for pipeline testing. Replace/augment using NewsAPI.,,2026-09-16T07:00:00+00:00,Synthetic/demo content only.,demo,2026-09-23T00:00:00+00:00,SYNTHETIC_DEMO
NEWS00162,DEMO_NEWS_PLACEHOLDER,,Demo supply-chain disruption article 0162,Synthetic placeholder for pipeline testing. Replace/augment using NewsAPI.,,2026-09-16T06:00:00+00:00,Synthetic/demo content only.,demo,2026-09-23T00:00:00+00:00,SYNTHETIC_DEMO
NEWS00163,DEMO_NEWS_PLACEHOLDER,,Demo supply-chain disruption article 0163,Synthetic placeholder for pipeline testing. Replace/augment using NewsAPI.,,2026-09-16T05:00:00+00:00,Synthetic/demo content only.,demo,2026-09-23T00:00:00+00:00,SYNTHETIC_DEMO
NEWS00164,DEMO_NEWS_PLACEHOLDER,,Demo supply-chain disruption article 0164,Synthetic placeholder for pipeline testing. Replace/augment using NewsAPI.,,2026-09-16T04:00:00+00:00,Synthetic/demo content only.,demo,2026-09-23T00:00:00+00:00,SYNTHETIC_DEMO
NEWS00165,DEMO_NEWS_PLACEHOLDER,,Demo supply-chain disruption article 0165,Synthetic placeholder for pipeline testing. Replace/augment using NewsAPI.,,2026-09-16T03:00:00+00:00,Synthetic/demo content only.,demo,2026-09-23T00:00:00+00:00,SYNTHETIC_DEMO
NEWS00166,DEMO_NEWS_PLACEHOLDER,,Demo supply-chain disruption article 0166,Synthetic placeholder for pipeline testing. Replace/augment using NewsAPI.,,2026-09-16T02:00:00+00:00,Synthetic/demo content only.,demo,2026-09-23T00:00:00+00:00,SYNTHETIC_DEMO
NEWS00167,DEMO_NEWS_PLACEHOLDER,,Demo supply-chain disruption article 0167,Synthetic placeholder for pipeline testing. Replace/augment using NewsAPI.,,2026-09-16T01:00:00+00:00,Synthetic/demo content only.,demo,2026-09-23T00:00:00+00:00,SYNTHETIC_DEMO
NEWS00168,DEMO_NEWS_PLACEHOLDER,,Demo supply-chain disruption article 0168,Synthetic placeholder for pipeline testing. Replace/augment using NewsAPI.,,2026-09-16T00:00:00+00:00,Synthetic/demo content only.,demo,2026-09-23T00:00:00+00:00,SYNTHETIC_DEMO
NEWS00169,DEMO_NEWS_PLACEHOLDER,,Demo supply-chain disruption article 0169,Synthetic placeholder for pipeline testing. Replace/augment using NewsAPI.,,2026-09-15T23:00:00+00:00,Synthetic/demo content only.,demo,2026-09-23T00:00:00+00:00,SYNTHETIC_DEMO
NEWS00170,DEMO_NEWS_PLACEHOLDER,,Demo supply-chain disruption article 0170,Synthetic placeholder for pipeline testing. Replace/augment using NewsAPI.,,2026-09-15T22:00:00+00:00,Synthetic/demo content only.,demo,2026-09-23T00:00:00+00:00,SYNTHETIC_DEMO
NEWS00171,DEMO_NEWS_PLACEHOLDER,,Demo supply-chain disruption article 0171,Synthetic placeholder for pipeline testing. Replace/augment using NewsAPI.,,2026-09-15T21:00:00+00:00,Synthetic/demo content only.,demo,2026-09-23T00:00:00+00:00,SYNTHETIC_DEMO
NEWS00172,DEMO_NEWS_PLACEHOLDER,,Demo supply-chain disruption article 0172,Synthetic placeholder for pipeline testing. Replace/augment using NewsAPI.,,2026-09-15T20:00:00+00:00,Synthetic/demo content only.,demo,2026-09-23T00:00:00+00:00,SYNTHETIC_DEMO
NEWS00173,DEMO_NEWS_PLACEHOLDER,,Demo supply-chain disruption article 0173,Synthetic placeholder for pipeline testing. Replace/augment using NewsAPI.,,2026-09-15T19:00:00+00:00,Synthetic/demo content only.,demo,2026-09-23T00:00:00+00:00,SYNTHETIC_DEMO
NEWS00174,DEMO_NEWS_PLACEHOLDER,,Demo supply-chain disruption article 0174,Synthetic placeholder for pipeline testing. Replace/augment using NewsAPI.,,2026-09-15T18:00:00+00:00,Synthetic/demo content only.,demo,2026-09-23T00:00:00+00:00,SYNTHETIC_DEMO
NEWS00175,DEMO_NEWS_PLACEHOLDER,,Demo supply-chain disruption article 0175,Synthetic placeholder for pipeline testing. Replace/augment using NewsAPI.,,2026-09-15T17:00:00+00:00,Synthetic/demo content only.,demo,2026-09-23T00:00:00+00:00,SYNTHETIC_DEMO
NEWS00176,DEMO_NEWS_PLACEHOLDER,,Demo supply-chain disruption article 0176,Synthetic placeholder for pipeline testing. Replace/augment using NewsAPI.,,2026-09-15T16:00:00+00:00,Synthetic/demo content only.,demo,2026-09-23T00:00:00+00:00,SYNTHETIC_DEMO
NEWS00177,DEMO_NEWS_PLACEHOLDER,,Demo supply-chain disruption article 0177,Synthetic placeholder for pipeline testing. Replace/augment using NewsAPI.,,2026-09-15T15:00:00+00:00,Synthetic/demo content only.,demo,2026-09-23T00:00:00+00:00,SYNTHETIC_DEMO
NEWS00178,DEMO_NEWS_PLACEHOLDER,,Demo supply-chain disruption article 0178,Synthetic placeholder for pipeline testing. Replace/augment using NewsAPI.,,2026-09-15T14:00:00+00:00,Synthetic/demo content only.,demo,2026-09-23T00:00:00+00:00,SYNTHETIC_DEMO
NEWS00179,DEMO_NEWS_PLACEHOLDER,,Demo supply-chain disruption article 0179,Synthetic placeholder for pipeline testing. Replace/augment using NewsAPI.,,2026-09-15T13:00:00+00:00,Synthetic/demo content only.,demo,2026-09-23T00:00:00+00:00,SYNTHETIC_DEMO
NEWS00180,DEMO_NEWS_PLACEHOLDER,,Demo supply-chain disruption article 0180,Synthetic placeholder for pipeline testing. Replace/augment using NewsAPI.,,2026-09-15T12:00:00+00:00,Synthetic/demo content only.,demo,2026-09-23T00:00:00+00:00,SYNTHETIC_DEMO
NEWS00181,DEMO_NEWS_PLACEHOLDER,,Demo supply-chain disruption article 0181,Synthetic placeholder for pipeline testing. Replace/augment using NewsAPI.,,2026-09-15T11:00:00+00:00,Synthetic/demo content only.,demo,2026-09-23T00:00:00+00:00,SYNTHETIC_DEMO
NEWS00182,DEMO_NEWS_PLACEHOLDER,,Demo supply-chain disruption article 0182,Synthetic placeholder for pipeline testing. Replace/augment using NewsAPI.,,2026-09-15T10:00:00+00:00,Synthetic/demo content only.,demo,2026-09-23T00:00:00+00:00,SYNTHETIC_DEMO
NEWS00183,DEMO_NEWS_PLACEHOLDER,,Demo supply-chain disruption article 0183,Synthetic placeholder for pipeline testing. Replace/augment using NewsAPI.,,2026-09-15T09:00:00+00:00,Synthetic/demo content only.,demo,2026-09-23T00:00:00+00:00,SYNTHETIC_DEMO
NEWS00184,DEMO_NEWS_PLACEHOLDER,,Demo supply-chain disruption article 0184,Synthetic placeholder for pipeline testing. Replace/augment using NewsAPI.,,2026-09-15T08:00:00+00:00,Synthetic/demo content only.,demo,2026-09-23T00:00:00+00:00,SYNTHETIC_DEMO
NEWS00185,DEMO_NEWS_PLACEHOLDER,,Demo supply-chain disruption article 0185,Synthetic placeholder for pipeline testing. Replace/augment using NewsAPI.,,2026-09-15T07:00:00+00:00,Synthetic/demo content only.,demo,2026-09-23T00:00:00+00:00,SYNTHETIC_DEMO
NEWS00186,DEMO_NEWS_PLACEHOLDER,,Demo supply-chain disruption article 0186,Synthetic placeholder for pipeline testing. Replace/augment using NewsAPI.,,2026-09-15T06:00:00+00:00,Synthetic/demo content only.,demo,2026-09-23T00:00:00+00:00,SYNTHETIC_DEMO
NEWS00187,DEMO_NEWS_PLACEHOLDER,,Demo supply-chain disruption article 0187,Synthetic placeholder for pipeline testing. Replace/augment using NewsAPI.,,2026-09-15T05:00:00+00:00,Synthetic/demo content only.,demo,2026-09-23T00:00:00+00:00,SYNTHETIC_DEMO
NEWS00188,DEMO_NEWS_PLACEHOLDER,,Demo supply-chain disruption article 0188,Synthetic placeholder for pipeline testing. Replace/augment using NewsAPI.,,2026-09-15T04:00:00+00:00,Synthetic/demo content only.,demo,2026-09-23T00:00:00+00:00,SYNTHETIC_DEMO
NEWS00189,DEMO_NEWS_PLACEHOLDER,,Demo supply-chain disruption article 0189,Synthetic placeholder for pipeline testing. Replace/augment using NewsAPI.,,2026-09-15T03:00:00+00:00,Synthetic/demo content only.,demo,2026-09-23T00:00:00+00:00,SYNTHETIC_DEMO
NEWS00190,DEMO_NEWS_PLACEHOLDER,,Demo supply-chain disruption article 0190,Synthetic placeholder for pipeline testing. Replace/augment using NewsAPI.,,2026-09-15T02:00:00+00:00,Synthetic/demo content only.,demo,2026-09-23T00:00:00+00:00,SYNTHETIC_DEMO
NEWS00191,DEMO_NEWS_PLACEHOLDER,,Demo supply-chain disruption article 0191,Synthetic placeholder for pipeline testing. Replace/augment using NewsAPI.,,2026-09-15T01:00:00+00:00,Synthetic/demo content only.,demo,2026-09-23T00:00:00+00:00,SYNTHETIC_DEMO
NEWS00192,DEMO_NEWS_PLACEHOLDER,,Demo supply-chain disruption article 0192,Synthetic placeholder for pipeline testing. Replace/augment using NewsAPI.,,2026-09-15T00:00:00+00:00,Synthetic/demo content only.,demo,2026-09-23T00:00:00+00:00,SYNTHETIC_DEMO
NEWS00193,DEMO_NEWS_PLACEHOLDER,,Demo supply-chain disruption article 0193,Synthetic placeholder for pipeline testing. Replace/augment using NewsAPI.,,2026-09-14T23:00:00+00:00,Synthetic/demo content only.,demo,2026-09-23T00:00:00+00:00,SYNTHETIC_DEMO
NEWS00194,DEMO_NEWS_PLACEHOLDER,,Demo supply-chain disruption article 0194,Synthetic placeholder for pipeline testing. Replace/augment using NewsAPI.,,2026-09-14T22:00:00+00:00,Synthetic/demo content only.,demo,2026-09-23T00:00:00+00:00,SYNTHETIC_DEMO
NEWS00195,DEMO_NEWS_PLACEHOLDER,,Demo supply-chain disruption article 0195,Synthetic placeholder for pipeline testing. Replace/augment using NewsAPI.,,2026-09-14T21:00:00+00:00,Synthetic/demo content only.,demo,2026-09-23T00:00:00+00:00,SYNTHETIC_DEMO
NEWS00196,DEMO_NEWS_PLACEHOLDER,,Demo supply-chain disruption article 0196,Synthetic placeholder for pipeline testing. Replace/augment using NewsAPI.,,2026-09-14T20:00:00+00:00,Synthetic/demo content only.,demo,2026-09-23T00:00:00+00:00,SYNTHETIC_DEMO
NEWS00197,DEMO_NEWS_PLACEHOLDER,,Demo supply-chain disruption article 0197,Synthetic placeholder for pipeline testing. Replace/augment using NewsAPI.,,2026-09-14T19:00:00+00:00,Synthetic/demo content only.,demo,2026-09-23T00:00:00+00:00,SYNTHETIC_DEMO
NEWS00198,DEMO_NEWS_PLACEHOLDER,,Demo supply-chain disruption article 0198,Synthetic placeholder for pipeline testing. Replace/augment using NewsAPI.,,2026-09-14T18:00:00+00:00,Synthetic/demo content only.,demo,2026-09-23T00:00:00+00:00,SYNTHETIC_DEMO
NEWS00199,DEMO_NEWS_PLACEHOLDER,,Demo supply-chain disruption article 0199,Synthetic placeholder for pipeline testing. Replace/augment using NewsAPI.,,2026-09-14T17:00:00+00:00,Synthetic/demo content only.,demo,2026-09-23T00:00:00+00:00,SYNTHETIC_DEMO
NEWS00200,DEMO_NEWS_PLACEHOLDER,,Demo supply-chain disruption article 0200,Synthetic placeholder for pipeline testing. Replace/augment using NewsAPI.,,2026-09-14T16:00:00+00:00,Synthetic/demo content only.,demo,2026-09-23T00:00:00+00:00,SYNTHETIC_DEMO
NEWS00201,DEMO_NEWS_PLACEHOLDER,,Demo supply-chain disruption article 0201,Synthetic placeholder for pipeline testing. Replace/augment using NewsAPI.,,2026-09-14T15:00:00+00:00,Synthetic/demo content only.,demo,2026-09-23T00:00:00+00:00,SYNTHETIC_DEMO
NEWS00202,DEMO_NEWS_PLACEHOLDER,,Demo supply-chain disruption article 0202,Synthetic placeholder for pipeline testing. Replace/augment using NewsAPI.,,2026-09-14T14:00:00+00:00,Synthetic/demo content only.,demo,2026-09-23T00:00:00+00:00,SYNTHETIC_DEMO
NEWS00203,DEMO_NEWS_PLACEHOLDER,,Demo supply-chain disruption article 0203,Synthetic placeholder for pipeline testing. Replace/augment using NewsAPI.,,2026-09-14T13:00:00+00:00,Synthetic/demo content only.,demo,2026-09-23T00:00:00+00:00,SYNTHETIC_DEMO
NEWS00204,DEMO_NEWS_PLACEHOLDER,,Demo supply-chain disruption article 0204,Synthetic placeholder for pipeline testing. Replace/augment using NewsAPI.,,2026-09-14T12:00:00+00:00,Synthetic/demo content only.,demo,2026-09-23T00:00:00+00:00,SYNTHETIC_DEMO
NEWS00205,DEMO_NEWS_PLACEHOLDER,,Demo supply-chain disruption article 0205,Synthetic placeholder for pipeline testing. Replace/augment using NewsAPI.,,2026-09-14T11:00:00+00:00,Synthetic/demo content only.,demo,2026-09-23T00:00:00+00:00,SYNTHETIC_DEMO
NEWS00206,DEMO_NEWS_PLACEHOLDER,,Demo supply-chain disruption article 0206,Synthetic placeholder for pipeline testing. Replace/augment using NewsAPI.,,2026-09-14T10:00:00+00:00,Synthetic/demo content only.,demo,2026-09-23T00:00:00+00:00,SYNTHETIC_DEMO
NEWS00207,DEMO_NEWS_PLACEHOLDER,,Demo supply-chain disruption article 0207,Synthetic placeholder for pipeline testing. Replace/augment using NewsAPI.,,2026-09-14T09:00:00+00:00,Synthetic/demo content only.,demo,2026-09-23T00:00:00+00:00,SYNTHETIC_DEMO
NEWS00208,DEMO_NEWS_PLACEHOLDER,,Demo supply-chain disruption article 0208,Synthetic placeholder for pipeline testing. Replace/augment using NewsAPI.,,2026-09-14T08:00:00+00:00,Synthetic/demo content only.,demo,2026-09-23T00:00:00+00:00,SYNTHETIC_DEMO
NEWS00209,DEMO_NEWS_PLACEHOLDER,,Demo supply-chain disruption article 0209,Synthetic placeholder for pipeline testing. Replace/augment using NewsAPI.,,2026-09-14T07:00:00+00:00,Synthetic/demo content only.,demo,2026-09-23T00:00:00+00:00,SYNTHETIC_DEMO
NEWS00210,DEMO_NEWS_PLACEHOLDER,,Demo supply-chain disruption article 0210,Synthetic placeholder for pipeline testing. Replace/augment using NewsAPI.,,2026-09-14T06:00:00+00:00,Synthetic/demo content only.,demo,2026-09-23T00:00:00+00:00,SYNTHETIC_DEMO
NEWS00211,DEMO_NEWS_PLACEHOLDER,,Demo supply-chain disruption article 0211,Synthetic placeholder for pipeline testing. Replace/augment using NewsAPI.,,2026-09-14T05:00:00+00:00,Synthetic/demo content only.,demo,2026-09-23T00:00:00+00:00,SYNTHETIC_DEMO
NEWS00212,DEMO_NEWS_PLACEHOLDER,,Demo supply-chain disruption article 0212,Synthetic placeholder for pipeline testing. Replace/augment using NewsAPI.,,2026-09-14T04:00:00+00:00,Synthetic/demo content only.,demo,2026-09-23T00:00:00+00:00,SYNTHETIC_DEMO
NEWS00213,DEMO_NEWS_PLACEHOLDER,,Demo supply-chain disruption article 0213,Synthetic placeholder for pipeline testing. Replace/augment using NewsAPI.,,2026-09-14T03:00:00+00:00,Synthetic/demo content only.,demo,2026-09-23T00:00:00+00:00,SYNTHETIC_DEMO
NEWS00214,DEMO_NEWS_PLACEHOLDER,,Demo supply-chain disruption article 0214,Synthetic placeholder for pipeline testing. Replace/augment using NewsAPI.,,2026-09-14T02:00:00+00:00,Synthetic/demo content only.,demo,2026-09-23T00:00:00+00:00,SYNTHETIC_DEMO
NEWS00215,DEMO_NEWS_PLACEHOLDER,,Demo supply-chain disruption article 0215,Synthetic placeholder for pipeline testing. Replace/augment using NewsAPI.,,2026-09-14T01:00:00+00:00,Synthetic/demo content only.,demo,2026-09-23T00:00:00+00:00,SYNTHETIC_DEMO
NEWS00216,DEMO_NEWS_PLACEHOLDER,,Demo supply-chain disruption article 0216,Synthetic placeholder for pipeline testing. Replace/augment using NewsAPI.,,2026-09-14T00:00:00+00:00,Synthetic/demo content only.,demo,2026-09-23T00:00:00+00:00,SYNTHETIC_DEMO
NEWS00217,DEMO_NEWS_PLACEHOLDER,,Demo supply-chain disruption article 0217,Synthetic placeholder for pipeline testing. Replace/augment using NewsAPI.,,2026-09-13T23:00:00+00:00,Synthetic/demo content only.,demo,2026-09-23T00:00:00+00:00,SYNTHETIC_DEMO
NEWS00218,DEMO_NEWS_PLACEHOLDER,,Demo supply-chain disruption article 0218,Synthetic placeholder for pipeline testing. Replace/augment using NewsAPI.,,2026-09-13T22:00:00+00:00,Synthetic/demo content only.,demo,2026-09-23T00:00:00+00:00,SYNTHETIC_DEMO
NEWS00219,DEMO_NEWS_PLACEHOLDER,,Demo supply-chain disruption article 0219,Synthetic placeholder for pipeline testing. Replace/augment using NewsAPI.,,2026-09-13T21:00:00+00:00,Synthetic/demo content only.,demo,2026-09-23T00:00:00+00:00,SYNTHETIC_DEMO
NEWS00220,DEMO_NEWS_PLACEHOLDER,,Demo supply-chain disruption article 0220,Synthetic placeholder for pipeline testing. Replace/augment using NewsAPI.,,2026-09-13T20:00:00+00:00,Synthetic/demo content only.,demo,2026-09-23T00:00:00+00:00,SYNTHETIC_DEMO
NEWS00221,DEMO_NEWS_PLACEHOLDER,,Demo supply-chain disruption article 0221,Synthetic placeholder for pipeline testing. Replace/augment using NewsAPI.,,2026-09-13T19:00:00+00:00,Synthetic/demo content only.,demo,2026-09-23T00:00:00+00:00,SYNTHETIC_DEMO
NEWS00222,DEMO_NEWS_PLACEHOLDER,,Demo supply-chain disruption article 0222,Synthetic placeholder for pipeline testing. Replace/augment using NewsAPI.,,2026-09-13T18:00:00+00:00,Synthetic/demo content only.,demo,2026-09-23T00:00:00+00:00,SYNTHETIC_DEMO
NEWS00223,DEMO_NEWS_PLACEHOLDER,,Demo supply-chain disruption article 0223,Synthetic placeholder for pipeline testing. Replace/augment using NewsAPI.,,2026-09-13T17:00:00+00:00,Synthetic/demo content only.,demo,2026-09-23T00:00:00+00:00,SYNTHETIC_DEMO
NEWS00224,DEMO_NEWS_PLACEHOLDER,,Demo supply-chain disruption article 0224,Synthetic placeholder for pipeline testing. Replace/augment using NewsAPI.,,2026-09-13T16:00:00+00:00,Synthetic/demo content only.,demo,2026-09-23T00:00:00+00:00,SYNTHETIC_DEMO
NEWS00225,DEMO_NEWS_PLACEHOLDER,,Demo supply-chain disruption article 0225,Synthetic placeholder for pipeline testing. Replace/augment using NewsAPI.,,2026-09-13T15:00:00+00:00,Synthetic/demo content only.,demo,2026-09-23T00:00:00+00:00,SYNTHETIC_DEMO
NEWS00226,DEMO_NEWS_PLACEHOLDER,,Demo supply-chain disruption article 0226,Synthetic placeholder for pipeline testing. Replace/augment using NewsAPI.,,2026-09-13T14:00:00+00:00,Synthetic/demo content only.,demo,2026-09-23T00:00:00+00:00,SYNTHETIC_DEMO
NEWS00227,DEMO_NEWS_PLACEHOLDER,,Demo supply-chain disruption article 0227,Synthetic placeholder for pipeline testing. Replace/augment using NewsAPI.,,2026-09-13T13:00:00+00:00,Synthetic/demo content only.,demo,2026-09-23T00:00:00+00:00,SYNTHETIC_DEMO
NEWS00228,DEMO_NEWS_PLACEHOLDER,,Demo supply-chain disruption article 0228,Synthetic placeholder for pipeline testing. Replace/augment using NewsAPI.,,2026-09-13T12:00:00+00:00,Synthetic/demo content only.,demo,2026-09-23T00:00:00+00:00,SYNTHETIC_DEMO
NEWS00229,DEMO_NEWS_PLACEHOLDER,,Demo supply-chain disruption article 0229,Synthetic placeholder for pipeline testing. Replace/augment using NewsAPI.,,2026-09-13T11:00:00+00:00,Synthetic/demo content only.,demo,2026-09-23T00:00:00+00:00,SYNTHETIC_DEMO
NEWS00230,DEMO_NEWS_PLACEHOLDER,,Demo supply-chain disruption article 0230,Synthetic placeholder for pipeline testing. Replace/augment using NewsAPI.,,2026-09-13T10:00:00+00:00,Synthetic/demo content only.,demo,2026-09-23T00:00:00+00:00,SYNTHETIC_DEMO
NEWS00231,DEMO_NEWS_PLACEHOLDER,,Demo supply-chain disruption article 0231,Synthetic placeholder for pipeline testing. Replace/augment using NewsAPI.,,2026-09-13T09:00:00+00:00,Synthetic/demo content only.,demo,2026-09-23T00:00:00+00:00,SYNTHETIC_DEMO
NEWS00232,DEMO_NEWS_PLACEHOLDER,,Demo supply-chain disruption article 0232,Synthetic placeholder for pipeline testing. Replace/augment using NewsAPI.,,2026-09-13T08:00:00+00:00,Synthetic/demo content only.,demo,2026-09-23T00:00:00+00:00,SYNTHETIC_DEMO
NEWS00233,DEMO_NEWS_PLACEHOLDER,,Demo supply-chain disruption article 0233,Synthetic placeholder for pipeline testing. Replace/augment using NewsAPI.,,2026-09-13T07:00:00+00:00,Synthetic/demo content only.,demo,2026-09-23T00:00:00+00:00,SYNTHETIC_DEMO
NEWS00234,DEMO_NEWS_PLACEHOLDER,,Demo supply-chain disruption article 0234,Synthetic placeholder for pipeline testing. Replace/augment using NewsAPI.,,2026-09-13T06:00:00+00:00,Synthetic/demo content only.,demo,2026-09-23T00:00:00+00:00,SYNTHETIC_DEMO
NEWS00235,DEMO_NEWS_PLACEHOLDER,,Demo supply-chain disruption article 0235,Synthetic placeholder for pipeline testing. Replace/augment using NewsAPI.,,2026-09-13T05:00:00+00:00,Synthetic/demo content only.,demo,2026-09-23T00:00:00+00:00,SYNTHETIC_DEMO
NEWS00236,DEMO_NEWS_PLACEHOLDER,,Demo supply-chain disruption article 0236,Synthetic placeholder for pipeline testing. Replace/augment using NewsAPI.,,2026-09-13T04:00:00+00:00,Synthetic/demo content only.,demo,2026-09-23T00:00:00+00:00,SYNTHETIC_DEMO
NEWS00237,DEMO_NEWS_PLACEHOLDER,,Demo supply-chain disruption article 0237,Synthetic placeholder for pipeline testing. Replace/augment using NewsAPI.,,2026-09-13T03:00:00+00:00,Synthetic/demo content only.,demo,2026-09-23T00:00:00+00:00,SYNTHETIC_DEMO
NEWS00238,DEMO_NEWS_PLACEHOLDER,,Demo supply-chain disruption article 0238,Synthetic placeholder for pipeline testing. Replace/augment using NewsAPI.,,2026-09-13T02:00:00+00:00,Synthetic/demo content only.,demo,2026-09-23T00:00:00+00:00,SYNTHETIC_DEMO
NEWS00239,DEMO_NEWS_PLACEHOLDER,,Demo supply-chain disruption article 0239,Synthetic placeholder for pipeline testing. Replace/augment using NewsAPI.,,2026-09-13T01:00:00+00:00,Synthetic/demo content only.,demo,2026-09-23T00:00:00+00:00,SYNTHETIC_DEMO
NEWS00240,DEMO_NEWS_PLACEHOLDER,,Demo supply-chain disruption article 0240,Synthetic placeholder for pipeline testing. Replace/augment using NewsAPI.,,2026-09-13T00:00:00+00:00,Synthetic/demo content only.,demo,2026-09-23T00:00:00+00:00,SYNTHETIC_DEMO
NEWS00241,DEMO_NEWS_PLACEHOLDER,,Demo supply-chain disruption article 0241,Synthetic placeholder for pipeline testing. Replace/augment using NewsAPI.,,2026-09-12T23:00:00+00:00,Synthetic/demo content only.,demo,2026-09-23T00:00:00+00:00,SYNTHETIC_DEMO
NEWS00242,DEMO_NEWS_PLACEHOLDER,,Demo supply-chain disruption article 0242,Synthetic placeholder for pipeline testing. Replace/augment using NewsAPI.,,2026-09-12T22:00:00+00:00,Synthetic/demo content only.,demo,2026-09-23T00:00:00+00:00,SYNTHETIC_DEMO
NEWS00243,DEMO_NEWS_PLACEHOLDER,,Demo supply-chain disruption article 0243,Synthetic placeholder for pipeline testing. Replace/augment using NewsAPI.,,2026-09-12T21:00:00+00:00,Synthetic/demo content only.,demo,2026-09-23T00:00:00+00:00,SYNTHETIC_DEMO
NEWS00244,DEMO_NEWS_PLACEHOLDER,,Demo supply-chain disruption article 0244,Synthetic placeholder for pipeline testing. Replace/augment using NewsAPI.,,2026-09-12T20:00:00+00:00,Synthetic/demo content only.,demo,2026-09-23T00:00:00+00:00,SYNTHETIC_DEMO
NEWS00245,DEMO_NEWS_PLACEHOLDER,,Demo supply-chain disruption article 0245,Synthetic placeholder for pipeline testing. Replace/augment using NewsAPI.,,2026-09-12T19:00:00+00:00,Synthetic/demo content only.,demo,2026-09-23T00:00:00+00:00,SYNTHETIC_DEMO
NEWS00246,DEMO_NEWS_PLACEHOLDER,,Demo supply-chain disruption article 0246,Synthetic placeholder for pipeline testing. Replace/augment using NewsAPI.,,2026-09-12T18:00:00+00:00,Synthetic/demo content only.,demo,2026-09-23T00:00:00+00:00,SYNTHETIC_DEMO
NEWS00247,DEMO_NEWS_PLACEHOLDER,,Demo supply-chain disruption article 0247,Synthetic placeholder for pipeline testing. Replace/augment using NewsAPI.,,2026-09-12T17:00:00+00:00,Synthetic/demo content only.,demo,2026-09-23T00:00:00+00:00,SYNTHETIC_DEMO
NEWS00248,DEMO_NEWS_PLACEHOLDER,,Demo supply-chain disruption article 0248,Synthetic placeholder for pipeline testing. Replace/augment using NewsAPI.,,2026-09-12T16:00:00+00:00,Synthetic/demo content only.,demo,2026-09-23T00:00:00+00:00,SYNTHETIC_DEMO
NEWS00249,DEMO_NEWS_PLACEHOLDER,,Demo supply-chain disruption article 0249,Synthetic placeholder for pipeline testing. Replace/augment using NewsAPI.,,2026-09-12T15:00:00+00:00,Synthetic/demo content only.,demo,2026-09-23T00:00:00+00:00,SYNTHETIC_DEMO
NEWS00250,DEMO_NEWS_PLACEHOLDER,,Demo supply-chain disruption article 0250,Synthetic placeholder for pipeline testing. Replace/augment using NewsAPI.,,2026-09-12T14:00:00+00:00,Synthetic/demo content only.,demo,2026-09-23T00:00:00+00:00,SYNTHETIC_DEMO
NEWS00251,DEMO_NEWS_PLACEHOLDER,,Demo supply-chain disruption article 0251,Synthetic placeholder for pipeline testing. Replace/augment using NewsAPI.,,2026-09-12T13:00:00+00:00,Synthetic/demo content only.,demo,2026-09-23T00:00:00+00:00,SYNTHETIC_DEMO
NEWS00252,DEMO_NEWS_PLACEHOLDER,,Demo supply-chain disruption article 0252,Synthetic placeholder for pipeline testing. Replace/augment using NewsAPI.,,2026-09-12T12:00:00+00:00,Synthetic/demo content only.,demo,2026-09-23T00:00:00+00:00,SYNTHETIC_DEMO
NEWS00253,DEMO_NEWS_PLACEHOLDER,,Demo supply-chain disruption article 0253,Synthetic placeholder for pipeline testing. Replace/augment using NewsAPI.,,2026-09-12T11:00:00+00:00,Synthetic/demo content only.,demo,2026-09-23T00:00:00+00:00,SYNTHETIC_DEMO
NEWS00254,DEMO_NEWS_PLACEHOLDER,,Demo supply-chain disruption article 0254,Synthetic placeholder for pipeline testing. Replace/augment using NewsAPI.,,2026-09-12T10:00:00+00:00,Synthetic/demo content only.,demo,2026-09-23T00:00:00+00:00,SYNTHETIC_DEMO
NEWS00255,DEMO_NEWS_PLACEHOLDER,,Demo supply-chain disruption article 0255,Synthetic placeholder for pipeline testing. Replace/augment using NewsAPI.,,2026-09-12T09:00:00+00:00,Synthetic/demo content only.,demo,2026-09-23T00:00:00+00:00,SYNTHETIC_DEMO
NEWS00256,DEMO_NEWS_PLACEHOLDER,,Demo supply-chain disruption article 0256,Synthetic placeholder for pipeline testing. Replace/augment using NewsAPI.,,2026-09-12T08:00:00+00:00,Synthetic/demo content only.,demo,2026-09-23T00:00:00+00:00,SYNTHETIC_DEMO
NEWS00257,DEMO_NEWS_PLACEHOLDER,,Demo supply-chain disruption article 0257,Synthetic placeholder for pipeline testing. Replace/augment using NewsAPI.,,2026-09-12T07:00:00+00:00,Synthetic/demo content only.,demo,2026-09-23T00:00:00+00:00,SYNTHETIC_DEMO
NEWS00258,DEMO_NEWS_PLACEHOLDER,,Demo supply-chain disruption article 0258,Synthetic placeholder for pipeline testing. Replace/augment using NewsAPI.,,2026-09-12T06:00:00+00:00,Synthetic/demo content only.,demo,2026-09-23T00:00:00+00:00,SYNTHETIC_DEMO
NEWS00259,DEMO_NEWS_PLACEHOLDER,,Demo supply-chain disruption article 0259,Synthetic placeholder for pipeline testing. Replace/augment using NewsAPI.,,2026-09-12T05:00:00+00:00,Synthetic/demo content only.,demo,2026-09-23T00:00:00+00:00,SYNTHETIC_DEMO
NEWS00260,DEMO_NEWS_PLACEHOLDER,,Demo supply-chain disruption article 0260,Synthetic placeholder for pipeline testing. Replace/augment using NewsAPI.,,2026-09-12T04:00:00+00:00,Synthetic/demo content only.,demo,2026-09-23T00:00:00+00:00,SYNTHETIC_DEMO
NEWS00261,DEMO_NEWS_PLACEHOLDER,,Demo supply-chain disruption article 0261,Synthetic placeholder for pipeline testing. Replace/augment using NewsAPI.,,2026-09-12T03:00:00+00:00,Synthetic/demo content only.,demo,2026-09-23T00:00:00+00:00,SYNTHETIC_DEMO
NEWS00262,DEMO_NEWS_PLACEHOLDER,,Demo supply-chain disruption article 0262,Synthetic placeholder for pipeline testing. Replace/augment using NewsAPI.,,2026-09-12T02:00:00+00:00,Synthetic/demo content only.,demo,2026-09-23T00:00:00+00:00,SYNTHETIC_DEMO
NEWS00263,DEMO_NEWS_PLACEHOLDER,,Demo supply-chain disruption article 0263,Synthetic placeholder for pipeline testing. Replace/augment using NewsAPI.,,2026-09-12T01:00:00+00:00,Synthetic/demo content only.,demo,2026-09-23T00:00:00+00:00,SYNTHETIC_DEMO
NEWS00264,DEMO_NEWS_PLACEHOLDER,,Demo supply-chain disruption article 0264,Synthetic placeholder for pipeline testing. Replace/augment using NewsAPI.,,2026-09-12T00:00:00+00:00,Synthetic/demo content only.,demo,2026-09-23T00:00:00+00:00,SYNTHETIC_DEMO
NEWS00265,DEMO_NEWS_PLACEHOLDER,,Demo supply-chain disruption article 0265,Synthetic placeholder for pipeline testing. Replace/augment using NewsAPI.,,2026-09-11T23:00:00+00:00,Synthetic/demo content only.,demo,2026-09-23T00:00:00+00:00,SYNTHETIC_DEMO
NEWS00266,DEMO_NEWS_PLACEHOLDER,,Demo supply-chain disruption article 0266,Synthetic placeholder for pipeline testing. Replace/augment using NewsAPI.,,2026-09-11T22:00:00+00:00,Synthetic/demo content only.,demo,2026-09-23T00:00:00+00:00,SYNTHETIC_DEMO
NEWS00267,DEMO_NEWS_PLACEHOLDER,,Demo supply-chain disruption article 0267,Synthetic placeholder for pipeline testing. Replace/augment using NewsAPI.,,2026-09-11T21:00:00+00:00,Synthetic/demo content only.,demo,2026-09-23T00:00:00+00:00,SYNTHETIC_DEMO
NEWS00268,DEMO_NEWS_PLACEHOLDER,,Demo supply-chain disruption article 0268,Synthetic placeholder for pipeline testing. Replace/augment using NewsAPI.,,2026-09-11T20:00:00+00:00,Synthetic/demo content only.,demo,2026-09-23T00:00:00+00:00,SYNTHETIC_DEMO
NEWS00269,DEMO_NEWS_PLACEHOLDER,,Demo supply-chain disruption article 0269,Synthetic placeholder for pipeline testing. Replace/augment using NewsAPI.,,2026-09-11T19:00:00+00:00,Synthetic/demo content only.,demo,2026-09-23T00:00:00+00:00,SYNTHETIC_DEMO
NEWS00270,DEMO_NEWS_PLACEHOLDER,,Demo supply-chain disruption article 0270,Synthetic placeholder for pipeline testing. Replace/augment using NewsAPI.,,2026-09-11T18:00:00+00:00,Synthetic/demo content only.,demo,2026-09-23T00:00:00+00:00,SYNTHETIC_DEMO
NEWS00271,DEMO_NEWS_PLACEHOLDER,,Demo supply-chain disruption article 0271,Synthetic placeholder for pipeline testing. Replace/augment using NewsAPI.,,2026-09-11T17:00:00+00:00,Synthetic/demo content only.,demo,2026-09-23T00:00:00+00:00,SYNTHETIC_DEMO
NEWS00272,DEMO_NEWS_PLACEHOLDER,,Demo supply-chain disruption article 0272,Synthetic placeholder for pipeline testing. Replace/augment using NewsAPI.,,2026-09-11T16:00:00+00:00,Synthetic/demo content only.,demo,2026-09-23T00:00:00+00:00,SYNTHETIC_DEMO
NEWS00273,DEMO_NEWS_PLACEHOLDER,,Demo supply-chain disruption article 0273,Synthetic placeholder for pipeline testing. Replace/augment using NewsAPI.,,2026-09-11T15:00:00+00:00,Synthetic/demo content only.,demo,2026-09-23T00:00:00+00:00,SYNTHETIC_DEMO
NEWS00274,DEMO_NEWS_PLACEHOLDER,,Demo supply-chain disruption article 0274,Synthetic placeholder for pipeline testing. Replace/augment using NewsAPI.,,2026-09-11T14:00:00+00:00,Synthetic/demo content only.,demo,2026-09-23T00:00:00+00:00,SYNTHETIC_DEMO
NEWS00275,DEMO_NEWS_PLACEHOLDER,,Demo supply-chain disruption article 0275,Synthetic placeholder for pipeline testing. Replace/augment using NewsAPI.,,2026-09-11T13:00:00+00:00,Synthetic/demo content only.,demo,2026-09-23T00:00:00+00:00,SYNTHETIC_DEMO
NEWS00276,DEMO_NEWS_PLACEHOLDER,,Demo supply-chain disruption article 0276,Synthetic placeholder for pipeline testing. Replace/augment using NewsAPI.,,2026-09-11T12:00:00+00:00,Synthetic/demo content only.,demo,2026-09-23T00:00:00+00:00,SYNTHETIC_DEMO
NEWS00277,DEMO_NEWS_PLACEHOLDER,,Demo supply-chain disruption article 0277,Synthetic placeholder for pipeline testing. Replace/augment using NewsAPI.,,2026-09-11T11:00:00+00:00,Synthetic/demo content only.,demo,2026-09-23T00:00:00+00:00,SYNTHETIC_DEMO
NEWS00278,DEMO_NEWS_PLACEHOLDER,,Demo supply-chain disruption article 0278,Synthetic placeholder for pipeline testing. Replace/augment using NewsAPI.,,2026-09-11T10:00:00+00:00,Synthetic/demo content only.,demo,2026-09-23T00:00:00+00:00,SYNTHETIC_DEMO
NEWS00279,DEMO_NEWS_PLACEHOLDER,,Demo supply-chain disruption article 0279,Synthetic placeholder for pipeline testing. Replace/augment using NewsAPI.,,2026-09-11T09:00:00+00:00,Synthetic/demo content only.,demo,2026-09-23T00:00:00+00:00,SYNTHETIC_DEMO
NEWS00280,DEMO_NEWS_PLACEHOLDER,,Demo supply-chain disruption article 0280,Synthetic placeholder for pipeline testing. Replace/augment using NewsAPI.,,2026-09-11T08:00:00+00:00,Synthetic/demo content only.,demo,2026-09-23T00:00:00+00:00,SYNTHETIC_DEMO
NEWS00281,DEMO_NEWS_PLACEHOLDER,,Demo supply-chain disruption article 0281,Synthetic placeholder for pipeline testing. Replace/augment using NewsAPI.,,2026-09-11T07:00:00+00:00,Synthetic/demo content only.,demo,2026-09-23T00:00:00+00:00,SYNTHETIC_DEMO
NEWS00282,DEMO_NEWS_PLACEHOLDER,,Demo supply-chain disruption article 0282,Synthetic placeholder for pipeline testing. Replace/augment using NewsAPI.,,2026-09-11T06:00:00+00:00,Synthetic/demo content only.,demo,2026-09-23T00:00:00+00:00,SYNTHETIC_DEMO
NEWS00283,DEMO_NEWS_PLACEHOLDER,,Demo supply-chain disruption article 0283,Synthetic placeholder for pipeline testing. Replace/augment using NewsAPI.,,2026-09-11T05:00:00+00:00,Synthetic/demo content only.,demo,2026-09-23T00:00:00+00:00,SYNTHETIC_DEMO
NEWS00284,DEMO_NEWS_PLACEHOLDER,,Demo supply-chain disruption article 0284,Synthetic placeholder for pipeline testing. Replace/augment using NewsAPI.,,2026-09-11T04:00:00+00:00,Synthetic/demo content only.,demo,2026-09-23T00:00:00+00:00,SYNTHETIC_DEMO
NEWS00285,DEMO_NEWS_PLACEHOLDER,,Demo supply-chain disruption article 0285,Synthetic placeholder for pipeline testing. Replace/augment using NewsAPI.,,2026-09-11T03:00:00+00:00,Synthetic/demo content only.,demo,2026-09-23T00:00:00+00:00,SYNTHETIC_DEMO
NEWS00286,DEMO_NEWS_PLACEHOLDER,,Demo supply-chain disruption article 0286,Synthetic placeholder for pipeline testing. Replace/augment using NewsAPI.,,2026-09-11T02:00:00+00:00,Synthetic/demo content only.,demo,2026-09-23T00:00:00+00:00,SYNTHETIC_DEMO
NEWS00287,DEMO_NEWS_PLACEHOLDER,,Demo supply-chain disruption article 0287,Synthetic placeholder for pipeline testing. Replace/augment using NewsAPI.,,2026-09-11T01:00:00+00:00,Synthetic/demo content only.,demo,2026-09-23T00:00:00+00:00,SYNTHETIC_DEMO
NEWS00288,DEMO_NEWS_PLACEHOLDER,,Demo supply-chain disruption article 0288,Synthetic placeholder for pipeline testing. Replace/augment using NewsAPI.,,2026-09-11T00:00:00+00:00,Synthetic/demo content only.,demo,2026-09-23T00:00:00+00:00,SYNTHETIC_DEMO
NEWS00289,DEMO_NEWS_PLACEHOLDER,,Demo supply-chain disruption article 0289,Synthetic placeholder for pipeline testing. Replace/augment using NewsAPI.,,2026-09-10T23:00:00+00:00,Synthetic/demo content only.,demo,2026-09-23T00:00:00+00:00,SYNTHETIC_DEMO
NEWS00290,DEMO_NEWS_PLACEHOLDER,,Demo supply-chain disruption article 0290,Synthetic placeholder for pipeline testing. Replace/augment using NewsAPI.,,2026-09-10T22:00:00+00:00,Synthetic/demo content only.,demo,2026-09-23T00:00:00+00:00,SYNTHETIC_DEMO
NEWS00291,DEMO_NEWS_PLACEHOLDER,,Demo supply-chain disruption article 0291,Synthetic placeholder for pipeline testing. Replace/augment using NewsAPI.,,2026-09-10T21:00:00+00:00,Synthetic/demo content only.,demo,2026-09-23T00:00:00+00:00,SYNTHETIC_DEMO
NEWS00292,DEMO_NEWS_PLACEHOLDER,,Demo supply-chain disruption article 0292,Synthetic placeholder for pipeline testing. Replace/augment using NewsAPI.,,2026-09-10T20:00:00+00:00,Synthetic/demo content only.,demo,2026-09-23T00:00:00+00:00,SYNTHETIC_DEMO
NEWS00293,DEMO_NEWS_PLACEHOLDER,,Demo supply-chain disruption article 0293,Synthetic placeholder for pipeline testing. Replace/augment using NewsAPI.,,2026-09-10T19:00:00+00:00,Synthetic/demo content only.,demo,2026-09-23T00:00:00+00:00,SYNTHETIC_DEMO
NEWS00294,DEMO_NEWS_PLACEHOLDER,,Demo supply-chain disruption article 0294,Synthetic placeholder for pipeline testing. Replace/augment using NewsAPI.,,2026-09-10T18:00:00+00:00,Synthetic/demo content only.,demo,2026-09-23T00:00:00+00:00,SYNTHETIC_DEMO
NEWS00295,DEMO_NEWS_PLACEHOLDER,,Demo supply-chain disruption article 0295,Synthetic placeholder for pipeline testing. Replace/augment using NewsAPI.,,2026-09-10T17:00:00+00:00,Synthetic/demo content only.,demo,2026-09-23T00:00:00+00:00,SYNTHETIC_DEMO
NEWS00296,DEMO_NEWS_PLACEHOLDER,,Demo supply-chain disruption article 0296,Synthetic placeholder for pipeline testing. Replace/augment using NewsAPI.,,2026-09-10T16:00:00+00:00,Synthetic/demo content only.,demo,2026-09-23T00:00:00+00:00,SYNTHETIC_DEMO
NEWS00297,DEMO_NEWS_PLACEHOLDER,,Demo supply-chain disruption article 0297,Synthetic placeholder for pipeline testing. Replace/augment using NewsAPI.,,2026-09-10T15:00:00+00:00,Synthetic/demo content only.,demo,2026-09-23T00:00:00+00:00,SYNTHETIC_DEMO
NEWS00298,DEMO_NEWS_PLACEHOLDER,,Demo supply-chain disruption article 0298,Synthetic placeholder for pipeline testing. Replace/augment using NewsAPI.,,2026-09-10T14:00:00+00:00,Synthetic/demo content only.,demo,2026-09-23T00:00:00+00:00,SYNTHETIC_DEMO
NEWS00299,DEMO_NEWS_PLACEHOLDER,,Demo supply-chain disruption article 0299,Synthetic placeholder for pipeline testing. Replace/augment using NewsAPI.,,2026-09-10T13:00:00+00:00,Synthetic/demo content only.,demo,2026-09-23T00:00:00+00:00,SYNTHETIC_DEMO
NEWS00300,DEMO_NEWS_PLACEHOLDER,,Demo supply-chain disruption article 0300,Synthetic placeholder for pipeline testing. Replace/augment using NewsAPI.,,2026-09-10T12:00:00+00:00,Synthetic/demo content only.,demo,2026-09-23T00:00:00+00:00,SYNTHETIC_DEMO
NEWS00301,DEMO_NEWS_PLACEHOLDER,,Demo supply-chain disruption article 0301,Synthetic placeholder for pipeline testing. Replace/augment using NewsAPI.,,2026-09-10T11:00:00+00:00,Synthetic/demo content only.,demo,2026-09-23T00:00:00+00:00,SYNTHETIC_DEMO
NEWS00302,DEMO_NEWS_PLACEHOLDER,,Demo supply-chain disruption article 0302,Synthetic placeholder for pipeline testing. Replace/augment using NewsAPI.,,2026-09-10T10:00:00+00:00,Synthetic/demo content only.,demo,2026-09-23T00:00:00+00:00,SYNTHETIC_DEMO
NEWS00303,DEMO_NEWS_PLACEHOLDER,,Demo supply-chain disruption article 0303,Synthetic placeholder for pipeline testing. Replace/augment using NewsAPI.,,2026-09-10T09:00:00+00:00,Synthetic/demo content only.,demo,2026-09-23T00:00:00+00:00,SYNTHETIC_DEMO
NEWS00304,DEMO_NEWS_PLACEHOLDER,,Demo supply-chain disruption article 0304,Synthetic placeholder for pipeline testing. Replace/augment using NewsAPI.,,2026-09-10T08:00:00+00:00,Synthetic/demo content only.,demo,2026-09-23T00:00:00+00:00,SYNTHETIC_DEMO
NEWS00305,DEMO_NEWS_PLACEHOLDER,,Demo supply-chain disruption article 0305,Synthetic placeholder for pipeline testing. Replace/augment using NewsAPI.,,2026-09-10T07:00:00+00:00,Synthetic/demo content only.,demo,2026-09-23T00:00:00+00:00,SYNTHETIC_DEMO
NEWS00306,DEMO_NEWS_PLACEHOLDER,,Demo supply-chain disruption article 0306,Synthetic placeholder for pipeline testing. Replace/augment using NewsAPI.,,2026-09-10T06:00:00+00:00,Synthetic/demo content only.,demo,2026-09-23T00:00:00+00:00,SYNTHETIC_DEMO
NEWS00307,DEMO_NEWS_PLACEHOLDER,,Demo supply-chain disruption article 0307,Synthetic placeholder for pipeline testing. Replace/augment using NewsAPI.,,2026-09-10T05:00:00+00:00,Synthetic/demo content only.,demo,2026-09-23T00:00:00+00:00,SYNTHETIC_DEMO
NEWS00308,DEMO_NEWS_PLACEHOLDER,,Demo supply-chain disruption article 0308,Synthetic placeholder for pipeline testing. Replace/augment using NewsAPI.,,2026-09-10T04:00:00+00:00,Synthetic/demo content only.,demo,2026-09-23T00:00:00+00:00,SYNTHETIC_DEMO
NEWS00309,DEMO_NEWS_PLACEHOLDER,,Demo supply-chain disruption article 0309,Synthetic placeholder for pipeline testing. Replace/augment using NewsAPI.,,2026-09-10T03:00:00+00:00,Synthetic/demo content only.,demo,2026-09-23T00:00:00+00:00,SYNTHETIC_DEMO
NEWS00310,DEMO_NEWS_PLACEHOLDER,,Demo supply-chain disruption article 0310,Synthetic placeholder for pipeline testing. Replace/augment using NewsAPI.,,2026-09-10T02:00:00+00:00,Synthetic/demo content only.,demo,2026-09-23T00:00:00+00:00,SYNTHETIC_DEMO
NEWS00311,DEMO_NEWS_PLACEHOLDER,,Demo supply-chain disruption article 0311,Synthetic placeholder for pipeline testing. Replace/augment using NewsAPI.,,2026-09-10T01:00:00+00:00,Synthetic/demo content only.,demo,2026-09-23T00:00:00+00:00,SYNTHETIC_DEMO
NEWS00312,DEMO_NEWS_PLACEHOLDER,,Demo supply-chain disruption article 0312,Synthetic placeholder for pipeline testing. Replace/augment using NewsAPI.,,2026-09-10T00:00:00+00:00,Synthetic/demo content only.,demo,2026-09-23T00:00:00+00:00,SYNTHETIC_DEMO
NEWS00313,DEMO_NEWS_PLACEHOLDER,,Demo supply-chain disruption article 0313,Synthetic placeholder for pipeline testing. Replace/augment using NewsAPI.,,2026-09-09T23:00:00+00:00,Synthetic/demo content only.,demo,2026-09-23T00:00:00+00:00,SYNTHETIC_DEMO
NEWS00314,DEMO_NEWS_PLACEHOLDER,,Demo supply-chain disruption article 0314,Synthetic placeholder for pipeline testing. Replace/augment using NewsAPI.,,2026-09-09T22:00:00+00:00,Synthetic/demo content only.,demo,2026-09-23T00:00:00+00:00,SYNTHETIC_DEMO
NEWS00315,DEMO_NEWS_PLACEHOLDER,,Demo supply-chain disruption article 0315,Synthetic placeholder for pipeline testing. Replace/augment using NewsAPI.,,2026-09-09T21:00:00+00:00,Synthetic/demo content only.,demo,2026-09-23T00:00:00+00:00,SYNTHETIC_DEMO
NEWS00316,DEMO_NEWS_PLACEHOLDER,,Demo supply-chain disruption article 0316,Synthetic placeholder for pipeline testing. Replace/augment using NewsAPI.,,2026-09-09T20:00:00+00:00,Synthetic/demo content only.,demo,2026-09-23T00:00:00+00:00,SYNTHETIC_DEMO
NEWS00317,DEMO_NEWS_PLACEHOLDER,,Demo supply-chain disruption article 0317,Synthetic placeholder for pipeline testing. Replace/augment using NewsAPI.,,2026-09-09T19:00:00+00:00,Synthetic/demo content only.,demo,2026-09-23T00:00:00+00:00,SYNTHETIC_DEMO
NEWS00318,DEMO_NEWS_PLACEHOLDER,,Demo supply-chain disruption article 0318,Synthetic placeholder for pipeline testing. Replace/augment using NewsAPI.,,2026-09-09T18:00:00+00:00,Synthetic/demo content only.,demo,2026-09-23T00:00:00+00:00,SYNTHETIC_DEMO
NEWS00319,DEMO_NEWS_PLACEHOLDER,,Demo supply-chain disruption article 0319,Synthetic placeholder for pipeline testing. Replace/augment using NewsAPI.,,2026-09-09T17:00:00+00:00,Synthetic/demo content only.,demo,2026-09-23T00:00:00+00:00,SYNTHETIC_DEMO
NEWS00320,DEMO_NEWS_PLACEHOLDER,,Demo supply-chain disruption article 0320,Synthetic placeholder for pipeline testing. Replace/augment using NewsAPI.,,2026-09-09T16:00:00+00:00,Synthetic/demo content only.,demo,2026-09-23T00:00:00+00:00,SYNTHETIC_DEMO
NEWS00321,DEMO_NEWS_PLACEHOLDER,,Demo supply-chain disruption article 0321,Synthetic placeholder for pipeline testing. Replace/augment using NewsAPI.,,2026-09-09T15:00:00+00:00,Synthetic/demo content only.,demo,2026-09-23T00:00:00+00:00,SYNTHETIC_DEMO
NEWS00322,DEMO_NEWS_PLACEHOLDER,,Demo supply-chain disruption article 0322,Synthetic placeholder for pipeline testing. Replace/augment using NewsAPI.,,2026-09-09T14:00:00+00:00,Synthetic/demo content only.,demo,2026-09-23T00:00:00+00:00,SYNTHETIC_DEMO
NEWS00323,DEMO_NEWS_PLACEHOLDER,,Demo supply-chain disruption article 0323,Synthetic placeholder for pipeline testing. Replace/augment using NewsAPI.,,2026-09-09T13:00:00+00:00,Synthetic/demo content only.,demo,2026-09-23T00:00:00+00:00,SYNTHETIC_DEMO
NEWS00324,DEMO_NEWS_PLACEHOLDER,,Demo supply-chain disruption article 0324,Synthetic placeholder for pipeline testing. Replace/augment using NewsAPI.,,2026-09-09T12:00:00+00:00,Synthetic/demo content only.,demo,2026-09-23T00:00:00+00:00,SYNTHETIC_DEMO
NEWS00325,DEMO_NEWS_PLACEHOLDER,,Demo supply-chain disruption article 0325,Synthetic placeholder for pipeline testing. Replace/augment using NewsAPI.,,2026-09-09T11:00:00+00:00,Synthetic/demo content only.,demo,2026-09-23T00:00:00+00:00,SYNTHETIC_DEMO
NEWS00326,DEMO_NEWS_PLACEHOLDER,,Demo supply-chain disruption article 0326,Synthetic placeholder for pipeline testing. Replace/augment using NewsAPI.,,2026-09-09T10:00:00+00:00,Synthetic/demo content only.,demo,2026-09-23T00:00:00+00:00,SYNTHETIC_DEMO
NEWS00327,DEMO_NEWS_PLACEHOLDER,,Demo supply-chain disruption article 0327,Synthetic placeholder for pipeline testing. Replace/augment using NewsAPI.,,2026-09-09T09:00:00+00:00,Synthetic/demo content only.,demo,2026-09-23T00:00:00+00:00,SYNTHETIC_DEMO
NEWS00328,DEMO_NEWS_PLACEHOLDER,,Demo supply-chain disruption article 0328,Synthetic placeholder for pipeline testing. Replace/augment using NewsAPI.,,2026-09-09T08:00:00+00:00,Synthetic/demo content only.,demo,2026-09-23T00:00:00+00:00,SYNTHETIC_DEMO
NEWS00329,DEMO_NEWS_PLACEHOLDER,,Demo supply-chain disruption article 0329,Synthetic placeholder for pipeline testing. Replace/augment using NewsAPI.,,2026-09-09T07:00:00+00:00,Synthetic/demo content only.,demo,2026-09-23T00:00:00+00:00,SYNTHETIC_DEMO
NEWS00330,DEMO_NEWS_PLACEHOLDER,,Demo supply-chain disruption article 0330,Synthetic placeholder for pipeline testing. Replace/augment using NewsAPI.,,2026-09-09T06:00:00+00:00,Synthetic/demo content only.,demo,2026-09-23T00:00:00+00:00,SYNTHETIC_DEMO
NEWS00331,DEMO_NEWS_PLACEHOLDER,,Demo supply-chain disruption article 0331,Synthetic placeholder for pipeline testing. Replace/augment using NewsAPI.,,2026-09-09T05:00:00+00:00,Synthetic/demo content only.,demo,2026-09-23T00:00:00+00:00,SYNTHETIC_DEMO
NEWS00332,DEMO_NEWS_PLACEHOLDER,,Demo supply-chain disruption article 0332,Synthetic placeholder for pipeline testing. Replace/augment using NewsAPI.,,2026-09-09T04:00:00+00:00,Synthetic/demo content only.,demo,2026-09-23T00:00:00+00:00,SYNTHETIC_DEMO
NEWS00333,DEMO_NEWS_PLACEHOLDER,,Demo supply-chain disruption article 0333,Synthetic placeholder for pipeline testing. Replace/augment using NewsAPI.,,2026-09-09T03:00:00+00:00,Synthetic/demo content only.,demo,2026-09-23T00:00:00+00:00,SYNTHETIC_DEMO
NEWS00334,DEMO_NEWS_PLACEHOLDER,,Demo supply-chain disruption article 0334,Synthetic placeholder for pipeline testing. Replace/augment using NewsAPI.,,2026-09-09T02:00:00+00:00,Synthetic/demo content only.,demo,2026-09-23T00:00:00+00:00,SYNTHETIC_DEMO
NEWS00335,DEMO_NEWS_PLACEHOLDER,,Demo supply-chain disruption article 0335,Synthetic placeholder for pipeline testing. Replace/augment using NewsAPI.,,2026-09-09T01:00:00+00:00,Synthetic/demo content only.,demo,2026-09-23T00:00:00+00:00,SYNTHETIC_DEMO
NEWS00336,DEMO_NEWS_PLACEHOLDER,,Demo supply-chain disruption article 0336,Synthetic placeholder for pipeline testing. Replace/augment using NewsAPI.,,2026-09-09T00:00:00+00:00,Synthetic/demo content only.,demo,2026-09-23T00:00:00+00:00,SYNTHETIC_DEMO
NEWS00337,DEMO_NEWS_PLACEHOLDER,,Demo supply-chain disruption article 0337,Synthetic placeholder for pipeline testing. Replace/augment using NewsAPI.,,2026-09-08T23:00:00+00:00,Synthetic/demo content only.,demo,2026-09-23T00:00:00+00:00,SYNTHETIC_DEMO
NEWS00338,DEMO_NEWS_PLACEHOLDER,,Demo supply-chain disruption article 0338,Synthetic placeholder for pipeline testing. Replace/augment using NewsAPI.,,2026-09-08T22:00:00+00:00,Synthetic/demo content only.,demo,2026-09-23T00:00:00+00:00,SYNTHETIC_DEMO
NEWS00339,DEMO_NEWS_PLACEHOLDER,,Demo supply-chain disruption article 0339,Synthetic placeholder for pipeline testing. Replace/augment using NewsAPI.,,2026-09-08T21:00:00+00:00,Synthetic/demo content only.,demo,2026-09-23T00:00:00+00:00,SYNTHETIC_DEMO
NEWS00340,DEMO_NEWS_PLACEHOLDER,,Demo supply-chain disruption article 0340,Synthetic placeholder for pipeline testing. Replace/augment using NewsAPI.,,2026-09-08T20:00:00+00:00,Synthetic/demo content only.,demo,2026-09-23T00:00:00+00:00,SYNTHETIC_DEMO
NEWS00341,DEMO_NEWS_PLACEHOLDER,,Demo supply-chain disruption article 0341,Synthetic placeholder for pipeline testing. Replace/augment using NewsAPI.,,2026-09-08T19:00:00+00:00,Synthetic/demo content only.,demo,2026-09-23T00:00:00+00:00,SYNTHETIC_DEMO
NEWS00342,DEMO_NEWS_PLACEHOLDER,,Demo supply-chain disruption article 0342,Synthetic placeholder for pipeline testing. Replace/augment using NewsAPI.,,2026-09-08T18:00:00+00:00,Synthetic/demo content only.,demo,2026-09-23T00:00:00+00:00,SYNTHETIC_DEMO
NEWS00343,DEMO_NEWS_PLACEHOLDER,,Demo supply-chain disruption article 0343,Synthetic placeholder for pipeline testing. Replace/augment using NewsAPI.,,2026-09-08T17:00:00+00:00,Synthetic/demo content only.,demo,2026-09-23T00:00:00+00:00,SYNTHETIC_DEMO
NEWS00344,DEMO_NEWS_PLACEHOLDER,,Demo supply-chain disruption article 0344,Synthetic placeholder for pipeline testing. Replace/augment using NewsAPI.,,2026-09-08T16:00:00+00:00,Synthetic/demo content only.,demo,2026-09-23T00:00:00+00:00,SYNTHETIC_DEMO
NEWS00345,DEMO_NEWS_PLACEHOLDER,,Demo supply-chain disruption article 0345,Synthetic placeholder for pipeline testing. Replace/augment using NewsAPI.,,2026-09-08T15:00:00+00:00,Synthetic/demo content only.,demo,2026-09-23T00:00:00+00:00,SYNTHETIC_DEMO
NEWS00346,DEMO_NEWS_PLACEHOLDER,,Demo supply-chain disruption article 0346,Synthetic placeholder for pipeline testing. Replace/augment using NewsAPI.,,2026-09-08T14:00:00+00:00,Synthetic/demo content only.,demo,2026-09-23T00:00:00+00:00,SYNTHETIC_DEMO
NEWS00347,DEMO_NEWS_PLACEHOLDER,,Demo supply-chain disruption article 0347,Synthetic placeholder for pipeline testing. Replace/augment using NewsAPI.,,2026-09-08T13:00:00+00:00,Synthetic/demo content only.,demo,2026-09-23T00:00:00+00:00,SYNTHETIC_DEMO
NEWS00348,DEMO_NEWS_PLACEHOLDER,,Demo supply-chain disruption article 0348,Synthetic placeholder for pipeline testing. Replace/augment using NewsAPI.,,2026-09-08T12:00:00+00:00,Synthetic/demo content only.,demo,2026-09-23T00:00:00+00:00,SYNTHETIC_DEMO
NEWS00349,DEMO_NEWS_PLACEHOLDER,,Demo supply-chain disruption article 0349,Synthetic placeholder for pipeline testing. Replace/augment using NewsAPI.,,2026-09-08T11:00:00+00:00,Synthetic/demo content only.,demo,2026-09-23T00:00:00+00:00,SYNTHETIC_DEMO
NEWS00350,DEMO_NEWS_PLACEHOLDER,,Demo supply-chain disruption article 0350,Synthetic placeholder for pipeline testing. Replace/augment using NewsAPI.,,2026-09-08T10:00:00+00:00,Synthetic/demo content only.,demo,2026-09-23T00:00:00+00:00,SYNTHETIC_DEMO
NEWS00351,DEMO_NEWS_PLACEHOLDER,,Demo supply-chain disruption article 0351,Synthetic placeholder for pipeline testing. Replace/augment using NewsAPI.,,2026-09-08T09:00:00+00:00,Synthetic/demo content only.,demo,2026-09-23T00:00:00+00:00,SYNTHETIC_DEMO
NEWS00352,DEMO_NEWS_PLACEHOLDER,,Demo supply-chain disruption article 0352,Synthetic placeholder for pipeline testing. Replace/augment using NewsAPI.,,2026-09-08T08:00:00+00:00,Synthetic/demo content only.,demo,2026-09-23T00:00:00+00:00,SYNTHETIC_DEMO
NEWS00353,DEMO_NEWS_PLACEHOLDER,,Demo supply-chain disruption article 0353,Synthetic placeholder for pipeline testing. Replace/augment using NewsAPI.,,2026-09-08T07:00:00+00:00,Synthetic/demo content only.,demo,2026-09-23T00:00:00+00:00,SYNTHETIC_DEMO
NEWS00354,DEMO_NEWS_PLACEHOLDER,,Demo supply-chain disruption article 0354,Synthetic placeholder for pipeline testing. Replace/augment using NewsAPI.,,2026-09-08T06:00:00+00:00,Synthetic/demo content only.,demo,2026-09-23T00:00:00+00:00,SYNTHETIC_DEMO
NEWS00355,DEMO_NEWS_PLACEHOLDER,,Demo supply-chain disruption article 0355,Synthetic placeholder for pipeline testing. Replace/augment using NewsAPI.,,2026-09-08T05:00:00+00:00,Synthetic/demo content only.,demo,2026-09-23T00:00:00+00:00,SYNTHETIC_DEMO
NEWS00356,DEMO_NEWS_PLACEHOLDER,,Demo supply-chain disruption article 0356,Synthetic placeholder for pipeline testing. Replace/augment using NewsAPI.,,2026-09-08T04:00:00+00:00,Synthetic/demo content only.,demo,2026-09-23T00:00:00+00:00,SYNTHETIC_DEMO
NEWS00357,DEMO_NEWS_PLACEHOLDER,,Demo supply-chain disruption article 0357,Synthetic placeholder for pipeline testing. Replace/augment using NewsAPI.,,2026-09-08T03:00:00+00:00,Synthetic/demo content only.,demo,2026-09-23T00:00:00+00:00,SYNTHETIC_DEMO
NEWS00358,DEMO_NEWS_PLACEHOLDER,,Demo supply-chain disruption article 0358,Synthetic placeholder for pipeline testing. Replace/augment using NewsAPI.,,2026-09-08T02:00:00+00:00,Synthetic/demo content only.,demo,2026-09-23T00:00:00+00:00,SYNTHETIC_DEMO
NEWS00359,DEMO_NEWS_PLACEHOLDER,,Demo supply-chain disruption article 0359,Synthetic placeholder for pipeline testing. Replace/augment using NewsAPI.,,2026-09-08T01:00:00+00:00,Synthetic/demo content only.,demo,2026-09-23T00:00:00+00:00,SYNTHETIC_DEMO
NEWS00360,DEMO_NEWS_PLACEHOLDER,,Demo supply-chain disruption article 0360,Synthetic placeholder for pipeline testing. Replace/augment using NewsAPI.,,2026-09-08T00:00:00+00:00,Synthetic/demo content only.,demo,2026-09-23T00:00:00+00:00,SYNTHETIC_DEMO
NEWS00361,DEMO_NEWS_PLACEHOLDER,,Demo supply-chain disruption article 0361,Synthetic placeholder for pipeline testing. Replace/augment using NewsAPI.,,2026-09-07T23:00:00+00:00,Synthetic/demo content only.,demo,2026-09-23T00:00:00+00:00,SYNTHETIC_DEMO
NEWS00362,DEMO_NEWS_PLACEHOLDER,,Demo supply-chain disruption article 0362,Synthetic placeholder for pipeline testing. Replace/augment using NewsAPI.,,2026-09-07T22:00:00+00:00,Synthetic/demo content only.,demo,2026-09-23T00:00:00+00:00,SYNTHETIC_DEMO
NEWS00363,DEMO_NEWS_PLACEHOLDER,,Demo supply-chain disruption article 0363,Synthetic placeholder for pipeline testing. Replace/augment using NewsAPI.,,2026-09-07T21:00:00+00:00,Synthetic/demo content only.,demo,2026-09-23T00:00:00+00:00,SYNTHETIC_DEMO
NEWS00364,DEMO_NEWS_PLACEHOLDER,,Demo supply-chain disruption article 0364,Synthetic placeholder for pipeline testing. Replace/augment using NewsAPI.,,2026-09-07T20:00:00+00:00,Synthetic/demo content only.,demo,2026-09-23T00:00:00+00:00,SYNTHETIC_DEMO
NEWS00365,DEMO_NEWS_PLACEHOLDER,,Demo supply-chain disruption article 0365,Synthetic placeholder for pipeline testing. Replace/augment using NewsAPI.,,2026-09-07T19:00:00+00:00,Synthetic/demo content only.,demo,2026-09-23T00:00:00+00:00,SYNTHETIC_DEMO
NEWS00366,DEMO_NEWS_PLACEHOLDER,,Demo supply-chain disruption article 0366,Synthetic placeholder for pipeline testing. Replace/augment using NewsAPI.,,2026-09-07T18:00:00+00:00,Synthetic/demo content only.,demo,2026-09-23T00:00:00+00:00,SYNTHETIC_DEMO
NEWS00367,DEMO_NEWS_PLACEHOLDER,,Demo supply-chain disruption article 0367,Synthetic placeholder for pipeline testing. Replace/augment using NewsAPI.,,2026-09-07T17:00:00+00:00,Synthetic/demo content only.,demo,2026-09-23T00:00:00+00:00,SYNTHETIC_DEMO
NEWS00368,DEMO_NEWS_PLACEHOLDER,,Demo supply-chain disruption article 0368,Synthetic placeholder for pipeline testing. Replace/augment using NewsAPI.,,2026-09-07T16:00:00+00:00,Synthetic/demo content only.,demo,2026-09-23T00:00:00+00:00,SYNTHETIC_DEMO
NEWS00369,DEMO_NEWS_PLACEHOLDER,,Demo supply-chain disruption article 0369,Synthetic placeholder for pipeline testing. Replace/augment using NewsAPI.,,2026-09-07T15:00:00+00:00,Synthetic/demo content only.,demo,2026-09-23T00:00:00+00:00,SYNTHETIC_DEMO
NEWS00370,DEMO_NEWS_PLACEHOLDER,,Demo supply-chain disruption article 0370,Synthetic placeholder for pipeline testing. Replace/augment using NewsAPI.,,2026-09-07T14:00:00+00:00,Synthetic/demo content only.,demo,2026-09-23T00:00:00+00:00,SYNTHETIC_DEMO
NEWS00371,DEMO_NEWS_PLACEHOLDER,,Demo supply-chain disruption article 0371,Synthetic placeholder for pipeline testing. Replace/augment using NewsAPI.,,2026-09-07T13:00:00+00:00,Synthetic/demo content only.,demo,2026-09-23T00:00:00+00:00,SYNTHETIC_DEMO
NEWS00372,DEMO_NEWS_PLACEHOLDER,,Demo supply-chain disruption article 0372,Synthetic placeholder for pipeline testing. Replace/augment using NewsAPI.,,2026-09-07T12:00:00+00:00,Synthetic/demo content only.,demo,2026-09-23T00:00:00+00:00,SYNTHETIC_DEMO
NEWS00373,DEMO_NEWS_PLACEHOLDER,,Demo supply-chain disruption article 0373,Synthetic placeholder for pipeline testing. Replace/augment using NewsAPI.,,2026-09-07T11:00:00+00:00,Synthetic/demo content only.,demo,2026-09-23T00:00:00+00:00,SYNTHETIC_DEMO
NEWS00374,DEMO_NEWS_PLACEHOLDER,,Demo supply-chain disruption article 0374,Synthetic placeholder for pipeline testing. Replace/augment using NewsAPI.,,2026-09-07T10:00:00+00:00,Synthetic/demo content only.,demo,2026-09-23T00:00:00+00:00,SYNTHETIC_DEMO
NEWS00375,DEMO_NEWS_PLACEHOLDER,,Demo supply-chain disruption article 0375,Synthetic placeholder for pipeline testing. Replace/augment using NewsAPI.,,2026-09-07T09:00:00+00:00,Synthetic/demo content only.,demo,2026-09-23T00:00:00+00:00,SYNTHETIC_DEMO
NEWS00376,DEMO_NEWS_PLACEHOLDER,,Demo supply-chain disruption article 0376,Synthetic placeholder for pipeline testing. Replace/augment using NewsAPI.,,2026-09-07T08:00:00+00:00,Synthetic/demo content only.,demo,2026-09-23T00:00:00+00:00,SYNTHETIC_DEMO
NEWS00377,DEMO_NEWS_PLACEHOLDER,,Demo supply-chain disruption article 0377,Synthetic placeholder for pipeline testing. Replace/augment using NewsAPI.,,2026-09-07T07:00:00+00:00,Synthetic/demo content only.,demo,2026-09-23T00:00:00+00:00,SYNTHETIC_DEMO
NEWS00378,DEMO_NEWS_PLACEHOLDER,,Demo supply-chain disruption article 0378,Synthetic placeholder for pipeline testing. Replace/augment using NewsAPI.,,2026-09-07T06:00:00+00:00,Synthetic/demo content only.,demo,2026-09-23T00:00:00+00:00,SYNTHETIC_DEMO
NEWS00379,DEMO_NEWS_PLACEHOLDER,,Demo supply-chain disruption article 0379,Synthetic placeholder for pipeline testing. Replace/augment using NewsAPI.,,2026-09-07T05:00:00+00:00,Synthetic/demo content only.,demo,2026-09-23T00:00:00+00:00,SYNTHETIC_DEMO
NEWS00380,DEMO_NEWS_PLACEHOLDER,,Demo supply-chain disruption article 0380,Synthetic placeholder for pipeline testing. Replace/augment using NewsAPI.,,2026-09-07T04:00:00+00:00,Synthetic/demo content only.,demo,2026-09-23T00:00:00+00:00,SYNTHETIC_DEMO
NEWS00381,DEMO_NEWS_PLACEHOLDER,,Demo supply-chain disruption article 0381,Synthetic placeholder for pipeline testing. Replace/augment using NewsAPI.,,2026-09-07T03:00:00+00:00,Synthetic/demo content only.,demo,2026-09-23T00:00:00+00:00,SYNTHETIC_DEMO
NEWS00382,DEMO_NEWS_PLACEHOLDER,,Demo supply-chain disruption article 0382,Synthetic placeholder for pipeline testing. Replace/augment using NewsAPI.,,2026-09-07T02:00:00+00:00,Synthetic/demo content only.,demo,2026-09-23T00:00:00+00:00,SYNTHETIC_DEMO
NEWS00383,DEMO_NEWS_PLACEHOLDER,,Demo supply-chain disruption article 0383,Synthetic placeholder for pipeline testing. Replace/augment using NewsAPI.,,2026-09-07T01:00:00+00:00,Synthetic/demo content only.,demo,2026-09-23T00:00:00+00:00,SYNTHETIC_DEMO
NEWS00384,DEMO_NEWS_PLACEHOLDER,,Demo supply-chain disruption article 0384,Synthetic placeholder for pipeline testing. Replace/augment using NewsAPI.,,2026-09-07T00:00:00+00:00,Synthetic/demo content only.,demo,2026-09-23T00:00:00+00:00,SYNTHETIC_DEMO
NEWS00385,DEMO_NEWS_PLACEHOLDER,,Demo supply-chain disruption article 0385,Synthetic placeholder for pipeline testing. Replace/augment using NewsAPI.,,2026-09-06T23:00:00+00:00,Synthetic/demo content only.,demo,2026-09-23T00:00:00+00:00,SYNTHETIC_DEMO
NEWS00386,DEMO_NEWS_PLACEHOLDER,,Demo supply-chain disruption article 0386,Synthetic placeholder for pipeline testing. Replace/augment using NewsAPI.,,2026-09-06T22:00:00+00:00,Synthetic/demo content only.,demo,2026-09-23T00:00:00+00:00,SYNTHETIC_DEMO
NEWS00387,DEMO_NEWS_PLACEHOLDER,,Demo supply-chain disruption article 0387,Synthetic placeholder for pipeline testing. Replace/augment using NewsAPI.,,2026-09-06T21:00:00+00:00,Synthetic/demo content only.,demo,2026-09-23T00:00:00+00:00,SYNTHETIC_DEMO
NEWS00388,DEMO_NEWS_PLACEHOLDER,,Demo supply-chain disruption article 0388,Synthetic placeholder for pipeline testing. Replace/augment using NewsAPI.,,2026-09-06T20:00:00+00:00,Synthetic/demo content only.,demo,2026-09-23T00:00:00+00:00,SYNTHETIC_DEMO
NEWS00389,DEMO_NEWS_PLACEHOLDER,,Demo supply-chain disruption article 0389,Synthetic placeholder for pipeline testing. Replace/augment using NewsAPI.,,2026-09-06T19:00:00+00:00,Synthetic/demo content only.,demo,2026-09-23T00:00:00+00:00,SYNTHETIC_DEMO
NEWS00390,DEMO_NEWS_PLACEHOLDER,,Demo supply-chain disruption article 0390,Synthetic placeholder for pipeline testing. Replace/augment using NewsAPI.,,2026-09-06T18:00:00+00:00,Synthetic/demo content only.,demo,2026-09-23T00:00:00+00:00,SYNTHETIC_DEMO
NEWS00391,DEMO_NEWS_PLACEHOLDER,,Demo supply-chain disruption article 0391,Synthetic placeholder for pipeline testing. Replace/augment using NewsAPI.,,2026-09-06T17:00:00+00:00,Synthetic/demo content only.,demo,2026-09-23T00:00:00+00:00,SYNTHETIC_DEMO
NEWS00392,DEMO_NEWS_PLACEHOLDER,,Demo supply-chain disruption article 0392,Synthetic placeholder for pipeline testing. Replace/augment using NewsAPI.,,2026-09-06T16:00:00+00:00,Synthetic/demo content only.,demo,2026-09-23T00:00:00+00:00,SYNTHETIC_DEMO
NEWS00393,DEMO_NEWS_PLACEHOLDER,,Demo supply-chain disruption article 0393,Synthetic placeholder for pipeline testing. Replace/augment using NewsAPI.,,2026-09-06T15:00:00+00:00,Synthetic/demo content only.,demo,2026-09-23T00:00:00+00:00,SYNTHETIC_DEMO
NEWS00394,DEMO_NEWS_PLACEHOLDER,,Demo supply-chain disruption article 0394,Synthetic placeholder for pipeline testing. Replace/augment using NewsAPI.,,2026-09-06T14:00:00+00:00,Synthetic/demo content only.,demo,2026-09-23T00:00:00+00:00,SYNTHETIC_DEMO
NEWS00395,DEMO_NEWS_PLACEHOLDER,,Demo supply-chain disruption article 0395,Synthetic placeholder for pipeline testing. Replace/augment using NewsAPI.,,2026-09-06T13:00:00+00:00,Synthetic/demo content only.,demo,2026-09-23T00:00:00+00:00,SYNTHETIC_DEMO
NEWS00396,DEMO_NEWS_PLACEHOLDER,,Demo supply-chain disruption article 0396,Synthetic placeholder for pipeline testing. Replace/augment using NewsAPI.,,2026-09-06T12:00:00+00:00,Synthetic/demo content only.,demo,2026-09-23T00:00:00+00:00,SYNTHETIC_DEMO
NEWS00397,DEMO_NEWS_PLACEHOLDER,,Demo supply-chain disruption article 0397,Synthetic placeholder for pipeline testing. Replace/augment using NewsAPI.,,2026-09-06T11:00:00+00:00,Synthetic/demo content only.,demo,2026-09-23T00:00:00+00:00,SYNTHETIC_DEMO
NEWS00398,DEMO_NEWS_PLACEHOLDER,,Demo supply-chain disruption article 0398,Synthetic placeholder for pipeline testing. Replace/augment using NewsAPI.,,2026-09-06T10:00:00+00:00,Synthetic/demo content only.,demo,2026-09-23T00:00:00+00:00,SYNTHETIC_DEMO
NEWS00399,DEMO_NEWS_PLACEHOLDER,,Demo supply-chain disruption article 0399,Synthetic placeholder for pipeline testing. Replace/augment using NewsAPI.,,2026-09-06T09:00:00+00:00,Synthetic/demo content only.,demo,2026-09-23T00:00:00+00:00,SYNTHETIC_DEMO
NEWS00400,DEMO_NEWS_PLACEHOLDER,,Demo supply-chain disruption article 0400,Synthetic placeholder for pipeline testing. Replace/augment using NewsAPI.,,2026-09-06T08:00:00+00:00,Synthetic/demo content only.,demo,2026-09-23T00:00:00+00:00,SYNTHETIC_DEMO
NEWS00401,DEMO_NEWS_PLACEHOLDER,,Demo supply-chain disruption article 0401,Synthetic placeholder for pipeline testing. Replace/augment using NewsAPI.,,2026-09-06T07:00:00+00:00,Synthetic/demo content only.,demo,2026-09-23T00:00:00+00:00,SYNTHETIC_DEMO
NEWS00402,DEMO_NEWS_PLACEHOLDER,,Demo supply-chain disruption article 0402,Synthetic placeholder for pipeline testing. Replace/augment using NewsAPI.,,2026-09-06T06:00:00+00:00,Synthetic/demo content only.,demo,2026-09-23T00:00:00+00:00,SYNTHETIC_DEMO
NEWS00403,DEMO_NEWS_PLACEHOLDER,,Demo supply-chain disruption article 0403,Synthetic placeholder for pipeline testing. Replace/augment using NewsAPI.,,2026-09-06T05:00:00+00:00,Synthetic/demo content only.,demo,2026-09-23T00:00:00+00:00,SYNTHETIC_DEMO
NEWS00404,DEMO_NEWS_PLACEHOLDER,,Demo supply-chain disruption article 0404,Synthetic placeholder for pipeline testing. Replace/augment using NewsAPI.,,2026-09-06T04:00:00+00:00,Synthetic/demo content only.,demo,2026-09-23T00:00:00+00:00,SYNTHETIC_DEMO
NEWS00405,DEMO_NEWS_PLACEHOLDER,,Demo supply-chain disruption article 0405,Synthetic placeholder for pipeline testing. Replace/augment using NewsAPI.,,2026-09-06T03:00:00+00:00,Synthetic/demo content only.,demo,2026-09-23T00:00:00+00:00,SYNTHETIC_DEMO
NEWS00406,DEMO_NEWS_PLACEHOLDER,,Demo supply-chain disruption article 0406,Synthetic placeholder for pipeline testing. Replace/augment using NewsAPI.,,2026-09-06T02:00:00+00:00,Synthetic/demo content only.,demo,2026-09-23T00:00:00+00:00,SYNTHETIC_DEMO
NEWS00407,DEMO_NEWS_PLACEHOLDER,,Demo supply-chain disruption article 0407,Synthetic placeholder for pipeline testing. Replace/augment using NewsAPI.,,2026-09-06T01:00:00+00:00,Synthetic/demo content only.,demo,2026-09-23T00:00:00+00:00,SYNTHETIC_DEMO
NEWS00408,DEMO_NEWS_PLACEHOLDER,,Demo supply-chain disruption article 0408,Synthetic placeholder for pipeline testing. Replace/augment using NewsAPI.,,2026-09-06T00:00:00+00:00,Synthetic/demo content only.,demo,2026-09-23T00:00:00+00:00,SYNTHETIC_DEMO
NEWS00409,DEMO_NEWS_PLACEHOLDER,,Demo supply-chain disruption article 0409,Synthetic placeholder for pipeline testing. Replace/augment using NewsAPI.,,2026-09-05T23:00:00+00:00,Synthetic/demo content only.,demo,2026-09-23T00:00:00+00:00,SYNTHETIC_DEMO
NEWS00410,DEMO_NEWS_PLACEHOLDER,,Demo supply-chain disruption article 0410,Synthetic placeholder for pipeline testing. Replace/augment using NewsAPI.,,2026-09-05T22:00:00+00:00,Synthetic/demo content only.,demo,2026-09-23T00:00:00+00:00,SYNTHETIC_DEMO
NEWS00411,DEMO_NEWS_PLACEHOLDER,,Demo supply-chain disruption article 0411,Synthetic placeholder for pipeline testing. Replace/augment using NewsAPI.,,2026-09-05T21:00:00+00:00,Synthetic/demo content only.,demo,2026-09-23T00:00:00+00:00,SYNTHETIC_DEMO
NEWS00412,DEMO_NEWS_PLACEHOLDER,,Demo supply-chain disruption article 0412,Synthetic placeholder for pipeline testing. Replace/augment using NewsAPI.,,2026-09-05T20:00:00+00:00,Synthetic/demo content only.,demo,2026-09-23T00:00:00+00:00,SYNTHETIC_DEMO
NEWS00413,DEMO_NEWS_PLACEHOLDER,,Demo supply-chain disruption article 0413,Synthetic placeholder for pipeline testing. Replace/augment using NewsAPI.,,2026-09-05T19:00:00+00:00,Synthetic/demo content only.,demo,2026-09-23T00:00:00+00:00,SYNTHETIC_DEMO
NEWS00414,DEMO_NEWS_PLACEHOLDER,,Demo supply-chain disruption article 0414,Synthetic placeholder for pipeline testing. Replace/augment using NewsAPI.,,2026-09-05T18:00:00+00:00,Synthetic/demo content only.,demo,2026-09-23T00:00:00+00:00,SYNTHETIC_DEMO
NEWS00415,DEMO_NEWS_PLACEHOLDER,,Demo supply-chain disruption article 0415,Synthetic placeholder for pipeline testing. Replace/augment using NewsAPI.,,2026-09-05T17:00:00+00:00,Synthetic/demo content only.,demo,2026-09-23T00:00:00+00:00,SYNTHETIC_DEMO
NEWS00416,DEMO_NEWS_PLACEHOLDER,,Demo supply-chain disruption article 0416,Synthetic placeholder for pipeline testing. Replace/augment using NewsAPI.,,2026-09-05T16:00:00+00:00,Synthetic/demo content only.,demo,2026-09-23T00:00:00+00:00,SYNTHETIC_DEMO
NEWS00417,DEMO_NEWS_PLACEHOLDER,,Demo supply-chain disruption article 0417,Synthetic placeholder for pipeline testing. Replace/augment using NewsAPI.,,2026-09-05T15:00:00+00:00,Synthetic/demo content only.,demo,2026-09-23T00:00:00+00:00,SYNTHETIC_DEMO
NEWS00418,DEMO_NEWS_PLACEHOLDER,,Demo supply-chain disruption article 0418,Synthetic placeholder for pipeline testing. Replace/augment using NewsAPI.,,2026-09-05T14:00:00+00:00,Synthetic/demo content only.,demo,2026-09-23T00:00:00+00:00,SYNTHETIC_DEMO
NEWS00419,DEMO_NEWS_PLACEHOLDER,,Demo supply-chain disruption article 0419,Synthetic placeholder for pipeline testing. Replace/augment using NewsAPI.,,2026-09-05T13:00:00+00:00,Synthetic/demo content only.,demo,2026-09-23T00:00:00+00:00,SYNTHETIC_DEMO
NEWS00420,DEMO_NEWS_PLACEHOLDER,,Demo supply-chain disruption article 0420,Synthetic placeholder for pipeline testing. Replace/augment using NewsAPI.,,2026-09-05T12:00:00+00:00,Synthetic/demo content only.,demo,2026-09-23T00:00:00+00:00,SYNTHETIC_DEMO
NEWS00421,DEMO_NEWS_PLACEHOLDER,,Demo supply-chain disruption article 0421,Synthetic placeholder for pipeline testing. Replace/augment using NewsAPI.,,2026-09-05T11:00:00+00:00,Synthetic/demo content only.,demo,2026-09-23T00:00:00+00:00,SYNTHETIC_DEMO
NEWS00422,DEMO_NEWS_PLACEHOLDER,,Demo supply-chain disruption article 0422,Synthetic placeholder for pipeline testing. Replace/augment using NewsAPI.,,2026-09-05T10:00:00+00:00,Synthetic/demo content only.,demo,2026-09-23T00:00:00+00:00,SYNTHETIC_DEMO
NEWS00423,DEMO_NEWS_PLACEHOLDER,,Demo supply-chain disruption article 0423,Synthetic placeholder for pipeline testing. Replace/augment using NewsAPI.,,2026-09-05T09:00:00+00:00,Synthetic/demo content only.,demo,2026-09-23T00:00:00+00:00,SYNTHETIC_DEMO
NEWS00424,DEMO_NEWS_PLACEHOLDER,,Demo supply-chain disruption article 0424,Synthetic placeholder for pipeline testing. Replace/augment using NewsAPI.,,2026-09-05T08:00:00+00:00,Synthetic/demo content only.,demo,2026-09-23T00:00:00+00:00,SYNTHETIC_DEMO
NEWS00425,DEMO_NEWS_PLACEHOLDER,,Demo supply-chain disruption article 0425,Synthetic placeholder for pipeline testing. Replace/augment using NewsAPI.,,2026-09-05T07:00:00+00:00,Synthetic/demo content only.,demo,2026-09-23T00:00:00+00:00,SYNTHETIC_DEMO
NEWS00426,DEMO_NEWS_PLACEHOLDER,,Demo supply-chain disruption article 0426,Synthetic placeholder for pipeline testing. Replace/augment using NewsAPI.,,2026-09-05T06:00:00+00:00,Synthetic/demo content only.,demo,2026-09-23T00:00:00+00:00,SYNTHETIC_DEMO
NEWS00427,DEMO_NEWS_PLACEHOLDER,,Demo supply-chain disruption article 0427,Synthetic placeholder for pipeline testing. Replace/augment using NewsAPI.,,2026-09-05T05:00:00+00:00,Synthetic/demo content only.,demo,2026-09-23T00:00:00+00:00,SYNTHETIC_DEMO
NEWS00428,DEMO_NEWS_PLACEHOLDER,,Demo supply-chain disruption article 0428,Synthetic placeholder for pipeline testing. Replace/augment using NewsAPI.,,2026-09-05T04:00:00+00:00,Synthetic/demo content only.,demo,2026-09-23T00:00:00+00:00,SYNTHETIC_DEMO
NEWS00429,DEMO_NEWS_PLACEHOLDER,,Demo supply-chain disruption article 0429,Synthetic placeholder for pipeline testing. Replace/augment using NewsAPI.,,2026-09-05T03:00:00+00:00,Synthetic/demo content only.,demo,2026-09-23T00:00:00+00:00,SYNTHETIC_DEMO
NEWS00430,DEMO_NEWS_PLACEHOLDER,,Demo supply-chain disruption article 0430,Synthetic placeholder for pipeline testing. Replace/augment using NewsAPI.,,2026-09-05T02:00:00+00:00,Synthetic/demo content only.,demo,2026-09-23T00:00:00+00:00,SYNTHETIC_DEMO
NEWS00431,DEMO_NEWS_PLACEHOLDER,,Demo supply-chain disruption article 0431,Synthetic placeholder for pipeline testing. Replace/augment using NewsAPI.,,2026-09-05T01:00:00+00:00,Synthetic/demo content only.,demo,2026-09-23T00:00:00+00:00,SYNTHETIC_DEMO
NEWS00432,DEMO_NEWS_PLACEHOLDER,,Demo supply-chain disruption article 0432,Synthetic placeholder for pipeline testing. Replace/augment using NewsAPI.,,2026-09-05T00:00:00+00:00,Synthetic/demo content only.,demo,2026-09-23T00:00:00+00:00,SYNTHETIC_DEMO
NEWS00433,DEMO_NEWS_PLACEHOLDER,,Demo supply-chain disruption article 0433,Synthetic placeholder for pipeline testing. Replace/augment using NewsAPI.,,2026-09-04T23:00:00+00:00,Synthetic/demo content only.,demo,2026-09-23T00:00:00+00:00,SYNTHETIC_DEMO
NEWS00434,DEMO_NEWS_PLACEHOLDER,,Demo supply-chain disruption article 0434,Synthetic placeholder for pipeline testing. Replace/augment using NewsAPI.,,2026-09-04T22:00:00+00:00,Synthetic/demo content only.,demo,2026-09-23T00:00:00+00:00,SYNTHETIC_DEMO
NEWS00435,DEMO_NEWS_PLACEHOLDER,,Demo supply-chain disruption article 0435,Synthetic placeholder for pipeline testing. Replace/augment using NewsAPI.,,2026-09-04T21:00:00+00:00,Synthetic/demo content only.,demo,2026-09-23T00:00:00+00:00,SYNTHETIC_DEMO
NEWS00436,DEMO_NEWS_PLACEHOLDER,,Demo supply-chain disruption article 0436,Synthetic placeholder for pipeline testing. Replace/augment using NewsAPI.,,2026-09-04T20:00:00+00:00,Synthetic/demo content only.,demo,2026-09-23T00:00:00+00:00,SYNTHETIC_DEMO
NEWS00437,DEMO_NEWS_PLACEHOLDER,,Demo supply-chain disruption article 0437,Synthetic placeholder for pipeline testing. Replace/augment using NewsAPI.,,2026-09-04T19:00:00+00:00,Synthetic/demo content only.,demo,2026-09-23T00:00:00+00:00,SYNTHETIC_DEMO
NEWS00438,DEMO_NEWS_PLACEHOLDER,,Demo supply-chain disruption article 0438,Synthetic placeholder for pipeline testing. Replace/augment using NewsAPI.,,2026-09-04T18:00:00+00:00,Synthetic/demo content only.,demo,2026-09-23T00:00:00+00:00,SYNTHETIC_DEMO
NEWS00439,DEMO_NEWS_PLACEHOLDER,,Demo supply-chain disruption article 0439,Synthetic placeholder for pipeline testing. Replace/augment using NewsAPI.,,2026-09-04T17:00:00+00:00,Synthetic/demo content only.,demo,2026-09-23T00:00:00+00:00,SYNTHETIC_DEMO
NEWS00440,DEMO_NEWS_PLACEHOLDER,,Demo supply-chain disruption article 0440,Synthetic placeholder for pipeline testing. Replace/augment using NewsAPI.,,2026-09-04T16:00:00+00:00,Synthetic/demo content only.,demo,2026-09-23T00:00:00+00:00,SYNTHETIC_DEMO
NEWS00441,DEMO_NEWS_PLACEHOLDER,,Demo supply-chain disruption article 0441,Synthetic placeholder for pipeline testing. Replace/augment using NewsAPI.,,2026-09-04T15:00:00+00:00,Synthetic/demo content only.,demo,2026-09-23T00:00:00+00:00,SYNTHETIC_DEMO
NEWS00442,DEMO_NEWS_PLACEHOLDER,,Demo supply-chain disruption article 0442,Synthetic placeholder for pipeline testing. Replace/augment using NewsAPI.,,2026-09-04T14:00:00+00:00,Synthetic/demo content only.,demo,2026-09-23T00:00:00+00:00,SYNTHETIC_DEMO
NEWS00443,DEMO_NEWS_PLACEHOLDER,,Demo supply-chain disruption article 0443,Synthetic placeholder for pipeline testing. Replace/augment using NewsAPI.,,2026-09-04T13:00:00+00:00,Synthetic/demo content only.,demo,2026-09-23T00:00:00+00:00,SYNTHETIC_DEMO
NEWS00444,DEMO_NEWS_PLACEHOLDER,,Demo supply-chain disruption article 0444,Synthetic placeholder for pipeline testing. Replace/augment using NewsAPI.,,2026-09-04T12:00:00+00:00,Synthetic/demo content only.,demo,2026-09-23T00:00:00+00:00,SYNTHETIC_DEMO
NEWS00445,DEMO_NEWS_PLACEHOLDER,,Demo supply-chain disruption article 0445,Synthetic placeholder for pipeline testing. Replace/augment using NewsAPI.,,2026-09-04T11:00:00+00:00,Synthetic/demo content only.,demo,2026-09-23T00:00:00+00:00,SYNTHETIC_DEMO
NEWS00446,DEMO_NEWS_PLACEHOLDER,,Demo supply-chain disruption article 0446,Synthetic placeholder for pipeline testing. Replace/augment using NewsAPI.,,2026-09-04T10:00:00+00:00,Synthetic/demo content only.,demo,2026-09-23T00:00:00+00:00,SYNTHETIC_DEMO
NEWS00447,DEMO_NEWS_PLACEHOLDER,,Demo supply-chain disruption article 0447,Synthetic placeholder for pipeline testing. Replace/augment using NewsAPI.,,2026-09-04T09:00:00+00:00,Synthetic/demo content only.,demo,2026-09-23T00:00:00+00:00,SYNTHETIC_DEMO
NEWS00448,DEMO_NEWS_PLACEHOLDER,,Demo supply-chain disruption article 0448,Synthetic placeholder for pipeline testing. Replace/augment using NewsAPI.,,2026-09-04T08:00:00+00:00,Synthetic/demo content only.,demo,2026-09-23T00:00:00+00:00,SYNTHETIC_DEMO
NEWS00449,DEMO_NEWS_PLACEHOLDER,,Demo supply-chain disruption article 0449,Synthetic placeholder for pipeline testing. Replace/augment using NewsAPI.,,2026-09-04T07:00:00+00:00,Synthetic/demo content only.,demo,2026-09-23T00:00:00+00:00,SYNTHETIC_DEMO
NEWS00450,DEMO_NEWS_PLACEHOLDER,,Demo supply-chain disruption article 0450,Synthetic placeholder for pipeline testing. Replace/augment using NewsAPI.,,2026-09-04T06:00:00+00:00,Synthetic/demo content only.,demo,2026-09-23T00:00:00+00:00,SYNTHETIC_DEMO
NEWS00451,DEMO_NEWS_PLACEHOLDER,,Demo supply-chain disruption article 0451,Synthetic placeholder for pipeline testing. Replace/augment using NewsAPI.,,2026-09-04T05:00:00+00:00,Synthetic/demo content only.,demo,2026-09-23T00:00:00+00:00,SYNTHETIC_DEMO
NEWS00452,DEMO_NEWS_PLACEHOLDER,,Demo supply-chain disruption article 0452,Synthetic placeholder for pipeline testing. Replace/augment using NewsAPI.,,2026-09-04T04:00:00+00:00,Synthetic/demo content only.,demo,2026-09-23T00:00:00+00:00,SYNTHETIC_DEMO
NEWS00453,DEMO_NEWS_PLACEHOLDER,,Demo supply-chain disruption article 0453,Synthetic placeholder for pipeline testing. Replace/augment using NewsAPI.,,2026-09-04T03:00:00+00:00,Synthetic/demo content only.,demo,2026-09-23T00:00:00+00:00,SYNTHETIC_DEMO
NEWS00454,DEMO_NEWS_PLACEHOLDER,,Demo supply-chain disruption article 0454,Synthetic placeholder for pipeline testing. Replace/augment using NewsAPI.,,2026-09-04T02:00:00+00:00,Synthetic/demo content only.,demo,2026-09-23T00:00:00+00:00,SYNTHETIC_DEMO
NEWS00455,DEMO_NEWS_PLACEHOLDER,,Demo supply-chain disruption article 0455,Synthetic placeholder for pipeline testing. Replace/augment using NewsAPI.,,2026-09-04T01:00:00+00:00,Synthetic/demo content only.,demo,2026-09-23T00:00:00+00:00,SYNTHETIC_DEMO
NEWS00456,DEMO_NEWS_PLACEHOLDER,,Demo supply-chain disruption article 0456,Synthetic placeholder for pipeline testing. Replace/augment using NewsAPI.,,2026-09-04T00:00:00+00:00,Synthetic/demo content only.,demo,2026-09-23T00:00:00+00:00,SYNTHETIC_DEMO
NEWS00457,DEMO_NEWS_PLACEHOLDER,,Demo supply-chain disruption article 0457,Synthetic placeholder for pipeline testing. Replace/augment using NewsAPI.,,2026-09-03T23:00:00+00:00,Synthetic/demo content only.,demo,2026-09-23T00:00:00+00:00,SYNTHETIC_DEMO
NEWS00458,DEMO_NEWS_PLACEHOLDER,,Demo supply-chain disruption article 0458,Synthetic placeholder for pipeline testing. Replace/augment using NewsAPI.,,2026-09-03T22:00:00+00:00,Synthetic/demo content only.,demo,2026-09-23T00:00:00+00:00,SYNTHETIC_DEMO
NEWS00459,DEMO_NEWS_PLACEHOLDER,,Demo supply-chain disruption article 0459,Synthetic placeholder for pipeline testing. Replace/augment using NewsAPI.,,2026-09-03T21:00:00+00:00,Synthetic/demo content only.,demo,2026-09-23T00:00:00+00:00,SYNTHETIC_DEMO
NEWS00460,DEMO_NEWS_PLACEHOLDER,,Demo supply-chain disruption article 0460,Synthetic placeholder for pipeline testing. Replace/augment using NewsAPI.,,2026-09-03T20:00:00+00:00,Synthetic/demo content only.,demo,2026-09-23T00:00:00+00:00,SYNTHETIC_DEMO
NEWS00461,DEMO_NEWS_PLACEHOLDER,,Demo supply-chain disruption article 0461,Synthetic placeholder for pipeline testing. Replace/augment using NewsAPI.,,2026-09-03T19:00:00+00:00,Synthetic/demo content only.,demo,2026-09-23T00:00:00+00:00,SYNTHETIC_DEMO
NEWS00462,DEMO_NEWS_PLACEHOLDER,,Demo supply-chain disruption article 0462,Synthetic placeholder for pipeline testing. Replace/augment using NewsAPI.,,2026-09-03T18:00:00+00:00,Synthetic/demo content only.,demo,2026-09-23T00:00:00+00:00,SYNTHETIC_DEMO
NEWS00463,DEMO_NEWS_PLACEHOLDER,,Demo supply-chain disruption article 0463,Synthetic placeholder for pipeline testing. Replace/augment using NewsAPI.,,2026-09-03T17:00:00+00:00,Synthetic/demo content only.,demo,2026-09-23T00:00:00+00:00,SYNTHETIC_DEMO
NEWS00464,DEMO_NEWS_PLACEHOLDER,,Demo supply-chain disruption article 0464,Synthetic placeholder for pipeline testing. Replace/augment using NewsAPI.,,2026-09-03T16:00:00+00:00,Synthetic/demo content only.,demo,2026-09-23T00:00:00+00:00,SYNTHETIC_DEMO
NEWS00465,DEMO_NEWS_PLACEHOLDER,,Demo supply-chain disruption article 0465,Synthetic placeholder for pipeline testing. Replace/augment using NewsAPI.,,2026-09-03T15:00:00+00:00,Synthetic/demo content only.,demo,2026-09-23T00:00:00+00:00,SYNTHETIC_DEMO
NEWS00466,DEMO_NEWS_PLACEHOLDER,,Demo supply-chain disruption article 0466,Synthetic placeholder for pipeline testing. Replace/augment using NewsAPI.,,2026-09-03T14:00:00+00:00,Synthetic/demo content only.,demo,2026-09-23T00:00:00+00:00,SYNTHETIC_DEMO
NEWS00467,DEMO_NEWS_PLACEHOLDER,,Demo supply-chain disruption article 0467,Synthetic placeholder for pipeline testing. Replace/augment using NewsAPI.,,2026-09-03T13:00:00+00:00,Synthetic/demo content only.,demo,2026-09-23T00:00:00+00:00,SYNTHETIC_DEMO
NEWS00468,DEMO_NEWS_PLACEHOLDER,,Demo supply-chain disruption article 0468,Synthetic placeholder for pipeline testing. Replace/augment using NewsAPI.,,2026-09-03T12:00:00+00:00,Synthetic/demo content only.,demo,2026-09-23T00:00:00+00:00,SYNTHETIC_DEMO
NEWS00469,DEMO_NEWS_PLACEHOLDER,,Demo supply-chain disruption article 0469,Synthetic placeholder for pipeline testing. Replace/augment using NewsAPI.,,2026-09-03T11:00:00+00:00,Synthetic/demo content only.,demo,2026-09-23T00:00:00+00:00,SYNTHETIC_DEMO
NEWS00470,DEMO_NEWS_PLACEHOLDER,,Demo supply-chain disruption article 0470,Synthetic placeholder for pipeline testing. Replace/augment using NewsAPI.,,2026-09-03T10:00:00+00:00,Synthetic/demo content only.,demo,2026-09-23T00:00:00+00:00,SYNTHETIC_DEMO
NEWS00471,DEMO_NEWS_PLACEHOLDER,,Demo supply-chain disruption article 0471,Synthetic placeholder for pipeline testing. Replace/augment using NewsAPI.,,2026-09-03T09:00:00+00:00,Synthetic/demo content only.,demo,2026-09-23T00:00:00+00:00,SYNTHETIC_DEMO
NEWS00472,DEMO_NEWS_PLACEHOLDER,,Demo supply-chain disruption article 0472,Synthetic placeholder for pipeline testing. Replace/augment using NewsAPI.,,2026-09-03T08:00:00+00:00,Synthetic/demo content only.,demo,2026-09-23T00:00:00+00:00,SYNTHETIC_DEMO
NEWS00473,DEMO_NEWS_PLACEHOLDER,,Demo supply-chain disruption article 0473,Synthetic placeholder for pipeline testing. Replace/augment using NewsAPI.,,2026-09-03T07:00:00+00:00,Synthetic/demo content only.,demo,2026-09-23T00:00:00+00:00,SYNTHETIC_DEMO
NEWS00474,DEMO_NEWS_PLACEHOLDER,,Demo supply-chain disruption article 0474,Synthetic placeholder for pipeline testing. Replace/augment using NewsAPI.,,2026-09-03T06:00:00+00:00,Synthetic/demo content only.,demo,2026-09-23T00:00:00+00:00,SYNTHETIC_DEMO
NEWS00475,DEMO_NEWS_PLACEHOLDER,,Demo supply-chain disruption article 0475,Synthetic placeholder for pipeline testing. Replace/augment using NewsAPI.,,2026-09-03T05:00:00+00:00,Synthetic/demo content only.,demo,2026-09-23T00:00:00+00:00,SYNTHETIC_DEMO
NEWS00476,DEMO_NEWS_PLACEHOLDER,,Demo supply-chain disruption article 0476,Synthetic placeholder for pipeline testing. Replace/augment using NewsAPI.,,2026-09-03T04:00:00+00:00,Synthetic/demo content only.,demo,2026-09-23T00:00:00+00:00,SYNTHETIC_DEMO
NEWS00477,DEMO_NEWS_PLACEHOLDER,,Demo supply-chain disruption article 0477,Synthetic placeholder for pipeline testing. Replace/augment using NewsAPI.,,2026-09-03T03:00:00+00:00,Synthetic/demo content only.,demo,2026-09-23T00:00:00+00:00,SYNTHETIC_DEMO
NEWS00478,DEMO_NEWS_PLACEHOLDER,,Demo supply-chain disruption article 0478,Synthetic placeholder for pipeline testing. Replace/augment using NewsAPI.,,2026-09-03T02:00:00+00:00,Synthetic/demo content only.,demo,2026-09-23T00:00:00+00:00,SYNTHETIC_DEMO
NEWS00479,DEMO_NEWS_PLACEHOLDER,,Demo supply-chain disruption article 0479,Synthetic placeholder for pipeline testing. Replace/augment using NewsAPI.,,2026-09-03T01:00:00+00:00,Synthetic/demo content only.,demo,2026-09-23T00:00:00+00:00,SYNTHETIC_DEMO
NEWS00480,DEMO_NEWS_PLACEHOLDER,,Demo supply-chain disruption article 0480,Synthetic placeholder for pipeline testing. Replace/augment using NewsAPI.,,2026-09-03T00:00:00+00:00,Synthetic/demo content only.,demo,2026-09-23T00:00:00+00:00,SYNTHETIC_DEMO
NEWS00481,DEMO_NEWS_PLACEHOLDER,,Demo supply-chain disruption article 0481,Synthetic placeholder for pipeline testing. Replace/augment using NewsAPI.,,2026-09-02T23:00:00+00:00,Synthetic/demo content only.,demo,2026-09-23T00:00:00+00:00,SYNTHETIC_DEMO
NEWS00482,DEMO_NEWS_PLACEHOLDER,,Demo supply-chain disruption article 0482,Synthetic placeholder for pipeline testing. Replace/augment using NewsAPI.,,2026-09-02T22:00:00+00:00,Synthetic/demo content only.,demo,2026-09-23T00:00:00+00:00,SYNTHETIC_DEMO
NEWS00483,DEMO_NEWS_PLACEHOLDER,,Demo supply-chain disruption article 0483,Synthetic placeholder for pipeline testing. Replace/augment using NewsAPI.,,2026-09-02T21:00:00+00:00,Synthetic/demo content only.,demo,2026-09-23T00:00:00+00:00,SYNTHETIC_DEMO
NEWS00484,DEMO_NEWS_PLACEHOLDER,,Demo supply-chain disruption article 0484,Synthetic placeholder for pipeline testing. Replace/augment using NewsAPI.,,2026-09-02T20:00:00+00:00,Synthetic/demo content only.,demo,2026-09-23T00:00:00+00:00,SYNTHETIC_DEMO
NEWS00485,DEMO_NEWS_PLACEHOLDER,,Demo supply-chain disruption article 0485,Synthetic placeholder for pipeline testing. Replace/augment using NewsAPI.,,2026-09-02T19:00:00+00:00,Synthetic/demo content only.,demo,2026-09-23T00:00:00+00:00,SYNTHETIC_DEMO
NEWS00486,DEMO_NEWS_PLACEHOLDER,,Demo supply-chain disruption article 0486,Synthetic placeholder for pipeline testing. Replace/augment using NewsAPI.,,2026-09-02T18:00:00+00:00,Synthetic/demo content only.,demo,2026-09-23T00:00:00+00:00,SYNTHETIC_DEMO
NEWS00487,DEMO_NEWS_PLACEHOLDER,,Demo supply-chain disruption article 0487,Synthetic placeholder for pipeline testing. Replace/augment using NewsAPI.,,2026-09-02T17:00:00+00:00,Synthetic/demo content only.,demo,2026-09-23T00:00:00+00:00,SYNTHETIC_DEMO
NEWS00488,DEMO_NEWS_PLACEHOLDER,,Demo supply-chain disruption article 0488,Synthetic placeholder for pipeline testing. Replace/augment using NewsAPI.,,2026-09-02T16:00:00+00:00,Synthetic/demo content only.,demo,2026-09-23T00:00:00+00:00,SYNTHETIC_DEMO
NEWS00489,DEMO_NEWS_PLACEHOLDER,,Demo supply-chain disruption article 0489,Synthetic placeholder for pipeline testing. Replace/augment using NewsAPI.,,2026-09-02T15:00:00+00:00,Synthetic/demo content only.,demo,2026-09-23T00:00:00+00:00,SYNTHETIC_DEMO
NEWS00490,DEMO_NEWS_PLACEHOLDER,,Demo supply-chain disruption article 0490,Synthetic placeholder for pipeline testing. Replace/augment using NewsAPI.,,2026-09-02T14:00:00+00:00,Synthetic/demo content only.,demo,2026-09-23T00:00:00+00:00,SYNTHETIC_DEMO
NEWS00491,DEMO_NEWS_PLACEHOLDER,,Demo supply-chain disruption article 0491,Synthetic placeholder for pipeline testing. Replace/augment using NewsAPI.,,2026-09-02T13:00:00+00:00,Synthetic/demo content only.,demo,2026-09-23T00:00:00+00:00,SYNTHETIC_DEMO
NEWS00492,DEMO_NEWS_PLACEHOLDER,,Demo supply-chain disruption article 0492,Synthetic placeholder for pipeline testing. Replace/augment using NewsAPI.,,2026-09-02T12:00:00+00:00,Synthetic/demo content only.,demo,2026-09-23T00:00:00+00:00,SYNTHETIC_DEMO
NEWS00493,DEMO_NEWS_PLACEHOLDER,,Demo supply-chain disruption article 0493,Synthetic placeholder for pipeline testing. Replace/augment using NewsAPI.,,2026-09-02T11:00:00+00:00,Synthetic/demo content only.,demo,2026-09-23T00:00:00+00:00,SYNTHETIC_DEMO
NEWS00494,DEMO_NEWS_PLACEHOLDER,,Demo supply-chain disruption article 0494,Synthetic placeholder for pipeline testing. Replace/augment using NewsAPI.,,2026-09-02T10:00:00+00:00,Synthetic/demo content only.,demo,2026-09-23T00:00:00+00:00,SYNTHETIC_DEMO
NEWS00495,DEMO_NEWS_PLACEHOLDER,,Demo supply-chain disruption article 0495,Synthetic placeholder for pipeline testing. Replace/augment using NewsAPI.,,2026-09-02T09:00:00+00:00,Synthetic/demo content only.,demo,2026-09-23T00:00:00+00:00,SYNTHETIC_DEMO
NEWS00496,DEMO_NEWS_PLACEHOLDER,,Demo supply-chain disruption article 0496,Synthetic placeholder for pipeline testing. Replace/augment using NewsAPI.,,2026-09-02T08:00:00+00:00,Synthetic/demo content only.,demo,2026-09-23T00:00:00+00:00,SYNTHETIC_DEMO
NEWS00497,DEMO_NEWS_PLACEHOLDER,,Demo supply-chain disruption article 0497,Synthetic placeholder for pipeline testing. Replace/augment using NewsAPI.,,2026-09-02T07:00:00+00:00,Synthetic/demo content only.,demo,2026-09-23T00:00:00+00:00,SYNTHETIC_DEMO
NEWS00498,DEMO_NEWS_PLACEHOLDER,,Demo supply-chain disruption article 0498,Synthetic placeholder for pipeline testing. Replace/augment using NewsAPI.,,2026-09-02T06:00:00+00:00,Synthetic/demo content only.,demo,2026-09-23T00:00:00+00:00,SYNTHETIC_DEMO
NEWS00499,DEMO_NEWS_PLACEHOLDER,,Demo supply-chain disruption article 0499,Synthetic placeholder for pipeline testing. Replace/augment using NewsAPI.,,2026-09-02T05:00:00+00:00,Synthetic/demo content only.,demo,2026-09-23T00:00:00+00:00,SYNTHETIC_DEMO
NEWS00500,DEMO_NEWS_PLACEHOLDER,,Demo supply-chain disruption article 0500,Synthetic placeholder for pipeline testing. Replace/augment using NewsAPI.,,2026-09-02T04:00:00+00:00,Synthetic/demo content only.,demo,2026-09-23T00:00:00+00:00,SYNTHETIC_DEMO
NEWS00501,DEMO_NEWS_PLACEHOLDER,,Demo supply-chain disruption article 0501,Synthetic placeholder for pipeline testing. Replace/augment using NewsAPI.,,2026-09-02T03:00:00+00:00,Synthetic/demo content only.,demo,2026-09-23T00:00:00+00:00,SYNTHETIC_DEMO
NEWS00502,DEMO_NEWS_PLACEHOLDER,,Demo supply-chain disruption article 0502,Synthetic placeholder for pipeline testing. Replace/augment using NewsAPI.,,2026-09-02T02:00:00+00:00,Synthetic/demo content only.,demo,2026-09-23T00:00:00+00:00,SYNTHETIC_DEMO
NEWS00503,DEMO_NEWS_PLACEHOLDER,,Demo supply-chain disruption article 0503,Synthetic placeholder for pipeline testing. Replace/augment using NewsAPI.,,2026-09-02T01:00:00+00:00,Synthetic/demo content only.,demo,2026-09-23T00:00:00+00:00,SYNTHETIC_DEMO
NEWS00504,DEMO_NEWS_PLACEHOLDER,,Demo supply-chain disruption article 0504,Synthetic placeholder for pipeline testing. Replace/augment using NewsAPI.,,2026-09-02T00:00:00+00:00,Synthetic/demo content only.,demo,2026-09-23T00:00:00+00:00,SYNTHETIC_DEMO
NEWS00505,DEMO_NEWS_PLACEHOLDER,,Demo supply-chain disruption article 0505,Synthetic placeholder for pipeline testing. Replace/augment using NewsAPI.,,2026-09-01T23:00:00+00:00,Synthetic/demo content only.,demo,2026-09-23T00:00:00+00:00,SYNTHETIC_DEMO
NEWS00506,DEMO_NEWS_PLACEHOLDER,,Demo supply-chain disruption article 0506,Synthetic placeholder for pipeline testing. Replace/augment using NewsAPI.,,2026-09-01T22:00:00+00:00,Synthetic/demo content only.,demo,2026-09-23T00:00:00+00:00,SYNTHETIC_DEMO
NEWS00507,DEMO_NEWS_PLACEHOLDER,,Demo supply-chain disruption article 0507,Synthetic placeholder for pipeline testing. Replace/augment using NewsAPI.,,2026-09-01T21:00:00+00:00,Synthetic/demo content only.,demo,2026-09-23T00:00:00+00:00,SYNTHETIC_DEMO
NEWS00508,DEMO_NEWS_PLACEHOLDER,,Demo supply-chain disruption article 0508,Synthetic placeholder for pipeline testing. Replace/augment using NewsAPI.,,2026-09-01T20:00:00+00:00,Synthetic/demo content only.,demo,2026-09-23T00:00:00+00:00,SYNTHETIC_DEMO
NEWS00509,DEMO_NEWS_PLACEHOLDER,,Demo supply-chain disruption article 0509,Synthetic placeholder for pipeline testing. Replace/augment using NewsAPI.,,2026-09-01T19:00:00+00:00,Synthetic/demo content only.,demo,2026-09-23T00:00:00+00:00,SYNTHETIC_DEMO
NEWS00510,DEMO_NEWS_PLACEHOLDER,,Demo supply-chain disruption article 0510,Synthetic placeholder for pipeline testing. Replace/augment using NewsAPI.,,2026-09-01T18:00:00+00:00,Synthetic/demo content only.,demo,2026-09-23T00:00:00+00:00,SYNTHETIC_DEMO
NEWS00511,DEMO_NEWS_PLACEHOLDER,,Demo supply-chain disruption article 0511,Synthetic placeholder for pipeline testing. Replace/augment using NewsAPI.,,2026-09-01T17:00:00+00:00,Synthetic/demo content only.,demo,2026-09-23T00:00:00+00:00,SYNTHETIC_DEMO
NEWS00512,DEMO_NEWS_PLACEHOLDER,,Demo supply-chain disruption article 0512,Synthetic placeholder for pipeline testing. Replace/augment using NewsAPI.,,2026-09-01T16:00:00+00:00,Synthetic/demo content only.,demo,2026-09-23T00:00:00+00:00,SYNTHETIC_DEMO
NEWS00513,DEMO_NEWS_PLACEHOLDER,,Demo supply-chain disruption article 0513,Synthetic placeholder for pipeline testing. Replace/augment using NewsAPI.,,2026-09-01T15:00:00+00:00,Synthetic/demo content only.,demo,2026-09-23T00:00:00+00:00,SYNTHETIC_DEMO
NEWS00514,DEMO_NEWS_PLACEHOLDER,,Demo supply-chain disruption article 0514,Synthetic placeholder for pipeline testing. Replace/augment using NewsAPI.,,2026-09-01T14:00:00+00:00,Synthetic/demo content only.,demo,2026-09-23T00:00:00+00:00,SYNTHETIC_DEMO
NEWS00515,DEMO_NEWS_PLACEHOLDER,,Demo supply-chain disruption article 0515,Synthetic placeholder for pipeline testing. Replace/augment using NewsAPI.,,2026-09-01T13:00:00+00:00,Synthetic/demo content only.,demo,2026-09-23T00:00:00+00:00,SYNTHETIC_DEMO
NEWS00516,DEMO_NEWS_PLACEHOLDER,,Demo supply-chain disruption article 0516,Synthetic placeholder for pipeline testing. Replace/augment using NewsAPI.,,2026-09-01T12:00:00+00:00,Synthetic/demo content only.,demo,2026-09-23T00:00:00+00:00,SYNTHETIC_DEMO
NEWS00517,DEMO_NEWS_PLACEHOLDER,,Demo supply-chain disruption article 0517,Synthetic placeholder for pipeline testing. Replace/augment using NewsAPI.,,2026-09-01T11:00:00+00:00,Synthetic/demo content only.,demo,2026-09-23T00:00:00+00:00,SYNTHETIC_DEMO
NEWS00518,DEMO_NEWS_PLACEHOLDER,,Demo supply-chain disruption article 0518,Synthetic placeholder for pipeline testing. Replace/augment using NewsAPI.,,2026-09-01T10:00:00+00:00,Synthetic/demo content only.,demo,2026-09-23T00:00:00+00:00,SYNTHETIC_DEMO
NEWS00519,DEMO_NEWS_PLACEHOLDER,,Demo supply-chain disruption article 0519,Synthetic placeholder for pipeline testing. Replace/augment using NewsAPI.,,2026-09-01T09:00:00+00:00,Synthetic/demo content only.,demo,2026-09-23T00:00:00+00:00,SYNTHETIC_DEMO
NEWS00520,DEMO_NEWS_PLACEHOLDER,,Demo supply-chain disruption article 0520,Synthetic placeholder for pipeline testing. Replace/augment using NewsAPI.,,2026-09-01T08:00:00+00:00,Synthetic/demo content only.,demo,2026-09-23T00:00:00+00:00,SYNTHETIC_DEMO
NEWS00521,DEMO_NEWS_PLACEHOLDER,,Demo supply-chain disruption article 0521,Synthetic placeholder for pipeline testing. Replace/augment using NewsAPI.,,2026-09-01T07:00:00+00:00,Synthetic/demo content only.,demo,2026-09-23T00:00:00+00:00,SYNTHETIC_DEMO
NEWS00522,DEMO_NEWS_PLACEHOLDER,,Demo supply-chain disruption article 0522,Synthetic placeholder for pipeline testing. Replace/augment using NewsAPI.,,2026-09-01T06:00:00+00:00,Synthetic/demo content only.,demo,2026-09-23T00:00:00+00:00,SYNTHETIC_DEMO
NEWS00523,DEMO_NEWS_PLACEHOLDER,,Demo supply-chain disruption article 0523,Synthetic placeholder for pipeline testing. Replace/augment using NewsAPI.,,2026-09-01T05:00:00+00:00,Synthetic/demo content only.,demo,2026-09-23T00:00:00+00:00,SYNTHETIC_DEMO
NEWS00524,DEMO_NEWS_PLACEHOLDER,,Demo supply-chain disruption article 0524,Synthetic placeholder for pipeline testing. Replace/augment using NewsAPI.,,2026-09-01T04:00:00+00:00,Synthetic/demo content only.,demo,2026-09-23T00:00:00+00:00,SYNTHETIC_DEMO
NEWS00525,DEMO_NEWS_PLACEHOLDER,,Demo supply-chain disruption article 0525,Synthetic placeholder for pipeline testing. Replace/augment using NewsAPI.,,2026-09-01T03:00:00+00:00,Synthetic/demo content only.,demo,2026-09-23T00:00:00+00:00,SYNTHETIC_DEMO
NEWS00526,DEMO_NEWS_PLACEHOLDER,,Demo supply-chain disruption article 0526,Synthetic placeholder for pipeline testing. Replace/augment using NewsAPI.,,2026-09-01T02:00:00+00:00,Synthetic/demo content only.,demo,2026-09-23T00:00:00+00:00,SYNTHETIC_DEMO
NEWS00527,DEMO_NEWS_PLACEHOLDER,,Demo supply-chain disruption article 0527,Synthetic placeholder for pipeline testing. Replace/augment using NewsAPI.,,2026-09-01T01:00:00+00:00,Synthetic/demo content only.,demo,2026-09-23T00:00:00+00:00,SYNTHETIC_DEMO
NEWS00528,DEMO_NEWS_PLACEHOLDER,,Demo supply-chain disruption article 0528,Synthetic placeholder for pipeline testing. Replace/augment using NewsAPI.,,2026-09-01T00:00:00+00:00,Synthetic/demo content only.,demo,2026-09-23T00:00:00+00:00,SYNTHETIC_DEMO
NEWS00529,DEMO_NEWS_PLACEHOLDER,,Demo supply-chain disruption article 0529,Synthetic placeholder for pipeline testing. Replace/augment using NewsAPI.,,2026-08-31T23:00:00+00:00,Synthetic/demo content only.,demo,2026-09-23T00:00:00+00:00,SYNTHETIC_DEMO
NEWS00530,DEMO_NEWS_PLACEHOLDER,,Demo supply-chain disruption article 0530,Synthetic placeholder for pipeline testing. Replace/augment using NewsAPI.,,2026-08-31T22:00:00+00:00,Synthetic/demo content only.,demo,2026-09-23T00:00:00+00:00,SYNTHETIC_DEMO
NEWS00531,DEMO_NEWS_PLACEHOLDER,,Demo supply-chain disruption article 0531,Synthetic placeholder for pipeline testing. Replace/augment using NewsAPI.,,2026-08-31T21:00:00+00:00,Synthetic/demo content only.,demo,2026-09-23T00:00:00+00:00,SYNTHETIC_DEMO
NEWS00532,DEMO_NEWS_PLACEHOLDER,,Demo supply-chain disruption article 0532,Synthetic placeholder for pipeline testing. Replace/augment using NewsAPI.,,2026-08-31T20:00:00+00:00,Synthetic/demo content only.,demo,2026-09-23T00:00:00+00:00,SYNTHETIC_DEMO
NEWS00533,DEMO_NEWS_PLACEHOLDER,,Demo supply-chain disruption article 0533,Synthetic placeholder for pipeline testing. Replace/augment using NewsAPI.,,2026-08-31T19:00:00+00:00,Synthetic/demo content only.,demo,2026-09-23T00:00:00+00:00,SYNTHETIC_DEMO
NEWS00534,DEMO_NEWS_PLACEHOLDER,,Demo supply-chain disruption article 0534,Synthetic placeholder for pipeline testing. Replace/augment using NewsAPI.,,2026-08-31T18:00:00+00:00,Synthetic/demo content only.,demo,2026-09-23T00:00:00+00:00,SYNTHETIC_DEMO
NEWS00535,DEMO_NEWS_PLACEHOLDER,,Demo supply-chain disruption article 0535,Synthetic placeholder for pipeline testing. Replace/augment using NewsAPI.,,2026-08-31T17:00:00+00:00,Synthetic/demo content only.,demo,2026-09-23T00:00:00+00:00,SYNTHETIC_DEMO
NEWS00536,DEMO_NEWS_PLACEHOLDER,,Demo supply-chain disruption article 0536,Synthetic placeholder for pipeline testing. Replace/augment using NewsAPI.,,2026-08-31T16:00:00+00:00,Synthetic/demo content only.,demo,2026-09-23T00:00:00+00:00,SYNTHETIC_DEMO
NEWS00537,DEMO_NEWS_PLACEHOLDER,,Demo supply-chain disruption article 0537,Synthetic placeholder for pipeline testing. Replace/augment using NewsAPI.,,2026-08-31T15:00:00+00:00,Synthetic/demo content only.,demo,2026-09-23T00:00:00+00:00,SYNTHETIC_DEMO
NEWS00538,DEMO_NEWS_PLACEHOLDER,,Demo supply-chain disruption article 0538,Synthetic placeholder for pipeline testing. Replace/augment using NewsAPI.,,2026-08-31T14:00:00+00:00,Synthetic/demo content only.,demo,2026-09-23T00:00:00+00:00,SYNTHETIC_DEMO
NEWS00539,DEMO_NEWS_PLACEHOLDER,,Demo supply-chain disruption article 0539,Synthetic placeholder for pipeline testing. Replace/augment using NewsAPI.,,2026-08-31T13:00:00+00:00,Synthetic/demo content only.,demo,2026-09-23T00:00:00+00:00,SYNTHETIC_DEMO
NEWS00540,DEMO_NEWS_PLACEHOLDER,,Demo supply-chain disruption article 0540,Synthetic placeholder for pipeline testing. Replace/augment using NewsAPI.,,2026-08-31T12:00:00+00:00,Synthetic/demo content only.,demo,2026-09-23T00:00:00+00:00,SYNTHETIC_DEMO
NEWS00541,DEMO_NEWS_PLACEHOLDER,,Demo supply-chain disruption article 0541,Synthetic placeholder for pipeline testing. Replace/augment using NewsAPI.,,2026-08-31T11:00:00+00:00,Synthetic/demo content only.,demo,2026-09-23T00:00:00+00:00,SYNTHETIC_DEMO
NEWS00542,DEMO_NEWS_PLACEHOLDER,,Demo supply-chain disruption article 0542,Synthetic placeholder for pipeline testing. Replace/augment using NewsAPI.,,2026-08-31T10:00:00+00:00,Synthetic/demo content only.,demo,2026-09-23T00:00:00+00:00,SYNTHETIC_DEMO
NEWS00543,DEMO_NEWS_PLACEHOLDER,,Demo supply-chain disruption article 0543,Synthetic placeholder for pipeline testing. Replace/augment using NewsAPI.,,2026-08-31T09:00:00+00:00,Synthetic/demo content only.,demo,2026-09-23T00:00:00+00:00,SYNTHETIC_DEMO
NEWS00544,DEMO_NEWS_PLACEHOLDER,,Demo supply-chain disruption article 0544,Synthetic placeholder for pipeline testing. Replace/augment using NewsAPI.,,2026-08-31T08:00:00+00:00,Synthetic/demo content only.,demo,2026-09-23T00:00:00+00:00,SYNTHETIC_DEMO
NEWS00545,DEMO_NEWS_PLACEHOLDER,,Demo supply-chain disruption article 0545,Synthetic placeholder for pipeline testing. Replace/augment using NewsAPI.,,2026-08-31T07:00:00+00:00,Synthetic/demo content only.,demo,2026-09-23T00:00:00+00:00,SYNTHETIC_DEMO
NEWS00546,DEMO_NEWS_PLACEHOLDER,,Demo supply-chain disruption article 0546,Synthetic placeholder for pipeline testing. Replace/augment using NewsAPI.,,2026-08-31T06:00:00+00:00,Synthetic/demo content only.,demo,2026-09-23T00:00:00+00:00,SYNTHETIC_DEMO
NEWS00547,DEMO_NEWS_PLACEHOLDER,,Demo supply-chain disruption article 0547,Synthetic placeholder for pipeline testing. Replace/augment using NewsAPI.,,2026-08-31T05:00:00+00:00,Synthetic/demo content only.,demo,2026-09-23T00:00:00+00:00,SYNTHETIC_DEMO
NEWS00548,DEMO_NEWS_PLACEHOLDER,,Demo supply-chain disruption article 0548,Synthetic placeholder for pipeline testing. Replace/augment using NewsAPI.,,2026-08-31T04:00:00+00:00,Synthetic/demo content only.,demo,2026-09-23T00:00:00+00:00,SYNTHETIC_DEMO
NEWS00549,DEMO_NEWS_PLACEHOLDER,,Demo supply-chain disruption article 0549,Synthetic placeholder for pipeline testing. Replace/augment using NewsAPI.,,2026-08-31T03:00:00+00:00,Synthetic/demo content only.,demo,2026-09-23T00:00:00+00:00,SYNTHETIC_DEMO
NEWS00550,DEMO_NEWS_PLACEHOLDER,,Demo supply-chain disruption article 0550,Synthetic placeholder for pipeline testing. Replace/augment using NewsAPI.,,2026-08-31T02:00:00+00:00,Synthetic/demo content only.,demo,2026-09-23T00:00:00+00:00,SYNTHETIC_DEMO
NEWS00551,DEMO_NEWS_PLACEHOLDER,,Demo supply-chain disruption article 0551,Synthetic placeholder for pipeline testing. Replace/augment using NewsAPI.,,2026-08-31T01:00:00+00:00,Synthetic/demo content only.,demo,2026-09-23T00:00:00+00:00,SYNTHETIC_DEMO
NEWS00552,DEMO_NEWS_PLACEHOLDER,,Demo supply-chain disruption article 0552,Synthetic placeholder for pipeline testing. Replace/augment using NewsAPI.,,2026-08-31T00:00:00+00:00,Synthetic/demo content only.,demo,2026-09-23T00:00:00+00:00,SYNTHETIC_DEMO
NEWS00553,DEMO_NEWS_PLACEHOLDER,,Demo supply-chain disruption article 0553,Synthetic placeholder for pipeline testing. Replace/augment using NewsAPI.,,2026-08-30T23:00:00+00:00,Synthetic/demo content only.,demo,2026-09-23T00:00:00+00:00,SYNTHETIC_DEMO
NEWS00554,DEMO_NEWS_PLACEHOLDER,,Demo supply-chain disruption article 0554,Synthetic placeholder for pipeline testing. Replace/augment using NewsAPI.,,2026-08-30T22:00:00+00:00,Synthetic/demo content only.,demo,2026-09-23T00:00:00+00:00,SYNTHETIC_DEMO
NEWS00555,DEMO_NEWS_PLACEHOLDER,,Demo supply-chain disruption article 0555,Synthetic placeholder for pipeline testing. Replace/augment using NewsAPI.,,2026-08-30T21:00:00+00:00,Synthetic/demo content only.,demo,2026-09-23T00:00:00+00:00,SYNTHETIC_DEMO
NEWS00556,DEMO_NEWS_PLACEHOLDER,,Demo supply-chain disruption article 0556,Synthetic placeholder for pipeline testing. Replace/augment using NewsAPI.,,2026-08-30T20:00:00+00:00,Synthetic/demo content only.,demo,2026-09-23T00:00:00+00:00,SYNTHETIC_DEMO
NEWS00557,DEMO_NEWS_PLACEHOLDER,,Demo supply-chain disruption article 0557,Synthetic placeholder for pipeline testing. Replace/augment using NewsAPI.,,2026-08-30T19:00:00+00:00,Synthetic/demo content only.,demo,2026-09-23T00:00:00+00:00,SYNTHETIC_DEMO
NEWS00558,DEMO_NEWS_PLACEHOLDER,,Demo supply-chain disruption article 0558,Synthetic placeholder for pipeline testing. Replace/augment using NewsAPI.,,2026-08-30T18:00:00+00:00,Synthetic/demo content only.,demo,2026-09-23T00:00:00+00:00,SYNTHETIC_DEMO
NEWS00559,DEMO_NEWS_PLACEHOLDER,,Demo supply-chain disruption article 0559,Synthetic placeholder for pipeline testing. Replace/augment using NewsAPI.,,2026-08-30T17:00:00+00:00,Synthetic/demo content only.,demo,2026-09-23T00:00:00+00:00,SYNTHETIC_DEMO
NEWS00560,DEMO_NEWS_PLACEHOLDER,,Demo supply-chain disruption article 0560,Synthetic placeholder for pipeline testing. Replace/augment using NewsAPI.,,2026-08-30T16:00:00+00:00,Synthetic/demo content only.,demo,2026-09-23T00:00:00+00:00,SYNTHETIC_DEMO
NEWS00561,DEMO_NEWS_PLACEHOLDER,,Demo supply-chain disruption article 0561,Synthetic placeholder for pipeline testing. Replace/augment using NewsAPI.,,2026-08-30T15:00:00+00:00,Synthetic/demo content only.,demo,2026-09-23T00:00:00+00:00,SYNTHETIC_DEMO
NEWS00562,DEMO_NEWS_PLACEHOLDER,,Demo supply-chain disruption article 0562,Synthetic placeholder for pipeline testing. Replace/augment using NewsAPI.,,2026-08-30T14:00:00+00:00,Synthetic/demo content only.,demo,2026-09-23T00:00:00+00:00,SYNTHETIC_DEMO
NEWS00563,DEMO_NEWS_PLACEHOLDER,,Demo supply-chain disruption article 0563,Synthetic placeholder for pipeline testing. Replace/augment using NewsAPI.,,2026-08-30T13:00:00+00:00,Synthetic/demo content only.,demo,2026-09-23T00:00:00+00:00,SYNTHETIC_DEMO
NEWS00564,DEMO_NEWS_PLACEHOLDER,,Demo supply-chain disruption article 0564,Synthetic placeholder for pipeline testing. Replace/augment using NewsAPI.,,2026-08-30T12:00:00+00:00,Synthetic/demo content only.,demo,2026-09-23T00:00:00+00:00,SYNTHETIC_DEMO
NEWS00565,DEMO_NEWS_PLACEHOLDER,,Demo supply-chain disruption article 0565,Synthetic placeholder for pipeline testing. Replace/augment using NewsAPI.,,2026-08-30T11:00:00+00:00,Synthetic/demo content only.,demo,2026-09-23T00:00:00+00:00,SYNTHETIC_DEMO
NEWS00566,DEMO_NEWS_PLACEHOLDER,,Demo supply-chain disruption article 0566,Synthetic placeholder for pipeline testing. Replace/augment using NewsAPI.,,2026-08-30T10:00:00+00:00,Synthetic/demo content only.,demo,2026-09-23T00:00:00+00:00,SYNTHETIC_DEMO
NEWS00567,DEMO_NEWS_PLACEHOLDER,,Demo supply-chain disruption article 0567,Synthetic placeholder for pipeline testing. Replace/augment using NewsAPI.,,2026-08-30T09:00:00+00:00,Synthetic/demo content only.,demo,2026-09-23T00:00:00+00:00,SYNTHETIC_DEMO
NEWS00568,DEMO_NEWS_PLACEHOLDER,,Demo supply-chain disruption article 0568,Synthetic placeholder for pipeline testing. Replace/augment using NewsAPI.,,2026-08-30T08:00:00+00:00,Synthetic/demo content only.,demo,2026-09-23T00:00:00+00:00,SYNTHETIC_DEMO
NEWS00569,DEMO_NEWS_PLACEHOLDER,,Demo supply-chain disruption article 0569,Synthetic placeholder for pipeline testing. Replace/augment using NewsAPI.,,2026-08-30T07:00:00+00:00,Synthetic/demo content only.,demo,2026-09-23T00:00:00+00:00,SYNTHETIC_DEMO
NEWS00570,DEMO_NEWS_PLACEHOLDER,,Demo supply-chain disruption article 0570,Synthetic placeholder for pipeline testing. Replace/augment using NewsAPI.,,2026-08-30T06:00:00+00:00,Synthetic/demo content only.,demo,2026-09-23T00:00:00+00:00,SYNTHETIC_DEMO
NEWS00571,DEMO_NEWS_PLACEHOLDER,,Demo supply-chain disruption article 0571,Synthetic placeholder for pipeline testing. Replace/augment using NewsAPI.,,2026-08-30T05:00:00+00:00,Synthetic/demo content only.,demo,2026-09-23T00:00:00+00:00,SYNTHETIC_DEMO
NEWS00572,DEMO_NEWS_PLACEHOLDER,,Demo supply-chain disruption article 0572,Synthetic placeholder for pipeline testing. Replace/augment using NewsAPI.,,2026-08-30T04:00:00+00:00,Synthetic/demo content only.,demo,2026-09-23T00:00:00+00:00,SYNTHETIC_DEMO
NEWS00573,DEMO_NEWS_PLACEHOLDER,,Demo supply-chain disruption article 0573,Synthetic placeholder for pipeline testing. Replace/augment using NewsAPI.,,2026-08-30T03:00:00+00:00,Synthetic/demo content only.,demo,2026-09-23T00:00:00+00:00,SYNTHETIC_DEMO
NEWS00574,DEMO_NEWS_PLACEHOLDER,,Demo supply-chain disruption article 0574,Synthetic placeholder for pipeline testing. Replace/augment using NewsAPI.,,2026-08-30T02:00:00+00:00,Synthetic/demo content only.,demo,2026-09-23T00:00:00+00:00,SYNTHETIC_DEMO
NEWS00575,DEMO_NEWS_PLACEHOLDER,,Demo supply-chain disruption article 0575,Synthetic placeholder for pipeline testing. Replace/augment using NewsAPI.,,2026-08-30T01:00:00+00:00,Synthetic/demo content only.,demo,2026-09-23T00:00:00+00:00,SYNTHETIC_DEMO
NEWS00576,DEMO_NEWS_PLACEHOLDER,,Demo supply-chain disruption article 0576,Synthetic placeholder for pipeline testing. Replace/augment using NewsAPI.,,2026-08-30T00:00:00+00:00,Synthetic/demo content only.,demo,2026-09-23T00:00:00+00:00,SYNTHETIC_DEMO
NEWS00577,DEMO_NEWS_PLACEHOLDER,,Demo supply-chain disruption article 0577,Synthetic placeholder for pipeline testing. Replace/augment using NewsAPI.,,2026-08-29T23:00:00+00:00,Synthetic/demo content only.,demo,2026-09-23T00:00:00+00:00,SYNTHETIC_DEMO
NEWS00578,DEMO_NEWS_PLACEHOLDER,,Demo supply-chain disruption article 0578,Synthetic placeholder for pipeline testing. Replace/augment using NewsAPI.,,2026-08-29T22:00:00+00:00,Synthetic/demo content only.,demo,2026-09-23T00:00:00+00:00,SYNTHETIC_DEMO
NEWS00579,DEMO_NEWS_PLACEHOLDER,,Demo supply-chain disruption article 0579,Synthetic placeholder for pipeline testing. Replace/augment using NewsAPI.,,2026-08-29T21:00:00+00:00,Synthetic/demo content only.,demo,2026-09-23T00:00:00+00:00,SYNTHETIC_DEMO
NEWS00580,DEMO_NEWS_PLACEHOLDER,,Demo supply-chain disruption article 0580,Synthetic placeholder for pipeline testing. Replace/augment using NewsAPI.,,2026-08-29T20:00:00+00:00,Synthetic/demo content only.,demo,2026-09-23T00:00:00+00:00,SYNTHETIC_DEMO
NEWS00581,DEMO_NEWS_PLACEHOLDER,,Demo supply-chain disruption article 0581,Synthetic placeholder for pipeline testing. Replace/augment using NewsAPI.,,2026-08-29T19:00:00+00:00,Synthetic/demo content only.,demo,2026-09-23T00:00:00+00:00,SYNTHETIC_DEMO
NEWS00582,DEMO_NEWS_PLACEHOLDER,,Demo supply-chain disruption article 0582,Synthetic placeholder for pipeline testing. Replace/augment using NewsAPI.,,2026-08-29T18:00:00+00:00,Synthetic/demo content only.,demo,2026-09-23T00:00:00+00:00,SYNTHETIC_DEMO
NEWS00583,DEMO_NEWS_PLACEHOLDER,,Demo supply-chain disruption article 0583,Synthetic placeholder for pipeline testing. Replace/augment using NewsAPI.,,2026-08-29T17:00:00+00:00,Synthetic/demo content only.,demo,2026-09-23T00:00:00+00:00,SYNTHETIC_DEMO
NEWS00584,DEMO_NEWS_PLACEHOLDER,,Demo supply-chain disruption article 0584,Synthetic placeholder for pipeline testing. Replace/augment using NewsAPI.,,2026-08-29T16:00:00+00:00,Synthetic/demo content only.,demo,2026-09-23T00:00:00+00:00,SYNTHETIC_DEMO
NEWS00585,DEMO_NEWS_PLACEHOLDER,,Demo supply-chain disruption article 0585,Synthetic placeholder for pipeline testing. Replace/augment using NewsAPI.,,2026-08-29T15:00:00+00:00,Synthetic/demo content only.,demo,2026-09-23T00:00:00+00:00,SYNTHETIC_DEMO
NEWS00586,DEMO_NEWS_PLACEHOLDER,,Demo supply-chain disruption article 0586,Synthetic placeholder for pipeline testing. Replace/augment using NewsAPI.,,2026-08-29T14:00:00+00:00,Synthetic/demo content only.,demo,2026-09-23T00:00:00+00:00,SYNTHETIC_DEMO
NEWS00587,DEMO_NEWS_PLACEHOLDER,,Demo supply-chain disruption article 0587,Synthetic placeholder for pipeline testing. Replace/augment using NewsAPI.,,2026-08-29T13:00:00+00:00,Synthetic/demo content only.,demo,2026-09-23T00:00:00+00:00,SYNTHETIC_DEMO
NEWS00588,DEMO_NEWS_PLACEHOLDER,,Demo supply-chain disruption article 0588,Synthetic placeholder for pipeline testing. Replace/augment using NewsAPI.,,2026-08-29T12:00:00+00:00,Synthetic/demo content only.,demo,2026-09-23T00:00:00+00:00,SYNTHETIC_DEMO
NEWS00589,DEMO_NEWS_PLACEHOLDER,,Demo supply-chain disruption article 0589,Synthetic placeholder for pipeline testing. Replace/augment using NewsAPI.,,2026-08-29T11:00:00+00:00,Synthetic/demo content only.,demo,2026-09-23T00:00:00+00:00,SYNTHETIC_DEMO
NEWS00590,DEMO_NEWS_PLACEHOLDER,,Demo supply-chain disruption article 0590,Synthetic placeholder for pipeline testing. Replace/augment using NewsAPI.,,2026-08-29T10:00:00+00:00,Synthetic/demo content only.,demo,2026-09-23T00:00:00+00:00,SYNTHETIC_DEMO
NEWS00591,DEMO_NEWS_PLACEHOLDER,,Demo supply-chain disruption article 0591,Synthetic placeholder for pipeline testing. Replace/augment using NewsAPI.,,2026-08-29T09:00:00+00:00,Synthetic/demo content only.,demo,2026-09-23T00:00:00+00:00,SYNTHETIC_DEMO
NEWS00592,DEMO_NEWS_PLACEHOLDER,,Demo supply-chain disruption article 0592,Synthetic placeholder for pipeline testing. Replace/augment using NewsAPI.,,2026-08-29T08:00:00+00:00,Synthetic/demo content only.,demo,2026-09-23T00:00:00+00:00,SYNTHETIC_DEMO
NEWS00593,DEMO_NEWS_PLACEHOLDER,,Demo supply-chain disruption article 0593,Synthetic placeholder for pipeline testing. Replace/augment using NewsAPI.,,2026-08-29T07:00:00+00:00,Synthetic/demo content only.,demo,2026-09-23T00:00:00+00:00,SYNTHETIC_DEMO
NEWS00594,DEMO_NEWS_PLACEHOLDER,,Demo supply-chain disruption article 0594,Synthetic placeholder for pipeline testing. Replace/augment using NewsAPI.,,2026-08-29T06:00:00+00:00,Synthetic/demo content only.,demo,2026-09-23T00:00:00+00:00,SYNTHETIC_DEMO
NEWS00595,DEMO_NEWS_PLACEHOLDER,,Demo supply-chain disruption article 0595,Synthetic placeholder for pipeline testing. Replace/augment using NewsAPI.,,2026-08-29T05:00:00+00:00,Synthetic/demo content only.,demo,2026-09-23T00:00:00+00:00,SYNTHETIC_DEMO
NEWS00596,DEMO_NEWS_PLACEHOLDER,,Demo supply-chain disruption article 0596,Synthetic placeholder for pipeline testing. Replace/augment using NewsAPI.,,2026-08-29T04:00:00+00:00,Synthetic/demo content only.,demo,2026-09-23T00:00:00+00:00,SYNTHETIC_DEMO
NEWS00597,DEMO_NEWS_PLACEHOLDER,,Demo supply-chain disruption article 0597,Synthetic placeholder for pipeline testing. Replace/augment using NewsAPI.,,2026-08-29T03:00:00+00:00,Synthetic/demo content only.,demo,2026-09-23T00:00:00+00:00,SYNTHETIC_DEMO
NEWS00598,DEMO_NEWS_PLACEHOLDER,,Demo supply-chain disruption article 0598,Synthetic placeholder for pipeline testing. Replace/augment using NewsAPI.,,2026-08-29T02:00:00+00:00,Synthetic/demo content only.,demo,2026-09-23T00:00:00+00:00,SYNTHETIC_DEMO
NEWS00599,DEMO_NEWS_PLACEHOLDER,,Demo supply-chain disruption article 0599,Synthetic placeholder for pipeline testing. Replace/augment using NewsAPI.,,2026-08-29T01:00:00+00:00,Synthetic/demo content only.,demo,2026-09-23T00:00:00+00:00,SYNTHETIC_DEMO
NEWS00600,DEMO_NEWS_PLACEHOLDER,,Demo supply-chain disruption article 0600,Synthetic placeholder for pipeline testing. Replace/augment using NewsAPI.,,2026-08-29T00:00:00+00:00,Synthetic/demo content only.,demo,2026-09-23T00:00:00+00:00,SYNTHETIC_DEMO
NEWS00601,DEMO_NEWS_PLACEHOLDER,,Demo supply-chain disruption article 0601,Synthetic placeholder for pipeline testing. Replace/augment using NewsAPI.,,2026-08-28T23:00:00+00:00,Synthetic/demo content only.,demo,2026-09-23T00:00:00+00:00,SYNTHETIC_DEMO
NEWS00602,DEMO_NEWS_PLACEHOLDER,,Demo supply-chain disruption article 0602,Synthetic placeholder for pipeline testing. Replace/augment using NewsAPI.,,2026-08-28T22:00:00+00:00,Synthetic/demo content only.,demo,2026-09-23T00:00:00+00:00,SYNTHETIC_DEMO
NEWS00603,DEMO_NEWS_PLACEHOLDER,,Demo supply-chain disruption article 0603,Synthetic placeholder for pipeline testing. Replace/augment using NewsAPI.,,2026-08-28T21:00:00+00:00,Synthetic/demo content only.,demo,2026-09-23T00:00:00+00:00,SYNTHETIC_DEMO
NEWS00604,DEMO_NEWS_PLACEHOLDER,,Demo supply-chain disruption article 0604,Synthetic placeholder for pipeline testing. Replace/augment using NewsAPI.,,2026-08-28T20:00:00+00:00,Synthetic/demo content only.,demo,2026-09-23T00:00:00+00:00,SYNTHETIC_DEMO
NEWS00605,DEMO_NEWS_PLACEHOLDER,,Demo supply-chain disruption article 0605,Synthetic placeholder for pipeline testing. Replace/augment using NewsAPI.,,2026-08-28T19:00:00+00:00,Synthetic/demo content only.,demo,2026-09-23T00:00:00+00:00,SYNTHETIC_DEMO
NEWS00606,DEMO_NEWS_PLACEHOLDER,,Demo supply-chain disruption article 0606,Synthetic placeholder for pipeline testing. Replace/augment using NewsAPI.,,2026-08-28T18:00:00+00:00,Synthetic/demo content only.,demo,2026-09-23T00:00:00+00:00,SYNTHETIC_DEMO
NEWS00607,DEMO_NEWS_PLACEHOLDER,,Demo supply-chain disruption article 0607,Synthetic placeholder for pipeline testing. Replace/augment using NewsAPI.,,2026-08-28T17:00:00+00:00,Synthetic/demo content only.,demo,2026-09-23T00:00:00+00:00,SYNTHETIC_DEMO
NEWS00608,DEMO_NEWS_PLACEHOLDER,,Demo supply-chain disruption article 0608,Synthetic placeholder for pipeline testing. Replace/augment using NewsAPI.,,2026-08-28T16:00:00+00:00,Synthetic/demo content only.,demo,2026-09-23T00:00:00+00:00,SYNTHETIC_DEMO
NEWS00609,DEMO_NEWS_PLACEHOLDER,,Demo supply-chain disruption article 0609,Synthetic placeholder for pipeline testing. Replace/augment using NewsAPI.,,2026-08-28T15:00:00+00:00,Synthetic/demo content only.,demo,2026-09-23T00:00:00+00:00,SYNTHETIC_DEMO
NEWS00610,DEMO_NEWS_PLACEHOLDER,,Demo supply-chain disruption article 0610,Synthetic placeholder for pipeline testing. Replace/augment using NewsAPI.,,2026-08-28T14:00:00+00:00,Synthetic/demo content only.,demo,2026-09-23T00:00:00+00:00,SYNTHETIC_DEMO
NEWS00611,DEMO_NEWS_PLACEHOLDER,,Demo supply-chain disruption article 0611,Synthetic placeholder for pipeline testing. Replace/augment using NewsAPI.,,2026-08-28T13:00:00+00:00,Synthetic/demo content only.,demo,2026-09-23T00:00:00+00:00,SYNTHETIC_DEMO
NEWS00612,DEMO_NEWS_PLACEHOLDER,,Demo supply-chain disruption article 0612,Synthetic placeholder for pipeline testing. Replace/augment using NewsAPI.,,2026-08-28T12:00:00+00:00,Synthetic/demo content only.,demo,2026-09-23T00:00:00+00:00,SYNTHETIC_DEMO
NEWS00613,DEMO_NEWS_PLACEHOLDER,,Demo supply-chain disruption article 0613,Synthetic placeholder for pipeline testing. Replace/augment using NewsAPI.,,2026-08-28T11:00:00+00:00,Synthetic/demo content only.,demo,2026-09-23T00:00:00+00:00,SYNTHETIC_DEMO
NEWS00614,DEMO_NEWS_PLACEHOLDER,,Demo supply-chain disruption article 0614,Synthetic placeholder for pipeline testing. Replace/augment using NewsAPI.,,2026-08-28T10:00:00+00:00,Synthetic/demo content only.,demo,2026-09-23T00:00:00+00:00,SYNTHETIC_DEMO
NEWS00615,DEMO_NEWS_PLACEHOLDER,,Demo supply-chain disruption article 0615,Synthetic placeholder for pipeline testing. Replace/augment using NewsAPI.,,2026-08-28T09:00:00+00:00,Synthetic/demo content only.,demo,2026-09-23T00:00:00+00:00,SYNTHETIC_DEMO
NEWS00616,DEMO_NEWS_PLACEHOLDER,,Demo supply-chain disruption article 0616,Synthetic placeholder for pipeline testing. Replace/augment using NewsAPI.,,2026-08-28T08:00:00+00:00,Synthetic/demo content only.,demo,2026-09-23T00:00:00+00:00,SYNTHETIC_DEMO
NEWS00617,DEMO_NEWS_PLACEHOLDER,,Demo supply-chain disruption article 0617,Synthetic placeholder for pipeline testing. Replace/augment using NewsAPI.,,2026-08-28T07:00:00+00:00,Synthetic/demo content only.,demo,2026-09-23T00:00:00+00:00,SYNTHETIC_DEMO
NEWS00618,DEMO_NEWS_PLACEHOLDER,,Demo supply-chain disruption article 0618,Synthetic placeholder for pipeline testing. Replace/augment using NewsAPI.,,2026-08-28T06:00:00+00:00,Synthetic/demo content only.,demo,2026-09-23T00:00:00+00:00,SYNTHETIC_DEMO
NEWS00619,DEMO_NEWS_PLACEHOLDER,,Demo supply-chain disruption article 0619,Synthetic placeholder for pipeline testing. Replace/augment using NewsAPI.,,2026-08-28T05:00:00+00:00,Synthetic/demo content only.,demo,2026-09-23T00:00:00+00:00,SYNTHETIC_DEMO
NEWS00620,DEMO_NEWS_PLACEHOLDER,,Demo supply-chain disruption article 0620,Synthetic placeholder for pipeline testing. Replace/augment using NewsAPI.,,2026-08-28T04:00:00+00:00,Synthetic/demo content only.,demo,2026-09-23T00:00:00+00:00,SYNTHETIC_DEMO
NEWS00621,DEMO_NEWS_PLACEHOLDER,,Demo supply-chain disruption article 0621,Synthetic placeholder for pipeline testing. Replace/augment using NewsAPI.,,2026-08-28T03:00:00+00:00,Synthetic/demo content only.,demo,2026-09-23T00:00:00+00:00,SYNTHETIC_DEMO
NEWS00622,DEMO_NEWS_PLACEHOLDER,,Demo supply-chain disruption article 0622,Synthetic placeholder for pipeline testing. Replace/augment using NewsAPI.,,2026-08-28T02:00:00+00:00,Synthetic/demo content only.,demo,2026-09-23T00:00:00+00:00,SYNTHETIC_DEMO
NEWS00623,DEMO_NEWS_PLACEHOLDER,,Demo supply-chain disruption article 0623,Synthetic placeholder for pipeline testing. Replace/augment using NewsAPI.,,2026-08-28T01:00:00+00:00,Synthetic/demo content only.,demo,2026-09-23T00:00:00+00:00,SYNTHETIC_DEMO
NEWS00624,DEMO_NEWS_PLACEHOLDER,,Demo supply-chain disruption article 0624,Synthetic placeholder for pipeline testing. Replace/augment using NewsAPI.,,2026-08-28T00:00:00+00:00,Synthetic/demo content only.,demo,2026-09-23T00:00:00+00:00,SYNTHETIC_DEMO
NEWS00625,DEMO_NEWS_PLACEHOLDER,,Demo supply-chain disruption article 0625,Synthetic placeholder for pipeline testing. Replace/augment using NewsAPI.,,2026-08-27T23:00:00+00:00,Synthetic/demo content only.,demo,2026-09-23T00:00:00+00:00,SYNTHETIC_DEMO
NEWS00626,DEMO_NEWS_PLACEHOLDER,,Demo supply-chain disruption article 0626,Synthetic placeholder for pipeline testing. Replace/augment using NewsAPI.,,2026-08-27T22:00:00+00:00,Synthetic/demo content only.,demo,2026-09-23T00:00:00+00:00,SYNTHETIC_DEMO
NEWS00627,DEMO_NEWS_PLACEHOLDER,,Demo supply-chain disruption article 0627,Synthetic placeholder for pipeline testing. Replace/augment using NewsAPI.,,2026-08-27T21:00:00+00:00,Synthetic/demo content only.,demo,2026-09-23T00:00:00+00:00,SYNTHETIC_DEMO
NEWS00628,DEMO_NEWS_PLACEHOLDER,,Demo supply-chain disruption article 0628,Synthetic placeholder for pipeline testing. Replace/augment using NewsAPI.,,2026-08-27T20:00:00+00:00,Synthetic/demo content only.,demo,2026-09-23T00:00:00+00:00,SYNTHETIC_DEMO
NEWS00629,DEMO_NEWS_PLACEHOLDER,,Demo supply-chain disruption article 0629,Synthetic placeholder for pipeline testing. Replace/augment using NewsAPI.,,2026-08-27T19:00:00+00:00,Synthetic/demo content only.,demo,2026-09-23T00:00:00+00:00,SYNTHETIC_DEMO
NEWS00630,DEMO_NEWS_PLACEHOLDER,,Demo supply-chain disruption article 0630,Synthetic placeholder for pipeline testing. Replace/augment using NewsAPI.,,2026-08-27T18:00:00+00:00,Synthetic/demo content only.,demo,2026-09-23T00:00:00+00:00,SYNTHETIC_DEMO
NEWS00631,DEMO_NEWS_PLACEHOLDER,,Demo supply-chain disruption article 0631,Synthetic placeholder for pipeline testing. Replace/augment using NewsAPI.,,2026-08-27T17:00:00+00:00,Synthetic/demo content only.,demo,2026-09-23T00:00:00+00:00,SYNTHETIC_DEMO
NEWS00632,DEMO_NEWS_PLACEHOLDER,,Demo supply-chain disruption article 0632,Synthetic placeholder for pipeline testing. Replace/augment using NewsAPI.,,2026-08-27T16:00:00+00:00,Synthetic/demo content only.,demo,2026-09-23T00:00:00+00:00,SYNTHETIC_DEMO
NEWS00633,DEMO_NEWS_PLACEHOLDER,,Demo supply-chain disruption article 0633,Synthetic placeholder for pipeline testing. Replace/augment using NewsAPI.,,2026-08-27T15:00:00+00:00,Synthetic/demo content only.,demo,2026-09-23T00:00:00+00:00,SYNTHETIC_DEMO
NEWS00634,DEMO_NEWS_PLACEHOLDER,,Demo supply-chain disruption article 0634,Synthetic placeholder for pipeline testing. Replace/augment using NewsAPI.,,2026-08-27T14:00:00+00:00,Synthetic/demo content only.,demo,2026-09-23T00:00:00+00:00,SYNTHETIC_DEMO
NEWS00635,DEMO_NEWS_PLACEHOLDER,,Demo supply-chain disruption article 0635,Synthetic placeholder for pipeline testing. Replace/augment using NewsAPI.,,2026-08-27T13:00:00+00:00,Synthetic/demo content only.,demo,2026-09-23T00:00:00+00:00,SYNTHETIC_DEMO
NEWS00636,DEMO_NEWS_PLACEHOLDER,,Demo supply-chain disruption article 0636,Synthetic placeholder for pipeline testing. Replace/augment using NewsAPI.,,2026-08-27T12:00:00+00:00,Synthetic/demo content only.,demo,2026-09-23T00:00:00+00:00,SYNTHETIC_DEMO
NEWS00637,DEMO_NEWS_PLACEHOLDER,,Demo supply-chain disruption article 0637,Synthetic placeholder for pipeline testing. Replace/augment using NewsAPI.,,2026-08-27T11:00:00+00:00,Synthetic/demo content only.,demo,2026-09-23T00:00:00+00:00,SYNTHETIC_DEMO
NEWS00638,DEMO_NEWS_PLACEHOLDER,,Demo supply-chain disruption article 0638,Synthetic placeholder for pipeline testing. Replace/augment using NewsAPI.,,2026-08-27T10:00:00+00:00,Synthetic/demo content only.,demo,2026-09-23T00:00:00+00:00,SYNTHETIC_DEMO
NEWS00639,DEMO_NEWS_PLACEHOLDER,,Demo supply-chain disruption article 0639,Synthetic placeholder for pipeline testing. Replace/augment using NewsAPI.,,2026-08-27T09:00:00+00:00,Synthetic/demo content only.,demo,2026-09-23T00:00:00+00:00,SYNTHETIC_DEMO
NEWS00640,DEMO_NEWS_PLACEHOLDER,,Demo supply-chain disruption article 0640,Synthetic placeholder for pipeline testing. Replace/augment using NewsAPI.,,2026-08-27T08:00:00+00:00,Synthetic/demo content only.,demo,2026-09-23T00:00:00+00:00,SYNTHETIC_DEMO
NEWS00641,DEMO_NEWS_PLACEHOLDER,,Demo supply-chain disruption article 0641,Synthetic placeholder for pipeline testing. Replace/augment using NewsAPI.,,2026-08-27T07:00:00+00:00,Synthetic/demo content only.,demo,2026-09-23T00:00:00+00:00,SYNTHETIC_DEMO
NEWS00642,DEMO_NEWS_PLACEHOLDER,,Demo supply-chain disruption article 0642,Synthetic placeholder for pipeline testing. Replace/augment using NewsAPI.,,2026-08-27T06:00:00+00:00,Synthetic/demo content only.,demo,2026-09-23T00:00:00+00:00,SYNTHETIC_DEMO
NEWS00643,DEMO_NEWS_PLACEHOLDER,,Demo supply-chain disruption article 0643,Synthetic placeholder for pipeline testing. Replace/augment using NewsAPI.,,2026-08-27T05:00:00+00:00,Synthetic/demo content only.,demo,2026-09-23T00:00:00+00:00,SYNTHETIC_DEMO
NEWS00644,DEMO_NEWS_PLACEHOLDER,,Demo supply-chain disruption article 0644,Synthetic placeholder for pipeline testing. Replace/augment using NewsAPI.,,2026-08-27T04:00:00+00:00,Synthetic/demo content only.,demo,2026-09-23T00:00:00+00:00,SYNTHETIC_DEMO
NEWS00645,DEMO_NEWS_PLACEHOLDER,,Demo supply-chain disruption article 0645,Synthetic placeholder for pipeline testing. Replace/augment using NewsAPI.,,2026-08-27T03:00:00+00:00,Synthetic/demo content only.,demo,2026-09-23T00:00:00+00:00,SYNTHETIC_DEMO
NEWS00646,DEMO_NEWS_PLACEHOLDER,,Demo supply-chain disruption article 0646,Synthetic placeholder for pipeline testing. Replace/augment using NewsAPI.,,2026-08-27T02:00:00+00:00,Synthetic/demo content only.,demo,2026-09-23T00:00:00+00:00,SYNTHETIC_DEMO
NEWS00647,DEMO_NEWS_PLACEHOLDER,,Demo supply-chain disruption article 0647,Synthetic placeholder for pipeline testing. Replace/augment using NewsAPI.,,2026-08-27T01:00:00+00:00,Synthetic/demo content only.,demo,2026-09-23T00:00:00+00:00,SYNTHETIC_DEMO
NEWS00648,DEMO_NEWS_PLACEHOLDER,,Demo supply-chain disruption article 0648,Synthetic placeholder for pipeline testing. Replace/augment using NewsAPI.,,2026-08-27T00:00:00+00:00,Synthetic/demo content only.,demo,2026-09-23T00:00:00+00:00,SYNTHETIC_DEMO
NEWS00649,DEMO_NEWS_PLACEHOLDER,,Demo supply-chain disruption article 0649,Synthetic placeholder for pipeline testing. Replace/augment using NewsAPI.,,2026-08-26T23:00:00+00:00,Synthetic/demo content only.,demo,2026-09-23T00:00:00+00:00,SYNTHETIC_DEMO
NEWS00650,DEMO_NEWS_PLACEHOLDER,,Demo supply-chain disruption article 0650,Synthetic placeholder for pipeline testing. Replace/augment using NewsAPI.,,2026-08-26T22:00:00+00:00,Synthetic/demo content only.,demo,2026-09-23T00:00:00+00:00,SYNTHETIC_DEMO
NEWS00651,DEMO_NEWS_PLACEHOLDER,,Demo supply-chain disruption article 0651,Synthetic placeholder for pipeline testing. Replace/augment using NewsAPI.,,2026-08-26T21:00:00+00:00,Synthetic/demo content only.,demo,2026-09-23T00:00:00+00:00,SYNTHETIC_DEMO
NEWS00652,DEMO_NEWS_PLACEHOLDER,,Demo supply-chain disruption article 0652,Synthetic placeholder for pipeline testing. Replace/augment using NewsAPI.,,2026-08-26T20:00:00+00:00,Synthetic/demo content only.,demo,2026-09-23T00:00:00+00:00,SYNTHETIC_DEMO
NEWS00653,DEMO_NEWS_PLACEHOLDER,,Demo supply-chain disruption article 0653,Synthetic placeholder for pipeline testing. Replace/augment using NewsAPI.,,2026-08-26T19:00:00+00:00,Synthetic/demo content only.,demo,2026-09-23T00:00:00+00:00,SYNTHETIC_DEMO
NEWS00654,DEMO_NEWS_PLACEHOLDER,,Demo supply-chain disruption article 0654,Synthetic placeholder for pipeline testing. Replace/augment using NewsAPI.,,2026-08-26T18:00:00+00:00,Synthetic/demo content only.,demo,2026-09-23T00:00:00+00:00,SYNTHETIC_DEMO
NEWS00655,DEMO_NEWS_PLACEHOLDER,,Demo supply-chain disruption article 0655,Synthetic placeholder for pipeline testing. Replace/augment using NewsAPI.,,2026-08-26T17:00:00+00:00,Synthetic/demo content only.,demo,2026-09-23T00:00:00+00:00,SYNTHETIC_DEMO
NEWS00656,DEMO_NEWS_PLACEHOLDER,,Demo supply-chain disruption article 0656,Synthetic placeholder for pipeline testing. Replace/augment using NewsAPI.,,2026-08-26T16:00:00+00:00,Synthetic/demo content only.,demo,2026-09-23T00:00:00+00:00,SYNTHETIC_DEMO
NEWS00657,DEMO_NEWS_PLACEHOLDER,,Demo supply-chain disruption article 0657,Synthetic placeholder for pipeline testing. Replace/augment using NewsAPI.,,2026-08-26T15:00:00+00:00,Synthetic/demo content only.,demo,2026-09-23T00:00:00+00:00,SYNTHETIC_DEMO
NEWS00658,DEMO_NEWS_PLACEHOLDER,,Demo supply-chain disruption article 0658,Synthetic placeholder for pipeline testing. Replace/augment using NewsAPI.,,2026-08-26T14:00:00+00:00,Synthetic/demo content only.,demo,2026-09-23T00:00:00+00:00,SYNTHETIC_DEMO
NEWS00659,DEMO_NEWS_PLACEHOLDER,,Demo supply-chain disruption article 0659,Synthetic placeholder for pipeline testing. Replace/augment using NewsAPI.,,2026-08-26T13:00:00+00:00,Synthetic/demo content only.,demo,2026-09-23T00:00:00+00:00,SYNTHETIC_DEMO
NEWS00660,DEMO_NEWS_PLACEHOLDER,,Demo supply-chain disruption article 0660,Synthetic placeholder for pipeline testing. Replace/augment using NewsAPI.,,2026-08-26T12:00:00+00:00,Synthetic/demo content only.,demo,2026-09-23T00:00:00+00:00,SYNTHETIC_DEMO
NEWS00661,DEMO_NEWS_PLACEHOLDER,,Demo supply-chain disruption article 0661,Synthetic placeholder for pipeline testing. Replace/augment using NewsAPI.,,2026-08-26T11:00:00+00:00,Synthetic/demo content only.,demo,2026-09-23T00:00:00+00:00,SYNTHETIC_DEMO
NEWS00662,DEMO_NEWS_PLACEHOLDER,,Demo supply-chain disruption article 0662,Synthetic placeholder for pipeline testing. Replace/augment using NewsAPI.,,2026-08-26T10:00:00+00:00,Synthetic/demo content only.,demo,2026-09-23T00:00:00+00:00,SYNTHETIC_DEMO
NEWS00663,DEMO_NEWS_PLACEHOLDER,,Demo supply-chain disruption article 0663,Synthetic placeholder for pipeline testing. Replace/augment using NewsAPI.,,2026-08-26T09:00:00+00:00,Synthetic/demo content only.,demo,2026-09-23T00:00:00+00:00,SYNTHETIC_DEMO
NEWS00664,DEMO_NEWS_PLACEHOLDER,,Demo supply-chain disruption article 0664,Synthetic placeholder for pipeline testing. Replace/augment using NewsAPI.,,2026-08-26T08:00:00+00:00,Synthetic/demo content only.,demo,2026-09-23T00:00:00+00:00,SYNTHETIC_DEMO
NEWS00665,DEMO_NEWS_PLACEHOLDER,,Demo supply-chain disruption article 0665,Synthetic placeholder for pipeline testing. Replace/augment using NewsAPI.,,2026-08-26T07:00:00+00:00,Synthetic/demo content only.,demo,2026-09-23T00:00:00+00:00,SYNTHETIC_DEMO
NEWS00666,DEMO_NEWS_PLACEHOLDER,,Demo supply-chain disruption article 0666,Synthetic placeholder for pipeline testing. Replace/augment using NewsAPI.,,2026-08-26T06:00:00+00:00,Synthetic/demo content only.,demo,2026-09-23T00:00:00+00:00,SYNTHETIC_DEMO
NEWS00667,DEMO_NEWS_PLACEHOLDER,,Demo supply-chain disruption article 0667,Synthetic placeholder for pipeline testing. Replace/augment using NewsAPI.,,2026-08-26T05:00:00+00:00,Synthetic/demo content only.,demo,2026-09-23T00:00:00+00:00,SYNTHETIC_DEMO
NEWS00668,DEMO_NEWS_PLACEHOLDER,,Demo supply-chain disruption article 0668,Synthetic placeholder for pipeline testing. Replace/augment using NewsAPI.,,2026-08-26T04:00:00+00:00,Synthetic/demo content only.,demo,2026-09-23T00:00:00+00:00,SYNTHETIC_DEMO
NEWS00669,DEMO_NEWS_PLACEHOLDER,,Demo supply-chain disruption article 0669,Synthetic placeholder for pipeline testing. Replace/augment using NewsAPI.,,2026-08-26T03:00:00+00:00,Synthetic/demo content only.,demo,2026-09-23T00:00:00+00:00,SYNTHETIC_DEMO
NEWS00670,DEMO_NEWS_PLACEHOLDER,,Demo supply-chain disruption article 0670,Synthetic placeholder for pipeline testing. Replace/augment using NewsAPI.,,2026-08-26T02:00:00+00:00,Synthetic/demo content only.,demo,2026-09-23T00:00:00+00:00,SYNTHETIC_DEMO
NEWS00671,DEMO_NEWS_PLACEHOLDER,,Demo supply-chain disruption article 0671,Synthetic placeholder for pipeline testing. Replace/augment using NewsAPI.,,2026-08-26T01:00:00+00:00,Synthetic/demo content only.,demo,2026-09-23T00:00:00+00:00,SYNTHETIC_DEMO
NEWS00672,DEMO_NEWS_PLACEHOLDER,,Demo supply-chain disruption article 0672,Synthetic placeholder for pipeline testing. Replace/augment using NewsAPI.,,2026-08-26T00:00:00+00:00,Synthetic/demo content only.,demo,2026-09-23T00:00:00+00:00,SYNTHETIC_DEMO
NEWS00673,DEMO_NEWS_PLACEHOLDER,,Demo supply-chain disruption article 0673,Synthetic placeholder for pipeline testing. Replace/augment using NewsAPI.,,2026-08-25T23:00:00+00:00,Synthetic/demo content only.,demo,2026-09-23T00:00:00+00:00,SYNTHETIC_DEMO
NEWS00674,DEMO_NEWS_PLACEHOLDER,,Demo supply-chain disruption article 0674,Synthetic placeholder for pipeline testing. Replace/augment using NewsAPI.,,2026-08-25T22:00:00+00:00,Synthetic/demo content only.,demo,2026-09-23T00:00:00+00:00,SYNTHETIC_DEMO
NEWS00675,DEMO_NEWS_PLACEHOLDER,,Demo supply-chain disruption article 0675,Synthetic placeholder for pipeline testing. Replace/augment using NewsAPI.,,2026-08-25T21:00:00+00:00,Synthetic/demo content only.,demo,2026-09-23T00:00:00+00:00,SYNTHETIC_DEMO
NEWS00676,DEMO_NEWS_PLACEHOLDER,,Demo supply-chain disruption article 0676,Synthetic placeholder for pipeline testing. Replace/augment using NewsAPI.,,2026-08-25T20:00:00+00:00,Synthetic/demo content only.,demo,2026-09-23T00:00:00+00:00,SYNTHETIC_DEMO
NEWS00677,DEMO_NEWS_PLACEHOLDER,,Demo supply-chain disruption article 0677,Synthetic placeholder for pipeline testing. Replace/augment using NewsAPI.,,2026-08-25T19:00:00+00:00,Synthetic/demo content only.,demo,2026-09-23T00:00:00+00:00,SYNTHETIC_DEMO
NEWS00678,DEMO_NEWS_PLACEHOLDER,,Demo supply-chain disruption article 0678,Synthetic placeholder for pipeline testing. Replace/augment using NewsAPI.,,2026-08-25T18:00:00+00:00,Synthetic/demo content only.,demo,2026-09-23T00:00:00+00:00,SYNTHETIC_DEMO
NEWS00679,DEMO_NEWS_PLACEHOLDER,,Demo supply-chain disruption article 0679,Synthetic placeholder for pipeline testing. Replace/augment using NewsAPI.,,2026-08-25T17:00:00+00:00,Synthetic/demo content only.,demo,2026-09-23T00:00:00+00:00,SYNTHETIC_DEMO
NEWS00680,DEMO_NEWS_PLACEHOLDER,,Demo supply-chain disruption article 0680,Synthetic placeholder for pipeline testing. Replace/augment using NewsAPI.,,2026-08-25T16:00:00+00:00,Synthetic/demo content only.,demo,2026-09-23T00:00:00+00:00,SYNTHETIC_DEMO
NEWS00681,DEMO_NEWS_PLACEHOLDER,,Demo supply-chain disruption article 0681,Synthetic placeholder for pipeline testing. Replace/augment using NewsAPI.,,2026-08-25T15:00:00+00:00,Synthetic/demo content only.,demo,2026-09-23T00:00:00+00:00,SYNTHETIC_DEMO
NEWS00682,DEMO_NEWS_PLACEHOLDER,,Demo supply-chain disruption article 0682,Synthetic placeholder for pipeline testing. Replace/augment using NewsAPI.,,2026-08-25T14:00:00+00:00,Synthetic/demo content only.,demo,2026-09-23T00:00:00+00:00,SYNTHETIC_DEMO
NEWS00683,DEMO_NEWS_PLACEHOLDER,,Demo supply-chain disruption article 0683,Synthetic placeholder for pipeline testing. Replace/augment using NewsAPI.,,2026-08-25T13:00:00+00:00,Synthetic/demo content only.,demo,2026-09-23T00:00:00+00:00,SYNTHETIC_DEMO
NEWS00684,DEMO_NEWS_PLACEHOLDER,,Demo supply-chain disruption article 0684,Synthetic placeholder for pipeline testing. Replace/augment using NewsAPI.,,2026-08-25T12:00:00+00:00,Synthetic/demo content only.,demo,2026-09-23T00:00:00+00:00,SYNTHETIC_DEMO
NEWS00685,DEMO_NEWS_PLACEHOLDER,,Demo supply-chain disruption article 0685,Synthetic placeholder for pipeline testing. Replace/augment using NewsAPI.,,2026-08-25T11:00:00+00:00,Synthetic/demo content only.,demo,2026-09-23T00:00:00+00:00,SYNTHETIC_DEMO
NEWS00686,DEMO_NEWS_PLACEHOLDER,,Demo supply-chain disruption article 0686,Synthetic placeholder for pipeline testing. Replace/augment using NewsAPI.,,2026-08-25T10:00:00+00:00,Synthetic/demo content only.,demo,2026-09-23T00:00:00+00:00,SYNTHETIC_DEMO
NEWS00687,DEMO_NEWS_PLACEHOLDER,,Demo supply-chain disruption article 0687,Synthetic placeholder for pipeline testing. Replace/augment using NewsAPI.,,2026-08-25T09:00:00+00:00,Synthetic/demo content only.,demo,2026-09-23T00:00:00+00:00,SYNTHETIC_DEMO
NEWS00688,DEMO_NEWS_PLACEHOLDER,,Demo supply-chain disruption article 0688,Synthetic placeholder for pipeline testing. Replace/augment using NewsAPI.,,2026-08-25T08:00:00+00:00,Synthetic/demo content only.,demo,2026-09-23T00:00:00+00:00,SYNTHETIC_DEMO
NEWS00689,DEMO_NEWS_PLACEHOLDER,,Demo supply-chain disruption article 0689,Synthetic placeholder for pipeline testing. Replace/augment using NewsAPI.,,2026-08-25T07:00:00+00:00,Synthetic/demo content only.,demo,2026-09-23T00:00:00+00:00,SYNTHETIC_DEMO
NEWS00690,DEMO_NEWS_PLACEHOLDER,,Demo supply-chain disruption article 0690,Synthetic placeholder for pipeline testing. Replace/augment using NewsAPI.,,2026-08-25T06:00:00+00:00,Synthetic/demo content only.,demo,2026-09-23T00:00:00+00:00,SYNTHETIC_DEMO
NEWS00691,DEMO_NEWS_PLACEHOLDER,,Demo supply-chain disruption article 0691,Synthetic placeholder for pipeline testing. Replace/augment using NewsAPI.,,2026-08-25T05:00:00+00:00,Synthetic/demo content only.,demo,2026-09-23T00:00:00+00:00,SYNTHETIC_DEMO
NEWS00692,DEMO_NEWS_PLACEHOLDER,,Demo supply-chain disruption article 0692,Synthetic placeholder for pipeline testing. Replace/augment using NewsAPI.,,2026-08-25T04:00:00+00:00,Synthetic/demo content only.,demo,2026-09-23T00:00:00+00:00,SYNTHETIC_DEMO
NEWS00693,DEMO_NEWS_PLACEHOLDER,,Demo supply-chain disruption article 0693,Synthetic placeholder for pipeline testing. Replace/augment using NewsAPI.,,2026-08-25T03:00:00+00:00,Synthetic/demo content only.,demo,2026-09-23T00:00:00+00:00,SYNTHETIC_DEMO
NEWS00694,DEMO_NEWS_PLACEHOLDER,,Demo supply-chain disruption article 0694,Synthetic placeholder for pipeline testing. Replace/augment using NewsAPI.,,2026-08-25T02:00:00+00:00,Synthetic/demo content only.,demo,2026-09-23T00:00:00+00:00,SYNTHETIC_DEMO
NEWS00695,DEMO_NEWS_PLACEHOLDER,,Demo supply-chain disruption article 0695,Synthetic placeholder for pipeline testing. Replace/augment using NewsAPI.,,2026-08-25T01:00:00+00:00,Synthetic/demo content only.,demo,2026-09-23T00:00:00+00:00,SYNTHETIC_DEMO
NEWS00696,DEMO_NEWS_PLACEHOLDER,,Demo supply-chain disruption article 0696,Synthetic placeholder for pipeline testing. Replace/augment using NewsAPI.,,2026-08-25T00:00:00+00:00,Synthetic/demo content only.,demo,2026-09-23T00:00:00+00:00,SYNTHETIC_DEMO
NEWS00697,DEMO_NEWS_PLACEHOLDER,,Demo supply-chain disruption article 0697,Synthetic placeholder for pipeline testing. Replace/augment using NewsAPI.,,2026-08-24T23:00:00+00:00,Synthetic/demo content only.,demo,2026-09-23T00:00:00+00:00,SYNTHETIC_DEMO
NEWS00698,DEMO_NEWS_PLACEHOLDER,,Demo supply-chain disruption article 0698,Synthetic placeholder for pipeline testing. Replace/augment using NewsAPI.,,2026-08-24T22:00:00+00:00,Synthetic/demo content only.,demo,2026-09-23T00:00:00+00:00,SYNTHETIC_DEMO
NEWS00699,DEMO_NEWS_PLACEHOLDER,,Demo supply-chain disruption article 0699,Synthetic placeholder for pipeline testing. Replace/augment using NewsAPI.,,2026-08-24T21:00:00+00:00,Synthetic/demo content only.,demo,2026-09-23T00:00:00+00:00,SYNTHETIC_DEMO
NEWS00700,DEMO_NEWS_PLACEHOLDER,,Demo supply-chain disruption article 0700,Synthetic placeholder for pipeline testing. Replace/augment using NewsAPI.,,2026-08-24T20:00:00+00:00,Synthetic/demo content only.,demo,2026-09-23T00:00:00+00:00,SYNTHETIC_DEMO
NEWS00701,DEMO_NEWS_PLACEHOLDER,,Demo supply-chain disruption article 0701,Synthetic placeholder for pipeline testing. Replace/augment using NewsAPI.,,2026-08-24T19:00:00+00:00,Synthetic/demo content only.,demo,2026-09-23T00:00:00+00:00,SYNTHETIC_DEMO
NEWS00702,DEMO_NEWS_PLACEHOLDER,,Demo supply-chain disruption article 0702,Synthetic placeholder for pipeline testing. Replace/augment using NewsAPI.,,2026-08-24T18:00:00+00:00,Synthetic/demo content only.,demo,2026-09-23T00:00:00+00:00,SYNTHETIC_DEMO
NEWS00703,DEMO_NEWS_PLACEHOLDER,,Demo supply-chain disruption article 0703,Synthetic placeholder for pipeline testing. Replace/augment using NewsAPI.,,2026-08-24T17:00:00+00:00,Synthetic/demo content only.,demo,2026-09-23T00:00:00+00:00,SYNTHETIC_DEMO
NEWS00704,DEMO_NEWS_PLACEHOLDER,,Demo supply-chain disruption article 0704,Synthetic placeholder for pipeline testing. Replace/augment using NewsAPI.,,2026-08-24T16:00:00+00:00,Synthetic/demo content only.,demo,2026-09-23T00:00:00+00:00,SYNTHETIC_DEMO
NEWS00705,DEMO_NEWS_PLACEHOLDER,,Demo supply-chain disruption article 0705,Synthetic placeholder for pipeline testing. Replace/augment using NewsAPI.,,2026-08-24T15:00:00+00:00,Synthetic/demo content only.,demo,2026-09-23T00:00:00+00:00,SYNTHETIC_DEMO
NEWS00706,DEMO_NEWS_PLACEHOLDER,,Demo supply-chain disruption article 0706,Synthetic placeholder for pipeline testing. Replace/augment using NewsAPI.,,2026-08-24T14:00:00+00:00,Synthetic/demo content only.,demo,2026-09-23T00:00:00+00:00,SYNTHETIC_DEMO
NEWS00707,DEMO_NEWS_PLACEHOLDER,,Demo supply-chain disruption article 0707,Synthetic placeholder for pipeline testing. Replace/augment using NewsAPI.,,2026-08-24T13:00:00+00:00,Synthetic/demo content only.,demo,2026-09-23T00:00:00+00:00,SYNTHETIC_DEMO
NEWS00708,DEMO_NEWS_PLACEHOLDER,,Demo supply-chain disruption article 0708,Synthetic placeholder for pipeline testing. Replace/augment using NewsAPI.,,2026-08-24T12:00:00+00:00,Synthetic/demo content only.,demo,2026-09-23T00:00:00+00:00,SYNTHETIC_DEMO
NEWS00709,DEMO_NEWS_PLACEHOLDER,,Demo supply-chain disruption article 0709,Synthetic placeholder for pipeline testing. Replace/augment using NewsAPI.,,2026-08-24T11:00:00+00:00,Synthetic/demo content only.,demo,2026-09-23T00:00:00+00:00,SYNTHETIC_DEMO
NEWS00710,DEMO_NEWS_PLACEHOLDER,,Demo supply-chain disruption article 0710,Synthetic placeholder for pipeline testing. Replace/augment using NewsAPI.,,2026-08-24T10:00:00+00:00,Synthetic/demo content only.,demo,2026-09-23T00:00:00+00:00,SYNTHETIC_DEMO
NEWS00711,DEMO_NEWS_PLACEHOLDER,,Demo supply-chain disruption article 0711,Synthetic placeholder for pipeline testing. Replace/augment using NewsAPI.,,2026-08-24T09:00:00+00:00,Synthetic/demo content only.,demo,2026-09-23T00:00:00+00:00,SYNTHETIC_DEMO
NEWS00712,DEMO_NEWS_PLACEHOLDER,,Demo supply-chain disruption article 0712,Synthetic placeholder for pipeline testing. Replace/augment using NewsAPI.,,2026-08-24T08:00:00+00:00,Synthetic/demo content only.,demo,2026-09-23T00:00:00+00:00,SYNTHETIC_DEMO
NEWS00713,DEMO_NEWS_PLACEHOLDER,,Demo supply-chain disruption article 0713,Synthetic placeholder for pipeline testing. Replace/augment using NewsAPI.,,2026-08-24T07:00:00+00:00,Synthetic/demo content only.,demo,2026-09-23T00:00:00+00:00,SYNTHETIC_DEMO
NEWS00714,DEMO_NEWS_PLACEHOLDER,,Demo supply-chain disruption article 0714,Synthetic placeholder for pipeline testing. Replace/augment using NewsAPI.,,2026-08-24T06:00:00+00:00,Synthetic/demo content only.,demo,2026-09-23T00:00:00+00:00,SYNTHETIC_DEMO
NEWS00715,DEMO_NEWS_PLACEHOLDER,,Demo supply-chain disruption article 0715,Synthetic placeholder for pipeline testing. Replace/augment using NewsAPI.,,2026-08-24T05:00:00+00:00,Synthetic/demo content only.,demo,2026-09-23T00:00:00+00:00,SYNTHETIC_DEMO
NEWS00716,DEMO_NEWS_PLACEHOLDER,,Demo supply-chain disruption article 0716,Synthetic placeholder for pipeline testing. Replace/augment using NewsAPI.,,2026-08-24T04:00:00+00:00,Synthetic/demo content only.,demo,2026-09-23T00:00:00+00:00,SYNTHETIC_DEMO
NEWS00717,DEMO_NEWS_PLACEHOLDER,,Demo supply-chain disruption article 0717,Synthetic placeholder for pipeline testing. Replace/augment using NewsAPI.,,2026-08-24T03:00:00+00:00,Synthetic/demo content only.,demo,2026-09-23T00:00:00+00:00,SYNTHETIC_DEMO
NEWS00718,DEMO_NEWS_PLACEHOLDER,,Demo supply-chain disruption article 0718,Synthetic placeholder for pipeline testing. Replace/augment using NewsAPI.,,2026-08-24T02:00:00+00:00,Synthetic/demo content only.,demo,2026-09-23T00:00:00+00:00,SYNTHETIC_DEMO
NEWS00719,DEMO_NEWS_PLACEHOLDER,,Demo supply-chain disruption article 0719,Synthetic placeholder for pipeline testing. Replace/augment using NewsAPI.,,2026-08-24T01:00:00+00:00,Synthetic/demo content only.,demo,2026-09-23T00:00:00+00:00,SYNTHETIC_DEMO
NEWS00720,DEMO_NEWS_PLACEHOLDER,,Demo supply-chain disruption article 0720,Synthetic placeholder for pipeline testing. Replace/augment using NewsAPI.,,2026-09-23T00:00:00+00:00,Synthetic/demo content only.,demo,2026-09-23T00:00:00+00:00,SYNTHETIC_DEMO
NEWS00721,DEMO_NEWS_PLACEHOLDER,,Demo supply-chain disruption article 0721,Synthetic placeholder for pipeline testing. Replace/augment using NewsAPI.,,2026-09-22T23:00:00+00:00,Synthetic/demo content only.,demo,2026-09-23T00:00:00+00:00,SYNTHETIC_DEMO
NEWS00722,DEMO_NEWS_PLACEHOLDER,,Demo supply-chain disruption article 0722,Synthetic placeholder for pipeline testing. Replace/augment using NewsAPI.,,2026-09-22T22:00:00+00:00,Synthetic/demo content only.,demo,2026-09-23T00:00:00+00:00,SYNTHETIC_DEMO
NEWS00723,DEMO_NEWS_PLACEHOLDER,,Demo supply-chain disruption article 0723,Synthetic placeholder for pipeline testing. Replace/augment using NewsAPI.,,2026-09-22T21:00:00+00:00,Synthetic/demo content only.,demo,2026-09-23T00:00:00+00:00,SYNTHETIC_DEMO
NEWS00724,DEMO_NEWS_PLACEHOLDER,,Demo supply-chain disruption article 0724,Synthetic placeholder for pipeline testing. Replace/augment using NewsAPI.,,2026-09-22T20:00:00+00:00,Synthetic/demo content only.,demo,2026-09-23T00:00:00+00:00,SYNTHETIC_DEMO
NEWS00725,DEMO_NEWS_PLACEHOLDER,,Demo supply-chain disruption article 0725,Synthetic placeholder for pipeline testing. Replace/augment using NewsAPI.,,2026-09-22T19:00:00+00:00,Synthetic/demo content only.,demo,2026-09-23T00:00:00+00:00,SYNTHETIC_DEMO
NEWS00726,DEMO_NEWS_PLACEHOLDER,,Demo supply-chain disruption article 0726,Synthetic placeholder for pipeline testing. Replace/augment using NewsAPI.,,2026-09-22T18:00:00+00:00,Synthetic/demo content only.,demo,2026-09-23T00:00:00+00:00,SYNTHETIC_DEMO
NEWS00727,DEMO_NEWS_PLACEHOLDER,,Demo supply-chain disruption article 0727,Synthetic placeholder for pipeline testing. Replace/augment using NewsAPI.,,2026-09-22T17:00:00+00:00,Synthetic/demo content only.,demo,2026-09-23T00:00:00+00:00,SYNTHETIC_DEMO
NEWS00728,DEMO_NEWS_PLACEHOLDER,,Demo supply-chain disruption article 0728,Synthetic placeholder for pipeline testing. Replace/augment using NewsAPI.,,2026-09-22T16:00:00+00:00,Synthetic/demo content only.,demo,2026-09-23T00:00:00+00:00,SYNTHETIC_DEMO
NEWS00729,DEMO_NEWS_PLACEHOLDER,,Demo supply-chain disruption article 0729,Synthetic placeholder for pipeline testing. Replace/augment using NewsAPI.,,2026-09-22T15:00:00+00:00,Synthetic/demo content only.,demo,2026-09-23T00:00:00+00:00,SYNTHETIC_DEMO
NEWS00730,DEMO_NEWS_PLACEHOLDER,,Demo supply-chain disruption article 0730,Synthetic placeholder for pipeline testing. Replace/augment using NewsAPI.,,2026-09-22T14:00:00+00:00,Synthetic/demo content only.,demo,2026-09-23T00:00:00+00:00,SYNTHETIC_DEMO
NEWS00731,DEMO_NEWS_PLACEHOLDER,,Demo supply-chain disruption article 0731,Synthetic placeholder for pipeline testing. Replace/augment using NewsAPI.,,2026-09-22T13:00:00+00:00,Synthetic/demo content only.,demo,2026-09-23T00:00:00+00:00,SYNTHETIC_DEMO
NEWS00732,DEMO_NEWS_PLACEHOLDER,,Demo supply-chain disruption article 0732,Synthetic placeholder for pipeline testing. Replace/augment using NewsAPI.,,2026-09-22T12:00:00+00:00,Synthetic/demo content only.,demo,2026-09-23T00:00:00+00:00,SYNTHETIC_DEMO
NEWS00733,DEMO_NEWS_PLACEHOLDER,,Demo supply-chain disruption article 0733,Synthetic placeholder for pipeline testing. Replace/augment using NewsAPI.,,2026-09-22T11:00:00+00:00,Synthetic/demo content only.,demo,2026-09-23T00:00:00+00:00,SYNTHETIC_DEMO
NEWS00734,DEMO_NEWS_PLACEHOLDER,,Demo supply-chain disruption article 0734,Synthetic placeholder for pipeline testing. Replace/augment using NewsAPI.,,2026-09-22T10:00:00+00:00,Synthetic/demo content only.,demo,2026-09-23T00:00:00+00:00,SYNTHETIC_DEMO
NEWS00735,DEMO_NEWS_PLACEHOLDER,,Demo supply-chain disruption article 0735,Synthetic placeholder for pipeline testing. Replace/augment using NewsAPI.,,2026-09-22T09:00:00+00:00,Synthetic/demo content only.,demo,2026-09-23T00:00:00+00:00,SYNTHETIC_DEMO
NEWS00736,DEMO_NEWS_PLACEHOLDER,,Demo supply-chain disruption article 0736,Synthetic placeholder for pipeline testing. Replace/augment using NewsAPI.,,2026-09-22T08:00:00+00:00,Synthetic/demo content only.,demo,2026-09-23T00:00:00+00:00,SYNTHETIC_DEMO
NEWS00737,DEMO_NEWS_PLACEHOLDER,,Demo supply-chain disruption article 0737,Synthetic placeholder for pipeline testing. Replace/augment using NewsAPI.,,2026-09-22T07:00:00+00:00,Synthetic/demo content only.,demo,2026-09-23T00:00:00+00:00,SYNTHETIC_DEMO
NEWS00738,DEMO_NEWS_PLACEHOLDER,,Demo supply-chain disruption article 0738,Synthetic placeholder for pipeline testing. Replace/augment using NewsAPI.,,2026-09-22T06:00:00+00:00,Synthetic/demo content only.,demo,2026-09-23T00:00:00+00:00,SYNTHETIC_DEMO
NEWS00739,DEMO_NEWS_PLACEHOLDER,,Demo supply-chain disruption article 0739,Synthetic placeholder for pipeline testing. Replace/augment using NewsAPI.,,2026-09-22T05:00:00+00:00,Synthetic/demo content only.,demo,2026-09-23T00:00:00+00:00,SYNTHETIC_DEMO
NEWS00740,DEMO_NEWS_PLACEHOLDER,,Demo supply-chain disruption article 0740,Synthetic placeholder for pipeline testing. Replace/augment using NewsAPI.,,2026-09-22T04:00:00+00:00,Synthetic/demo content only.,demo,2026-09-23T00:00:00+00:00,SYNTHETIC_DEMO
NEWS00741,DEMO_NEWS_PLACEHOLDER,,Demo supply-chain disruption article 0741,Synthetic placeholder for pipeline testing. Replace/augment using NewsAPI.,,2026-09-22T03:00:00+00:00,Synthetic/demo content only.,demo,2026-09-23T00:00:00+00:00,SYNTHETIC_DEMO
NEWS00742,DEMO_NEWS_PLACEHOLDER,,Demo supply-chain disruption article 0742,Synthetic placeholder for pipeline testing. Replace/augment using NewsAPI.,,2026-09-22T02:00:00+00:00,Synthetic/demo content only.,demo,2026-09-23T00:00:00+00:00,SYNTHETIC_DEMO
NEWS00743,DEMO_NEWS_PLACEHOLDER,,Demo supply-chain disruption article 0743,Synthetic placeholder for pipeline testing. Replace/augment using NewsAPI.,,2026-09-22T01:00:00+00:00,Synthetic/demo content only.,demo,2026-09-23T00:00:00+00:00,SYNTHETIC_DEMO
NEWS00744,DEMO_NEWS_PLACEHOLDER,,Demo supply-chain disruption article 0744,Synthetic placeholder for pipeline testing. Replace/augment using NewsAPI.,,2026-09-22T00:00:00+00:00,Synthetic/demo content only.,demo,2026-09-23T00:00:00+00:00,SYNTHETIC_DEMO
NEWS00745,DEMO_NEWS_PLACEHOLDER,,Demo supply-chain disruption article 0745,Synthetic placeholder for pipeline testing. Replace/augment using NewsAPI.,,2026-09-21T23:00:00+00:00,Synthetic/demo content only.,demo,2026-09-23T00:00:00+00:00,SYNTHETIC_DEMO
NEWS00746,DEMO_NEWS_PLACEHOLDER,,Demo supply-chain disruption article 0746,Synthetic placeholder for pipeline testing. Replace/augment using NewsAPI.,,2026-09-21T22:00:00+00:00,Synthetic/demo content only.,demo,2026-09-23T00:00:00+00:00,SYNTHETIC_DEMO
NEWS00747,DEMO_NEWS_PLACEHOLDER,,Demo supply-chain disruption article 0747,Synthetic placeholder for pipeline testing. Replace/augment using NewsAPI.,,2026-09-21T21:00:00+00:00,Synthetic/demo content only.,demo,2026-09-23T00:00:00+00:00,SYNTHETIC_DEMO
NEWS00748,DEMO_NEWS_PLACEHOLDER,,Demo supply-chain disruption article 0748,Synthetic placeholder for pipeline testing. Replace/augment using NewsAPI.,,2026-09-21T20:00:00+00:00,Synthetic/demo content only.,demo,2026-09-23T00:00:00+00:00,SYNTHETIC_DEMO
NEWS00749,DEMO_NEWS_PLACEHOLDER,,Demo supply-chain disruption article 0749,Synthetic placeholder for pipeline testing. Replace/augment using NewsAPI.,,2026-09-21T19:00:00+00:00,Synthetic/demo content only.,demo,2026-09-23T00:00:00+00:00,SYNTHETIC_DEMO
NEWS00750,DEMO_NEWS_PLACEHOLDER,,Demo supply-chain disruption article 0750,Synthetic placeholder for pipeline testing. Replace/augment using NewsAPI.,,2026-09-21T18:00:00+00:00,Synthetic/demo content only.,demo,2026-09-23T00:00:00+00:00,SYNTHETIC_DEMO
NEWS00751,DEMO_NEWS_PLACEHOLDER,,Demo supply-chain disruption article 0751,Synthetic placeholder for pipeline testing. Replace/augment using NewsAPI.,,2026-09-21T17:00:00+00:00,Synthetic/demo content only.,demo,2026-09-23T00:00:00+00:00,SYNTHETIC_DEMO
NEWS00752,DEMO_NEWS_PLACEHOLDER,,Demo supply-chain disruption article 0752,Synthetic placeholder for pipeline testing. Replace/augment using NewsAPI.,,2026-09-21T16:00:00+00:00,Synthetic/demo content only.,demo,2026-09-23T00:00:00+00:00,SYNTHETIC_DEMO
NEWS00753,DEMO_NEWS_PLACEHOLDER,,Demo supply-chain disruption article 0753,Synthetic placeholder for pipeline testing. Replace/augment using NewsAPI.,,2026-09-21T15:00:00+00:00,Synthetic/demo content only.,demo,2026-09-23T00:00:00+00:00,SYNTHETIC_DEMO
NEWS00754,DEMO_NEWS_PLACEHOLDER,,Demo supply-chain disruption article 0754,Synthetic placeholder for pipeline testing. Replace/augment using NewsAPI.,,2026-09-21T14:00:00+00:00,Synthetic/demo content only.,demo,2026-09-23T00:00:00+00:00,SYNTHETIC_DEMO
NEWS00755,DEMO_NEWS_PLACEHOLDER,,Demo supply-chain disruption article 0755,Synthetic placeholder for pipeline testing. Replace/augment using NewsAPI.,,2026-09-21T13:00:00+00:00,Synthetic/demo content only.,demo,2026-09-23T00:00:00+00:00,SYNTHETIC_DEMO
NEWS00756,DEMO_NEWS_PLACEHOLDER,,Demo supply-chain disruption article 0756,Synthetic placeholder for pipeline testing. Replace/augment using NewsAPI.,,2026-09-21T12:00:00+00:00,Synthetic/demo content only.,demo,2026-09-23T00:00:00+00:00,SYNTHETIC_DEMO
NEWS00757,DEMO_NEWS_PLACEHOLDER,,Demo supply-chain disruption article 0757,Synthetic placeholder for pipeline testing. Replace/augment using NewsAPI.,,2026-09-21T11:00:00+00:00,Synthetic/demo content only.,demo,2026-09-23T00:00:00+00:00,SYNTHETIC_DEMO
NEWS00758,DEMO_NEWS_PLACEHOLDER,,Demo supply-chain disruption article 0758,Synthetic placeholder for pipeline testing. Replace/augment using NewsAPI.,,2026-09-21T10:00:00+00:00,Synthetic/demo content only.,demo,2026-09-23T00:00:00+00:00,SYNTHETIC_DEMO
NEWS00759,DEMO_NEWS_PLACEHOLDER,,Demo supply-chain disruption article 0759,Synthetic placeholder for pipeline testing. Replace/augment using NewsAPI.,,2026-09-21T09:00:00+00:00,Synthetic/demo content only.,demo,2026-09-23T00:00:00+00:00,SYNTHETIC_DEMO
NEWS00760,DEMO_NEWS_PLACEHOLDER,,Demo supply-chain disruption article 0760,Synthetic placeholder for pipeline testing. Replace/augment using NewsAPI.,,2026-09-21T08:00:00+00:00,Synthetic/demo content only.,demo,2026-09-23T00:00:00+00:00,SYNTHETIC_DEMO
NEWS00761,DEMO_NEWS_PLACEHOLDER,,Demo supply-chain disruption article 0761,Synthetic placeholder for pipeline testing. Replace/augment using NewsAPI.,,2026-09-21T07:00:00+00:00,Synthetic/demo content only.,demo,2026-09-23T00:00:00+00:00,SYNTHETIC_DEMO
NEWS00762,DEMO_NEWS_PLACEHOLDER,,Demo supply-chain disruption article 0762,Synthetic placeholder for pipeline testing. Replace/augment using NewsAPI.,,2026-09-21T06:00:00+00:00,Synthetic/demo content only.,demo,2026-09-23T00:00:00+00:00,SYNTHETIC_DEMO
NEWS00763,DEMO_NEWS_PLACEHOLDER,,Demo supply-chain disruption article 0763,Synthetic placeholder for pipeline testing. Replace/augment using NewsAPI.,,2026-09-21T05:00:00+00:00,Synthetic/demo content only.,demo,2026-09-23T00:00:00+00:00,SYNTHETIC_DEMO
NEWS00764,DEMO_NEWS_PLACEHOLDER,,Demo supply-chain disruption article 0764,Synthetic placeholder for pipeline testing. Replace/augment using NewsAPI.,,2026-09-21T04:00:00+00:00,Synthetic/demo content only.,demo,2026-09-23T00:00:00+00:00,SYNTHETIC_DEMO
NEWS00765,DEMO_NEWS_PLACEHOLDER,,Demo supply-chain disruption article 0765,Synthetic placeholder for pipeline testing. Replace/augment using NewsAPI.,,2026-09-21T03:00:00+00:00,Synthetic/demo content only.,demo,2026-09-23T00:00:00+00:00,SYNTHETIC_DEMO
NEWS00766,DEMO_NEWS_PLACEHOLDER,,Demo supply-chain disruption article 0766,Synthetic placeholder for pipeline testing. Replace/augment using NewsAPI.,,2026-09-21T02:00:00+00:00,Synthetic/demo content only.,demo,2026-09-23T00:00:00+00:00,SYNTHETIC_DEMO
NEWS00767,DEMO_NEWS_PLACEHOLDER,,Demo supply-chain disruption article 0767,Synthetic placeholder for pipeline testing. Replace/augment using NewsAPI.,,2026-09-21T01:00:00+00:00,Synthetic/demo content only.,demo,2026-09-23T00:00:00+00:00,SYNTHETIC_DEMO
NEWS00768,DEMO_NEWS_PLACEHOLDER,,Demo supply-chain disruption article 0768,Synthetic placeholder for pipeline testing. Replace/augment using NewsAPI.,,2026-09-21T00:00:00+00:00,Synthetic/demo content only.,demo,2026-09-23T00:00:00+00:00,SYNTHETIC_DEMO
NEWS00769,DEMO_NEWS_PLACEHOLDER,,Demo supply-chain disruption article 0769,Synthetic placeholder for pipeline testing. Replace/augment using NewsAPI.,,2026-09-20T23:00:00+00:00,Synthetic/demo content only.,demo,2026-09-23T00:00:00+00:00,SYNTHETIC_DEMO
NEWS00770,DEMO_NEWS_PLACEHOLDER,,Demo supply-chain disruption article 0770,Synthetic placeholder for pipeline testing. Replace/augment using NewsAPI.,,2026-09-20T22:00:00+00:00,Synthetic/demo content only.,demo,2026-09-23T00:00:00+00:00,SYNTHETIC_DEMO
NEWS00771,DEMO_NEWS_PLACEHOLDER,,Demo supply-chain disruption article 0771,Synthetic placeholder for pipeline testing. Replace/augment using NewsAPI.,,2026-09-20T21:00:00+00:00,Synthetic/demo content only.,demo,2026-09-23T00:00:00+00:00,SYNTHETIC_DEMO
NEWS00772,DEMO_NEWS_PLACEHOLDER,,Demo supply-chain disruption article 0772,Synthetic placeholder for pipeline testing. Replace/augment using NewsAPI.,,2026-09-20T20:00:00+00:00,Synthetic/demo content only.,demo,2026-09-23T00:00:00+00:00,SYNTHETIC_DEMO
NEWS00773,DEMO_NEWS_PLACEHOLDER,,Demo supply-chain disruption article 0773,Synthetic placeholder for pipeline testing. Replace/augment using NewsAPI.,,2026-09-20T19:00:00+00:00,Synthetic/demo content only.,demo,2026-09-23T00:00:00+00:00,SYNTHETIC_DEMO
NEWS00774,DEMO_NEWS_PLACEHOLDER,,Demo supply-chain disruption article 0774,Synthetic placeholder for pipeline testing. Replace/augment using NewsAPI.,,2026-09-20T18:00:00+00:00,Synthetic/demo content only.,demo,2026-09-23T00:00:00+00:00,SYNTHETIC_DEMO
NEWS00775,DEMO_NEWS_PLACEHOLDER,,Demo supply-chain disruption article 0775,Synthetic placeholder for pipeline testing. Replace/augment using NewsAPI.,,2026-09-20T17:00:00+00:00,Synthetic/demo content only.,demo,2026-09-23T00:00:00+00:00,SYNTHETIC_DEMO
NEWS00776,DEMO_NEWS_PLACEHOLDER,,Demo supply-chain disruption article 0776,Synthetic placeholder for pipeline testing. Replace/augment using NewsAPI.,,2026-09-20T16:00:00+00:00,Synthetic/demo content only.,demo,2026-09-23T00:00:00+00:00,SYNTHETIC_DEMO
NEWS00777,DEMO_NEWS_PLACEHOLDER,,Demo supply-chain disruption article 0777,Synthetic placeholder for pipeline testing. Replace/augment using NewsAPI.,,2026-09-20T15:00:00+00:00,Synthetic/demo content only.,demo,2026-09-23T00:00:00+00:00,SYNTHETIC_DEMO
NEWS00778,DEMO_NEWS_PLACEHOLDER,,Demo supply-chain disruption article 0778,Synthetic placeholder for pipeline testing. Replace/augment using NewsAPI.,,2026-09-20T14:00:00+00:00,Synthetic/demo content only.,demo,2026-09-23T00:00:00+00:00,SYNTHETIC_DEMO
NEWS00779,DEMO_NEWS_PLACEHOLDER,,Demo supply-chain disruption article 0779,Synthetic placeholder for pipeline testing. Replace/augment using NewsAPI.,,2026-09-20T13:00:00+00:00,Synthetic/demo content only.,demo,2026-09-23T00:00:00+00:00,SYNTHETIC_DEMO
NEWS00780,DEMO_NEWS_PLACEHOLDER,,Demo supply-chain disruption article 0780,Synthetic placeholder for pipeline testing. Replace/augment using NewsAPI.,,2026-09-20T12:00:00+00:00,Synthetic/demo content only.,demo,2026-09-23T00:00:00+00:00,SYNTHETIC_DEMO
NEWS00781,DEMO_NEWS_PLACEHOLDER,,Demo supply-chain disruption article 0781,Synthetic placeholder for pipeline testing. Replace/augment using NewsAPI.,,2026-09-20T11:00:00+00:00,Synthetic/demo content only.,demo,2026-09-23T00:00:00+00:00,SYNTHETIC_DEMO
NEWS00782,DEMO_NEWS_PLACEHOLDER,,Demo supply-chain disruption article 0782,Synthetic placeholder for pipeline testing. Replace/augment using NewsAPI.,,2026-09-20T10:00:00+00:00,Synthetic/demo content only.,demo,2026-09-23T00:00:00+00:00,SYNTHETIC_DEMO
NEWS00783,DEMO_NEWS_PLACEHOLDER,,Demo supply-chain disruption article 0783,Synthetic placeholder for pipeline testing. Replace/augment using NewsAPI.,,2026-09-20T09:00:00+00:00,Synthetic/demo content only.,demo,2026-09-23T00:00:00+00:00,SYNTHETIC_DEMO
NEWS00784,DEMO_NEWS_PLACEHOLDER,,Demo supply-chain disruption article 0784,Synthetic placeholder for pipeline testing. Replace/augment using NewsAPI.,,2026-09-20T08:00:00+00:00,Synthetic/demo content only.,demo,2026-09-23T00:00:00+00:00,SYNTHETIC_DEMO
NEWS00785,DEMO_NEWS_PLACEHOLDER,,Demo supply-chain disruption article 0785,Synthetic placeholder for pipeline testing. Replace/augment using NewsAPI.,,2026-09-20T07:00:00+00:00,Synthetic/demo content only.,demo,2026-09-23T00:00:00+00:00,SYNTHETIC_DEMO
NEWS00786,DEMO_NEWS_PLACEHOLDER,,Demo supply-chain disruption article 0786,Synthetic placeholder for pipeline testing. Replace/augment using NewsAPI.,,2026-09-20T06:00:00+00:00,Synthetic/demo content only.,demo,2026-09-23T00:00:00+00:00,SYNTHETIC_DEMO
NEWS00787,DEMO_NEWS_PLACEHOLDER,,Demo supply-chain disruption article 0787,Synthetic placeholder for pipeline testing. Replace/augment using NewsAPI.,,2026-09-20T05:00:00+00:00,Synthetic/demo content only.,demo,2026-09-23T00:00:00+00:00,SYNTHETIC_DEMO
NEWS00788,DEMO_NEWS_PLACEHOLDER,,Demo supply-chain disruption article 0788,Synthetic placeholder for pipeline testing. Replace/augment using NewsAPI.,,2026-09-20T04:00:00+00:00,Synthetic/demo content only.,demo,2026-09-23T00:00:00+00:00,SYNTHETIC_DEMO
NEWS00789,DEMO_NEWS_PLACEHOLDER,,Demo supply-chain disruption article 0789,Synthetic placeholder for pipeline testing. Replace/augment using NewsAPI.,,2026-09-20T03:00:00+00:00,Synthetic/demo content only.,demo,2026-09-23T00:00:00+00:00,SYNTHETIC_DEMO
NEWS00790,DEMO_NEWS_PLACEHOLDER,,Demo supply-chain disruption article 0790,Synthetic placeholder for pipeline testing. Replace/augment using NewsAPI.,,2026-09-20T02:00:00+00:00,Synthetic/demo content only.,demo,2026-09-23T00:00:00+00:00,SYNTHETIC_DEMO
NEWS00791,DEMO_NEWS_PLACEHOLDER,,Demo supply-chain disruption article 0791,Synthetic placeholder for pipeline testing. Replace/augment using NewsAPI.,,2026-09-20T01:00:00+00:00,Synthetic/demo content only.,demo,2026-09-23T00:00:00+00:00,SYNTHETIC_DEMO
NEWS00792,DEMO_NEWS_PLACEHOLDER,,Demo supply-chain disruption article 0792,Synthetic placeholder for pipeline testing. Replace/augment using NewsAPI.,,2026-09-20T00:00:00+00:00,Synthetic/demo content only.,demo,2026-09-23T00:00:00+00:00,SYNTHETIC_DEMO
NEWS00793,DEMO_NEWS_PLACEHOLDER,,Demo supply-chain disruption article 0793,Synthetic placeholder for pipeline testing. Replace/augment using NewsAPI.,,2026-09-19T23:00:00+00:00,Synthetic/demo content only.,demo,2026-09-23T00:00:00+00:00,SYNTHETIC_DEMO
NEWS00794,DEMO_NEWS_PLACEHOLDER,,Demo supply-chain disruption article 0794,Synthetic placeholder for pipeline testing. Replace/augment using NewsAPI.,,2026-09-19T22:00:00+00:00,Synthetic/demo content only.,demo,2026-09-23T00:00:00+00:00,SYNTHETIC_DEMO
NEWS00795,DEMO_NEWS_PLACEHOLDER,,Demo supply-chain disruption article 0795,Synthetic placeholder for pipeline testing. Replace/augment using NewsAPI.,,2026-09-19T21:00:00+00:00,Synthetic/demo content only.,demo,2026-09-23T00:00:00+00:00,SYNTHETIC_DEMO
NEWS00796,DEMO_NEWS_PLACEHOLDER,,Demo supply-chain disruption article 0796,Synthetic placeholder for pipeline testing. Replace/augment using NewsAPI.,,2026-09-19T20:00:00+00:00,Synthetic/demo content only.,demo,2026-09-23T00:00:00+00:00,SYNTHETIC_DEMO
NEWS00797,DEMO_NEWS_PLACEHOLDER,,Demo supply-chain disruption article 0797,Synthetic placeholder for pipeline testing. Replace/augment using NewsAPI.,,2026-09-19T19:00:00+00:00,Synthetic/demo content only.,demo,2026-09-23T00:00:00+00:00,SYNTHETIC_DEMO
NEWS00798,DEMO_NEWS_PLACEHOLDER,,Demo supply-chain disruption article 0798,Synthetic placeholder for pipeline testing. Replace/augment using NewsAPI.,,2026-09-19T18:00:00+00:00,Synthetic/demo content only.,demo,2026-09-23T00:00:00+00:00,SYNTHETIC_DEMO
NEWS00799,DEMO_NEWS_PLACEHOLDER,,Demo supply-chain disruption article 0799,Synthetic placeholder for pipeline testing. Replace/augment using NewsAPI.,,2026-09-19T17:00:00+00:00,Synthetic/demo content only.,demo,2026-09-23T00:00:00+00:00,SYNTHETIC_DEMO
NEWS00800,DEMO_NEWS_PLACEHOLDER,,Demo supply-chain disruption article 0800,Synthetic placeholder for pipeline testing. Replace/augment using NewsAPI.,,2026-09-19T16:00:00+00:00,Synthetic/demo content only.,demo,2026-09-23T00:00:00+00:00,SYNTHETIC_DEMO
NEWS00801,DEMO_NEWS_PLACEHOLDER,,Demo supply-chain disruption article 0801,Synthetic placeholder for pipeline testing. Replace/augment using NewsAPI.,,2026-09-19T15:00:00+00:00,Synthetic/demo content only.,demo,2026-09-23T00:00:00+00:00,SYNTHETIC_DEMO
NEWS00802,DEMO_NEWS_PLACEHOLDER,,Demo supply-chain disruption article 0802,Synthetic placeholder for pipeline testing. Replace/augment using NewsAPI.,,2026-09-19T14:00:00+00:00,Synthetic/demo content only.,demo,2026-09-23T00:00:00+00:00,SYNTHETIC_DEMO
NEWS00803,DEMO_NEWS_PLACEHOLDER,,Demo supply-chain disruption article 0803,Synthetic placeholder for pipeline testing. Replace/augment using NewsAPI.,,2026-09-19T13:00:00+00:00,Synthetic/demo content only.,demo,2026-09-23T00:00:00+00:00,SYNTHETIC_DEMO
NEWS00804,DEMO_NEWS_PLACEHOLDER,,Demo supply-chain disruption article 0804,Synthetic placeholder for pipeline testing. Replace/augment using NewsAPI.,,2026-09-19T12:00:00+00:00,Synthetic/demo content only.,demo,2026-09-23T00:00:00+00:00,SYNTHETIC_DEMO
NEWS00805,DEMO_NEWS_PLACEHOLDER,,Demo supply-chain disruption article 0805,Synthetic placeholder for pipeline testing. Replace/augment using NewsAPI.,,2026-09-19T11:00:00+00:00,Synthetic/demo content only.,demo,2026-09-23T00:00:00+00:00,SYNTHETIC_DEMO
NEWS00806,DEMO_NEWS_PLACEHOLDER,,Demo supply-chain disruption article 0806,Synthetic placeholder for pipeline testing. Replace/augment using NewsAPI.,,2026-09-19T10:00:00+00:00,Synthetic/demo content only.,demo,2026-09-23T00:00:00+00:00,SYNTHETIC_DEMO
NEWS00807,DEMO_NEWS_PLACEHOLDER,,Demo supply-chain disruption article 0807,Synthetic placeholder for pipeline testing. Replace/augment using NewsAPI.,,2026-09-19T09:00:00+00:00,Synthetic/demo content only.,demo,2026-09-23T00:00:00+00:00,SYNTHETIC_DEMO
NEWS00808,DEMO_NEWS_PLACEHOLDER,,Demo supply-chain disruption article 0808,Synthetic placeholder for pipeline testing. Replace/augment using NewsAPI.,,2026-09-19T08:00:00+00:00,Synthetic/demo content only.,demo,2026-09-23T00:00:00+00:00,SYNTHETIC_DEMO
NEWS00809,DEMO_NEWS_PLACEHOLDER,,Demo supply-chain disruption article 0809,Synthetic placeholder for pipeline testing. Replace/augment using NewsAPI.,,2026-09-19T07:00:00+00:00,Synthetic/demo content only.,demo,2026-09-23T00:00:00+00:00,SYNTHETIC_DEMO
NEWS00810,DEMO_NEWS_PLACEHOLDER,,Demo supply-chain disruption article 0810,Synthetic placeholder for pipeline testing. Replace/augment using NewsAPI.,,2026-09-19T06:00:00+00:00,Synthetic/demo content only.,demo,2026-09-23T00:00:00+00:00,SYNTHETIC_DEMO
NEWS00811,DEMO_NEWS_PLACEHOLDER,,Demo supply-chain disruption article 0811,Synthetic placeholder for pipeline testing. Replace/augment using NewsAPI.,,2026-09-19T05:00:00+00:00,Synthetic/demo content only.,demo,2026-09-23T00:00:00+00:00,SYNTHETIC_DEMO
NEWS00812,DEMO_NEWS_PLACEHOLDER,,Demo supply-chain disruption article 0812,Synthetic placeholder for pipeline testing. Replace/augment using NewsAPI.,,2026-09-19T04:00:00+00:00,Synthetic/demo content only.,demo,2026-09-23T00:00:00+00:00,SYNTHETIC_DEMO
NEWS00813,DEMO_NEWS_PLACEHOLDER,,Demo supply-chain disruption article 0813,Synthetic placeholder for pipeline testing. Replace/augment using NewsAPI.,,2026-09-19T03:00:00+00:00,Synthetic/demo content only.,demo,2026-09-23T00:00:00+00:00,SYNTHETIC_DEMO
NEWS00814,DEMO_NEWS_PLACEHOLDER,,Demo supply-chain disruption article 0814,Synthetic placeholder for pipeline testing. Replace/augment using NewsAPI.,,2026-09-19T02:00:00+00:00,Synthetic/demo content only.,demo,2026-09-23T00:00:00+00:00,SYNTHETIC_DEMO
NEWS00815,DEMO_NEWS_PLACEHOLDER,,Demo supply-chain disruption article 0815,Synthetic placeholder for pipeline testing. Replace/augment using NewsAPI.,,2026-09-19T01:00:00+00:00,Synthetic/demo content only.,demo,2026-09-23T00:00:00+00:00,SYNTHETIC_DEMO
NEWS00816,DEMO_NEWS_PLACEHOLDER,,Demo supply-chain disruption article 0816,Synthetic placeholder for pipeline testing. Replace/augment using NewsAPI.,,2026-09-19T00:00:00+00:00,Synthetic/demo content only.,demo,2026-09-23T00:00:00+00:00,SYNTHETIC_DEMO
NEWS00817,DEMO_NEWS_PLACEHOLDER,,Demo supply-chain disruption article 0817,Synthetic placeholder for pipeline testing. Replace/augment using NewsAPI.,,2026-09-18T23:00:00+00:00,Synthetic/demo content only.,demo,2026-09-23T00:00:00+00:00,SYNTHETIC_DEMO
NEWS00818,DEMO_NEWS_PLACEHOLDER,,Demo supply-chain disruption article 0818,Synthetic placeholder for pipeline testing. Replace/augment using NewsAPI.,,2026-09-18T22:00:00+00:00,Synthetic/demo content only.,demo,2026-09-23T00:00:00+00:00,SYNTHETIC_DEMO
NEWS00819,DEMO_NEWS_PLACEHOLDER,,Demo supply-chain disruption article 0819,Synthetic placeholder for pipeline testing. Replace/augment using NewsAPI.,,2026-09-18T21:00:00+00:00,Synthetic/demo content only.,demo,2026-09-23T00:00:00+00:00,SYNTHETIC_DEMO
NEWS00820,DEMO_NEWS_PLACEHOLDER,,Demo supply-chain disruption article 0820,Synthetic placeholder for pipeline testing. Replace/augment using NewsAPI.,,2026-09-18T20:00:00+00:00,Synthetic/demo content only.,demo,2026-09-23T00:00:00+00:00,SYNTHETIC_DEMO
NEWS00821,DEMO_NEWS_PLACEHOLDER,,Demo supply-chain disruption article 0821,Synthetic placeholder for pipeline testing. Replace/augment using NewsAPI.,,2026-09-18T19:00:00+00:00,Synthetic/demo content only.,demo,2026-09-23T00:00:00+00:00,SYNTHETIC_DEMO
NEWS00822,DEMO_NEWS_PLACEHOLDER,,Demo supply-chain disruption article 0822,Synthetic placeholder for pipeline testing. Replace/augment using NewsAPI.,,2026-09-18T18:00:00+00:00,Synthetic/demo content only.,demo,2026-09-23T00:00:00+00:00,SYNTHETIC_DEMO
NEWS00823,DEMO_NEWS_PLACEHOLDER,,Demo supply-chain disruption article 0823,Synthetic placeholder for pipeline testing. Replace/augment using NewsAPI.,,2026-09-18T17:00:00+00:00,Synthetic/demo content only.,demo,2026-09-23T00:00:00+00:00,SYNTHETIC_DEMO
NEWS00824,DEMO_NEWS_PLACEHOLDER,,Demo supply-chain disruption article 0824,Synthetic placeholder for pipeline testing. Replace/augment using NewsAPI.,,2026-09-18T16:00:00+00:00,Synthetic/demo content only.,demo,2026-09-23T00:00:00+00:00,SYNTHETIC_DEMO
NEWS00825,DEMO_NEWS_PLACEHOLDER,,Demo supply-chain disruption article 0825,Synthetic placeholder for pipeline testing. Replace/augment using NewsAPI.,,2026-09-18T15:00:00+00:00,Synthetic/demo content only.,demo,2026-09-23T00:00:00+00:00,SYNTHETIC_DEMO
NEWS00826,DEMO_NEWS_PLACEHOLDER,,Demo supply-chain disruption article 0826,Synthetic placeholder for pipeline testing. Replace/augment using NewsAPI.,,2026-09-18T14:00:00+00:00,Synthetic/demo content only.,demo,2026-09-23T00:00:00+00:00,SYNTHETIC_DEMO
NEWS00827,DEMO_NEWS_PLACEHOLDER,,Demo supply-chain disruption article 0827,Synthetic placeholder for pipeline testing. Replace/augment using NewsAPI.,,2026-09-18T13:00:00+00:00,Synthetic/demo content only.,demo,2026-09-23T00:00:00+00:00,SYNTHETIC_DEMO
NEWS00828,DEMO_NEWS_PLACEHOLDER,,Demo supply-chain disruption article 0828,Synthetic placeholder for pipeline testing. Replace/augment using NewsAPI.,,2026-09-18T12:00:00+00:00,Synthetic/demo content only.,demo,2026-09-23T00:00:00+00:00,SYNTHETIC_DEMO
NEWS00829,DEMO_NEWS_PLACEHOLDER,,Demo supply-chain disruption article 0829,Synthetic placeholder for pipeline testing. Replace/augment using NewsAPI.,,2026-09-18T11:00:00+00:00,Synthetic/demo content only.,demo,2026-09-23T00:00:00+00:00,SYNTHETIC_DEMO
NEWS00830,DEMO_NEWS_PLACEHOLDER,,Demo supply-chain disruption article 0830,Synthetic placeholder for pipeline testing. Replace/augment using NewsAPI.,,2026-09-18T10:00:00+00:00,Synthetic/demo content only.,demo,2026-09-23T00:00:00+00:00,SYNTHETIC_DEMO
NEWS00831,DEMO_NEWS_PLACEHOLDER,,Demo supply-chain disruption article 0831,Synthetic placeholder for pipeline testing. Replace/augment using NewsAPI.,,2026-09-18T09:00:00+00:00,Synthetic/demo content only.,demo,2026-09-23T00:00:00+00:00,SYNTHETIC_DEMO
NEWS00832,DEMO_NEWS_PLACEHOLDER,,Demo supply-chain disruption article 0832,Synthetic placeholder for pipeline testing. Replace/augment using NewsAPI.,,2026-09-18T08:00:00+00:00,Synthetic/demo content only.,demo,2026-09-23T00:00:00+00:00,SYNTHETIC_DEMO
NEWS00833,DEMO_NEWS_PLACEHOLDER,,Demo supply-chain disruption article 0833,Synthetic placeholder for pipeline testing. Replace/augment using NewsAPI.,,2026-09-18T07:00:00+00:00,Synthetic/demo content only.,demo,2026-09-23T00:00:00+00:00,SYNTHETIC_DEMO
NEWS00834,DEMO_NEWS_PLACEHOLDER,,Demo supply-chain disruption article 0834,Synthetic placeholder for pipeline testing. Replace/augment using NewsAPI.,,2026-09-18T06:00:00+00:00,Synthetic/demo content only.,demo,2026-09-23T00:00:00+00:00,SYNTHETIC_DEMO
NEWS00835,DEMO_NEWS_PLACEHOLDER,,Demo supply-chain disruption article 0835,Synthetic placeholder for pipeline testing. Replace/augment using NewsAPI.,,2026-09-18T05:00:00+00:00,Synthetic/demo content only.,demo,2026-09-23T00:00:00+00:00,SYNTHETIC_DEMO
NEWS00836,DEMO_NEWS_PLACEHOLDER,,Demo supply-chain disruption article 0836,Synthetic placeholder for pipeline testing. Replace/augment using NewsAPI.,,2026-09-18T04:00:00+00:00,Synthetic/demo content only.,demo,2026-09-23T00:00:00+00:00,SYNTHETIC_DEMO
NEWS00837,DEMO_NEWS_PLACEHOLDER,,Demo supply-chain disruption article 0837,Synthetic placeholder for pipeline testing. Replace/augment using NewsAPI.,,2026-09-18T03:00:00+00:00,Synthetic/demo content only.,demo,2026-09-23T00:00:00+00:00,SYNTHETIC_DEMO
NEWS00838,DEMO_NEWS_PLACEHOLDER,,Demo supply-chain disruption article 0838,Synthetic placeholder for pipeline testing. Replace/augment using NewsAPI.,,2026-09-18T02:00:00+00:00,Synthetic/demo content only.,demo,2026-09-23T00:00:00+00:00,SYNTHETIC_DEMO
NEWS00839,DEMO_NEWS_PLACEHOLDER,,Demo supply-chain disruption article 0839,Synthetic placeholder for pipeline testing. Replace/augment using NewsAPI.,,2026-09-18T01:00:00+00:00,Synthetic/demo content only.,demo,2026-09-23T00:00:00+00:00,SYNTHETIC_DEMO
NEWS00840,DEMO_NEWS_PLACEHOLDER,,Demo supply-chain disruption article 0840,Synthetic placeholder for pipeline testing. Replace/augment using NewsAPI.,,2026-09-18T00:00:00+00:00,Synthetic/demo content only.,demo,2026-09-23T00:00:00+00:00,SYNTHETIC_DEMO
NEWS00841,DEMO_NEWS_PLACEHOLDER,,Demo supply-chain disruption article 0841,Synthetic placeholder for pipeline testing. Replace/augment using NewsAPI.,,2026-09-17T23:00:00+00:00,Synthetic/demo content only.,demo,2026-09-23T00:00:00+00:00,SYNTHETIC_DEMO
NEWS00842,DEMO_NEWS_PLACEHOLDER,,Demo supply-chain disruption article 0842,Synthetic placeholder for pipeline testing. Replace/augment using NewsAPI.,,2026-09-17T22:00:00+00:00,Synthetic/demo content only.,demo,2026-09-23T00:00:00+00:00,SYNTHETIC_DEMO
NEWS00843,DEMO_NEWS_PLACEHOLDER,,Demo supply-chain disruption article 0843,Synthetic placeholder for pipeline testing. Replace/augment using NewsAPI.,,2026-09-17T21:00:00+00:00,Synthetic/demo content only.,demo,2026-09-23T00:00:00+00:00,SYNTHETIC_DEMO
NEWS00844,DEMO_NEWS_PLACEHOLDER,,Demo supply-chain disruption article 0844,Synthetic placeholder for pipeline testing. Replace/augment using NewsAPI.,,2026-09-17T20:00:00+00:00,Synthetic/demo content only.,demo,2026-09-23T00:00:00+00:00,SYNTHETIC_DEMO
NEWS00845,DEMO_NEWS_PLACEHOLDER,,Demo supply-chain disruption article 0845,Synthetic placeholder for pipeline testing. Replace/augment using NewsAPI.,,2026-09-17T19:00:00+00:00,Synthetic/demo content only.,demo,2026-09-23T00:00:00+00:00,SYNTHETIC_DEMO
NEWS00846,DEMO_NEWS_PLACEHOLDER,,Demo supply-chain disruption article 0846,Synthetic placeholder for pipeline testing. Replace/augment using NewsAPI.,,2026-09-17T18:00:00+00:00,Synthetic/demo content only.,demo,2026-09-23T00:00:00+00:00,SYNTHETIC_DEMO
NEWS00847,DEMO_NEWS_PLACEHOLDER,,Demo supply-chain disruption article 0847,Synthetic placeholder for pipeline testing. Replace/augment using NewsAPI.,,2026-09-17T17:00:00+00:00,Synthetic/demo content only.,demo,2026-09-23T00:00:00+00:00,SYNTHETIC_DEMO
NEWS00848,DEMO_NEWS_PLACEHOLDER,,Demo supply-chain disruption article 0848,Synthetic placeholder for pipeline testing. Replace/augment using NewsAPI.,,2026-09-17T16:00:00+00:00,Synthetic/demo content only.,demo,2026-09-23T00:00:00+00:00,SYNTHETIC_DEMO
NEWS00849,DEMO_NEWS_PLACEHOLDER,,Demo supply-chain disruption article 0849,Synthetic placeholder for pipeline testing. Replace/augment using NewsAPI.,,2026-09-17T15:00:00+00:00,Synthetic/demo content only.,demo,2026-09-23T00:00:00+00:00,SYNTHETIC_DEMO
NEWS00850,DEMO_NEWS_PLACEHOLDER,,Demo supply-chain disruption article 0850,Synthetic placeholder for pipeline testing. Replace/augment using NewsAPI.,,2026-09-17T14:00:00+00:00,Synthetic/demo content only.,demo,2026-09-23T00:00:00+00:00,SYNTHETIC_DEMO
NEWS00851,DEMO_NEWS_PLACEHOLDER,,Demo supply-chain disruption article 0851,Synthetic placeholder for pipeline testing. Replace/augment using NewsAPI.,,2026-09-17T13:00:00+00:00,Synthetic/demo content only.,demo,2026-09-23T00:00:00+00:00,SYNTHETIC_DEMO
NEWS00852,DEMO_NEWS_PLACEHOLDER,,Demo supply-chain disruption article 0852,Synthetic placeholder for pipeline testing. Replace/augment using NewsAPI.,,2026-09-17T12:00:00+00:00,Synthetic/demo content only.,demo,2026-09-23T00:00:00+00:00,SYNTHETIC_DEMO
NEWS00853,DEMO_NEWS_PLACEHOLDER,,Demo supply-chain disruption article 0853,Synthetic placeholder for pipeline testing. Replace/augment using NewsAPI.,,2026-09-17T11:00:00+00:00,Synthetic/demo content only.,demo,2026-09-23T00:00:00+00:00,SYNTHETIC_DEMO
NEWS00854,DEMO_NEWS_PLACEHOLDER,,Demo supply-chain disruption article 0854,Synthetic placeholder for pipeline testing. Replace/augment using NewsAPI.,,2026-09-17T10:00:00+00:00,Synthetic/demo content only.,demo,2026-09-23T00:00:00+00:00,SYNTHETIC_DEMO
NEWS00855,DEMO_NEWS_PLACEHOLDER,,Demo supply-chain disruption article 0855,Synthetic placeholder for pipeline testing. Replace/augment using NewsAPI.,,2026-09-17T09:00:00+00:00,Synthetic/demo content only.,demo,2026-09-23T00:00:00+00:00,SYNTHETIC_DEMO
NEWS00856,DEMO_NEWS_PLACEHOLDER,,Demo supply-chain disruption article 0856,Synthetic placeholder for pipeline testing. Replace/augment using NewsAPI.,,2026-09-17T08:00:00+00:00,Synthetic/demo content only.,demo,2026-09-23T00:00:00+00:00,SYNTHETIC_DEMO
NEWS00857,DEMO_NEWS_PLACEHOLDER,,Demo supply-chain disruption article 0857,Synthetic placeholder for pipeline testing. Replace/augment using NewsAPI.,,2026-09-17T07:00:00+00:00,Synthetic/demo content only.,demo,2026-09-23T00:00:00+00:00,SYNTHETIC_DEMO
NEWS00858,DEMO_NEWS_PLACEHOLDER,,Demo supply-chain disruption article 0858,Synthetic placeholder for pipeline testing. Replace/augment using NewsAPI.,,2026-09-17T06:00:00+00:00,Synthetic/demo content only.,demo,2026-09-23T00:00:00+00:00,SYNTHETIC_DEMO
NEWS00859,DEMO_NEWS_PLACEHOLDER,,Demo supply-chain disruption article 0859,Synthetic placeholder for pipeline testing. Replace/augment using NewsAPI.,,2026-09-17T05:00:00+00:00,Synthetic/demo content only.,demo,2026-09-23T00:00:00+00:00,SYNTHETIC_DEMO
NEWS00860,DEMO_NEWS_PLACEHOLDER,,Demo supply-chain disruption article 0860,Synthetic placeholder for pipeline testing. Replace/augment using NewsAPI.,,2026-09-17T04:00:00+00:00,Synthetic/demo content only.,demo,2026-09-23T00:00:00+00:00,SYNTHETIC_DEMO
NEWS00861,DEMO_NEWS_PLACEHOLDER,,Demo supply-chain disruption article 0861,Synthetic placeholder for pipeline testing. Replace/augment using NewsAPI.,,2026-09-17T03:00:00+00:00,Synthetic/demo content only.,demo,2026-09-23T00:00:00+00:00,SYNTHETIC_DEMO
NEWS00862,DEMO_NEWS_PLACEHOLDER,,Demo supply-chain disruption article 0862,Synthetic placeholder for pipeline testing. Replace/augment using NewsAPI.,,2026-09-17T02:00:00+00:00,Synthetic/demo content only.,demo,2026-09-23T00:00:00+00:00,SYNTHETIC_DEMO
NEWS00863,DEMO_NEWS_PLACEHOLDER,,Demo supply-chain disruption article 0863,Synthetic placeholder for pipeline testing. Replace/augment using NewsAPI.,,2026-09-17T01:00:00+00:00,Synthetic/demo content only.,demo,2026-09-23T00:00:00+00:00,SYNTHETIC_DEMO
NEWS00864,DEMO_NEWS_PLACEHOLDER,,Demo supply-chain disruption article 0864,Synthetic placeholder for pipeline testing. Replace/augment using NewsAPI.,,2026-09-17T00:00:00+00:00,Synthetic/demo content only.,demo,2026-09-23T00:00:00+00:00,SYNTHETIC_DEMO
NEWS00865,DEMO_NEWS_PLACEHOLDER,,Demo supply-chain disruption article 0865,Synthetic placeholder for pipeline testing. Replace/augment using NewsAPI.,,2026-09-16T23:00:00+00:00,Synthetic/demo content only.,demo,2026-09-23T00:00:00+00:00,SYNTHETIC_DEMO
NEWS00866,DEMO_NEWS_PLACEHOLDER,,Demo supply-chain disruption article 0866,Synthetic placeholder for pipeline testing. Replace/augment using NewsAPI.,,2026-09-16T22:00:00+00:00,Synthetic/demo content only.,demo,2026-09-23T00:00:00+00:00,SYNTHETIC_DEMO
NEWS00867,DEMO_NEWS_PLACEHOLDER,,Demo supply-chain disruption article 0867,Synthetic placeholder for pipeline testing. Replace/augment using NewsAPI.,,2026-09-16T21:00:00+00:00,Synthetic/demo content only.,demo,2026-09-23T00:00:00+00:00,SYNTHETIC_DEMO
NEWS00868,DEMO_NEWS_PLACEHOLDER,,Demo supply-chain disruption article 0868,Synthetic placeholder for pipeline testing. Replace/augment using NewsAPI.,,2026-09-16T20:00:00+00:00,Synthetic/demo content only.,demo,2026-09-23T00:00:00+00:00,SYNTHETIC_DEMO
NEWS00869,DEMO_NEWS_PLACEHOLDER,,Demo supply-chain disruption article 0869,Synthetic placeholder for pipeline testing. Replace/augment using NewsAPI.,,2026-09-16T19:00:00+00:00,Synthetic/demo content only.,demo,2026-09-23T00:00:00+00:00,SYNTHETIC_DEMO
NEWS00870,DEMO_NEWS_PLACEHOLDER,,Demo supply-chain disruption article 0870,Synthetic placeholder for pipeline testing. Replace/augment using NewsAPI.,,2026-09-16T18:00:00+00:00,Synthetic/demo content only.,demo,2026-09-23T00:00:00+00:00,SYNTHETIC_DEMO
NEWS00871,DEMO_NEWS_PLACEHOLDER,,Demo supply-chain disruption article 0871,Synthetic placeholder for pipeline testing. Replace/augment using NewsAPI.,,2026-09-16T17:00:00+00:00,Synthetic/demo content only.,demo,2026-09-23T00:00:00+00:00,SYNTHETIC_DEMO
NEWS00872,DEMO_NEWS_PLACEHOLDER,,Demo supply-chain disruption article 0872,Synthetic placeholder for pipeline testing. Replace/augment using NewsAPI.,,2026-09-16T16:00:00+00:00,Synthetic/demo content only.,demo,2026-09-23T00:00:00+00:00,SYNTHETIC_DEMO
NEWS00873,DEMO_NEWS_PLACEHOLDER,,Demo supply-chain disruption article 0873,Synthetic placeholder for pipeline testing. Replace/augment using NewsAPI.,,2026-09-16T15:00:00+00:00,Synthetic/demo content only.,demo,2026-09-23T00:00:00+00:00,SYNTHETIC_DEMO
NEWS00874,DEMO_NEWS_PLACEHOLDER,,Demo supply-chain disruption article 0874,Synthetic placeholder for pipeline testing. Replace/augment using NewsAPI.,,2026-09-16T14:00:00+00:00,Synthetic/demo content only.,demo,2026-09-23T00:00:00+00:00,SYNTHETIC_DEMO
NEWS00875,DEMO_NEWS_PLACEHOLDER,,Demo supply-chain disruption article 0875,Synthetic placeholder for pipeline testing. Replace/augment using NewsAPI.,,2026-09-16T13:00:00+00:00,Synthetic/demo content only.,demo,2026-09-23T00:00:00+00:00,SYNTHETIC_DEMO
NEWS00876,DEMO_NEWS_PLACEHOLDER,,Demo supply-chain disruption article 0876,Synthetic placeholder for pipeline testing. Replace/augment using NewsAPI.,,2026-09-16T12:00:00+00:00,Synthetic/demo content only.,demo,2026-09-23T00:00:00+00:00,SYNTHETIC_DEMO
NEWS00877,DEMO_NEWS_PLACEHOLDER,,Demo supply-chain disruption article 0877,Synthetic placeholder for pipeline testing. Replace/augment using NewsAPI.,,2026-09-16T11:00:00+00:00,Synthetic/demo content only.,demo,2026-09-23T00:00:00+00:00,SYNTHETIC_DEMO
NEWS00878,DEMO_NEWS_PLACEHOLDER,,Demo supply-chain disruption article 0878,Synthetic placeholder for pipeline testing. Replace/augment using NewsAPI.,,2026-09-16T10:00:00+00:00,Synthetic/demo content only.,demo,2026-09-23T00:00:00+00:00,SYNTHETIC_DEMO
NEWS00879,DEMO_NEWS_PLACEHOLDER,,Demo supply-chain disruption article 0879,Synthetic placeholder for pipeline testing. Replace/augment using NewsAPI.,,2026-09-16T09:00:00+00:00,Synthetic/demo content only.,demo,2026-09-23T00:00:00+00:00,SYNTHETIC_DEMO
NEWS00880,DEMO_NEWS_PLACEHOLDER,,Demo supply-chain disruption article 0880,Synthetic placeholder for pipeline testing. Replace/augment using NewsAPI.,,2026-09-16T08:00:00+00:00,Synthetic/demo content only.,demo,2026-09-23T00:00:00+00:00,SYNTHETIC_DEMO
NEWS00881,DEMO_NEWS_PLACEHOLDER,,Demo supply-chain disruption article 0881,Synthetic placeholder for pipeline testing. Replace/augment using NewsAPI.,,2026-09-16T07:00:00+00:00,Synthetic/demo content only.,demo,2026-09-23T00:00:00+00:00,SYNTHETIC_DEMO
NEWS00882,DEMO_NEWS_PLACEHOLDER,,Demo supply-chain disruption article 0882,Synthetic placeholder for pipeline testing. Replace/augment using NewsAPI.,,2026-09-16T06:00:00+00:00,Synthetic/demo content only.,demo,2026-09-23T00:00:00+00:00,SYNTHETIC_DEMO
NEWS00883,DEMO_NEWS_PLACEHOLDER,,Demo supply-chain disruption article 0883,Synthetic placeholder for pipeline testing. Replace/augment using NewsAPI.,,2026-09-16T05:00:00+00:00,Synthetic/demo content only.,demo,2026-09-23T00:00:00+00:00,SYNTHETIC_DEMO
NEWS00884,DEMO_NEWS_PLACEHOLDER,,Demo supply-chain disruption article 0884,Synthetic placeholder for pipeline testing. Replace/augment using NewsAPI.,,2026-09-16T04:00:00+00:00,Synthetic/demo content only.,demo,2026-09-23T00:00:00+00:00,SYNTHETIC_DEMO
NEWS00885,DEMO_NEWS_PLACEHOLDER,,Demo supply-chain disruption article 0885,Synthetic placeholder for pipeline testing. Replace/augment using NewsAPI.,,2026-09-16T03:00:00+00:00,Synthetic/demo content only.,demo,2026-09-23T00:00:00+00:00,SYNTHETIC_DEMO
NEWS00886,DEMO_NEWS_PLACEHOLDER,,Demo supply-chain disruption article 0886,Synthetic placeholder for pipeline testing. Replace/augment using NewsAPI.,,2026-09-16T02:00:00+00:00,Synthetic/demo content only.,demo,2026-09-23T00:00:00+00:00,SYNTHETIC_DEMO
NEWS00887,DEMO_NEWS_PLACEHOLDER,,Demo supply-chain disruption article 0887,Synthetic placeholder for pipeline testing. Replace/augment using NewsAPI.,,2026-09-16T01:00:00+00:00,Synthetic/demo content only.,demo,2026-09-23T00:00:00+00:00,SYNTHETIC_DEMO
NEWS00888,DEMO_NEWS_PLACEHOLDER,,Demo supply-chain disruption article 0888,Synthetic placeholder for pipeline testing. Replace/augment using NewsAPI.,,2026-09-16T00:00:00+00:00,Synthetic/demo content only.,demo,2026-09-23T00:00:00+00:00,SYNTHETIC_DEMO
NEWS00889,DEMO_NEWS_PLACEHOLDER,,Demo supply-chain disruption article 0889,Synthetic placeholder for pipeline testing. Replace/augment using NewsAPI.,,2026-09-15T23:00:00+00:00,Synthetic/demo content only.,demo,2026-09-23T00:00:00+00:00,SYNTHETIC_DEMO
NEWS00890,DEMO_NEWS_PLACEHOLDER,,Demo supply-chain disruption article 0890,Synthetic placeholder for pipeline testing. Replace/augment using NewsAPI.,,2026-09-15T22:00:00+00:00,Synthetic/demo content only.,demo,2026-09-23T00:00:00+00:00,SYNTHETIC_DEMO
NEWS00891,DEMO_NEWS_PLACEHOLDER,,Demo supply-chain disruption article 0891,Synthetic placeholder for pipeline testing. Replace/augment using NewsAPI.,,2026-09-15T21:00:00+00:00,Synthetic/demo content only.,demo,2026-09-23T00:00:00+00:00,SYNTHETIC_DEMO
NEWS00892,DEMO_NEWS_PLACEHOLDER,,Demo supply-chain disruption article 0892,Synthetic placeholder for pipeline testing. Replace/augment using NewsAPI.,,2026-09-15T20:00:00+00:00,Synthetic/demo content only.,demo,2026-09-23T00:00:00+00:00,SYNTHETIC_DEMO
NEWS00893,DEMO_NEWS_PLACEHOLDER,,Demo supply-chain disruption article 0893,Synthetic placeholder for pipeline testing. Replace/augment using NewsAPI.,,2026-09-15T19:00:00+00:00,Synthetic/demo content only.,demo,2026-09-23T00:00:00+00:00,SYNTHETIC_DEMO
NEWS00894,DEMO_NEWS_PLACEHOLDER,,Demo supply-chain disruption article 0894,Synthetic placeholder for pipeline testing. Replace/augment using NewsAPI.,,2026-09-15T18:00:00+00:00,Synthetic/demo content only.,demo,2026-09-23T00:00:00+00:00,SYNTHETIC_DEMO
NEWS00895,DEMO_NEWS_PLACEHOLDER,,Demo supply-chain disruption article 0895,Synthetic placeholder for pipeline testing. Replace/augment using NewsAPI.,,2026-09-15T17:00:00+00:00,Synthetic/demo content only.,demo,2026-09-23T00:00:00+00:00,SYNTHETIC_DEMO
NEWS00896,DEMO_NEWS_PLACEHOLDER,,Demo supply-chain disruption article 0896,Synthetic placeholder for pipeline testing. Replace/augment using NewsAPI.,,2026-09-15T16:00:00+00:00,Synthetic/demo content only.,demo,2026-09-23T00:00:00+00:00,SYNTHETIC_DEMO
NEWS00897,DEMO_NEWS_PLACEHOLDER,,Demo supply-chain disruption article 0897,Synthetic placeholder for pipeline testing. Replace/augment using NewsAPI.,,2026-09-15T15:00:00+00:00,Synthetic/demo content only.,demo,2026-09-23T00:00:00+00:00,SYNTHETIC_DEMO
NEWS00898,DEMO_NEWS_PLACEHOLDER,,Demo supply-chain disruption article 0898,Synthetic placeholder for pipeline testing. Replace/augment using NewsAPI.,,2026-09-15T14:00:00+00:00,Synthetic/demo content only.,demo,2026-09-23T00:00:00+00:00,SYNTHETIC_DEMO
NEWS00899,DEMO_NEWS_PLACEHOLDER,,Demo supply-chain disruption article 0899,Synthetic placeholder for pipeline testing. Replace/augment using NewsAPI.,,2026-09-15T13:00:00+00:00,Synthetic/demo content only.,demo,2026-09-23T00:00:00+00:00,SYNTHETIC_DEMO
NEWS00900,DEMO_NEWS_PLACEHOLDER,,Demo supply-chain disruption article 0900,Synthetic placeholder for pipeline testing. Replace/augment using NewsAPI.,,2026-09-15T12:00:00+00:00,Synthetic/demo content only.,demo,2026-09-23T00:00:00+00:00,SYNTHETIC_DEMO
NEWS00901,DEMO_NEWS_PLACEHOLDER,,Demo supply-chain disruption article 0901,Synthetic placeholder for pipeline testing. Replace/augment using NewsAPI.,,2026-09-15T11:00:00+00:00,Synthetic/demo content only.,demo,2026-09-23T00:00:00+00:00,SYNTHETIC_DEMO
NEWS00902,DEMO_NEWS_PLACEHOLDER,,Demo supply-chain disruption article 0902,Synthetic placeholder for pipeline testing. Replace/augment using NewsAPI.,,2026-09-15T10:00:00+00:00,Synthetic/demo content only.,demo,2026-09-23T00:00:00+00:00,SYNTHETIC_DEMO
NEWS00903,DEMO_NEWS_PLACEHOLDER,,Demo supply-chain disruption article 0903,Synthetic placeholder for pipeline testing. Replace/augment using NewsAPI.,,2026-09-15T09:00:00+00:00,Synthetic/demo content only.,demo,2026-09-23T00:00:00+00:00,SYNTHETIC_DEMO
NEWS00904,DEMO_NEWS_PLACEHOLDER,,Demo supply-chain disruption article 0904,Synthetic placeholder for pipeline testing. Replace/augment using NewsAPI.,,2026-09-15T08:00:00+00:00,Synthetic/demo content only.,demo,2026-09-23T00:00:00+00:00,SYNTHETIC_DEMO
NEWS00905,DEMO_NEWS_PLACEHOLDER,,Demo supply-chain disruption article 0905,Synthetic placeholder for pipeline testing. Replace/augment using NewsAPI.,,2026-09-15T07:00:00+00:00,Synthetic/demo content only.,demo,2026-09-23T00:00:00+00:00,SYNTHETIC_DEMO
NEWS00906,DEMO_NEWS_PLACEHOLDER,,Demo supply-chain disruption article 0906,Synthetic placeholder for pipeline testing. Replace/augment using NewsAPI.,,2026-09-15T06:00:00+00:00,Synthetic/demo content only.,demo,2026-09-23T00:00:00+00:00,SYNTHETIC_DEMO
NEWS00907,DEMO_NEWS_PLACEHOLDER,,Demo supply-chain disruption article 0907,Synthetic placeholder for pipeline testing. Replace/augment using NewsAPI.,,2026-09-15T05:00:00+00:00,Synthetic/demo content only.,demo,2026-09-23T00:00:00+00:00,SYNTHETIC_DEMO
NEWS00908,DEMO_NEWS_PLACEHOLDER,,Demo supply-chain disruption article 0908,Synthetic placeholder for pipeline testing. Replace/augment using NewsAPI.,,2026-09-15T04:00:00+00:00,Synthetic/demo content only.,demo,2026-09-23T00:00:00+00:00,SYNTHETIC_DEMO
NEWS00909,DEMO_NEWS_PLACEHOLDER,,Demo supply-chain disruption article 0909,Synthetic placeholder for pipeline testing. Replace/augment using NewsAPI.,,2026-09-15T03:00:00+00:00,Synthetic/demo content only.,demo,2026-09-23T00:00:00+00:00,SYNTHETIC_DEMO
NEWS00910,DEMO_NEWS_PLACEHOLDER,,Demo supply-chain disruption article 0910,Synthetic placeholder for pipeline testing. Replace/augment using NewsAPI.,,2026-09-15T02:00:00+00:00,Synthetic/demo content only.,demo,2026-09-23T00:00:00+00:00,SYNTHETIC_DEMO
NEWS00911,DEMO_NEWS_PLACEHOLDER,,Demo supply-chain disruption article 0911,Synthetic placeholder for pipeline testing. Replace/augment using NewsAPI.,,2026-09-15T01:00:00+00:00,Synthetic/demo content only.,demo,2026-09-23T00:00:00+00:00,SYNTHETIC_DEMO
NEWS00912,DEMO_NEWS_PLACEHOLDER,,Demo supply-chain disruption article 0912,Synthetic placeholder for pipeline testing. Replace/augment using NewsAPI.,,2026-09-15T00:00:00+00:00,Synthetic/demo content only.,demo,2026-09-23T00:00:00+00:00,SYNTHETIC_DEMO
NEWS00913,DEMO_NEWS_PLACEHOLDER,,Demo supply-chain disruption article 0913,Synthetic placeholder for pipeline testing. Replace/augment using NewsAPI.,,2026-09-14T23:00:00+00:00,Synthetic/demo content only.,demo,2026-09-23T00:00:00+00:00,SYNTHETIC_DEMO
NEWS00914,DEMO_NEWS_PLACEHOLDER,,Demo supply-chain disruption article 0914,Synthetic placeholder for pipeline testing. Replace/augment using NewsAPI.,,2026-09-14T22:00:00+00:00,Synthetic/demo content only.,demo,2026-09-23T00:00:00+00:00,SYNTHETIC_DEMO
NEWS00915,DEMO_NEWS_PLACEHOLDER,,Demo supply-chain disruption article 0915,Synthetic placeholder for pipeline testing. Replace/augment using NewsAPI.,,2026-09-14T21:00:00+00:00,Synthetic/demo content only.,demo,2026-09-23T00:00:00+00:00,SYNTHETIC_DEMO
NEWS00916,DEMO_NEWS_PLACEHOLDER,,Demo supply-chain disruption article 0916,Synthetic placeholder for pipeline testing. Replace/augment using NewsAPI.,,2026-09-14T20:00:00+00:00,Synthetic/demo content only.,demo,2026-09-23T00:00:00+00:00,SYNTHETIC_DEMO
NEWS00917,DEMO_NEWS_PLACEHOLDER,,Demo supply-chain disruption article 0917,Synthetic placeholder for pipeline testing. Replace/augment using NewsAPI.,,2026-09-14T19:00:00+00:00,Synthetic/demo content only.,demo,2026-09-23T00:00:00+00:00,SYNTHETIC_DEMO
NEWS00918,DEMO_NEWS_PLACEHOLDER,,Demo supply-chain disruption article 0918,Synthetic placeholder for pipeline testing. Replace/augment using NewsAPI.,,2026-09-14T18:00:00+00:00,Synthetic/demo content only.,demo,2026-09-23T00:00:00+00:00,SYNTHETIC_DEMO
NEWS00919,DEMO_NEWS_PLACEHOLDER,,Demo supply-chain disruption article 0919,Synthetic placeholder for pipeline testing. Replace/augment using NewsAPI.,,2026-09-14T17:00:00+00:00,Synthetic/demo content only.,demo,2026-09-23T00:00:00+00:00,SYNTHETIC_DEMO
NEWS00920,DEMO_NEWS_PLACEHOLDER,,Demo supply-chain disruption article 0920,Synthetic placeholder for pipeline testing. Replace/augment using NewsAPI.,,2026-09-14T16:00:00+00:00,Synthetic/demo content only.,demo,2026-09-23T00:00:00+00:00,SYNTHETIC_DEMO
NEWS00921,DEMO_NEWS_PLACEHOLDER,,Demo supply-chain disruption article 0921,Synthetic placeholder for pipeline testing. Replace/augment using NewsAPI.,,2026-09-14T15:00:00+00:00,Synthetic/demo content only.,demo,2026-09-23T00:00:00+00:00,SYNTHETIC_DEMO
NEWS00922,DEMO_NEWS_PLACEHOLDER,,Demo supply-chain disruption article 0922,Synthetic placeholder for pipeline testing. Replace/augment using NewsAPI.,,2026-09-14T14:00:00+00:00,Synthetic/demo content only.,demo,2026-09-23T00:00:00+00:00,SYNTHETIC_DEMO
NEWS00923,DEMO_NEWS_PLACEHOLDER,,Demo supply-chain disruption article 0923,Synthetic placeholder for pipeline testing. Replace/augment using NewsAPI.,,2026-09-14T13:00:00+00:00,Synthetic/demo content only.,demo,2026-09-23T00:00:00+00:00,SYNTHETIC_DEMO
NEWS00924,DEMO_NEWS_PLACEHOLDER,,Demo supply-chain disruption article 0924,Synthetic placeholder for pipeline testing. Replace/augment using NewsAPI.,,2026-09-14T12:00:00+00:00,Synthetic/demo content only.,demo,2026-09-23T00:00:00+00:00,SYNTHETIC_DEMO
NEWS00925,DEMO_NEWS_PLACEHOLDER,,Demo supply-chain disruption article 0925,Synthetic placeholder for pipeline testing. Replace/augment using NewsAPI.,,2026-09-14T11:00:00+00:00,Synthetic/demo content only.,demo,2026-09-23T00:00:00+00:00,SYNTHETIC_DEMO
NEWS00926,DEMO_NEWS_PLACEHOLDER,,Demo supply-chain disruption article 0926,Synthetic placeholder for pipeline testing. Replace/augment using NewsAPI.,,2026-09-14T10:00:00+00:00,Synthetic/demo content only.,demo,2026-09-23T00:00:00+00:00,SYNTHETIC_DEMO
NEWS00927,DEMO_NEWS_PLACEHOLDER,,Demo supply-chain disruption article 0927,Synthetic placeholder for pipeline testing. Replace/augment using NewsAPI.,,2026-09-14T09:00:00+00:00,Synthetic/demo content only.,demo,2026-09-23T00:00:00+00:00,SYNTHETIC_DEMO
NEWS00928,DEMO_NEWS_PLACEHOLDER,,Demo supply-chain disruption article 0928,Synthetic placeholder for pipeline testing. Replace/augment using NewsAPI.,,2026-09-14T08:00:00+00:00,Synthetic/demo content only.,demo,2026-09-23T00:00:00+00:00,SYNTHETIC_DEMO
NEWS00929,DEMO_NEWS_PLACEHOLDER,,Demo supply-chain disruption article 0929,Synthetic placeholder for pipeline testing. Replace/augment using NewsAPI.,,2026-09-14T07:00:00+00:00,Synthetic/demo content only.,demo,2026-09-23T00:00:00+00:00,SYNTHETIC_DEMO
NEWS00930,DEMO_NEWS_PLACEHOLDER,,Demo supply-chain disruption article 0930,Synthetic placeholder for pipeline testing. Replace/augment using NewsAPI.,,2026-09-14T06:00:00+00:00,Synthetic/demo content only.,demo,2026-09-23T00:00:00+00:00,SYNTHETIC_DEMO
NEWS00931,DEMO_NEWS_PLACEHOLDER,,Demo supply-chain disruption article 0931,Synthetic placeholder for pipeline testing. Replace/augment using NewsAPI.,,2026-09-14T05:00:00+00:00,Synthetic/demo content only.,demo,2026-09-23T00:00:00+00:00,SYNTHETIC_DEMO
NEWS00932,DEMO_NEWS_PLACEHOLDER,,Demo supply-chain disruption article 0932,Synthetic placeholder for pipeline testing. Replace/augment using NewsAPI.,,2026-09-14T04:00:00+00:00,Synthetic/demo content only.,demo,2026-09-23T00:00:00+00:00,SYNTHETIC_DEMO
NEWS00933,DEMO_NEWS_PLACEHOLDER,,Demo supply-chain disruption article 0933,Synthetic placeholder for pipeline testing. Replace/augment using NewsAPI.,,2026-09-14T03:00:00+00:00,Synthetic/demo content only.,demo,2026-09-23T00:00:00+00:00,SYNTHETIC_DEMO
NEWS00934,DEMO_NEWS_PLACEHOLDER,,Demo supply-chain disruption article 0934,Synthetic placeholder for pipeline testing. Replace/augment using NewsAPI.,,2026-09-14T02:00:00+00:00,Synthetic/demo content only.,demo,2026-09-23T00:00:00+00:00,SYNTHETIC_DEMO
NEWS00935,DEMO_NEWS_PLACEHOLDER,,Demo supply-chain disruption article 0935,Synthetic placeholder for pipeline testing. Replace/augment using NewsAPI.,,2026-09-14T01:00:00+00:00,Synthetic/demo content only.,demo,2026-09-23T00:00:00+00:00,SYNTHETIC_DEMO
NEWS00936,DEMO_NEWS_PLACEHOLDER,,Demo supply-chain disruption article 0936,Synthetic placeholder for pipeline testing. Replace/augment using NewsAPI.,,2026-09-14T00:00:00+00:00,Synthetic/demo content only.,demo,2026-09-23T00:00:00+00:00,SYNTHETIC_DEMO
NEWS00937,DEMO_NEWS_PLACEHOLDER,,Demo supply-chain disruption article 0937,Synthetic placeholder for pipeline testing. Replace/augment using NewsAPI.,,2026-09-13T23:00:00+00:00,Synthetic/demo content only.,demo,2026-09-23T00:00:00+00:00,SYNTHETIC_DEMO
NEWS00938,DEMO_NEWS_PLACEHOLDER,,Demo supply-chain disruption article 0938,Synthetic placeholder for pipeline testing. Replace/augment using NewsAPI.,,2026-09-13T22:00:00+00:00,Synthetic/demo content only.,demo,2026-09-23T00:00:00+00:00,SYNTHETIC_DEMO
NEWS00939,DEMO_NEWS_PLACEHOLDER,,Demo supply-chain disruption article 0939,Synthetic placeholder for pipeline testing. Replace/augment using NewsAPI.,,2026-09-13T21:00:00+00:00,Synthetic/demo content only.,demo,2026-09-23T00:00:00+00:00,SYNTHETIC_DEMO
NEWS00940,DEMO_NEWS_PLACEHOLDER,,Demo supply-chain disruption article 0940,Synthetic placeholder for pipeline testing. Replace/augment using NewsAPI.,,2026-09-13T20:00:00+00:00,Synthetic/demo content only.,demo,2026-09-23T00:00:00+00:00,SYNTHETIC_DEMO
NEWS00941,DEMO_NEWS_PLACEHOLDER,,Demo supply-chain disruption article 0941,Synthetic placeholder for pipeline testing. Replace/augment using NewsAPI.,,2026-09-13T19:00:00+00:00,Synthetic/demo content only.,demo,2026-09-23T00:00:00+00:00,SYNTHETIC_DEMO
NEWS00942,DEMO_NEWS_PLACEHOLDER,,Demo supply-chain disruption article 0942,Synthetic placeholder for pipeline testing. Replace/augment using NewsAPI.,,2026-09-13T18:00:00+00:00,Synthetic/demo content only.,demo,2026-09-23T00:00:00+00:00,SYNTHETIC_DEMO
NEWS00943,DEMO_NEWS_PLACEHOLDER,,Demo supply-chain disruption article 0943,Synthetic placeholder for pipeline testing. Replace/augment using NewsAPI.,,2026-09-13T17:00:00+00:00,Synthetic/demo content only.,demo,2026-09-23T00:00:00+00:00,SYNTHETIC_DEMO
NEWS00944,DEMO_NEWS_PLACEHOLDER,,Demo supply-chain disruption article 0944,Synthetic placeholder for pipeline testing. Replace/augment using NewsAPI.,,2026-09-13T16:00:00+00:00,Synthetic/demo content only.,demo,2026-09-23T00:00:00+00:00,SYNTHETIC_DEMO
NEWS00945,DEMO_NEWS_PLACEHOLDER,,Demo supply-chain disruption article 0945,Synthetic placeholder for pipeline testing. Replace/augment using NewsAPI.,,2026-09-13T15:00:00+00:00,Synthetic/demo content only.,demo,2026-09-23T00:00:00+00:00,SYNTHETIC_DEMO
NEWS00946,DEMO_NEWS_PLACEHOLDER,,Demo supply-chain disruption article 0946,Synthetic placeholder for pipeline testing. Replace/augment using NewsAPI.,,2026-09-13T14:00:00+00:00,Synthetic/demo content only.,demo,2026-09-23T00:00:00+00:00,SYNTHETIC_DEMO
NEWS00947,DEMO_NEWS_PLACEHOLDER,,Demo supply-chain disruption article 0947,Synthetic placeholder for pipeline testing. Replace/augment using NewsAPI.,,2026-09-13T13:00:00+00:00,Synthetic/demo content only.,demo,2026-09-23T00:00:00+00:00,SYNTHETIC_DEMO
NEWS00948,DEMO_NEWS_PLACEHOLDER,,Demo supply-chain disruption article 0948,Synthetic placeholder for pipeline testing. Replace/augment using NewsAPI.,,2026-09-13T12:00:00+00:00,Synthetic/demo content only.,demo,2026-09-23T00:00:00+00:00,SYNTHETIC_DEMO
NEWS00949,DEMO_NEWS_PLACEHOLDER,,Demo supply-chain disruption article 0949,Synthetic placeholder for pipeline testing. Replace/augment using NewsAPI.,,2026-09-13T11:00:00+00:00,Synthetic/demo content only.,demo,2026-09-23T00:00:00+00:00,SYNTHETIC_DEMO
NEWS00950,DEMO_NEWS_PLACEHOLDER,,Demo supply-chain disruption article 0950,Synthetic placeholder for pipeline testing. Replace/augment using NewsAPI.,,2026-09-13T10:00:00+00:00,Synthetic/demo content only.,demo,2026-09-23T00:00:00+00:00,SYNTHETIC_DEMO
NEWS00951,DEMO_NEWS_PLACEHOLDER,,Demo supply-chain disruption article 0951,Synthetic placeholder for pipeline testing. Replace/augment using NewsAPI.,,2026-09-13T09:00:00+00:00,Synthetic/demo content only.,demo,2026-09-23T00:00:00+00:00,SYNTHETIC_DEMO
NEWS00952,DEMO_NEWS_PLACEHOLDER,,Demo supply-chain disruption article 0952,Synthetic placeholder for pipeline testing. Replace/augment using NewsAPI.,,2026-09-13T08:00:00+00:00,Synthetic/demo content only.,demo,2026-09-23T00:00:00+00:00,SYNTHETIC_DEMO
NEWS00953,DEMO_NEWS_PLACEHOLDER,,Demo supply-chain disruption article 0953,Synthetic placeholder for pipeline testing. Replace/augment using NewsAPI.,,2026-09-13T07:00:00+00:00,Synthetic/demo content only.,demo,2026-09-23T00:00:00+00:00,SYNTHETIC_DEMO
NEWS00954,DEMO_NEWS_PLACEHOLDER,,Demo supply-chain disruption article 0954,Synthetic placeholder for pipeline testing. Replace/augment using NewsAPI.,,2026-09-13T06:00:00+00:00,Synthetic/demo content only.,demo,2026-09-23T00:00:00+00:00,SYNTHETIC_DEMO
NEWS00955,DEMO_NEWS_PLACEHOLDER,,Demo supply-chain disruption article 0955,Synthetic placeholder for pipeline testing. Replace/augment using NewsAPI.,,2026-09-13T05:00:00+00:00,Synthetic/demo content only.,demo,2026-09-23T00:00:00+00:00,SYNTHETIC_DEMO
NEWS00956,DEMO_NEWS_PLACEHOLDER,,Demo supply-chain disruption article 0956,Synthetic placeholder for pipeline testing. Replace/augment using NewsAPI.,,2026-09-13T04:00:00+00:00,Synthetic/demo content only.,demo,2026-09-23T00:00:00+00:00,SYNTHETIC_DEMO
NEWS00957,DEMO_NEWS_PLACEHOLDER,,Demo supply-chain disruption article 0957,Synthetic placeholder for pipeline testing. Replace/augment using NewsAPI.,,2026-09-13T03:00:00+00:00,Synthetic/demo content only.,demo,2026-09-23T00:00:00+00:00,SYNTHETIC_DEMO
NEWS00958,DEMO_NEWS_PLACEHOLDER,,Demo supply-chain disruption article 0958,Synthetic placeholder for pipeline testing. Replace/augment using NewsAPI.,,2026-09-13T02:00:00+00:00,Synthetic/demo content only.,demo,2026-09-23T00:00:00+00:00,SYNTHETIC_DEMO
NEWS00959,DEMO_NEWS_PLACEHOLDER,,Demo supply-chain disruption article 0959,Synthetic placeholder for pipeline testing. Replace/augment using NewsAPI.,,2026-09-13T01:00:00+00:00,Synthetic/demo content only.,demo,2026-09-23T00:00:00+00:00,SYNTHETIC_DEMO
NEWS00960,DEMO_NEWS_PLACEHOLDER,,Demo supply-chain disruption article 0960,Synthetic placeholder for pipeline testing. Replace/augment using NewsAPI.,,2026-09-13T00:00:00+00:00,Synthetic/demo content only.,demo,2026-09-23T00:00:00+00:00,SYNTHETIC_DEMO
NEWS00961,DEMO_NEWS_PLACEHOLDER,,Demo supply-chain disruption article 0961,Synthetic placeholder for pipeline testing. Replace/augment using NewsAPI.,,2026-09-12T23:00:00+00:00,Synthetic/demo content only.,demo,2026-09-23T00:00:00+00:00,SYNTHETIC_DEMO
NEWS00962,DEMO_NEWS_PLACEHOLDER,,Demo supply-chain disruption article 0962,Synthetic placeholder for pipeline testing. Replace/augment using NewsAPI.,,2026-09-12T22:00:00+00:00,Synthetic/demo content only.,demo,2026-09-23T00:00:00+00:00,SYNTHETIC_DEMO
NEWS00963,DEMO_NEWS_PLACEHOLDER,,Demo supply-chain disruption article 0963,Synthetic placeholder for pipeline testing. Replace/augment using NewsAPI.,,2026-09-12T21:00:00+00:00,Synthetic/demo content only.,demo,2026-09-23T00:00:00+00:00,SYNTHETIC_DEMO
NEWS00964,DEMO_NEWS_PLACEHOLDER,,Demo supply-chain disruption article 0964,Synthetic placeholder for pipeline testing. Replace/augment using NewsAPI.,,2026-09-12T20:00:00+00:00,Synthetic/demo content only.,demo,2026-09-23T00:00:00+00:00,SYNTHETIC_DEMO
NEWS00965,DEMO_NEWS_PLACEHOLDER,,Demo supply-chain disruption article 0965,Synthetic placeholder for pipeline testing. Replace/augment using NewsAPI.,,2026-09-12T19:00:00+00:00,Synthetic/demo content only.,demo,2026-09-23T00:00:00+00:00,SYNTHETIC_DEMO
NEWS00966,DEMO_NEWS_PLACEHOLDER,,Demo supply-chain disruption article 0966,Synthetic placeholder for pipeline testing. Replace/augment using NewsAPI.,,2026-09-12T18:00:00+00:00,Synthetic/demo content only.,demo,2026-09-23T00:00:00+00:00,SYNTHETIC_DEMO
NEWS00967,DEMO_NEWS_PLACEHOLDER,,Demo supply-chain disruption article 0967,Synthetic placeholder for pipeline testing. Replace/augment using NewsAPI.,,2026-09-12T17:00:00+00:00,Synthetic/demo content only.,demo,2026-09-23T00:00:00+00:00,SYNTHETIC_DEMO
NEWS00968,DEMO_NEWS_PLACEHOLDER,,Demo supply-chain disruption article 0968,Synthetic placeholder for pipeline testing. Replace/augment using NewsAPI.,,2026-09-12T16:00:00+00:00,Synthetic/demo content only.,demo,2026-09-23T00:00:00+00:00,SYNTHETIC_DEMO
NEWS00969,DEMO_NEWS_PLACEHOLDER,,Demo supply-chain disruption article 0969,Synthetic placeholder for pipeline testing. Replace/augment using NewsAPI.,,2026-09-12T15:00:00+00:00,Synthetic/demo content only.,demo,2026-09-23T00:00:00+00:00,SYNTHETIC_DEMO
NEWS00970,DEMO_NEWS_PLACEHOLDER,,Demo supply-chain disruption article 0970,Synthetic placeholder for pipeline testing. Replace/augment using NewsAPI.,,2026-09-12T14:00:00+00:00,Synthetic/demo content only.,demo,2026-09-23T00:00:00+00:00,SYNTHETIC_DEMO
NEWS00971,DEMO_NEWS_PLACEHOLDER,,Demo supply-chain disruption article 0971,Synthetic placeholder for pipeline testing. Replace/augment using NewsAPI.,,2026-09-12T13:00:00+00:00,Synthetic/demo content only.,demo,2026-09-23T00:00:00+00:00,SYNTHETIC_DEMO
NEWS00972,DEMO_NEWS_PLACEHOLDER,,Demo supply-chain disruption article 0972,Synthetic placeholder for pipeline testing. Replace/augment using NewsAPI.,,2026-09-12T12:00:00+00:00,Synthetic/demo content only.,demo,2026-09-23T00:00:00+00:00,SYNTHETIC_DEMO
NEWS00973,DEMO_NEWS_PLACEHOLDER,,Demo supply-chain disruption article 0973,Synthetic placeholder for pipeline testing. Replace/augment using NewsAPI.,,2026-09-12T11:00:00+00:00,Synthetic/demo content only.,demo,2026-09-23T00:00:00+00:00,SYNTHETIC_DEMO
NEWS00974,DEMO_NEWS_PLACEHOLDER,,Demo supply-chain disruption article 0974,Synthetic placeholder for pipeline testing. Replace/augment using NewsAPI.,,2026-09-12T10:00:00+00:00,Synthetic/demo content only.,demo,2026-09-23T00:00:00+00:00,SYNTHETIC_DEMO
NEWS00975,DEMO_NEWS_PLACEHOLDER,,Demo supply-chain disruption article 0975,Synthetic placeholder for pipeline testing. Replace/augment using NewsAPI.,,2026-09-12T09:00:00+00:00,Synthetic/demo content only.,demo,2026-09-23T00:00:00+00:00,SYNTHETIC_DEMO
NEWS00976,DEMO_NEWS_PLACEHOLDER,,Demo supply-chain disruption article 0976,Synthetic placeholder for pipeline testing. Replace/augment using NewsAPI.,,2026-09-12T08:00:00+00:00,Synthetic/demo content only.,demo,2026-09-23T00:00:00+00:00,SYNTHETIC_DEMO
NEWS00977,DEMO_NEWS_PLACEHOLDER,,Demo supply-chain disruption article 0977,Synthetic placeholder for pipeline testing. Replace/augment using NewsAPI.,,2026-09-12T07:00:00+00:00,Synthetic/demo content only.,demo,2026-09-23T00:00:00+00:00,SYNTHETIC_DEMO
NEWS00978,DEMO_NEWS_PLACEHOLDER,,Demo supply-chain disruption article 0978,Synthetic placeholder for pipeline testing. Replace/augment using NewsAPI.,,2026-09-12T06:00:00+00:00,Synthetic/demo content only.,demo,2026-09-23T00:00:00+00:00,SYNTHETIC_DEMO
NEWS00979,DEMO_NEWS_PLACEHOLDER,,Demo supply-chain disruption article 0979,Synthetic placeholder for pipeline testing. Replace/augment using NewsAPI.,,2026-09-12T05:00:00+00:00,Synthetic/demo content only.,demo,2026-09-23T00:00:00+00:00,SYNTHETIC_DEMO
NEWS00980,DEMO_NEWS_PLACEHOLDER,,Demo supply-chain disruption article 0980,Synthetic placeholder for pipeline testing. Replace/augment using NewsAPI.,,2026-09-12T04:00:00+00:00,Synthetic/demo content only.,demo,2026-09-23T00:00:00+00:00,SYNTHETIC_DEMO
NEWS00981,DEMO_NEWS_PLACEHOLDER,,Demo supply-chain disruption article 0981,Synthetic placeholder for pipeline testing. Replace/augment using NewsAPI.,,2026-09-12T03:00:00+00:00,Synthetic/demo content only.,demo,2026-09-23T00:00:00+00:00,SYNTHETIC_DEMO
NEWS00982,DEMO_NEWS_PLACEHOLDER,,Demo supply-chain disruption article 0982,Synthetic placeholder for pipeline testing. Replace/augment using NewsAPI.,,2026-09-12T02:00:00+00:00,Synthetic/demo content only.,demo,2026-09-23T00:00:00+00:00,SYNTHETIC_DEMO
NEWS00983,DEMO_NEWS_PLACEHOLDER,,Demo supply-chain disruption article 0983,Synthetic placeholder for pipeline testing. Replace/augment using NewsAPI.,,2026-09-12T01:00:00+00:00,Synthetic/demo content only.,demo,2026-09-23T00:00:00+00:00,SYNTHETIC_DEMO
NEWS00984,DEMO_NEWS_PLACEHOLDER,,Demo supply-chain disruption article 0984,Synthetic placeholder for pipeline testing. Replace/augment using NewsAPI.,,2026-09-12T00:00:00+00:00,Synthetic/demo content only.,demo,2026-09-23T00:00:00+00:00,SYNTHETIC_DEMO
NEWS00985,DEMO_NEWS_PLACEHOLDER,,Demo supply-chain disruption article 0985,Synthetic placeholder for pipeline testing. Replace/augment using NewsAPI.,,2026-09-11T23:00:00+00:00,Synthetic/demo content only.,demo,2026-09-23T00:00:00+00:00,SYNTHETIC_DEMO
NEWS00986,DEMO_NEWS_PLACEHOLDER,,Demo supply-chain disruption article 0986,Synthetic placeholder for pipeline testing. Replace/augment using NewsAPI.,,2026-09-11T22:00:00+00:00,Synthetic/demo content only.,demo,2026-09-23T00:00:00+00:00,SYNTHETIC_DEMO
NEWS00987,DEMO_NEWS_PLACEHOLDER,,Demo supply-chain disruption article 0987,Synthetic placeholder for pipeline testing. Replace/augment using NewsAPI.,,2026-09-11T21:00:00+00:00,Synthetic/demo content only.,demo,2026-09-23T00:00:00+00:00,SYNTHETIC_DEMO
NEWS00988,DEMO_NEWS_PLACEHOLDER,,Demo supply-chain disruption article 0988,Synthetic placeholder for pipeline testing. Replace/augment using NewsAPI.,,2026-09-11T20:00:00+00:00,Synthetic/demo content only.,demo,2026-09-23T00:00:00+00:00,SYNTHETIC_DEMO
NEWS00989,DEMO_NEWS_PLACEHOLDER,,Demo supply-chain disruption article 0989,Synthetic placeholder for pipeline testing. Replace/augment using NewsAPI.,,2026-09-11T19:00:00+00:00,Synthetic/demo content only.,demo,2026-09-23T00:00:00+00:00,SYNTHETIC_DEMO
NEWS00990,DEMO_NEWS_PLACEHOLDER,,Demo supply-chain disruption article 0990,Synthetic placeholder for pipeline testing. Replace/augment using NewsAPI.,,2026-09-11T18:00:00+00:00,Synthetic/demo content only.,demo,2026-09-23T00:00:00+00:00,SYNTHETIC_DEMO
NEWS00991,DEMO_NEWS_PLACEHOLDER,,Demo supply-chain disruption article 0991,Synthetic placeholder for pipeline testing. Replace/augment using NewsAPI.,,2026-09-11T17:00:00+00:00,Synthetic/demo content only.,demo,2026-09-23T00:00:00+00:00,SYNTHETIC_DEMO
NEWS00992,DEMO_NEWS_PLACEHOLDER,,Demo supply-chain disruption article 0992,Synthetic placeholder for pipeline testing. Replace/augment using NewsAPI.,,2026-09-11T16:00:00+00:00,Synthetic/demo content only.,demo,2026-09-23T00:00:00+00:00,SYNTHETIC_DEMO
NEWS00993,DEMO_NEWS_PLACEHOLDER,,Demo supply-chain disruption article 0993,Synthetic placeholder for pipeline testing. Replace/augment using NewsAPI.,,2026-09-11T15:00:00+00:00,Synthetic/demo content only.,demo,2026-09-23T00:00:00+00:00,SYNTHETIC_DEMO
NEWS00994,DEMO_NEWS_PLACEHOLDER,,Demo supply-chain disruption article 0994,Synthetic placeholder for pipeline testing. Replace/augment using NewsAPI.,,2026-09-11T14:00:00+00:00,Synthetic/demo content only.,demo,2026-09-23T00:00:00+00:00,SYNTHETIC_DEMO
NEWS00995,DEMO_NEWS_PLACEHOLDER,,Demo supply-chain disruption article 0995,Synthetic placeholder for pipeline testing. Replace/augment using NewsAPI.,,2026-09-11T13:00:00+00:00,Synthetic/demo content only.,demo,2026-09-23T00:00:00+00:00,SYNTHETIC_DEMO
NEWS00996,DEMO_NEWS_PLACEHOLDER,,Demo supply-chain disruption article 0996,Synthetic placeholder for pipeline testing. Replace/augment using NewsAPI.,,2026-09-11T12:00:00+00:00,Synthetic/demo content only.,demo,2026-09-23T00:00:00+00:00,SYNTHETIC_DEMO
NEWS00997,DEMO_NEWS_PLACEHOLDER,,Demo supply-chain disruption article 0997,Synthetic placeholder for pipeline testing. Replace/augment using NewsAPI.,,2026-09-11T11:00:00+00:00,Synthetic/demo content only.,demo,2026-09-23T00:00:00+00:00,SYNTHETIC_DEMO
NEWS00998,DEMO_NEWS_PLACEHOLDER,,Demo supply-chain disruption article 0998,Synthetic placeholder for pipeline testing. Replace/augment using NewsAPI.,,2026-09-11T10:00:00+00:00,Synthetic/demo content only.,demo,2026-09-23T00:00:00+00:00,SYNTHETIC_DEMO
NEWS00999,DEMO_NEWS_PLACEHOLDER,,Demo supply-chain disruption article 0999,Synthetic placeholder for pipeline testing. Replace/augment using NewsAPI.,,2026-09-11T09:00:00+00:00,Synthetic/demo content only.,demo,2026-09-23T00:00:00+00:00,SYNTHETIC_DEMO
NEWS01000,DEMO_NEWS_PLACEHOLDER,,Demo supply-chain disruption article 1000,Synthetic placeholder for pipeline testing. Replace/augment using NewsAPI.,,2026-09-11T08:00:00+00:00,Synthetic/demo content only.,demo,2026-09-23T00:00:00+00:00,SYNTHETIC_DEMO
NEWSAPI-20261003071804-0002,Daily Post Nigeria,Sunday Dennis,Transporters protest illegal checkpoints along Lagos ports corridor,"The National Executive Council of the Council of Maritime Transport Unions and Associations, COMTUA, has accused the Lagos State Trucks and Cargo Operations Committee, LASTCOC, of disregarding a resolution reached at a peace meeting convened by the Commission…",https://dailypost.ng/2026/10/03/transporters-protest-illegal-checkpoints-along-lagos-ports-corridor/,2026-10-03T07:18:04Z,"The National Executive Council of the Council of Maritime Transport Unions and Associations, COMTUA, has accused the Lagos State Trucks and Cargo Operations Committee, LASTCOC, of disregarding a reso… [+4312 chars]",ports logistics,2026-10-04T12:37:43+00:00,REAL_DATA
