entity_id,entity_type,event_severity,geographic_exposure,supplier_criticality,dependency_strength,deterministic_risk,graph_propagation_risk,combined_risk,label_status,data_status
SUP00001,SUPPLIER,1.0,0.7554,0.3686,0.3336,0.6477,MODEL_OUTPUT_PENDING,MODEL_OUTPUT_PENDING,DEMO_HEURISTIC_LABEL,SYNTHETIC_DEMO
SUP00002,SUPPLIER,0.4,0.8762,0.8194,0.9127,0.7264,MODEL_OUTPUT_PENDING,MODEL_OUTPUT_PENDING,DEMO_HEURISTIC_LABEL,SYNTHETIC_DEMO
SUP00003,SUPPLIER,0.4,0.4215,0.6682,0.7622,0.5449,MODEL_OUTPUT_PENDING,MODEL_OUTPUT_PENDING,DEMO_HEURISTIC_LABEL,SYNTHETIC_DEMO
SUP00004,SUPPLIER,0.8,0.93,0.6582,0.7492,0.7869,MODEL_OUTPUT_PENDING,MODEL_OUTPUT_PENDING,DEMO_HEURISTIC_LABEL,SYNTHETIC_DEMO
SUP00005,SUPPLIER,0.4,0.5043,0.6622,0.5008,0.5118,MODEL_OUTPUT_PENDING,MODEL_OUTPUT_PENDING,DEMO_HEURISTIC_LABEL,SYNTHETIC_DEMO
SUP00006,SUPPLIER,0.2,0.3475,0.7124,0.9078,0.5066,MODEL_OUTPUT_PENDING,MODEL_OUTPUT_PENDING,DEMO_HEURISTIC_LABEL,SYNTHETIC_DEMO
SUP00007,SUPPLIER,0.2,0.8332,0.7307,0.9811,0.6472,MODEL_OUTPUT_PENDING,MODEL_OUTPUT_PENDING,DEMO_HEURISTIC_LABEL,SYNTHETIC_DEMO
SUP00008,SUPPLIER,0.6,0.6628,0.3802,0.6459,0.5699,MODEL_OUTPUT_PENDING,MODEL_OUTPUT_PENDING,DEMO_HEURISTIC_LABEL,SYNTHETIC_DEMO
SUP00009,SUPPLIER,0.8,0.2057,0.9491,0.6391,0.6565,MODEL_OUTPUT_PENDING,MODEL_OUTPUT_PENDING,DEMO_HEURISTIC_LABEL,SYNTHETIC_DEMO
SUP00010,SUPPLIER,0.6,0.6995,0.4654,0.8136,0.6339,MODEL_OUTPUT_PENDING,MODEL_OUTPUT_PENDING,DEMO_HEURISTIC_LABEL,SYNTHETIC_DEMO
SUP00011,SUPPLIER,0.8,0.3296,0.3812,0.4135,0.5004,MODEL_OUTPUT_PENDING,MODEL_OUTPUT_PENDING,DEMO_HEURISTIC_LABEL,SYNTHETIC_DEMO
SUP00012,SUPPLIER,0.6,0.9933,0.6281,0.3355,0.6524,MODEL_OUTPUT_PENDING,MODEL_OUTPUT_PENDING,DEMO_HEURISTIC_LABEL,SYNTHETIC_DEMO
SUP00013,SUPPLIER,0.2,0.5885,0.4434,0.5951,0.437,MODEL_OUTPUT_PENDING,MODEL_OUTPUT_PENDING,DEMO_HEURISTIC_LABEL,SYNTHETIC_DEMO
SUP00014,SUPPLIER,0.2,0.7591,0.7317,0.6286,0.5584,MODEL_OUTPUT_PENDING,MODEL_OUTPUT_PENDING,DEMO_HEURISTIC_LABEL,SYNTHETIC_DEMO
SUP00015,SUPPLIER,0.8,0.5552,0.6197,0.9792,0.7296,MODEL_OUTPUT_PENDING,MODEL_OUTPUT_PENDING,DEMO_HEURISTIC_LABEL,SYNTHETIC_DEMO
SUP00016,SUPPLIER,0.6,0.8092,0.6234,0.4499,0.6281,MODEL_OUTPUT_PENDING,MODEL_OUTPUT_PENDING,DEMO_HEURISTIC_LABEL,SYNTHETIC_DEMO
SUP00017,SUPPLIER,0.4,0.577,0.9637,0.768,0.6588,MODEL_OUTPUT_PENDING,MODEL_OUTPUT_PENDING,DEMO_HEURISTIC_LABEL,SYNTHETIC_DEMO
SUP00018,SUPPLIER,0.4,0.8723,0.5457,0.6072,0.5959,MODEL_OUTPUT_PENDING,MODEL_OUTPUT_PENDING,DEMO_HEURISTIC_LABEL,SYNTHETIC_DEMO
SUP00019,SUPPLIER,0.4,0.3127,0.2293,0.7797,0.4114,MODEL_OUTPUT_PENDING,MODEL_OUTPUT_PENDING,DEMO_HEURISTIC_LABEL,SYNTHETIC_DEMO
SUP00020,SUPPLIER,1.0,0.5937,0.2374,0.2538,0.5585,MODEL_OUTPUT_PENDING,MODEL_OUTPUT_PENDING,DEMO_HEURISTIC_LABEL,SYNTHETIC_DEMO
SUP00021,SUPPLIER,0.6,0.7962,0.3316,0.4967,0.5613,MODEL_OUTPUT_PENDING,MODEL_OUTPUT_PENDING,DEMO_HEURISTIC_LABEL,SYNTHETIC_DEMO
SUP00022,SUPPLIER,1.0,0.7003,0.2971,0.8772,0.7248,MODEL_OUTPUT_PENDING,MODEL_OUTPUT_PENDING,DEMO_HEURISTIC_LABEL,SYNTHETIC_DEMO
SUP00023,SUPPLIER,0.2,0.9519,0.9886,0.6502,0.6752,MODEL_OUTPUT_PENDING,MODEL_OUTPUT_PENDING,DEMO_HEURISTIC_LABEL,SYNTHETIC_DEMO
SUP00024,SUPPLIER,0.8,0.4338,0.2138,0.613,0.5245,MODEL_OUTPUT_PENDING,MODEL_OUTPUT_PENDING,DEMO_HEURISTIC_LABEL,SYNTHETIC_DEMO
SUP00025,SUPPLIER,0.4,0.5099,0.2312,0.6151,0.4283,MODEL_OUTPUT_PENDING,MODEL_OUTPUT_PENDING,DEMO_HEURISTIC_LABEL,SYNTHETIC_DEMO
SUP00026,SUPPLIER,0.8,0.8521,0.9655,0.5757,0.8095,MODEL_OUTPUT_PENDING,MODEL_OUTPUT_PENDING,DEMO_HEURISTIC_LABEL,SYNTHETIC_DEMO
SUP00027,SUPPLIER,1.0,0.7322,0.2519,0.5717,0.6604,MODEL_OUTPUT_PENDING,MODEL_OUTPUT_PENDING,DEMO_HEURISTIC_LABEL,SYNTHETIC_DEMO
SUP00028,SUPPLIER,0.6,0.3124,0.2401,0.9133,0.5008,MODEL_OUTPUT_PENDING,MODEL_OUTPUT_PENDING,DEMO_HEURISTIC_LABEL,SYNTHETIC_DEMO
SUP00029,SUPPLIER,1.0,0.9229,0.696,0.7492,0.8546,MODEL_OUTPUT_PENDING,MODEL_OUTPUT_PENDING,DEMO_HEURISTIC_LABEL,SYNTHETIC_DEMO
SUP00030,SUPPLIER,0.4,0.6587,0.285,0.6184,0.4796,MODEL_OUTPUT_PENDING,MODEL_OUTPUT_PENDING,DEMO_HEURISTIC_LABEL,SYNTHETIC_DEMO
SUP00031,SUPPLIER,0.8,0.9049,0.8178,0.799,0.8305,MODEL_OUTPUT_PENDING,MODEL_OUTPUT_PENDING,DEMO_HEURISTIC_LABEL,SYNTHETIC_DEMO
SUP00032,SUPPLIER,0.8,0.6903,0.6479,0.6447,0.7035,MODEL_OUTPUT_PENDING,MODEL_OUTPUT_PENDING,DEMO_HEURISTIC_LABEL,SYNTHETIC_DEMO
SUP00033,SUPPLIER,0.8,0.3406,0.2643,0.8839,0.568,MODEL_OUTPUT_PENDING,MODEL_OUTPUT_PENDING,DEMO_HEURISTIC_LABEL,SYNTHETIC_DEMO
SUP00034,SUPPLIER,1.0,0.516,0.9278,0.3803,0.737,MODEL_OUTPUT_PENDING,MODEL_OUTPUT_PENDING,DEMO_HEURISTIC_LABEL,SYNTHETIC_DEMO
SUP00035,SUPPLIER,0.6,0.4587,0.5806,0.9985,0.6395,MODEL_OUTPUT_PENDING,MODEL_OUTPUT_PENDING,DEMO_HEURISTIC_LABEL,SYNTHETIC_DEMO
SUP00036,SUPPLIER,0.4,0.6223,0.2937,0.7998,0.509,MODEL_OUTPUT_PENDING,MODEL_OUTPUT_PENDING,DEMO_HEURISTIC_LABEL,SYNTHETIC_DEMO
SUP00037,SUPPLIER,0.8,0.2612,0.2856,0.4622,0.4691,MODEL_OUTPUT_PENDING,MODEL_OUTPUT_PENDING,DEMO_HEURISTIC_LABEL,SYNTHETIC_DEMO
SUP00038,SUPPLIER,1.0,0.4385,0.6666,0.2379,0.6239,MODEL_OUTPUT_PENDING,MODEL_OUTPUT_PENDING,DEMO_HEURISTIC_LABEL,SYNTHETIC_DEMO
SUP00039,SUPPLIER,1.0,0.827,0.2802,0.7506,0.7269,MODEL_OUTPUT_PENDING,MODEL_OUTPUT_PENDING,DEMO_HEURISTIC_LABEL,SYNTHETIC_DEMO
SUP00040,SUPPLIER,0.6,0.3609,0.8312,0.4687,0.5718,MODEL_OUTPUT_PENDING,MODEL_OUTPUT_PENDING,DEMO_HEURISTIC_LABEL,SYNTHETIC_DEMO
SUP00041,SUPPLIER,0.6,0.8634,0.6649,0.9243,0.747,MODEL_OUTPUT_PENDING,MODEL_OUTPUT_PENDING,DEMO_HEURISTIC_LABEL,SYNTHETIC_DEMO
SUP00042,SUPPLIER,0.2,0.243,0.7537,0.4263,0.3944,MODEL_OUTPUT_PENDING,MODEL_OUTPUT_PENDING,DEMO_HEURISTIC_LABEL,SYNTHETIC_DEMO
SUP00043,SUPPLIER,0.6,0.9424,0.3134,0.4728,0.5885,MODEL_OUTPUT_PENDING,MODEL_OUTPUT_PENDING,DEMO_HEURISTIC_LABEL,SYNTHETIC_DEMO
SUP00044,SUPPLIER,1.0,0.5561,0.5884,0.8986,0.7658,MODEL_OUTPUT_PENDING,MODEL_OUTPUT_PENDING,DEMO_HEURISTIC_LABEL,SYNTHETIC_DEMO
SUP00045,SUPPLIER,1.0,0.6496,0.7602,0.8571,0.8239,MODEL_OUTPUT_PENDING,MODEL_OUTPUT_PENDING,DEMO_HEURISTIC_LABEL,SYNTHETIC_DEMO
SUP00046,SUPPLIER,0.6,0.3469,0.4812,0.6823,0.5235,MODEL_OUTPUT_PENDING,MODEL_OUTPUT_PENDING,DEMO_HEURISTIC_LABEL,SYNTHETIC_DEMO
SUP00047,SUPPLIER,0.6,0.8152,0.2588,0.522,0.5529,MODEL_OUTPUT_PENDING,MODEL_OUTPUT_PENDING,DEMO_HEURISTIC_LABEL,SYNTHETIC_DEMO
SUP00048,SUPPLIER,0.4,0.9895,0.7124,0.4803,0.6415,MODEL_OUTPUT_PENDING,MODEL_OUTPUT_PENDING,DEMO_HEURISTIC_LABEL,SYNTHETIC_DEMO
SUP00049,SUPPLIER,0.8,0.3301,0.8908,0.3417,0.6136,MODEL_OUTPUT_PENDING,MODEL_OUTPUT_PENDING,DEMO_HEURISTIC_LABEL,SYNTHETIC_DEMO
SUP00050,SUPPLIER,0.4,0.2179,0.4193,0.3853,0.3563,MODEL_OUTPUT_PENDING,MODEL_OUTPUT_PENDING,DEMO_HEURISTIC_LABEL,SYNTHETIC_DEMO
SUP00051,SUPPLIER,0.2,0.9011,0.9999,0.4364,0.6225,MODEL_OUTPUT_PENDING,MODEL_OUTPUT_PENDING,DEMO_HEURISTIC_LABEL,SYNTHETIC_DEMO
SUP00052,SUPPLIER,0.2,0.6849,0.7884,0.5956,0.5474,MODEL_OUTPUT_PENDING,MODEL_OUTPUT_PENDING,DEMO_HEURISTIC_LABEL,SYNTHETIC_DEMO
SUP00053,SUPPLIER,0.4,0.8834,0.993,0.4463,0.6784,MODEL_OUTPUT_PENDING,MODEL_OUTPUT_PENDING,DEMO_HEURISTIC_LABEL,SYNTHETIC_DEMO
SUP00054,SUPPLIER,0.8,0.2115,0.9668,0.8705,0.7087,MODEL_OUTPUT_PENDING,MODEL_OUTPUT_PENDING,DEMO_HEURISTIC_LABEL,SYNTHETIC_DEMO
SUP00055,SUPPLIER,0.8,0.4459,0.5477,0.834,0.6552,MODEL_OUTPUT_PENDING,MODEL_OUTPUT_PENDING,DEMO_HEURISTIC_LABEL,SYNTHETIC_DEMO
SUP00056,SUPPLIER,1.0,0.9039,0.503,0.627,0.7771,MODEL_OUTPUT_PENDING,MODEL_OUTPUT_PENDING,DEMO_HEURISTIC_LABEL,SYNTHETIC_DEMO
SUP00057,SUPPLIER,0.2,0.3757,0.5075,0.7467,0.4301,MODEL_OUTPUT_PENDING,MODEL_OUTPUT_PENDING,DEMO_HEURISTIC_LABEL,SYNTHETIC_DEMO
SUP00058,SUPPLIER,0.8,0.7984,0.8849,0.9978,0.8604,MODEL_OUTPUT_PENDING,MODEL_OUTPUT_PENDING,DEMO_HEURISTIC_LABEL,SYNTHETIC_DEMO
SUP00059,SUPPLIER,0.2,0.2302,0.7042,0.4275,0.3791,MODEL_OUTPUT_PENDING,MODEL_OUTPUT_PENDING,DEMO_HEURISTIC_LABEL,SYNTHETIC_DEMO
SUP00060,SUPPLIER,0.8,0.9367,0.6238,0.7142,0.773,MODEL_OUTPUT_PENDING,MODEL_OUTPUT_PENDING,DEMO_HEURISTIC_LABEL,SYNTHETIC_DEMO
SUP00061,SUPPLIER,0.4,0.6633,0.6889,0.6284,0.5837,MODEL_OUTPUT_PENDING,MODEL_OUTPUT_PENDING,DEMO_HEURISTIC_LABEL,SYNTHETIC_DEMO
SUP00062,SUPPLIER,0.4,0.6591,0.236,0.2848,0.4007,MODEL_OUTPUT_PENDING,MODEL_OUTPUT_PENDING,DEMO_HEURISTIC_LABEL,SYNTHETIC_DEMO
SUP00063,SUPPLIER,0.4,0.629,0.6025,0.2965,0.4872,MODEL_OUTPUT_PENDING,MODEL_OUTPUT_PENDING,DEMO_HEURISTIC_LABEL,SYNTHETIC_DEMO
SUP00064,SUPPLIER,0.2,0.2689,0.462,0.5749,0.3577,MODEL_OUTPUT_PENDING,MODEL_OUTPUT_PENDING,DEMO_HEURISTIC_LABEL,SYNTHETIC_DEMO
SUP00065,SUPPLIER,0.8,0.2179,0.8182,0.2903,0.5571,MODEL_OUTPUT_PENDING,MODEL_OUTPUT_PENDING,DEMO_HEURISTIC_LABEL,SYNTHETIC_DEMO
SUP00066,SUPPLIER,0.2,0.4697,0.8497,0.891,0.5681,MODEL_OUTPUT_PENDING,MODEL_OUTPUT_PENDING,DEMO_HEURISTIC_LABEL,SYNTHETIC_DEMO
SUP00067,SUPPLIER,0.2,0.6391,0.7003,0.9947,0.5938,MODEL_OUTPUT_PENDING,MODEL_OUTPUT_PENDING,DEMO_HEURISTIC_LABEL,SYNTHETIC_DEMO
SUP00068,SUPPLIER,0.4,0.4669,0.2864,0.2623,0.3608,MODEL_OUTPUT_PENDING,MODEL_OUTPUT_PENDING,DEMO_HEURISTIC_LABEL,SYNTHETIC_DEMO
SUP00069,SUPPLIER,0.4,0.4735,0.3231,0.6071,0.4406,MODEL_OUTPUT_PENDING,MODEL_OUTPUT_PENDING,DEMO_HEURISTIC_LABEL,SYNTHETIC_DEMO
SUP00070,SUPPLIER,0.4,0.5432,0.6982,0.6163,0.5536,MODEL_OUTPUT_PENDING,MODEL_OUTPUT_PENDING,DEMO_HEURISTIC_LABEL,SYNTHETIC_DEMO
SUP00071,SUPPLIER,0.8,0.5431,0.9624,0.642,0.7448,MODEL_OUTPUT_PENDING,MODEL_OUTPUT_PENDING,DEMO_HEURISTIC_LABEL,SYNTHETIC_DEMO
SUP00072,SUPPLIER,0.4,0.5622,0.2879,0.307,0.3939,MODEL_OUTPUT_PENDING,MODEL_OUTPUT_PENDING,DEMO_HEURISTIC_LABEL,SYNTHETIC_DEMO
SUP00073,SUPPLIER,0.8,0.5359,0.9065,0.4523,0.691,MODEL_OUTPUT_PENDING,MODEL_OUTPUT_PENDING,DEMO_HEURISTIC_LABEL,SYNTHETIC_DEMO
SUP00074,SUPPLIER,0.6,0.2788,0.2584,0.9386,0.502,MODEL_OUTPUT_PENDING,MODEL_OUTPUT_PENDING,DEMO_HEURISTIC_LABEL,SYNTHETIC_DEMO
SUP00075,SUPPLIER,0.6,0.8903,0.6645,0.3299,0.6347,MODEL_OUTPUT_PENDING,MODEL_OUTPUT_PENDING,DEMO_HEURISTIC_LABEL,SYNTHETIC_DEMO
SUP00076,SUPPLIER,1.0,0.4282,0.2561,0.9631,0.6637,MODEL_OUTPUT_PENDING,MODEL_OUTPUT_PENDING,DEMO_HEURISTIC_LABEL,SYNTHETIC_DEMO
SUP00077,SUPPLIER,0.2,0.3731,0.2712,0.656,0.3523,MODEL_OUTPUT_PENDING,MODEL_OUTPUT_PENDING,DEMO_HEURISTIC_LABEL,SYNTHETIC_DEMO
SUP00078,SUPPLIER,1.0,0.3453,0.6322,0.6264,0.6697,MODEL_OUTPUT_PENDING,MODEL_OUTPUT_PENDING,DEMO_HEURISTIC_LABEL,SYNTHETIC_DEMO
SUP00079,SUPPLIER,0.4,0.6999,0.3984,0.4998,0.4945,MODEL_OUTPUT_PENDING,MODEL_OUTPUT_PENDING,DEMO_HEURISTIC_LABEL,SYNTHETIC_DEMO
SUP00080,SUPPLIER,1.0,0.7792,0.3326,0.2064,0.6192,MODEL_OUTPUT_PENDING,MODEL_OUTPUT_PENDING,DEMO_HEURISTIC_LABEL,SYNTHETIC_DEMO
SUP00081,SUPPLIER,1.0,0.2352,0.9308,0.5113,0.6937,MODEL_OUTPUT_PENDING,MODEL_OUTPUT_PENDING,DEMO_HEURISTIC_LABEL,SYNTHETIC_DEMO
SUP00082,SUPPLIER,1.0,0.8458,0.7643,0.2866,0.7598,MODEL_OUTPUT_PENDING,MODEL_OUTPUT_PENDING,DEMO_HEURISTIC_LABEL,SYNTHETIC_DEMO
SUP00083,SUPPLIER,1.0,0.7968,0.8934,0.7096,0.8644,MODEL_OUTPUT_PENDING,MODEL_OUTPUT_PENDING,DEMO_HEURISTIC_LABEL,SYNTHETIC_DEMO
SUP00084,SUPPLIER,0.2,0.4123,0.9016,0.8279,0.554,MODEL_OUTPUT_PENDING,MODEL_OUTPUT_PENDING,DEMO_HEURISTIC_LABEL,SYNTHETIC_DEMO
SUP00085,SUPPLIER,0.6,0.8933,0.2842,0.8246,0.6393,MODEL_OUTPUT_PENDING,MODEL_OUTPUT_PENDING,DEMO_HEURISTIC_LABEL,SYNTHETIC_DEMO
SUP00086,SUPPLIER,0.8,0.48,0.9363,0.3673,0.6675,MODEL_OUTPUT_PENDING,MODEL_OUTPUT_PENDING,DEMO_HEURISTIC_LABEL,SYNTHETIC_DEMO
SUP00087,SUPPLIER,0.6,0.5994,0.8771,0.5621,0.6615,MODEL_OUTPUT_PENDING,MODEL_OUTPUT_PENDING,DEMO_HEURISTIC_LABEL,SYNTHETIC_DEMO
SUP00088,SUPPLIER,0.2,0.72,0.7219,0.8916,0.5988,MODEL_OUTPUT_PENDING,MODEL_OUTPUT_PENDING,DEMO_HEURISTIC_LABEL,SYNTHETIC_DEMO
SUP00089,SUPPLIER,1.0,0.3726,0.4848,0.7018,0.6547,MODEL_OUTPUT_PENDING,MODEL_OUTPUT_PENDING,DEMO_HEURISTIC_LABEL,SYNTHETIC_DEMO
SUP00090,SUPPLIER,0.4,0.9119,0.3367,0.5358,0.5393,MODEL_OUTPUT_PENDING,MODEL_OUTPUT_PENDING,DEMO_HEURISTIC_LABEL,SYNTHETIC_DEMO
SUP00091,SUPPLIER,1.0,0.3868,0.3957,0.9852,0.6927,MODEL_OUTPUT_PENDING,MODEL_OUTPUT_PENDING,DEMO_HEURISTIC_LABEL,SYNTHETIC_DEMO
SUP00092,SUPPLIER,0.6,0.4978,0.6629,0.5785,0.5859,MODEL_OUTPUT_PENDING,MODEL_OUTPUT_PENDING,DEMO_HEURISTIC_LABEL,SYNTHETIC_DEMO
SUP00093,SUPPLIER,1.0,0.7864,0.469,0.3546,0.6848,MODEL_OUTPUT_PENDING,MODEL_OUTPUT_PENDING,DEMO_HEURISTIC_LABEL,SYNTHETIC_DEMO
SUP00094,SUPPLIER,0.4,0.9358,0.6681,0.2721,0.5754,MODEL_OUTPUT_PENDING,MODEL_OUTPUT_PENDING,DEMO_HEURISTIC_LABEL,SYNTHETIC_DEMO
SUP00095,SUPPLIER,0.6,0.8758,0.903,0.7761,0.7799,MODEL_OUTPUT_PENDING,MODEL_OUTPUT_PENDING,DEMO_HEURISTIC_LABEL,SYNTHETIC_DEMO
SUP00096,SUPPLIER,0.6,0.5073,0.622,0.2905,0.5204,MODEL_OUTPUT_PENDING,MODEL_OUTPUT_PENDING,DEMO_HEURISTIC_LABEL,SYNTHETIC_DEMO
SUP00097,SUPPLIER,0.2,0.4371,0.6722,0.7858,0.4945,MODEL_OUTPUT_PENDING,MODEL_OUTPUT_PENDING,DEMO_HEURISTIC_LABEL,SYNTHETIC_DEMO
SUP00098,SUPPLIER,1.0,0.9654,0.6683,0.4864,0.8057,MODEL_OUTPUT_PENDING,MODEL_OUTPUT_PENDING,DEMO_HEURISTIC_LABEL,SYNTHETIC_DEMO
SUP00099,SUPPLIER,0.6,0.2124,0.4136,0.3817,0.4128,MODEL_OUTPUT_PENDING,MODEL_OUTPUT_PENDING,DEMO_HEURISTIC_LABEL,SYNTHETIC_DEMO
SUP00100,SUPPLIER,0.6,0.9147,0.8321,0.865,0.7897,MODEL_OUTPUT_PENDING,MODEL_OUTPUT_PENDING,DEMO_HEURISTIC_LABEL,SYNTHETIC_DEMO
SUP00101,SUPPLIER,1.0,0.768,0.9069,0.7792,0.8746,MODEL_OUTPUT_PENDING,MODEL_OUTPUT_PENDING,DEMO_HEURISTIC_LABEL,SYNTHETIC_DEMO
SUP00102,SUPPLIER,1.0,0.5644,0.4003,0.9425,0.7297,MODEL_OUTPUT_PENDING,MODEL_OUTPUT_PENDING,DEMO_HEURISTIC_LABEL,SYNTHETIC_DEMO
SUP00103,SUPPLIER,0.2,0.3897,0.8388,0.7584,0.5188,MODEL_OUTPUT_PENDING,MODEL_OUTPUT_PENDING,DEMO_HEURISTIC_LABEL,SYNTHETIC_DEMO
SUP00104,SUPPLIER,1.0,0.4095,0.2183,0.9782,0.6526,MODEL_OUTPUT_PENDING,MODEL_OUTPUT_PENDING,DEMO_HEURISTIC_LABEL,SYNTHETIC_DEMO
SUP00105,SUPPLIER,1.0,0.4295,0.6062,0.7805,0.7151,MODEL_OUTPUT_PENDING,MODEL_OUTPUT_PENDING,DEMO_HEURISTIC_LABEL,SYNTHETIC_DEMO
SUP00106,SUPPLIER,0.6,0.6158,0.969,0.2222,0.6206,MODEL_OUTPUT_PENDING,MODEL_OUTPUT_PENDING,DEMO_HEURISTIC_LABEL,SYNTHETIC_DEMO
SUP00107,SUPPLIER,1.0,0.349,0.6143,0.4955,0.6399,MODEL_OUTPUT_PENDING,MODEL_OUTPUT_PENDING,DEMO_HEURISTIC_LABEL,SYNTHETIC_DEMO
SUP00108,SUPPLIER,0.4,0.8481,0.8124,0.5066,0.6365,MODEL_OUTPUT_PENDING,MODEL_OUTPUT_PENDING,DEMO_HEURISTIC_LABEL,SYNTHETIC_DEMO
SUP00109,SUPPLIER,0.8,0.4189,0.2506,0.6757,0.5425,MODEL_OUTPUT_PENDING,MODEL_OUTPUT_PENDING,DEMO_HEURISTIC_LABEL,SYNTHETIC_DEMO
SUP00110,SUPPLIER,0.2,0.6056,0.6603,0.9405,0.5646,MODEL_OUTPUT_PENDING,MODEL_OUTPUT_PENDING,DEMO_HEURISTIC_LABEL,SYNTHETIC_DEMO
SUP00111,SUPPLIER,0.8,0.39,0.2689,0.2064,0.446,MODEL_OUTPUT_PENDING,MODEL_OUTPUT_PENDING,DEMO_HEURISTIC_LABEL,SYNTHETIC_DEMO
SUP00112,SUPPLIER,0.2,0.7487,0.835,0.7774,0.6114,MODEL_OUTPUT_PENDING,MODEL_OUTPUT_PENDING,DEMO_HEURISTIC_LABEL,SYNTHETIC_DEMO
SUP00113,SUPPLIER,0.6,0.57,0.8136,0.5927,0.6444,MODEL_OUTPUT_PENDING,MODEL_OUTPUT_PENDING,DEMO_HEURISTIC_LABEL,SYNTHETIC_DEMO
SUP00114,SUPPLIER,0.6,0.3775,0.4157,0.993,0.5769,MODEL_OUTPUT_PENDING,MODEL_OUTPUT_PENDING,DEMO_HEURISTIC_LABEL,SYNTHETIC_DEMO
SUP00115,SUPPLIER,0.2,0.4903,0.8948,0.6762,0.5415,MODEL_OUTPUT_PENDING,MODEL_OUTPUT_PENDING,DEMO_HEURISTIC_LABEL,SYNTHETIC_DEMO
SUP00116,SUPPLIER,0.6,0.561,0.8529,0.8607,0.7056,MODEL_OUTPUT_PENDING,MODEL_OUTPUT_PENDING,DEMO_HEURISTIC_LABEL,SYNTHETIC_DEMO
SUP00117,SUPPLIER,0.6,0.2045,0.439,0.9164,0.5242,MODEL_OUTPUT_PENDING,MODEL_OUTPUT_PENDING,DEMO_HEURISTIC_LABEL,SYNTHETIC_DEMO
SUP00118,SUPPLIER,0.8,0.2644,0.2112,0.3637,0.4317,MODEL_OUTPUT_PENDING,MODEL_OUTPUT_PENDING,DEMO_HEURISTIC_LABEL,SYNTHETIC_DEMO
SUP00119,SUPPLIER,0.6,0.4317,0.7386,0.9052,0.6536,MODEL_OUTPUT_PENDING,MODEL_OUTPUT_PENDING,DEMO_HEURISTIC_LABEL,SYNTHETIC_DEMO
SUP00120,SUPPLIER,0.4,0.8516,0.323,0.5496,0.5236,MODEL_OUTPUT_PENDING,MODEL_OUTPUT_PENDING,DEMO_HEURISTIC_LABEL,SYNTHETIC_DEMO
SUP00121,SUPPLIER,0.2,0.6648,0.2773,0.2181,0.3391,MODEL_OUTPUT_PENDING,MODEL_OUTPUT_PENDING,DEMO_HEURISTIC_LABEL,SYNTHETIC_DEMO
SUP00122,SUPPLIER,1.0,0.7715,0.9423,0.5658,0.8416,MODEL_OUTPUT_PENDING,MODEL_OUTPUT_PENDING,DEMO_HEURISTIC_LABEL,SYNTHETIC_DEMO
SUP00123,SUPPLIER,0.4,0.9793,0.8586,0.6095,0.7014,MODEL_OUTPUT_PENDING,MODEL_OUTPUT_PENDING,DEMO_HEURISTIC_LABEL,SYNTHETIC_DEMO
SUP00124,SUPPLIER,0.6,0.7382,0.9392,0.3175,0.6629,MODEL_OUTPUT_PENDING,MODEL_OUTPUT_PENDING,DEMO_HEURISTIC_LABEL,SYNTHETIC_DEMO
SUP00125,SUPPLIER,0.2,0.8845,0.6558,0.472,0.5395,MODEL_OUTPUT_PENDING,MODEL_OUTPUT_PENDING,DEMO_HEURISTIC_LABEL,SYNTHETIC_DEMO
SUP00126,SUPPLIER,0.4,0.3641,0.4745,0.3273,0.3951,MODEL_OUTPUT_PENDING,MODEL_OUTPUT_PENDING,DEMO_HEURISTIC_LABEL,SYNTHETIC_DEMO
SUP00127,SUPPLIER,0.8,0.65,0.4966,0.6447,0.6556,MODEL_OUTPUT_PENDING,MODEL_OUTPUT_PENDING,DEMO_HEURISTIC_LABEL,SYNTHETIC_DEMO
SUP00128,SUPPLIER,0.2,0.9169,0.516,0.9559,0.6094,MODEL_OUTPUT_PENDING,MODEL_OUTPUT_PENDING,DEMO_HEURISTIC_LABEL,SYNTHETIC_DEMO
SUP00129,SUPPLIER,0.4,0.8206,0.8615,0.6136,0.6632,MODEL_OUTPUT_PENDING,MODEL_OUTPUT_PENDING,DEMO_HEURISTIC_LABEL,SYNTHETIC_DEMO
SUP00130,SUPPLIER,0.8,0.6517,0.2366,0.2031,0.5027,MODEL_OUTPUT_PENDING,MODEL_OUTPUT_PENDING,DEMO_HEURISTIC_LABEL,SYNTHETIC_DEMO
SUP00131,SUPPLIER,0.6,0.6811,0.5334,0.6643,0.6165,MODEL_OUTPUT_PENDING,MODEL_OUTPUT_PENDING,DEMO_HEURISTIC_LABEL,SYNTHETIC_DEMO
SUP00132,SUPPLIER,0.4,0.9856,0.5009,0.2419,0.54,MODEL_OUTPUT_PENDING,MODEL_OUTPUT_PENDING,DEMO_HEURISTIC_LABEL,SYNTHETIC_DEMO
SUP00133,SUPPLIER,0.6,0.3262,0.839,0.9143,0.6542,MODEL_OUTPUT_PENDING,MODEL_OUTPUT_PENDING,DEMO_HEURISTIC_LABEL,SYNTHETIC_DEMO
SUP00134,SUPPLIER,0.4,0.4079,0.9137,0.7718,0.6048,MODEL_OUTPUT_PENDING,MODEL_OUTPUT_PENDING,DEMO_HEURISTIC_LABEL,SYNTHETIC_DEMO
SUP00135,SUPPLIER,0.2,0.2847,0.7,0.7898,0.4642,MODEL_OUTPUT_PENDING,MODEL_OUTPUT_PENDING,DEMO_HEURISTIC_LABEL,SYNTHETIC_DEMO
SUP00136,SUPPLIER,0.6,0.4793,0.2065,0.4426,0.44,MODEL_OUTPUT_PENDING,MODEL_OUTPUT_PENDING,DEMO_HEURISTIC_LABEL,SYNTHETIC_DEMO
SUP00137,SUPPLIER,1.0,0.282,0.8944,0.3489,0.6639,MODEL_OUTPUT_PENDING,MODEL_OUTPUT_PENDING,DEMO_HEURISTIC_LABEL,SYNTHETIC_DEMO
SUP00138,SUPPLIER,0.4,0.5772,0.9147,0.7083,0.6346,MODEL_OUTPUT_PENDING,MODEL_OUTPUT_PENDING,DEMO_HEURISTIC_LABEL,SYNTHETIC_DEMO
SUP00139,SUPPLIER,1.0,0.6123,0.2367,0.2257,0.5574,MODEL_OUTPUT_PENDING,MODEL_OUTPUT_PENDING,DEMO_HEURISTIC_LABEL,SYNTHETIC_DEMO
SUP00140,SUPPLIER,0.2,0.3094,0.3886,0.5484,0.3442,MODEL_OUTPUT_PENDING,MODEL_OUTPUT_PENDING,DEMO_HEURISTIC_LABEL,SYNTHETIC_DEMO
SUP00141,SUPPLIER,0.4,0.8446,0.2305,0.5309,0.495,MODEL_OUTPUT_PENDING,MODEL_OUTPUT_PENDING,DEMO_HEURISTIC_LABEL,SYNTHETIC_DEMO
SUP00142,SUPPLIER,0.8,0.3274,0.4203,0.6809,0.5631,MODEL_OUTPUT_PENDING,MODEL_OUTPUT_PENDING,DEMO_HEURISTIC_LABEL,SYNTHETIC_DEMO
SUP00143,SUPPLIER,0.4,0.6013,0.878,0.8903,0.6679,MODEL_OUTPUT_PENDING,MODEL_OUTPUT_PENDING,DEMO_HEURISTIC_LABEL,SYNTHETIC_DEMO
SUP00144,SUPPLIER,0.8,0.5952,0.5473,0.9983,0.7253,MODEL_OUTPUT_PENDING,MODEL_OUTPUT_PENDING,DEMO_HEURISTIC_LABEL,SYNTHETIC_DEMO
SUP00145,SUPPLIER,0.4,0.6372,0.7971,0.7907,0.6367,MODEL_OUTPUT_PENDING,MODEL_OUTPUT_PENDING,DEMO_HEURISTIC_LABEL,SYNTHETIC_DEMO
SUP00146,SUPPLIER,0.2,0.3639,0.264,0.8076,0.3785,MODEL_OUTPUT_PENDING,MODEL_OUTPUT_PENDING,DEMO_HEURISTIC_LABEL,SYNTHETIC_DEMO
SUP00147,SUPPLIER,1.0,0.9783,0.7478,0.2252,0.7766,MODEL_OUTPUT_PENDING,MODEL_OUTPUT_PENDING,DEMO_HEURISTIC_LABEL,SYNTHETIC_DEMO
SUP00148,SUPPLIER,0.2,0.8171,0.46,0.5519,0.4896,MODEL_OUTPUT_PENDING,MODEL_OUTPUT_PENDING,DEMO_HEURISTIC_LABEL,SYNTHETIC_DEMO
SUP00149,SUPPLIER,0.2,0.6109,0.2673,0.2392,0.3274,MODEL_OUTPUT_PENDING,MODEL_OUTPUT_PENDING,DEMO_HEURISTIC_LABEL,SYNTHETIC_DEMO
SUP00150,SUPPLIER,0.6,0.457,0.6666,0.8631,0.6335,MODEL_OUTPUT_PENDING,MODEL_OUTPUT_PENDING,DEMO_HEURISTIC_LABEL,SYNTHETIC_DEMO
SUP00151,SUPPLIER,0.4,0.7672,0.8871,0.8584,0.7052,MODEL_OUTPUT_PENDING,MODEL_OUTPUT_PENDING,DEMO_HEURISTIC_LABEL,SYNTHETIC_DEMO
SUP00152,SUPPLIER,0.6,0.241,0.7841,0.5569,0.5477,MODEL_OUTPUT_PENDING,MODEL_OUTPUT_PENDING,DEMO_HEURISTIC_LABEL,SYNTHETIC_DEMO
SUP00153,SUPPLIER,0.2,0.3728,0.2844,0.7874,0.3818,MODEL_OUTPUT_PENDING,MODEL_OUTPUT_PENDING,DEMO_HEURISTIC_LABEL,SYNTHETIC_DEMO
SUP00154,SUPPLIER,0.2,0.2713,0.3008,0.858,0.3746,MODEL_OUTPUT_PENDING,MODEL_OUTPUT_PENDING,DEMO_HEURISTIC_LABEL,SYNTHETIC_DEMO
SUP00155,SUPPLIER,0.4,0.4693,0.7096,0.277,0.4701,MODEL_OUTPUT_PENDING,MODEL_OUTPUT_PENDING,DEMO_HEURISTIC_LABEL,SYNTHETIC_DEMO
SUP00156,SUPPLIER,0.8,0.4516,0.632,0.8287,0.6766,MODEL_OUTPUT_PENDING,MODEL_OUTPUT_PENDING,DEMO_HEURISTIC_LABEL,SYNTHETIC_DEMO
SUP00157,SUPPLIER,0.2,0.7964,0.8682,0.6666,0.6095,MODEL_OUTPUT_PENDING,MODEL_OUTPUT_PENDING,DEMO_HEURISTIC_LABEL,SYNTHETIC_DEMO
SUP00158,SUPPLIER,0.4,0.6768,0.3733,0.6609,0.5147,MODEL_OUTPUT_PENDING,MODEL_OUTPUT_PENDING,DEMO_HEURISTIC_LABEL,SYNTHETIC_DEMO
SUP00159,SUPPLIER,0.8,0.2777,0.5891,0.9474,0.6462,MODEL_OUTPUT_PENDING,MODEL_OUTPUT_PENDING,DEMO_HEURISTIC_LABEL,SYNTHETIC_DEMO
SUP00160,SUPPLIER,0.8,0.2214,0.6167,0.2187,0.4933,MODEL_OUTPUT_PENDING,MODEL_OUTPUT_PENDING,DEMO_HEURISTIC_LABEL,SYNTHETIC_DEMO
SUP00161,SUPPLIER,0.2,0.9014,0.6692,0.7444,0.6015,MODEL_OUTPUT_PENDING,MODEL_OUTPUT_PENDING,DEMO_HEURISTIC_LABEL,SYNTHETIC_DEMO
SUP00162,SUPPLIER,0.2,0.925,0.3928,0.9586,0.5812,MODEL_OUTPUT_PENDING,MODEL_OUTPUT_PENDING,DEMO_HEURISTIC_LABEL,SYNTHETIC_DEMO
SUP00163,SUPPLIER,0.4,0.7328,0.4809,0.8022,0.5839,MODEL_OUTPUT_PENDING,MODEL_OUTPUT_PENDING,DEMO_HEURISTIC_LABEL,SYNTHETIC_DEMO
SUP00164,SUPPLIER,1.0,0.8124,0.6243,0.695,0.7982,MODEL_OUTPUT_PENDING,MODEL_OUTPUT_PENDING,DEMO_HEURISTIC_LABEL,SYNTHETIC_DEMO
SUP00165,SUPPLIER,1.0,0.456,0.4165,0.402,0.5985,MODEL_OUTPUT_PENDING,MODEL_OUTPUT_PENDING,DEMO_HEURISTIC_LABEL,SYNTHETIC_DEMO
SUP00166,SUPPLIER,0.8,0.2737,0.4338,0.8747,0.5918,MODEL_OUTPUT_PENDING,MODEL_OUTPUT_PENDING,DEMO_HEURISTIC_LABEL,SYNTHETIC_DEMO
SUP00167,SUPPLIER,0.2,0.6005,0.2414,0.5083,0.3721,MODEL_OUTPUT_PENDING,MODEL_OUTPUT_PENDING,DEMO_HEURISTIC_LABEL,SYNTHETIC_DEMO
SUP00168,SUPPLIER,0.8,0.5858,0.8984,0.7326,0.7576,MODEL_OUTPUT_PENDING,MODEL_OUTPUT_PENDING,DEMO_HEURISTIC_LABEL,SYNTHETIC_DEMO
SUP00169,SUPPLIER,0.6,0.9522,0.4698,0.9224,0.72,MODEL_OUTPUT_PENDING,MODEL_OUTPUT_PENDING,DEMO_HEURISTIC_LABEL,SYNTHETIC_DEMO
SUP00170,SUPPLIER,0.6,0.3943,0.5449,0.9904,0.6129,MODEL_OUTPUT_PENDING,MODEL_OUTPUT_PENDING,DEMO_HEURISTIC_LABEL,SYNTHETIC_DEMO
SUP00171,SUPPLIER,1.0,0.3649,0.8919,0.6293,0.7401,MODEL_OUTPUT_PENDING,MODEL_OUTPUT_PENDING,DEMO_HEURISTIC_LABEL,SYNTHETIC_DEMO
SUP00172,SUPPLIER,0.6,0.8656,0.9674,0.7574,0.7897,MODEL_OUTPUT_PENDING,MODEL_OUTPUT_PENDING,DEMO_HEURISTIC_LABEL,SYNTHETIC_DEMO
SUP00173,SUPPLIER,0.4,0.2585,0.6388,0.8469,0.5137,MODEL_OUTPUT_PENDING,MODEL_OUTPUT_PENDING,DEMO_HEURISTIC_LABEL,SYNTHETIC_DEMO
SUP00174,SUPPLIER,0.4,0.9189,0.3644,0.9966,0.6402,MODEL_OUTPUT_PENDING,MODEL_OUTPUT_PENDING,DEMO_HEURISTIC_LABEL,SYNTHETIC_DEMO
SUP00175,SUPPLIER,0.2,0.7218,0.4525,0.937,0.541,MODEL_OUTPUT_PENDING,MODEL_OUTPUT_PENDING,DEMO_HEURISTIC_LABEL,SYNTHETIC_DEMO
SUP00176,SUPPLIER,0.2,0.4472,0.4913,0.2473,0.3441,MODEL_OUTPUT_PENDING,MODEL_OUTPUT_PENDING,DEMO_HEURISTIC_LABEL,SYNTHETIC_DEMO
SUP00177,SUPPLIER,1.0,0.8411,0.4437,0.3038,0.682,MODEL_OUTPUT_PENDING,MODEL_OUTPUT_PENDING,DEMO_HEURISTIC_LABEL,SYNTHETIC_DEMO
SUP00178,SUPPLIER,1.0,0.5432,0.3039,0.2787,0.5675,MODEL_OUTPUT_PENDING,MODEL_OUTPUT_PENDING,DEMO_HEURISTIC_LABEL,SYNTHETIC_DEMO
SUP00179,SUPPLIER,1.0,0.6337,0.8813,0.447,0.7681,MODEL_OUTPUT_PENDING,MODEL_OUTPUT_PENDING,DEMO_HEURISTIC_LABEL,SYNTHETIC_DEMO
SUP00180,SUPPLIER,0.8,0.3618,0.7525,0.23,0.5646,MODEL_OUTPUT_PENDING,MODEL_OUTPUT_PENDING,DEMO_HEURISTIC_LABEL,SYNTHETIC_DEMO
SUP00181,SUPPLIER,0.4,0.7464,0.3404,0.3542,0.4625,MODEL_OUTPUT_PENDING,MODEL_OUTPUT_PENDING,DEMO_HEURISTIC_LABEL,SYNTHETIC_DEMO
SUP00182,SUPPLIER,1.0,0.3072,0.2433,0.8662,0.6109,MODEL_OUTPUT_PENDING,MODEL_OUTPUT_PENDING,DEMO_HEURISTIC_LABEL,SYNTHETIC_DEMO
SUP00183,SUPPLIER,0.8,0.3971,0.771,0.9883,0.7297,MODEL_OUTPUT_PENDING,MODEL_OUTPUT_PENDING,DEMO_HEURISTIC_LABEL,SYNTHETIC_DEMO
SUP00184,SUPPLIER,0.6,0.6109,0.7131,0.6864,0.6483,MODEL_OUTPUT_PENDING,MODEL_OUTPUT_PENDING,DEMO_HEURISTIC_LABEL,SYNTHETIC_DEMO
SUP00185,SUPPLIER,1.0,0.7308,0.2205,0.7131,0.6804,MODEL_OUTPUT_PENDING,MODEL_OUTPUT_PENDING,DEMO_HEURISTIC_LABEL,SYNTHETIC_DEMO
SUP00186,SUPPLIER,0.8,0.3857,0.5596,0.5009,0.5765,MODEL_OUTPUT_PENDING,MODEL_OUTPUT_PENDING,DEMO_HEURISTIC_LABEL,SYNTHETIC_DEMO
SUP00187,SUPPLIER,0.6,0.8557,0.3198,0.9201,0.6579,MODEL_OUTPUT_PENDING,MODEL_OUTPUT_PENDING,DEMO_HEURISTIC_LABEL,SYNTHETIC_DEMO
SUP00188,SUPPLIER,0.4,0.2775,0.4088,0.7506,0.4417,MODEL_OUTPUT_PENDING,MODEL_OUTPUT_PENDING,DEMO_HEURISTIC_LABEL,SYNTHETIC_DEMO
SUP00189,SUPPLIER,0.4,0.9816,0.7838,0.2387,0.6091,MODEL_OUTPUT_PENDING,MODEL_OUTPUT_PENDING,DEMO_HEURISTIC_LABEL,SYNTHETIC_DEMO
SUP00190,SUPPLIER,1.0,0.6493,0.8382,0.8445,0.8408,MODEL_OUTPUT_PENDING,MODEL_OUTPUT_PENDING,DEMO_HEURISTIC_LABEL,SYNTHETIC_DEMO
SUP00191,SUPPLIER,0.4,0.935,0.5265,0.6524,0.6159,MODEL_OUTPUT_PENDING,MODEL_OUTPUT_PENDING,DEMO_HEURISTIC_LABEL,SYNTHETIC_DEMO
SUP00192,SUPPLIER,0.8,0.208,0.7024,0.9258,0.6527,MODEL_OUTPUT_PENDING,MODEL_OUTPUT_PENDING,DEMO_HEURISTIC_LABEL,SYNTHETIC_DEMO
SUP00193,SUPPLIER,0.8,0.4801,0.4816,0.6932,0.6191,MODEL_OUTPUT_PENDING,MODEL_OUTPUT_PENDING,DEMO_HEURISTIC_LABEL,SYNTHETIC_DEMO
SUP00194,SUPPLIER,0.8,0.906,0.7425,0.2467,0.7015,MODEL_OUTPUT_PENDING,MODEL_OUTPUT_PENDING,DEMO_HEURISTIC_LABEL,SYNTHETIC_DEMO
SUP00195,SUPPLIER,0.4,0.6682,0.6281,0.3186,0.5078,MODEL_OUTPUT_PENDING,MODEL_OUTPUT_PENDING,DEMO_HEURISTIC_LABEL,SYNTHETIC_DEMO
SUP00196,SUPPLIER,0.8,0.6858,0.9115,0.5351,0.7464,MODEL_OUTPUT_PENDING,MODEL_OUTPUT_PENDING,DEMO_HEURISTIC_LABEL,SYNTHETIC_DEMO
SUP00197,SUPPLIER,0.8,0.2198,0.7371,0.5683,0.5929,MODEL_OUTPUT_PENDING,MODEL_OUTPUT_PENDING,DEMO_HEURISTIC_LABEL,SYNTHETIC_DEMO
SUP00198,SUPPLIER,0.2,0.4045,0.4071,0.2556,0.314,MODEL_OUTPUT_PENDING,MODEL_OUTPUT_PENDING,DEMO_HEURISTIC_LABEL,SYNTHETIC_DEMO
SUP00199,SUPPLIER,0.4,0.7321,0.432,0.3121,0.4734,MODEL_OUTPUT_PENDING,MODEL_OUTPUT_PENDING,DEMO_HEURISTIC_LABEL,SYNTHETIC_DEMO
SUP00200,SUPPLIER,1.0,0.8602,0.6612,0.7494,0.8302,MODEL_OUTPUT_PENDING,MODEL_OUTPUT_PENDING,DEMO_HEURISTIC_LABEL,SYNTHETIC_DEMO
SUP00201,SUPPLIER,0.6,0.506,0.2982,0.9166,0.5644,MODEL_OUTPUT_PENDING,MODEL_OUTPUT_PENDING,DEMO_HEURISTIC_LABEL,SYNTHETIC_DEMO
SUP00202,SUPPLIER,0.8,0.5541,0.3037,0.4908,0.5526,MODEL_OUTPUT_PENDING,MODEL_OUTPUT_PENDING,DEMO_HEURISTIC_LABEL,SYNTHETIC_DEMO
SUP00203,SUPPLIER,0.4,0.6847,0.9875,0.6414,0.6663,MODEL_OUTPUT_PENDING,MODEL_OUTPUT_PENDING,DEMO_HEURISTIC_LABEL,SYNTHETIC_DEMO
SUP00204,SUPPLIER,0.6,0.9369,0.4267,0.888,0.6985,MODEL_OUTPUT_PENDING,MODEL_OUTPUT_PENDING,DEMO_HEURISTIC_LABEL,SYNTHETIC_DEMO
SUP00205,SUPPLIER,0.2,0.4623,0.4654,0.702,0.4323,MODEL_OUTPUT_PENDING,MODEL_OUTPUT_PENDING,DEMO_HEURISTIC_LABEL,SYNTHETIC_DEMO
SUP00206,SUPPLIER,1.0,0.5236,0.8325,0.244,0.6878,MODEL_OUTPUT_PENDING,MODEL_OUTPUT_PENDING,DEMO_HEURISTIC_LABEL,SYNTHETIC_DEMO
SUP00207,SUPPLIER,0.4,0.9426,0.9588,0.3408,0.6635,MODEL_OUTPUT_PENDING,MODEL_OUTPUT_PENDING,DEMO_HEURISTIC_LABEL,SYNTHETIC_DEMO
SUP00208,SUPPLIER,0.2,0.4822,0.3761,0.4313,0.3608,MODEL_OUTPUT_PENDING,MODEL_OUTPUT_PENDING,DEMO_HEURISTIC_LABEL,SYNTHETIC_DEMO
SUP00209,SUPPLIER,1.0,0.5247,0.3309,0.9925,0.7124,MODEL_OUTPUT_PENDING,MODEL_OUTPUT_PENDING,DEMO_HEURISTIC_LABEL,SYNTHETIC_DEMO
SUP00210,SUPPLIER,0.2,0.578,0.5094,0.2269,0.3772,MODEL_OUTPUT_PENDING,MODEL_OUTPUT_PENDING,DEMO_HEURISTIC_LABEL,SYNTHETIC_DEMO
SUP00211,SUPPLIER,0.4,0.4619,0.8256,0.3613,0.5141,MODEL_OUTPUT_PENDING,MODEL_OUTPUT_PENDING,DEMO_HEURISTIC_LABEL,SYNTHETIC_DEMO
SUP00212,SUPPLIER,1.0,0.3122,0.8747,0.2518,0.6471,MODEL_OUTPUT_PENDING,MODEL_OUTPUT_PENDING,DEMO_HEURISTIC_LABEL,SYNTHETIC_DEMO
SUP00213,SUPPLIER,0.4,0.5293,0.3027,0.8795,0.5039,MODEL_OUTPUT_PENDING,MODEL_OUTPUT_PENDING,DEMO_HEURISTIC_LABEL,SYNTHETIC_DEMO
SUP00214,SUPPLIER,0.8,0.8986,0.4977,0.5765,0.7044,MODEL_OUTPUT_PENDING,MODEL_OUTPUT_PENDING,DEMO_HEURISTIC_LABEL,SYNTHETIC_DEMO
SUP00215,SUPPLIER,0.4,0.5653,0.3189,0.231,0.3872,MODEL_OUTPUT_PENDING,MODEL_OUTPUT_PENDING,DEMO_HEURISTIC_LABEL,SYNTHETIC_DEMO
SUP00216,SUPPLIER,0.2,0.3308,0.5766,0.9862,0.4841,MODEL_OUTPUT_PENDING,MODEL_OUTPUT_PENDING,DEMO_HEURISTIC_LABEL,SYNTHETIC_DEMO
SUP00217,SUPPLIER,0.4,0.7659,0.8065,0.981,0.7093,MODEL_OUTPUT_PENDING,MODEL_OUTPUT_PENDING,DEMO_HEURISTIC_LABEL,SYNTHETIC_DEMO
SUP00218,SUPPLIER,1.0,0.3564,0.6701,0.2161,0.5998,MODEL_OUTPUT_PENDING,MODEL_OUTPUT_PENDING,DEMO_HEURISTIC_LABEL,SYNTHETIC_DEMO
SUP00219,SUPPLIER,1.0,0.3002,0.2615,0.3878,0.518,MODEL_OUTPUT_PENDING,MODEL_OUTPUT_PENDING,DEMO_HEURISTIC_LABEL,SYNTHETIC_DEMO
SUP00220,SUPPLIER,1.0,0.4897,0.5141,0.5608,0.6631,MODEL_OUTPUT_PENDING,MODEL_OUTPUT_PENDING,DEMO_HEURISTIC_LABEL,SYNTHETIC_DEMO
SUP00221,SUPPLIER,0.4,0.2382,0.6427,0.8533,0.5109,MODEL_OUTPUT_PENDING,MODEL_OUTPUT_PENDING,DEMO_HEURISTIC_LABEL,SYNTHETIC_DEMO
SUP00222,SUPPLIER,0.8,0.9244,0.3471,0.5212,0.6621,MODEL_OUTPUT_PENDING,MODEL_OUTPUT_PENDING,DEMO_HEURISTIC_LABEL,SYNTHETIC_DEMO
SUP00223,SUPPLIER,0.4,0.6869,0.9773,0.3627,0.6086,MODEL_OUTPUT_PENDING,MODEL_OUTPUT_PENDING,DEMO_HEURISTIC_LABEL,SYNTHETIC_DEMO
SUP00224,SUPPLIER,1.0,0.249,0.9212,0.5869,0.7099,MODEL_OUTPUT_PENDING,MODEL_OUTPUT_PENDING,DEMO_HEURISTIC_LABEL,SYNTHETIC_DEMO
SUP00225,SUPPLIER,0.8,0.3078,0.9051,0.6907,0.6814,MODEL_OUTPUT_PENDING,MODEL_OUTPUT_PENDING,DEMO_HEURISTIC_LABEL,SYNTHETIC_DEMO
SUP00226,SUPPLIER,0.8,0.9567,0.5002,0.9843,0.8011,MODEL_OUTPUT_PENDING,MODEL_OUTPUT_PENDING,DEMO_HEURISTIC_LABEL,SYNTHETIC_DEMO
SUP00227,SUPPLIER,0.4,0.3549,0.5262,0.3,0.4003,MODEL_OUTPUT_PENDING,MODEL_OUTPUT_PENDING,DEMO_HEURISTIC_LABEL,SYNTHETIC_DEMO
SUP00228,SUPPLIER,0.8,0.9057,0.3319,0.3662,0.6226,MODEL_OUTPUT_PENDING,MODEL_OUTPUT_PENDING,DEMO_HEURISTIC_LABEL,SYNTHETIC_DEMO
SUP00229,SUPPLIER,1.0,0.2854,0.8918,0.6994,0.7342,MODEL_OUTPUT_PENDING,MODEL_OUTPUT_PENDING,DEMO_HEURISTIC_LABEL,SYNTHETIC_DEMO
SUP00230,SUPPLIER,0.6,0.3554,0.8033,0.592,0.5881,MODEL_OUTPUT_PENDING,MODEL_OUTPUT_PENDING,DEMO_HEURISTIC_LABEL,SYNTHETIC_DEMO
SUP00231,SUPPLIER,0.4,0.65,0.7751,0.98,0.6723,MODEL_OUTPUT_PENDING,MODEL_OUTPUT_PENDING,DEMO_HEURISTIC_LABEL,SYNTHETIC_DEMO
SUP00232,SUPPLIER,1.0,0.6718,0.8915,0.6673,0.8243,MODEL_OUTPUT_PENDING,MODEL_OUTPUT_PENDING,DEMO_HEURISTIC_LABEL,SYNTHETIC_DEMO
SUP00233,SUPPLIER,0.4,0.4856,0.7999,0.9453,0.6305,MODEL_OUTPUT_PENDING,MODEL_OUTPUT_PENDING,DEMO_HEURISTIC_LABEL,SYNTHETIC_DEMO
SUP00234,SUPPLIER,0.6,0.7629,0.5262,0.8217,0.6666,MODEL_OUTPUT_PENDING,MODEL_OUTPUT_PENDING,DEMO_HEURISTIC_LABEL,SYNTHETIC_DEMO
SUP00235,SUPPLIER,0.2,0.5896,0.478,0.6324,0.4534,MODEL_OUTPUT_PENDING,MODEL_OUTPUT_PENDING,DEMO_HEURISTIC_LABEL,SYNTHETIC_DEMO
SUP00236,SUPPLIER,1.0,0.4072,0.4474,0.7487,0.6634,MODEL_OUTPUT_PENDING,MODEL_OUTPUT_PENDING,DEMO_HEURISTIC_LABEL,SYNTHETIC_DEMO
SUP00237,SUPPLIER,0.2,0.2053,0.8359,0.8162,0.4835,MODEL_OUTPUT_PENDING,MODEL_OUTPUT_PENDING,DEMO_HEURISTIC_LABEL,SYNTHETIC_DEMO
SUP00238,SUPPLIER,0.8,0.2189,0.4323,0.7812,0.559,MODEL_OUTPUT_PENDING,MODEL_OUTPUT_PENDING,DEMO_HEURISTIC_LABEL,SYNTHETIC_DEMO
SUP00239,SUPPLIER,0.4,0.2878,0.5305,0.9059,0.5058,MODEL_OUTPUT_PENDING,MODEL_OUTPUT_PENDING,DEMO_HEURISTIC_LABEL,SYNTHETIC_DEMO
SUP00240,SUPPLIER,0.6,0.4273,0.7718,0.7287,0.6255,MODEL_OUTPUT_PENDING,MODEL_OUTPUT_PENDING,DEMO_HEURISTIC_LABEL,SYNTHETIC_DEMO
SUP00241,SUPPLIER,0.6,0.6765,0.3184,0.6303,0.5548,MODEL_OUTPUT_PENDING,MODEL_OUTPUT_PENDING,DEMO_HEURISTIC_LABEL,SYNTHETIC_DEMO
SUP00242,SUPPLIER,0.6,0.4391,0.8139,0.2443,0.5421,MODEL_OUTPUT_PENDING,MODEL_OUTPUT_PENDING,DEMO_HEURISTIC_LABEL,SYNTHETIC_DEMO
SUP00243,SUPPLIER,0.8,0.8052,0.3898,0.827,0.7042,MODEL_OUTPUT_PENDING,MODEL_OUTPUT_PENDING,DEMO_HEURISTIC_LABEL,SYNTHETIC_DEMO
SUP00244,SUPPLIER,0.4,0.8353,0.8312,0.9073,0.7181,MODEL_OUTPUT_PENDING,MODEL_OUTPUT_PENDING,DEMO_HEURISTIC_LABEL,SYNTHETIC_DEMO
SUP00245,SUPPLIER,0.2,0.6998,0.5679,0.4989,0.4767,MODEL_OUTPUT_PENDING,MODEL_OUTPUT_PENDING,DEMO_HEURISTIC_LABEL,SYNTHETIC_DEMO
SUP00246,SUPPLIER,0.6,0.2269,0.8163,0.9422,0.6292,MODEL_OUTPUT_PENDING,MODEL_OUTPUT_PENDING,DEMO_HEURISTIC_LABEL,SYNTHETIC_DEMO
SUP00247,SUPPLIER,0.8,0.5926,0.7751,0.8699,0.7559,MODEL_OUTPUT_PENDING,MODEL_OUTPUT_PENDING,DEMO_HEURISTIC_LABEL,SYNTHETIC_DEMO
SUP00248,SUPPLIER,0.8,0.5182,0.3463,0.5494,0.566,MODEL_OUTPUT_PENDING,MODEL_OUTPUT_PENDING,DEMO_HEURISTIC_LABEL,SYNTHETIC_DEMO
SUP00249,SUPPLIER,0.2,0.971,0.728,0.5433,0.5934,MODEL_OUTPUT_PENDING,MODEL_OUTPUT_PENDING,DEMO_HEURISTIC_LABEL,SYNTHETIC_DEMO
SUP00250,SUPPLIER,0.2,0.7678,0.9011,0.2865,0.5345,MODEL_OUTPUT_PENDING,MODEL_OUTPUT_PENDING,DEMO_HEURISTIC_LABEL,SYNTHETIC_DEMO
SUP00251,SUPPLIER,0.8,0.7225,0.3896,0.6446,0.6469,MODEL_OUTPUT_PENDING,MODEL_OUTPUT_PENDING,DEMO_HEURISTIC_LABEL,SYNTHETIC_DEMO
SUP00252,SUPPLIER,0.4,0.4299,0.3001,0.5921,0.4209,MODEL_OUTPUT_PENDING,MODEL_OUTPUT_PENDING,DEMO_HEURISTIC_LABEL,SYNTHETIC_DEMO
SUP00253,SUPPLIER,0.2,0.6423,0.7954,0.967,0.6128,MODEL_OUTPUT_PENDING,MODEL_OUTPUT_PENDING,DEMO_HEURISTIC_LABEL,SYNTHETIC_DEMO
SUP00254,SUPPLIER,0.6,0.9153,0.7841,0.5021,0.7052,MODEL_OUTPUT_PENDING,MODEL_OUTPUT_PENDING,DEMO_HEURISTIC_LABEL,SYNTHETIC_DEMO
SUP00255,SUPPLIER,0.6,0.7104,0.312,0.4029,0.5162,MODEL_OUTPUT_PENDING,MODEL_OUTPUT_PENDING,DEMO_HEURISTIC_LABEL,SYNTHETIC_DEMO
SUP00256,SUPPLIER,0.2,0.5687,0.2632,0.5078,0.3695,MODEL_OUTPUT_PENDING,MODEL_OUTPUT_PENDING,DEMO_HEURISTIC_LABEL,SYNTHETIC_DEMO
SUP00257,SUPPLIER,1.0,0.4427,0.7474,0.5031,0.6981,MODEL_OUTPUT_PENDING,MODEL_OUTPUT_PENDING,DEMO_HEURISTIC_LABEL,SYNTHETIC_DEMO
SUP00258,SUPPLIER,0.4,0.8928,0.8096,0.7961,0.7048,MODEL_OUTPUT_PENDING,MODEL_OUTPUT_PENDING,DEMO_HEURISTIC_LABEL,SYNTHETIC_DEMO
SUP00259,SUPPLIER,0.6,0.9333,0.7194,0.7183,0.7368,MODEL_OUTPUT_PENDING,MODEL_OUTPUT_PENDING,DEMO_HEURISTIC_LABEL,SYNTHETIC_DEMO
SUP00260,SUPPLIER,0.6,0.5541,0.8159,0.4247,0.6074,MODEL_OUTPUT_PENDING,MODEL_OUTPUT_PENDING,DEMO_HEURISTIC_LABEL,SYNTHETIC_DEMO
SUP00261,SUPPLIER,1.0,0.7254,0.572,0.7214,0.7686,MODEL_OUTPUT_PENDING,MODEL_OUTPUT_PENDING,DEMO_HEURISTIC_LABEL,SYNTHETIC_DEMO
SUP00262,SUPPLIER,0.2,0.2383,0.2944,0.4989,0.2929,MODEL_OUTPUT_PENDING,MODEL_OUTPUT_PENDING,DEMO_HEURISTIC_LABEL,SYNTHETIC_DEMO
SUP00263,SUPPLIER,0.6,0.3774,0.4683,0.3538,0.4622,MODEL_OUTPUT_PENDING,MODEL_OUTPUT_PENDING,DEMO_HEURISTIC_LABEL,SYNTHETIC_DEMO
SUP00264,SUPPLIER,0.6,0.8034,0.3658,0.5216,0.5766,MODEL_OUTPUT_PENDING,MODEL_OUTPUT_PENDING,DEMO_HEURISTIC_LABEL,SYNTHETIC_DEMO
SUP00265,SUPPLIER,1.0,0.7603,0.3283,0.9869,0.7695,MODEL_OUTPUT_PENDING,MODEL_OUTPUT_PENDING,DEMO_HEURISTIC_LABEL,SYNTHETIC_DEMO
SUP00266,SUPPLIER,0.6,0.5751,0.8327,0.2213,0.5762,MODEL_OUTPUT_PENDING,MODEL_OUTPUT_PENDING,DEMO_HEURISTIC_LABEL,SYNTHETIC_DEMO
SUP00267,SUPPLIER,0.8,0.5649,0.6633,0.4685,0.6408,MODEL_OUTPUT_PENDING,MODEL_OUTPUT_PENDING,DEMO_HEURISTIC_LABEL,SYNTHETIC_DEMO
SUP00268,SUPPLIER,0.2,0.3989,0.841,0.9557,0.5611,MODEL_OUTPUT_PENDING,MODEL_OUTPUT_PENDING,DEMO_HEURISTIC_LABEL,SYNTHETIC_DEMO
SUP00269,SUPPLIER,1.0,0.532,0.7311,0.2974,0.6752,MODEL_OUTPUT_PENDING,MODEL_OUTPUT_PENDING,DEMO_HEURISTIC_LABEL,SYNTHETIC_DEMO
SUP00270,SUPPLIER,1.0,0.6174,0.7665,0.235,0.693,MODEL_OUTPUT_PENDING,MODEL_OUTPUT_PENDING,DEMO_HEURISTIC_LABEL,SYNTHETIC_DEMO
SUP00271,SUPPLIER,0.2,0.4149,0.6555,0.8778,0.5032,MODEL_OUTPUT_PENDING,MODEL_OUTPUT_PENDING,DEMO_HEURISTIC_LABEL,SYNTHETIC_DEMO
SUP00272,SUPPLIER,1.0,0.6445,0.2857,0.9289,0.7183,MODEL_OUTPUT_PENDING,MODEL_OUTPUT_PENDING,DEMO_HEURISTIC_LABEL,SYNTHETIC_DEMO
SUP00273,SUPPLIER,0.6,0.4183,0.5643,0.2628,0.4782,MODEL_OUTPUT_PENDING,MODEL_OUTPUT_PENDING,DEMO_HEURISTIC_LABEL,SYNTHETIC_DEMO
SUP00274,SUPPLIER,0.8,0.6433,0.9229,0.2326,0.6781,MODEL_OUTPUT_PENDING,MODEL_OUTPUT_PENDING,DEMO_HEURISTIC_LABEL,SYNTHETIC_DEMO
SUP00275,SUPPLIER,0.2,0.9575,0.7876,0.9232,0.6809,MODEL_OUTPUT_PENDING,MODEL_OUTPUT_PENDING,DEMO_HEURISTIC_LABEL,SYNTHETIC_DEMO
SUP00276,SUPPLIER,1.0,0.876,0.7594,0.9842,0.9057,MODEL_OUTPUT_PENDING,MODEL_OUTPUT_PENDING,DEMO_HEURISTIC_LABEL,SYNTHETIC_DEMO
SUP00277,SUPPLIER,0.4,0.9794,0.9239,0.4179,0.6794,MODEL_OUTPUT_PENDING,MODEL_OUTPUT_PENDING,DEMO_HEURISTIC_LABEL,SYNTHETIC_DEMO
SUP00278,SUPPLIER,0.2,0.981,0.7899,0.3361,0.5699,MODEL_OUTPUT_PENDING,MODEL_OUTPUT_PENDING,DEMO_HEURISTIC_LABEL,SYNTHETIC_DEMO
SUP00279,SUPPLIER,0.4,0.223,0.3419,0.6069,0.3826,MODEL_OUTPUT_PENDING,MODEL_OUTPUT_PENDING,DEMO_HEURISTIC_LABEL,SYNTHETIC_DEMO
SUP00280,SUPPLIER,1.0,0.3223,0.511,0.4142,0.5912,MODEL_OUTPUT_PENDING,MODEL_OUTPUT_PENDING,DEMO_HEURISTIC_LABEL,SYNTHETIC_DEMO
SUP00281,SUPPLIER,0.2,0.5768,0.9524,0.8278,0.6079,MODEL_OUTPUT_PENDING,MODEL_OUTPUT_PENDING,DEMO_HEURISTIC_LABEL,SYNTHETIC_DEMO
SUP00282,SUPPLIER,0.8,0.4029,0.875,0.7358,0.7066,MODEL_OUTPUT_PENDING,MODEL_OUTPUT_PENDING,DEMO_HEURISTIC_LABEL,SYNTHETIC_DEMO
SUP00283,SUPPLIER,0.2,0.938,0.5263,0.3783,0.5017,MODEL_OUTPUT_PENDING,MODEL_OUTPUT_PENDING,DEMO_HEURISTIC_LABEL,SYNTHETIC_DEMO
SUP00284,SUPPLIER,0.4,0.7638,0.8516,0.9753,0.7189,MODEL_OUTPUT_PENDING,MODEL_OUTPUT_PENDING,DEMO_HEURISTIC_LABEL,SYNTHETIC_DEMO
SUP00285,SUPPLIER,0.2,0.3226,0.7113,0.7289,0.4643,MODEL_OUTPUT_PENDING,MODEL_OUTPUT_PENDING,DEMO_HEURISTIC_LABEL,SYNTHETIC_DEMO
SUP00286,SUPPLIER,0.8,0.5641,0.6755,0.4858,0.6471,MODEL_OUTPUT_PENDING,MODEL_OUTPUT_PENDING,DEMO_HEURISTIC_LABEL,SYNTHETIC_DEMO
SUP00287,SUPPLIER,0.6,0.317,0.6927,0.69,0.5704,MODEL_OUTPUT_PENDING,MODEL_OUTPUT_PENDING,DEMO_HEURISTIC_LABEL,SYNTHETIC_DEMO
SUP00288,SUPPLIER,0.6,0.9219,0.267,0.7227,0.6218,MODEL_OUTPUT_PENDING,MODEL_OUTPUT_PENDING,DEMO_HEURISTIC_LABEL,SYNTHETIC_DEMO
SUP00289,SUPPLIER,0.6,0.5765,0.7268,0.5188,0.6096,MODEL_OUTPUT_PENDING,MODEL_OUTPUT_PENDING,DEMO_HEURISTIC_LABEL,SYNTHETIC_DEMO
SUP00290,SUPPLIER,0.6,0.5192,0.8131,0.4204,0.5971,MODEL_OUTPUT_PENDING,MODEL_OUTPUT_PENDING,DEMO_HEURISTIC_LABEL,SYNTHETIC_DEMO
SUP00291,SUPPLIER,0.4,0.5295,0.873,0.6867,0.608,MODEL_OUTPUT_PENDING,MODEL_OUTPUT_PENDING,DEMO_HEURISTIC_LABEL,SYNTHETIC_DEMO
SUP00292,SUPPLIER,0.8,0.4145,0.2461,0.3371,0.4726,MODEL_OUTPUT_PENDING,MODEL_OUTPUT_PENDING,DEMO_HEURISTIC_LABEL,SYNTHETIC_DEMO
SUP00293,SUPPLIER,0.4,0.6106,0.89,0.5174,0.5986,MODEL_OUTPUT_PENDING,MODEL_OUTPUT_PENDING,DEMO_HEURISTIC_LABEL,SYNTHETIC_DEMO
SUP00294,SUPPLIER,0.6,0.8753,0.7631,0.3248,0.6546,MODEL_OUTPUT_PENDING,MODEL_OUTPUT_PENDING,DEMO_HEURISTIC_LABEL,SYNTHETIC_DEMO
SUP00295,SUPPLIER,0.6,0.3217,0.4939,0.2517,0.4343,MODEL_OUTPUT_PENDING,MODEL_OUTPUT_PENDING,DEMO_HEURISTIC_LABEL,SYNTHETIC_DEMO
SUP00296,SUPPLIER,0.8,0.7595,0.2587,0.9027,0.6751,MODEL_OUTPUT_PENDING,MODEL_OUTPUT_PENDING,DEMO_HEURISTIC_LABEL,SYNTHETIC_DEMO
SUP00297,SUPPLIER,0.4,0.3537,0.8233,0.2997,0.4742,MODEL_OUTPUT_PENDING,MODEL_OUTPUT_PENDING,DEMO_HEURISTIC_LABEL,SYNTHETIC_DEMO
SUP00298,SUPPLIER,0.6,0.3619,0.2191,0.4833,0.4219,MODEL_OUTPUT_PENDING,MODEL_OUTPUT_PENDING,DEMO_HEURISTIC_LABEL,SYNTHETIC_DEMO
SUP00299,SUPPLIER,0.4,0.2441,0.4097,0.6392,0.4113,MODEL_OUTPUT_PENDING,MODEL_OUTPUT_PENDING,DEMO_HEURISTIC_LABEL,SYNTHETIC_DEMO
SUP00300,SUPPLIER,0.8,0.3603,0.4763,0.9651,0.6422,MODEL_OUTPUT_PENDING,MODEL_OUTPUT_PENDING,DEMO_HEURISTIC_LABEL,SYNTHETIC_DEMO
SUP00301,SUPPLIER,1.0,0.6375,0.893,0.8708,0.8568,MODEL_OUTPUT_PENDING,MODEL_OUTPUT_PENDING,DEMO_HEURISTIC_LABEL,SYNTHETIC_DEMO
SUP00302,SUPPLIER,0.6,0.4838,0.2039,0.9861,0.5492,MODEL_OUTPUT_PENDING,MODEL_OUTPUT_PENDING,DEMO_HEURISTIC_LABEL,SYNTHETIC_DEMO
SUP00303,SUPPLIER,0.8,0.4288,0.309,0.6564,0.5557,MODEL_OUTPUT_PENDING,MODEL_OUTPUT_PENDING,DEMO_HEURISTIC_LABEL,SYNTHETIC_DEMO
SUP00304,SUPPLIER,0.8,0.7672,0.6003,0.6891,0.7197,MODEL_OUTPUT_PENDING,MODEL_OUTPUT_PENDING,DEMO_HEURISTIC_LABEL,SYNTHETIC_DEMO
SUP00305,SUPPLIER,0.6,0.998,0.5156,0.9982,0.758,MODEL_OUTPUT_PENDING,MODEL_OUTPUT_PENDING,DEMO_HEURISTIC_LABEL,SYNTHETIC_DEMO
SUP00306,SUPPLIER,0.4,0.9254,0.9522,0.8776,0.7649,MODEL_OUTPUT_PENDING,MODEL_OUTPUT_PENDING,DEMO_HEURISTIC_LABEL,SYNTHETIC_DEMO
SUP00307,SUPPLIER,0.4,0.3127,0.9719,0.9566,0.6324,MODEL_OUTPUT_PENDING,MODEL_OUTPUT_PENDING,DEMO_HEURISTIC_LABEL,SYNTHETIC_DEMO
SUP00308,SUPPLIER,0.8,0.6709,0.6812,0.3759,0.6532,MODEL_OUTPUT_PENDING,MODEL_OUTPUT_PENDING,DEMO_HEURISTIC_LABEL,SYNTHETIC_DEMO
SUP00309,SUPPLIER,0.4,0.775,0.7214,0.8542,0.6649,MODEL_OUTPUT_PENDING,MODEL_OUTPUT_PENDING,DEMO_HEURISTIC_LABEL,SYNTHETIC_DEMO
SUP00310,SUPPLIER,0.8,0.3069,0.8254,0.7999,0.6831,MODEL_OUTPUT_PENDING,MODEL_OUTPUT_PENDING,DEMO_HEURISTIC_LABEL,SYNTHETIC_DEMO
SUP00311,SUPPLIER,1.0,0.7804,0.648,0.9052,0.8382,MODEL_OUTPUT_PENDING,MODEL_OUTPUT_PENDING,DEMO_HEURISTIC_LABEL,SYNTHETIC_DEMO
SUP00312,SUPPLIER,1.0,0.908,0.9028,0.3572,0.8241,MODEL_OUTPUT_PENDING,MODEL_OUTPUT_PENDING,DEMO_HEURISTIC_LABEL,SYNTHETIC_DEMO
SUP00313,SUPPLIER,0.4,0.5819,0.4857,0.6332,0.5135,MODEL_OUTPUT_PENDING,MODEL_OUTPUT_PENDING,DEMO_HEURISTIC_LABEL,SYNTHETIC_DEMO
SUP00314,SUPPLIER,0.6,0.7354,0.7932,0.5082,0.6638,MODEL_OUTPUT_PENDING,MODEL_OUTPUT_PENDING,DEMO_HEURISTIC_LABEL,SYNTHETIC_DEMO
SUP00315,SUPPLIER,1.0,0.5328,0.8684,0.8164,0.8136,MODEL_OUTPUT_PENDING,MODEL_OUTPUT_PENDING,DEMO_HEURISTIC_LABEL,SYNTHETIC_DEMO
SUP00316,SUPPLIER,0.8,0.207,0.7285,0.6542,0.6047,MODEL_OUTPUT_PENDING,MODEL_OUTPUT_PENDING,DEMO_HEURISTIC_LABEL,SYNTHETIC_DEMO
SUP00317,SUPPLIER,1.0,0.9996,0.4034,0.7795,0.8066,MODEL_OUTPUT_PENDING,MODEL_OUTPUT_PENDING,DEMO_HEURISTIC_LABEL,SYNTHETIC_DEMO
SUP00318,SUPPLIER,0.6,0.5194,0.5688,0.3138,0.5148,MODEL_OUTPUT_PENDING,MODEL_OUTPUT_PENDING,DEMO_HEURISTIC_LABEL,SYNTHETIC_DEMO
SUP00319,SUPPLIER,0.6,0.8643,0.9695,0.9589,0.8302,MODEL_OUTPUT_PENDING,MODEL_OUTPUT_PENDING,DEMO_HEURISTIC_LABEL,SYNTHETIC_DEMO
SUP00320,SUPPLIER,0.2,0.3586,0.2486,0.4776,0.3073,MODEL_OUTPUT_PENDING,MODEL_OUTPUT_PENDING,DEMO_HEURISTIC_LABEL,SYNTHETIC_DEMO
SUP00321,SUPPLIER,0.4,0.6674,0.6808,0.2101,0.499,MODEL_OUTPUT_PENDING,MODEL_OUTPUT_PENDING,DEMO_HEURISTIC_LABEL,SYNTHETIC_DEMO
SUP00322,SUPPLIER,0.4,0.5656,0.706,0.8176,0.6014,MODEL_OUTPUT_PENDING,MODEL_OUTPUT_PENDING,DEMO_HEURISTIC_LABEL,SYNTHETIC_DEMO
SUP00323,SUPPLIER,0.8,0.3218,0.6772,0.4122,0.5722,MODEL_OUTPUT_PENDING,MODEL_OUTPUT_PENDING,DEMO_HEURISTIC_LABEL,SYNTHETIC_DEMO
SUP00324,SUPPLIER,0.8,0.3869,0.3599,0.8294,0.5926,MODEL_OUTPUT_PENDING,MODEL_OUTPUT_PENDING,DEMO_HEURISTIC_LABEL,SYNTHETIC_DEMO
SUP00325,SUPPLIER,0.6,0.6984,0.8621,0.3153,0.6332,MODEL_OUTPUT_PENDING,MODEL_OUTPUT_PENDING,DEMO_HEURISTIC_LABEL,SYNTHETIC_DEMO
SUP00326,SUPPLIER,1.0,0.5647,0.4108,0.4495,0.6338,MODEL_OUTPUT_PENDING,MODEL_OUTPUT_PENDING,DEMO_HEURISTIC_LABEL,SYNTHETIC_DEMO
SUP00327,SUPPLIER,0.8,0.3409,0.7772,0.6717,0.6539,MODEL_OUTPUT_PENDING,MODEL_OUTPUT_PENDING,DEMO_HEURISTIC_LABEL,SYNTHETIC_DEMO
SUP00328,SUPPLIER,0.4,0.6798,0.4865,0.3166,0.4749,MODEL_OUTPUT_PENDING,MODEL_OUTPUT_PENDING,DEMO_HEURISTIC_LABEL,SYNTHETIC_DEMO
SUP00329,SUPPLIER,0.8,0.2211,0.3007,0.6895,0.5083,MODEL_OUTPUT_PENDING,MODEL_OUTPUT_PENDING,DEMO_HEURISTIC_LABEL,SYNTHETIC_DEMO
SUP00330,SUPPLIER,0.8,0.402,0.9707,0.303,0.6438,MODEL_OUTPUT_PENDING,MODEL_OUTPUT_PENDING,DEMO_HEURISTIC_LABEL,SYNTHETIC_DEMO
SUP00331,SUPPLIER,1.0,0.2187,0.5595,0.3418,0.5629,MODEL_OUTPUT_PENDING,MODEL_OUTPUT_PENDING,DEMO_HEURISTIC_LABEL,SYNTHETIC_DEMO
SUP00332,SUPPLIER,1.0,0.2701,0.3365,0.4341,0.5385,MODEL_OUTPUT_PENDING,MODEL_OUTPUT_PENDING,DEMO_HEURISTIC_LABEL,SYNTHETIC_DEMO
SUP00333,SUPPLIER,0.4,0.8646,0.2307,0.3464,0.4631,MODEL_OUTPUT_PENDING,MODEL_OUTPUT_PENDING,DEMO_HEURISTIC_LABEL,SYNTHETIC_DEMO
SUP00334,SUPPLIER,0.4,0.8585,0.6906,0.9416,0.6956,MODEL_OUTPUT_PENDING,MODEL_OUTPUT_PENDING,DEMO_HEURISTIC_LABEL,SYNTHETIC_DEMO
SUP00335,SUPPLIER,0.4,0.7727,0.2044,0.839,0.5321,MODEL_OUTPUT_PENDING,MODEL_OUTPUT_PENDING,DEMO_HEURISTIC_LABEL,SYNTHETIC_DEMO
SUP00336,SUPPLIER,1.0,0.7525,0.4069,0.4121,0.6723,MODEL_OUTPUT_PENDING,MODEL_OUTPUT_PENDING,DEMO_HEURISTIC_LABEL,SYNTHETIC_DEMO
SUP00337,SUPPLIER,0.4,0.7013,0.8195,0.6374,0.6277,MODEL_OUTPUT_PENDING,MODEL_OUTPUT_PENDING,DEMO_HEURISTIC_LABEL,SYNTHETIC_DEMO
SUP00338,SUPPLIER,0.2,0.9908,0.2919,0.3343,0.4475,MODEL_OUTPUT_PENDING,MODEL_OUTPUT_PENDING,DEMO_HEURISTIC_LABEL,SYNTHETIC_DEMO
SUP00339,SUPPLIER,0.8,0.4323,0.7028,0.9475,0.7133,MODEL_OUTPUT_PENDING,MODEL_OUTPUT_PENDING,DEMO_HEURISTIC_LABEL,SYNTHETIC_DEMO
SUP00340,SUPPLIER,0.4,0.7203,0.7582,0.8266,0.6549,MODEL_OUTPUT_PENDING,MODEL_OUTPUT_PENDING,DEMO_HEURISTIC_LABEL,SYNTHETIC_DEMO
SUP00341,SUPPLIER,1.0,0.2391,0.4381,0.5941,0.5881,MODEL_OUTPUT_PENDING,MODEL_OUTPUT_PENDING,DEMO_HEURISTIC_LABEL,SYNTHETIC_DEMO
SUP00342,SUPPLIER,0.8,0.6708,0.3492,0.7804,0.6511,MODEL_OUTPUT_PENDING,MODEL_OUTPUT_PENDING,DEMO_HEURISTIC_LABEL,SYNTHETIC_DEMO
SUP00343,SUPPLIER,0.6,0.6528,0.5217,0.702,0.614,MODEL_OUTPUT_PENDING,MODEL_OUTPUT_PENDING,DEMO_HEURISTIC_LABEL,SYNTHETIC_DEMO
SUP00344,SUPPLIER,0.8,0.2291,0.2802,0.346,0.4365,MODEL_OUTPUT_PENDING,MODEL_OUTPUT_PENDING,DEMO_HEURISTIC_LABEL,SYNTHETIC_DEMO
SUP00345,SUPPLIER,0.2,0.2846,0.6352,0.7968,0.4493,MODEL_OUTPUT_PENDING,MODEL_OUTPUT_PENDING,DEMO_HEURISTIC_LABEL,SYNTHETIC_DEMO
SUP00346,SUPPLIER,0.8,0.893,0.2375,0.4189,0.6064,MODEL_OUTPUT_PENDING,MODEL_OUTPUT_PENDING,DEMO_HEURISTIC_LABEL,SYNTHETIC_DEMO
SUP00347,SUPPLIER,0.2,0.3857,0.6921,0.9049,0.5104,MODEL_OUTPUT_PENDING,MODEL_OUTPUT_PENDING,DEMO_HEURISTIC_LABEL,SYNTHETIC_DEMO
SUP00348,SUPPLIER,0.4,0.3277,0.7306,0.7483,0.5342,MODEL_OUTPUT_PENDING,MODEL_OUTPUT_PENDING,DEMO_HEURISTIC_LABEL,SYNTHETIC_DEMO
SUP00349,SUPPLIER,0.2,0.6035,0.4074,0.4275,0.3982,MODEL_OUTPUT_PENDING,MODEL_OUTPUT_PENDING,DEMO_HEURISTIC_LABEL,SYNTHETIC_DEMO
SUP00350,SUPPLIER,0.4,0.7573,0.4808,0.5558,0.5407,MODEL_OUTPUT_PENDING,MODEL_OUTPUT_PENDING,DEMO_HEURISTIC_LABEL,SYNTHETIC_DEMO
SUP00351,SUPPLIER,1.0,0.3999,0.9732,0.4086,0.725,MODEL_OUTPUT_PENDING,MODEL_OUTPUT_PENDING,DEMO_HEURISTIC_LABEL,SYNTHETIC_DEMO
SUP00352,SUPPLIER,1.0,0.2247,0.4058,0.5219,0.562,MODEL_OUTPUT_PENDING,MODEL_OUTPUT_PENDING,DEMO_HEURISTIC_LABEL,SYNTHETIC_DEMO
SUP00353,SUPPLIER,1.0,0.7736,0.2796,0.6528,0.6939,MODEL_OUTPUT_PENDING,MODEL_OUTPUT_PENDING,DEMO_HEURISTIC_LABEL,SYNTHETIC_DEMO
SUP00354,SUPPLIER,0.2,0.6255,0.5888,0.6714,0.4979,MODEL_OUTPUT_PENDING,MODEL_OUTPUT_PENDING,DEMO_HEURISTIC_LABEL,SYNTHETIC_DEMO
SUP00355,SUPPLIER,0.8,0.5488,0.8927,0.8634,0.7731,MODEL_OUTPUT_PENDING,MODEL_OUTPUT_PENDING,DEMO_HEURISTIC_LABEL,SYNTHETIC_DEMO
SUP00356,SUPPLIER,0.4,0.6941,0.7163,0.9518,0.663,MODEL_OUTPUT_PENDING,MODEL_OUTPUT_PENDING,DEMO_HEURISTIC_LABEL,SYNTHETIC_DEMO
SUP00357,SUPPLIER,0.4,0.8816,0.4727,0.4774,0.5541,MODEL_OUTPUT_PENDING,MODEL_OUTPUT_PENDING,DEMO_HEURISTIC_LABEL,SYNTHETIC_DEMO
SUP00358,SUPPLIER,1.0,0.7248,0.5523,0.7936,0.778,MODEL_OUTPUT_PENDING,MODEL_OUTPUT_PENDING,DEMO_HEURISTIC_LABEL,SYNTHETIC_DEMO
SUP00359,SUPPLIER,0.8,0.8096,0.644,0.7122,0.7458,MODEL_OUTPUT_PENDING,MODEL_OUTPUT_PENDING,DEMO_HEURISTIC_LABEL,SYNTHETIC_DEMO
SUP00360,SUPPLIER,0.6,0.3384,0.444,0.285,0.4326,MODEL_OUTPUT_PENDING,MODEL_OUTPUT_PENDING,DEMO_HEURISTIC_LABEL,SYNTHETIC_DEMO
SUP00361,SUPPLIER,0.4,0.2534,0.9486,0.8482,0.5901,MODEL_OUTPUT_PENDING,MODEL_OUTPUT_PENDING,DEMO_HEURISTIC_LABEL,SYNTHETIC_DEMO
SUP00362,SUPPLIER,0.4,0.6184,0.9424,0.2206,0.5543,MODEL_OUTPUT_PENDING,MODEL_OUTPUT_PENDING,DEMO_HEURISTIC_LABEL,SYNTHETIC_DEMO
SUP00363,SUPPLIER,0.2,0.43,0.2255,0.8342,0.3907,MODEL_OUTPUT_PENDING,MODEL_OUTPUT_PENDING,DEMO_HEURISTIC_LABEL,SYNTHETIC_DEMO
SUP00364,SUPPLIER,0.2,0.6251,0.259,0.5954,0.4001,MODEL_OUTPUT_PENDING,MODEL_OUTPUT_PENDING,DEMO_HEURISTIC_LABEL,SYNTHETIC_DEMO
SUP00365,SUPPLIER,0.4,0.9887,0.5949,0.9311,0.7021,MODEL_OUTPUT_PENDING,MODEL_OUTPUT_PENDING,DEMO_HEURISTIC_LABEL,SYNTHETIC_DEMO
SUP00366,SUPPLIER,0.4,0.4735,0.2733,0.9398,0.4947,MODEL_OUTPUT_PENDING,MODEL_OUTPUT_PENDING,DEMO_HEURISTIC_LABEL,SYNTHETIC_DEMO
SUP00367,SUPPLIER,1.0,0.9198,0.7599,0.5222,0.8244,MODEL_OUTPUT_PENDING,MODEL_OUTPUT_PENDING,DEMO_HEURISTIC_LABEL,SYNTHETIC_DEMO
SUP00368,SUPPLIER,0.8,0.4056,0.6006,0.5675,0.605,MODEL_OUTPUT_PENDING,MODEL_OUTPUT_PENDING,DEMO_HEURISTIC_LABEL,SYNTHETIC_DEMO
SUP00369,SUPPLIER,1.0,0.2282,0.8372,0.493,0.665,MODEL_OUTPUT_PENDING,MODEL_OUTPUT_PENDING,DEMO_HEURISTIC_LABEL,SYNTHETIC_DEMO
SUP00370,SUPPLIER,0.2,0.6595,0.6627,0.9965,0.5899,MODEL_OUTPUT_PENDING,MODEL_OUTPUT_PENDING,DEMO_HEURISTIC_LABEL,SYNTHETIC_DEMO
SUP00371,SUPPLIER,1.0,0.8881,0.2157,0.8117,0.7383,MODEL_OUTPUT_PENDING,MODEL_OUTPUT_PENDING,DEMO_HEURISTIC_LABEL,SYNTHETIC_DEMO
SUP00372,SUPPLIER,1.0,0.5922,0.3718,0.286,0.5982,MODEL_OUTPUT_PENDING,MODEL_OUTPUT_PENDING,DEMO_HEURISTIC_LABEL,SYNTHETIC_DEMO
SUP00373,SUPPLIER,1.0,0.8777,0.3679,0.546,0.7206,MODEL_OUTPUT_PENDING,MODEL_OUTPUT_PENDING,DEMO_HEURISTIC_LABEL,SYNTHETIC_DEMO
SUP00374,SUPPLIER,0.4,0.5708,0.4022,0.2957,0.4224,MODEL_OUTPUT_PENDING,MODEL_OUTPUT_PENDING,DEMO_HEURISTIC_LABEL,SYNTHETIC_DEMO
SUP00375,SUPPLIER,0.8,0.9112,0.7683,0.9958,0.859,MODEL_OUTPUT_PENDING,MODEL_OUTPUT_PENDING,DEMO_HEURISTIC_LABEL,SYNTHETIC_DEMO
SUP00376,SUPPLIER,0.2,0.6758,0.5106,0.9071,0.538,MODEL_OUTPUT_PENDING,MODEL_OUTPUT_PENDING,DEMO_HEURISTIC_LABEL,SYNTHETIC_DEMO
SUP00377,SUPPLIER,0.4,0.2126,0.6115,0.6772,0.4615,MODEL_OUTPUT_PENDING,MODEL_OUTPUT_PENDING,DEMO_HEURISTIC_LABEL,SYNTHETIC_DEMO
SUP00378,SUPPLIER,0.4,0.4329,0.7959,0.8249,0.5922,MODEL_OUTPUT_PENDING,MODEL_OUTPUT_PENDING,DEMO_HEURISTIC_LABEL,SYNTHETIC_DEMO
SUP00379,SUPPLIER,1.0,0.323,0.7158,0.4229,0.6443,MODEL_OUTPUT_PENDING,MODEL_OUTPUT_PENDING,DEMO_HEURISTIC_LABEL,SYNTHETIC_DEMO
SUP00380,SUPPLIER,0.4,0.2738,0.2421,0.8691,0.4228,MODEL_OUTPUT_PENDING,MODEL_OUTPUT_PENDING,DEMO_HEURISTIC_LABEL,SYNTHETIC_DEMO
SUP00381,SUPPLIER,0.4,0.274,0.6626,0.7283,0.4998,MODEL_OUTPUT_PENDING,MODEL_OUTPUT_PENDING,DEMO_HEURISTIC_LABEL,SYNTHETIC_DEMO
SUP00382,SUPPLIER,0.2,0.2538,0.5045,0.5148,0.3525,MODEL_OUTPUT_PENDING,MODEL_OUTPUT_PENDING,DEMO_HEURISTIC_LABEL,SYNTHETIC_DEMO
SUP00383,SUPPLIER,0.2,0.5778,0.4329,0.5061,0.4139,MODEL_OUTPUT_PENDING,MODEL_OUTPUT_PENDING,DEMO_HEURISTIC_LABEL,SYNTHETIC_DEMO
SUP00384,SUPPLIER,0.8,0.9551,0.9458,0.599,0.835,MODEL_OUTPUT_PENDING,MODEL_OUTPUT_PENDING,DEMO_HEURISTIC_LABEL,SYNTHETIC_DEMO
SUP00385,SUPPLIER,1.0,0.9723,0.479,0.4043,0.7437,MODEL_OUTPUT_PENDING,MODEL_OUTPUT_PENDING,DEMO_HEURISTIC_LABEL,SYNTHETIC_DEMO
SUP00386,SUPPLIER,0.6,0.5932,0.3881,0.8622,0.5978,MODEL_OUTPUT_PENDING,MODEL_OUTPUT_PENDING,DEMO_HEURISTIC_LABEL,SYNTHETIC_DEMO
SUP00387,SUPPLIER,0.6,0.5972,0.3666,0.7276,0.5665,MODEL_OUTPUT_PENDING,MODEL_OUTPUT_PENDING,DEMO_HEURISTIC_LABEL,SYNTHETIC_DEMO
SUP00388,SUPPLIER,0.2,0.8778,0.6653,0.853,0.6164,MODEL_OUTPUT_PENDING,MODEL_OUTPUT_PENDING,DEMO_HEURISTIC_LABEL,SYNTHETIC_DEMO
SUP00389,SUPPLIER,0.8,0.8291,0.6429,0.6871,0.7454,MODEL_OUTPUT_PENDING,MODEL_OUTPUT_PENDING,DEMO_HEURISTIC_LABEL,SYNTHETIC_DEMO
SUP00390,SUPPLIER,0.8,0.7765,0.7686,0.2835,0.683,MODEL_OUTPUT_PENDING,MODEL_OUTPUT_PENDING,DEMO_HEURISTIC_LABEL,SYNTHETIC_DEMO
SUP00391,SUPPLIER,1.0,0.941,0.9632,0.9768,0.9714,MODEL_OUTPUT_PENDING,MODEL_OUTPUT_PENDING,DEMO_HEURISTIC_LABEL,SYNTHETIC_DEMO
SUP00392,SUPPLIER,0.2,0.8688,0.2819,0.5241,0.4525,MODEL_OUTPUT_PENDING,MODEL_OUTPUT_PENDING,DEMO_HEURISTIC_LABEL,SYNTHETIC_DEMO
SUP00393,SUPPLIER,1.0,0.6059,0.5278,0.6208,0.7076,MODEL_OUTPUT_PENDING,MODEL_OUTPUT_PENDING,DEMO_HEURISTIC_LABEL,SYNTHETIC_DEMO
SUP00394,SUPPLIER,0.6,0.373,0.4255,0.5695,0.4935,MODEL_OUTPUT_PENDING,MODEL_OUTPUT_PENDING,DEMO_HEURISTIC_LABEL,SYNTHETIC_DEMO
SUP00395,SUPPLIER,0.4,0.2522,0.5897,0.6272,0.4559,MODEL_OUTPUT_PENDING,MODEL_OUTPUT_PENDING,DEMO_HEURISTIC_LABEL,SYNTHETIC_DEMO
SUP00396,SUPPLIER,0.4,0.6463,0.6314,0.4275,0.5249,MODEL_OUTPUT_PENDING,MODEL_OUTPUT_PENDING,DEMO_HEURISTIC_LABEL,SYNTHETIC_DEMO
SUP00397,SUPPLIER,0.8,0.2923,0.2388,0.6069,0.4941,MODEL_OUTPUT_PENDING,MODEL_OUTPUT_PENDING,DEMO_HEURISTIC_LABEL,SYNTHETIC_DEMO
SUP00398,SUPPLIER,0.4,0.8349,0.6812,0.4123,0.5815,MODEL_OUTPUT_PENDING,MODEL_OUTPUT_PENDING,DEMO_HEURISTIC_LABEL,SYNTHETIC_DEMO
SUP00399,SUPPLIER,1.0,0.7762,0.4017,0.5942,0.7133,MODEL_OUTPUT_PENDING,MODEL_OUTPUT_PENDING,DEMO_HEURISTIC_LABEL,SYNTHETIC_DEMO
SUP00400,SUPPLIER,0.4,0.2819,0.6728,0.4653,0.4517,MODEL_OUTPUT_PENDING,MODEL_OUTPUT_PENDING,DEMO_HEURISTIC_LABEL,SYNTHETIC_DEMO
SUP00401,SUPPLIER,0.4,0.8889,0.5804,0.4588,0.5791,MODEL_OUTPUT_PENDING,MODEL_OUTPUT_PENDING,DEMO_HEURISTIC_LABEL,SYNTHETIC_DEMO
SUP00402,SUPPLIER,0.8,0.6889,0.9906,0.7114,0.8022,MODEL_OUTPUT_PENDING,MODEL_OUTPUT_PENDING,DEMO_HEURISTIC_LABEL,SYNTHETIC_DEMO
SUP00403,SUPPLIER,0.8,0.8669,0.6933,0.6679,0.7636,MODEL_OUTPUT_PENDING,MODEL_OUTPUT_PENDING,DEMO_HEURISTIC_LABEL,SYNTHETIC_DEMO
SUP00404,SUPPLIER,1.0,0.2285,0.5307,0.7448,0.6388,MODEL_OUTPUT_PENDING,MODEL_OUTPUT_PENDING,DEMO_HEURISTIC_LABEL,SYNTHETIC_DEMO
SUP00405,SUPPLIER,0.8,0.6106,0.8061,0.8982,0.7738,MODEL_OUTPUT_PENDING,MODEL_OUTPUT_PENDING,DEMO_HEURISTIC_LABEL,SYNTHETIC_DEMO
SUP00406,SUPPLIER,0.6,0.9236,0.8128,0.5105,0.7162,MODEL_OUTPUT_PENDING,MODEL_OUTPUT_PENDING,DEMO_HEURISTIC_LABEL,SYNTHETIC_DEMO
SUP00407,SUPPLIER,0.4,0.8104,0.3693,0.6326,0.5415,MODEL_OUTPUT_PENDING,MODEL_OUTPUT_PENDING,DEMO_HEURISTIC_LABEL,SYNTHETIC_DEMO
SUP00408,SUPPLIER,1.0,0.721,0.462,0.5835,0.7124,MODEL_OUTPUT_PENDING,MODEL_OUTPUT_PENDING,DEMO_HEURISTIC_LABEL,SYNTHETIC_DEMO
SUP00409,SUPPLIER,1.0,0.3226,0.627,0.9698,0.7314,MODEL_OUTPUT_PENDING,MODEL_OUTPUT_PENDING,DEMO_HEURISTIC_LABEL,SYNTHETIC_DEMO
SUP00410,SUPPLIER,0.6,0.444,0.5128,0.7175,0.5627,MODEL_OUTPUT_PENDING,MODEL_OUTPUT_PENDING,DEMO_HEURISTIC_LABEL,SYNTHETIC_DEMO
SUP00411,SUPPLIER,0.8,0.7663,0.4958,0.4536,0.6462,MODEL_OUTPUT_PENDING,MODEL_OUTPUT_PENDING,DEMO_HEURISTIC_LABEL,SYNTHETIC_DEMO
SUP00412,SUPPLIER,0.8,0.8216,0.6731,0.7293,0.7595,MODEL_OUTPUT_PENDING,MODEL_OUTPUT_PENDING,DEMO_HEURISTIC_LABEL,SYNTHETIC_DEMO
SUP00413,SUPPLIER,1.0,0.7029,0.3215,0.6043,0.677,MODEL_OUTPUT_PENDING,MODEL_OUTPUT_PENDING,DEMO_HEURISTIC_LABEL,SYNTHETIC_DEMO
SUP00414,SUPPLIER,0.2,0.2238,0.8512,0.6604,0.4608,MODEL_OUTPUT_PENDING,MODEL_OUTPUT_PENDING,DEMO_HEURISTIC_LABEL,SYNTHETIC_DEMO
SUP00415,SUPPLIER,1.0,0.6332,0.9269,0.7528,0.8406,MODEL_OUTPUT_PENDING,MODEL_OUTPUT_PENDING,DEMO_HEURISTIC_LABEL,SYNTHETIC_DEMO
SUP00416,SUPPLIER,0.2,0.9693,0.611,0.6171,0.5785,MODEL_OUTPUT_PENDING,MODEL_OUTPUT_PENDING,DEMO_HEURISTIC_LABEL,SYNTHETIC_DEMO
SUP00417,SUPPLIER,0.6,0.8275,0.3562,0.6087,0.5977,MODEL_OUTPUT_PENDING,MODEL_OUTPUT_PENDING,DEMO_HEURISTIC_LABEL,SYNTHETIC_DEMO
SUP00418,SUPPLIER,0.4,0.8567,0.6129,0.4718,0.5818,MODEL_OUTPUT_PENDING,MODEL_OUTPUT_PENDING,DEMO_HEURISTIC_LABEL,SYNTHETIC_DEMO
SUP00419,SUPPLIER,0.8,0.3753,0.6967,0.3881,0.5856,MODEL_OUTPUT_PENDING,MODEL_OUTPUT_PENDING,DEMO_HEURISTIC_LABEL,SYNTHETIC_DEMO
SUP00420,SUPPLIER,0.2,0.6565,0.9871,0.5714,0.5852,MODEL_OUTPUT_PENDING,MODEL_OUTPUT_PENDING,DEMO_HEURISTIC_LABEL,SYNTHETIC_DEMO
SUP00421,SUPPLIER,0.2,0.8514,0.3324,0.5665,0.4693,MODEL_OUTPUT_PENDING,MODEL_OUTPUT_PENDING,DEMO_HEURISTIC_LABEL,SYNTHETIC_DEMO
SUP00422,SUPPLIER,1.0,0.5628,0.4595,0.2508,0.6057,MODEL_OUTPUT_PENDING,MODEL_OUTPUT_PENDING,DEMO_HEURISTIC_LABEL,SYNTHETIC_DEMO
SUP00423,SUPPLIER,1.0,0.9804,0.5647,0.6514,0.8165,MODEL_OUTPUT_PENDING,MODEL_OUTPUT_PENDING,DEMO_HEURISTIC_LABEL,SYNTHETIC_DEMO
SUP00424,SUPPLIER,0.6,0.2759,0.8875,0.8445,0.6397,MODEL_OUTPUT_PENDING,MODEL_OUTPUT_PENDING,DEMO_HEURISTIC_LABEL,SYNTHETIC_DEMO
SUP00425,SUPPLIER,1.0,0.7749,0.4009,0.2882,0.6516,MODEL_OUTPUT_PENDING,MODEL_OUTPUT_PENDING,DEMO_HEURISTIC_LABEL,SYNTHETIC_DEMO
SUP00426,SUPPLIER,0.4,0.8786,0.5973,0.2183,0.5326,MODEL_OUTPUT_PENDING,MODEL_OUTPUT_PENDING,DEMO_HEURISTIC_LABEL,SYNTHETIC_DEMO
SUP00427,SUPPLIER,0.4,0.4279,0.2639,0.9033,0.4736,MODEL_OUTPUT_PENDING,MODEL_OUTPUT_PENDING,DEMO_HEURISTIC_LABEL,SYNTHETIC_DEMO
SUP00428,SUPPLIER,1.0,0.8321,0.3491,0.8313,0.7616,MODEL_OUTPUT_PENDING,MODEL_OUTPUT_PENDING,DEMO_HEURISTIC_LABEL,SYNTHETIC_DEMO
SUP00429,SUPPLIER,0.2,0.9221,0.2527,0.4484,0.4434,MODEL_OUTPUT_PENDING,MODEL_OUTPUT_PENDING,DEMO_HEURISTIC_LABEL,SYNTHETIC_DEMO
SUP00430,SUPPLIER,1.0,0.9182,0.7964,0.597,0.848,MODEL_OUTPUT_PENDING,MODEL_OUTPUT_PENDING,DEMO_HEURISTIC_LABEL,SYNTHETIC_DEMO
SUP00431,SUPPLIER,0.2,0.9019,0.4827,0.5699,0.5201,MODEL_OUTPUT_PENDING,MODEL_OUTPUT_PENDING,DEMO_HEURISTIC_LABEL,SYNTHETIC_DEMO
SUP00432,SUPPLIER,0.6,0.7695,0.4919,0.3805,0.5715,MODEL_OUTPUT_PENDING,MODEL_OUTPUT_PENDING,DEMO_HEURISTIC_LABEL,SYNTHETIC_DEMO
SUP00433,SUPPLIER,0.4,0.7886,0.6971,0.8638,0.6642,MODEL_OUTPUT_PENDING,MODEL_OUTPUT_PENDING,DEMO_HEURISTIC_LABEL,SYNTHETIC_DEMO
SUP00434,SUPPLIER,0.6,0.281,0.4503,0.5706,0.4769,MODEL_OUTPUT_PENDING,MODEL_OUTPUT_PENDING,DEMO_HEURISTIC_LABEL,SYNTHETIC_DEMO
SUP00435,SUPPLIER,1.0,0.933,0.4818,0.3821,0.7301,MODEL_OUTPUT_PENDING,MODEL_OUTPUT_PENDING,DEMO_HEURISTIC_LABEL,SYNTHETIC_DEMO
SUP00436,SUPPLIER,0.4,0.2702,0.2078,0.7676,0.393,MODEL_OUTPUT_PENDING,MODEL_OUTPUT_PENDING,DEMO_HEURISTIC_LABEL,SYNTHETIC_DEMO
SUP00437,SUPPLIER,0.2,0.8091,0.4116,0.3575,0.4367,MODEL_OUTPUT_PENDING,MODEL_OUTPUT_PENDING,DEMO_HEURISTIC_LABEL,SYNTHETIC_DEMO
SUP00438,SUPPLIER,0.4,0.5662,0.4985,0.3992,0.466,MODEL_OUTPUT_PENDING,MODEL_OUTPUT_PENDING,DEMO_HEURISTIC_LABEL,SYNTHETIC_DEMO
SUP00439,SUPPLIER,0.4,0.5169,0.6953,0.5099,0.525,MODEL_OUTPUT_PENDING,MODEL_OUTPUT_PENDING,DEMO_HEURISTIC_LABEL,SYNTHETIC_DEMO
SUP00440,SUPPLIER,1.0,0.815,0.6753,0.4766,0.7679,MODEL_OUTPUT_PENDING,MODEL_OUTPUT_PENDING,DEMO_HEURISTIC_LABEL,SYNTHETIC_DEMO
SUP00441,SUPPLIER,0.4,0.5008,0.2273,0.4956,0.4011,MODEL_OUTPUT_PENDING,MODEL_OUTPUT_PENDING,DEMO_HEURISTIC_LABEL,SYNTHETIC_DEMO
SUP00442,SUPPLIER,0.6,0.6056,0.7744,0.3749,0.6,MODEL_OUTPUT_PENDING,MODEL_OUTPUT_PENDING,DEMO_HEURISTIC_LABEL,SYNTHETIC_DEMO
SUP00443,SUPPLIER,0.2,0.8695,0.6472,0.7028,0.5797,MODEL_OUTPUT_PENDING,MODEL_OUTPUT_PENDING,DEMO_HEURISTIC_LABEL,SYNTHETIC_DEMO
SUP00444,SUPPLIER,0.6,0.4258,0.6872,0.2053,0.4993,MODEL_OUTPUT_PENDING,MODEL_OUTPUT_PENDING,DEMO_HEURISTIC_LABEL,SYNTHETIC_DEMO
SUP00445,SUPPLIER,1.0,0.4329,0.2457,0.6836,0.6064,MODEL_OUTPUT_PENDING,MODEL_OUTPUT_PENDING,DEMO_HEURISTIC_LABEL,SYNTHETIC_DEMO
SUP00446,SUPPLIER,0.8,0.5837,0.296,0.239,0.5077,MODEL_OUTPUT_PENDING,MODEL_OUTPUT_PENDING,DEMO_HEURISTIC_LABEL,SYNTHETIC_DEMO
SUP00447,SUPPLIER,1.0,0.783,0.2226,0.8197,0.7153,MODEL_OUTPUT_PENDING,MODEL_OUTPUT_PENDING,DEMO_HEURISTIC_LABEL,SYNTHETIC_DEMO
SUP00448,SUPPLIER,0.6,0.5678,0.6686,0.6952,0.6281,MODEL_OUTPUT_PENDING,MODEL_OUTPUT_PENDING,DEMO_HEURISTIC_LABEL,SYNTHETIC_DEMO
SUP00449,SUPPLIER,0.6,0.625,0.7982,0.3247,0.6007,MODEL_OUTPUT_PENDING,MODEL_OUTPUT_PENDING,DEMO_HEURISTIC_LABEL,SYNTHETIC_DEMO
SUP00450,SUPPLIER,0.8,0.5522,0.3897,0.8883,0.6531,MODEL_OUTPUT_PENDING,MODEL_OUTPUT_PENDING,DEMO_HEURISTIC_LABEL,SYNTHETIC_DEMO
SUP00451,SUPPLIER,0.4,0.441,0.529,0.5023,0.463,MODEL_OUTPUT_PENDING,MODEL_OUTPUT_PENDING,DEMO_HEURISTIC_LABEL,SYNTHETIC_DEMO
SUP00452,SUPPLIER,0.8,0.2321,0.9272,0.8503,0.6999,MODEL_OUTPUT_PENDING,MODEL_OUTPUT_PENDING,DEMO_HEURISTIC_LABEL,SYNTHETIC_DEMO
SUP00453,SUPPLIER,1.0,0.2025,0.6712,0.5617,0.6308,MODEL_OUTPUT_PENDING,MODEL_OUTPUT_PENDING,DEMO_HEURISTIC_LABEL,SYNTHETIC_DEMO
SUP00454,SUPPLIER,0.2,0.8387,0.3425,0.4087,0.437,MODEL_OUTPUT_PENDING,MODEL_OUTPUT_PENDING,DEMO_HEURISTIC_LABEL,SYNTHETIC_DEMO
SUP00455,SUPPLIER,0.6,0.2324,0.4965,0.3003,0.4223,MODEL_OUTPUT_PENDING,MODEL_OUTPUT_PENDING,DEMO_HEURISTIC_LABEL,SYNTHETIC_DEMO
SUP00456,SUPPLIER,0.4,0.9916,0.8081,0.3928,0.6485,MODEL_OUTPUT_PENDING,MODEL_OUTPUT_PENDING,DEMO_HEURISTIC_LABEL,SYNTHETIC_DEMO
SUP00457,SUPPLIER,1.0,0.7174,0.9885,0.7552,0.8775,MODEL_OUTPUT_PENDING,MODEL_OUTPUT_PENDING,DEMO_HEURISTIC_LABEL,SYNTHETIC_DEMO
SUP00458,SUPPLIER,1.0,0.5069,0.8827,0.5175,0.7509,MODEL_OUTPUT_PENDING,MODEL_OUTPUT_PENDING,DEMO_HEURISTIC_LABEL,SYNTHETIC_DEMO
SUP00459,SUPPLIER,0.2,0.2289,0.8501,0.5276,0.4353,MODEL_OUTPUT_PENDING,MODEL_OUTPUT_PENDING,DEMO_HEURISTIC_LABEL,SYNTHETIC_DEMO
SUP00460,SUPPLIER,0.8,0.8611,0.427,0.5195,0.6659,MODEL_OUTPUT_PENDING,MODEL_OUTPUT_PENDING,DEMO_HEURISTIC_LABEL,SYNTHETIC_DEMO
SUP00461,SUPPLIER,1.0,0.5866,0.5411,0.5395,0.6898,MODEL_OUTPUT_PENDING,MODEL_OUTPUT_PENDING,DEMO_HEURISTIC_LABEL,SYNTHETIC_DEMO
SUP00462,SUPPLIER,0.2,0.5076,0.4292,0.264,0.347,MODEL_OUTPUT_PENDING,MODEL_OUTPUT_PENDING,DEMO_HEURISTIC_LABEL,SYNTHETIC_DEMO
SUP00463,SUPPLIER,0.8,0.7781,0.5602,0.6656,0.7077,MODEL_OUTPUT_PENDING,MODEL_OUTPUT_PENDING,DEMO_HEURISTIC_LABEL,SYNTHETIC_DEMO
SUP00464,SUPPLIER,0.4,0.3461,0.4736,0.4529,0.4155,MODEL_OUTPUT_PENDING,MODEL_OUTPUT_PENDING,DEMO_HEURISTIC_LABEL,SYNTHETIC_DEMO
SUP00465,SUPPLIER,0.2,0.8398,0.864,0.261,0.5381,MODEL_OUTPUT_PENDING,MODEL_OUTPUT_PENDING,DEMO_HEURISTIC_LABEL,SYNTHETIC_DEMO
SUP00466,SUPPLIER,1.0,0.283,0.8495,0.9192,0.767,MODEL_OUTPUT_PENDING,MODEL_OUTPUT_PENDING,DEMO_HEURISTIC_LABEL,SYNTHETIC_DEMO
SUP00467,SUPPLIER,1.0,0.9948,0.604,0.323,0.7643,MODEL_OUTPUT_PENDING,MODEL_OUTPUT_PENDING,DEMO_HEURISTIC_LABEL,SYNTHETIC_DEMO
SUP00468,SUPPLIER,0.4,0.2034,0.7129,0.797,0.5085,MODEL_OUTPUT_PENDING,MODEL_OUTPUT_PENDING,DEMO_HEURISTIC_LABEL,SYNTHETIC_DEMO
SUP00469,SUPPLIER,0.4,0.6574,0.9137,0.5657,0.6259,MODEL_OUTPUT_PENDING,MODEL_OUTPUT_PENDING,DEMO_HEURISTIC_LABEL,SYNTHETIC_DEMO
SUP00470,SUPPLIER,1.0,0.703,0.4948,0.4647,0.6924,MODEL_OUTPUT_PENDING,MODEL_OUTPUT_PENDING,DEMO_HEURISTIC_LABEL,SYNTHETIC_DEMO
SUP00471,SUPPLIER,0.6,0.721,0.4944,0.3924,0.5623,MODEL_OUTPUT_PENDING,MODEL_OUTPUT_PENDING,DEMO_HEURISTIC_LABEL,SYNTHETIC_DEMO
SUP00472,SUPPLIER,0.8,0.7638,0.3236,0.3146,0.5748,MODEL_OUTPUT_PENDING,MODEL_OUTPUT_PENDING,DEMO_HEURISTIC_LABEL,SYNTHETIC_DEMO
SUP00473,SUPPLIER,0.8,0.4288,0.2789,0.2402,0.465,MODEL_OUTPUT_PENDING,MODEL_OUTPUT_PENDING,DEMO_HEURISTIC_LABEL,SYNTHETIC_DEMO
SUP00474,SUPPLIER,0.6,0.498,0.8262,0.5056,0.6121,MODEL_OUTPUT_PENDING,MODEL_OUTPUT_PENDING,DEMO_HEURISTIC_LABEL,SYNTHETIC_DEMO
SUP00475,SUPPLIER,0.8,0.6551,0.688,0.5129,0.6784,MODEL_OUTPUT_PENDING,MODEL_OUTPUT_PENDING,DEMO_HEURISTIC_LABEL,SYNTHETIC_DEMO
SUP00476,SUPPLIER,0.6,0.7059,0.3021,0.4297,0.5179,MODEL_OUTPUT_PENDING,MODEL_OUTPUT_PENDING,DEMO_HEURISTIC_LABEL,SYNTHETIC_DEMO
SUP00477,SUPPLIER,0.2,0.5806,0.2009,0.9139,0.4382,MODEL_OUTPUT_PENDING,MODEL_OUTPUT_PENDING,DEMO_HEURISTIC_LABEL,SYNTHETIC_DEMO
SUP00478,SUPPLIER,0.8,0.8887,0.431,0.2961,0.6292,MODEL_OUTPUT_PENDING,MODEL_OUTPUT_PENDING,DEMO_HEURISTIC_LABEL,SYNTHETIC_DEMO
SUP00479,SUPPLIER,0.4,0.6953,0.6705,0.7645,0.6144,MODEL_OUTPUT_PENDING,MODEL_OUTPUT_PENDING,DEMO_HEURISTIC_LABEL,SYNTHETIC_DEMO
SUP00480,SUPPLIER,0.4,0.3258,0.6304,0.2627,0.4116,MODEL_OUTPUT_PENDING,MODEL_OUTPUT_PENDING,DEMO_HEURISTIC_LABEL,SYNTHETIC_DEMO
SUP00481,SUPPLIER,0.8,0.4044,0.9411,0.6783,0.712,MODEL_OUTPUT_PENDING,MODEL_OUTPUT_PENDING,DEMO_HEURISTIC_LABEL,SYNTHETIC_DEMO
SUP00482,SUPPLIER,0.6,0.8245,0.2038,0.8065,0.5984,MODEL_OUTPUT_PENDING,MODEL_OUTPUT_PENDING,DEMO_HEURISTIC_LABEL,SYNTHETIC_DEMO
SUP00483,SUPPLIER,0.2,0.3247,0.3354,0.8572,0.3965,MODEL_OUTPUT_PENDING,MODEL_OUTPUT_PENDING,DEMO_HEURISTIC_LABEL,SYNTHETIC_DEMO
SUP00484,SUPPLIER,0.2,0.7317,0.9427,0.4438,0.5674,MODEL_OUTPUT_PENDING,MODEL_OUTPUT_PENDING,DEMO_HEURISTIC_LABEL,SYNTHETIC_DEMO
SUP00485,SUPPLIER,0.8,0.6877,0.3466,0.8695,0.6725,MODEL_OUTPUT_PENDING,MODEL_OUTPUT_PENDING,DEMO_HEURISTIC_LABEL,SYNTHETIC_DEMO
SUP00486,SUPPLIER,0.8,0.5739,0.4927,0.5728,0.6212,MODEL_OUTPUT_PENDING,MODEL_OUTPUT_PENDING,DEMO_HEURISTIC_LABEL,SYNTHETIC_DEMO
SUP00487,SUPPLIER,0.8,0.6048,0.759,0.3039,0.6417,MODEL_OUTPUT_PENDING,MODEL_OUTPUT_PENDING,DEMO_HEURISTIC_LABEL,SYNTHETIC_DEMO
SUP00488,SUPPLIER,0.4,0.5608,0.7197,0.9467,0.6295,MODEL_OUTPUT_PENDING,MODEL_OUTPUT_PENDING,DEMO_HEURISTIC_LABEL,SYNTHETIC_DEMO
SUP00489,SUPPLIER,0.8,0.3498,0.2322,0.3654,0.4586,MODEL_OUTPUT_PENDING,MODEL_OUTPUT_PENDING,DEMO_HEURISTIC_LABEL,SYNTHETIC_DEMO
SUP00490,SUPPLIER,1.0,0.2237,0.412,0.6608,0.5911,MODEL_OUTPUT_PENDING,MODEL_OUTPUT_PENDING,DEMO_HEURISTIC_LABEL,SYNTHETIC_DEMO
SUP00491,SUPPLIER,0.2,0.4867,0.5223,0.4227,0.3968,MODEL_OUTPUT_PENDING,MODEL_OUTPUT_PENDING,DEMO_HEURISTIC_LABEL,SYNTHETIC_DEMO
SUP00492,SUPPLIER,0.6,0.6931,0.9973,0.7923,0.7611,MODEL_OUTPUT_PENDING,MODEL_OUTPUT_PENDING,DEMO_HEURISTIC_LABEL,SYNTHETIC_DEMO
SUP00493,SUPPLIER,0.8,0.8334,0.3684,0.7046,0.6814,MODEL_OUTPUT_PENDING,MODEL_OUTPUT_PENDING,DEMO_HEURISTIC_LABEL,SYNTHETIC_DEMO
SUP00494,SUPPLIER,0.8,0.5379,0.8116,0.5434,0.6861,MODEL_OUTPUT_PENDING,MODEL_OUTPUT_PENDING,DEMO_HEURISTIC_LABEL,SYNTHETIC_DEMO
SUP00495,SUPPLIER,0.4,0.3521,0.8269,0.3307,0.4809,MODEL_OUTPUT_PENDING,MODEL_OUTPUT_PENDING,DEMO_HEURISTIC_LABEL,SYNTHETIC_DEMO
SUP00496,SUPPLIER,1.0,0.5014,0.2645,0.7805,0.6476,MODEL_OUTPUT_PENDING,MODEL_OUTPUT_PENDING,DEMO_HEURISTIC_LABEL,SYNTHETIC_DEMO
SUP00497,SUPPLIER,0.2,0.4302,0.3914,0.621,0.3896,MODEL_OUTPUT_PENDING,MODEL_OUTPUT_PENDING,DEMO_HEURISTIC_LABEL,SYNTHETIC_DEMO
SUP00498,SUPPLIER,0.8,0.7172,0.8912,0.7029,0.7827,MODEL_OUTPUT_PENDING,MODEL_OUTPUT_PENDING,DEMO_HEURISTIC_LABEL,SYNTHETIC_DEMO
SUP00499,SUPPLIER,0.2,0.6795,0.3816,0.355,0.3963,MODEL_OUTPUT_PENDING,MODEL_OUTPUT_PENDING,DEMO_HEURISTIC_LABEL,SYNTHETIC_DEMO
SUP00500,SUPPLIER,0.8,0.996,0.8827,0.2736,0.7644,MODEL_OUTPUT_PENDING,MODEL_OUTPUT_PENDING,DEMO_HEURISTIC_LABEL,SYNTHETIC_DEMO
SUP00501,SUPPLIER,1.0,0.4763,0.324,0.7476,0.6496,MODEL_OUTPUT_PENDING,MODEL_OUTPUT_PENDING,DEMO_HEURISTIC_LABEL,SYNTHETIC_DEMO
SUP00502,SUPPLIER,0.8,0.6862,0.2602,0.8392,0.6444,MODEL_OUTPUT_PENDING,MODEL_OUTPUT_PENDING,DEMO_HEURISTIC_LABEL,SYNTHETIC_DEMO
SUP00503,SUPPLIER,0.8,0.946,0.7277,0.4575,0.7499,MODEL_OUTPUT_PENDING,MODEL_OUTPUT_PENDING,DEMO_HEURISTIC_LABEL,SYNTHETIC_DEMO
SUP00504,SUPPLIER,0.2,0.3937,0.2689,0.823,0.3903,MODEL_OUTPUT_PENDING,MODEL_OUTPUT_PENDING,DEMO_HEURISTIC_LABEL,SYNTHETIC_DEMO
SUP00505,SUPPLIER,1.0,0.4246,0.9127,0.5043,0.7352,MODEL_OUTPUT_PENDING,MODEL_OUTPUT_PENDING,DEMO_HEURISTIC_LABEL,SYNTHETIC_DEMO
SUP00506,SUPPLIER,1.0,0.8991,0.2973,0.822,0.7635,MODEL_OUTPUT_PENDING,MODEL_OUTPUT_PENDING,DEMO_HEURISTIC_LABEL,SYNTHETIC_DEMO
SUP00507,SUPPLIER,0.8,0.8677,0.8495,0.5013,0.7696,MODEL_OUTPUT_PENDING,MODEL_OUTPUT_PENDING,DEMO_HEURISTIC_LABEL,SYNTHETIC_DEMO
SUP00508,SUPPLIER,0.2,0.9005,0.968,0.2952,0.5862,MODEL_OUTPUT_PENDING,MODEL_OUTPUT_PENDING,DEMO_HEURISTIC_LABEL,SYNTHETIC_DEMO
SUP00509,SUPPLIER,0.2,0.5153,0.5858,0.8758,0.5104,MODEL_OUTPUT_PENDING,MODEL_OUTPUT_PENDING,DEMO_HEURISTIC_LABEL,SYNTHETIC_DEMO
SUP00510,SUPPLIER,0.6,0.8317,0.9161,0.778,0.7725,MODEL_OUTPUT_PENDING,MODEL_OUTPUT_PENDING,DEMO_HEURISTIC_LABEL,SYNTHETIC_DEMO
SUP00511,SUPPLIER,0.2,0.8633,0.6037,0.4595,0.5186,MODEL_OUTPUT_PENDING,MODEL_OUTPUT_PENDING,DEMO_HEURISTIC_LABEL,SYNTHETIC_DEMO
SUP00512,SUPPLIER,0.6,0.6913,0.781,0.2096,0.59,MODEL_OUTPUT_PENDING,MODEL_OUTPUT_PENDING,DEMO_HEURISTIC_LABEL,SYNTHETIC_DEMO
SUP00513,SUPPLIER,0.6,0.2717,0.9417,0.4082,0.565,MODEL_OUTPUT_PENDING,MODEL_OUTPUT_PENDING,DEMO_HEURISTIC_LABEL,SYNTHETIC_DEMO
SUP00514,SUPPLIER,0.4,0.5309,0.7437,0.9647,0.6316,MODEL_OUTPUT_PENDING,MODEL_OUTPUT_PENDING,DEMO_HEURISTIC_LABEL,SYNTHETIC_DEMO
SUP00515,SUPPLIER,0.4,0.541,0.7946,0.4123,0.5364,MODEL_OUTPUT_PENDING,MODEL_OUTPUT_PENDING,DEMO_HEURISTIC_LABEL,SYNTHETIC_DEMO
SUP00516,SUPPLIER,1.0,0.4794,0.5816,0.7538,0.716,MODEL_OUTPUT_PENDING,MODEL_OUTPUT_PENDING,DEMO_HEURISTIC_LABEL,SYNTHETIC_DEMO
SUP00517,SUPPLIER,0.4,0.8535,0.576,0.6239,0.6022,MODEL_OUTPUT_PENDING,MODEL_OUTPUT_PENDING,DEMO_HEURISTIC_LABEL,SYNTHETIC_DEMO
SUP00518,SUPPLIER,0.4,0.3015,0.2951,0.2516,0.3195,MODEL_OUTPUT_PENDING,MODEL_OUTPUT_PENDING,DEMO_HEURISTIC_LABEL,SYNTHETIC_DEMO
SUP00519,SUPPLIER,0.4,0.6079,0.6385,0.5136,0.5343,MODEL_OUTPUT_PENDING,MODEL_OUTPUT_PENDING,DEMO_HEURISTIC_LABEL,SYNTHETIC_DEMO
SUP00520,SUPPLIER,0.2,0.6989,0.2807,0.5507,0.415,MODEL_OUTPUT_PENDING,MODEL_OUTPUT_PENDING,DEMO_HEURISTIC_LABEL,SYNTHETIC_DEMO
SUP00521,SUPPLIER,0.2,0.6103,0.5775,0.8713,0.5312,MODEL_OUTPUT_PENDING,MODEL_OUTPUT_PENDING,DEMO_HEURISTIC_LABEL,SYNTHETIC_DEMO
SUP00522,SUPPLIER,0.6,0.8991,0.8324,0.9774,0.8084,MODEL_OUTPUT_PENDING,MODEL_OUTPUT_PENDING,DEMO_HEURISTIC_LABEL,SYNTHETIC_DEMO
SUP00523,SUPPLIER,1.0,0.88,0.7763,0.3142,0.7769,MODEL_OUTPUT_PENDING,MODEL_OUTPUT_PENDING,DEMO_HEURISTIC_LABEL,SYNTHETIC_DEMO
SUP00524,SUPPLIER,0.4,0.9621,0.7522,0.2109,0.5907,MODEL_OUTPUT_PENDING,MODEL_OUTPUT_PENDING,DEMO_HEURISTIC_LABEL,SYNTHETIC_DEMO
SUP00525,SUPPLIER,0.4,0.9644,0.6027,0.4134,0.5945,MODEL_OUTPUT_PENDING,MODEL_OUTPUT_PENDING,DEMO_HEURISTIC_LABEL,SYNTHETIC_DEMO
SUP00526,SUPPLIER,0.6,0.4739,0.2092,0.3015,0.4111,MODEL_OUTPUT_PENDING,MODEL_OUTPUT_PENDING,DEMO_HEURISTIC_LABEL,SYNTHETIC_DEMO
SUP00527,SUPPLIER,0.4,0.3346,0.885,0.6177,0.5484,MODEL_OUTPUT_PENDING,MODEL_OUTPUT_PENDING,DEMO_HEURISTIC_LABEL,SYNTHETIC_DEMO
SUP00528,SUPPLIER,0.2,0.2445,0.3042,0.648,0.3268,MODEL_OUTPUT_PENDING,MODEL_OUTPUT_PENDING,DEMO_HEURISTIC_LABEL,SYNTHETIC_DEMO
SUP00529,SUPPLIER,0.2,0.2586,0.7588,0.8631,0.487,MODEL_OUTPUT_PENDING,MODEL_OUTPUT_PENDING,DEMO_HEURISTIC_LABEL,SYNTHETIC_DEMO
SUP00530,SUPPLIER,0.4,0.9018,0.2442,0.6616,0.5388,MODEL_OUTPUT_PENDING,MODEL_OUTPUT_PENDING,DEMO_HEURISTIC_LABEL,SYNTHETIC_DEMO
SUP00531,SUPPLIER,0.2,0.4113,0.6943,0.8138,0.4992,MODEL_OUTPUT_PENDING,MODEL_OUTPUT_PENDING,DEMO_HEURISTIC_LABEL,SYNTHETIC_DEMO
SUP00532,SUPPLIER,1.0,0.4106,0.83,0.2371,0.6576,MODEL_OUTPUT_PENDING,MODEL_OUTPUT_PENDING,DEMO_HEURISTIC_LABEL,SYNTHETIC_DEMO
SUP00533,SUPPLIER,0.6,0.3324,0.4367,0.4179,0.4558,MODEL_OUTPUT_PENDING,MODEL_OUTPUT_PENDING,DEMO_HEURISTIC_LABEL,SYNTHETIC_DEMO
SUP00534,SUPPLIER,0.6,0.356,0.3287,0.9772,0.5466,MODEL_OUTPUT_PENDING,MODEL_OUTPUT_PENDING,DEMO_HEURISTIC_LABEL,SYNTHETIC_DEMO
SUP00535,SUPPLIER,0.6,0.7214,0.8192,0.238,0.6127,MODEL_OUTPUT_PENDING,MODEL_OUTPUT_PENDING,DEMO_HEURISTIC_LABEL,SYNTHETIC_DEMO
SUP00536,SUPPLIER,0.8,0.5852,0.5405,0.3501,0.5915,MODEL_OUTPUT_PENDING,MODEL_OUTPUT_PENDING,DEMO_HEURISTIC_LABEL,SYNTHETIC_DEMO
SUP00537,SUPPLIER,0.4,0.8685,0.8885,0.287,0.6167,MODEL_OUTPUT_PENDING,MODEL_OUTPUT_PENDING,DEMO_HEURISTIC_LABEL,SYNTHETIC_DEMO
SUP00538,SUPPLIER,0.4,0.7785,0.8894,0.9912,0.7352,MODEL_OUTPUT_PENDING,MODEL_OUTPUT_PENDING,DEMO_HEURISTIC_LABEL,SYNTHETIC_DEMO
SUP00539,SUPPLIER,0.8,0.4394,0.833,0.7788,0.7138,MODEL_OUTPUT_PENDING,MODEL_OUTPUT_PENDING,DEMO_HEURISTIC_LABEL,SYNTHETIC_DEMO
SUP00540,SUPPLIER,0.8,0.499,0.9838,0.816,0.7739,MODEL_OUTPUT_PENDING,MODEL_OUTPUT_PENDING,DEMO_HEURISTIC_LABEL,SYNTHETIC_DEMO
SUP00541,SUPPLIER,1.0,0.6808,0.4205,0.7927,0.7339,MODEL_OUTPUT_PENDING,MODEL_OUTPUT_PENDING,DEMO_HEURISTIC_LABEL,SYNTHETIC_DEMO
SUP00542,SUPPLIER,0.4,0.6055,0.7431,0.8117,0.6195,MODEL_OUTPUT_PENDING,MODEL_OUTPUT_PENDING,DEMO_HEURISTIC_LABEL,SYNTHETIC_DEMO
SUP00543,SUPPLIER,0.4,0.4057,0.4866,0.5082,0.4447,MODEL_OUTPUT_PENDING,MODEL_OUTPUT_PENDING,DEMO_HEURISTIC_LABEL,SYNTHETIC_DEMO
SUP00544,SUPPLIER,0.6,0.8334,0.9792,0.7727,0.7877,MODEL_OUTPUT_PENDING,MODEL_OUTPUT_PENDING,DEMO_HEURISTIC_LABEL,SYNTHETIC_DEMO
SUP00545,SUPPLIER,0.8,0.6986,0.7753,0.2169,0.6519,MODEL_OUTPUT_PENDING,MODEL_OUTPUT_PENDING,DEMO_HEURISTIC_LABEL,SYNTHETIC_DEMO
SUP00546,SUPPLIER,0.2,0.9198,0.8279,0.6292,0.6228,MODEL_OUTPUT_PENDING,MODEL_OUTPUT_PENDING,DEMO_HEURISTIC_LABEL,SYNTHETIC_DEMO
SUP00547,SUPPLIER,0.8,0.9683,0.791,0.7971,0.8392,MODEL_OUTPUT_PENDING,MODEL_OUTPUT_PENDING,DEMO_HEURISTIC_LABEL,SYNTHETIC_DEMO
SUP00548,SUPPLIER,0.8,0.4759,0.7085,0.3648,0.6091,MODEL_OUTPUT_PENDING,MODEL_OUTPUT_PENDING,DEMO_HEURISTIC_LABEL,SYNTHETIC_DEMO
SUP00549,SUPPLIER,0.8,0.9233,0.5541,0.2548,0.6603,MODEL_OUTPUT_PENDING,MODEL_OUTPUT_PENDING,DEMO_HEURISTIC_LABEL,SYNTHETIC_DEMO
SUP00550,SUPPLIER,0.4,0.2722,0.8769,0.8919,0.5857,MODEL_OUTPUT_PENDING,MODEL_OUTPUT_PENDING,DEMO_HEURISTIC_LABEL,SYNTHETIC_DEMO
SUP00551,SUPPLIER,0.8,0.7092,0.6759,0.7655,0.7394,MODEL_OUTPUT_PENDING,MODEL_OUTPUT_PENDING,DEMO_HEURISTIC_LABEL,SYNTHETIC_DEMO
SUP00552,SUPPLIER,1.0,0.7072,0.2648,0.6416,0.6713,MODEL_OUTPUT_PENDING,MODEL_OUTPUT_PENDING,DEMO_HEURISTIC_LABEL,SYNTHETIC_DEMO
SUP00553,SUPPLIER,0.2,0.9225,0.5709,0.2671,0.4868,MODEL_OUTPUT_PENDING,MODEL_OUTPUT_PENDING,DEMO_HEURISTIC_LABEL,SYNTHETIC_DEMO
SUP00554,SUPPLIER,0.4,0.9832,0.8617,0.7245,0.7261,MODEL_OUTPUT_PENDING,MODEL_OUTPUT_PENDING,DEMO_HEURISTIC_LABEL,SYNTHETIC_DEMO
SUP00555,SUPPLIER,0.2,0.7142,0.8462,0.5016,0.5504,MODEL_OUTPUT_PENDING,MODEL_OUTPUT_PENDING,DEMO_HEURISTIC_LABEL,SYNTHETIC_DEMO
SUP00556,SUPPLIER,0.8,0.8451,0.7849,0.9555,0.8386,MODEL_OUTPUT_PENDING,MODEL_OUTPUT_PENDING,DEMO_HEURISTIC_LABEL,SYNTHETIC_DEMO
SUP00557,SUPPLIER,0.8,0.867,0.7816,0.2709,0.7063,MODEL_OUTPUT_PENDING,MODEL_OUTPUT_PENDING,DEMO_HEURISTIC_LABEL,SYNTHETIC_DEMO
SUP00558,SUPPLIER,0.4,0.2935,0.8118,0.5321,0.5027,MODEL_OUTPUT_PENDING,MODEL_OUTPUT_PENDING,DEMO_HEURISTIC_LABEL,SYNTHETIC_DEMO
SUP00559,SUPPLIER,0.2,0.6679,0.8129,0.6447,0.5591,MODEL_OUTPUT_PENDING,MODEL_OUTPUT_PENDING,DEMO_HEURISTIC_LABEL,SYNTHETIC_DEMO
SUP00560,SUPPLIER,0.4,0.3902,0.7112,0.7354,0.5424,MODEL_OUTPUT_PENDING,MODEL_OUTPUT_PENDING,DEMO_HEURISTIC_LABEL,SYNTHETIC_DEMO
SUP00561,SUPPLIER,0.6,0.8081,0.6801,0.6388,0.6798,MODEL_OUTPUT_PENDING,MODEL_OUTPUT_PENDING,DEMO_HEURISTIC_LABEL,SYNTHETIC_DEMO
SUP00562,SUPPLIER,1.0,0.8999,0.2172,0.9305,0.7654,MODEL_OUTPUT_PENDING,MODEL_OUTPUT_PENDING,DEMO_HEURISTIC_LABEL,SYNTHETIC_DEMO
SUP00563,SUPPLIER,0.8,0.4483,0.8487,0.2743,0.6191,MODEL_OUTPUT_PENDING,MODEL_OUTPUT_PENDING,DEMO_HEURISTIC_LABEL,SYNTHETIC_DEMO
SUP00564,SUPPLIER,0.2,0.7362,0.8262,0.7514,0.6009,MODEL_OUTPUT_PENDING,MODEL_OUTPUT_PENDING,DEMO_HEURISTIC_LABEL,SYNTHETIC_DEMO
SUP00565,SUPPLIER,0.8,0.3826,0.6062,0.6095,0.6091,MODEL_OUTPUT_PENDING,MODEL_OUTPUT_PENDING,DEMO_HEURISTIC_LABEL,SYNTHETIC_DEMO
SUP00566,SUPPLIER,0.6,0.4586,0.9991,0.9495,0.7343,MODEL_OUTPUT_PENDING,MODEL_OUTPUT_PENDING,DEMO_HEURISTIC_LABEL,SYNTHETIC_DEMO
SUP00567,SUPPLIER,0.2,0.4208,0.8527,0.9097,0.5603,MODEL_OUTPUT_PENDING,MODEL_OUTPUT_PENDING,DEMO_HEURISTIC_LABEL,SYNTHETIC_DEMO
SUP00568,SUPPLIER,1.0,0.2381,0.7425,0.9153,0.7282,MODEL_OUTPUT_PENDING,MODEL_OUTPUT_PENDING,DEMO_HEURISTIC_LABEL,SYNTHETIC_DEMO
SUP00569,SUPPLIER,0.4,0.7056,0.4135,0.265,0.4528,MODEL_OUTPUT_PENDING,MODEL_OUTPUT_PENDING,DEMO_HEURISTIC_LABEL,SYNTHETIC_DEMO
SUP00570,SUPPLIER,0.2,0.3628,0.2099,0.3148,0.2661,MODEL_OUTPUT_PENDING,MODEL_OUTPUT_PENDING,DEMO_HEURISTIC_LABEL,SYNTHETIC_DEMO
SUP00571,SUPPLIER,0.6,0.6218,0.6175,0.9045,0.6707,MODEL_OUTPUT_PENDING,MODEL_OUTPUT_PENDING,DEMO_HEURISTIC_LABEL,SYNTHETIC_DEMO
SUP00572,SUPPLIER,0.4,0.2012,0.2941,0.396,0.323,MODEL_OUTPUT_PENDING,MODEL_OUTPUT_PENDING,DEMO_HEURISTIC_LABEL,SYNTHETIC_DEMO
SUP00573,SUPPLIER,0.2,0.5112,0.2969,0.2001,0.302,MODEL_OUTPUT_PENDING,MODEL_OUTPUT_PENDING,DEMO_HEURISTIC_LABEL,SYNTHETIC_DEMO
SUP00574,SUPPLIER,0.8,0.7995,0.6948,0.8179,0.7772,MODEL_OUTPUT_PENDING,MODEL_OUTPUT_PENDING,DEMO_HEURISTIC_LABEL,SYNTHETIC_DEMO
SUP00575,SUPPLIER,0.6,0.4785,0.5406,0.7108,0.5769,MODEL_OUTPUT_PENDING,MODEL_OUTPUT_PENDING,DEMO_HEURISTIC_LABEL,SYNTHETIC_DEMO
SUP00576,SUPPLIER,0.8,0.6282,0.5121,0.291,0.5833,MODEL_OUTPUT_PENDING,MODEL_OUTPUT_PENDING,DEMO_HEURISTIC_LABEL,SYNTHETIC_DEMO
SUP00577,SUPPLIER,0.2,0.7866,0.9697,0.212,0.5415,MODEL_OUTPUT_PENDING,MODEL_OUTPUT_PENDING,DEMO_HEURISTIC_LABEL,SYNTHETIC_DEMO
SUP00578,SUPPLIER,0.8,0.9005,0.2556,0.9458,0.7182,MODEL_OUTPUT_PENDING,MODEL_OUTPUT_PENDING,DEMO_HEURISTIC_LABEL,SYNTHETIC_DEMO
SUP00579,SUPPLIER,1.0,0.2537,0.5174,0.6316,0.6191,MODEL_OUTPUT_PENDING,MODEL_OUTPUT_PENDING,DEMO_HEURISTIC_LABEL,SYNTHETIC_DEMO
SUP00580,SUPPLIER,1.0,0.2514,0.3422,0.3958,0.5276,MODEL_OUTPUT_PENDING,MODEL_OUTPUT_PENDING,DEMO_HEURISTIC_LABEL,SYNTHETIC_DEMO
SUP00581,SUPPLIER,0.6,0.6082,0.6757,0.304,0.5618,MODEL_OUTPUT_PENDING,MODEL_OUTPUT_PENDING,DEMO_HEURISTIC_LABEL,SYNTHETIC_DEMO
SUP00582,SUPPLIER,0.8,0.8525,0.2949,0.3385,0.5946,MODEL_OUTPUT_PENDING,MODEL_OUTPUT_PENDING,DEMO_HEURISTIC_LABEL,SYNTHETIC_DEMO
SUP00583,SUPPLIER,0.2,0.2016,0.4342,0.2663,0.2722,MODEL_OUTPUT_PENDING,MODEL_OUTPUT_PENDING,DEMO_HEURISTIC_LABEL,SYNTHETIC_DEMO
SUP00584,SUPPLIER,0.2,0.487,0.5703,0.9871,0.5217,MODEL_OUTPUT_PENDING,MODEL_OUTPUT_PENDING,DEMO_HEURISTIC_LABEL,SYNTHETIC_DEMO
SUP00585,SUPPLIER,0.4,0.5617,0.7006,0.3897,0.5135,MODEL_OUTPUT_PENDING,MODEL_OUTPUT_PENDING,DEMO_HEURISTIC_LABEL,SYNTHETIC_DEMO
SUP00586,SUPPLIER,0.2,0.2199,0.6273,0.9658,0.465,MODEL_OUTPUT_PENDING,MODEL_OUTPUT_PENDING,DEMO_HEURISTIC_LABEL,SYNTHETIC_DEMO
SUP00587,SUPPLIER,0.8,0.2744,0.6537,0.7404,0.6201,MODEL_OUTPUT_PENDING,MODEL_OUTPUT_PENDING,DEMO_HEURISTIC_LABEL,SYNTHETIC_DEMO
SUP00588,SUPPLIER,1.0,0.4755,0.3043,0.9267,0.6803,MODEL_OUTPUT_PENDING,MODEL_OUTPUT_PENDING,DEMO_HEURISTIC_LABEL,SYNTHETIC_DEMO
SUP00589,SUPPLIER,0.6,0.629,0.4501,0.9798,0.6457,MODEL_OUTPUT_PENDING,MODEL_OUTPUT_PENDING,DEMO_HEURISTIC_LABEL,SYNTHETIC_DEMO
SUP00590,SUPPLIER,0.4,0.6422,0.9293,0.7515,0.6632,MODEL_OUTPUT_PENDING,MODEL_OUTPUT_PENDING,DEMO_HEURISTIC_LABEL,SYNTHETIC_DEMO
SUP00591,SUPPLIER,0.4,0.5208,0.9902,0.2046,0.5387,MODEL_OUTPUT_PENDING,MODEL_OUTPUT_PENDING,DEMO_HEURISTIC_LABEL,SYNTHETIC_DEMO
SUP00592,SUPPLIER,0.4,0.4815,0.6515,0.9301,0.5893,MODEL_OUTPUT_PENDING,MODEL_OUTPUT_PENDING,DEMO_HEURISTIC_LABEL,SYNTHETIC_DEMO
SUP00593,SUPPLIER,0.4,0.913,0.3142,0.7231,0.5714,MODEL_OUTPUT_PENDING,MODEL_OUTPUT_PENDING,DEMO_HEURISTIC_LABEL,SYNTHETIC_DEMO
SUP00594,SUPPLIER,0.2,0.3886,0.258,0.7038,0.3624,MODEL_OUTPUT_PENDING,MODEL_OUTPUT_PENDING,DEMO_HEURISTIC_LABEL,SYNTHETIC_DEMO
SUP00595,SUPPLIER,0.2,0.7183,0.7191,0.7232,0.564,MODEL_OUTPUT_PENDING,MODEL_OUTPUT_PENDING,DEMO_HEURISTIC_LABEL,SYNTHETIC_DEMO
SUP00596,SUPPLIER,0.2,0.472,0.7368,0.7077,0.5038,MODEL_OUTPUT_PENDING,MODEL_OUTPUT_PENDING,DEMO_HEURISTIC_LABEL,SYNTHETIC_DEMO
SUP00597,SUPPLIER,1.0,0.2726,0.3268,0.3588,0.5216,MODEL_OUTPUT_PENDING,MODEL_OUTPUT_PENDING,DEMO_HEURISTIC_LABEL,SYNTHETIC_DEMO
SUP00598,SUPPLIER,0.8,0.4005,0.5162,0.9218,0.6535,MODEL_OUTPUT_PENDING,MODEL_OUTPUT_PENDING,DEMO_HEURISTIC_LABEL,SYNTHETIC_DEMO
SUP00599,SUPPLIER,0.2,0.9739,0.4378,0.9081,0.5945,MODEL_OUTPUT_PENDING,MODEL_OUTPUT_PENDING,DEMO_HEURISTIC_LABEL,SYNTHETIC_DEMO
SUP00600,SUPPLIER,0.8,0.2705,0.6067,0.3963,0.5386,MODEL_OUTPUT_PENDING,MODEL_OUTPUT_PENDING,DEMO_HEURISTIC_LABEL,SYNTHETIC_DEMO
SUP00601,SUPPLIER,0.6,0.3225,0.4068,0.3507,0.4324,MODEL_OUTPUT_PENDING,MODEL_OUTPUT_PENDING,DEMO_HEURISTIC_LABEL,SYNTHETIC_DEMO
SUP00602,SUPPLIER,1.0,0.791,0.2839,0.6722,0.7032,MODEL_OUTPUT_PENDING,MODEL_OUTPUT_PENDING,DEMO_HEURISTIC_LABEL,SYNTHETIC_DEMO
SUP00603,SUPPLIER,0.2,0.6821,0.681,0.4048,0.4817,MODEL_OUTPUT_PENDING,MODEL_OUTPUT_PENDING,DEMO_HEURISTIC_LABEL,SYNTHETIC_DEMO
SUP00604,SUPPLIER,1.0,0.606,0.5616,0.5989,0.7117,MODEL_OUTPUT_PENDING,MODEL_OUTPUT_PENDING,DEMO_HEURISTIC_LABEL,SYNTHETIC_DEMO
SUP00605,SUPPLIER,1.0,0.9472,0.6273,0.8728,0.8682,MODEL_OUTPUT_PENDING,MODEL_OUTPUT_PENDING,DEMO_HEURISTIC_LABEL,SYNTHETIC_DEMO
SUP00606,SUPPLIER,1.0,0.9246,0.4248,0.6949,0.7763,MODEL_OUTPUT_PENDING,MODEL_OUTPUT_PENDING,DEMO_HEURISTIC_LABEL,SYNTHETIC_DEMO
SUP00607,SUPPLIER,0.8,0.4061,0.3348,0.4365,0.5125,MODEL_OUTPUT_PENDING,MODEL_OUTPUT_PENDING,DEMO_HEURISTIC_LABEL,SYNTHETIC_DEMO
SUP00608,SUPPLIER,1.0,0.953,0.7579,0.4787,0.8235,MODEL_OUTPUT_PENDING,MODEL_OUTPUT_PENDING,DEMO_HEURISTIC_LABEL,SYNTHETIC_DEMO
SUP00609,SUPPLIER,0.4,0.4156,0.5749,0.678,0.5032,MODEL_OUTPUT_PENDING,MODEL_OUTPUT_PENDING,DEMO_HEURISTIC_LABEL,SYNTHETIC_DEMO
SUP00610,SUPPLIER,0.4,0.9466,0.2083,0.2792,0.4646,MODEL_OUTPUT_PENDING,MODEL_OUTPUT_PENDING,DEMO_HEURISTIC_LABEL,SYNTHETIC_DEMO
SUP00611,SUPPLIER,0.4,0.7925,0.9846,0.6358,0.6914,MODEL_OUTPUT_PENDING,MODEL_OUTPUT_PENDING,DEMO_HEURISTIC_LABEL,SYNTHETIC_DEMO
SUP00612,SUPPLIER,0.4,0.2319,0.8618,0.8469,0.5628,MODEL_OUTPUT_PENDING,MODEL_OUTPUT_PENDING,DEMO_HEURISTIC_LABEL,SYNTHETIC_DEMO
SUP00613,SUPPLIER,0.4,0.5841,0.7513,0.8396,0.6218,MODEL_OUTPUT_PENDING,MODEL_OUTPUT_PENDING,DEMO_HEURISTIC_LABEL,SYNTHETIC_DEMO
SUP00614,SUPPLIER,1.0,0.4422,0.8871,0.8371,0.7997,MODEL_OUTPUT_PENDING,MODEL_OUTPUT_PENDING,DEMO_HEURISTIC_LABEL,SYNTHETIC_DEMO
SUP00615,SUPPLIER,1.0,0.2051,0.804,0.438,0.6399,MODEL_OUTPUT_PENDING,MODEL_OUTPUT_PENDING,DEMO_HEURISTIC_LABEL,SYNTHETIC_DEMO
SUP00616,SUPPLIER,0.4,0.9734,0.4101,0.4666,0.5592,MODEL_OUTPUT_PENDING,MODEL_OUTPUT_PENDING,DEMO_HEURISTIC_LABEL,SYNTHETIC_DEMO
SUP00617,SUPPLIER,0.2,0.4032,0.9336,0.9448,0.5832,MODEL_OUTPUT_PENDING,MODEL_OUTPUT_PENDING,DEMO_HEURISTIC_LABEL,SYNTHETIC_DEMO
SUP00618,SUPPLIER,0.6,0.4646,0.937,0.5772,0.6458,MODEL_OUTPUT_PENDING,MODEL_OUTPUT_PENDING,DEMO_HEURISTIC_LABEL,SYNTHETIC_DEMO
SUP00619,SUPPLIER,0.8,0.7613,0.6053,0.5007,0.6818,MODEL_OUTPUT_PENDING,MODEL_OUTPUT_PENDING,DEMO_HEURISTIC_LABEL,SYNTHETIC_DEMO
SUP00620,SUPPLIER,0.2,0.8983,0.2609,0.5002,0.4498,MODEL_OUTPUT_PENDING,MODEL_OUTPUT_PENDING,DEMO_HEURISTIC_LABEL,SYNTHETIC_DEMO
SUP00621,SUPPLIER,0.6,0.7518,0.2373,0.6674,0.5608,MODEL_OUTPUT_PENDING,MODEL_OUTPUT_PENDING,DEMO_HEURISTIC_LABEL,SYNTHETIC_DEMO
SUP00622,SUPPLIER,0.2,0.9352,0.6108,0.65,0.5765,MODEL_OUTPUT_PENDING,MODEL_OUTPUT_PENDING,DEMO_HEURISTIC_LABEL,SYNTHETIC_DEMO
SUP00623,SUPPLIER,1.0,0.7555,0.594,0.6998,0.7773,MODEL_OUTPUT_PENDING,MODEL_OUTPUT_PENDING,DEMO_HEURISTIC_LABEL,SYNTHETIC_DEMO
SUP00624,SUPPLIER,0.6,0.927,0.458,0.7735,0.681,MODEL_OUTPUT_PENDING,MODEL_OUTPUT_PENDING,DEMO_HEURISTIC_LABEL,SYNTHETIC_DEMO
SUP00625,SUPPLIER,0.6,0.928,0.8237,0.7207,0.7621,MODEL_OUTPUT_PENDING,MODEL_OUTPUT_PENDING,DEMO_HEURISTIC_LABEL,SYNTHETIC_DEMO
SUP00626,SUPPLIER,1.0,0.6972,0.8496,0.3218,0.7511,MODEL_OUTPUT_PENDING,MODEL_OUTPUT_PENDING,DEMO_HEURISTIC_LABEL,SYNTHETIC_DEMO
SUP00627,SUPPLIER,0.2,0.6942,0.8084,0.3983,0.5153,MODEL_OUTPUT_PENDING,MODEL_OUTPUT_PENDING,DEMO_HEURISTIC_LABEL,SYNTHETIC_DEMO
SUP00628,SUPPLIER,0.2,0.9664,0.6094,0.5116,0.5563,MODEL_OUTPUT_PENDING,MODEL_OUTPUT_PENDING,DEMO_HEURISTIC_LABEL,SYNTHETIC_DEMO
SUP00629,SUPPLIER,0.2,0.2399,0.3018,0.7474,0.3449,MODEL_OUTPUT_PENDING,MODEL_OUTPUT_PENDING,DEMO_HEURISTIC_LABEL,SYNTHETIC_DEMO
SUP00630,SUPPLIER,1.0,0.7291,0.36,0.8223,0.7367,MODEL_OUTPUT_PENDING,MODEL_OUTPUT_PENDING,DEMO_HEURISTIC_LABEL,SYNTHETIC_DEMO
SUP00631,SUPPLIER,0.4,0.8141,0.2973,0.8593,0.5697,MODEL_OUTPUT_PENDING,MODEL_OUTPUT_PENDING,DEMO_HEURISTIC_LABEL,SYNTHETIC_DEMO
SUP00632,SUPPLIER,0.2,0.2065,0.2092,0.9428,0.3525,MODEL_OUTPUT_PENDING,MODEL_OUTPUT_PENDING,DEMO_HEURISTIC_LABEL,SYNTHETIC_DEMO
SUP00633,SUPPLIER,1.0,0.5328,0.8046,0.3888,0.7121,MODEL_OUTPUT_PENDING,MODEL_OUTPUT_PENDING,DEMO_HEURISTIC_LABEL,SYNTHETIC_DEMO
SUP00634,SUPPLIER,0.4,0.5368,0.6166,0.7786,0.5641,MODEL_OUTPUT_PENDING,MODEL_OUTPUT_PENDING,DEMO_HEURISTIC_LABEL,SYNTHETIC_DEMO
SUP00635,SUPPLIER,0.4,0.3713,0.7473,0.8823,0.5761,MODEL_OUTPUT_PENDING,MODEL_OUTPUT_PENDING,DEMO_HEURISTIC_LABEL,SYNTHETIC_DEMO
SUP00636,SUPPLIER,0.4,0.8947,0.9751,0.2034,0.6281,MODEL_OUTPUT_PENDING,MODEL_OUTPUT_PENDING,DEMO_HEURISTIC_LABEL,SYNTHETIC_DEMO
SUP00637,SUPPLIER,0.8,0.2301,0.7736,0.5792,0.6068,MODEL_OUTPUT_PENDING,MODEL_OUTPUT_PENDING,DEMO_HEURISTIC_LABEL,SYNTHETIC_DEMO
SUP00638,SUPPLIER,0.4,0.8473,0.2996,0.8711,0.5809,MODEL_OUTPUT_PENDING,MODEL_OUTPUT_PENDING,DEMO_HEURISTIC_LABEL,SYNTHETIC_DEMO
SUP00639,SUPPLIER,0.6,0.9247,0.4272,0.754,0.6688,MODEL_OUTPUT_PENDING,MODEL_OUTPUT_PENDING,DEMO_HEURISTIC_LABEL,SYNTHETIC_DEMO
SUP00640,SUPPLIER,0.8,0.7093,0.8283,0.7919,0.7828,MODEL_OUTPUT_PENDING,MODEL_OUTPUT_PENDING,DEMO_HEURISTIC_LABEL,SYNTHETIC_DEMO
SUP00641,SUPPLIER,0.2,0.7978,0.4017,0.9064,0.5412,MODEL_OUTPUT_PENDING,MODEL_OUTPUT_PENDING,DEMO_HEURISTIC_LABEL,SYNTHETIC_DEMO
SUP00642,SUPPLIER,0.2,0.2035,0.2712,0.7796,0.3346,MODEL_OUTPUT_PENDING,MODEL_OUTPUT_PENDING,DEMO_HEURISTIC_LABEL,SYNTHETIC_DEMO
SUP00643,SUPPLIER,0.2,0.5557,0.3211,0.3168,0.3425,MODEL_OUTPUT_PENDING,MODEL_OUTPUT_PENDING,DEMO_HEURISTIC_LABEL,SYNTHETIC_DEMO
SUP00644,SUPPLIER,0.2,0.985,0.4521,0.6442,0.5481,MODEL_OUTPUT_PENDING,MODEL_OUTPUT_PENDING,DEMO_HEURISTIC_LABEL,SYNTHETIC_DEMO
SUP00645,SUPPLIER,0.8,0.3866,0.566,0.8534,0.6488,MODEL_OUTPUT_PENDING,MODEL_OUTPUT_PENDING,DEMO_HEURISTIC_LABEL,SYNTHETIC_DEMO
SUP00646,SUPPLIER,0.4,0.2343,0.6653,0.5164,0.4482,MODEL_OUTPUT_PENDING,MODEL_OUTPUT_PENDING,DEMO_HEURISTIC_LABEL,SYNTHETIC_DEMO
SUP00647,SUPPLIER,0.8,0.2916,0.6618,0.6745,0.6133,MODEL_OUTPUT_PENDING,MODEL_OUTPUT_PENDING,DEMO_HEURISTIC_LABEL,SYNTHETIC_DEMO
SUP00648,SUPPLIER,0.6,0.492,0.7138,0.2769,0.5368,MODEL_OUTPUT_PENDING,MODEL_OUTPUT_PENDING,DEMO_HEURISTIC_LABEL,SYNTHETIC_DEMO
SUP00649,SUPPLIER,1.0,0.442,0.8116,0.6086,0.7351,MODEL_OUTPUT_PENDING,MODEL_OUTPUT_PENDING,DEMO_HEURISTIC_LABEL,SYNTHETIC_DEMO
SUP00650,SUPPLIER,0.8,0.5566,0.5773,0.2566,0.5748,MODEL_OUTPUT_PENDING,MODEL_OUTPUT_PENDING,DEMO_HEURISTIC_LABEL,SYNTHETIC_DEMO
SUP00651,SUPPLIER,1.0,0.3793,0.9666,0.5767,0.7518,MODEL_OUTPUT_PENDING,MODEL_OUTPUT_PENDING,DEMO_HEURISTIC_LABEL,SYNTHETIC_DEMO
SUP00652,SUPPLIER,0.2,0.833,0.9651,0.8387,0.6773,MODEL_OUTPUT_PENDING,MODEL_OUTPUT_PENDING,DEMO_HEURISTIC_LABEL,SYNTHETIC_DEMO
SUP00653,SUPPLIER,0.8,0.8102,0.8083,0.4218,0.729,MODEL_OUTPUT_PENDING,MODEL_OUTPUT_PENDING,DEMO_HEURISTIC_LABEL,SYNTHETIC_DEMO
SUP00654,SUPPLIER,1.0,0.9848,0.6376,0.3272,0.771,MODEL_OUTPUT_PENDING,MODEL_OUTPUT_PENDING,DEMO_HEURISTIC_LABEL,SYNTHETIC_DEMO
SUP00655,SUPPLIER,1.0,0.2732,0.283,0.9623,0.6315,MODEL_OUTPUT_PENDING,MODEL_OUTPUT_PENDING,DEMO_HEURISTIC_LABEL,SYNTHETIC_DEMO
SUP00656,SUPPLIER,0.4,0.291,0.5999,0.7798,0.4987,MODEL_OUTPUT_PENDING,MODEL_OUTPUT_PENDING,DEMO_HEURISTIC_LABEL,SYNTHETIC_DEMO
SUP00657,SUPPLIER,1.0,0.3898,0.6193,0.261,0.6045,MODEL_OUTPUT_PENDING,MODEL_OUTPUT_PENDING,DEMO_HEURISTIC_LABEL,SYNTHETIC_DEMO
SUP00658,SUPPLIER,0.8,0.3793,0.746,0.5228,0.6259,MODEL_OUTPUT_PENDING,MODEL_OUTPUT_PENDING,DEMO_HEURISTIC_LABEL,SYNTHETIC_DEMO
SUP00659,SUPPLIER,0.8,0.9623,0.9068,0.4047,0.7882,MODEL_OUTPUT_PENDING,MODEL_OUTPUT_PENDING,DEMO_HEURISTIC_LABEL,SYNTHETIC_DEMO
SUP00660,SUPPLIER,1.0,0.5484,0.6664,0.405,0.6847,MODEL_OUTPUT_PENDING,MODEL_OUTPUT_PENDING,DEMO_HEURISTIC_LABEL,SYNTHETIC_DEMO
SUP00661,SUPPLIER,0.8,0.593,0.5466,0.2596,0.5768,MODEL_OUTPUT_PENDING,MODEL_OUTPUT_PENDING,DEMO_HEURISTIC_LABEL,SYNTHETIC_DEMO
SUP00662,SUPPLIER,1.0,0.429,0.293,0.9364,0.6678,MODEL_OUTPUT_PENDING,MODEL_OUTPUT_PENDING,DEMO_HEURISTIC_LABEL,SYNTHETIC_DEMO
SUP00663,SUPPLIER,0.2,0.4388,0.454,0.6342,0.41,MODEL_OUTPUT_PENDING,MODEL_OUTPUT_PENDING,DEMO_HEURISTIC_LABEL,SYNTHETIC_DEMO
SUP00664,SUPPLIER,0.2,0.3757,0.6921,0.2232,0.3716,MODEL_OUTPUT_PENDING,MODEL_OUTPUT_PENDING,DEMO_HEURISTIC_LABEL,SYNTHETIC_DEMO
SUP00665,SUPPLIER,0.8,0.6003,0.3224,0.3131,0.5333,MODEL_OUTPUT_PENDING,MODEL_OUTPUT_PENDING,DEMO_HEURISTIC_LABEL,SYNTHETIC_DEMO
SUP00666,SUPPLIER,0.6,0.3275,0.4418,0.221,0.4165,MODEL_OUTPUT_PENDING,MODEL_OUTPUT_PENDING,DEMO_HEURISTIC_LABEL,SYNTHETIC_DEMO
SUP00667,SUPPLIER,0.6,0.26,0.8775,0.8838,0.6411,MODEL_OUTPUT_PENDING,MODEL_OUTPUT_PENDING,DEMO_HEURISTIC_LABEL,SYNTHETIC_DEMO
SUP00668,SUPPLIER,0.4,0.8422,0.9817,0.3594,0.6479,MODEL_OUTPUT_PENDING,MODEL_OUTPUT_PENDING,DEMO_HEURISTIC_LABEL,SYNTHETIC_DEMO
SUP00669,SUPPLIER,1.0,0.3785,0.2039,0.3908,0.5237,MODEL_OUTPUT_PENDING,MODEL_OUTPUT_PENDING,DEMO_HEURISTIC_LABEL,SYNTHETIC_DEMO
SUP00670,SUPPLIER,1.0,0.6642,0.2359,0.8226,0.6895,MODEL_OUTPUT_PENDING,MODEL_OUTPUT_PENDING,DEMO_HEURISTIC_LABEL,SYNTHETIC_DEMO
SUP00671,SUPPLIER,0.2,0.6695,0.2082,0.6176,0.4029,MODEL_OUTPUT_PENDING,MODEL_OUTPUT_PENDING,DEMO_HEURISTIC_LABEL,SYNTHETIC_DEMO
SUP00672,SUPPLIER,1.0,0.7711,0.2773,0.7907,0.7202,MODEL_OUTPUT_PENDING,MODEL_OUTPUT_PENDING,DEMO_HEURISTIC_LABEL,SYNTHETIC_DEMO
SUP00673,SUPPLIER,0.8,0.7557,0.503,0.338,0.6223,MODEL_OUTPUT_PENDING,MODEL_OUTPUT_PENDING,DEMO_HEURISTIC_LABEL,SYNTHETIC_DEMO
SUP00674,SUPPLIER,0.4,0.6198,0.9135,0.5105,0.6054,MODEL_OUTPUT_PENDING,MODEL_OUTPUT_PENDING,DEMO_HEURISTIC_LABEL,SYNTHETIC_DEMO
SUP00675,SUPPLIER,0.2,0.8834,0.7895,0.4759,0.5734,MODEL_OUTPUT_PENDING,MODEL_OUTPUT_PENDING,DEMO_HEURISTIC_LABEL,SYNTHETIC_DEMO
SUP00676,SUPPLIER,0.4,0.8907,0.6561,0.9407,0.6949,MODEL_OUTPUT_PENDING,MODEL_OUTPUT_PENDING,DEMO_HEURISTIC_LABEL,SYNTHETIC_DEMO
SUP00677,SUPPLIER,0.2,0.9625,0.9663,0.3245,0.6071,MODEL_OUTPUT_PENDING,MODEL_OUTPUT_PENDING,DEMO_HEURISTIC_LABEL,SYNTHETIC_DEMO
SUP00678,SUPPLIER,1.0,0.3998,0.2678,0.6401,0.5949,MODEL_OUTPUT_PENDING,MODEL_OUTPUT_PENDING,DEMO_HEURISTIC_LABEL,SYNTHETIC_DEMO
SUP00679,SUPPLIER,1.0,0.307,0.8503,0.2088,0.6311,MODEL_OUTPUT_PENDING,MODEL_OUTPUT_PENDING,DEMO_HEURISTIC_LABEL,SYNTHETIC_DEMO
SUP00680,SUPPLIER,0.2,0.5367,0.6235,0.3627,0.4226,MODEL_OUTPUT_PENDING,MODEL_OUTPUT_PENDING,DEMO_HEURISTIC_LABEL,SYNTHETIC_DEMO
SUP00681,SUPPLIER,1.0,0.3881,0.2191,0.7491,0.6016,MODEL_OUTPUT_PENDING,MODEL_OUTPUT_PENDING,DEMO_HEURISTIC_LABEL,SYNTHETIC_DEMO
SUP00682,SUPPLIER,0.8,0.7961,0.9194,0.3343,0.7358,MODEL_OUTPUT_PENDING,MODEL_OUTPUT_PENDING,DEMO_HEURISTIC_LABEL,SYNTHETIC_DEMO
SUP00683,SUPPLIER,0.2,0.723,0.8628,0.3161,0.5197,MODEL_OUTPUT_PENDING,MODEL_OUTPUT_PENDING,DEMO_HEURISTIC_LABEL,SYNTHETIC_DEMO
SUP00684,SUPPLIER,0.6,0.338,0.9983,0.9647,0.707,MODEL_OUTPUT_PENDING,MODEL_OUTPUT_PENDING,DEMO_HEURISTIC_LABEL,SYNTHETIC_DEMO
SUP00685,SUPPLIER,1.0,0.7723,0.5667,0.5671,0.7481,MODEL_OUTPUT_PENDING,MODEL_OUTPUT_PENDING,DEMO_HEURISTIC_LABEL,SYNTHETIC_DEMO
SUP00686,SUPPLIER,0.4,0.5394,0.5775,0.8353,0.5663,MODEL_OUTPUT_PENDING,MODEL_OUTPUT_PENDING,DEMO_HEURISTIC_LABEL,SYNTHETIC_DEMO
SUP00687,SUPPLIER,1.0,0.9278,0.6337,0.4625,0.7829,MODEL_OUTPUT_PENDING,MODEL_OUTPUT_PENDING,DEMO_HEURISTIC_LABEL,SYNTHETIC_DEMO
SUP00688,SUPPLIER,0.8,0.691,0.3518,0.9968,0.7001,MODEL_OUTPUT_PENDING,MODEL_OUTPUT_PENDING,DEMO_HEURISTIC_LABEL,SYNTHETIC_DEMO
SUP00689,SUPPLIER,0.6,0.7733,0.3992,0.4131,0.5558,MODEL_OUTPUT_PENDING,MODEL_OUTPUT_PENDING,DEMO_HEURISTIC_LABEL,SYNTHETIC_DEMO
SUP00690,SUPPLIER,0.6,0.77,0.3882,0.9182,0.6532,MODEL_OUTPUT_PENDING,MODEL_OUTPUT_PENDING,DEMO_HEURISTIC_LABEL,SYNTHETIC_DEMO
SUP00691,SUPPLIER,0.6,0.2477,0.6671,0.8331,0.5753,MODEL_OUTPUT_PENDING,MODEL_OUTPUT_PENDING,DEMO_HEURISTIC_LABEL,SYNTHETIC_DEMO
SUP00692,SUPPLIER,0.4,0.6147,0.9633,0.9026,0.695,MODEL_OUTPUT_PENDING,MODEL_OUTPUT_PENDING,DEMO_HEURISTIC_LABEL,SYNTHETIC_DEMO
SUP00693,SUPPLIER,1.0,0.9865,0.3916,0.2265,0.6898,MODEL_OUTPUT_PENDING,MODEL_OUTPUT_PENDING,DEMO_HEURISTIC_LABEL,SYNTHETIC_DEMO
SUP00694,SUPPLIER,0.4,0.5426,0.702,0.7176,0.5747,MODEL_OUTPUT_PENDING,MODEL_OUTPUT_PENDING,DEMO_HEURISTIC_LABEL,SYNTHETIC_DEMO
SUP00695,SUPPLIER,0.4,0.287,0.4556,0.8215,0.47,MODEL_OUTPUT_PENDING,MODEL_OUTPUT_PENDING,DEMO_HEURISTIC_LABEL,SYNTHETIC_DEMO
SUP00696,SUPPLIER,0.8,0.5373,0.4312,0.4382,0.5698,MODEL_OUTPUT_PENDING,MODEL_OUTPUT_PENDING,DEMO_HEURISTIC_LABEL,SYNTHETIC_DEMO
SUP00697,SUPPLIER,0.4,0.4709,0.8016,0.8306,0.6042,MODEL_OUTPUT_PENDING,MODEL_OUTPUT_PENDING,DEMO_HEURISTIC_LABEL,SYNTHETIC_DEMO
SUP00698,SUPPLIER,0.6,0.9219,0.8034,0.7811,0.7676,MODEL_OUTPUT_PENDING,MODEL_OUTPUT_PENDING,DEMO_HEURISTIC_LABEL,SYNTHETIC_DEMO
SUP00699,SUPPLIER,0.8,0.7906,0.2071,0.5421,0.5978,MODEL_OUTPUT_PENDING,MODEL_OUTPUT_PENDING,DEMO_HEURISTIC_LABEL,SYNTHETIC_DEMO
SUP00700,SUPPLIER,0.8,0.9523,0.2163,0.5651,0.6452,MODEL_OUTPUT_PENDING,MODEL_OUTPUT_PENDING,DEMO_HEURISTIC_LABEL,SYNTHETIC_DEMO
SUP00701,SUPPLIER,0.2,0.4069,0.6006,0.3843,0.3887,MODEL_OUTPUT_PENDING,MODEL_OUTPUT_PENDING,DEMO_HEURISTIC_LABEL,SYNTHETIC_DEMO
SUP00702,SUPPLIER,0.4,0.6545,0.2213,0.9884,0.5366,MODEL_OUTPUT_PENDING,MODEL_OUTPUT_PENDING,DEMO_HEURISTIC_LABEL,SYNTHETIC_DEMO
SUP00703,SUPPLIER,1.0,0.4009,0.7598,0.3545,0.6611,MODEL_OUTPUT_PENDING,MODEL_OUTPUT_PENDING,DEMO_HEURISTIC_LABEL,SYNTHETIC_DEMO
SUP00704,SUPPLIER,1.0,0.9845,0.8307,0.926,0.939,MODEL_OUTPUT_PENDING,MODEL_OUTPUT_PENDING,DEMO_HEURISTIC_LABEL,SYNTHETIC_DEMO
SUP00705,SUPPLIER,0.4,0.2762,0.7747,0.3198,0.4467,MODEL_OUTPUT_PENDING,MODEL_OUTPUT_PENDING,DEMO_HEURISTIC_LABEL,SYNTHETIC_DEMO
SUP00706,SUPPLIER,0.6,0.6626,0.2638,0.7633,0.5643,MODEL_OUTPUT_PENDING,MODEL_OUTPUT_PENDING,DEMO_HEURISTIC_LABEL,SYNTHETIC_DEMO
SUP00707,SUPPLIER,0.4,0.972,0.446,0.2517,0.5248,MODEL_OUTPUT_PENDING,MODEL_OUTPUT_PENDING,DEMO_HEURISTIC_LABEL,SYNTHETIC_DEMO
SUP00708,SUPPLIER,0.4,0.492,0.8453,0.7042,0.5951,MODEL_OUTPUT_PENDING,MODEL_OUTPUT_PENDING,DEMO_HEURISTIC_LABEL,SYNTHETIC_DEMO
SUP00709,SUPPLIER,0.8,0.4223,0.7473,0.47,0.6264,MODEL_OUTPUT_PENDING,MODEL_OUTPUT_PENDING,DEMO_HEURISTIC_LABEL,SYNTHETIC_DEMO
SUP00710,SUPPLIER,0.6,0.7623,0.7993,0.6478,0.7,MODEL_OUTPUT_PENDING,MODEL_OUTPUT_PENDING,DEMO_HEURISTIC_LABEL,SYNTHETIC_DEMO
SUP00711,SUPPLIER,0.4,0.8676,0.5068,0.9621,0.656,MODEL_OUTPUT_PENDING,MODEL_OUTPUT_PENDING,DEMO_HEURISTIC_LABEL,SYNTHETIC_DEMO
SUP00712,SUPPLIER,1.0,0.8911,0.6172,0.9964,0.8764,MODEL_OUTPUT_PENDING,MODEL_OUTPUT_PENDING,DEMO_HEURISTIC_LABEL,SYNTHETIC_DEMO
SUP00713,SUPPLIER,1.0,0.2093,0.9148,0.3722,0.6555,MODEL_OUTPUT_PENDING,MODEL_OUTPUT_PENDING,DEMO_HEURISTIC_LABEL,SYNTHETIC_DEMO
SUP00714,SUPPLIER,0.6,0.6849,0.53,0.3167,0.5471,MODEL_OUTPUT_PENDING,MODEL_OUTPUT_PENDING,DEMO_HEURISTIC_LABEL,SYNTHETIC_DEMO
SUP00715,SUPPLIER,0.4,0.2109,0.8902,0.5987,0.515,MODEL_OUTPUT_PENDING,MODEL_OUTPUT_PENDING,DEMO_HEURISTIC_LABEL,SYNTHETIC_DEMO
SUP00716,SUPPLIER,1.0,0.5135,0.6147,0.3953,0.6611,MODEL_OUTPUT_PENDING,MODEL_OUTPUT_PENDING,DEMO_HEURISTIC_LABEL,SYNTHETIC_DEMO
SUP00717,SUPPLIER,1.0,0.4132,0.5198,0.4699,0.6272,MODEL_OUTPUT_PENDING,MODEL_OUTPUT_PENDING,DEMO_HEURISTIC_LABEL,SYNTHETIC_DEMO
SUP00718,SUPPLIER,0.2,0.599,0.7551,0.2061,0.4398,MODEL_OUTPUT_PENDING,MODEL_OUTPUT_PENDING,DEMO_HEURISTIC_LABEL,SYNTHETIC_DEMO
SUP00719,SUPPLIER,0.6,0.6819,0.2225,0.8625,0.5786,MODEL_OUTPUT_PENDING,MODEL_OUTPUT_PENDING,DEMO_HEURISTIC_LABEL,SYNTHETIC_DEMO
SUP00720,SUPPLIER,0.2,0.9074,0.8322,0.221,0.5391,MODEL_OUTPUT_PENDING,MODEL_OUTPUT_PENDING,DEMO_HEURISTIC_LABEL,SYNTHETIC_DEMO
SUP00721,SUPPLIER,0.8,0.4646,0.325,0.4459,0.5266,MODEL_OUTPUT_PENDING,MODEL_OUTPUT_PENDING,DEMO_HEURISTIC_LABEL,SYNTHETIC_DEMO
SUP00722,SUPPLIER,0.8,0.8088,0.3524,0.4776,0.6258,MODEL_OUTPUT_PENDING,MODEL_OUTPUT_PENDING,DEMO_HEURISTIC_LABEL,SYNTHETIC_DEMO
SUP00723,SUPPLIER,0.8,0.2509,0.5236,0.4014,0.5139,MODEL_OUTPUT_PENDING,MODEL_OUTPUT_PENDING,DEMO_HEURISTIC_LABEL,SYNTHETIC_DEMO
SUP00724,SUPPLIER,0.4,0.4904,0.2486,0.9861,0.502,MODEL_OUTPUT_PENDING,MODEL_OUTPUT_PENDING,DEMO_HEURISTIC_LABEL,SYNTHETIC_DEMO
SUP00725,SUPPLIER,0.8,0.4473,0.5602,0.2483,0.5415,MODEL_OUTPUT_PENDING,MODEL_OUTPUT_PENDING,DEMO_HEURISTIC_LABEL,SYNTHETIC_DEMO
SUP00726,SUPPLIER,0.2,0.937,0.8587,0.2249,0.5539,MODEL_OUTPUT_PENDING,MODEL_OUTPUT_PENDING,DEMO_HEURISTIC_LABEL,SYNTHETIC_DEMO
SUP00727,SUPPLIER,0.6,0.2129,0.2202,0.5825,0.4048,MODEL_OUTPUT_PENDING,MODEL_OUTPUT_PENDING,DEMO_HEURISTIC_LABEL,SYNTHETIC_DEMO
SUP00728,SUPPLIER,0.8,0.6253,0.8869,0.2396,0.666,MODEL_OUTPUT_PENDING,MODEL_OUTPUT_PENDING,DEMO_HEURISTIC_LABEL,SYNTHETIC_DEMO
SUP00729,SUPPLIER,0.6,0.2246,0.4676,0.71,0.4951,MODEL_OUTPUT_PENDING,MODEL_OUTPUT_PENDING,DEMO_HEURISTIC_LABEL,SYNTHETIC_DEMO
SUP00730,SUPPLIER,1.0,0.3437,0.2679,0.7013,0.5931,MODEL_OUTPUT_PENDING,MODEL_OUTPUT_PENDING,DEMO_HEURISTIC_LABEL,SYNTHETIC_DEMO
SUP00731,SUPPLIER,0.4,0.5987,0.4903,0.2601,0.4443,MODEL_OUTPUT_PENDING,MODEL_OUTPUT_PENDING,DEMO_HEURISTIC_LABEL,SYNTHETIC_DEMO
SUP00732,SUPPLIER,1.0,0.5121,0.5636,0.8313,0.7352,MODEL_OUTPUT_PENDING,MODEL_OUTPUT_PENDING,DEMO_HEURISTIC_LABEL,SYNTHETIC_DEMO
SUP00733,SUPPLIER,1.0,0.2487,0.7,0.2597,0.5891,MODEL_OUTPUT_PENDING,MODEL_OUTPUT_PENDING,DEMO_HEURISTIC_LABEL,SYNTHETIC_DEMO
SUP00734,SUPPLIER,0.6,0.68,0.5523,0.8054,0.6492,MODEL_OUTPUT_PENDING,MODEL_OUTPUT_PENDING,DEMO_HEURISTIC_LABEL,SYNTHETIC_DEMO
SUP00735,SUPPLIER,0.4,0.5986,0.4773,0.8082,0.5506,MODEL_OUTPUT_PENDING,MODEL_OUTPUT_PENDING,DEMO_HEURISTIC_LABEL,SYNTHETIC_DEMO
SUP00736,SUPPLIER,0.2,0.3839,0.3011,0.4918,0.3296,MODEL_OUTPUT_PENDING,MODEL_OUTPUT_PENDING,DEMO_HEURISTIC_LABEL,SYNTHETIC_DEMO
SUP00737,SUPPLIER,0.2,0.9516,0.3496,0.2632,0.4379,MODEL_OUTPUT_PENDING,MODEL_OUTPUT_PENDING,DEMO_HEURISTIC_LABEL,SYNTHETIC_DEMO
SUP00738,SUPPLIER,0.2,0.7782,0.8417,0.2323,0.5114,MODEL_OUTPUT_PENDING,MODEL_OUTPUT_PENDING,DEMO_HEURISTIC_LABEL,SYNTHETIC_DEMO
SUP00739,SUPPLIER,0.4,0.8204,0.6378,0.5735,0.5993,MODEL_OUTPUT_PENDING,MODEL_OUTPUT_PENDING,DEMO_HEURISTIC_LABEL,SYNTHETIC_DEMO
SUP00740,SUPPLIER,1.0,0.4638,0.4625,0.8556,0.7027,MODEL_OUTPUT_PENDING,MODEL_OUTPUT_PENDING,DEMO_HEURISTIC_LABEL,SYNTHETIC_DEMO
SUP00741,SUPPLIER,1.0,0.6752,0.296,0.5852,0.6598,MODEL_OUTPUT_PENDING,MODEL_OUTPUT_PENDING,DEMO_HEURISTIC_LABEL,SYNTHETIC_DEMO
SUP00742,SUPPLIER,1.0,0.6988,0.7142,0.8709,0.8274,MODEL_OUTPUT_PENDING,MODEL_OUTPUT_PENDING,DEMO_HEURISTIC_LABEL,SYNTHETIC_DEMO
SUP00743,SUPPLIER,0.4,0.8525,0.3078,0.6638,0.5428,MODEL_OUTPUT_PENDING,MODEL_OUTPUT_PENDING,DEMO_HEURISTIC_LABEL,SYNTHETIC_DEMO
SUP00744,SUPPLIER,0.8,0.4933,0.9655,0.8946,0.7836,MODEL_OUTPUT_PENDING,MODEL_OUTPUT_PENDING,DEMO_HEURISTIC_LABEL,SYNTHETIC_DEMO
SUP00745,SUPPLIER,0.8,0.5533,0.3205,0.4838,0.5552,MODEL_OUTPUT_PENDING,MODEL_OUTPUT_PENDING,DEMO_HEURISTIC_LABEL,SYNTHETIC_DEMO
SUP00746,SUPPLIER,1.0,0.7356,0.2812,0.3699,0.6282,MODEL_OUTPUT_PENDING,MODEL_OUTPUT_PENDING,DEMO_HEURISTIC_LABEL,SYNTHETIC_DEMO
SUP00747,SUPPLIER,0.6,0.4581,0.7721,0.4892,0.5854,MODEL_OUTPUT_PENDING,MODEL_OUTPUT_PENDING,DEMO_HEURISTIC_LABEL,SYNTHETIC_DEMO
SUP00748,SUPPLIER,0.8,0.7033,0.435,0.4417,0.6129,MODEL_OUTPUT_PENDING,MODEL_OUTPUT_PENDING,DEMO_HEURISTIC_LABEL,SYNTHETIC_DEMO
SUP00749,SUPPLIER,0.4,0.4769,0.6324,0.537,0.5047,MODEL_OUTPUT_PENDING,MODEL_OUTPUT_PENDING,DEMO_HEURISTIC_LABEL,SYNTHETIC_DEMO
SUP00750,SUPPLIER,1.0,0.8618,0.8279,0.8142,0.8853,MODEL_OUTPUT_PENDING,MODEL_OUTPUT_PENDING,DEMO_HEURISTIC_LABEL,SYNTHETIC_DEMO
SUP00751,SUPPLIER,1.0,0.8843,0.6137,0.3727,0.749,MODEL_OUTPUT_PENDING,MODEL_OUTPUT_PENDING,DEMO_HEURISTIC_LABEL,SYNTHETIC_DEMO
SUP00752,SUPPLIER,0.2,0.7714,0.3762,0.4852,0.4439,MODEL_OUTPUT_PENDING,MODEL_OUTPUT_PENDING,DEMO_HEURISTIC_LABEL,SYNTHETIC_DEMO
SUP00753,SUPPLIER,0.4,0.4672,0.6186,0.9263,0.5767,MODEL_OUTPUT_PENDING,MODEL_OUTPUT_PENDING,DEMO_HEURISTIC_LABEL,SYNTHETIC_DEMO
SUP00754,SUPPLIER,0.8,0.594,0.2006,0.3391,0.5065,MODEL_OUTPUT_PENDING,MODEL_OUTPUT_PENDING,DEMO_HEURISTIC_LABEL,SYNTHETIC_DEMO
SUP00755,SUPPLIER,0.6,0.5824,0.6971,0.8827,0.6764,MODEL_OUTPUT_PENDING,MODEL_OUTPUT_PENDING,DEMO_HEURISTIC_LABEL,SYNTHETIC_DEMO
SUP00756,SUPPLIER,0.8,0.933,0.8893,0.3464,0.7648,MODEL_OUTPUT_PENDING,MODEL_OUTPUT_PENDING,DEMO_HEURISTIC_LABEL,SYNTHETIC_DEMO
SUP00757,SUPPLIER,0.2,0.2378,0.2735,0.767,0.3412,MODEL_OUTPUT_PENDING,MODEL_OUTPUT_PENDING,DEMO_HEURISTIC_LABEL,SYNTHETIC_DEMO
SUP00758,SUPPLIER,0.6,0.8745,0.4485,0.6185,0.6345,MODEL_OUTPUT_PENDING,MODEL_OUTPUT_PENDING,DEMO_HEURISTIC_LABEL,SYNTHETIC_DEMO
SUP00759,SUPPLIER,0.8,0.6818,0.9191,0.8861,0.8175,MODEL_OUTPUT_PENDING,MODEL_OUTPUT_PENDING,DEMO_HEURISTIC_LABEL,SYNTHETIC_DEMO
SUP00760,SUPPLIER,0.8,0.516,0.2579,0.6146,0.5564,MODEL_OUTPUT_PENDING,MODEL_OUTPUT_PENDING,DEMO_HEURISTIC_LABEL,SYNTHETIC_DEMO
SUP00761,SUPPLIER,1.0,0.3662,0.4601,0.7207,0.6507,MODEL_OUTPUT_PENDING,MODEL_OUTPUT_PENDING,DEMO_HEURISTIC_LABEL,SYNTHETIC_DEMO
SUP00762,SUPPLIER,0.8,0.6172,0.3185,0.9791,0.6698,MODEL_OUTPUT_PENDING,MODEL_OUTPUT_PENDING,DEMO_HEURISTIC_LABEL,SYNTHETIC_DEMO
SUP00763,SUPPLIER,0.6,0.5472,0.2186,0.8924,0.5499,MODEL_OUTPUT_PENDING,MODEL_OUTPUT_PENDING,DEMO_HEURISTIC_LABEL,SYNTHETIC_DEMO
SUP00764,SUPPLIER,0.6,0.2938,0.4132,0.7253,0.5018,MODEL_OUTPUT_PENDING,MODEL_OUTPUT_PENDING,DEMO_HEURISTIC_LABEL,SYNTHETIC_DEMO
SUP00765,SUPPLIER,0.2,0.2595,0.568,0.697,0.4063,MODEL_OUTPUT_PENDING,MODEL_OUTPUT_PENDING,DEMO_HEURISTIC_LABEL,SYNTHETIC_DEMO
SUP00766,SUPPLIER,0.4,0.5545,0.4065,0.9312,0.5465,MODEL_OUTPUT_PENDING,MODEL_OUTPUT_PENDING,DEMO_HEURISTIC_LABEL,SYNTHETIC_DEMO
SUP00767,SUPPLIER,0.8,0.6453,0.7412,0.2402,0.6347,MODEL_OUTPUT_PENDING,MODEL_OUTPUT_PENDING,DEMO_HEURISTIC_LABEL,SYNTHETIC_DEMO
SUP00768,SUPPLIER,0.6,0.7903,0.2763,0.3537,0.5174,MODEL_OUTPUT_PENDING,MODEL_OUTPUT_PENDING,DEMO_HEURISTIC_LABEL,SYNTHETIC_DEMO
SUP00769,SUPPLIER,0.8,0.4595,0.3091,0.4054,0.5132,MODEL_OUTPUT_PENDING,MODEL_OUTPUT_PENDING,DEMO_HEURISTIC_LABEL,SYNTHETIC_DEMO
SUP00770,SUPPLIER,0.8,0.4657,0.5389,0.2393,0.539,MODEL_OUTPUT_PENDING,MODEL_OUTPUT_PENDING,DEMO_HEURISTIC_LABEL,SYNTHETIC_DEMO
SUP00771,SUPPLIER,0.8,0.308,0.8878,0.4155,0.622,MODEL_OUTPUT_PENDING,MODEL_OUTPUT_PENDING,DEMO_HEURISTIC_LABEL,SYNTHETIC_DEMO
SUP00772,SUPPLIER,0.4,0.7898,0.6543,0.8736,0.6557,MODEL_OUTPUT_PENDING,MODEL_OUTPUT_PENDING,DEMO_HEURISTIC_LABEL,SYNTHETIC_DEMO
SUP00773,SUPPLIER,0.4,0.6134,0.8499,0.286,0.543,MODEL_OUTPUT_PENDING,MODEL_OUTPUT_PENDING,DEMO_HEURISTIC_LABEL,SYNTHETIC_DEMO
SUP00774,SUPPLIER,0.8,0.3618,0.7596,0.7393,0.6682,MODEL_OUTPUT_PENDING,MODEL_OUTPUT_PENDING,DEMO_HEURISTIC_LABEL,SYNTHETIC_DEMO
SUP00775,SUPPLIER,1.0,0.7947,0.8869,0.5928,0.839,MODEL_OUTPUT_PENDING,MODEL_OUTPUT_PENDING,DEMO_HEURISTIC_LABEL,SYNTHETIC_DEMO
SUP00776,SUPPLIER,0.2,0.4057,0.9693,0.2728,0.4583,MODEL_OUTPUT_PENDING,MODEL_OUTPUT_PENDING,DEMO_HEURISTIC_LABEL,SYNTHETIC_DEMO
SUP00777,SUPPLIER,0.6,0.652,0.6079,0.4289,0.5808,MODEL_OUTPUT_PENDING,MODEL_OUTPUT_PENDING,DEMO_HEURISTIC_LABEL,SYNTHETIC_DEMO
SUP00778,SUPPLIER,0.4,0.9355,0.5352,0.6273,0.6131,MODEL_OUTPUT_PENDING,MODEL_OUTPUT_PENDING,DEMO_HEURISTIC_LABEL,SYNTHETIC_DEMO
SUP00779,SUPPLIER,0.4,0.4848,0.6431,0.4937,0.5007,MODEL_OUTPUT_PENDING,MODEL_OUTPUT_PENDING,DEMO_HEURISTIC_LABEL,SYNTHETIC_DEMO
SUP00780,SUPPLIER,0.4,0.3165,0.3555,0.703,0.4286,MODEL_OUTPUT_PENDING,MODEL_OUTPUT_PENDING,DEMO_HEURISTIC_LABEL,SYNTHETIC_DEMO
SUP00781,SUPPLIER,0.6,0.7569,0.921,0.323,0.6641,MODEL_OUTPUT_PENDING,MODEL_OUTPUT_PENDING,DEMO_HEURISTIC_LABEL,SYNTHETIC_DEMO
SUP00782,SUPPLIER,1.0,0.4358,0.4008,0.7783,0.6648,MODEL_OUTPUT_PENDING,MODEL_OUTPUT_PENDING,DEMO_HEURISTIC_LABEL,SYNTHETIC_DEMO
SUP00783,SUPPLIER,0.4,0.7665,0.427,0.671,0.5526,MODEL_OUTPUT_PENDING,MODEL_OUTPUT_PENDING,DEMO_HEURISTIC_LABEL,SYNTHETIC_DEMO
SUP00784,SUPPLIER,0.8,0.7964,0.3156,0.3087,0.5797,MODEL_OUTPUT_PENDING,MODEL_OUTPUT_PENDING,DEMO_HEURISTIC_LABEL,SYNTHETIC_DEMO
SUP00785,SUPPLIER,0.4,0.2441,0.9055,0.621,0.5316,MODEL_OUTPUT_PENDING,MODEL_OUTPUT_PENDING,DEMO_HEURISTIC_LABEL,SYNTHETIC_DEMO
SUP00786,SUPPLIER,0.8,0.9947,0.54,0.7157,0.7668,MODEL_OUTPUT_PENDING,MODEL_OUTPUT_PENDING,DEMO_HEURISTIC_LABEL,SYNTHETIC_DEMO
SUP00787,SUPPLIER,0.6,0.6961,0.2846,0.4642,0.518,MODEL_OUTPUT_PENDING,MODEL_OUTPUT_PENDING,DEMO_HEURISTIC_LABEL,SYNTHETIC_DEMO
SUP00788,SUPPLIER,0.2,0.7636,0.9592,0.9419,0.6791,MODEL_OUTPUT_PENDING,MODEL_OUTPUT_PENDING,DEMO_HEURISTIC_LABEL,SYNTHETIC_DEMO
SUP00789,SUPPLIER,0.6,0.4997,0.9258,0.2506,0.5865,MODEL_OUTPUT_PENDING,MODEL_OUTPUT_PENDING,DEMO_HEURISTIC_LABEL,SYNTHETIC_DEMO
SUP00790,SUPPLIER,0.4,0.4284,0.4422,0.8452,0.5067,MODEL_OUTPUT_PENDING,MODEL_OUTPUT_PENDING,DEMO_HEURISTIC_LABEL,SYNTHETIC_DEMO
SUP00791,SUPPLIER,0.2,0.7868,0.4913,0.3662,0.4528,MODEL_OUTPUT_PENDING,MODEL_OUTPUT_PENDING,DEMO_HEURISTIC_LABEL,SYNTHETIC_DEMO
SUP00792,SUPPLIER,1.0,0.513,0.3879,0.5532,0.6359,MODEL_OUTPUT_PENDING,MODEL_OUTPUT_PENDING,DEMO_HEURISTIC_LABEL,SYNTHETIC_DEMO
SUP00793,SUPPLIER,1.0,0.4652,0.8056,0.6553,0.7488,MODEL_OUTPUT_PENDING,MODEL_OUTPUT_PENDING,DEMO_HEURISTIC_LABEL,SYNTHETIC_DEMO
SUP00794,SUPPLIER,0.8,0.8363,0.761,0.3195,0.7032,MODEL_OUTPUT_PENDING,MODEL_OUTPUT_PENDING,DEMO_HEURISTIC_LABEL,SYNTHETIC_DEMO
SUP00795,SUPPLIER,0.4,0.7464,0.6885,0.7778,0.6343,MODEL_OUTPUT_PENDING,MODEL_OUTPUT_PENDING,DEMO_HEURISTIC_LABEL,SYNTHETIC_DEMO
SUP00796,SUPPLIER,0.2,0.2437,0.8975,0.6632,0.478,MODEL_OUTPUT_PENDING,MODEL_OUTPUT_PENDING,DEMO_HEURISTIC_LABEL,SYNTHETIC_DEMO
SUP00797,SUPPLIER,0.6,0.8641,0.4861,0.9748,0.7125,MODEL_OUTPUT_PENDING,MODEL_OUTPUT_PENDING,DEMO_HEURISTIC_LABEL,SYNTHETIC_DEMO
SUP00798,SUPPLIER,0.6,0.497,0.312,0.6053,0.5033,MODEL_OUTPUT_PENDING,MODEL_OUTPUT_PENDING,DEMO_HEURISTIC_LABEL,SYNTHETIC_DEMO
SUP00799,SUPPLIER,0.4,0.7989,0.8319,0.9385,0.7154,MODEL_OUTPUT_PENDING,MODEL_OUTPUT_PENDING,DEMO_HEURISTIC_LABEL,SYNTHETIC_DEMO
SUP00800,SUPPLIER,0.4,0.8151,0.4407,0.4526,0.5245,MODEL_OUTPUT_PENDING,MODEL_OUTPUT_PENDING,DEMO_HEURISTIC_LABEL,SYNTHETIC_DEMO
SUP00801,SUPPLIER,0.2,0.5897,0.7549,0.825,0.5611,MODEL_OUTPUT_PENDING,MODEL_OUTPUT_PENDING,DEMO_HEURISTIC_LABEL,SYNTHETIC_DEMO
SUP00802,SUPPLIER,0.8,0.5564,0.741,0.8187,0.7281,MODEL_OUTPUT_PENDING,MODEL_OUTPUT_PENDING,DEMO_HEURISTIC_LABEL,SYNTHETIC_DEMO
SUP00803,SUPPLIER,0.8,0.3439,0.5951,0.6879,0.6123,MODEL_OUTPUT_PENDING,MODEL_OUTPUT_PENDING,DEMO_HEURISTIC_LABEL,SYNTHETIC_DEMO
SUP00804,SUPPLIER,0.6,0.8673,0.5461,0.3997,0.6133,MODEL_OUTPUT_PENDING,MODEL_OUTPUT_PENDING,DEMO_HEURISTIC_LABEL,SYNTHETIC_DEMO
SUP00805,SUPPLIER,0.6,0.5038,0.2803,0.482,0.4724,MODEL_OUTPUT_PENDING,MODEL_OUTPUT_PENDING,DEMO_HEURISTIC_LABEL,SYNTHETIC_DEMO
SUP00806,SUPPLIER,0.2,0.734,0.6399,0.2708,0.4576,MODEL_OUTPUT_PENDING,MODEL_OUTPUT_PENDING,DEMO_HEURISTIC_LABEL,SYNTHETIC_DEMO
SUP00807,SUPPLIER,0.2,0.9687,0.9664,0.9238,0.7285,MODEL_OUTPUT_PENDING,MODEL_OUTPUT_PENDING,DEMO_HEURISTIC_LABEL,SYNTHETIC_DEMO
SUP00808,SUPPLIER,0.6,0.7568,0.421,0.6075,0.5959,MODEL_OUTPUT_PENDING,MODEL_OUTPUT_PENDING,DEMO_HEURISTIC_LABEL,SYNTHETIC_DEMO
SUP00809,SUPPLIER,0.4,0.8018,0.9957,0.4479,0.659,MODEL_OUTPUT_PENDING,MODEL_OUTPUT_PENDING,DEMO_HEURISTIC_LABEL,SYNTHETIC_DEMO
SUP00810,SUPPLIER,0.6,0.3084,0.4082,0.8453,0.5282,MODEL_OUTPUT_PENDING,MODEL_OUTPUT_PENDING,DEMO_HEURISTIC_LABEL,SYNTHETIC_DEMO
SUP00811,SUPPLIER,0.2,0.6407,0.6099,0.5593,0.4845,MODEL_OUTPUT_PENDING,MODEL_OUTPUT_PENDING,DEMO_HEURISTIC_LABEL,SYNTHETIC_DEMO
SUP00812,SUPPLIER,0.8,0.654,0.6916,0.9357,0.7636,MODEL_OUTPUT_PENDING,MODEL_OUTPUT_PENDING,DEMO_HEURISTIC_LABEL,SYNTHETIC_DEMO
SUP00813,SUPPLIER,0.4,0.576,0.6814,0.7037,0.5751,MODEL_OUTPUT_PENDING,MODEL_OUTPUT_PENDING,DEMO_HEURISTIC_LABEL,SYNTHETIC_DEMO
SUP00814,SUPPLIER,0.8,0.3421,0.9045,0.8214,0.7159,MODEL_OUTPUT_PENDING,MODEL_OUTPUT_PENDING,DEMO_HEURISTIC_LABEL,SYNTHETIC_DEMO
SUP00815,SUPPLIER,0.4,0.5746,0.2534,0.3339,0.3938,MODEL_OUTPUT_PENDING,MODEL_OUTPUT_PENDING,DEMO_HEURISTIC_LABEL,SYNTHETIC_DEMO
SUP00816,SUPPLIER,0.2,0.2544,0.5347,0.2827,0.3138,MODEL_OUTPUT_PENDING,MODEL_OUTPUT_PENDING,DEMO_HEURISTIC_LABEL,SYNTHETIC_DEMO
SUP00817,SUPPLIER,0.8,0.4178,0.6911,0.422,0.6016,MODEL_OUTPUT_PENDING,MODEL_OUTPUT_PENDING,DEMO_HEURISTIC_LABEL,SYNTHETIC_DEMO
SUP00818,SUPPLIER,0.4,0.3611,0.8812,0.2568,0.4819,MODEL_OUTPUT_PENDING,MODEL_OUTPUT_PENDING,DEMO_HEURISTIC_LABEL,SYNTHETIC_DEMO
SUP00819,SUPPLIER,0.2,0.3915,0.8456,0.848,0.5389,MODEL_OUTPUT_PENDING,MODEL_OUTPUT_PENDING,DEMO_HEURISTIC_LABEL,SYNTHETIC_DEMO
SUP00820,SUPPLIER,0.8,0.6357,0.9829,0.9248,0.8296,MODEL_OUTPUT_PENDING,MODEL_OUTPUT_PENDING,DEMO_HEURISTIC_LABEL,SYNTHETIC_DEMO
SUP00821,SUPPLIER,0.8,0.971,0.5251,0.3475,0.6835,MODEL_OUTPUT_PENDING,MODEL_OUTPUT_PENDING,DEMO_HEURISTIC_LABEL,SYNTHETIC_DEMO
SUP00822,SUPPLIER,0.4,0.7819,0.4777,0.4106,0.517,MODEL_OUTPUT_PENDING,MODEL_OUTPUT_PENDING,DEMO_HEURISTIC_LABEL,SYNTHETIC_DEMO
SUP00823,SUPPLIER,1.0,0.5147,0.5265,0.9555,0.7514,MODEL_OUTPUT_PENDING,MODEL_OUTPUT_PENDING,DEMO_HEURISTIC_LABEL,SYNTHETIC_DEMO
SUP00824,SUPPLIER,1.0,0.4744,0.9893,0.266,0.7191,MODEL_OUTPUT_PENDING,MODEL_OUTPUT_PENDING,DEMO_HEURISTIC_LABEL,SYNTHETIC_DEMO
SUP00825,SUPPLIER,0.4,0.7613,0.472,0.4267,0.5137,MODEL_OUTPUT_PENDING,MODEL_OUTPUT_PENDING,DEMO_HEURISTIC_LABEL,SYNTHETIC_DEMO
SUP00826,SUPPLIER,0.8,0.5532,0.2769,0.7216,0.5919,MODEL_OUTPUT_PENDING,MODEL_OUTPUT_PENDING,DEMO_HEURISTIC_LABEL,SYNTHETIC_DEMO
SUP00827,SUPPLIER,0.4,0.6081,0.8134,0.4531,0.566,MODEL_OUTPUT_PENDING,MODEL_OUTPUT_PENDING,DEMO_HEURISTIC_LABEL,SYNTHETIC_DEMO
SUP00828,SUPPLIER,1.0,0.7417,0.5007,0.6447,0.7396,MODEL_OUTPUT_PENDING,MODEL_OUTPUT_PENDING,DEMO_HEURISTIC_LABEL,SYNTHETIC_DEMO
SUP00829,SUPPLIER,0.6,0.6736,0.8271,0.6799,0.6911,MODEL_OUTPUT_PENDING,MODEL_OUTPUT_PENDING,DEMO_HEURISTIC_LABEL,SYNTHETIC_DEMO
SUP00830,SUPPLIER,0.2,0.8682,0.3466,0.405,0.4447,MODEL_OUTPUT_PENDING,MODEL_OUTPUT_PENDING,DEMO_HEURISTIC_LABEL,SYNTHETIC_DEMO
SUP00831,SUPPLIER,0.4,0.3283,0.2894,0.7808,0.4306,MODEL_OUTPUT_PENDING,MODEL_OUTPUT_PENDING,DEMO_HEURISTIC_LABEL,SYNTHETIC_DEMO
SUP00832,SUPPLIER,0.4,0.8481,0.2255,0.8109,0.5506,MODEL_OUTPUT_PENDING,MODEL_OUTPUT_PENDING,DEMO_HEURISTIC_LABEL,SYNTHETIC_DEMO
SUP00833,SUPPLIER,0.6,0.5561,0.4071,0.8418,0.5891,MODEL_OUTPUT_PENDING,MODEL_OUTPUT_PENDING,DEMO_HEURISTIC_LABEL,SYNTHETIC_DEMO
SUP00834,SUPPLIER,0.8,0.9333,0.4274,0.9443,0.769,MODEL_OUTPUT_PENDING,MODEL_OUTPUT_PENDING,DEMO_HEURISTIC_LABEL,SYNTHETIC_DEMO
SUP00835,SUPPLIER,0.6,0.9983,0.338,0.3975,0.5936,MODEL_OUTPUT_PENDING,MODEL_OUTPUT_PENDING,DEMO_HEURISTIC_LABEL,SYNTHETIC_DEMO
SUP00836,SUPPLIER,0.4,0.5398,0.2723,0.9024,0.5035,MODEL_OUTPUT_PENDING,MODEL_OUTPUT_PENDING,DEMO_HEURISTIC_LABEL,SYNTHETIC_DEMO
SUP00837,SUPPLIER,0.4,0.5511,0.4628,0.2108,0.4157,MODEL_OUTPUT_PENDING,MODEL_OUTPUT_PENDING,DEMO_HEURISTIC_LABEL,SYNTHETIC_DEMO
SUP00838,SUPPLIER,0.8,0.3534,0.9705,0.8202,0.735,MODEL_OUTPUT_PENDING,MODEL_OUTPUT_PENDING,DEMO_HEURISTIC_LABEL,SYNTHETIC_DEMO
SUP00839,SUPPLIER,0.8,0.5132,0.6084,0.7698,0.6743,MODEL_OUTPUT_PENDING,MODEL_OUTPUT_PENDING,DEMO_HEURISTIC_LABEL,SYNTHETIC_DEMO
SUP00840,SUPPLIER,1.0,0.6307,0.7792,0.6029,0.7731,MODEL_OUTPUT_PENDING,MODEL_OUTPUT_PENDING,DEMO_HEURISTIC_LABEL,SYNTHETIC_DEMO
SUP00841,SUPPLIER,0.8,0.5339,0.648,0.8672,0.7089,MODEL_OUTPUT_PENDING,MODEL_OUTPUT_PENDING,DEMO_HEURISTIC_LABEL,SYNTHETIC_DEMO
SUP00842,SUPPLIER,1.0,0.6043,0.8218,0.8873,0.834,MODEL_OUTPUT_PENDING,MODEL_OUTPUT_PENDING,DEMO_HEURISTIC_LABEL,SYNTHETIC_DEMO
SUP00843,SUPPLIER,1.0,0.952,0.9413,0.6001,0.8933,MODEL_OUTPUT_PENDING,MODEL_OUTPUT_PENDING,DEMO_HEURISTIC_LABEL,SYNTHETIC_DEMO
SUP00844,SUPPLIER,0.8,0.3155,0.9248,0.6475,0.6796,MODEL_OUTPUT_PENDING,MODEL_OUTPUT_PENDING,DEMO_HEURISTIC_LABEL,SYNTHETIC_DEMO
SUP00845,SUPPLIER,0.6,0.6432,0.8102,0.2335,0.5901,MODEL_OUTPUT_PENDING,MODEL_OUTPUT_PENDING,DEMO_HEURISTIC_LABEL,SYNTHETIC_DEMO
SUP00846,SUPPLIER,0.6,0.3627,0.6686,0.6673,0.5713,MODEL_OUTPUT_PENDING,MODEL_OUTPUT_PENDING,DEMO_HEURISTIC_LABEL,SYNTHETIC_DEMO
SUP00847,SUPPLIER,0.8,0.7476,0.9213,0.7548,0.8082,MODEL_OUTPUT_PENDING,MODEL_OUTPUT_PENDING,DEMO_HEURISTIC_LABEL,SYNTHETIC_DEMO
SUP00848,SUPPLIER,0.4,0.2133,0.606,0.3601,0.3969,MODEL_OUTPUT_PENDING,MODEL_OUTPUT_PENDING,DEMO_HEURISTIC_LABEL,SYNTHETIC_DEMO
SUP00849,SUPPLIER,0.4,0.8572,0.8967,0.8192,0.7223,MODEL_OUTPUT_PENDING,MODEL_OUTPUT_PENDING,DEMO_HEURISTIC_LABEL,SYNTHETIC_DEMO
SUP00850,SUPPLIER,0.8,0.7479,0.3227,0.5942,0.6265,MODEL_OUTPUT_PENDING,MODEL_OUTPUT_PENDING,DEMO_HEURISTIC_LABEL,SYNTHETIC_DEMO
SUP00851,SUPPLIER,0.2,0.9245,0.5891,0.3945,0.5173,MODEL_OUTPUT_PENDING,MODEL_OUTPUT_PENDING,DEMO_HEURISTIC_LABEL,SYNTHETIC_DEMO
SUP00852,SUPPLIER,0.4,0.4786,0.8085,0.4151,0.5248,MODEL_OUTPUT_PENDING,MODEL_OUTPUT_PENDING,DEMO_HEURISTIC_LABEL,SYNTHETIC_DEMO
SUP00853,SUPPLIER,0.2,0.3703,0.8051,0.631,0.48,MODEL_OUTPUT_PENDING,MODEL_OUTPUT_PENDING,DEMO_HEURISTIC_LABEL,SYNTHETIC_DEMO
SUP00854,SUPPLIER,0.8,0.4331,0.4373,0.7385,0.6053,MODEL_OUTPUT_PENDING,MODEL_OUTPUT_PENDING,DEMO_HEURISTIC_LABEL,SYNTHETIC_DEMO
SUP00855,SUPPLIER,1.0,0.2146,0.4246,0.4423,0.5483,MODEL_OUTPUT_PENDING,MODEL_OUTPUT_PENDING,DEMO_HEURISTIC_LABEL,SYNTHETIC_DEMO
SUP00856,SUPPLIER,0.6,0.705,0.6363,0.3045,0.5762,MODEL_OUTPUT_PENDING,MODEL_OUTPUT_PENDING,DEMO_HEURISTIC_LABEL,SYNTHETIC_DEMO
SUP00857,SUPPLIER,0.6,0.4262,0.2877,0.8059,0.5196,MODEL_OUTPUT_PENDING,MODEL_OUTPUT_PENDING,DEMO_HEURISTIC_LABEL,SYNTHETIC_DEMO
SUP00858,SUPPLIER,0.6,0.6876,0.7753,0.6754,0.6808,MODEL_OUTPUT_PENDING,MODEL_OUTPUT_PENDING,DEMO_HEURISTIC_LABEL,SYNTHETIC_DEMO
SUP00859,SUPPLIER,0.8,0.8723,0.9325,0.6039,0.812,MODEL_OUTPUT_PENDING,MODEL_OUTPUT_PENDING,DEMO_HEURISTIC_LABEL,SYNTHETIC_DEMO
SUP00860,SUPPLIER,0.4,0.4704,0.785,0.9689,0.6276,MODEL_OUTPUT_PENDING,MODEL_OUTPUT_PENDING,DEMO_HEURISTIC_LABEL,SYNTHETIC_DEMO
SUP00861,SUPPLIER,0.4,0.6246,0.9033,0.3251,0.567,MODEL_OUTPUT_PENDING,MODEL_OUTPUT_PENDING,DEMO_HEURISTIC_LABEL,SYNTHETIC_DEMO
SUP00862,SUPPLIER,0.2,0.8395,0.8415,0.5523,0.5907,MODEL_OUTPUT_PENDING,MODEL_OUTPUT_PENDING,DEMO_HEURISTIC_LABEL,SYNTHETIC_DEMO
SUP00863,SUPPLIER,1.0,0.351,0.2287,0.2094,0.4868,MODEL_OUTPUT_PENDING,MODEL_OUTPUT_PENDING,DEMO_HEURISTIC_LABEL,SYNTHETIC_DEMO
SUP00864,SUPPLIER,0.6,0.7733,0.2907,0.6743,0.5808,MODEL_OUTPUT_PENDING,MODEL_OUTPUT_PENDING,DEMO_HEURISTIC_LABEL,SYNTHETIC_DEMO
SUP00865,SUPPLIER,0.2,0.541,0.8025,0.7807,0.552,MODEL_OUTPUT_PENDING,MODEL_OUTPUT_PENDING,DEMO_HEURISTIC_LABEL,SYNTHETIC_DEMO
SUP00866,SUPPLIER,0.4,0.633,0.5777,0.314,0.4855,MODEL_OUTPUT_PENDING,MODEL_OUTPUT_PENDING,DEMO_HEURISTIC_LABEL,SYNTHETIC_DEMO
SUP00867,SUPPLIER,0.4,0.5649,0.3637,0.6988,0.4919,MODEL_OUTPUT_PENDING,MODEL_OUTPUT_PENDING,DEMO_HEURISTIC_LABEL,SYNTHETIC_DEMO
SUP00868,SUPPLIER,0.6,0.8411,0.8727,0.7771,0.7639,MODEL_OUTPUT_PENDING,MODEL_OUTPUT_PENDING,DEMO_HEURISTIC_LABEL,SYNTHETIC_DEMO
SUP00869,SUPPLIER,1.0,0.774,0.3405,0.6013,0.6989,MODEL_OUTPUT_PENDING,MODEL_OUTPUT_PENDING,DEMO_HEURISTIC_LABEL,SYNTHETIC_DEMO
SUP00870,SUPPLIER,1.0,0.5032,0.7524,0.4413,0.7022,MODEL_OUTPUT_PENDING,MODEL_OUTPUT_PENDING,DEMO_HEURISTIC_LABEL,SYNTHETIC_DEMO
SUP00871,SUPPLIER,0.8,0.3714,0.7844,0.488,0.6266,MODEL_OUTPUT_PENDING,MODEL_OUTPUT_PENDING,DEMO_HEURISTIC_LABEL,SYNTHETIC_DEMO
SUP00872,SUPPLIER,0.2,0.2272,0.2091,0.2243,0.2139,MODEL_OUTPUT_PENDING,MODEL_OUTPUT_PENDING,DEMO_HEURISTIC_LABEL,SYNTHETIC_DEMO
SUP00873,SUPPLIER,0.2,0.5563,0.5399,0.9017,0.5144,MODEL_OUTPUT_PENDING,MODEL_OUTPUT_PENDING,DEMO_HEURISTIC_LABEL,SYNTHETIC_DEMO
SUP00874,SUPPLIER,0.6,0.9105,0.8344,0.745,0.7652,MODEL_OUTPUT_PENDING,MODEL_OUTPUT_PENDING,DEMO_HEURISTIC_LABEL,SYNTHETIC_DEMO
SUP00875,SUPPLIER,0.6,0.6562,0.6093,0.2696,0.5503,MODEL_OUTPUT_PENDING,MODEL_OUTPUT_PENDING,DEMO_HEURISTIC_LABEL,SYNTHETIC_DEMO
SUP00876,SUPPLIER,0.8,0.3029,0.8892,0.45,0.628,MODEL_OUTPUT_PENDING,MODEL_OUTPUT_PENDING,DEMO_HEURISTIC_LABEL,SYNTHETIC_DEMO
SUP00877,SUPPLIER,0.6,0.5914,0.912,0.4384,0.6435,MODEL_OUTPUT_PENDING,MODEL_OUTPUT_PENDING,DEMO_HEURISTIC_LABEL,SYNTHETIC_DEMO
SUP00878,SUPPLIER,0.8,0.8038,0.6057,0.5088,0.6941,MODEL_OUTPUT_PENDING,MODEL_OUTPUT_PENDING,DEMO_HEURISTIC_LABEL,SYNTHETIC_DEMO
SUP00879,SUPPLIER,0.6,0.9036,0.8009,0.8195,0.77,MODEL_OUTPUT_PENDING,MODEL_OUTPUT_PENDING,DEMO_HEURISTIC_LABEL,SYNTHETIC_DEMO
SUP00880,SUPPLIER,1.0,0.7275,0.5299,0.3245,0.6792,MODEL_OUTPUT_PENDING,MODEL_OUTPUT_PENDING,DEMO_HEURISTIC_LABEL,SYNTHETIC_DEMO
SUP00881,SUPPLIER,1.0,0.3056,0.5341,0.3189,0.5737,MODEL_OUTPUT_PENDING,MODEL_OUTPUT_PENDING,DEMO_HEURISTIC_LABEL,SYNTHETIC_DEMO
SUP00882,SUPPLIER,1.0,0.7987,0.9707,0.8904,0.9204,MODEL_OUTPUT_PENDING,MODEL_OUTPUT_PENDING,DEMO_HEURISTIC_LABEL,SYNTHETIC_DEMO
SUP00883,SUPPLIER,0.2,0.2216,0.9607,0.3726,0.4301,MODEL_OUTPUT_PENDING,MODEL_OUTPUT_PENDING,DEMO_HEURISTIC_LABEL,SYNTHETIC_DEMO
SUP00884,SUPPLIER,1.0,0.4372,0.3014,0.3306,0.5508,MODEL_OUTPUT_PENDING,MODEL_OUTPUT_PENDING,DEMO_HEURISTIC_LABEL,SYNTHETIC_DEMO
SUP00885,SUPPLIER,0.2,0.2816,0.4144,0.8357,0.4011,MODEL_OUTPUT_PENDING,MODEL_OUTPUT_PENDING,DEMO_HEURISTIC_LABEL,SYNTHETIC_DEMO
SUP00886,SUPPLIER,0.6,0.2398,0.8148,0.7629,0.5962,MODEL_OUTPUT_PENDING,MODEL_OUTPUT_PENDING,DEMO_HEURISTIC_LABEL,SYNTHETIC_DEMO
SUP00887,SUPPLIER,0.6,0.6007,0.3369,0.3986,0.4941,MODEL_OUTPUT_PENDING,MODEL_OUTPUT_PENDING,DEMO_HEURISTIC_LABEL,SYNTHETIC_DEMO
SUP00888,SUPPLIER,0.4,0.445,0.3021,0.6285,0.4325,MODEL_OUTPUT_PENDING,MODEL_OUTPUT_PENDING,DEMO_HEURISTIC_LABEL,SYNTHETIC_DEMO
SUP00889,SUPPLIER,1.0,0.2758,0.6209,0.4363,0.6114,MODEL_OUTPUT_PENDING,MODEL_OUTPUT_PENDING,DEMO_HEURISTIC_LABEL,SYNTHETIC_DEMO
SUP00890,SUPPLIER,0.4,0.8187,0.7721,0.7933,0.6764,MODEL_OUTPUT_PENDING,MODEL_OUTPUT_PENDING,DEMO_HEURISTIC_LABEL,SYNTHETIC_DEMO
SUP00891,SUPPLIER,0.8,0.6971,0.5372,0.4081,0.6302,MODEL_OUTPUT_PENDING,MODEL_OUTPUT_PENDING,DEMO_HEURISTIC_LABEL,SYNTHETIC_DEMO
SUP00892,SUPPLIER,1.0,0.2794,0.3327,0.8234,0.6177,MODEL_OUTPUT_PENDING,MODEL_OUTPUT_PENDING,DEMO_HEURISTIC_LABEL,SYNTHETIC_DEMO
SUP00893,SUPPLIER,0.6,0.7664,0.9521,0.2106,0.6517,MODEL_OUTPUT_PENDING,MODEL_OUTPUT_PENDING,DEMO_HEURISTIC_LABEL,SYNTHETIC_DEMO
SUP00894,SUPPLIER,0.2,0.8516,0.6402,0.2026,0.4735,MODEL_OUTPUT_PENDING,MODEL_OUTPUT_PENDING,DEMO_HEURISTIC_LABEL,SYNTHETIC_DEMO
SUP00895,SUPPLIER,0.6,0.3561,0.3445,0.6749,0.4901,MODEL_OUTPUT_PENDING,MODEL_OUTPUT_PENDING,DEMO_HEURISTIC_LABEL,SYNTHETIC_DEMO
SUP00896,SUPPLIER,0.8,0.3713,0.6124,0.8671,0.6594,MODEL_OUTPUT_PENDING,MODEL_OUTPUT_PENDING,DEMO_HEURISTIC_LABEL,SYNTHETIC_DEMO
SUP00897,SUPPLIER,0.6,0.6298,0.9446,0.9838,0.7704,MODEL_OUTPUT_PENDING,MODEL_OUTPUT_PENDING,DEMO_HEURISTIC_LABEL,SYNTHETIC_DEMO
SUP00898,SUPPLIER,0.4,0.9233,0.9526,0.9416,0.7773,MODEL_OUTPUT_PENDING,MODEL_OUTPUT_PENDING,DEMO_HEURISTIC_LABEL,SYNTHETIC_DEMO
SUP00899,SUPPLIER,0.6,0.3096,0.8201,0.9979,0.662,MODEL_OUTPUT_PENDING,MODEL_OUTPUT_PENDING,DEMO_HEURISTIC_LABEL,SYNTHETIC_DEMO
SUP00900,SUPPLIER,0.2,0.6509,0.2976,0.7376,0.4447,MODEL_OUTPUT_PENDING,MODEL_OUTPUT_PENDING,DEMO_HEURISTIC_LABEL,SYNTHETIC_DEMO
SUP00901,SUPPLIER,0.2,0.5058,0.2207,0.7738,0.3964,MODEL_OUTPUT_PENDING,MODEL_OUTPUT_PENDING,DEMO_HEURISTIC_LABEL,SYNTHETIC_DEMO
SUP00902,SUPPLIER,0.4,0.5297,0.266,0.7765,0.4742,MODEL_OUTPUT_PENDING,MODEL_OUTPUT_PENDING,DEMO_HEURISTIC_LABEL,SYNTHETIC_DEMO
SUP00903,SUPPLIER,0.8,0.7117,0.3945,0.2766,0.5719,MODEL_OUTPUT_PENDING,MODEL_OUTPUT_PENDING,DEMO_HEURISTIC_LABEL,SYNTHETIC_DEMO
SUP00904,SUPPLIER,0.4,0.6555,0.9264,0.3313,0.5817,MODEL_OUTPUT_PENDING,MODEL_OUTPUT_PENDING,DEMO_HEURISTIC_LABEL,SYNTHETIC_DEMO
SUP00905,SUPPLIER,1.0,0.2502,0.2572,0.4721,0.5213,MODEL_OUTPUT_PENDING,MODEL_OUTPUT_PENDING,DEMO_HEURISTIC_LABEL,SYNTHETIC_DEMO
SUP00906,SUPPLIER,0.8,0.997,0.7244,0.4619,0.7627,MODEL_OUTPUT_PENDING,MODEL_OUTPUT_PENDING,DEMO_HEURISTIC_LABEL,SYNTHETIC_DEMO
SUP00907,SUPPLIER,0.8,0.7933,0.3597,0.2017,0.5686,MODEL_OUTPUT_PENDING,MODEL_OUTPUT_PENDING,DEMO_HEURISTIC_LABEL,SYNTHETIC_DEMO
SUP00908,SUPPLIER,0.2,0.7477,0.6662,0.2728,0.468,MODEL_OUTPUT_PENDING,MODEL_OUTPUT_PENDING,DEMO_HEURISTIC_LABEL,SYNTHETIC_DEMO
SUP00909,SUPPLIER,0.6,0.8613,0.8919,0.7691,0.7721,MODEL_OUTPUT_PENDING,MODEL_OUTPUT_PENDING,DEMO_HEURISTIC_LABEL,SYNTHETIC_DEMO
SUP00910,SUPPLIER,0.8,0.5351,0.3813,0.8182,0.6327,MODEL_OUTPUT_PENDING,MODEL_OUTPUT_PENDING,DEMO_HEURISTIC_LABEL,SYNTHETIC_DEMO
SUP00911,SUPPLIER,0.2,0.8195,0.9812,0.9219,0.6946,MODEL_OUTPUT_PENDING,MODEL_OUTPUT_PENDING,DEMO_HEURISTIC_LABEL,SYNTHETIC_DEMO
SUP00912,SUPPLIER,1.0,0.7839,0.4029,0.5788,0.7125,MODEL_OUTPUT_PENDING,MODEL_OUTPUT_PENDING,DEMO_HEURISTIC_LABEL,SYNTHETIC_DEMO
SUP00913,SUPPLIER,0.4,0.6336,0.4544,0.8835,0.5687,MODEL_OUTPUT_PENDING,MODEL_OUTPUT_PENDING,DEMO_HEURISTIC_LABEL,SYNTHETIC_DEMO
SUP00914,SUPPLIER,0.8,0.3872,0.3113,0.6458,0.5438,MODEL_OUTPUT_PENDING,MODEL_OUTPUT_PENDING,DEMO_HEURISTIC_LABEL,SYNTHETIC_DEMO
SUP00915,SUPPLIER,1.0,0.4652,0.818,0.9589,0.8126,MODEL_OUTPUT_PENDING,MODEL_OUTPUT_PENDING,DEMO_HEURISTIC_LABEL,SYNTHETIC_DEMO
SUP00916,SUPPLIER,1.0,0.2221,0.7445,0.2886,0.5993,MODEL_OUTPUT_PENDING,MODEL_OUTPUT_PENDING,DEMO_HEURISTIC_LABEL,SYNTHETIC_DEMO
SUP00917,SUPPLIER,0.8,0.4934,0.5317,0.3592,0.5681,MODEL_OUTPUT_PENDING,MODEL_OUTPUT_PENDING,DEMO_HEURISTIC_LABEL,SYNTHETIC_DEMO
SUP00918,SUPPLIER,0.4,0.4671,0.5497,0.4725,0.4687,MODEL_OUTPUT_PENDING,MODEL_OUTPUT_PENDING,DEMO_HEURISTIC_LABEL,SYNTHETIC_DEMO
SUP00919,SUPPLIER,1.0,0.2669,0.5085,0.4031,0.5745,MODEL_OUTPUT_PENDING,MODEL_OUTPUT_PENDING,DEMO_HEURISTIC_LABEL,SYNTHETIC_DEMO
SUP00920,SUPPLIER,0.2,0.7639,0.7023,0.9411,0.6148,MODEL_OUTPUT_PENDING,MODEL_OUTPUT_PENDING,DEMO_HEURISTIC_LABEL,SYNTHETIC_DEMO
SUP00921,SUPPLIER,0.2,0.8083,0.4831,0.743,0.5314,MODEL_OUTPUT_PENDING,MODEL_OUTPUT_PENDING,DEMO_HEURISTIC_LABEL,SYNTHETIC_DEMO
SUP00922,SUPPLIER,0.4,0.4515,0.7943,0.822,0.5958,MODEL_OUTPUT_PENDING,MODEL_OUTPUT_PENDING,DEMO_HEURISTIC_LABEL,SYNTHETIC_DEMO
SUP00923,SUPPLIER,1.0,0.3232,0.9589,0.4647,0.7135,MODEL_OUTPUT_PENDING,MODEL_OUTPUT_PENDING,DEMO_HEURISTIC_LABEL,SYNTHETIC_DEMO
SUP00924,SUPPLIER,0.8,0.9997,0.2312,0.5141,0.6505,MODEL_OUTPUT_PENDING,MODEL_OUTPUT_PENDING,DEMO_HEURISTIC_LABEL,SYNTHETIC_DEMO
SUP00925,SUPPLIER,0.2,0.314,0.2274,0.4601,0.2874,MODEL_OUTPUT_PENDING,MODEL_OUTPUT_PENDING,DEMO_HEURISTIC_LABEL,SYNTHETIC_DEMO
SUP00926,SUPPLIER,0.6,0.5281,0.6674,0.8987,0.6586,MODEL_OUTPUT_PENDING,MODEL_OUTPUT_PENDING,DEMO_HEURISTIC_LABEL,SYNTHETIC_DEMO
SUP00927,SUPPLIER,0.2,0.6674,0.8855,0.9376,0.6358,MODEL_OUTPUT_PENDING,MODEL_OUTPUT_PENDING,DEMO_HEURISTIC_LABEL,SYNTHETIC_DEMO
SUP00928,SUPPLIER,0.4,0.3736,0.889,0.2923,0.4941,MODEL_OUTPUT_PENDING,MODEL_OUTPUT_PENDING,DEMO_HEURISTIC_LABEL,SYNTHETIC_DEMO
SUP00929,SUPPLIER,1.0,0.9966,0.6053,0.4905,0.7986,MODEL_OUTPUT_PENDING,MODEL_OUTPUT_PENDING,DEMO_HEURISTIC_LABEL,SYNTHETIC_DEMO
SUP00930,SUPPLIER,0.2,0.3121,0.9455,0.7496,0.5243,MODEL_OUTPUT_PENDING,MODEL_OUTPUT_PENDING,DEMO_HEURISTIC_LABEL,SYNTHETIC_DEMO
SUP00931,SUPPLIER,0.8,0.7022,0.5,0.7718,0.6949,MODEL_OUTPUT_PENDING,MODEL_OUTPUT_PENDING,DEMO_HEURISTIC_LABEL,SYNTHETIC_DEMO
SUP00932,SUPPLIER,1.0,0.8726,0.29,0.6806,0.7268,MODEL_OUTPUT_PENDING,MODEL_OUTPUT_PENDING,DEMO_HEURISTIC_LABEL,SYNTHETIC_DEMO
SUP00933,SUPPLIER,0.4,0.8161,0.3574,0.4623,0.5059,MODEL_OUTPUT_PENDING,MODEL_OUTPUT_PENDING,DEMO_HEURISTIC_LABEL,SYNTHETIC_DEMO
SUP00934,SUPPLIER,0.8,0.6965,0.7862,0.5219,0.7151,MODEL_OUTPUT_PENDING,MODEL_OUTPUT_PENDING,DEMO_HEURISTIC_LABEL,SYNTHETIC_DEMO
SUP00935,SUPPLIER,0.4,0.9204,0.669,0.741,0.6656,MODEL_OUTPUT_PENDING,MODEL_OUTPUT_PENDING,DEMO_HEURISTIC_LABEL,SYNTHETIC_DEMO
SUP00936,SUPPLIER,0.8,0.5653,0.4703,0.8806,0.675,MODEL_OUTPUT_PENDING,MODEL_OUTPUT_PENDING,DEMO_HEURISTIC_LABEL,SYNTHETIC_DEMO
SUP00937,SUPPLIER,1.0,0.5251,0.6405,0.3097,0.6534,MODEL_OUTPUT_PENDING,MODEL_OUTPUT_PENDING,DEMO_HEURISTIC_LABEL,SYNTHETIC_DEMO
SUP00938,SUPPLIER,0.8,0.6894,0.5441,0.7228,0.6929,MODEL_OUTPUT_PENDING,MODEL_OUTPUT_PENDING,DEMO_HEURISTIC_LABEL,SYNTHETIC_DEMO
SUP00939,SUPPLIER,0.2,0.2872,0.6565,0.2391,0.3438,MODEL_OUTPUT_PENDING,MODEL_OUTPUT_PENDING,DEMO_HEURISTIC_LABEL,SYNTHETIC_DEMO
SUP00940,SUPPLIER,0.6,0.4842,0.5,0.3279,0.4916,MODEL_OUTPUT_PENDING,MODEL_OUTPUT_PENDING,DEMO_HEURISTIC_LABEL,SYNTHETIC_DEMO
SUP00941,SUPPLIER,1.0,0.5723,0.5153,0.6884,0.7096,MODEL_OUTPUT_PENDING,MODEL_OUTPUT_PENDING,DEMO_HEURISTIC_LABEL,SYNTHETIC_DEMO
SUP00942,SUPPLIER,0.2,0.8795,0.3735,0.5609,0.4854,MODEL_OUTPUT_PENDING,MODEL_OUTPUT_PENDING,DEMO_HEURISTIC_LABEL,SYNTHETIC_DEMO
SUP00943,SUPPLIER,1.0,0.6447,0.8476,0.2161,0.7163,MODEL_OUTPUT_PENDING,MODEL_OUTPUT_PENDING,DEMO_HEURISTIC_LABEL,SYNTHETIC_DEMO
SUP00944,SUPPLIER,1.0,0.7356,0.7931,0.4433,0.7708,MODEL_OUTPUT_PENDING,MODEL_OUTPUT_PENDING,DEMO_HEURISTIC_LABEL,SYNTHETIC_DEMO
SUP00945,SUPPLIER,1.0,0.3265,0.3827,0.5111,0.5795,MODEL_OUTPUT_PENDING,MODEL_OUTPUT_PENDING,DEMO_HEURISTIC_LABEL,SYNTHETIC_DEMO
SUP00946,SUPPLIER,0.8,0.3669,0.4075,0.4583,0.5253,MODEL_OUTPUT_PENDING,MODEL_OUTPUT_PENDING,DEMO_HEURISTIC_LABEL,SYNTHETIC_DEMO
SUP00947,SUPPLIER,1.0,0.9353,0.9906,0.7719,0.9358,MODEL_OUTPUT_PENDING,MODEL_OUTPUT_PENDING,DEMO_HEURISTIC_LABEL,SYNTHETIC_DEMO
SUP00948,SUPPLIER,0.8,0.4875,0.3564,0.9799,0.6469,MODEL_OUTPUT_PENDING,MODEL_OUTPUT_PENDING,DEMO_HEURISTIC_LABEL,SYNTHETIC_DEMO
SUP00949,SUPPLIER,0.4,0.5281,0.7184,0.8858,0.6088,MODEL_OUTPUT_PENDING,MODEL_OUTPUT_PENDING,DEMO_HEURISTIC_LABEL,SYNTHETIC_DEMO
SUP00950,SUPPLIER,0.2,0.798,0.711,0.4902,0.5353,MODEL_OUTPUT_PENDING,MODEL_OUTPUT_PENDING,DEMO_HEURISTIC_LABEL,SYNTHETIC_DEMO
SUP00951,SUPPLIER,0.2,0.2309,0.5158,0.5248,0.3516,MODEL_OUTPUT_PENDING,MODEL_OUTPUT_PENDING,DEMO_HEURISTIC_LABEL,SYNTHETIC_DEMO
SUP00952,SUPPLIER,0.4,0.6945,0.9759,0.6144,0.6605,MODEL_OUTPUT_PENDING,MODEL_OUTPUT_PENDING,DEMO_HEURISTIC_LABEL,SYNTHETIC_DEMO
SUP00953,SUPPLIER,0.6,0.4307,0.9739,0.3343,0.598,MODEL_OUTPUT_PENDING,MODEL_OUTPUT_PENDING,DEMO_HEURISTIC_LABEL,SYNTHETIC_DEMO
SUP00954,SUPPLIER,0.2,0.3959,0.2828,0.8635,0.4024,MODEL_OUTPUT_PENDING,MODEL_OUTPUT_PENDING,DEMO_HEURISTIC_LABEL,SYNTHETIC_DEMO
SUP00955,SUPPLIER,1.0,0.3113,0.654,0.961,0.7335,MODEL_OUTPUT_PENDING,MODEL_OUTPUT_PENDING,DEMO_HEURISTIC_LABEL,SYNTHETIC_DEMO
SUP00956,SUPPLIER,1.0,0.6262,0.7025,0.5981,0.7518,MODEL_OUTPUT_PENDING,MODEL_OUTPUT_PENDING,DEMO_HEURISTIC_LABEL,SYNTHETIC_DEMO
SUP00957,SUPPLIER,1.0,0.8917,0.4908,0.4995,0.7455,MODEL_OUTPUT_PENDING,MODEL_OUTPUT_PENDING,DEMO_HEURISTIC_LABEL,SYNTHETIC_DEMO
SUP00958,SUPPLIER,0.6,0.3023,0.6685,0.6155,0.5458,MODEL_OUTPUT_PENDING,MODEL_OUTPUT_PENDING,DEMO_HEURISTIC_LABEL,SYNTHETIC_DEMO
SUP00959,SUPPLIER,0.6,0.7566,0.8482,0.3751,0.6562,MODEL_OUTPUT_PENDING,MODEL_OUTPUT_PENDING,DEMO_HEURISTIC_LABEL,SYNTHETIC_DEMO
SUP00960,SUPPLIER,1.0,0.7008,0.223,0.8001,0.691,MODEL_OUTPUT_PENDING,MODEL_OUTPUT_PENDING,DEMO_HEURISTIC_LABEL,SYNTHETIC_DEMO
SUP00961,SUPPLIER,0.8,0.9375,0.6081,0.8727,0.8009,MODEL_OUTPUT_PENDING,MODEL_OUTPUT_PENDING,DEMO_HEURISTIC_LABEL,SYNTHETIC_DEMO
SUP00962,SUPPLIER,0.6,0.2675,0.9934,0.9729,0.6898,MODEL_OUTPUT_PENDING,MODEL_OUTPUT_PENDING,DEMO_HEURISTIC_LABEL,SYNTHETIC_DEMO
SUP00963,SUPPLIER,0.2,0.2178,0.5489,0.8756,0.4268,MODEL_OUTPUT_PENDING,MODEL_OUTPUT_PENDING,DEMO_HEURISTIC_LABEL,SYNTHETIC_DEMO
SUP00964,SUPPLIER,1.0,0.2151,0.6324,0.7613,0.6641,MODEL_OUTPUT_PENDING,MODEL_OUTPUT_PENDING,DEMO_HEURISTIC_LABEL,SYNTHETIC_DEMO
SUP00965,SUPPLIER,0.8,0.8451,0.9129,0.227,0.7249,MODEL_OUTPUT_PENDING,MODEL_OUTPUT_PENDING,DEMO_HEURISTIC_LABEL,SYNTHETIC_DEMO
SUP00966,SUPPLIER,0.4,0.4581,0.3945,0.914,0.516,MODEL_OUTPUT_PENDING,MODEL_OUTPUT_PENDING,DEMO_HEURISTIC_LABEL,SYNTHETIC_DEMO
SUP00967,SUPPLIER,1.0,0.5652,0.3585,0.5069,0.6323,MODEL_OUTPUT_PENDING,MODEL_OUTPUT_PENDING,DEMO_HEURISTIC_LABEL,SYNTHETIC_DEMO
SUP00968,SUPPLIER,0.4,0.5756,0.2313,0.3272,0.3872,MODEL_OUTPUT_PENDING,MODEL_OUTPUT_PENDING,DEMO_HEURISTIC_LABEL,SYNTHETIC_DEMO
SUP00969,SUPPLIER,0.6,0.5389,0.8959,0.8555,0.7098,MODEL_OUTPUT_PENDING,MODEL_OUTPUT_PENDING,DEMO_HEURISTIC_LABEL,SYNTHETIC_DEMO
SUP00970,SUPPLIER,1.0,0.9412,0.6981,0.6317,0.8362,MODEL_OUTPUT_PENDING,MODEL_OUTPUT_PENDING,DEMO_HEURISTIC_LABEL,SYNTHETIC_DEMO
SUP00971,SUPPLIER,0.6,0.5982,0.7654,0.2146,0.5638,MODEL_OUTPUT_PENDING,MODEL_OUTPUT_PENDING,DEMO_HEURISTIC_LABEL,SYNTHETIC_DEMO
SUP00972,SUPPLIER,0.8,0.9815,0.6866,0.3054,0.7181,MODEL_OUTPUT_PENDING,MODEL_OUTPUT_PENDING,DEMO_HEURISTIC_LABEL,SYNTHETIC_DEMO
SUP00973,SUPPLIER,0.2,0.7951,0.7076,0.4685,0.5294,MODEL_OUTPUT_PENDING,MODEL_OUTPUT_PENDING,DEMO_HEURISTIC_LABEL,SYNTHETIC_DEMO
SUP00974,SUPPLIER,0.4,0.9182,0.6295,0.7418,0.6553,MODEL_OUTPUT_PENDING,MODEL_OUTPUT_PENDING,DEMO_HEURISTIC_LABEL,SYNTHETIC_DEMO
SUP00975,SUPPLIER,0.2,0.9128,0.3402,0.7347,0.5202,MODEL_OUTPUT_PENDING,MODEL_OUTPUT_PENDING,DEMO_HEURISTIC_LABEL,SYNTHETIC_DEMO
SUP00976,SUPPLIER,1.0,0.3942,0.7257,0.5158,0.6831,MODEL_OUTPUT_PENDING,MODEL_OUTPUT_PENDING,DEMO_HEURISTIC_LABEL,SYNTHETIC_DEMO
SUP00977,SUPPLIER,0.8,0.3947,0.2523,0.5659,0.5149,MODEL_OUTPUT_PENDING,MODEL_OUTPUT_PENDING,DEMO_HEURISTIC_LABEL,SYNTHETIC_DEMO
SUP00978,SUPPLIER,0.6,0.268,0.6019,0.4399,0.4855,MODEL_OUTPUT_PENDING,MODEL_OUTPUT_PENDING,DEMO_HEURISTIC_LABEL,SYNTHETIC_DEMO
SUP00979,SUPPLIER,0.8,0.5789,0.2666,0.4623,0.5438,MODEL_OUTPUT_PENDING,MODEL_OUTPUT_PENDING,DEMO_HEURISTIC_LABEL,SYNTHETIC_DEMO
SUP00980,SUPPLIER,0.8,0.2164,0.3958,0.7733,0.5477,MODEL_OUTPUT_PENDING,MODEL_OUTPUT_PENDING,DEMO_HEURISTIC_LABEL,SYNTHETIC_DEMO
SUP00981,SUPPLIER,0.2,0.3535,0.373,0.634,0.3684,MODEL_OUTPUT_PENDING,MODEL_OUTPUT_PENDING,DEMO_HEURISTIC_LABEL,SYNTHETIC_DEMO
SUP00982,SUPPLIER,0.8,0.274,0.5511,0.3183,0.5099,MODEL_OUTPUT_PENDING,MODEL_OUTPUT_PENDING,DEMO_HEURISTIC_LABEL,SYNTHETIC_DEMO
SUP00983,SUPPLIER,0.8,0.5371,0.4547,0.5999,0.6079,MODEL_OUTPUT_PENDING,MODEL_OUTPUT_PENDING,DEMO_HEURISTIC_LABEL,SYNTHETIC_DEMO
SUP00984,SUPPLIER,0.8,0.541,0.4567,0.773,0.644,MODEL_OUTPUT_PENDING,MODEL_OUTPUT_PENDING,DEMO_HEURISTIC_LABEL,SYNTHETIC_DEMO
SUP00985,SUPPLIER,0.4,0.9999,0.9898,0.7071,0.7588,MODEL_OUTPUT_PENDING,MODEL_OUTPUT_PENDING,DEMO_HEURISTIC_LABEL,SYNTHETIC_DEMO
SUP00986,SUPPLIER,1.0,0.3174,0.669,0.4662,0.6398,MODEL_OUTPUT_PENDING,MODEL_OUTPUT_PENDING,DEMO_HEURISTIC_LABEL,SYNTHETIC_DEMO
SUP00987,SUPPLIER,0.4,0.9088,0.2986,0.4268,0.5072,MODEL_OUTPUT_PENDING,MODEL_OUTPUT_PENDING,DEMO_HEURISTIC_LABEL,SYNTHETIC_DEMO
SUP00988,SUPPLIER,1.0,0.887,0.3014,0.9828,0.7937,MODEL_OUTPUT_PENDING,MODEL_OUTPUT_PENDING,DEMO_HEURISTIC_LABEL,SYNTHETIC_DEMO
SUP00989,SUPPLIER,1.0,0.9868,0.3832,0.9638,0.8353,MODEL_OUTPUT_PENDING,MODEL_OUTPUT_PENDING,DEMO_HEURISTIC_LABEL,SYNTHETIC_DEMO
SUP00990,SUPPLIER,0.2,0.7125,0.8342,0.2648,0.4997,MODEL_OUTPUT_PENDING,MODEL_OUTPUT_PENDING,DEMO_HEURISTIC_LABEL,SYNTHETIC_DEMO
SUP00991,SUPPLIER,0.4,0.5725,0.3863,0.7181,0.5033,MODEL_OUTPUT_PENDING,MODEL_OUTPUT_PENDING,DEMO_HEURISTIC_LABEL,SYNTHETIC_DEMO
SUP00992,SUPPLIER,0.2,0.8211,0.6606,0.3893,0.5083,MODEL_OUTPUT_PENDING,MODEL_OUTPUT_PENDING,DEMO_HEURISTIC_LABEL,SYNTHETIC_DEMO
SUP00993,SUPPLIER,0.4,0.6144,0.7817,0.5203,0.5731,MODEL_OUTPUT_PENDING,MODEL_OUTPUT_PENDING,DEMO_HEURISTIC_LABEL,SYNTHETIC_DEMO
SUP00994,SUPPLIER,0.2,0.5834,0.7028,0.6909,0.5197,MODEL_OUTPUT_PENDING,MODEL_OUTPUT_PENDING,DEMO_HEURISTIC_LABEL,SYNTHETIC_DEMO
SUP00995,SUPPLIER,0.8,0.729,0.2671,0.96,0.681,MODEL_OUTPUT_PENDING,MODEL_OUTPUT_PENDING,DEMO_HEURISTIC_LABEL,SYNTHETIC_DEMO
SUP00996,SUPPLIER,0.2,0.4648,0.8248,0.3045,0.4433,MODEL_OUTPUT_PENDING,MODEL_OUTPUT_PENDING,DEMO_HEURISTIC_LABEL,SYNTHETIC_DEMO
SUP00997,SUPPLIER,1.0,0.3618,0.7821,0.6808,0.7222,MODEL_OUTPUT_PENDING,MODEL_OUTPUT_PENDING,DEMO_HEURISTIC_LABEL,SYNTHETIC_DEMO
SUP00998,SUPPLIER,0.6,0.2855,0.453,0.311,0.4268,MODEL_OUTPUT_PENDING,MODEL_OUTPUT_PENDING,DEMO_HEURISTIC_LABEL,SYNTHETIC_DEMO
SUP00999,SUPPLIER,0.8,0.3157,0.2285,0.4259,0.4612,MODEL_OUTPUT_PENDING,MODEL_OUTPUT_PENDING,DEMO_HEURISTIC_LABEL,SYNTHETIC_DEMO
SUP01000,SUPPLIER,0.6,0.6252,0.5772,0.6578,0.6122,MODEL_OUTPUT_PENDING,MODEL_OUTPUT_PENDING,DEMO_HEURISTIC_LABEL,SYNTHETIC_DEMO
