source,target,edge_type,weight,data_status
SUP00001,PROD00007,SUPPLIER_PROVIDES_PRODUCT,0.0557,SYNTHETIC_DEMO
SUP00002,PROD00014,SUPPLIER_PROVIDES_PRODUCT,0.1595,SYNTHETIC_DEMO
SUP00003,PROD00021,SUPPLIER_PROVIDES_PRODUCT,0.0261,SYNTHETIC_DEMO
SUP00004,PROD00028,SUPPLIER_PROVIDES_PRODUCT,0.1061,SYNTHETIC_DEMO
SUP00005,PROD00035,SUPPLIER_PROVIDES_PRODUCT,0.2485,SYNTHETIC_DEMO
SUP00006,PROD00042,SUPPLIER_PROVIDES_PRODUCT,0.128,SYNTHETIC_DEMO
SUP00007,PROD00049,SUPPLIER_PROVIDES_PRODUCT,0.0414,SYNTHETIC_DEMO
SUP00008,PROD00056,SUPPLIER_PROVIDES_PRODUCT,0.0904,SYNTHETIC_DEMO
SUP00009,PROD00063,SUPPLIER_PROVIDES_PRODUCT,0.1481,SYNTHETIC_DEMO
SUP00010,PROD00070,SUPPLIER_PROVIDES_PRODUCT,0.3139,SYNTHETIC_DEMO
SUP00011,PROD00077,SUPPLIER_PROVIDES_PRODUCT,0.2901,SYNTHETIC_DEMO
SUP00012,PROD00084,SUPPLIER_PROVIDES_PRODUCT,0.1055,SYNTHETIC_DEMO
SUP00013,PROD00091,SUPPLIER_PROVIDES_PRODUCT,0.2759,SYNTHETIC_DEMO
SUP00014,PROD00098,SUPPLIER_PROVIDES_PRODUCT,0.2709,SYNTHETIC_DEMO
SUP00015,PROD00105,SUPPLIER_PROVIDES_PRODUCT,0.3699,SYNTHETIC_DEMO
SUP00016,PROD00112,SUPPLIER_PROVIDES_PRODUCT,0.1227,SYNTHETIC_DEMO
SUP00017,PROD00119,SUPPLIER_PROVIDES_PRODUCT,0.2962,SYNTHETIC_DEMO
SUP00018,PROD00126,SUPPLIER_PROVIDES_PRODUCT,0.3134,SYNTHETIC_DEMO
SUP00019,PROD00133,SUPPLIER_PROVIDES_PRODUCT,0.1114,SYNTHETIC_DEMO
SUP00020,PROD00140,SUPPLIER_PROVIDES_PRODUCT,0.0708,SYNTHETIC_DEMO
SUP00021,PROD00147,SUPPLIER_PROVIDES_PRODUCT,0.3312,SYNTHETIC_DEMO
SUP00022,PROD00154,SUPPLIER_PROVIDES_PRODUCT,0.3439,SYNTHETIC_DEMO
SUP00023,PROD00161,SUPPLIER_PROVIDES_PRODUCT,0.337,SYNTHETIC_DEMO
SUP00024,PROD00168,SUPPLIER_PROVIDES_PRODUCT,0.2296,SYNTHETIC_DEMO
SUP00025,PROD00175,SUPPLIER_PROVIDES_PRODUCT,0.0112,SYNTHETIC_DEMO
SUP00026,PROD00182,SUPPLIER_PROVIDES_PRODUCT,0.0295,SYNTHETIC_DEMO
SUP00027,PROD00189,SUPPLIER_PROVIDES_PRODUCT,0.2362,SYNTHETIC_DEMO
SUP00028,PROD00196,SUPPLIER_PROVIDES_PRODUCT,0.1715,SYNTHETIC_DEMO
SUP00029,PROD00203,SUPPLIER_PROVIDES_PRODUCT,0.1291,SYNTHETIC_DEMO
SUP00030,PROD00210,SUPPLIER_PROVIDES_PRODUCT,0.058,SYNTHETIC_DEMO
SUP00031,PROD00217,SUPPLIER_PROVIDES_PRODUCT,0.3738,SYNTHETIC_DEMO
SUP00032,PROD00224,SUPPLIER_PROVIDES_PRODUCT,0.3082,SYNTHETIC_DEMO
SUP00033,PROD00231,SUPPLIER_PROVIDES_PRODUCT,0.1456,SYNTHETIC_DEMO
SUP00034,PROD00238,SUPPLIER_PROVIDES_PRODUCT,0.2879,SYNTHETIC_DEMO
SUP00035,PROD00245,SUPPLIER_PROVIDES_PRODUCT,0.2878,SYNTHETIC_DEMO
SUP00036,PROD00252,SUPPLIER_PROVIDES_PRODUCT,0.3836,SYNTHETIC_DEMO
SUP00037,PROD00259,SUPPLIER_PROVIDES_PRODUCT,0.2471,SYNTHETIC_DEMO
SUP00038,PROD00266,SUPPLIER_PROVIDES_PRODUCT,0.2563,SYNTHETIC_DEMO
SUP00039,PROD00273,SUPPLIER_PROVIDES_PRODUCT,0.1658,SYNTHETIC_DEMO
SUP00040,PROD00280,SUPPLIER_PROVIDES_PRODUCT,0.068,SYNTHETIC_DEMO
SUP00041,PROD00287,SUPPLIER_PROVIDES_PRODUCT,0.1182,SYNTHETIC_DEMO
SUP00042,PROD00294,SUPPLIER_PROVIDES_PRODUCT,0.1792,SYNTHETIC_DEMO
SUP00043,PROD00301,SUPPLIER_PROVIDES_PRODUCT,0.1826,SYNTHETIC_DEMO
SUP00044,PROD00308,SUPPLIER_PROVIDES_PRODUCT,0.2236,SYNTHETIC_DEMO
SUP00045,PROD00315,SUPPLIER_PROVIDES_PRODUCT,0.0624,SYNTHETIC_DEMO
SUP00046,PROD00322,SUPPLIER_PROVIDES_PRODUCT,0.3937,SYNTHETIC_DEMO
SUP00047,PROD00329,SUPPLIER_PROVIDES_PRODUCT,0.2129,SYNTHETIC_DEMO
SUP00048,PROD00336,SUPPLIER_PROVIDES_PRODUCT,0.0826,SYNTHETIC_DEMO
SUP00049,PROD00343,SUPPLIER_PROVIDES_PRODUCT,0.3616,SYNTHETIC_DEMO
SUP00050,PROD00350,SUPPLIER_PROVIDES_PRODUCT,0.329,SYNTHETIC_DEMO
SUP00051,PROD00357,SUPPLIER_PROVIDES_PRODUCT,0.2399,SYNTHETIC_DEMO
SUP00052,PROD00364,SUPPLIER_PROVIDES_PRODUCT,0.0684,SYNTHETIC_DEMO
SUP00053,PROD00371,SUPPLIER_PROVIDES_PRODUCT,0.0228,SYNTHETIC_DEMO
SUP00054,PROD00378,SUPPLIER_PROVIDES_PRODUCT,0.3285,SYNTHETIC_DEMO
SUP00055,PROD00385,SUPPLIER_PROVIDES_PRODUCT,0.3947,SYNTHETIC_DEMO
SUP00056,PROD00392,SUPPLIER_PROVIDES_PRODUCT,0.359,SYNTHETIC_DEMO
SUP00057,PROD00399,SUPPLIER_PROVIDES_PRODUCT,0.2064,SYNTHETIC_DEMO
SUP00058,PROD00406,SUPPLIER_PROVIDES_PRODUCT,0.3541,SYNTHETIC_DEMO
SUP00059,PROD00413,SUPPLIER_PROVIDES_PRODUCT,0.0806,SYNTHETIC_DEMO
SUP00060,PROD00420,SUPPLIER_PROVIDES_PRODUCT,0.0686,SYNTHETIC_DEMO
SUP00061,PROD00427,SUPPLIER_PROVIDES_PRODUCT,0.3514,SYNTHETIC_DEMO
SUP00062,PROD00434,SUPPLIER_PROVIDES_PRODUCT,0.3407,SYNTHETIC_DEMO
SUP00063,PROD00441,SUPPLIER_PROVIDES_PRODUCT,0.0577,SYNTHETIC_DEMO
SUP00064,PROD00448,SUPPLIER_PROVIDES_PRODUCT,0.1845,SYNTHETIC_DEMO
SUP00065,PROD00455,SUPPLIER_PROVIDES_PRODUCT,0.1214,SYNTHETIC_DEMO
SUP00066,PROD00462,SUPPLIER_PROVIDES_PRODUCT,0.0525,SYNTHETIC_DEMO
SUP00067,PROD00469,SUPPLIER_PROVIDES_PRODUCT,0.0664,SYNTHETIC_DEMO
SUP00068,PROD00476,SUPPLIER_PROVIDES_PRODUCT,0.0167,SYNTHETIC_DEMO
SUP00069,PROD00483,SUPPLIER_PROVIDES_PRODUCT,0.0907,SYNTHETIC_DEMO
SUP00070,PROD00490,SUPPLIER_PROVIDES_PRODUCT,0.2267,SYNTHETIC_DEMO
SUP00071,PROD00497,SUPPLIER_PROVIDES_PRODUCT,0.033,SYNTHETIC_DEMO
SUP00072,PROD00504,SUPPLIER_PROVIDES_PRODUCT,0.178,SYNTHETIC_DEMO
SUP00073,PROD00511,SUPPLIER_PROVIDES_PRODUCT,0.2135,SYNTHETIC_DEMO
SUP00074,PROD00518,SUPPLIER_PROVIDES_PRODUCT,0.0682,SYNTHETIC_DEMO
SUP00075,PROD00525,SUPPLIER_PROVIDES_PRODUCT,0.1355,SYNTHETIC_DEMO
SUP00076,PROD00532,SUPPLIER_PROVIDES_PRODUCT,0.1664,SYNTHETIC_DEMO
SUP00077,PROD00539,SUPPLIER_PROVIDES_PRODUCT,0.1393,SYNTHETIC_DEMO
SUP00078,PROD00546,SUPPLIER_PROVIDES_PRODUCT,0.3185,SYNTHETIC_DEMO
SUP00079,PROD00553,SUPPLIER_PROVIDES_PRODUCT,0.016,SYNTHETIC_DEMO
SUP00080,PROD00560,SUPPLIER_PROVIDES_PRODUCT,0.2663,SYNTHETIC_DEMO
SUP00081,PROD00567,SUPPLIER_PROVIDES_PRODUCT,0.3764,SYNTHETIC_DEMO
SUP00082,PROD00574,SUPPLIER_PROVIDES_PRODUCT,0.1965,SYNTHETIC_DEMO
SUP00083,PROD00581,SUPPLIER_PROVIDES_PRODUCT,0.3841,SYNTHETIC_DEMO
SUP00084,PROD00588,SUPPLIER_PROVIDES_PRODUCT,0.1038,SYNTHETIC_DEMO
SUP00085,PROD00595,SUPPLIER_PROVIDES_PRODUCT,0.1369,SYNTHETIC_DEMO
SUP00086,PROD00602,SUPPLIER_PROVIDES_PRODUCT,0.3586,SYNTHETIC_DEMO
SUP00087,PROD00609,SUPPLIER_PROVIDES_PRODUCT,0.0213,SYNTHETIC_DEMO
SUP00088,PROD00616,SUPPLIER_PROVIDES_PRODUCT,0.1015,SYNTHETIC_DEMO
SUP00089,PROD00623,SUPPLIER_PROVIDES_PRODUCT,0.0512,SYNTHETIC_DEMO
SUP00090,PROD00630,SUPPLIER_PROVIDES_PRODUCT,0.2455,SYNTHETIC_DEMO
SUP00091,PROD00637,SUPPLIER_PROVIDES_PRODUCT,0.2019,SYNTHETIC_DEMO
SUP00092,PROD00644,SUPPLIER_PROVIDES_PRODUCT,0.1567,SYNTHETIC_DEMO
SUP00093,PROD00651,SUPPLIER_PROVIDES_PRODUCT,0.3466,SYNTHETIC_DEMO
SUP00094,PROD00658,SUPPLIER_PROVIDES_PRODUCT,0.3987,SYNTHETIC_DEMO
SUP00095,PROD00665,SUPPLIER_PROVIDES_PRODUCT,0.2328,SYNTHETIC_DEMO
SUP00096,PROD00672,SUPPLIER_PROVIDES_PRODUCT,0.306,SYNTHETIC_DEMO
SUP00097,PROD00679,SUPPLIER_PROVIDES_PRODUCT,0.1825,SYNTHETIC_DEMO
SUP00098,PROD00686,SUPPLIER_PROVIDES_PRODUCT,0.3963,SYNTHETIC_DEMO
SUP00099,PROD00693,SUPPLIER_PROVIDES_PRODUCT,0.0697,SYNTHETIC_DEMO
SUP00100,PROD00700,SUPPLIER_PROVIDES_PRODUCT,0.1771,SYNTHETIC_DEMO
SUP00101,PROD00707,SUPPLIER_PROVIDES_PRODUCT,0.1349,SYNTHETIC_DEMO
SUP00102,PROD00714,SUPPLIER_PROVIDES_PRODUCT,0.0245,SYNTHETIC_DEMO
SUP00103,PROD00721,SUPPLIER_PROVIDES_PRODUCT,0.0565,SYNTHETIC_DEMO
SUP00104,PROD00728,SUPPLIER_PROVIDES_PRODUCT,0.1411,SYNTHETIC_DEMO
SUP00105,PROD00735,SUPPLIER_PROVIDES_PRODUCT,0.0413,SYNTHETIC_DEMO
SUP00106,PROD00742,SUPPLIER_PROVIDES_PRODUCT,0.2385,SYNTHETIC_DEMO
SUP00107,PROD00749,SUPPLIER_PROVIDES_PRODUCT,0.0881,SYNTHETIC_DEMO
SUP00108,PROD00756,SUPPLIER_PROVIDES_PRODUCT,0.0737,SYNTHETIC_DEMO
SUP00109,PROD00763,SUPPLIER_PROVIDES_PRODUCT,0.3521,SYNTHETIC_DEMO
SUP00110,PROD00770,SUPPLIER_PROVIDES_PRODUCT,0.1668,SYNTHETIC_DEMO
SUP00111,PROD00777,SUPPLIER_PROVIDES_PRODUCT,0.1997,SYNTHETIC_DEMO
SUP00112,PROD00784,SUPPLIER_PROVIDES_PRODUCT,0.1574,SYNTHETIC_DEMO
SUP00113,PROD00791,SUPPLIER_PROVIDES_PRODUCT,0.2407,SYNTHETIC_DEMO
SUP00114,PROD00798,SUPPLIER_PROVIDES_PRODUCT,0.0566,SYNTHETIC_DEMO
SUP00115,PROD00805,SUPPLIER_PROVIDES_PRODUCT,0.3993,SYNTHETIC_DEMO
SUP00116,PROD00812,SUPPLIER_PROVIDES_PRODUCT,0.2096,SYNTHETIC_DEMO
SUP00117,PROD00819,SUPPLIER_PROVIDES_PRODUCT,0.2633,SYNTHETIC_DEMO
SUP00118,PROD00826,SUPPLIER_PROVIDES_PRODUCT,0.0165,SYNTHETIC_DEMO
SUP00119,PROD00833,SUPPLIER_PROVIDES_PRODUCT,0.3507,SYNTHETIC_DEMO
SUP00120,PROD00840,SUPPLIER_PROVIDES_PRODUCT,0.3619,SYNTHETIC_DEMO
SUP00121,PROD00847,SUPPLIER_PROVIDES_PRODUCT,0.1454,SYNTHETIC_DEMO
SUP00122,PROD00854,SUPPLIER_PROVIDES_PRODUCT,0.2069,SYNTHETIC_DEMO
SUP00123,PROD00861,SUPPLIER_PROVIDES_PRODUCT,0.0907,SYNTHETIC_DEMO
SUP00124,PROD00868,SUPPLIER_PROVIDES_PRODUCT,0.2168,SYNTHETIC_DEMO
SUP00125,PROD00875,SUPPLIER_PROVIDES_PRODUCT,0.3995,SYNTHETIC_DEMO
SUP00126,PROD00882,SUPPLIER_PROVIDES_PRODUCT,0.3105,SYNTHETIC_DEMO
SUP00127,PROD00889,SUPPLIER_PROVIDES_PRODUCT,0.2666,SYNTHETIC_DEMO
SUP00128,PROD00896,SUPPLIER_PROVIDES_PRODUCT,0.3192,SYNTHETIC_DEMO
SUP00129,PROD00903,SUPPLIER_PROVIDES_PRODUCT,0.1103,SYNTHETIC_DEMO
SUP00130,PROD00910,SUPPLIER_PROVIDES_PRODUCT,0.1958,SYNTHETIC_DEMO
SUP00131,PROD00917,SUPPLIER_PROVIDES_PRODUCT,0.0557,SYNTHETIC_DEMO
SUP00132,PROD00924,SUPPLIER_PROVIDES_PRODUCT,0.2009,SYNTHETIC_DEMO
SUP00133,PROD00931,SUPPLIER_PROVIDES_PRODUCT,0.2597,SYNTHETIC_DEMO
SUP00134,PROD00938,SUPPLIER_PROVIDES_PRODUCT,0.0211,SYNTHETIC_DEMO
SUP00135,PROD00945,SUPPLIER_PROVIDES_PRODUCT,0.2142,SYNTHETIC_DEMO
SUP00136,PROD00952,SUPPLIER_PROVIDES_PRODUCT,0.3124,SYNTHETIC_DEMO
SUP00137,PROD00959,SUPPLIER_PROVIDES_PRODUCT,0.2311,SYNTHETIC_DEMO
SUP00138,PROD00966,SUPPLIER_PROVIDES_PRODUCT,0.1134,SYNTHETIC_DEMO
SUP00139,PROD00973,SUPPLIER_PROVIDES_PRODUCT,0.1475,SYNTHETIC_DEMO
SUP00140,PROD00980,SUPPLIER_PROVIDES_PRODUCT,0.3455,SYNTHETIC_DEMO
SUP00141,PROD00987,SUPPLIER_PROVIDES_PRODUCT,0.1164,SYNTHETIC_DEMO
SUP00142,PROD00994,SUPPLIER_PROVIDES_PRODUCT,0.311,SYNTHETIC_DEMO
SUP00143,PROD00001,SUPPLIER_PROVIDES_PRODUCT,0.0352,SYNTHETIC_DEMO
SUP00144,PROD00008,SUPPLIER_PROVIDES_PRODUCT,0.1594,SYNTHETIC_DEMO
SUP00145,PROD00015,SUPPLIER_PROVIDES_PRODUCT,0.0719,SYNTHETIC_DEMO
SUP00146,PROD00022,SUPPLIER_PROVIDES_PRODUCT,0.1544,SYNTHETIC_DEMO
SUP00147,PROD00029,SUPPLIER_PROVIDES_PRODUCT,0.228,SYNTHETIC_DEMO
SUP00148,PROD00036,SUPPLIER_PROVIDES_PRODUCT,0.2013,SYNTHETIC_DEMO
SUP00149,PROD00043,SUPPLIER_PROVIDES_PRODUCT,0.254,SYNTHETIC_DEMO
SUP00150,PROD00050,SUPPLIER_PROVIDES_PRODUCT,0.1111,SYNTHETIC_DEMO
SUP00151,PROD00057,SUPPLIER_PROVIDES_PRODUCT,0.359,SYNTHETIC_DEMO
SUP00152,PROD00064,SUPPLIER_PROVIDES_PRODUCT,0.3467,SYNTHETIC_DEMO
SUP00153,PROD00071,SUPPLIER_PROVIDES_PRODUCT,0.2014,SYNTHETIC_DEMO
SUP00154,PROD00078,SUPPLIER_PROVIDES_PRODUCT,0.1305,SYNTHETIC_DEMO
SUP00155,PROD00085,SUPPLIER_PROVIDES_PRODUCT,0.0621,SYNTHETIC_DEMO
SUP00156,PROD00092,SUPPLIER_PROVIDES_PRODUCT,0.0713,SYNTHETIC_DEMO
SUP00157,PROD00099,SUPPLIER_PROVIDES_PRODUCT,0.0551,SYNTHETIC_DEMO
SUP00158,PROD00106,SUPPLIER_PROVIDES_PRODUCT,0.0273,SYNTHETIC_DEMO
SUP00159,PROD00113,SUPPLIER_PROVIDES_PRODUCT,0.2341,SYNTHETIC_DEMO
SUP00160,PROD00120,SUPPLIER_PROVIDES_PRODUCT,0.0204,SYNTHETIC_DEMO
SUP00161,PROD00127,SUPPLIER_PROVIDES_PRODUCT,0.236,SYNTHETIC_DEMO
SUP00162,PROD00134,SUPPLIER_PROVIDES_PRODUCT,0.0145,SYNTHETIC_DEMO
SUP00163,PROD00141,SUPPLIER_PROVIDES_PRODUCT,0.3166,SYNTHETIC_DEMO
SUP00164,PROD00148,SUPPLIER_PROVIDES_PRODUCT,0.1342,SYNTHETIC_DEMO
SUP00165,PROD00155,SUPPLIER_PROVIDES_PRODUCT,0.3632,SYNTHETIC_DEMO
SUP00166,PROD00162,SUPPLIER_PROVIDES_PRODUCT,0.3352,SYNTHETIC_DEMO
SUP00167,PROD00169,SUPPLIER_PROVIDES_PRODUCT,0.2969,SYNTHETIC_DEMO
SUP00168,PROD00176,SUPPLIER_PROVIDES_PRODUCT,0.2268,SYNTHETIC_DEMO
SUP00169,PROD00183,SUPPLIER_PROVIDES_PRODUCT,0.0378,SYNTHETIC_DEMO
SUP00170,PROD00190,SUPPLIER_PROVIDES_PRODUCT,0.3788,SYNTHETIC_DEMO
SUP00171,PROD00197,SUPPLIER_PROVIDES_PRODUCT,0.3512,SYNTHETIC_DEMO
SUP00172,PROD00204,SUPPLIER_PROVIDES_PRODUCT,0.2073,SYNTHETIC_DEMO
SUP00173,PROD00211,SUPPLIER_PROVIDES_PRODUCT,0.3237,SYNTHETIC_DEMO
SUP00174,PROD00218,SUPPLIER_PROVIDES_PRODUCT,0.0334,SYNTHETIC_DEMO
SUP00175,PROD00225,SUPPLIER_PROVIDES_PRODUCT,0.0397,SYNTHETIC_DEMO
SUP00176,PROD00232,SUPPLIER_PROVIDES_PRODUCT,0.0927,SYNTHETIC_DEMO
SUP00177,PROD00239,SUPPLIER_PROVIDES_PRODUCT,0.1633,SYNTHETIC_DEMO
SUP00178,PROD00246,SUPPLIER_PROVIDES_PRODUCT,0.3113,SYNTHETIC_DEMO
SUP00179,PROD00253,SUPPLIER_PROVIDES_PRODUCT,0.0278,SYNTHETIC_DEMO
SUP00180,PROD00260,SUPPLIER_PROVIDES_PRODUCT,0.3801,SYNTHETIC_DEMO
SUP00181,PROD00267,SUPPLIER_PROVIDES_PRODUCT,0.1977,SYNTHETIC_DEMO
SUP00182,PROD00274,SUPPLIER_PROVIDES_PRODUCT,0.3953,SYNTHETIC_DEMO
SUP00183,PROD00281,SUPPLIER_PROVIDES_PRODUCT,0.3729,SYNTHETIC_DEMO
SUP00184,PROD00288,SUPPLIER_PROVIDES_PRODUCT,0.2093,SYNTHETIC_DEMO
SUP00185,PROD00295,SUPPLIER_PROVIDES_PRODUCT,0.1043,SYNTHETIC_DEMO
SUP00186,PROD00302,SUPPLIER_PROVIDES_PRODUCT,0.0864,SYNTHETIC_DEMO
SUP00187,PROD00309,SUPPLIER_PROVIDES_PRODUCT,0.0234,SYNTHETIC_DEMO
SUP00188,PROD00316,SUPPLIER_PROVIDES_PRODUCT,0.3168,SYNTHETIC_DEMO
SUP00189,PROD00323,SUPPLIER_PROVIDES_PRODUCT,0.3918,SYNTHETIC_DEMO
SUP00190,PROD00330,SUPPLIER_PROVIDES_PRODUCT,0.3592,SYNTHETIC_DEMO
SUP00191,PROD00337,SUPPLIER_PROVIDES_PRODUCT,0.0264,SYNTHETIC_DEMO
SUP00192,PROD00344,SUPPLIER_PROVIDES_PRODUCT,0.2974,SYNTHETIC_DEMO
SUP00193,PROD00351,SUPPLIER_PROVIDES_PRODUCT,0.3379,SYNTHETIC_DEMO
SUP00194,PROD00358,SUPPLIER_PROVIDES_PRODUCT,0.0185,SYNTHETIC_DEMO
SUP00195,PROD00365,SUPPLIER_PROVIDES_PRODUCT,0.0903,SYNTHETIC_DEMO
SUP00196,PROD00372,SUPPLIER_PROVIDES_PRODUCT,0.0173,SYNTHETIC_DEMO
SUP00197,PROD00379,SUPPLIER_PROVIDES_PRODUCT,0.1853,SYNTHETIC_DEMO
SUP00198,PROD00386,SUPPLIER_PROVIDES_PRODUCT,0.1497,SYNTHETIC_DEMO
SUP00199,PROD00393,SUPPLIER_PROVIDES_PRODUCT,0.3327,SYNTHETIC_DEMO
SUP00200,PROD00400,SUPPLIER_PROVIDES_PRODUCT,0.085,SYNTHETIC_DEMO
SUP00201,PROD00407,SUPPLIER_PROVIDES_PRODUCT,0.2455,SYNTHETIC_DEMO
SUP00202,PROD00414,SUPPLIER_PROVIDES_PRODUCT,0.1575,SYNTHETIC_DEMO
SUP00203,PROD00421,SUPPLIER_PROVIDES_PRODUCT,0.2428,SYNTHETIC_DEMO
SUP00204,PROD00428,SUPPLIER_PROVIDES_PRODUCT,0.0113,SYNTHETIC_DEMO
SUP00205,PROD00435,SUPPLIER_PROVIDES_PRODUCT,0.0364,SYNTHETIC_DEMO
SUP00206,PROD00442,SUPPLIER_PROVIDES_PRODUCT,0.0692,SYNTHETIC_DEMO
SUP00207,PROD00449,SUPPLIER_PROVIDES_PRODUCT,0.2123,SYNTHETIC_DEMO
SUP00208,PROD00456,SUPPLIER_PROVIDES_PRODUCT,0.0267,SYNTHETIC_DEMO
SUP00209,PROD00463,SUPPLIER_PROVIDES_PRODUCT,0.2541,SYNTHETIC_DEMO
SUP00210,PROD00470,SUPPLIER_PROVIDES_PRODUCT,0.255,SYNTHETIC_DEMO
SUP00211,PROD00477,SUPPLIER_PROVIDES_PRODUCT,0.2756,SYNTHETIC_DEMO
SUP00212,PROD00484,SUPPLIER_PROVIDES_PRODUCT,0.1587,SYNTHETIC_DEMO
SUP00213,PROD00491,SUPPLIER_PROVIDES_PRODUCT,0.1514,SYNTHETIC_DEMO
SUP00214,PROD00498,SUPPLIER_PROVIDES_PRODUCT,0.0561,SYNTHETIC_DEMO
SUP00215,PROD00505,SUPPLIER_PROVIDES_PRODUCT,0.3904,SYNTHETIC_DEMO
SUP00216,PROD00512,SUPPLIER_PROVIDES_PRODUCT,0.3821,SYNTHETIC_DEMO
SUP00217,PROD00519,SUPPLIER_PROVIDES_PRODUCT,0.2835,SYNTHETIC_DEMO
SUP00218,PROD00526,SUPPLIER_PROVIDES_PRODUCT,0.0624,SYNTHETIC_DEMO
SUP00219,PROD00533,SUPPLIER_PROVIDES_PRODUCT,0.3899,SYNTHETIC_DEMO
SUP00220,PROD00540,SUPPLIER_PROVIDES_PRODUCT,0.1888,SYNTHETIC_DEMO
SUP00221,PROD00547,SUPPLIER_PROVIDES_PRODUCT,0.1748,SYNTHETIC_DEMO
SUP00222,PROD00554,SUPPLIER_PROVIDES_PRODUCT,0.101,SYNTHETIC_DEMO
SUP00223,PROD00561,SUPPLIER_PROVIDES_PRODUCT,0.2682,SYNTHETIC_DEMO
SUP00224,PROD00568,SUPPLIER_PROVIDES_PRODUCT,0.048,SYNTHETIC_DEMO
SUP00225,PROD00575,SUPPLIER_PROVIDES_PRODUCT,0.157,SYNTHETIC_DEMO
SUP00226,PROD00582,SUPPLIER_PROVIDES_PRODUCT,0.0562,SYNTHETIC_DEMO
SUP00227,PROD00589,SUPPLIER_PROVIDES_PRODUCT,0.2101,SYNTHETIC_DEMO
SUP00228,PROD00596,SUPPLIER_PROVIDES_PRODUCT,0.1291,SYNTHETIC_DEMO
SUP00229,PROD00603,SUPPLIER_PROVIDES_PRODUCT,0.2576,SYNTHETIC_DEMO
SUP00230,PROD00610,SUPPLIER_PROVIDES_PRODUCT,0.1479,SYNTHETIC_DEMO
SUP00231,PROD00617,SUPPLIER_PROVIDES_PRODUCT,0.2767,SYNTHETIC_DEMO
SUP00232,PROD00624,SUPPLIER_PROVIDES_PRODUCT,0.0639,SYNTHETIC_DEMO
SUP00233,PROD00631,SUPPLIER_PROVIDES_PRODUCT,0.2326,SYNTHETIC_DEMO
SUP00234,PROD00638,SUPPLIER_PROVIDES_PRODUCT,0.2797,SYNTHETIC_DEMO
SUP00235,PROD00645,SUPPLIER_PROVIDES_PRODUCT,0.2809,SYNTHETIC_DEMO
SUP00236,PROD00652,SUPPLIER_PROVIDES_PRODUCT,0.249,SYNTHETIC_DEMO
SUP00237,PROD00659,SUPPLIER_PROVIDES_PRODUCT,0.3449,SYNTHETIC_DEMO
SUP00238,PROD00666,SUPPLIER_PROVIDES_PRODUCT,0.3044,SYNTHETIC_DEMO
SUP00239,PROD00673,SUPPLIER_PROVIDES_PRODUCT,0.1981,SYNTHETIC_DEMO
SUP00240,PROD00680,SUPPLIER_PROVIDES_PRODUCT,0.2127,SYNTHETIC_DEMO
SUP00241,PROD00687,SUPPLIER_PROVIDES_PRODUCT,0.2747,SYNTHETIC_DEMO
SUP00242,PROD00694,SUPPLIER_PROVIDES_PRODUCT,0.0612,SYNTHETIC_DEMO
SUP00243,PROD00701,SUPPLIER_PROVIDES_PRODUCT,0.1216,SYNTHETIC_DEMO
SUP00244,PROD00708,SUPPLIER_PROVIDES_PRODUCT,0.1956,SYNTHETIC_DEMO
SUP00245,PROD00715,SUPPLIER_PROVIDES_PRODUCT,0.2622,SYNTHETIC_DEMO
SUP00246,PROD00722,SUPPLIER_PROVIDES_PRODUCT,0.1756,SYNTHETIC_DEMO
SUP00247,PROD00729,SUPPLIER_PROVIDES_PRODUCT,0.2039,SYNTHETIC_DEMO
SUP00248,PROD00736,SUPPLIER_PROVIDES_PRODUCT,0.3562,SYNTHETIC_DEMO
SUP00249,PROD00743,SUPPLIER_PROVIDES_PRODUCT,0.295,SYNTHETIC_DEMO
SUP00250,PROD00750,SUPPLIER_PROVIDES_PRODUCT,0.1614,SYNTHETIC_DEMO
SUP00251,PROD00757,SUPPLIER_PROVIDES_PRODUCT,0.2979,SYNTHETIC_DEMO
SUP00252,PROD00764,SUPPLIER_PROVIDES_PRODUCT,0.2821,SYNTHETIC_DEMO
SUP00253,PROD00771,SUPPLIER_PROVIDES_PRODUCT,0.3382,SYNTHETIC_DEMO
SUP00254,PROD00778,SUPPLIER_PROVIDES_PRODUCT,0.2683,SYNTHETIC_DEMO
SUP00255,PROD00785,SUPPLIER_PROVIDES_PRODUCT,0.3482,SYNTHETIC_DEMO
SUP00256,PROD00792,SUPPLIER_PROVIDES_PRODUCT,0.3701,SYNTHETIC_DEMO
SUP00257,PROD00799,SUPPLIER_PROVIDES_PRODUCT,0.2787,SYNTHETIC_DEMO
SUP00258,PROD00806,SUPPLIER_PROVIDES_PRODUCT,0.3448,SYNTHETIC_DEMO
SUP00259,PROD00813,SUPPLIER_PROVIDES_PRODUCT,0.0841,SYNTHETIC_DEMO
SUP00260,PROD00820,SUPPLIER_PROVIDES_PRODUCT,0.3863,SYNTHETIC_DEMO
SUP00261,PROD00827,SUPPLIER_PROVIDES_PRODUCT,0.1168,SYNTHETIC_DEMO
SUP00262,PROD00834,SUPPLIER_PROVIDES_PRODUCT,0.1374,SYNTHETIC_DEMO
SUP00263,PROD00841,SUPPLIER_PROVIDES_PRODUCT,0.1321,SYNTHETIC_DEMO
SUP00264,PROD00848,SUPPLIER_PROVIDES_PRODUCT,0.373,SYNTHETIC_DEMO
SUP00265,PROD00855,SUPPLIER_PROVIDES_PRODUCT,0.1236,SYNTHETIC_DEMO
SUP00266,PROD00862,SUPPLIER_PROVIDES_PRODUCT,0.0155,SYNTHETIC_DEMO
SUP00267,PROD00869,SUPPLIER_PROVIDES_PRODUCT,0.3019,SYNTHETIC_DEMO
SUP00268,PROD00876,SUPPLIER_PROVIDES_PRODUCT,0.0132,SYNTHETIC_DEMO
SUP00269,PROD00883,SUPPLIER_PROVIDES_PRODUCT,0.2976,SYNTHETIC_DEMO
SUP00270,PROD00890,SUPPLIER_PROVIDES_PRODUCT,0.1684,SYNTHETIC_DEMO
SUP00271,PROD00897,SUPPLIER_PROVIDES_PRODUCT,0.2332,SYNTHETIC_DEMO
SUP00272,PROD00904,SUPPLIER_PROVIDES_PRODUCT,0.3924,SYNTHETIC_DEMO
SUP00273,PROD00911,SUPPLIER_PROVIDES_PRODUCT,0.2103,SYNTHETIC_DEMO
SUP00274,PROD00918,SUPPLIER_PROVIDES_PRODUCT,0.2173,SYNTHETIC_DEMO
SUP00275,PROD00925,SUPPLIER_PROVIDES_PRODUCT,0.0286,SYNTHETIC_DEMO
SUP00276,PROD00932,SUPPLIER_PROVIDES_PRODUCT,0.3223,SYNTHETIC_DEMO
SUP00277,PROD00939,SUPPLIER_PROVIDES_PRODUCT,0.2478,SYNTHETIC_DEMO
SUP00278,PROD00946,SUPPLIER_PROVIDES_PRODUCT,0.3403,SYNTHETIC_DEMO
SUP00279,PROD00953,SUPPLIER_PROVIDES_PRODUCT,0.2493,SYNTHETIC_DEMO
SUP00280,PROD00960,SUPPLIER_PROVIDES_PRODUCT,0.0801,SYNTHETIC_DEMO
SUP00281,PROD00967,SUPPLIER_PROVIDES_PRODUCT,0.1155,SYNTHETIC_DEMO
SUP00282,PROD00974,SUPPLIER_PROVIDES_PRODUCT,0.342,SYNTHETIC_DEMO
SUP00283,PROD00981,SUPPLIER_PROVIDES_PRODUCT,0.0471,SYNTHETIC_DEMO
SUP00284,PROD00988,SUPPLIER_PROVIDES_PRODUCT,0.3681,SYNTHETIC_DEMO
SUP00285,PROD00995,SUPPLIER_PROVIDES_PRODUCT,0.1332,SYNTHETIC_DEMO
SUP00286,PROD00002,SUPPLIER_PROVIDES_PRODUCT,0.2391,SYNTHETIC_DEMO
SUP00287,PROD00009,SUPPLIER_PROVIDES_PRODUCT,0.1993,SYNTHETIC_DEMO
SUP00288,PROD00016,SUPPLIER_PROVIDES_PRODUCT,0.2239,SYNTHETIC_DEMO
SUP00289,PROD00023,SUPPLIER_PROVIDES_PRODUCT,0.2044,SYNTHETIC_DEMO
SUP00290,PROD00030,SUPPLIER_PROVIDES_PRODUCT,0.2151,SYNTHETIC_DEMO
SUP00291,PROD00037,SUPPLIER_PROVIDES_PRODUCT,0.1795,SYNTHETIC_DEMO
SUP00292,PROD00044,SUPPLIER_PROVIDES_PRODUCT,0.3885,SYNTHETIC_DEMO
SUP00293,PROD00051,SUPPLIER_PROVIDES_PRODUCT,0.0664,SYNTHETIC_DEMO
SUP00294,PROD00058,SUPPLIER_PROVIDES_PRODUCT,0.3033,SYNTHETIC_DEMO
SUP00295,PROD00065,SUPPLIER_PROVIDES_PRODUCT,0.2747,SYNTHETIC_DEMO
SUP00296,PROD00072,SUPPLIER_PROVIDES_PRODUCT,0.2388,SYNTHETIC_DEMO
SUP00297,PROD00079,SUPPLIER_PROVIDES_PRODUCT,0.052,SYNTHETIC_DEMO
SUP00298,PROD00086,SUPPLIER_PROVIDES_PRODUCT,0.3818,SYNTHETIC_DEMO
SUP00299,PROD00093,SUPPLIER_PROVIDES_PRODUCT,0.2219,SYNTHETIC_DEMO
SUP00300,PROD00100,SUPPLIER_PROVIDES_PRODUCT,0.1187,SYNTHETIC_DEMO
SUP00301,PROD00107,SUPPLIER_PROVIDES_PRODUCT,0.3144,SYNTHETIC_DEMO
SUP00302,PROD00114,SUPPLIER_PROVIDES_PRODUCT,0.1175,SYNTHETIC_DEMO
SUP00303,PROD00121,SUPPLIER_PROVIDES_PRODUCT,0.0469,SYNTHETIC_DEMO
SUP00304,PROD00128,SUPPLIER_PROVIDES_PRODUCT,0.2363,SYNTHETIC_DEMO
SUP00305,PROD00135,SUPPLIER_PROVIDES_PRODUCT,0.06,SYNTHETIC_DEMO
SUP00306,PROD00142,SUPPLIER_PROVIDES_PRODUCT,0.3465,SYNTHETIC_DEMO
SUP00307,PROD00149,SUPPLIER_PROVIDES_PRODUCT,0.1372,SYNTHETIC_DEMO
SUP00308,PROD00156,SUPPLIER_PROVIDES_PRODUCT,0.0292,SYNTHETIC_DEMO
SUP00309,PROD00163,SUPPLIER_PROVIDES_PRODUCT,0.2771,SYNTHETIC_DEMO
SUP00310,PROD00170,SUPPLIER_PROVIDES_PRODUCT,0.3003,SYNTHETIC_DEMO
SUP00311,PROD00177,SUPPLIER_PROVIDES_PRODUCT,0.0231,SYNTHETIC_DEMO
SUP00312,PROD00184,SUPPLIER_PROVIDES_PRODUCT,0.3095,SYNTHETIC_DEMO
SUP00313,PROD00191,SUPPLIER_PROVIDES_PRODUCT,0.0442,SYNTHETIC_DEMO
SUP00314,PROD00198,SUPPLIER_PROVIDES_PRODUCT,0.0718,SYNTHETIC_DEMO
SUP00315,PROD00205,SUPPLIER_PROVIDES_PRODUCT,0.0489,SYNTHETIC_DEMO
SUP00316,PROD00212,SUPPLIER_PROVIDES_PRODUCT,0.1825,SYNTHETIC_DEMO
SUP00317,PROD00219,SUPPLIER_PROVIDES_PRODUCT,0.3304,SYNTHETIC_DEMO
SUP00318,PROD00226,SUPPLIER_PROVIDES_PRODUCT,0.2221,SYNTHETIC_DEMO
SUP00319,PROD00233,SUPPLIER_PROVIDES_PRODUCT,0.1443,SYNTHETIC_DEMO
SUP00320,PROD00240,SUPPLIER_PROVIDES_PRODUCT,0.2276,SYNTHETIC_DEMO
SUP00321,PROD00247,SUPPLIER_PROVIDES_PRODUCT,0.2643,SYNTHETIC_DEMO
SUP00322,PROD00254,SUPPLIER_PROVIDES_PRODUCT,0.112,SYNTHETIC_DEMO
SUP00323,PROD00261,SUPPLIER_PROVIDES_PRODUCT,0.2573,SYNTHETIC_DEMO
SUP00324,PROD00268,SUPPLIER_PROVIDES_PRODUCT,0.1932,SYNTHETIC_DEMO
SUP00325,PROD00275,SUPPLIER_PROVIDES_PRODUCT,0.0536,SYNTHETIC_DEMO
SUP00326,PROD00282,SUPPLIER_PROVIDES_PRODUCT,0.2616,SYNTHETIC_DEMO
SUP00327,PROD00289,SUPPLIER_PROVIDES_PRODUCT,0.2378,SYNTHETIC_DEMO
SUP00328,PROD00296,SUPPLIER_PROVIDES_PRODUCT,0.1612,SYNTHETIC_DEMO
SUP00329,PROD00303,SUPPLIER_PROVIDES_PRODUCT,0.1789,SYNTHETIC_DEMO
SUP00330,PROD00310,SUPPLIER_PROVIDES_PRODUCT,0.0624,SYNTHETIC_DEMO
SUP00331,PROD00317,SUPPLIER_PROVIDES_PRODUCT,0.2541,SYNTHETIC_DEMO
SUP00332,PROD00324,SUPPLIER_PROVIDES_PRODUCT,0.2867,SYNTHETIC_DEMO
SUP00333,PROD00331,SUPPLIER_PROVIDES_PRODUCT,0.2328,SYNTHETIC_DEMO
SUP00334,PROD00338,SUPPLIER_PROVIDES_PRODUCT,0.3793,SYNTHETIC_DEMO
SUP00335,PROD00345,SUPPLIER_PROVIDES_PRODUCT,0.3604,SYNTHETIC_DEMO
SUP00336,PROD00352,SUPPLIER_PROVIDES_PRODUCT,0.1941,SYNTHETIC_DEMO
SUP00337,PROD00359,SUPPLIER_PROVIDES_PRODUCT,0.3565,SYNTHETIC_DEMO
SUP00338,PROD00366,SUPPLIER_PROVIDES_PRODUCT,0.2186,SYNTHETIC_DEMO
SUP00339,PROD00373,SUPPLIER_PROVIDES_PRODUCT,0.1906,SYNTHETIC_DEMO
SUP00340,PROD00380,SUPPLIER_PROVIDES_PRODUCT,0.1118,SYNTHETIC_DEMO
SUP00341,PROD00387,SUPPLIER_PROVIDES_PRODUCT,0.1486,SYNTHETIC_DEMO
SUP00342,PROD00394,SUPPLIER_PROVIDES_PRODUCT,0.2953,SYNTHETIC_DEMO
SUP00343,PROD00401,SUPPLIER_PROVIDES_PRODUCT,0.2949,SYNTHETIC_DEMO
SUP00344,PROD00408,SUPPLIER_PROVIDES_PRODUCT,0.0743,SYNTHETIC_DEMO
SUP00345,PROD00415,SUPPLIER_PROVIDES_PRODUCT,0.1631,SYNTHETIC_DEMO
SUP00346,PROD00422,SUPPLIER_PROVIDES_PRODUCT,0.0657,SYNTHETIC_DEMO
SUP00347,PROD00429,SUPPLIER_PROVIDES_PRODUCT,0.1592,SYNTHETIC_DEMO
SUP00348,PROD00436,SUPPLIER_PROVIDES_PRODUCT,0.1878,SYNTHETIC_DEMO
SUP00349,PROD00443,SUPPLIER_PROVIDES_PRODUCT,0.282,SYNTHETIC_DEMO
SUP00350,PROD00450,SUPPLIER_PROVIDES_PRODUCT,0.2497,SYNTHETIC_DEMO
SUP00351,PROD00457,SUPPLIER_PROVIDES_PRODUCT,0.0503,SYNTHETIC_DEMO
SUP00352,PROD00464,SUPPLIER_PROVIDES_PRODUCT,0.0288,SYNTHETIC_DEMO
SUP00353,PROD00471,SUPPLIER_PROVIDES_PRODUCT,0.0338,SYNTHETIC_DEMO
SUP00354,PROD00478,SUPPLIER_PROVIDES_PRODUCT,0.1868,SYNTHETIC_DEMO
SUP00355,PROD00485,SUPPLIER_PROVIDES_PRODUCT,0.1369,SYNTHETIC_DEMO
SUP00356,PROD00492,SUPPLIER_PROVIDES_PRODUCT,0.3826,SYNTHETIC_DEMO
SUP00357,PROD00499,SUPPLIER_PROVIDES_PRODUCT,0.0853,SYNTHETIC_DEMO
SUP00358,PROD00506,SUPPLIER_PROVIDES_PRODUCT,0.1256,SYNTHETIC_DEMO
SUP00359,PROD00513,SUPPLIER_PROVIDES_PRODUCT,0.3692,SYNTHETIC_DEMO
SUP00360,PROD00520,SUPPLIER_PROVIDES_PRODUCT,0.1851,SYNTHETIC_DEMO
SUP00361,PROD00527,SUPPLIER_PROVIDES_PRODUCT,0.1488,SYNTHETIC_DEMO
SUP00362,PROD00534,SUPPLIER_PROVIDES_PRODUCT,0.371,SYNTHETIC_DEMO
SUP00363,PROD00541,SUPPLIER_PROVIDES_PRODUCT,0.0147,SYNTHETIC_DEMO
SUP00364,PROD00548,SUPPLIER_PROVIDES_PRODUCT,0.2766,SYNTHETIC_DEMO
SUP00365,PROD00555,SUPPLIER_PROVIDES_PRODUCT,0.2642,SYNTHETIC_DEMO
SUP00366,PROD00562,SUPPLIER_PROVIDES_PRODUCT,0.0191,SYNTHETIC_DEMO
SUP00367,PROD00569,SUPPLIER_PROVIDES_PRODUCT,0.1962,SYNTHETIC_DEMO
SUP00368,PROD00576,SUPPLIER_PROVIDES_PRODUCT,0.3019,SYNTHETIC_DEMO
SUP00369,PROD00583,SUPPLIER_PROVIDES_PRODUCT,0.2738,SYNTHETIC_DEMO
SUP00370,PROD00590,SUPPLIER_PROVIDES_PRODUCT,0.0803,SYNTHETIC_DEMO
SUP00371,PROD00597,SUPPLIER_PROVIDES_PRODUCT,0.3954,SYNTHETIC_DEMO
SUP00372,PROD00604,SUPPLIER_PROVIDES_PRODUCT,0.1896,SYNTHETIC_DEMO
SUP00373,PROD00611,SUPPLIER_PROVIDES_PRODUCT,0.3305,SYNTHETIC_DEMO
SUP00374,PROD00618,SUPPLIER_PROVIDES_PRODUCT,0.309,SYNTHETIC_DEMO
SUP00375,PROD00625,SUPPLIER_PROVIDES_PRODUCT,0.1068,SYNTHETIC_DEMO
SUP00376,PROD00632,SUPPLIER_PROVIDES_PRODUCT,0.1192,SYNTHETIC_DEMO
SUP00377,PROD00639,SUPPLIER_PROVIDES_PRODUCT,0.1782,SYNTHETIC_DEMO
SUP00378,PROD00646,SUPPLIER_PROVIDES_PRODUCT,0.3481,SYNTHETIC_DEMO
SUP00379,PROD00653,SUPPLIER_PROVIDES_PRODUCT,0.2582,SYNTHETIC_DEMO
SUP00380,PROD00660,SUPPLIER_PROVIDES_PRODUCT,0.3882,SYNTHETIC_DEMO
SUP00381,PROD00667,SUPPLIER_PROVIDES_PRODUCT,0.3934,SYNTHETIC_DEMO
SUP00382,PROD00674,SUPPLIER_PROVIDES_PRODUCT,0.2266,SYNTHETIC_DEMO
SUP00383,PROD00681,SUPPLIER_PROVIDES_PRODUCT,0.1132,SYNTHETIC_DEMO
SUP00384,PROD00688,SUPPLIER_PROVIDES_PRODUCT,0.2671,SYNTHETIC_DEMO
SUP00385,PROD00695,SUPPLIER_PROVIDES_PRODUCT,0.0478,SYNTHETIC_DEMO
SUP00386,PROD00702,SUPPLIER_PROVIDES_PRODUCT,0.1238,SYNTHETIC_DEMO
SUP00387,PROD00709,SUPPLIER_PROVIDES_PRODUCT,0.1463,SYNTHETIC_DEMO
SUP00388,PROD00716,SUPPLIER_PROVIDES_PRODUCT,0.1945,SYNTHETIC_DEMO
SUP00389,PROD00723,SUPPLIER_PROVIDES_PRODUCT,0.0639,SYNTHETIC_DEMO
SUP00390,PROD00730,SUPPLIER_PROVIDES_PRODUCT,0.2159,SYNTHETIC_DEMO
SUP00391,PROD00737,SUPPLIER_PROVIDES_PRODUCT,0.0327,SYNTHETIC_DEMO
SUP00392,PROD00744,SUPPLIER_PROVIDES_PRODUCT,0.3172,SYNTHETIC_DEMO
SUP00393,PROD00751,SUPPLIER_PROVIDES_PRODUCT,0.1272,SYNTHETIC_DEMO
SUP00394,PROD00758,SUPPLIER_PROVIDES_PRODUCT,0.3739,SYNTHETIC_DEMO
SUP00395,PROD00765,SUPPLIER_PROVIDES_PRODUCT,0.0578,SYNTHETIC_DEMO
SUP00396,PROD00772,SUPPLIER_PROVIDES_PRODUCT,0.1287,SYNTHETIC_DEMO
SUP00397,PROD00779,SUPPLIER_PROVIDES_PRODUCT,0.1376,SYNTHETIC_DEMO
SUP00398,PROD00786,SUPPLIER_PROVIDES_PRODUCT,0.349,SYNTHETIC_DEMO
SUP00399,PROD00793,SUPPLIER_PROVIDES_PRODUCT,0.2619,SYNTHETIC_DEMO
SUP00400,PROD00800,SUPPLIER_PROVIDES_PRODUCT,0.0108,SYNTHETIC_DEMO
SUP00401,PROD00807,SUPPLIER_PROVIDES_PRODUCT,0.2093,SYNTHETIC_DEMO
SUP00402,PROD00814,SUPPLIER_PROVIDES_PRODUCT,0.1967,SYNTHETIC_DEMO
SUP00403,PROD00821,SUPPLIER_PROVIDES_PRODUCT,0.2645,SYNTHETIC_DEMO
SUP00404,PROD00828,SUPPLIER_PROVIDES_PRODUCT,0.0558,SYNTHETIC_DEMO
SUP00405,PROD00835,SUPPLIER_PROVIDES_PRODUCT,0.1378,SYNTHETIC_DEMO
SUP00406,PROD00842,SUPPLIER_PROVIDES_PRODUCT,0.1853,SYNTHETIC_DEMO
SUP00407,PROD00849,SUPPLIER_PROVIDES_PRODUCT,0.3457,SYNTHETIC_DEMO
SUP00408,PROD00856,SUPPLIER_PROVIDES_PRODUCT,0.1206,SYNTHETIC_DEMO
SUP00409,PROD00863,SUPPLIER_PROVIDES_PRODUCT,0.3631,SYNTHETIC_DEMO
SUP00410,PROD00870,SUPPLIER_PROVIDES_PRODUCT,0.1296,SYNTHETIC_DEMO
SUP00411,PROD00877,SUPPLIER_PROVIDES_PRODUCT,0.0877,SYNTHETIC_DEMO
SUP00412,PROD00884,SUPPLIER_PROVIDES_PRODUCT,0.1022,SYNTHETIC_DEMO
SUP00413,PROD00891,SUPPLIER_PROVIDES_PRODUCT,0.2873,SYNTHETIC_DEMO
SUP00414,PROD00898,SUPPLIER_PROVIDES_PRODUCT,0.0396,SYNTHETIC_DEMO
SUP00415,PROD00905,SUPPLIER_PROVIDES_PRODUCT,0.354,SYNTHETIC_DEMO
SUP00416,PROD00912,SUPPLIER_PROVIDES_PRODUCT,0.2382,SYNTHETIC_DEMO
SUP00417,PROD00919,SUPPLIER_PROVIDES_PRODUCT,0.3023,SYNTHETIC_DEMO
SUP00418,PROD00926,SUPPLIER_PROVIDES_PRODUCT,0.1651,SYNTHETIC_DEMO
SUP00419,PROD00933,SUPPLIER_PROVIDES_PRODUCT,0.1882,SYNTHETIC_DEMO
SUP00420,PROD00940,SUPPLIER_PROVIDES_PRODUCT,0.142,SYNTHETIC_DEMO
SUP00421,PROD00947,SUPPLIER_PROVIDES_PRODUCT,0.2978,SYNTHETIC_DEMO
SUP00422,PROD00954,SUPPLIER_PROVIDES_PRODUCT,0.1964,SYNTHETIC_DEMO
SUP00423,PROD00961,SUPPLIER_PROVIDES_PRODUCT,0.3958,SYNTHETIC_DEMO
SUP00424,PROD00968,SUPPLIER_PROVIDES_PRODUCT,0.1826,SYNTHETIC_DEMO
SUP00425,PROD00975,SUPPLIER_PROVIDES_PRODUCT,0.3868,SYNTHETIC_DEMO
SUP00426,PROD00982,SUPPLIER_PROVIDES_PRODUCT,0.3326,SYNTHETIC_DEMO
SUP00427,PROD00989,SUPPLIER_PROVIDES_PRODUCT,0.1461,SYNTHETIC_DEMO
SUP00428,PROD00996,SUPPLIER_PROVIDES_PRODUCT,0.2053,SYNTHETIC_DEMO
SUP00429,PROD00003,SUPPLIER_PROVIDES_PRODUCT,0.0386,SYNTHETIC_DEMO
SUP00430,PROD00010,SUPPLIER_PROVIDES_PRODUCT,0.1917,SYNTHETIC_DEMO
SUP00431,PROD00017,SUPPLIER_PROVIDES_PRODUCT,0.3335,SYNTHETIC_DEMO
SUP00432,PROD00024,SUPPLIER_PROVIDES_PRODUCT,0.3445,SYNTHETIC_DEMO
SUP00433,PROD00031,SUPPLIER_PROVIDES_PRODUCT,0.3422,SYNTHETIC_DEMO
SUP00434,PROD00038,SUPPLIER_PROVIDES_PRODUCT,0.3027,SYNTHETIC_DEMO
SUP00435,PROD00045,SUPPLIER_PROVIDES_PRODUCT,0.0505,SYNTHETIC_DEMO
SUP00436,PROD00052,SUPPLIER_PROVIDES_PRODUCT,0.2976,SYNTHETIC_DEMO
SUP00437,PROD00059,SUPPLIER_PROVIDES_PRODUCT,0.2855,SYNTHETIC_DEMO
SUP00438,PROD00066,SUPPLIER_PROVIDES_PRODUCT,0.3489,SYNTHETIC_DEMO
SUP00439,PROD00073,SUPPLIER_PROVIDES_PRODUCT,0.2767,SYNTHETIC_DEMO
SUP00440,PROD00080,SUPPLIER_PROVIDES_PRODUCT,0.0526,SYNTHETIC_DEMO
SUP00441,PROD00087,SUPPLIER_PROVIDES_PRODUCT,0.3045,SYNTHETIC_DEMO
SUP00442,PROD00094,SUPPLIER_PROVIDES_PRODUCT,0.3808,SYNTHETIC_DEMO
SUP00443,PROD00101,SUPPLIER_PROVIDES_PRODUCT,0.3327,SYNTHETIC_DEMO
SUP00444,PROD00108,SUPPLIER_PROVIDES_PRODUCT,0.3778,SYNTHETIC_DEMO
SUP00445,PROD00115,SUPPLIER_PROVIDES_PRODUCT,0.2996,SYNTHETIC_DEMO
SUP00446,PROD00122,SUPPLIER_PROVIDES_PRODUCT,0.2627,SYNTHETIC_DEMO
SUP00447,PROD00129,SUPPLIER_PROVIDES_PRODUCT,0.1288,SYNTHETIC_DEMO
SUP00448,PROD00136,SUPPLIER_PROVIDES_PRODUCT,0.2799,SYNTHETIC_DEMO
SUP00449,PROD00143,SUPPLIER_PROVIDES_PRODUCT,0.1237,SYNTHETIC_DEMO
SUP00450,PROD00150,SUPPLIER_PROVIDES_PRODUCT,0.197,SYNTHETIC_DEMO
SUP00451,PROD00157,SUPPLIER_PROVIDES_PRODUCT,0.1073,SYNTHETIC_DEMO
SUP00452,PROD00164,SUPPLIER_PROVIDES_PRODUCT,0.0507,SYNTHETIC_DEMO
SUP00453,PROD00171,SUPPLIER_PROVIDES_PRODUCT,0.1883,SYNTHETIC_DEMO
SUP00454,PROD00178,SUPPLIER_PROVIDES_PRODUCT,0.1489,SYNTHETIC_DEMO
SUP00455,PROD00185,SUPPLIER_PROVIDES_PRODUCT,0.0164,SYNTHETIC_DEMO
SUP00456,PROD00192,SUPPLIER_PROVIDES_PRODUCT,0.3603,SYNTHETIC_DEMO
SUP00457,PROD00199,SUPPLIER_PROVIDES_PRODUCT,0.1487,SYNTHETIC_DEMO
SUP00458,PROD00206,SUPPLIER_PROVIDES_PRODUCT,0.3932,SYNTHETIC_DEMO
SUP00459,PROD00213,SUPPLIER_PROVIDES_PRODUCT,0.2024,SYNTHETIC_DEMO
SUP00460,PROD00220,SUPPLIER_PROVIDES_PRODUCT,0.1922,SYNTHETIC_DEMO
SUP00461,PROD00227,SUPPLIER_PROVIDES_PRODUCT,0.3798,SYNTHETIC_DEMO
SUP00462,PROD00234,SUPPLIER_PROVIDES_PRODUCT,0.2749,SYNTHETIC_DEMO
SUP00463,PROD00241,SUPPLIER_PROVIDES_PRODUCT,0.0417,SYNTHETIC_DEMO
SUP00464,PROD00248,SUPPLIER_PROVIDES_PRODUCT,0.2679,SYNTHETIC_DEMO
SUP00465,PROD00255,SUPPLIER_PROVIDES_PRODUCT,0.1185,SYNTHETIC_DEMO
SUP00466,PROD00262,SUPPLIER_PROVIDES_PRODUCT,0.3787,SYNTHETIC_DEMO
SUP00467,PROD00269,SUPPLIER_PROVIDES_PRODUCT,0.2434,SYNTHETIC_DEMO
SUP00468,PROD00276,SUPPLIER_PROVIDES_PRODUCT,0.0575,SYNTHETIC_DEMO
SUP00469,PROD00283,SUPPLIER_PROVIDES_PRODUCT,0.2284,SYNTHETIC_DEMO
SUP00470,PROD00290,SUPPLIER_PROVIDES_PRODUCT,0.1834,SYNTHETIC_DEMO
SUP00471,PROD00297,SUPPLIER_PROVIDES_PRODUCT,0.0284,SYNTHETIC_DEMO
SUP00472,PROD00304,SUPPLIER_PROVIDES_PRODUCT,0.1257,SYNTHETIC_DEMO
SUP00473,PROD00311,SUPPLIER_PROVIDES_PRODUCT,0.3595,SYNTHETIC_DEMO
SUP00474,PROD00318,SUPPLIER_PROVIDES_PRODUCT,0.2549,SYNTHETIC_DEMO
SUP00475,PROD00325,SUPPLIER_PROVIDES_PRODUCT,0.2027,SYNTHETIC_DEMO
SUP00476,PROD00332,SUPPLIER_PROVIDES_PRODUCT,0.1483,SYNTHETIC_DEMO
SUP00477,PROD00339,SUPPLIER_PROVIDES_PRODUCT,0.396,SYNTHETIC_DEMO
SUP00478,PROD00346,SUPPLIER_PROVIDES_PRODUCT,0.1328,SYNTHETIC_DEMO
SUP00479,PROD00353,SUPPLIER_PROVIDES_PRODUCT,0.2219,SYNTHETIC_DEMO
SUP00480,PROD00360,SUPPLIER_PROVIDES_PRODUCT,0.107,SYNTHETIC_DEMO
SUP00481,PROD00367,SUPPLIER_PROVIDES_PRODUCT,0.1682,SYNTHETIC_DEMO
SUP00482,PROD00374,SUPPLIER_PROVIDES_PRODUCT,0.1356,SYNTHETIC_DEMO
SUP00483,PROD00381,SUPPLIER_PROVIDES_PRODUCT,0.3771,SYNTHETIC_DEMO
SUP00484,PROD00388,SUPPLIER_PROVIDES_PRODUCT,0.133,SYNTHETIC_DEMO
SUP00485,PROD00395,SUPPLIER_PROVIDES_PRODUCT,0.3553,SYNTHETIC_DEMO
SUP00486,PROD00402,SUPPLIER_PROVIDES_PRODUCT,0.185,SYNTHETIC_DEMO
SUP00487,PROD00409,SUPPLIER_PROVIDES_PRODUCT,0.1062,SYNTHETIC_DEMO
SUP00488,PROD00416,SUPPLIER_PROVIDES_PRODUCT,0.0865,SYNTHETIC_DEMO
SUP00489,PROD00423,SUPPLIER_PROVIDES_PRODUCT,0.2806,SYNTHETIC_DEMO
SUP00490,PROD00430,SUPPLIER_PROVIDES_PRODUCT,0.3694,SYNTHETIC_DEMO
SUP00491,PROD00437,SUPPLIER_PROVIDES_PRODUCT,0.1012,SYNTHETIC_DEMO
SUP00492,PROD00444,SUPPLIER_PROVIDES_PRODUCT,0.2771,SYNTHETIC_DEMO
SUP00493,PROD00451,SUPPLIER_PROVIDES_PRODUCT,0.252,SYNTHETIC_DEMO
SUP00494,PROD00458,SUPPLIER_PROVIDES_PRODUCT,0.0952,SYNTHETIC_DEMO
SUP00495,PROD00465,SUPPLIER_PROVIDES_PRODUCT,0.1452,SYNTHETIC_DEMO
SUP00496,PROD00472,SUPPLIER_PROVIDES_PRODUCT,0.3405,SYNTHETIC_DEMO
SUP00497,PROD00479,SUPPLIER_PROVIDES_PRODUCT,0.1982,SYNTHETIC_DEMO
SUP00498,PROD00486,SUPPLIER_PROVIDES_PRODUCT,0.2451,SYNTHETIC_DEMO
SUP00499,PROD00493,SUPPLIER_PROVIDES_PRODUCT,0.0728,SYNTHETIC_DEMO
SUP00500,PROD00500,SUPPLIER_PROVIDES_PRODUCT,0.0453,SYNTHETIC_DEMO
SUP00501,PROD00507,SUPPLIER_PROVIDES_PRODUCT,0.3416,SYNTHETIC_DEMO
SUP00502,PROD00514,SUPPLIER_PROVIDES_PRODUCT,0.1321,SYNTHETIC_DEMO
SUP00503,PROD00521,SUPPLIER_PROVIDES_PRODUCT,0.3541,SYNTHETIC_DEMO
SUP00504,PROD00528,SUPPLIER_PROVIDES_PRODUCT,0.1767,SYNTHETIC_DEMO
SUP00505,PROD00535,SUPPLIER_PROVIDES_PRODUCT,0.2832,SYNTHETIC_DEMO
SUP00506,PROD00542,SUPPLIER_PROVIDES_PRODUCT,0.3134,SYNTHETIC_DEMO
SUP00507,PROD00549,SUPPLIER_PROVIDES_PRODUCT,0.2793,SYNTHETIC_DEMO
SUP00508,PROD00556,SUPPLIER_PROVIDES_PRODUCT,0.2728,SYNTHETIC_DEMO
SUP00509,PROD00563,SUPPLIER_PROVIDES_PRODUCT,0.2432,SYNTHETIC_DEMO
SUP00510,PROD00570,SUPPLIER_PROVIDES_PRODUCT,0.3531,SYNTHETIC_DEMO
SUP00511,PROD00577,SUPPLIER_PROVIDES_PRODUCT,0.0391,SYNTHETIC_DEMO
SUP00512,PROD00584,SUPPLIER_PROVIDES_PRODUCT,0.3661,SYNTHETIC_DEMO
SUP00513,PROD00591,SUPPLIER_PROVIDES_PRODUCT,0.2008,SYNTHETIC_DEMO
SUP00514,PROD00598,SUPPLIER_PROVIDES_PRODUCT,0.2041,SYNTHETIC_DEMO
SUP00515,PROD00605,SUPPLIER_PROVIDES_PRODUCT,0.2723,SYNTHETIC_DEMO
SUP00516,PROD00612,SUPPLIER_PROVIDES_PRODUCT,0.0892,SYNTHETIC_DEMO
SUP00517,PROD00619,SUPPLIER_PROVIDES_PRODUCT,0.2598,SYNTHETIC_DEMO
SUP00518,PROD00626,SUPPLIER_PROVIDES_PRODUCT,0.1949,SYNTHETIC_DEMO
SUP00519,PROD00633,SUPPLIER_PROVIDES_PRODUCT,0.106,SYNTHETIC_DEMO
SUP00520,PROD00640,SUPPLIER_PROVIDES_PRODUCT,0.0498,SYNTHETIC_DEMO
SUP00521,PROD00647,SUPPLIER_PROVIDES_PRODUCT,0.0196,SYNTHETIC_DEMO
SUP00522,PROD00654,SUPPLIER_PROVIDES_PRODUCT,0.3511,SYNTHETIC_DEMO
SUP00523,PROD00661,SUPPLIER_PROVIDES_PRODUCT,0.3387,SYNTHETIC_DEMO
SUP00524,PROD00668,SUPPLIER_PROVIDES_PRODUCT,0.1256,SYNTHETIC_DEMO
SUP00525,PROD00675,SUPPLIER_PROVIDES_PRODUCT,0.2292,SYNTHETIC_DEMO
SUP00526,PROD00682,SUPPLIER_PROVIDES_PRODUCT,0.0285,SYNTHETIC_DEMO
SUP00527,PROD00689,SUPPLIER_PROVIDES_PRODUCT,0.3067,SYNTHETIC_DEMO
SUP00528,PROD00696,SUPPLIER_PROVIDES_PRODUCT,0.3889,SYNTHETIC_DEMO
SUP00529,PROD00703,SUPPLIER_PROVIDES_PRODUCT,0.0905,SYNTHETIC_DEMO
SUP00530,PROD00710,SUPPLIER_PROVIDES_PRODUCT,0.2308,SYNTHETIC_DEMO
SUP00531,PROD00717,SUPPLIER_PROVIDES_PRODUCT,0.086,SYNTHETIC_DEMO
SUP00532,PROD00724,SUPPLIER_PROVIDES_PRODUCT,0.3506,SYNTHETIC_DEMO
SUP00533,PROD00731,SUPPLIER_PROVIDES_PRODUCT,0.3008,SYNTHETIC_DEMO
SUP00534,PROD00738,SUPPLIER_PROVIDES_PRODUCT,0.3849,SYNTHETIC_DEMO
SUP00535,PROD00745,SUPPLIER_PROVIDES_PRODUCT,0.049,SYNTHETIC_DEMO
SUP00536,PROD00752,SUPPLIER_PROVIDES_PRODUCT,0.1964,SYNTHETIC_DEMO
SUP00537,PROD00759,SUPPLIER_PROVIDES_PRODUCT,0.3935,SYNTHETIC_DEMO
SUP00538,PROD00766,SUPPLIER_PROVIDES_PRODUCT,0.1501,SYNTHETIC_DEMO
SUP00539,PROD00773,SUPPLIER_PROVIDES_PRODUCT,0.3656,SYNTHETIC_DEMO
SUP00540,PROD00780,SUPPLIER_PROVIDES_PRODUCT,0.1185,SYNTHETIC_DEMO
SUP00541,PROD00787,SUPPLIER_PROVIDES_PRODUCT,0.3885,SYNTHETIC_DEMO
SUP00542,PROD00794,SUPPLIER_PROVIDES_PRODUCT,0.1266,SYNTHETIC_DEMO
SUP00543,PROD00801,SUPPLIER_PROVIDES_PRODUCT,0.1845,SYNTHETIC_DEMO
SUP00544,PROD00808,SUPPLIER_PROVIDES_PRODUCT,0.1387,SYNTHETIC_DEMO
SUP00545,PROD00815,SUPPLIER_PROVIDES_PRODUCT,0.1116,SYNTHETIC_DEMO
SUP00546,PROD00822,SUPPLIER_PROVIDES_PRODUCT,0.2351,SYNTHETIC_DEMO
SUP00547,PROD00829,SUPPLIER_PROVIDES_PRODUCT,0.0337,SYNTHETIC_DEMO
SUP00548,PROD00836,SUPPLIER_PROVIDES_PRODUCT,0.3358,SYNTHETIC_DEMO
SUP00549,PROD00843,SUPPLIER_PROVIDES_PRODUCT,0.3721,SYNTHETIC_DEMO
SUP00550,PROD00850,SUPPLIER_PROVIDES_PRODUCT,0.3863,SYNTHETIC_DEMO
SUP00551,PROD00857,SUPPLIER_PROVIDES_PRODUCT,0.0691,SYNTHETIC_DEMO
SUP00552,PROD00864,SUPPLIER_PROVIDES_PRODUCT,0.108,SYNTHETIC_DEMO
SUP00553,PROD00871,SUPPLIER_PROVIDES_PRODUCT,0.0649,SYNTHETIC_DEMO
SUP00554,PROD00878,SUPPLIER_PROVIDES_PRODUCT,0.0905,SYNTHETIC_DEMO
SUP00555,PROD00885,SUPPLIER_PROVIDES_PRODUCT,0.2878,SYNTHETIC_DEMO
SUP00556,PROD00892,SUPPLIER_PROVIDES_PRODUCT,0.3706,SYNTHETIC_DEMO
SUP00557,PROD00899,SUPPLIER_PROVIDES_PRODUCT,0.1702,SYNTHETIC_DEMO
SUP00558,PROD00906,SUPPLIER_PROVIDES_PRODUCT,0.3656,SYNTHETIC_DEMO
SUP00559,PROD00913,SUPPLIER_PROVIDES_PRODUCT,0.1538,SYNTHETIC_DEMO
SUP00560,PROD00920,SUPPLIER_PROVIDES_PRODUCT,0.3236,SYNTHETIC_DEMO
SUP00561,PROD00927,SUPPLIER_PROVIDES_PRODUCT,0.3608,SYNTHETIC_DEMO
SUP00562,PROD00934,SUPPLIER_PROVIDES_PRODUCT,0.3907,SYNTHETIC_DEMO
SUP00563,PROD00941,SUPPLIER_PROVIDES_PRODUCT,0.1875,SYNTHETIC_DEMO
SUP00564,PROD00948,SUPPLIER_PROVIDES_PRODUCT,0.366,SYNTHETIC_DEMO
SUP00565,PROD00955,SUPPLIER_PROVIDES_PRODUCT,0.3957,SYNTHETIC_DEMO
SUP00566,PROD00962,SUPPLIER_PROVIDES_PRODUCT,0.1971,SYNTHETIC_DEMO
SUP00567,PROD00969,SUPPLIER_PROVIDES_PRODUCT,0.1183,SYNTHETIC_DEMO
SUP00568,PROD00976,SUPPLIER_PROVIDES_PRODUCT,0.0155,SYNTHETIC_DEMO
SUP00569,PROD00983,SUPPLIER_PROVIDES_PRODUCT,0.3477,SYNTHETIC_DEMO
SUP00570,PROD00990,SUPPLIER_PROVIDES_PRODUCT,0.1211,SYNTHETIC_DEMO
SUP00571,PROD00997,SUPPLIER_PROVIDES_PRODUCT,0.1652,SYNTHETIC_DEMO
SUP00572,PROD00004,SUPPLIER_PROVIDES_PRODUCT,0.3941,SYNTHETIC_DEMO
SUP00573,PROD00011,SUPPLIER_PROVIDES_PRODUCT,0.1498,SYNTHETIC_DEMO
SUP00574,PROD00018,SUPPLIER_PROVIDES_PRODUCT,0.1444,SYNTHETIC_DEMO
SUP00575,PROD00025,SUPPLIER_PROVIDES_PRODUCT,0.2102,SYNTHETIC_DEMO
SUP00576,PROD00032,SUPPLIER_PROVIDES_PRODUCT,0.1222,SYNTHETIC_DEMO
SUP00577,PROD00039,SUPPLIER_PROVIDES_PRODUCT,0.3692,SYNTHETIC_DEMO
SUP00578,PROD00046,SUPPLIER_PROVIDES_PRODUCT,0.0878,SYNTHETIC_DEMO
SUP00579,PROD00053,SUPPLIER_PROVIDES_PRODUCT,0.2642,SYNTHETIC_DEMO
SUP00580,PROD00060,SUPPLIER_PROVIDES_PRODUCT,0.2185,SYNTHETIC_DEMO
SUP00581,PROD00067,SUPPLIER_PROVIDES_PRODUCT,0.1447,SYNTHETIC_DEMO
SUP00582,PROD00074,SUPPLIER_PROVIDES_PRODUCT,0.2209,SYNTHETIC_DEMO
SUP00583,PROD00081,SUPPLIER_PROVIDES_PRODUCT,0.065,SYNTHETIC_DEMO
SUP00584,PROD00088,SUPPLIER_PROVIDES_PRODUCT,0.2085,SYNTHETIC_DEMO
SUP00585,PROD00095,SUPPLIER_PROVIDES_PRODUCT,0.0659,SYNTHETIC_DEMO
SUP00586,PROD00102,SUPPLIER_PROVIDES_PRODUCT,0.2292,SYNTHETIC_DEMO
SUP00587,PROD00109,SUPPLIER_PROVIDES_PRODUCT,0.1646,SYNTHETIC_DEMO
SUP00588,PROD00116,SUPPLIER_PROVIDES_PRODUCT,0.1911,SYNTHETIC_DEMO
SUP00589,PROD00123,SUPPLIER_PROVIDES_PRODUCT,0.2783,SYNTHETIC_DEMO
SUP00590,PROD00130,SUPPLIER_PROVIDES_PRODUCT,0.3877,SYNTHETIC_DEMO
SUP00591,PROD00137,SUPPLIER_PROVIDES_PRODUCT,0.0196,SYNTHETIC_DEMO
SUP00592,PROD00144,SUPPLIER_PROVIDES_PRODUCT,0.1142,SYNTHETIC_DEMO
SUP00593,PROD00151,SUPPLIER_PROVIDES_PRODUCT,0.2603,SYNTHETIC_DEMO
SUP00594,PROD00158,SUPPLIER_PROVIDES_PRODUCT,0.0396,SYNTHETIC_DEMO
SUP00595,PROD00165,SUPPLIER_PROVIDES_PRODUCT,0.1108,SYNTHETIC_DEMO
SUP00596,PROD00172,SUPPLIER_PROVIDES_PRODUCT,0.3471,SYNTHETIC_DEMO
SUP00597,PROD00179,SUPPLIER_PROVIDES_PRODUCT,0.114,SYNTHETIC_DEMO
SUP00598,PROD00186,SUPPLIER_PROVIDES_PRODUCT,0.1307,SYNTHETIC_DEMO
SUP00599,PROD00193,SUPPLIER_PROVIDES_PRODUCT,0.1569,SYNTHETIC_DEMO
SUP00600,PROD00200,SUPPLIER_PROVIDES_PRODUCT,0.2518,SYNTHETIC_DEMO
SUP00601,PROD00207,SUPPLIER_PROVIDES_PRODUCT,0.2278,SYNTHETIC_DEMO
SUP00602,PROD00214,SUPPLIER_PROVIDES_PRODUCT,0.0387,SYNTHETIC_DEMO
SUP00603,PROD00221,SUPPLIER_PROVIDES_PRODUCT,0.1604,SYNTHETIC_DEMO
SUP00604,PROD00228,SUPPLIER_PROVIDES_PRODUCT,0.1208,SYNTHETIC_DEMO
SUP00605,PROD00235,SUPPLIER_PROVIDES_PRODUCT,0.2203,SYNTHETIC_DEMO
SUP00606,PROD00242,SUPPLIER_PROVIDES_PRODUCT,0.2026,SYNTHETIC_DEMO
SUP00607,PROD00249,SUPPLIER_PROVIDES_PRODUCT,0.286,SYNTHETIC_DEMO
SUP00608,PROD00256,SUPPLIER_PROVIDES_PRODUCT,0.0881,SYNTHETIC_DEMO
SUP00609,PROD00263,SUPPLIER_PROVIDES_PRODUCT,0.0619,SYNTHETIC_DEMO
SUP00610,PROD00270,SUPPLIER_PROVIDES_PRODUCT,0.2824,SYNTHETIC_DEMO
SUP00611,PROD00277,SUPPLIER_PROVIDES_PRODUCT,0.1125,SYNTHETIC_DEMO
SUP00612,PROD00284,SUPPLIER_PROVIDES_PRODUCT,0.2021,SYNTHETIC_DEMO
SUP00613,PROD00291,SUPPLIER_PROVIDES_PRODUCT,0.0232,SYNTHETIC_DEMO
SUP00614,PROD00298,SUPPLIER_PROVIDES_PRODUCT,0.0373,SYNTHETIC_DEMO
SUP00615,PROD00305,SUPPLIER_PROVIDES_PRODUCT,0.252,SYNTHETIC_DEMO
SUP00616,PROD00312,SUPPLIER_PROVIDES_PRODUCT,0.3888,SYNTHETIC_DEMO
SUP00617,PROD00319,SUPPLIER_PROVIDES_PRODUCT,0.3427,SYNTHETIC_DEMO
SUP00618,PROD00326,SUPPLIER_PROVIDES_PRODUCT,0.0512,SYNTHETIC_DEMO
SUP00619,PROD00333,SUPPLIER_PROVIDES_PRODUCT,0.2814,SYNTHETIC_DEMO
SUP00620,PROD00340,SUPPLIER_PROVIDES_PRODUCT,0.1,SYNTHETIC_DEMO
SUP00621,PROD00347,SUPPLIER_PROVIDES_PRODUCT,0.2198,SYNTHETIC_DEMO
SUP00622,PROD00354,SUPPLIER_PROVIDES_PRODUCT,0.1456,SYNTHETIC_DEMO
SUP00623,PROD00361,SUPPLIER_PROVIDES_PRODUCT,0.3401,SYNTHETIC_DEMO
SUP00624,PROD00368,SUPPLIER_PROVIDES_PRODUCT,0.0769,SYNTHETIC_DEMO
SUP00625,PROD00375,SUPPLIER_PROVIDES_PRODUCT,0.3047,SYNTHETIC_DEMO
SUP00626,PROD00382,SUPPLIER_PROVIDES_PRODUCT,0.0475,SYNTHETIC_DEMO
SUP00627,PROD00389,SUPPLIER_PROVIDES_PRODUCT,0.2224,SYNTHETIC_DEMO
SUP00628,PROD00396,SUPPLIER_PROVIDES_PRODUCT,0.1435,SYNTHETIC_DEMO
SUP00629,PROD00403,SUPPLIER_PROVIDES_PRODUCT,0.1606,SYNTHETIC_DEMO
SUP00630,PROD00410,SUPPLIER_PROVIDES_PRODUCT,0.0938,SYNTHETIC_DEMO
SUP00631,PROD00417,SUPPLIER_PROVIDES_PRODUCT,0.3433,SYNTHETIC_DEMO
SUP00632,PROD00424,SUPPLIER_PROVIDES_PRODUCT,0.3963,SYNTHETIC_DEMO
SUP00633,PROD00431,SUPPLIER_PROVIDES_PRODUCT,0.1288,SYNTHETIC_DEMO
SUP00634,PROD00438,SUPPLIER_PROVIDES_PRODUCT,0.1905,SYNTHETIC_DEMO
SUP00635,PROD00445,SUPPLIER_PROVIDES_PRODUCT,0.0691,SYNTHETIC_DEMO
SUP00636,PROD00452,SUPPLIER_PROVIDES_PRODUCT,0.2359,SYNTHETIC_DEMO
SUP00637,PROD00459,SUPPLIER_PROVIDES_PRODUCT,0.1321,SYNTHETIC_DEMO
SUP00638,PROD00466,SUPPLIER_PROVIDES_PRODUCT,0.2536,SYNTHETIC_DEMO
SUP00639,PROD00473,SUPPLIER_PROVIDES_PRODUCT,0.2693,SYNTHETIC_DEMO
SUP00640,PROD00480,SUPPLIER_PROVIDES_PRODUCT,0.174,SYNTHETIC_DEMO
SUP00641,PROD00487,SUPPLIER_PROVIDES_PRODUCT,0.0893,SYNTHETIC_DEMO
SUP00642,PROD00494,SUPPLIER_PROVIDES_PRODUCT,0.1277,SYNTHETIC_DEMO
SUP00643,PROD00501,SUPPLIER_PROVIDES_PRODUCT,0.1774,SYNTHETIC_DEMO
SUP00644,PROD00508,SUPPLIER_PROVIDES_PRODUCT,0.3698,SYNTHETIC_DEMO
SUP00645,PROD00515,SUPPLIER_PROVIDES_PRODUCT,0.0479,SYNTHETIC_DEMO
SUP00646,PROD00522,SUPPLIER_PROVIDES_PRODUCT,0.2436,SYNTHETIC_DEMO
SUP00647,PROD00529,SUPPLIER_PROVIDES_PRODUCT,0.2126,SYNTHETIC_DEMO
SUP00648,PROD00536,SUPPLIER_PROVIDES_PRODUCT,0.2898,SYNTHETIC_DEMO
SUP00649,PROD00543,SUPPLIER_PROVIDES_PRODUCT,0.2305,SYNTHETIC_DEMO
SUP00650,PROD00550,SUPPLIER_PROVIDES_PRODUCT,0.1988,SYNTHETIC_DEMO
SUP00651,PROD00557,SUPPLIER_PROVIDES_PRODUCT,0.0993,SYNTHETIC_DEMO
SUP00652,PROD00564,SUPPLIER_PROVIDES_PRODUCT,0.3138,SYNTHETIC_DEMO
SUP00653,PROD00571,SUPPLIER_PROVIDES_PRODUCT,0.1253,SYNTHETIC_DEMO
SUP00654,PROD00578,SUPPLIER_PROVIDES_PRODUCT,0.3735,SYNTHETIC_DEMO
SUP00655,PROD00585,SUPPLIER_PROVIDES_PRODUCT,0.3254,SYNTHETIC_DEMO
SUP00656,PROD00592,SUPPLIER_PROVIDES_PRODUCT,0.2365,SYNTHETIC_DEMO
SUP00657,PROD00599,SUPPLIER_PROVIDES_PRODUCT,0.134,SYNTHETIC_DEMO
SUP00658,PROD00606,SUPPLIER_PROVIDES_PRODUCT,0.1754,SYNTHETIC_DEMO
SUP00659,PROD00613,SUPPLIER_PROVIDES_PRODUCT,0.1807,SYNTHETIC_DEMO
SUP00660,PROD00620,SUPPLIER_PROVIDES_PRODUCT,0.1863,SYNTHETIC_DEMO
SUP00661,PROD00627,SUPPLIER_PROVIDES_PRODUCT,0.3439,SYNTHETIC_DEMO
SUP00662,PROD00634,SUPPLIER_PROVIDES_PRODUCT,0.2931,SYNTHETIC_DEMO
SUP00663,PROD00641,SUPPLIER_PROVIDES_PRODUCT,0.068,SYNTHETIC_DEMO
SUP00664,PROD00648,SUPPLIER_PROVIDES_PRODUCT,0.0969,SYNTHETIC_DEMO
SUP00665,PROD00655,SUPPLIER_PROVIDES_PRODUCT,0.2958,SYNTHETIC_DEMO
SUP00666,PROD00662,SUPPLIER_PROVIDES_PRODUCT,0.3737,SYNTHETIC_DEMO
SUP00667,PROD00669,SUPPLIER_PROVIDES_PRODUCT,0.1532,SYNTHETIC_DEMO
SUP00668,PROD00676,SUPPLIER_PROVIDES_PRODUCT,0.1928,SYNTHETIC_DEMO
SUP00669,PROD00683,SUPPLIER_PROVIDES_PRODUCT,0.1531,SYNTHETIC_DEMO
SUP00670,PROD00690,SUPPLIER_PROVIDES_PRODUCT,0.0771,SYNTHETIC_DEMO
SUP00671,PROD00697,SUPPLIER_PROVIDES_PRODUCT,0.1592,SYNTHETIC_DEMO
SUP00672,PROD00704,SUPPLIER_PROVIDES_PRODUCT,0.289,SYNTHETIC_DEMO
SUP00673,PROD00711,SUPPLIER_PROVIDES_PRODUCT,0.222,SYNTHETIC_DEMO
SUP00674,PROD00718,SUPPLIER_PROVIDES_PRODUCT,0.0232,SYNTHETIC_DEMO
SUP00675,PROD00725,SUPPLIER_PROVIDES_PRODUCT,0.1699,SYNTHETIC_DEMO
SUP00676,PROD00732,SUPPLIER_PROVIDES_PRODUCT,0.2374,SYNTHETIC_DEMO
SUP00677,PROD00739,SUPPLIER_PROVIDES_PRODUCT,0.1465,SYNTHETIC_DEMO
SUP00678,PROD00746,SUPPLIER_PROVIDES_PRODUCT,0.2987,SYNTHETIC_DEMO
SUP00679,PROD00753,SUPPLIER_PROVIDES_PRODUCT,0.3652,SYNTHETIC_DEMO
SUP00680,PROD00760,SUPPLIER_PROVIDES_PRODUCT,0.0641,SYNTHETIC_DEMO
SUP00681,PROD00767,SUPPLIER_PROVIDES_PRODUCT,0.268,SYNTHETIC_DEMO
SUP00682,PROD00774,SUPPLIER_PROVIDES_PRODUCT,0.0721,SYNTHETIC_DEMO
SUP00683,PROD00781,SUPPLIER_PROVIDES_PRODUCT,0.0135,SYNTHETIC_DEMO
SUP00684,PROD00788,SUPPLIER_PROVIDES_PRODUCT,0.0678,SYNTHETIC_DEMO
SUP00685,PROD00795,SUPPLIER_PROVIDES_PRODUCT,0.1574,SYNTHETIC_DEMO
SUP00686,PROD00802,SUPPLIER_PROVIDES_PRODUCT,0.046,SYNTHETIC_DEMO
SUP00687,PROD00809,SUPPLIER_PROVIDES_PRODUCT,0.1349,SYNTHETIC_DEMO
SUP00688,PROD00816,SUPPLIER_PROVIDES_PRODUCT,0.058,SYNTHETIC_DEMO
SUP00689,PROD00823,SUPPLIER_PROVIDES_PRODUCT,0.1889,SYNTHETIC_DEMO
SUP00690,PROD00830,SUPPLIER_PROVIDES_PRODUCT,0.0786,SYNTHETIC_DEMO
SUP00691,PROD00837,SUPPLIER_PROVIDES_PRODUCT,0.3305,SYNTHETIC_DEMO
SUP00692,PROD00844,SUPPLIER_PROVIDES_PRODUCT,0.3047,SYNTHETIC_DEMO
SUP00693,PROD00851,SUPPLIER_PROVIDES_PRODUCT,0.0589,SYNTHETIC_DEMO
SUP00694,PROD00858,SUPPLIER_PROVIDES_PRODUCT,0.103,SYNTHETIC_DEMO
SUP00695,PROD00865,SUPPLIER_PROVIDES_PRODUCT,0.0149,SYNTHETIC_DEMO
SUP00696,PROD00872,SUPPLIER_PROVIDES_PRODUCT,0.1774,SYNTHETIC_DEMO
SUP00697,PROD00879,SUPPLIER_PROVIDES_PRODUCT,0.1349,SYNTHETIC_DEMO
SUP00698,PROD00886,SUPPLIER_PROVIDES_PRODUCT,0.1132,SYNTHETIC_DEMO
SUP00699,PROD00893,SUPPLIER_PROVIDES_PRODUCT,0.0724,SYNTHETIC_DEMO
SUP00700,PROD00900,SUPPLIER_PROVIDES_PRODUCT,0.3047,SYNTHETIC_DEMO
SUP00701,PROD00907,SUPPLIER_PROVIDES_PRODUCT,0.2644,SYNTHETIC_DEMO
SUP00702,PROD00914,SUPPLIER_PROVIDES_PRODUCT,0.1425,SYNTHETIC_DEMO
SUP00703,PROD00921,SUPPLIER_PROVIDES_PRODUCT,0.1896,SYNTHETIC_DEMO
SUP00704,PROD00928,SUPPLIER_PROVIDES_PRODUCT,0.0276,SYNTHETIC_DEMO
SUP00705,PROD00935,SUPPLIER_PROVIDES_PRODUCT,0.1775,SYNTHETIC_DEMO
SUP00706,PROD00942,SUPPLIER_PROVIDES_PRODUCT,0.3788,SYNTHETIC_DEMO
SUP00707,PROD00949,SUPPLIER_PROVIDES_PRODUCT,0.0734,SYNTHETIC_DEMO
SUP00708,PROD00956,SUPPLIER_PROVIDES_PRODUCT,0.1132,SYNTHETIC_DEMO
SUP00709,PROD00963,SUPPLIER_PROVIDES_PRODUCT,0.2641,SYNTHETIC_DEMO
SUP00710,PROD00970,SUPPLIER_PROVIDES_PRODUCT,0.0302,SYNTHETIC_DEMO
SUP00711,PROD00977,SUPPLIER_PROVIDES_PRODUCT,0.2621,SYNTHETIC_DEMO
SUP00712,PROD00984,SUPPLIER_PROVIDES_PRODUCT,0.3447,SYNTHETIC_DEMO
SUP00713,PROD00991,SUPPLIER_PROVIDES_PRODUCT,0.1886,SYNTHETIC_DEMO
SUP00714,PROD00998,SUPPLIER_PROVIDES_PRODUCT,0.3223,SYNTHETIC_DEMO
SUP00715,PROD00005,SUPPLIER_PROVIDES_PRODUCT,0.0432,SYNTHETIC_DEMO
SUP00716,PROD00012,SUPPLIER_PROVIDES_PRODUCT,0.2954,SYNTHETIC_DEMO
SUP00717,PROD00019,SUPPLIER_PROVIDES_PRODUCT,0.237,SYNTHETIC_DEMO
SUP00718,PROD00026,SUPPLIER_PROVIDES_PRODUCT,0.0874,SYNTHETIC_DEMO
SUP00719,PROD00033,SUPPLIER_PROVIDES_PRODUCT,0.2044,SYNTHETIC_DEMO
SUP00720,PROD00040,SUPPLIER_PROVIDES_PRODUCT,0.3773,SYNTHETIC_DEMO
SUP00721,PROD00047,SUPPLIER_PROVIDES_PRODUCT,0.1677,SYNTHETIC_DEMO
SUP00722,PROD00054,SUPPLIER_PROVIDES_PRODUCT,0.2761,SYNTHETIC_DEMO
SUP00723,PROD00061,SUPPLIER_PROVIDES_PRODUCT,0.0242,SYNTHETIC_DEMO
SUP00724,PROD00068,SUPPLIER_PROVIDES_PRODUCT,0.0392,SYNTHETIC_DEMO
SUP00725,PROD00075,SUPPLIER_PROVIDES_PRODUCT,0.2987,SYNTHETIC_DEMO
SUP00726,PROD00082,SUPPLIER_PROVIDES_PRODUCT,0.0753,SYNTHETIC_DEMO
SUP00727,PROD00089,SUPPLIER_PROVIDES_PRODUCT,0.0722,SYNTHETIC_DEMO
SUP00728,PROD00096,SUPPLIER_PROVIDES_PRODUCT,0.2492,SYNTHETIC_DEMO
SUP00729,PROD00103,SUPPLIER_PROVIDES_PRODUCT,0.215,SYNTHETIC_DEMO
SUP00730,PROD00110,SUPPLIER_PROVIDES_PRODUCT,0.286,SYNTHETIC_DEMO
SUP00731,PROD00117,SUPPLIER_PROVIDES_PRODUCT,0.2828,SYNTHETIC_DEMO
SUP00732,PROD00124,SUPPLIER_PROVIDES_PRODUCT,0.2555,SYNTHETIC_DEMO
SUP00733,PROD00131,SUPPLIER_PROVIDES_PRODUCT,0.3147,SYNTHETIC_DEMO
SUP00734,PROD00138,SUPPLIER_PROVIDES_PRODUCT,0.1409,SYNTHETIC_DEMO
SUP00735,PROD00145,SUPPLIER_PROVIDES_PRODUCT,0.2805,SYNTHETIC_DEMO
SUP00736,PROD00152,SUPPLIER_PROVIDES_PRODUCT,0.3164,SYNTHETIC_DEMO
SUP00737,PROD00159,SUPPLIER_PROVIDES_PRODUCT,0.2972,SYNTHETIC_DEMO
SUP00738,PROD00166,SUPPLIER_PROVIDES_PRODUCT,0.3695,SYNTHETIC_DEMO
SUP00739,PROD00173,SUPPLIER_PROVIDES_PRODUCT,0.3178,SYNTHETIC_DEMO
SUP00740,PROD00180,SUPPLIER_PROVIDES_PRODUCT,0.037,SYNTHETIC_DEMO
SUP00741,PROD00187,SUPPLIER_PROVIDES_PRODUCT,0.0309,SYNTHETIC_DEMO
SUP00742,PROD00194,SUPPLIER_PROVIDES_PRODUCT,0.3796,SYNTHETIC_DEMO
SUP00743,PROD00201,SUPPLIER_PROVIDES_PRODUCT,0.32,SYNTHETIC_DEMO
SUP00744,PROD00208,SUPPLIER_PROVIDES_PRODUCT,0.2685,SYNTHETIC_DEMO
SUP00745,PROD00215,SUPPLIER_PROVIDES_PRODUCT,0.2824,SYNTHETIC_DEMO
SUP00746,PROD00222,SUPPLIER_PROVIDES_PRODUCT,0.12,SYNTHETIC_DEMO
SUP00747,PROD00229,SUPPLIER_PROVIDES_PRODUCT,0.0868,SYNTHETIC_DEMO
SUP00748,PROD00236,SUPPLIER_PROVIDES_PRODUCT,0.2791,SYNTHETIC_DEMO
SUP00749,PROD00243,SUPPLIER_PROVIDES_PRODUCT,0.3104,SYNTHETIC_DEMO
SUP00750,PROD00250,SUPPLIER_PROVIDES_PRODUCT,0.3113,SYNTHETIC_DEMO
SUP00751,PROD00257,SUPPLIER_PROVIDES_PRODUCT,0.296,SYNTHETIC_DEMO
SUP00752,PROD00264,SUPPLIER_PROVIDES_PRODUCT,0.3412,SYNTHETIC_DEMO
SUP00753,PROD00271,SUPPLIER_PROVIDES_PRODUCT,0.3913,SYNTHETIC_DEMO
SUP00754,PROD00278,SUPPLIER_PROVIDES_PRODUCT,0.1696,SYNTHETIC_DEMO
SUP00755,PROD00285,SUPPLIER_PROVIDES_PRODUCT,0.1547,SYNTHETIC_DEMO
SUP00756,PROD00292,SUPPLIER_PROVIDES_PRODUCT,0.0723,SYNTHETIC_DEMO
SUP00757,PROD00299,SUPPLIER_PROVIDES_PRODUCT,0.1011,SYNTHETIC_DEMO
SUP00758,PROD00306,SUPPLIER_PROVIDES_PRODUCT,0.0551,SYNTHETIC_DEMO
SUP00759,PROD00313,SUPPLIER_PROVIDES_PRODUCT,0.3966,SYNTHETIC_DEMO
SUP00760,PROD00320,SUPPLIER_PROVIDES_PRODUCT,0.3316,SYNTHETIC_DEMO
SUP00761,PROD00327,SUPPLIER_PROVIDES_PRODUCT,0.0148,SYNTHETIC_DEMO
SUP00762,PROD00334,SUPPLIER_PROVIDES_PRODUCT,0.1524,SYNTHETIC_DEMO
SUP00763,PROD00341,SUPPLIER_PROVIDES_PRODUCT,0.1401,SYNTHETIC_DEMO
SUP00764,PROD00348,SUPPLIER_PROVIDES_PRODUCT,0.3887,SYNTHETIC_DEMO
SUP00765,PROD00355,SUPPLIER_PROVIDES_PRODUCT,0.1562,SYNTHETIC_DEMO
SUP00766,PROD00362,SUPPLIER_PROVIDES_PRODUCT,0.0829,SYNTHETIC_DEMO
SUP00767,PROD00369,SUPPLIER_PROVIDES_PRODUCT,0.1816,SYNTHETIC_DEMO
SUP00768,PROD00376,SUPPLIER_PROVIDES_PRODUCT,0.247,SYNTHETIC_DEMO
SUP00769,PROD00383,SUPPLIER_PROVIDES_PRODUCT,0.2416,SYNTHETIC_DEMO
SUP00770,PROD00390,SUPPLIER_PROVIDES_PRODUCT,0.2273,SYNTHETIC_DEMO
SUP00771,PROD00397,SUPPLIER_PROVIDES_PRODUCT,0.0932,SYNTHETIC_DEMO
SUP00772,PROD00404,SUPPLIER_PROVIDES_PRODUCT,0.0368,SYNTHETIC_DEMO
SUP00773,PROD00411,SUPPLIER_PROVIDES_PRODUCT,0.0696,SYNTHETIC_DEMO
SUP00774,PROD00418,SUPPLIER_PROVIDES_PRODUCT,0.1755,SYNTHETIC_DEMO
SUP00775,PROD00425,SUPPLIER_PROVIDES_PRODUCT,0.1866,SYNTHETIC_DEMO
SUP00776,PROD00432,SUPPLIER_PROVIDES_PRODUCT,0.3343,SYNTHETIC_DEMO
SUP00777,PROD00439,SUPPLIER_PROVIDES_PRODUCT,0.3852,SYNTHETIC_DEMO
SUP00778,PROD00446,SUPPLIER_PROVIDES_PRODUCT,0.2063,SYNTHETIC_DEMO
SUP00779,PROD00453,SUPPLIER_PROVIDES_PRODUCT,0.3055,SYNTHETIC_DEMO
SUP00780,PROD00460,SUPPLIER_PROVIDES_PRODUCT,0.0661,SYNTHETIC_DEMO
SUP00781,PROD00467,SUPPLIER_PROVIDES_PRODUCT,0.1458,SYNTHETIC_DEMO
SUP00782,PROD00474,SUPPLIER_PROVIDES_PRODUCT,0.2454,SYNTHETIC_DEMO
SUP00783,PROD00481,SUPPLIER_PROVIDES_PRODUCT,0.1794,SYNTHETIC_DEMO
SUP00784,PROD00488,SUPPLIER_PROVIDES_PRODUCT,0.3761,SYNTHETIC_DEMO
SUP00785,PROD00495,SUPPLIER_PROVIDES_PRODUCT,0.1277,SYNTHETIC_DEMO
SUP00786,PROD00502,SUPPLIER_PROVIDES_PRODUCT,0.1392,SYNTHETIC_DEMO
SUP00787,PROD00509,SUPPLIER_PROVIDES_PRODUCT,0.0688,SYNTHETIC_DEMO
SUP00788,PROD00516,SUPPLIER_PROVIDES_PRODUCT,0.131,SYNTHETIC_DEMO
SUP00789,PROD00523,SUPPLIER_PROVIDES_PRODUCT,0.3852,SYNTHETIC_DEMO
SUP00790,PROD00530,SUPPLIER_PROVIDES_PRODUCT,0.2109,SYNTHETIC_DEMO
SUP00791,PROD00537,SUPPLIER_PROVIDES_PRODUCT,0.2809,SYNTHETIC_DEMO
SUP00792,PROD00544,SUPPLIER_PROVIDES_PRODUCT,0.3908,SYNTHETIC_DEMO
SUP00793,PROD00551,SUPPLIER_PROVIDES_PRODUCT,0.0747,SYNTHETIC_DEMO
SUP00794,PROD00558,SUPPLIER_PROVIDES_PRODUCT,0.2004,SYNTHETIC_DEMO
SUP00795,PROD00565,SUPPLIER_PROVIDES_PRODUCT,0.2925,SYNTHETIC_DEMO
SUP00796,PROD00572,SUPPLIER_PROVIDES_PRODUCT,0.0196,SYNTHETIC_DEMO
SUP00797,PROD00579,SUPPLIER_PROVIDES_PRODUCT,0.1588,SYNTHETIC_DEMO
SUP00798,PROD00586,SUPPLIER_PROVIDES_PRODUCT,0.2587,SYNTHETIC_DEMO
SUP00799,PROD00593,SUPPLIER_PROVIDES_PRODUCT,0.0736,SYNTHETIC_DEMO
SUP00800,PROD00600,SUPPLIER_PROVIDES_PRODUCT,0.0901,SYNTHETIC_DEMO
SUP00801,PROD00607,SUPPLIER_PROVIDES_PRODUCT,0.2562,SYNTHETIC_DEMO
SUP00802,PROD00614,SUPPLIER_PROVIDES_PRODUCT,0.2041,SYNTHETIC_DEMO
SUP00803,PROD00621,SUPPLIER_PROVIDES_PRODUCT,0.0279,SYNTHETIC_DEMO
SUP00804,PROD00628,SUPPLIER_PROVIDES_PRODUCT,0.088,SYNTHETIC_DEMO
SUP00805,PROD00635,SUPPLIER_PROVIDES_PRODUCT,0.1977,SYNTHETIC_DEMO
SUP00806,PROD00642,SUPPLIER_PROVIDES_PRODUCT,0.2644,SYNTHETIC_DEMO
SUP00807,PROD00649,SUPPLIER_PROVIDES_PRODUCT,0.0965,SYNTHETIC_DEMO
SUP00808,PROD00656,SUPPLIER_PROVIDES_PRODUCT,0.0426,SYNTHETIC_DEMO
SUP00809,PROD00663,SUPPLIER_PROVIDES_PRODUCT,0.0816,SYNTHETIC_DEMO
SUP00810,PROD00670,SUPPLIER_PROVIDES_PRODUCT,0.0243,SYNTHETIC_DEMO
SUP00811,PROD00677,SUPPLIER_PROVIDES_PRODUCT,0.0989,SYNTHETIC_DEMO
SUP00812,PROD00684,SUPPLIER_PROVIDES_PRODUCT,0.2332,SYNTHETIC_DEMO
SUP00813,PROD00691,SUPPLIER_PROVIDES_PRODUCT,0.128,SYNTHETIC_DEMO
SUP00814,PROD00698,SUPPLIER_PROVIDES_PRODUCT,0.3959,SYNTHETIC_DEMO
SUP00815,PROD00705,SUPPLIER_PROVIDES_PRODUCT,0.165,SYNTHETIC_DEMO
SUP00816,PROD00712,SUPPLIER_PROVIDES_PRODUCT,0.337,SYNTHETIC_DEMO
SUP00817,PROD00719,SUPPLIER_PROVIDES_PRODUCT,0.259,SYNTHETIC_DEMO
SUP00818,PROD00726,SUPPLIER_PROVIDES_PRODUCT,0.2632,SYNTHETIC_DEMO
SUP00819,PROD00733,SUPPLIER_PROVIDES_PRODUCT,0.2568,SYNTHETIC_DEMO
SUP00820,PROD00740,SUPPLIER_PROVIDES_PRODUCT,0.0873,SYNTHETIC_DEMO
SUP00821,PROD00747,SUPPLIER_PROVIDES_PRODUCT,0.2691,SYNTHETIC_DEMO
SUP00822,PROD00754,SUPPLIER_PROVIDES_PRODUCT,0.0946,SYNTHETIC_DEMO
SUP00823,PROD00761,SUPPLIER_PROVIDES_PRODUCT,0.241,SYNTHETIC_DEMO
SUP00824,PROD00768,SUPPLIER_PROVIDES_PRODUCT,0.2639,SYNTHETIC_DEMO
SUP00825,PROD00775,SUPPLIER_PROVIDES_PRODUCT,0.2559,SYNTHETIC_DEMO
SUP00826,PROD00782,SUPPLIER_PROVIDES_PRODUCT,0.2695,SYNTHETIC_DEMO
SUP00827,PROD00789,SUPPLIER_PROVIDES_PRODUCT,0.3305,SYNTHETIC_DEMO
SUP00828,PROD00796,SUPPLIER_PROVIDES_PRODUCT,0.2615,SYNTHETIC_DEMO
SUP00829,PROD00803,SUPPLIER_PROVIDES_PRODUCT,0.3257,SYNTHETIC_DEMO
SUP00830,PROD00810,SUPPLIER_PROVIDES_PRODUCT,0.1921,SYNTHETIC_DEMO
SUP00831,PROD00817,SUPPLIER_PROVIDES_PRODUCT,0.1305,SYNTHETIC_DEMO
SUP00832,PROD00824,SUPPLIER_PROVIDES_PRODUCT,0.2076,SYNTHETIC_DEMO
SUP00833,PROD00831,SUPPLIER_PROVIDES_PRODUCT,0.1139,SYNTHETIC_DEMO
SUP00834,PROD00838,SUPPLIER_PROVIDES_PRODUCT,0.3655,SYNTHETIC_DEMO
SUP00835,PROD00845,SUPPLIER_PROVIDES_PRODUCT,0.1459,SYNTHETIC_DEMO
SUP00836,PROD00852,SUPPLIER_PROVIDES_PRODUCT,0.0797,SYNTHETIC_DEMO
SUP00837,PROD00859,SUPPLIER_PROVIDES_PRODUCT,0.063,SYNTHETIC_DEMO
SUP00838,PROD00866,SUPPLIER_PROVIDES_PRODUCT,0.3788,SYNTHETIC_DEMO
SUP00839,PROD00873,SUPPLIER_PROVIDES_PRODUCT,0.1211,SYNTHETIC_DEMO
SUP00840,PROD00880,SUPPLIER_PROVIDES_PRODUCT,0.0504,SYNTHETIC_DEMO
SUP00841,PROD00887,SUPPLIER_PROVIDES_PRODUCT,0.1119,SYNTHETIC_DEMO
SUP00842,PROD00894,SUPPLIER_PROVIDES_PRODUCT,0.3719,SYNTHETIC_DEMO
SUP00843,PROD00901,SUPPLIER_PROVIDES_PRODUCT,0.237,SYNTHETIC_DEMO
SUP00844,PROD00908,SUPPLIER_PROVIDES_PRODUCT,0.3466,SYNTHETIC_DEMO
SUP00845,PROD00915,SUPPLIER_PROVIDES_PRODUCT,0.2723,SYNTHETIC_DEMO
SUP00846,PROD00922,SUPPLIER_PROVIDES_PRODUCT,0.1963,SYNTHETIC_DEMO
SUP00847,PROD00929,SUPPLIER_PROVIDES_PRODUCT,0.3899,SYNTHETIC_DEMO
SUP00848,PROD00936,SUPPLIER_PROVIDES_PRODUCT,0.2787,SYNTHETIC_DEMO
SUP00849,PROD00943,SUPPLIER_PROVIDES_PRODUCT,0.2039,SYNTHETIC_DEMO
SUP00850,PROD00950,SUPPLIER_PROVIDES_PRODUCT,0.2616,SYNTHETIC_DEMO
SUP00851,PROD00957,SUPPLIER_PROVIDES_PRODUCT,0.1325,SYNTHETIC_DEMO
SUP00852,PROD00964,SUPPLIER_PROVIDES_PRODUCT,0.0588,SYNTHETIC_DEMO
SUP00853,PROD00971,SUPPLIER_PROVIDES_PRODUCT,0.0572,SYNTHETIC_DEMO
SUP00854,PROD00978,SUPPLIER_PROVIDES_PRODUCT,0.2354,SYNTHETIC_DEMO
SUP00855,PROD00985,SUPPLIER_PROVIDES_PRODUCT,0.3935,SYNTHETIC_DEMO
SUP00856,PROD00992,SUPPLIER_PROVIDES_PRODUCT,0.1499,SYNTHETIC_DEMO
SUP00857,PROD00999,SUPPLIER_PROVIDES_PRODUCT,0.1992,SYNTHETIC_DEMO
SUP00858,PROD00006,SUPPLIER_PROVIDES_PRODUCT,0.3959,SYNTHETIC_DEMO
SUP00859,PROD00013,SUPPLIER_PROVIDES_PRODUCT,0.2747,SYNTHETIC_DEMO
SUP00860,PROD00020,SUPPLIER_PROVIDES_PRODUCT,0.2876,SYNTHETIC_DEMO
SUP00861,PROD00027,SUPPLIER_PROVIDES_PRODUCT,0.0452,SYNTHETIC_DEMO
SUP00862,PROD00034,SUPPLIER_PROVIDES_PRODUCT,0.2172,SYNTHETIC_DEMO
SUP00863,PROD00041,SUPPLIER_PROVIDES_PRODUCT,0.052,SYNTHETIC_DEMO
SUP00864,PROD00048,SUPPLIER_PROVIDES_PRODUCT,0.2637,SYNTHETIC_DEMO
SUP00865,PROD00055,SUPPLIER_PROVIDES_PRODUCT,0.3796,SYNTHETIC_DEMO
SUP00866,PROD00062,SUPPLIER_PROVIDES_PRODUCT,0.0129,SYNTHETIC_DEMO
SUP00867,PROD00069,SUPPLIER_PROVIDES_PRODUCT,0.0843,SYNTHETIC_DEMO
SUP00868,PROD00076,SUPPLIER_PROVIDES_PRODUCT,0.0689,SYNTHETIC_DEMO
SUP00869,PROD00083,SUPPLIER_PROVIDES_PRODUCT,0.2929,SYNTHETIC_DEMO
SUP00870,PROD00090,SUPPLIER_PROVIDES_PRODUCT,0.2146,SYNTHETIC_DEMO
SUP00871,PROD00097,SUPPLIER_PROVIDES_PRODUCT,0.3574,SYNTHETIC_DEMO
SUP00872,PROD00104,SUPPLIER_PROVIDES_PRODUCT,0.0722,SYNTHETIC_DEMO
SUP00873,PROD00111,SUPPLIER_PROVIDES_PRODUCT,0.2517,SYNTHETIC_DEMO
SUP00874,PROD00118,SUPPLIER_PROVIDES_PRODUCT,0.24,SYNTHETIC_DEMO
SUP00875,PROD00125,SUPPLIER_PROVIDES_PRODUCT,0.1883,SYNTHETIC_DEMO
SUP00876,PROD00132,SUPPLIER_PROVIDES_PRODUCT,0.3505,SYNTHETIC_DEMO
SUP00877,PROD00139,SUPPLIER_PROVIDES_PRODUCT,0.2027,SYNTHETIC_DEMO
SUP00878,PROD00146,SUPPLIER_PROVIDES_PRODUCT,0.2381,SYNTHETIC_DEMO
SUP00879,PROD00153,SUPPLIER_PROVIDES_PRODUCT,0.3577,SYNTHETIC_DEMO
SUP00880,PROD00160,SUPPLIER_PROVIDES_PRODUCT,0.3951,SYNTHETIC_DEMO
SUP00881,PROD00167,SUPPLIER_PROVIDES_PRODUCT,0.1618,SYNTHETIC_DEMO
SUP00882,PROD00174,SUPPLIER_PROVIDES_PRODUCT,0.3639,SYNTHETIC_DEMO
SUP00883,PROD00181,SUPPLIER_PROVIDES_PRODUCT,0.1254,SYNTHETIC_DEMO
SUP00884,PROD00188,SUPPLIER_PROVIDES_PRODUCT,0.2702,SYNTHETIC_DEMO
SUP00885,PROD00195,SUPPLIER_PROVIDES_PRODUCT,0.1917,SYNTHETIC_DEMO
SUP00886,PROD00202,SUPPLIER_PROVIDES_PRODUCT,0.1464,SYNTHETIC_DEMO
SUP00887,PROD00209,SUPPLIER_PROVIDES_PRODUCT,0.2027,SYNTHETIC_DEMO
SUP00888,PROD00216,SUPPLIER_PROVIDES_PRODUCT,0.2566,SYNTHETIC_DEMO
SUP00889,PROD00223,SUPPLIER_PROVIDES_PRODUCT,0.103,SYNTHETIC_DEMO
SUP00890,PROD00230,SUPPLIER_PROVIDES_PRODUCT,0.1902,SYNTHETIC_DEMO
SUP00891,PROD00237,SUPPLIER_PROVIDES_PRODUCT,0.1757,SYNTHETIC_DEMO
SUP00892,PROD00244,SUPPLIER_PROVIDES_PRODUCT,0.2139,SYNTHETIC_DEMO
SUP00893,PROD00251,SUPPLIER_PROVIDES_PRODUCT,0.0306,SYNTHETIC_DEMO
SUP00894,PROD00258,SUPPLIER_PROVIDES_PRODUCT,0.2074,SYNTHETIC_DEMO
SUP00895,PROD00265,SUPPLIER_PROVIDES_PRODUCT,0.3494,SYNTHETIC_DEMO
SUP00896,PROD00272,SUPPLIER_PROVIDES_PRODUCT,0.0337,SYNTHETIC_DEMO
SUP00897,PROD00279,SUPPLIER_PROVIDES_PRODUCT,0.0159,SYNTHETIC_DEMO
SUP00898,PROD00286,SUPPLIER_PROVIDES_PRODUCT,0.3226,SYNTHETIC_DEMO
SUP00899,PROD00293,SUPPLIER_PROVIDES_PRODUCT,0.0642,SYNTHETIC_DEMO
SUP00900,PROD00300,SUPPLIER_PROVIDES_PRODUCT,0.275,SYNTHETIC_DEMO
SUP00901,PROD00307,SUPPLIER_PROVIDES_PRODUCT,0.2678,SYNTHETIC_DEMO
SUP00902,PROD00314,SUPPLIER_PROVIDES_PRODUCT,0.0808,SYNTHETIC_DEMO
SUP00903,PROD00321,SUPPLIER_PROVIDES_PRODUCT,0.0706,SYNTHETIC_DEMO
SUP00904,PROD00328,SUPPLIER_PROVIDES_PRODUCT,0.216,SYNTHETIC_DEMO
SUP00905,PROD00335,SUPPLIER_PROVIDES_PRODUCT,0.2863,SYNTHETIC_DEMO
SUP00906,PROD00342,SUPPLIER_PROVIDES_PRODUCT,0.3184,SYNTHETIC_DEMO
SUP00907,PROD00349,SUPPLIER_PROVIDES_PRODUCT,0.3824,SYNTHETIC_DEMO
SUP00908,PROD00356,SUPPLIER_PROVIDES_PRODUCT,0.3109,SYNTHETIC_DEMO
SUP00909,PROD00363,SUPPLIER_PROVIDES_PRODUCT,0.2991,SYNTHETIC_DEMO
SUP00910,PROD00370,SUPPLIER_PROVIDES_PRODUCT,0.0974,SYNTHETIC_DEMO
SUP00911,PROD00377,SUPPLIER_PROVIDES_PRODUCT,0.0296,SYNTHETIC_DEMO
SUP00912,PROD00384,SUPPLIER_PROVIDES_PRODUCT,0.1037,SYNTHETIC_DEMO
SUP00913,PROD00391,SUPPLIER_PROVIDES_PRODUCT,0.2084,SYNTHETIC_DEMO
SUP00914,PROD00398,SUPPLIER_PROVIDES_PRODUCT,0.1959,SYNTHETIC_DEMO
SUP00915,PROD00405,SUPPLIER_PROVIDES_PRODUCT,0.2387,SYNTHETIC_DEMO
SUP00916,PROD00412,SUPPLIER_PROVIDES_PRODUCT,0.0781,SYNTHETIC_DEMO
SUP00917,PROD00419,SUPPLIER_PROVIDES_PRODUCT,0.032,SYNTHETIC_DEMO
SUP00918,PROD00426,SUPPLIER_PROVIDES_PRODUCT,0.1621,SYNTHETIC_DEMO
SUP00919,PROD00433,SUPPLIER_PROVIDES_PRODUCT,0.3561,SYNTHETIC_DEMO
SUP00920,PROD00440,SUPPLIER_PROVIDES_PRODUCT,0.1742,SYNTHETIC_DEMO
SUP00921,PROD00447,SUPPLIER_PROVIDES_PRODUCT,0.0772,SYNTHETIC_DEMO
SUP00922,PROD00454,SUPPLIER_PROVIDES_PRODUCT,0.0328,SYNTHETIC_DEMO
SUP00923,PROD00461,SUPPLIER_PROVIDES_PRODUCT,0.2923,SYNTHETIC_DEMO
SUP00924,PROD00468,SUPPLIER_PROVIDES_PRODUCT,0.1502,SYNTHETIC_DEMO
SUP00925,PROD00475,SUPPLIER_PROVIDES_PRODUCT,0.3583,SYNTHETIC_DEMO
SUP00926,PROD00482,SUPPLIER_PROVIDES_PRODUCT,0.2693,SYNTHETIC_DEMO
SUP00927,PROD00489,SUPPLIER_PROVIDES_PRODUCT,0.1742,SYNTHETIC_DEMO
SUP00928,PROD00496,SUPPLIER_PROVIDES_PRODUCT,0.1926,SYNTHETIC_DEMO
SUP00929,PROD00503,SUPPLIER_PROVIDES_PRODUCT,0.3317,SYNTHETIC_DEMO
SUP00930,PROD00510,SUPPLIER_PROVIDES_PRODUCT,0.1266,SYNTHETIC_DEMO
SUP00931,PROD00517,SUPPLIER_PROVIDES_PRODUCT,0.3732,SYNTHETIC_DEMO
SUP00932,PROD00524,SUPPLIER_PROVIDES_PRODUCT,0.2953,SYNTHETIC_DEMO
SUP00933,PROD00531,SUPPLIER_PROVIDES_PRODUCT,0.2387,SYNTHETIC_DEMO
SUP00934,PROD00538,SUPPLIER_PROVIDES_PRODUCT,0.0507,SYNTHETIC_DEMO
SUP00935,PROD00545,SUPPLIER_PROVIDES_PRODUCT,0.2564,SYNTHETIC_DEMO
SUP00936,PROD00552,SUPPLIER_PROVIDES_PRODUCT,0.0138,SYNTHETIC_DEMO
SUP00937,PROD00559,SUPPLIER_PROVIDES_PRODUCT,0.3373,SYNTHETIC_DEMO
SUP00938,PROD00566,SUPPLIER_PROVIDES_PRODUCT,0.0211,SYNTHETIC_DEMO
SUP00939,PROD00573,SUPPLIER_PROVIDES_PRODUCT,0.0806,SYNTHETIC_DEMO
SUP00940,PROD00580,SUPPLIER_PROVIDES_PRODUCT,0.0577,SYNTHETIC_DEMO
SUP00941,PROD00587,SUPPLIER_PROVIDES_PRODUCT,0.3575,SYNTHETIC_DEMO
SUP00942,PROD00594,SUPPLIER_PROVIDES_PRODUCT,0.0239,SYNTHETIC_DEMO
SUP00943,PROD00601,SUPPLIER_PROVIDES_PRODUCT,0.0735,SYNTHETIC_DEMO
SUP00944,PROD00608,SUPPLIER_PROVIDES_PRODUCT,0.3142,SYNTHETIC_DEMO
SUP00945,PROD00615,SUPPLIER_PROVIDES_PRODUCT,0.3019,SYNTHETIC_DEMO
SUP00946,PROD00622,SUPPLIER_PROVIDES_PRODUCT,0.3544,SYNTHETIC_DEMO
SUP00947,PROD00629,SUPPLIER_PROVIDES_PRODUCT,0.3993,SYNTHETIC_DEMO
SUP00948,PROD00636,SUPPLIER_PROVIDES_PRODUCT,0.3539,SYNTHETIC_DEMO
SUP00949,PROD00643,SUPPLIER_PROVIDES_PRODUCT,0.1305,SYNTHETIC_DEMO
SUP00950,PROD00650,SUPPLIER_PROVIDES_PRODUCT,0.2216,SYNTHETIC_DEMO
SUP00951,PROD00657,SUPPLIER_PROVIDES_PRODUCT,0.1514,SYNTHETIC_DEMO
SUP00952,PROD00664,SUPPLIER_PROVIDES_PRODUCT,0.3012,SYNTHETIC_DEMO
SUP00953,PROD00671,SUPPLIER_PROVIDES_PRODUCT,0.1654,SYNTHETIC_DEMO
SUP00954,PROD00678,SUPPLIER_PROVIDES_PRODUCT,0.0584,SYNTHETIC_DEMO
SUP00955,PROD00685,SUPPLIER_PROVIDES_PRODUCT,0.3148,SYNTHETIC_DEMO
SUP00956,PROD00692,SUPPLIER_PROVIDES_PRODUCT,0.3194,SYNTHETIC_DEMO
SUP00957,PROD00699,SUPPLIER_PROVIDES_PRODUCT,0.2868,SYNTHETIC_DEMO
SUP00958,PROD00706,SUPPLIER_PROVIDES_PRODUCT,0.2057,SYNTHETIC_DEMO
SUP00959,PROD00713,SUPPLIER_PROVIDES_PRODUCT,0.2799,SYNTHETIC_DEMO
SUP00960,PROD00720,SUPPLIER_PROVIDES_PRODUCT,0.2337,SYNTHETIC_DEMO
SUP00961,PROD00727,SUPPLIER_PROVIDES_PRODUCT,0.2612,SYNTHETIC_DEMO
SUP00962,PROD00734,SUPPLIER_PROVIDES_PRODUCT,0.3005,SYNTHETIC_DEMO
SUP00963,PROD00741,SUPPLIER_PROVIDES_PRODUCT,0.064,SYNTHETIC_DEMO
SUP00964,PROD00748,SUPPLIER_PROVIDES_PRODUCT,0.1737,SYNTHETIC_DEMO
SUP00965,PROD00755,SUPPLIER_PROVIDES_PRODUCT,0.019,SYNTHETIC_DEMO
SUP00966,PROD00762,SUPPLIER_PROVIDES_PRODUCT,0.088,SYNTHETIC_DEMO
SUP00967,PROD00769,SUPPLIER_PROVIDES_PRODUCT,0.3589,SYNTHETIC_DEMO
SUP00968,PROD00776,SUPPLIER_PROVIDES_PRODUCT,0.396,SYNTHETIC_DEMO
SUP00969,PROD00783,SUPPLIER_PROVIDES_PRODUCT,0.1765,SYNTHETIC_DEMO
SUP00970,PROD00790,SUPPLIER_PROVIDES_PRODUCT,0.0592,SYNTHETIC_DEMO
SUP00971,PROD00797,SUPPLIER_PROVIDES_PRODUCT,0.1114,SYNTHETIC_DEMO
SUP00972,PROD00804,SUPPLIER_PROVIDES_PRODUCT,0.3971,SYNTHETIC_DEMO
SUP00973,PROD00811,SUPPLIER_PROVIDES_PRODUCT,0.2511,SYNTHETIC_DEMO
SUP00974,PROD00818,SUPPLIER_PROVIDES_PRODUCT,0.0547,SYNTHETIC_DEMO
SUP00975,PROD00825,SUPPLIER_PROVIDES_PRODUCT,0.3867,SYNTHETIC_DEMO
SUP00976,PROD00832,SUPPLIER_PROVIDES_PRODUCT,0.2149,SYNTHETIC_DEMO
SUP00977,PROD00839,SUPPLIER_PROVIDES_PRODUCT,0.3647,SYNTHETIC_DEMO
SUP00978,PROD00846,SUPPLIER_PROVIDES_PRODUCT,0.2847,SYNTHETIC_DEMO
SUP00979,PROD00853,SUPPLIER_PROVIDES_PRODUCT,0.364,SYNTHETIC_DEMO
SUP00980,PROD00860,SUPPLIER_PROVIDES_PRODUCT,0.1968,SYNTHETIC_DEMO
SUP00981,PROD00867,SUPPLIER_PROVIDES_PRODUCT,0.3579,SYNTHETIC_DEMO
SUP00982,PROD00874,SUPPLIER_PROVIDES_PRODUCT,0.322,SYNTHETIC_DEMO
SUP00983,PROD00881,SUPPLIER_PROVIDES_PRODUCT,0.0431,SYNTHETIC_DEMO
SUP00984,PROD00888,SUPPLIER_PROVIDES_PRODUCT,0.2911,SYNTHETIC_DEMO
SUP00985,PROD00895,SUPPLIER_PROVIDES_PRODUCT,0.2785,SYNTHETIC_DEMO
SUP00986,PROD00902,SUPPLIER_PROVIDES_PRODUCT,0.1979,SYNTHETIC_DEMO
SUP00987,PROD00909,SUPPLIER_PROVIDES_PRODUCT,0.2041,SYNTHETIC_DEMO
SUP00988,PROD00916,SUPPLIER_PROVIDES_PRODUCT,0.0134,SYNTHETIC_DEMO
SUP00989,PROD00923,SUPPLIER_PROVIDES_PRODUCT,0.3261,SYNTHETIC_DEMO
SUP00990,PROD00930,SUPPLIER_PROVIDES_PRODUCT,0.3874,SYNTHETIC_DEMO
SUP00991,PROD00937,SUPPLIER_PROVIDES_PRODUCT,0.3456,SYNTHETIC_DEMO
SUP00992,PROD00944,SUPPLIER_PROVIDES_PRODUCT,0.2209,SYNTHETIC_DEMO
SUP00993,PROD00951,SUPPLIER_PROVIDES_PRODUCT,0.0594,SYNTHETIC_DEMO
SUP00994,PROD00958,SUPPLIER_PROVIDES_PRODUCT,0.2374,SYNTHETIC_DEMO
SUP00995,PROD00965,SUPPLIER_PROVIDES_PRODUCT,0.0194,SYNTHETIC_DEMO
SUP00996,PROD00972,SUPPLIER_PROVIDES_PRODUCT,0.1359,SYNTHETIC_DEMO
SUP00997,PROD00979,SUPPLIER_PROVIDES_PRODUCT,0.333,SYNTHETIC_DEMO
SUP00998,PROD00986,SUPPLIER_PROVIDES_PRODUCT,0.0602,SYNTHETIC_DEMO
SUP00999,PROD00993,SUPPLIER_PROVIDES_PRODUCT,0.3992,SYNTHETIC_DEMO
SUP01000,PROD01000,SUPPLIER_PROVIDES_PRODUCT,0.3067,SYNTHETIC_DEMO
SUP00001,PROD00007,SUPPLIER_PROVIDES_PRODUCT,0.3826,SYNTHETIC_DEMO
SUP00002,PROD00014,SUPPLIER_PROVIDES_PRODUCT,0.3797,SYNTHETIC_DEMO
SUP00003,PROD00021,SUPPLIER_PROVIDES_PRODUCT,0.1579,SYNTHETIC_DEMO
SUP00004,PROD00028,SUPPLIER_PROVIDES_PRODUCT,0.2444,SYNTHETIC_DEMO
SUP00005,PROD00035,SUPPLIER_PROVIDES_PRODUCT,0.2656,SYNTHETIC_DEMO
SUP00006,PROD00042,SUPPLIER_PROVIDES_PRODUCT,0.0712,SYNTHETIC_DEMO
SUP00007,PROD00049,SUPPLIER_PROVIDES_PRODUCT,0.2982,SYNTHETIC_DEMO
SUP00008,PROD00056,SUPPLIER_PROVIDES_PRODUCT,0.1149,SYNTHETIC_DEMO
SUP00009,PROD00063,SUPPLIER_PROVIDES_PRODUCT,0.2118,SYNTHETIC_DEMO
SUP00010,PROD00070,SUPPLIER_PROVIDES_PRODUCT,0.1379,SYNTHETIC_DEMO
SUP00011,PROD00077,SUPPLIER_PROVIDES_PRODUCT,0.1328,SYNTHETIC_DEMO
SUP00012,PROD00084,SUPPLIER_PROVIDES_PRODUCT,0.2953,SYNTHETIC_DEMO
SUP00013,PROD00091,SUPPLIER_PROVIDES_PRODUCT,0.1249,SYNTHETIC_DEMO
SUP00014,PROD00098,SUPPLIER_PROVIDES_PRODUCT,0.0655,SYNTHETIC_DEMO
SUP00015,PROD00105,SUPPLIER_PROVIDES_PRODUCT,0.2169,SYNTHETIC_DEMO
SUP00016,PROD00112,SUPPLIER_PROVIDES_PRODUCT,0.1139,SYNTHETIC_DEMO
SUP00017,PROD00119,SUPPLIER_PROVIDES_PRODUCT,0.3465,SYNTHETIC_DEMO
SUP00018,PROD00126,SUPPLIER_PROVIDES_PRODUCT,0.2043,SYNTHETIC_DEMO
SUP00019,PROD00133,SUPPLIER_PROVIDES_PRODUCT,0.2475,SYNTHETIC_DEMO
SUP00020,PROD00140,SUPPLIER_PROVIDES_PRODUCT,0.0572,SYNTHETIC_DEMO
SUP00021,PROD00147,SUPPLIER_PROVIDES_PRODUCT,0.3913,SYNTHETIC_DEMO
SUP00022,PROD00154,SUPPLIER_PROVIDES_PRODUCT,0.3114,SYNTHETIC_DEMO
SUP00023,PROD00161,SUPPLIER_PROVIDES_PRODUCT,0.2263,SYNTHETIC_DEMO
SUP00024,PROD00168,SUPPLIER_PROVIDES_PRODUCT,0.1988,SYNTHETIC_DEMO
SUP00025,PROD00175,SUPPLIER_PROVIDES_PRODUCT,0.2198,SYNTHETIC_DEMO
SUP00026,PROD00182,SUPPLIER_PROVIDES_PRODUCT,0.3813,SYNTHETIC_DEMO
SUP00027,PROD00189,SUPPLIER_PROVIDES_PRODUCT,0.349,SYNTHETIC_DEMO
SUP00028,PROD00196,SUPPLIER_PROVIDES_PRODUCT,0.3997,SYNTHETIC_DEMO
SUP00029,PROD00203,SUPPLIER_PROVIDES_PRODUCT,0.1433,SYNTHETIC_DEMO
SUP00030,PROD00210,SUPPLIER_PROVIDES_PRODUCT,0.0811,SYNTHETIC_DEMO
SUP00031,PROD00217,SUPPLIER_PROVIDES_PRODUCT,0.0739,SYNTHETIC_DEMO
SUP00032,PROD00224,SUPPLIER_PROVIDES_PRODUCT,0.314,SYNTHETIC_DEMO
SUP00033,PROD00231,SUPPLIER_PROVIDES_PRODUCT,0.2676,SYNTHETIC_DEMO
SUP00034,PROD00238,SUPPLIER_PROVIDES_PRODUCT,0.0474,SYNTHETIC_DEMO
SUP00035,PROD00245,SUPPLIER_PROVIDES_PRODUCT,0.0696,SYNTHETIC_DEMO
SUP00036,PROD00252,SUPPLIER_PROVIDES_PRODUCT,0.2235,SYNTHETIC_DEMO
SUP00037,PROD00259,SUPPLIER_PROVIDES_PRODUCT,0.2681,SYNTHETIC_DEMO
SUP00038,PROD00266,SUPPLIER_PROVIDES_PRODUCT,0.1535,SYNTHETIC_DEMO
SUP00039,PROD00273,SUPPLIER_PROVIDES_PRODUCT,0.3382,SYNTHETIC_DEMO
SUP00040,PROD00280,SUPPLIER_PROVIDES_PRODUCT,0.3385,SYNTHETIC_DEMO
SUP00041,PROD00287,SUPPLIER_PROVIDES_PRODUCT,0.1146,SYNTHETIC_DEMO
SUP00042,PROD00294,SUPPLIER_PROVIDES_PRODUCT,0.0397,SYNTHETIC_DEMO
SUP00043,PROD00301,SUPPLIER_PROVIDES_PRODUCT,0.0365,SYNTHETIC_DEMO
SUP00044,PROD00308,SUPPLIER_PROVIDES_PRODUCT,0.0835,SYNTHETIC_DEMO
SUP00045,PROD00315,SUPPLIER_PROVIDES_PRODUCT,0.3093,SYNTHETIC_DEMO
SUP00046,PROD00322,SUPPLIER_PROVIDES_PRODUCT,0.3398,SYNTHETIC_DEMO
SUP00047,PROD00329,SUPPLIER_PROVIDES_PRODUCT,0.2148,SYNTHETIC_DEMO
SUP00048,PROD00336,SUPPLIER_PROVIDES_PRODUCT,0.0788,SYNTHETIC_DEMO
SUP00049,PROD00343,SUPPLIER_PROVIDES_PRODUCT,0.076,SYNTHETIC_DEMO
SUP00050,PROD00350,SUPPLIER_PROVIDES_PRODUCT,0.0324,SYNTHETIC_DEMO
SUP00051,PROD00357,SUPPLIER_PROVIDES_PRODUCT,0.3013,SYNTHETIC_DEMO
SUP00052,PROD00364,SUPPLIER_PROVIDES_PRODUCT,0.3653,SYNTHETIC_DEMO
SUP00053,PROD00371,SUPPLIER_PROVIDES_PRODUCT,0.3828,SYNTHETIC_DEMO
SUP00054,PROD00378,SUPPLIER_PROVIDES_PRODUCT,0.1382,SYNTHETIC_DEMO
SUP00055,PROD00385,SUPPLIER_PROVIDES_PRODUCT,0.1416,SYNTHETIC_DEMO
SUP00056,PROD00392,SUPPLIER_PROVIDES_PRODUCT,0.0326,SYNTHETIC_DEMO
SUP00057,PROD00399,SUPPLIER_PROVIDES_PRODUCT,0.2066,SYNTHETIC_DEMO
SUP00058,PROD00406,SUPPLIER_PROVIDES_PRODUCT,0.1408,SYNTHETIC_DEMO
SUP00059,PROD00413,SUPPLIER_PROVIDES_PRODUCT,0.0104,SYNTHETIC_DEMO
SUP00060,PROD00420,SUPPLIER_PROVIDES_PRODUCT,0.076,SYNTHETIC_DEMO
SUP00061,PROD00427,SUPPLIER_PROVIDES_PRODUCT,0.2354,SYNTHETIC_DEMO
SUP00062,PROD00434,SUPPLIER_PROVIDES_PRODUCT,0.1472,SYNTHETIC_DEMO
SUP00063,PROD00441,SUPPLIER_PROVIDES_PRODUCT,0.307,SYNTHETIC_DEMO
SUP00064,PROD00448,SUPPLIER_PROVIDES_PRODUCT,0.1435,SYNTHETIC_DEMO
SUP00065,PROD00455,SUPPLIER_PROVIDES_PRODUCT,0.369,SYNTHETIC_DEMO
SUP00066,PROD00462,SUPPLIER_PROVIDES_PRODUCT,0.0286,SYNTHETIC_DEMO
SUP00067,PROD00469,SUPPLIER_PROVIDES_PRODUCT,0.1958,SYNTHETIC_DEMO
SUP00068,PROD00476,SUPPLIER_PROVIDES_PRODUCT,0.1527,SYNTHETIC_DEMO
SUP00069,PROD00483,SUPPLIER_PROVIDES_PRODUCT,0.2699,SYNTHETIC_DEMO
SUP00070,PROD00490,SUPPLIER_PROVIDES_PRODUCT,0.2883,SYNTHETIC_DEMO
SUP00071,PROD00497,SUPPLIER_PROVIDES_PRODUCT,0.0219,SYNTHETIC_DEMO
SUP00072,PROD00504,SUPPLIER_PROVIDES_PRODUCT,0.0789,SYNTHETIC_DEMO
SUP00073,PROD00511,SUPPLIER_PROVIDES_PRODUCT,0.1477,SYNTHETIC_DEMO
SUP00074,PROD00518,SUPPLIER_PROVIDES_PRODUCT,0.0527,SYNTHETIC_DEMO
SUP00075,PROD00525,SUPPLIER_PROVIDES_PRODUCT,0.0767,SYNTHETIC_DEMO
SUP00076,PROD00532,SUPPLIER_PROVIDES_PRODUCT,0.3517,SYNTHETIC_DEMO
SUP00077,PROD00539,SUPPLIER_PROVIDES_PRODUCT,0.1938,SYNTHETIC_DEMO
SUP00078,PROD00546,SUPPLIER_PROVIDES_PRODUCT,0.3448,SYNTHETIC_DEMO
SUP00079,PROD00553,SUPPLIER_PROVIDES_PRODUCT,0.2559,SYNTHETIC_DEMO
SUP00080,PROD00560,SUPPLIER_PROVIDES_PRODUCT,0.0385,SYNTHETIC_DEMO
SUP00081,PROD00567,SUPPLIER_PROVIDES_PRODUCT,0.1901,SYNTHETIC_DEMO
SUP00082,PROD00574,SUPPLIER_PROVIDES_PRODUCT,0.3664,SYNTHETIC_DEMO
SUP00083,PROD00581,SUPPLIER_PROVIDES_PRODUCT,0.2834,SYNTHETIC_DEMO
SUP00084,PROD00588,SUPPLIER_PROVIDES_PRODUCT,0.0767,SYNTHETIC_DEMO
SUP00085,PROD00595,SUPPLIER_PROVIDES_PRODUCT,0.3597,SYNTHETIC_DEMO
SUP00086,PROD00602,SUPPLIER_PROVIDES_PRODUCT,0.0728,SYNTHETIC_DEMO
SUP00087,PROD00609,SUPPLIER_PROVIDES_PRODUCT,0.2002,SYNTHETIC_DEMO
SUP00088,PROD00616,SUPPLIER_PROVIDES_PRODUCT,0.1239,SYNTHETIC_DEMO
SUP00089,PROD00623,SUPPLIER_PROVIDES_PRODUCT,0.1056,SYNTHETIC_DEMO
SUP00090,PROD00630,SUPPLIER_PROVIDES_PRODUCT,0.0443,SYNTHETIC_DEMO
SUP00091,PROD00637,SUPPLIER_PROVIDES_PRODUCT,0.0487,SYNTHETIC_DEMO
SUP00092,PROD00644,SUPPLIER_PROVIDES_PRODUCT,0.019,SYNTHETIC_DEMO
SUP00093,PROD00651,SUPPLIER_PROVIDES_PRODUCT,0.3277,SYNTHETIC_DEMO
SUP00094,PROD00658,SUPPLIER_PROVIDES_PRODUCT,0.1245,SYNTHETIC_DEMO
SUP00095,PROD00665,SUPPLIER_PROVIDES_PRODUCT,0.1581,SYNTHETIC_DEMO
SUP00096,PROD00672,SUPPLIER_PROVIDES_PRODUCT,0.0633,SYNTHETIC_DEMO
SUP00097,PROD00679,SUPPLIER_PROVIDES_PRODUCT,0.3326,SYNTHETIC_DEMO
SUP00098,PROD00686,SUPPLIER_PROVIDES_PRODUCT,0.1389,SYNTHETIC_DEMO
SUP00099,PROD00693,SUPPLIER_PROVIDES_PRODUCT,0.2071,SYNTHETIC_DEMO
SUP00100,PROD00700,SUPPLIER_PROVIDES_PRODUCT,0.3493,SYNTHETIC_DEMO
SUP00101,PROD00707,SUPPLIER_PROVIDES_PRODUCT,0.2798,SYNTHETIC_DEMO
SUP00102,PROD00714,SUPPLIER_PROVIDES_PRODUCT,0.2765,SYNTHETIC_DEMO
SUP00103,PROD00721,SUPPLIER_PROVIDES_PRODUCT,0.1877,SYNTHETIC_DEMO
SUP00104,PROD00728,SUPPLIER_PROVIDES_PRODUCT,0.1065,SYNTHETIC_DEMO
SUP00105,PROD00735,SUPPLIER_PROVIDES_PRODUCT,0.3724,SYNTHETIC_DEMO
SUP00106,PROD00742,SUPPLIER_PROVIDES_PRODUCT,0.0963,SYNTHETIC_DEMO
SUP00107,PROD00749,SUPPLIER_PROVIDES_PRODUCT,0.2444,SYNTHETIC_DEMO
SUP00108,PROD00756,SUPPLIER_PROVIDES_PRODUCT,0.3932,SYNTHETIC_DEMO
SUP00109,PROD00763,SUPPLIER_PROVIDES_PRODUCT,0.2106,SYNTHETIC_DEMO
SUP00110,PROD00770,SUPPLIER_PROVIDES_PRODUCT,0.3378,SYNTHETIC_DEMO
SUP00111,PROD00777,SUPPLIER_PROVIDES_PRODUCT,0.0568,SYNTHETIC_DEMO
SUP00112,PROD00784,SUPPLIER_PROVIDES_PRODUCT,0.3285,SYNTHETIC_DEMO
SUP00113,PROD00791,SUPPLIER_PROVIDES_PRODUCT,0.2982,SYNTHETIC_DEMO
SUP00114,PROD00798,SUPPLIER_PROVIDES_PRODUCT,0.1192,SYNTHETIC_DEMO
SUP00115,PROD00805,SUPPLIER_PROVIDES_PRODUCT,0.0205,SYNTHETIC_DEMO
SUP00116,PROD00812,SUPPLIER_PROVIDES_PRODUCT,0.3963,SYNTHETIC_DEMO
SUP00117,PROD00819,SUPPLIER_PROVIDES_PRODUCT,0.3481,SYNTHETIC_DEMO
SUP00118,PROD00826,SUPPLIER_PROVIDES_PRODUCT,0.1535,SYNTHETIC_DEMO
SUP00119,PROD00833,SUPPLIER_PROVIDES_PRODUCT,0.1483,SYNTHETIC_DEMO
SUP00120,PROD00840,SUPPLIER_PROVIDES_PRODUCT,0.3698,SYNTHETIC_DEMO
SUP00121,PROD00847,SUPPLIER_PROVIDES_PRODUCT,0.2911,SYNTHETIC_DEMO
SUP00122,PROD00854,SUPPLIER_PROVIDES_PRODUCT,0.261,SYNTHETIC_DEMO
SUP00123,PROD00861,SUPPLIER_PROVIDES_PRODUCT,0.064,SYNTHETIC_DEMO
SUP00124,PROD00868,SUPPLIER_PROVIDES_PRODUCT,0.1588,SYNTHETIC_DEMO
SUP00125,PROD00875,SUPPLIER_PROVIDES_PRODUCT,0.2767,SYNTHETIC_DEMO
SUP00126,PROD00882,SUPPLIER_PROVIDES_PRODUCT,0.0976,SYNTHETIC_DEMO
SUP00127,PROD00889,SUPPLIER_PROVIDES_PRODUCT,0.0505,SYNTHETIC_DEMO
SUP00128,PROD00896,SUPPLIER_PROVIDES_PRODUCT,0.2478,SYNTHETIC_DEMO
SUP00129,PROD00903,SUPPLIER_PROVIDES_PRODUCT,0.3613,SYNTHETIC_DEMO
SUP00130,PROD00910,SUPPLIER_PROVIDES_PRODUCT,0.1869,SYNTHETIC_DEMO
SUP00131,PROD00917,SUPPLIER_PROVIDES_PRODUCT,0.1044,SYNTHETIC_DEMO
SUP00132,PROD00924,SUPPLIER_PROVIDES_PRODUCT,0.2026,SYNTHETIC_DEMO
SUP00133,PROD00931,SUPPLIER_PROVIDES_PRODUCT,0.2421,SYNTHETIC_DEMO
SUP00134,PROD00938,SUPPLIER_PROVIDES_PRODUCT,0.385,SYNTHETIC_DEMO
SUP00135,PROD00945,SUPPLIER_PROVIDES_PRODUCT,0.2078,SYNTHETIC_DEMO
SUP00136,PROD00952,SUPPLIER_PROVIDES_PRODUCT,0.0678,SYNTHETIC_DEMO
SUP00137,PROD00959,SUPPLIER_PROVIDES_PRODUCT,0.2399,SYNTHETIC_DEMO
SUP00138,PROD00966,SUPPLIER_PROVIDES_PRODUCT,0.3837,SYNTHETIC_DEMO
SUP00139,PROD00973,SUPPLIER_PROVIDES_PRODUCT,0.1468,SYNTHETIC_DEMO
SUP00140,PROD00980,SUPPLIER_PROVIDES_PRODUCT,0.0827,SYNTHETIC_DEMO
SUP00141,PROD00987,SUPPLIER_PROVIDES_PRODUCT,0.3366,SYNTHETIC_DEMO
SUP00142,PROD00994,SUPPLIER_PROVIDES_PRODUCT,0.2925,SYNTHETIC_DEMO
SUP00143,PROD00001,SUPPLIER_PROVIDES_PRODUCT,0.2517,SYNTHETIC_DEMO
SUP00144,PROD00008,SUPPLIER_PROVIDES_PRODUCT,0.0438,SYNTHETIC_DEMO
SUP00145,PROD00015,SUPPLIER_PROVIDES_PRODUCT,0.0383,SYNTHETIC_DEMO
SUP00146,PROD00022,SUPPLIER_PROVIDES_PRODUCT,0.0405,SYNTHETIC_DEMO
SUP00147,PROD00029,SUPPLIER_PROVIDES_PRODUCT,0.0878,SYNTHETIC_DEMO
SUP00148,PROD00036,SUPPLIER_PROVIDES_PRODUCT,0.3993,SYNTHETIC_DEMO
SUP00149,PROD00043,SUPPLIER_PROVIDES_PRODUCT,0.2108,SYNTHETIC_DEMO
SUP00150,PROD00050,SUPPLIER_PROVIDES_PRODUCT,0.3782,SYNTHETIC_DEMO
SUP00151,PROD00057,SUPPLIER_PROVIDES_PRODUCT,0.181,SYNTHETIC_DEMO
SUP00152,PROD00064,SUPPLIER_PROVIDES_PRODUCT,0.1676,SYNTHETIC_DEMO
SUP00153,PROD00071,SUPPLIER_PROVIDES_PRODUCT,0.245,SYNTHETIC_DEMO
SUP00154,PROD00078,SUPPLIER_PROVIDES_PRODUCT,0.1347,SYNTHETIC_DEMO
SUP00155,PROD00085,SUPPLIER_PROVIDES_PRODUCT,0.0486,SYNTHETIC_DEMO
SUP00156,PROD00092,SUPPLIER_PROVIDES_PRODUCT,0.3454,SYNTHETIC_DEMO
SUP00157,PROD00099,SUPPLIER_PROVIDES_PRODUCT,0.2458,SYNTHETIC_DEMO
SUP00158,PROD00106,SUPPLIER_PROVIDES_PRODUCT,0.2731,SYNTHETIC_DEMO
SUP00159,PROD00113,SUPPLIER_PROVIDES_PRODUCT,0.216,SYNTHETIC_DEMO
SUP00160,PROD00120,SUPPLIER_PROVIDES_PRODUCT,0.0428,SYNTHETIC_DEMO
SUP00161,PROD00127,SUPPLIER_PROVIDES_PRODUCT,0.0538,SYNTHETIC_DEMO
SUP00162,PROD00134,SUPPLIER_PROVIDES_PRODUCT,0.2598,SYNTHETIC_DEMO
SUP00163,PROD00141,SUPPLIER_PROVIDES_PRODUCT,0.105,SYNTHETIC_DEMO
SUP00164,PROD00148,SUPPLIER_PROVIDES_PRODUCT,0.1507,SYNTHETIC_DEMO
SUP00165,PROD00155,SUPPLIER_PROVIDES_PRODUCT,0.2781,SYNTHETIC_DEMO
SUP00166,PROD00162,SUPPLIER_PROVIDES_PRODUCT,0.1137,SYNTHETIC_DEMO
SUP00167,PROD00169,SUPPLIER_PROVIDES_PRODUCT,0.2294,SYNTHETIC_DEMO
SUP00168,PROD00176,SUPPLIER_PROVIDES_PRODUCT,0.2444,SYNTHETIC_DEMO
SUP00169,PROD00183,SUPPLIER_PROVIDES_PRODUCT,0.0947,SYNTHETIC_DEMO
SUP00170,PROD00190,SUPPLIER_PROVIDES_PRODUCT,0.1166,SYNTHETIC_DEMO
SUP00171,PROD00197,SUPPLIER_PROVIDES_PRODUCT,0.3426,SYNTHETIC_DEMO
SUP00172,PROD00204,SUPPLIER_PROVIDES_PRODUCT,0.1553,SYNTHETIC_DEMO
SUP00173,PROD00211,SUPPLIER_PROVIDES_PRODUCT,0.0957,SYNTHETIC_DEMO
SUP00174,PROD00218,SUPPLIER_PROVIDES_PRODUCT,0.3024,SYNTHETIC_DEMO
SUP00175,PROD00225,SUPPLIER_PROVIDES_PRODUCT,0.0104,SYNTHETIC_DEMO
SUP00176,PROD00232,SUPPLIER_PROVIDES_PRODUCT,0.066,SYNTHETIC_DEMO
SUP00177,PROD00239,SUPPLIER_PROVIDES_PRODUCT,0.3658,SYNTHETIC_DEMO
SUP00178,PROD00246,SUPPLIER_PROVIDES_PRODUCT,0.1804,SYNTHETIC_DEMO
SUP00179,PROD00253,SUPPLIER_PROVIDES_PRODUCT,0.3283,SYNTHETIC_DEMO
SUP00180,PROD00260,SUPPLIER_PROVIDES_PRODUCT,0.0588,SYNTHETIC_DEMO
SUP00181,PROD00267,SUPPLIER_PROVIDES_PRODUCT,0.376,SYNTHETIC_DEMO
SUP00182,PROD00274,SUPPLIER_PROVIDES_PRODUCT,0.0454,SYNTHETIC_DEMO
SUP00183,PROD00281,SUPPLIER_PROVIDES_PRODUCT,0.2595,SYNTHETIC_DEMO
SUP00184,PROD00288,SUPPLIER_PROVIDES_PRODUCT,0.3346,SYNTHETIC_DEMO
SUP00185,PROD00295,SUPPLIER_PROVIDES_PRODUCT,0.0268,SYNTHETIC_DEMO
SUP00186,PROD00302,SUPPLIER_PROVIDES_PRODUCT,0.1529,SYNTHETIC_DEMO
SUP00187,PROD00309,SUPPLIER_PROVIDES_PRODUCT,0.3757,SYNTHETIC_DEMO
SUP00188,PROD00316,SUPPLIER_PROVIDES_PRODUCT,0.1494,SYNTHETIC_DEMO
SUP00189,PROD00323,SUPPLIER_PROVIDES_PRODUCT,0.1569,SYNTHETIC_DEMO
SUP00190,PROD00330,SUPPLIER_PROVIDES_PRODUCT,0.1103,SYNTHETIC_DEMO
SUP00191,PROD00337,SUPPLIER_PROVIDES_PRODUCT,0.2055,SYNTHETIC_DEMO
SUP00192,PROD00344,SUPPLIER_PROVIDES_PRODUCT,0.2099,SYNTHETIC_DEMO
SUP00193,PROD00351,SUPPLIER_PROVIDES_PRODUCT,0.1996,SYNTHETIC_DEMO
SUP00194,PROD00358,SUPPLIER_PROVIDES_PRODUCT,0.373,SYNTHETIC_DEMO
SUP00195,PROD00365,SUPPLIER_PROVIDES_PRODUCT,0.2758,SYNTHETIC_DEMO
SUP00196,PROD00372,SUPPLIER_PROVIDES_PRODUCT,0.386,SYNTHETIC_DEMO
SUP00197,PROD00379,SUPPLIER_PROVIDES_PRODUCT,0.0585,SYNTHETIC_DEMO
SUP00198,PROD00386,SUPPLIER_PROVIDES_PRODUCT,0.3257,SYNTHETIC_DEMO
SUP00199,PROD00393,SUPPLIER_PROVIDES_PRODUCT,0.2058,SYNTHETIC_DEMO
SUP00200,PROD00400,SUPPLIER_PROVIDES_PRODUCT,0.3782,SYNTHETIC_DEMO
SUP00201,PROD00407,SUPPLIER_PROVIDES_PRODUCT,0.0152,SYNTHETIC_DEMO
SUP00202,PROD00414,SUPPLIER_PROVIDES_PRODUCT,0.1674,SYNTHETIC_DEMO
SUP00203,PROD00421,SUPPLIER_PROVIDES_PRODUCT,0.3324,SYNTHETIC_DEMO
SUP00204,PROD00428,SUPPLIER_PROVIDES_PRODUCT,0.1633,SYNTHETIC_DEMO
SUP00205,PROD00435,SUPPLIER_PROVIDES_PRODUCT,0.0223,SYNTHETIC_DEMO
SUP00206,PROD00442,SUPPLIER_PROVIDES_PRODUCT,0.2651,SYNTHETIC_DEMO
SUP00207,PROD00449,SUPPLIER_PROVIDES_PRODUCT,0.0584,SYNTHETIC_DEMO
SUP00208,PROD00456,SUPPLIER_PROVIDES_PRODUCT,0.1249,SYNTHETIC_DEMO
SUP00209,PROD00463,SUPPLIER_PROVIDES_PRODUCT,0.1692,SYNTHETIC_DEMO
SUP00210,PROD00470,SUPPLIER_PROVIDES_PRODUCT,0.3865,SYNTHETIC_DEMO
SUP00211,PROD00477,SUPPLIER_PROVIDES_PRODUCT,0.3059,SYNTHETIC_DEMO
SUP00212,PROD00484,SUPPLIER_PROVIDES_PRODUCT,0.3957,SYNTHETIC_DEMO
SUP00213,PROD00491,SUPPLIER_PROVIDES_PRODUCT,0.3219,SYNTHETIC_DEMO
SUP00214,PROD00498,SUPPLIER_PROVIDES_PRODUCT,0.2509,SYNTHETIC_DEMO
SUP00215,PROD00505,SUPPLIER_PROVIDES_PRODUCT,0.3772,SYNTHETIC_DEMO
SUP00216,PROD00512,SUPPLIER_PROVIDES_PRODUCT,0.2239,SYNTHETIC_DEMO
SUP00217,PROD00519,SUPPLIER_PROVIDES_PRODUCT,0.3645,SYNTHETIC_DEMO
SUP00218,PROD00526,SUPPLIER_PROVIDES_PRODUCT,0.3575,SYNTHETIC_DEMO
SUP00219,PROD00533,SUPPLIER_PROVIDES_PRODUCT,0.3278,SYNTHETIC_DEMO
SUP00220,PROD00540,SUPPLIER_PROVIDES_PRODUCT,0.2579,SYNTHETIC_DEMO
SUP00221,PROD00547,SUPPLIER_PROVIDES_PRODUCT,0.263,SYNTHETIC_DEMO
SUP00222,PROD00554,SUPPLIER_PROVIDES_PRODUCT,0.2816,SYNTHETIC_DEMO
SUP00223,PROD00561,SUPPLIER_PROVIDES_PRODUCT,0.0409,SYNTHETIC_DEMO
SUP00224,PROD00568,SUPPLIER_PROVIDES_PRODUCT,0.1771,SYNTHETIC_DEMO
SUP00225,PROD00575,SUPPLIER_PROVIDES_PRODUCT,0.0182,SYNTHETIC_DEMO
SUP00226,PROD00582,SUPPLIER_PROVIDES_PRODUCT,0.3295,SYNTHETIC_DEMO
SUP00227,PROD00589,SUPPLIER_PROVIDES_PRODUCT,0.3433,SYNTHETIC_DEMO
SUP00228,PROD00596,SUPPLIER_PROVIDES_PRODUCT,0.1489,SYNTHETIC_DEMO
SUP00229,PROD00603,SUPPLIER_PROVIDES_PRODUCT,0.3511,SYNTHETIC_DEMO
SUP00230,PROD00610,SUPPLIER_PROVIDES_PRODUCT,0.0393,SYNTHETIC_DEMO
SUP00231,PROD00617,SUPPLIER_PROVIDES_PRODUCT,0.3534,SYNTHETIC_DEMO
SUP00232,PROD00624,SUPPLIER_PROVIDES_PRODUCT,0.1219,SYNTHETIC_DEMO
SUP00233,PROD00631,SUPPLIER_PROVIDES_PRODUCT,0.1795,SYNTHETIC_DEMO
SUP00234,PROD00638,SUPPLIER_PROVIDES_PRODUCT,0.1137,SYNTHETIC_DEMO
SUP00235,PROD00645,SUPPLIER_PROVIDES_PRODUCT,0.0873,SYNTHETIC_DEMO
SUP00236,PROD00652,SUPPLIER_PROVIDES_PRODUCT,0.3101,SYNTHETIC_DEMO
SUP00237,PROD00659,SUPPLIER_PROVIDES_PRODUCT,0.273,SYNTHETIC_DEMO
SUP00238,PROD00666,SUPPLIER_PROVIDES_PRODUCT,0.0478,SYNTHETIC_DEMO
SUP00239,PROD00673,SUPPLIER_PROVIDES_PRODUCT,0.2934,SYNTHETIC_DEMO
SUP00240,PROD00680,SUPPLIER_PROVIDES_PRODUCT,0.1857,SYNTHETIC_DEMO
SUP00241,PROD00687,SUPPLIER_PROVIDES_PRODUCT,0.249,SYNTHETIC_DEMO
SUP00242,PROD00694,SUPPLIER_PROVIDES_PRODUCT,0.1274,SYNTHETIC_DEMO
SUP00243,PROD00701,SUPPLIER_PROVIDES_PRODUCT,0.3629,SYNTHETIC_DEMO
SUP00244,PROD00708,SUPPLIER_PROVIDES_PRODUCT,0.1365,SYNTHETIC_DEMO
SUP00245,PROD00715,SUPPLIER_PROVIDES_PRODUCT,0.3954,SYNTHETIC_DEMO
SUP00246,PROD00722,SUPPLIER_PROVIDES_PRODUCT,0.0867,SYNTHETIC_DEMO
SUP00247,PROD00729,SUPPLIER_PROVIDES_PRODUCT,0.0376,SYNTHETIC_DEMO
SUP00248,PROD00736,SUPPLIER_PROVIDES_PRODUCT,0.272,SYNTHETIC_DEMO
SUP00249,PROD00743,SUPPLIER_PROVIDES_PRODUCT,0.2608,SYNTHETIC_DEMO
SUP00250,PROD00750,SUPPLIER_PROVIDES_PRODUCT,0.2487,SYNTHETIC_DEMO
SUP00251,PROD00757,SUPPLIER_PROVIDES_PRODUCT,0.1836,SYNTHETIC_DEMO
SUP00252,PROD00764,SUPPLIER_PROVIDES_PRODUCT,0.1349,SYNTHETIC_DEMO
SUP00253,PROD00771,SUPPLIER_PROVIDES_PRODUCT,0.2256,SYNTHETIC_DEMO
SUP00254,PROD00778,SUPPLIER_PROVIDES_PRODUCT,0.2544,SYNTHETIC_DEMO
SUP00255,PROD00785,SUPPLIER_PROVIDES_PRODUCT,0.0515,SYNTHETIC_DEMO
SUP00256,PROD00792,SUPPLIER_PROVIDES_PRODUCT,0.1796,SYNTHETIC_DEMO
SUP00257,PROD00799,SUPPLIER_PROVIDES_PRODUCT,0.2024,SYNTHETIC_DEMO
SUP00258,PROD00806,SUPPLIER_PROVIDES_PRODUCT,0.3746,SYNTHETIC_DEMO
SUP00259,PROD00813,SUPPLIER_PROVIDES_PRODUCT,0.1367,SYNTHETIC_DEMO
SUP00260,PROD00820,SUPPLIER_PROVIDES_PRODUCT,0.2704,SYNTHETIC_DEMO
SUP00261,PROD00827,SUPPLIER_PROVIDES_PRODUCT,0.0299,SYNTHETIC_DEMO
SUP00262,PROD00834,SUPPLIER_PROVIDES_PRODUCT,0.0635,SYNTHETIC_DEMO
SUP00263,PROD00841,SUPPLIER_PROVIDES_PRODUCT,0.2013,SYNTHETIC_DEMO
SUP00264,PROD00848,SUPPLIER_PROVIDES_PRODUCT,0.1115,SYNTHETIC_DEMO
SUP00265,PROD00855,SUPPLIER_PROVIDES_PRODUCT,0.381,SYNTHETIC_DEMO
SUP00266,PROD00862,SUPPLIER_PROVIDES_PRODUCT,0.2334,SYNTHETIC_DEMO
SUP00267,PROD00869,SUPPLIER_PROVIDES_PRODUCT,0.2778,SYNTHETIC_DEMO
SUP00268,PROD00876,SUPPLIER_PROVIDES_PRODUCT,0.1158,SYNTHETIC_DEMO
SUP00269,PROD00883,SUPPLIER_PROVIDES_PRODUCT,0.2942,SYNTHETIC_DEMO
SUP00270,PROD00890,SUPPLIER_PROVIDES_PRODUCT,0.0656,SYNTHETIC_DEMO
SUP00271,PROD00897,SUPPLIER_PROVIDES_PRODUCT,0.3283,SYNTHETIC_DEMO
SUP00272,PROD00904,SUPPLIER_PROVIDES_PRODUCT,0.203,SYNTHETIC_DEMO
SUP00273,PROD00911,SUPPLIER_PROVIDES_PRODUCT,0.1851,SYNTHETIC_DEMO
SUP00274,PROD00918,SUPPLIER_PROVIDES_PRODUCT,0.2334,SYNTHETIC_DEMO
SUP00275,PROD00925,SUPPLIER_PROVIDES_PRODUCT,0.3869,SYNTHETIC_DEMO
SUP00276,PROD00932,SUPPLIER_PROVIDES_PRODUCT,0.2838,SYNTHETIC_DEMO
SUP00277,PROD00939,SUPPLIER_PROVIDES_PRODUCT,0.189,SYNTHETIC_DEMO
SUP00278,PROD00946,SUPPLIER_PROVIDES_PRODUCT,0.2862,SYNTHETIC_DEMO
SUP00279,PROD00953,SUPPLIER_PROVIDES_PRODUCT,0.012,SYNTHETIC_DEMO
SUP00280,PROD00960,SUPPLIER_PROVIDES_PRODUCT,0.0906,SYNTHETIC_DEMO
SUP00281,PROD00967,SUPPLIER_PROVIDES_PRODUCT,0.3789,SYNTHETIC_DEMO
SUP00282,PROD00974,SUPPLIER_PROVIDES_PRODUCT,0.3057,SYNTHETIC_DEMO
SUP00283,PROD00981,SUPPLIER_PROVIDES_PRODUCT,0.1432,SYNTHETIC_DEMO
SUP00284,PROD00988,SUPPLIER_PROVIDES_PRODUCT,0.1639,SYNTHETIC_DEMO
SUP00285,PROD00995,SUPPLIER_PROVIDES_PRODUCT,0.1987,SYNTHETIC_DEMO
SUP00286,PROD00002,SUPPLIER_PROVIDES_PRODUCT,0.3311,SYNTHETIC_DEMO
SUP00287,PROD00009,SUPPLIER_PROVIDES_PRODUCT,0.3145,SYNTHETIC_DEMO
SUP00288,PROD00016,SUPPLIER_PROVIDES_PRODUCT,0.2479,SYNTHETIC_DEMO
SUP00289,PROD00023,SUPPLIER_PROVIDES_PRODUCT,0.3047,SYNTHETIC_DEMO
SUP00290,PROD00030,SUPPLIER_PROVIDES_PRODUCT,0.1173,SYNTHETIC_DEMO
SUP00291,PROD00037,SUPPLIER_PROVIDES_PRODUCT,0.1022,SYNTHETIC_DEMO
SUP00292,PROD00044,SUPPLIER_PROVIDES_PRODUCT,0.0839,SYNTHETIC_DEMO
SUP00293,PROD00051,SUPPLIER_PROVIDES_PRODUCT,0.2259,SYNTHETIC_DEMO
SUP00294,PROD00058,SUPPLIER_PROVIDES_PRODUCT,0.2326,SYNTHETIC_DEMO
SUP00295,PROD00065,SUPPLIER_PROVIDES_PRODUCT,0.1493,SYNTHETIC_DEMO
SUP00296,PROD00072,SUPPLIER_PROVIDES_PRODUCT,0.1114,SYNTHETIC_DEMO
SUP00297,PROD00079,SUPPLIER_PROVIDES_PRODUCT,0.3206,SYNTHETIC_DEMO
SUP00298,PROD00086,SUPPLIER_PROVIDES_PRODUCT,0.0251,SYNTHETIC_DEMO
SUP00299,PROD00093,SUPPLIER_PROVIDES_PRODUCT,0.1172,SYNTHETIC_DEMO
SUP00300,PROD00100,SUPPLIER_PROVIDES_PRODUCT,0.0779,SYNTHETIC_DEMO
SUP00301,PROD00107,SUPPLIER_PROVIDES_PRODUCT,0.212,SYNTHETIC_DEMO
SUP00302,PROD00114,SUPPLIER_PROVIDES_PRODUCT,0.2212,SYNTHETIC_DEMO
SUP00303,PROD00121,SUPPLIER_PROVIDES_PRODUCT,0.2126,SYNTHETIC_DEMO
SUP00304,PROD00128,SUPPLIER_PROVIDES_PRODUCT,0.2184,SYNTHETIC_DEMO
SUP00305,PROD00135,SUPPLIER_PROVIDES_PRODUCT,0.1515,SYNTHETIC_DEMO
SUP00306,PROD00142,SUPPLIER_PROVIDES_PRODUCT,0.0868,SYNTHETIC_DEMO
SUP00307,PROD00149,SUPPLIER_PROVIDES_PRODUCT,0.0439,SYNTHETIC_DEMO
SUP00308,PROD00156,SUPPLIER_PROVIDES_PRODUCT,0.2935,SYNTHETIC_DEMO
SUP00309,PROD00163,SUPPLIER_PROVIDES_PRODUCT,0.1368,SYNTHETIC_DEMO
SUP00310,PROD00170,SUPPLIER_PROVIDES_PRODUCT,0.3935,SYNTHETIC_DEMO
SUP00311,PROD00177,SUPPLIER_PROVIDES_PRODUCT,0.0849,SYNTHETIC_DEMO
SUP00312,PROD00184,SUPPLIER_PROVIDES_PRODUCT,0.3515,SYNTHETIC_DEMO
SUP00313,PROD00191,SUPPLIER_PROVIDES_PRODUCT,0.34,SYNTHETIC_DEMO
SUP00314,PROD00198,SUPPLIER_PROVIDES_PRODUCT,0.0847,SYNTHETIC_DEMO
SUP00315,PROD00205,SUPPLIER_PROVIDES_PRODUCT,0.0428,SYNTHETIC_DEMO
SUP00316,PROD00212,SUPPLIER_PROVIDES_PRODUCT,0.2966,SYNTHETIC_DEMO
SUP00317,PROD00219,SUPPLIER_PROVIDES_PRODUCT,0.3329,SYNTHETIC_DEMO
SUP00318,PROD00226,SUPPLIER_PROVIDES_PRODUCT,0.059,SYNTHETIC_DEMO
SUP00319,PROD00233,SUPPLIER_PROVIDES_PRODUCT,0.1107,SYNTHETIC_DEMO
SUP00320,PROD00240,SUPPLIER_PROVIDES_PRODUCT,0.0287,SYNTHETIC_DEMO
SUP00321,PROD00247,SUPPLIER_PROVIDES_PRODUCT,0.2642,SYNTHETIC_DEMO
SUP00322,PROD00254,SUPPLIER_PROVIDES_PRODUCT,0.2682,SYNTHETIC_DEMO
SUP00323,PROD00261,SUPPLIER_PROVIDES_PRODUCT,0.1544,SYNTHETIC_DEMO
SUP00324,PROD00268,SUPPLIER_PROVIDES_PRODUCT,0.2887,SYNTHETIC_DEMO
SUP00325,PROD00275,SUPPLIER_PROVIDES_PRODUCT,0.0869,SYNTHETIC_DEMO
SUP00326,PROD00282,SUPPLIER_PROVIDES_PRODUCT,0.0538,SYNTHETIC_DEMO
SUP00327,PROD00289,SUPPLIER_PROVIDES_PRODUCT,0.0594,SYNTHETIC_DEMO
SUP00328,PROD00296,SUPPLIER_PROVIDES_PRODUCT,0.1504,SYNTHETIC_DEMO
SUP00329,PROD00303,SUPPLIER_PROVIDES_PRODUCT,0.1533,SYNTHETIC_DEMO
SUP00330,PROD00310,SUPPLIER_PROVIDES_PRODUCT,0.1086,SYNTHETIC_DEMO
SUP00331,PROD00317,SUPPLIER_PROVIDES_PRODUCT,0.2028,SYNTHETIC_DEMO
SUP00332,PROD00324,SUPPLIER_PROVIDES_PRODUCT,0.1953,SYNTHETIC_DEMO
SUP00333,PROD00331,SUPPLIER_PROVIDES_PRODUCT,0.0326,SYNTHETIC_DEMO
SUP00334,PROD00338,SUPPLIER_PROVIDES_PRODUCT,0.0882,SYNTHETIC_DEMO
SUP00335,PROD00345,SUPPLIER_PROVIDES_PRODUCT,0.1482,SYNTHETIC_DEMO
SUP00336,PROD00352,SUPPLIER_PROVIDES_PRODUCT,0.1493,SYNTHETIC_DEMO
SUP00337,PROD00359,SUPPLIER_PROVIDES_PRODUCT,0.168,SYNTHETIC_DEMO
SUP00338,PROD00366,SUPPLIER_PROVIDES_PRODUCT,0.0897,SYNTHETIC_DEMO
SUP00339,PROD00373,SUPPLIER_PROVIDES_PRODUCT,0.3464,SYNTHETIC_DEMO
SUP00340,PROD00380,SUPPLIER_PROVIDES_PRODUCT,0.3887,SYNTHETIC_DEMO
SUP00341,PROD00387,SUPPLIER_PROVIDES_PRODUCT,0.2129,SYNTHETIC_DEMO
SUP00342,PROD00394,SUPPLIER_PROVIDES_PRODUCT,0.3197,SYNTHETIC_DEMO
SUP00343,PROD00401,SUPPLIER_PROVIDES_PRODUCT,0.1906,SYNTHETIC_DEMO
SUP00344,PROD00408,SUPPLIER_PROVIDES_PRODUCT,0.0123,SYNTHETIC_DEMO
SUP00345,PROD00415,SUPPLIER_PROVIDES_PRODUCT,0.3353,SYNTHETIC_DEMO
SUP00346,PROD00422,SUPPLIER_PROVIDES_PRODUCT,0.3884,SYNTHETIC_DEMO
SUP00347,PROD00429,SUPPLIER_PROVIDES_PRODUCT,0.1128,SYNTHETIC_DEMO
SUP00348,PROD00436,SUPPLIER_PROVIDES_PRODUCT,0.1282,SYNTHETIC_DEMO
SUP00349,PROD00443,SUPPLIER_PROVIDES_PRODUCT,0.2882,SYNTHETIC_DEMO
SUP00350,PROD00450,SUPPLIER_PROVIDES_PRODUCT,0.1204,SYNTHETIC_DEMO
SUP00351,PROD00457,SUPPLIER_PROVIDES_PRODUCT,0.3633,SYNTHETIC_DEMO
SUP00352,PROD00464,SUPPLIER_PROVIDES_PRODUCT,0.2876,SYNTHETIC_DEMO
SUP00353,PROD00471,SUPPLIER_PROVIDES_PRODUCT,0.3069,SYNTHETIC_DEMO
SUP00354,PROD00478,SUPPLIER_PROVIDES_PRODUCT,0.3917,SYNTHETIC_DEMO
SUP00355,PROD00485,SUPPLIER_PROVIDES_PRODUCT,0.3323,SYNTHETIC_DEMO
SUP00356,PROD00492,SUPPLIER_PROVIDES_PRODUCT,0.3533,SYNTHETIC_DEMO
SUP00357,PROD00499,SUPPLIER_PROVIDES_PRODUCT,0.0613,SYNTHETIC_DEMO
SUP00358,PROD00506,SUPPLIER_PROVIDES_PRODUCT,0.1267,SYNTHETIC_DEMO
SUP00359,PROD00513,SUPPLIER_PROVIDES_PRODUCT,0.2607,SYNTHETIC_DEMO
SUP00360,PROD00520,SUPPLIER_PROVIDES_PRODUCT,0.1694,SYNTHETIC_DEMO
SUP00361,PROD00527,SUPPLIER_PROVIDES_PRODUCT,0.2454,SYNTHETIC_DEMO
SUP00362,PROD00534,SUPPLIER_PROVIDES_PRODUCT,0.3598,SYNTHETIC_DEMO
SUP00363,PROD00541,SUPPLIER_PROVIDES_PRODUCT,0.1044,SYNTHETIC_DEMO
SUP00364,PROD00548,SUPPLIER_PROVIDES_PRODUCT,0.0487,SYNTHETIC_DEMO
SUP00365,PROD00555,SUPPLIER_PROVIDES_PRODUCT,0.1434,SYNTHETIC_DEMO
SUP00366,PROD00562,SUPPLIER_PROVIDES_PRODUCT,0.3063,SYNTHETIC_DEMO
SUP00367,PROD00569,SUPPLIER_PROVIDES_PRODUCT,0.3346,SYNTHETIC_DEMO
SUP00368,PROD00576,SUPPLIER_PROVIDES_PRODUCT,0.1745,SYNTHETIC_DEMO
SUP00369,PROD00583,SUPPLIER_PROVIDES_PRODUCT,0.2635,SYNTHETIC_DEMO
SUP00370,PROD00590,SUPPLIER_PROVIDES_PRODUCT,0.0509,SYNTHETIC_DEMO
SUP00371,PROD00597,SUPPLIER_PROVIDES_PRODUCT,0.0827,SYNTHETIC_DEMO
SUP00372,PROD00604,SUPPLIER_PROVIDES_PRODUCT,0.1707,SYNTHETIC_DEMO
SUP00373,PROD00611,SUPPLIER_PROVIDES_PRODUCT,0.3928,SYNTHETIC_DEMO
SUP00374,PROD00618,SUPPLIER_PROVIDES_PRODUCT,0.0721,SYNTHETIC_DEMO
SUP00375,PROD00625,SUPPLIER_PROVIDES_PRODUCT,0.3065,SYNTHETIC_DEMO
SUP00376,PROD00632,SUPPLIER_PROVIDES_PRODUCT,0.3269,SYNTHETIC_DEMO
SUP00377,PROD00639,SUPPLIER_PROVIDES_PRODUCT,0.3095,SYNTHETIC_DEMO
SUP00378,PROD00646,SUPPLIER_PROVIDES_PRODUCT,0.299,SYNTHETIC_DEMO
SUP00379,PROD00653,SUPPLIER_PROVIDES_PRODUCT,0.391,SYNTHETIC_DEMO
SUP00380,PROD00660,SUPPLIER_PROVIDES_PRODUCT,0.2484,SYNTHETIC_DEMO
SUP00381,PROD00667,SUPPLIER_PROVIDES_PRODUCT,0.1557,SYNTHETIC_DEMO
SUP00382,PROD00674,SUPPLIER_PROVIDES_PRODUCT,0.027,SYNTHETIC_DEMO
SUP00383,PROD00681,SUPPLIER_PROVIDES_PRODUCT,0.1246,SYNTHETIC_DEMO
SUP00384,PROD00688,SUPPLIER_PROVIDES_PRODUCT,0.2404,SYNTHETIC_DEMO
SUP00385,PROD00695,SUPPLIER_PROVIDES_PRODUCT,0.3785,SYNTHETIC_DEMO
SUP00386,PROD00702,SUPPLIER_PROVIDES_PRODUCT,0.0511,SYNTHETIC_DEMO
SUP00387,PROD00709,SUPPLIER_PROVIDES_PRODUCT,0.1017,SYNTHETIC_DEMO
SUP00388,PROD00716,SUPPLIER_PROVIDES_PRODUCT,0.0668,SYNTHETIC_DEMO
SUP00389,PROD00723,SUPPLIER_PROVIDES_PRODUCT,0.0571,SYNTHETIC_DEMO
SUP00390,PROD00730,SUPPLIER_PROVIDES_PRODUCT,0.0213,SYNTHETIC_DEMO
SUP00391,PROD00737,SUPPLIER_PROVIDES_PRODUCT,0.3717,SYNTHETIC_DEMO
SUP00392,PROD00744,SUPPLIER_PROVIDES_PRODUCT,0.2107,SYNTHETIC_DEMO
SUP00393,PROD00751,SUPPLIER_PROVIDES_PRODUCT,0.1399,SYNTHETIC_DEMO
SUP00394,PROD00758,SUPPLIER_PROVIDES_PRODUCT,0.0687,SYNTHETIC_DEMO
SUP00395,PROD00765,SUPPLIER_PROVIDES_PRODUCT,0.2988,SYNTHETIC_DEMO
SUP00396,PROD00772,SUPPLIER_PROVIDES_PRODUCT,0.197,SYNTHETIC_DEMO
SUP00397,PROD00779,SUPPLIER_PROVIDES_PRODUCT,0.3502,SYNTHETIC_DEMO
SUP00398,PROD00786,SUPPLIER_PROVIDES_PRODUCT,0.1262,SYNTHETIC_DEMO
SUP00399,PROD00793,SUPPLIER_PROVIDES_PRODUCT,0.2863,SYNTHETIC_DEMO
SUP00400,PROD00800,SUPPLIER_PROVIDES_PRODUCT,0.3724,SYNTHETIC_DEMO
SUP00401,PROD00807,SUPPLIER_PROVIDES_PRODUCT,0.1196,SYNTHETIC_DEMO
SUP00402,PROD00814,SUPPLIER_PROVIDES_PRODUCT,0.2664,SYNTHETIC_DEMO
SUP00403,PROD00821,SUPPLIER_PROVIDES_PRODUCT,0.0646,SYNTHETIC_DEMO
SUP00404,PROD00828,SUPPLIER_PROVIDES_PRODUCT,0.0929,SYNTHETIC_DEMO
SUP00405,PROD00835,SUPPLIER_PROVIDES_PRODUCT,0.1003,SYNTHETIC_DEMO
SUP00406,PROD00842,SUPPLIER_PROVIDES_PRODUCT,0.0842,SYNTHETIC_DEMO
SUP00407,PROD00849,SUPPLIER_PROVIDES_PRODUCT,0.0861,SYNTHETIC_DEMO
SUP00408,PROD00856,SUPPLIER_PROVIDES_PRODUCT,0.2126,SYNTHETIC_DEMO
SUP00409,PROD00863,SUPPLIER_PROVIDES_PRODUCT,0.2681,SYNTHETIC_DEMO
SUP00410,PROD00870,SUPPLIER_PROVIDES_PRODUCT,0.3586,SYNTHETIC_DEMO
SUP00411,PROD00877,SUPPLIER_PROVIDES_PRODUCT,0.2376,SYNTHETIC_DEMO
SUP00412,PROD00884,SUPPLIER_PROVIDES_PRODUCT,0.3969,SYNTHETIC_DEMO
SUP00413,PROD00891,SUPPLIER_PROVIDES_PRODUCT,0.1788,SYNTHETIC_DEMO
SUP00414,PROD00898,SUPPLIER_PROVIDES_PRODUCT,0.2875,SYNTHETIC_DEMO
SUP00415,PROD00905,SUPPLIER_PROVIDES_PRODUCT,0.2298,SYNTHETIC_DEMO
SUP00416,PROD00912,SUPPLIER_PROVIDES_PRODUCT,0.0228,SYNTHETIC_DEMO
SUP00417,PROD00919,SUPPLIER_PROVIDES_PRODUCT,0.0776,SYNTHETIC_DEMO
SUP00418,PROD00926,SUPPLIER_PROVIDES_PRODUCT,0.2773,SYNTHETIC_DEMO
SUP00419,PROD00933,SUPPLIER_PROVIDES_PRODUCT,0.0891,SYNTHETIC_DEMO
SUP00420,PROD00940,SUPPLIER_PROVIDES_PRODUCT,0.2075,SYNTHETIC_DEMO
SUP00421,PROD00947,SUPPLIER_PROVIDES_PRODUCT,0.2808,SYNTHETIC_DEMO
SUP00422,PROD00954,SUPPLIER_PROVIDES_PRODUCT,0.0637,SYNTHETIC_DEMO
SUP00423,PROD00961,SUPPLIER_PROVIDES_PRODUCT,0.1218,SYNTHETIC_DEMO
SUP00424,PROD00968,SUPPLIER_PROVIDES_PRODUCT,0.122,SYNTHETIC_DEMO
SUP00425,PROD00975,SUPPLIER_PROVIDES_PRODUCT,0.1865,SYNTHETIC_DEMO
SUP00426,PROD00982,SUPPLIER_PROVIDES_PRODUCT,0.2067,SYNTHETIC_DEMO
SUP00427,PROD00989,SUPPLIER_PROVIDES_PRODUCT,0.3221,SYNTHETIC_DEMO
SUP00428,PROD00996,SUPPLIER_PROVIDES_PRODUCT,0.3966,SYNTHETIC_DEMO
SUP00429,PROD00003,SUPPLIER_PROVIDES_PRODUCT,0.3559,SYNTHETIC_DEMO
SUP00430,PROD00010,SUPPLIER_PROVIDES_PRODUCT,0.355,SYNTHETIC_DEMO
SUP00431,PROD00017,SUPPLIER_PROVIDES_PRODUCT,0.0124,SYNTHETIC_DEMO
SUP00432,PROD00024,SUPPLIER_PROVIDES_PRODUCT,0.0425,SYNTHETIC_DEMO
SUP00433,PROD00031,SUPPLIER_PROVIDES_PRODUCT,0.241,SYNTHETIC_DEMO
SUP00434,PROD00038,SUPPLIER_PROVIDES_PRODUCT,0.2369,SYNTHETIC_DEMO
SUP00435,PROD00045,SUPPLIER_PROVIDES_PRODUCT,0.1552,SYNTHETIC_DEMO
SUP00436,PROD00052,SUPPLIER_PROVIDES_PRODUCT,0.0516,SYNTHETIC_DEMO
SUP00437,PROD00059,SUPPLIER_PROVIDES_PRODUCT,0.1453,SYNTHETIC_DEMO
SUP00438,PROD00066,SUPPLIER_PROVIDES_PRODUCT,0.1302,SYNTHETIC_DEMO
SUP00439,PROD00073,SUPPLIER_PROVIDES_PRODUCT,0.3182,SYNTHETIC_DEMO
SUP00440,PROD00080,SUPPLIER_PROVIDES_PRODUCT,0.3104,SYNTHETIC_DEMO
SUP00441,PROD00087,SUPPLIER_PROVIDES_PRODUCT,0.0121,SYNTHETIC_DEMO
SUP00442,PROD00094,SUPPLIER_PROVIDES_PRODUCT,0.1137,SYNTHETIC_DEMO
SUP00443,PROD00101,SUPPLIER_PROVIDES_PRODUCT,0.1939,SYNTHETIC_DEMO
SUP00444,PROD00108,SUPPLIER_PROVIDES_PRODUCT,0.1032,SYNTHETIC_DEMO
SUP00445,PROD00115,SUPPLIER_PROVIDES_PRODUCT,0.1069,SYNTHETIC_DEMO
SUP00446,PROD00122,SUPPLIER_PROVIDES_PRODUCT,0.1924,SYNTHETIC_DEMO
SUP00447,PROD00129,SUPPLIER_PROVIDES_PRODUCT,0.13,SYNTHETIC_DEMO
SUP00448,PROD00136,SUPPLIER_PROVIDES_PRODUCT,0.1078,SYNTHETIC_DEMO
SUP00449,PROD00143,SUPPLIER_PROVIDES_PRODUCT,0.0317,SYNTHETIC_DEMO
SUP00450,PROD00150,SUPPLIER_PROVIDES_PRODUCT,0.2775,SYNTHETIC_DEMO
SUP00451,PROD00157,SUPPLIER_PROVIDES_PRODUCT,0.252,SYNTHETIC_DEMO
SUP00452,PROD00164,SUPPLIER_PROVIDES_PRODUCT,0.2349,SYNTHETIC_DEMO
SUP00453,PROD00171,SUPPLIER_PROVIDES_PRODUCT,0.3829,SYNTHETIC_DEMO
SUP00454,PROD00178,SUPPLIER_PROVIDES_PRODUCT,0.2416,SYNTHETIC_DEMO
SUP00455,PROD00185,SUPPLIER_PROVIDES_PRODUCT,0.2634,SYNTHETIC_DEMO
SUP00456,PROD00192,SUPPLIER_PROVIDES_PRODUCT,0.3741,SYNTHETIC_DEMO
SUP00457,PROD00199,SUPPLIER_PROVIDES_PRODUCT,0.1603,SYNTHETIC_DEMO
SUP00458,PROD00206,SUPPLIER_PROVIDES_PRODUCT,0.284,SYNTHETIC_DEMO
SUP00459,PROD00213,SUPPLIER_PROVIDES_PRODUCT,0.1057,SYNTHETIC_DEMO
SUP00460,PROD00220,SUPPLIER_PROVIDES_PRODUCT,0.3051,SYNTHETIC_DEMO
SUP00461,PROD00227,SUPPLIER_PROVIDES_PRODUCT,0.2848,SYNTHETIC_DEMO
SUP00462,PROD00234,SUPPLIER_PROVIDES_PRODUCT,0.3249,SYNTHETIC_DEMO
SUP00463,PROD00241,SUPPLIER_PROVIDES_PRODUCT,0.0784,SYNTHETIC_DEMO
SUP00464,PROD00248,SUPPLIER_PROVIDES_PRODUCT,0.1104,SYNTHETIC_DEMO
SUP00465,PROD00255,SUPPLIER_PROVIDES_PRODUCT,0.1008,SYNTHETIC_DEMO
SUP00466,PROD00262,SUPPLIER_PROVIDES_PRODUCT,0.3397,SYNTHETIC_DEMO
SUP00467,PROD00269,SUPPLIER_PROVIDES_PRODUCT,0.2606,SYNTHETIC_DEMO
SUP00468,PROD00276,SUPPLIER_PROVIDES_PRODUCT,0.0353,SYNTHETIC_DEMO
SUP00469,PROD00283,SUPPLIER_PROVIDES_PRODUCT,0.2671,SYNTHETIC_DEMO
SUP00470,PROD00290,SUPPLIER_PROVIDES_PRODUCT,0.075,SYNTHETIC_DEMO
SUP00471,PROD00297,SUPPLIER_PROVIDES_PRODUCT,0.043,SYNTHETIC_DEMO
SUP00472,PROD00304,SUPPLIER_PROVIDES_PRODUCT,0.0937,SYNTHETIC_DEMO
SUP00473,PROD00311,SUPPLIER_PROVIDES_PRODUCT,0.256,SYNTHETIC_DEMO
SUP00474,PROD00318,SUPPLIER_PROVIDES_PRODUCT,0.1764,SYNTHETIC_DEMO
SUP00475,PROD00325,SUPPLIER_PROVIDES_PRODUCT,0.0438,SYNTHETIC_DEMO
SUP00476,PROD00332,SUPPLIER_PROVIDES_PRODUCT,0.3082,SYNTHETIC_DEMO
SUP00477,PROD00339,SUPPLIER_PROVIDES_PRODUCT,0.2055,SYNTHETIC_DEMO
SUP00478,PROD00346,SUPPLIER_PROVIDES_PRODUCT,0.1167,SYNTHETIC_DEMO
SUP00479,PROD00353,SUPPLIER_PROVIDES_PRODUCT,0.018,SYNTHETIC_DEMO
SUP00480,PROD00360,SUPPLIER_PROVIDES_PRODUCT,0.107,SYNTHETIC_DEMO
SUP00481,PROD00367,SUPPLIER_PROVIDES_PRODUCT,0.2107,SYNTHETIC_DEMO
SUP00482,PROD00374,SUPPLIER_PROVIDES_PRODUCT,0.2026,SYNTHETIC_DEMO
SUP00483,PROD00381,SUPPLIER_PROVIDES_PRODUCT,0.2743,SYNTHETIC_DEMO
SUP00484,PROD00388,SUPPLIER_PROVIDES_PRODUCT,0.2121,SYNTHETIC_DEMO
SUP00485,PROD00395,SUPPLIER_PROVIDES_PRODUCT,0.3971,SYNTHETIC_DEMO
SUP00486,PROD00402,SUPPLIER_PROVIDES_PRODUCT,0.2415,SYNTHETIC_DEMO
SUP00487,PROD00409,SUPPLIER_PROVIDES_PRODUCT,0.1812,SYNTHETIC_DEMO
SUP00488,PROD00416,SUPPLIER_PROVIDES_PRODUCT,0.3081,SYNTHETIC_DEMO
SUP00489,PROD00423,SUPPLIER_PROVIDES_PRODUCT,0.105,SYNTHETIC_DEMO
SUP00490,PROD00430,SUPPLIER_PROVIDES_PRODUCT,0.2729,SYNTHETIC_DEMO
SUP00491,PROD00437,SUPPLIER_PROVIDES_PRODUCT,0.1703,SYNTHETIC_DEMO
SUP00492,PROD00444,SUPPLIER_PROVIDES_PRODUCT,0.1174,SYNTHETIC_DEMO
SUP00493,PROD00451,SUPPLIER_PROVIDES_PRODUCT,0.2759,SYNTHETIC_DEMO
SUP00494,PROD00458,SUPPLIER_PROVIDES_PRODUCT,0.2956,SYNTHETIC_DEMO
SUP00495,PROD00465,SUPPLIER_PROVIDES_PRODUCT,0.2687,SYNTHETIC_DEMO
SUP00496,PROD00472,SUPPLIER_PROVIDES_PRODUCT,0.3947,SYNTHETIC_DEMO
SUP00497,PROD00479,SUPPLIER_PROVIDES_PRODUCT,0.2475,SYNTHETIC_DEMO
SUP00498,PROD00486,SUPPLIER_PROVIDES_PRODUCT,0.1601,SYNTHETIC_DEMO
SUP00499,PROD00493,SUPPLIER_PROVIDES_PRODUCT,0.1056,SYNTHETIC_DEMO
SUP00500,PROD00500,SUPPLIER_PROVIDES_PRODUCT,0.0717,SYNTHETIC_DEMO
SUP00501,PROD00507,SUPPLIER_PROVIDES_PRODUCT,0.308,SYNTHETIC_DEMO
SUP00502,PROD00514,SUPPLIER_PROVIDES_PRODUCT,0.3076,SYNTHETIC_DEMO
SUP00503,PROD00521,SUPPLIER_PROVIDES_PRODUCT,0.1423,SYNTHETIC_DEMO
SUP00504,PROD00528,SUPPLIER_PROVIDES_PRODUCT,0.0653,SYNTHETIC_DEMO
SUP00505,PROD00535,SUPPLIER_PROVIDES_PRODUCT,0.244,SYNTHETIC_DEMO
SUP00506,PROD00542,SUPPLIER_PROVIDES_PRODUCT,0.352,SYNTHETIC_DEMO
SUP00507,PROD00549,SUPPLIER_PROVIDES_PRODUCT,0.0594,SYNTHETIC_DEMO
SUP00508,PROD00556,SUPPLIER_PROVIDES_PRODUCT,0.2972,SYNTHETIC_DEMO
SUP00509,PROD00563,SUPPLIER_PROVIDES_PRODUCT,0.373,SYNTHETIC_DEMO
SUP00510,PROD00570,SUPPLIER_PROVIDES_PRODUCT,0.0435,SYNTHETIC_DEMO
SUP00511,PROD00577,SUPPLIER_PROVIDES_PRODUCT,0.1582,SYNTHETIC_DEMO
SUP00512,PROD00584,SUPPLIER_PROVIDES_PRODUCT,0.1404,SYNTHETIC_DEMO
SUP00513,PROD00591,SUPPLIER_PROVIDES_PRODUCT,0.2336,SYNTHETIC_DEMO
SUP00514,PROD00598,SUPPLIER_PROVIDES_PRODUCT,0.2215,SYNTHETIC_DEMO
SUP00515,PROD00605,SUPPLIER_PROVIDES_PRODUCT,0.394,SYNTHETIC_DEMO
SUP00516,PROD00612,SUPPLIER_PROVIDES_PRODUCT,0.3508,SYNTHETIC_DEMO
SUP00517,PROD00619,SUPPLIER_PROVIDES_PRODUCT,0.0491,SYNTHETIC_DEMO
SUP00518,PROD00626,SUPPLIER_PROVIDES_PRODUCT,0.3633,SYNTHETIC_DEMO
SUP00519,PROD00633,SUPPLIER_PROVIDES_PRODUCT,0.2549,SYNTHETIC_DEMO
SUP00520,PROD00640,SUPPLIER_PROVIDES_PRODUCT,0.0131,SYNTHETIC_DEMO
SUP00521,PROD00647,SUPPLIER_PROVIDES_PRODUCT,0.2462,SYNTHETIC_DEMO
SUP00522,PROD00654,SUPPLIER_PROVIDES_PRODUCT,0.3332,SYNTHETIC_DEMO
SUP00523,PROD00661,SUPPLIER_PROVIDES_PRODUCT,0.2614,SYNTHETIC_DEMO
SUP00524,PROD00668,SUPPLIER_PROVIDES_PRODUCT,0.1336,SYNTHETIC_DEMO
SUP00525,PROD00675,SUPPLIER_PROVIDES_PRODUCT,0.17,SYNTHETIC_DEMO
SUP00526,PROD00682,SUPPLIER_PROVIDES_PRODUCT,0.0549,SYNTHETIC_DEMO
SUP00527,PROD00689,SUPPLIER_PROVIDES_PRODUCT,0.1655,SYNTHETIC_DEMO
SUP00528,PROD00696,SUPPLIER_PROVIDES_PRODUCT,0.3639,SYNTHETIC_DEMO
SUP00529,PROD00703,SUPPLIER_PROVIDES_PRODUCT,0.3741,SYNTHETIC_DEMO
SUP00530,PROD00710,SUPPLIER_PROVIDES_PRODUCT,0.243,SYNTHETIC_DEMO
SUP00531,PROD00717,SUPPLIER_PROVIDES_PRODUCT,0.1467,SYNTHETIC_DEMO
SUP00532,PROD00724,SUPPLIER_PROVIDES_PRODUCT,0.244,SYNTHETIC_DEMO
SUP00533,PROD00731,SUPPLIER_PROVIDES_PRODUCT,0.3259,SYNTHETIC_DEMO
SUP00534,PROD00738,SUPPLIER_PROVIDES_PRODUCT,0.2724,SYNTHETIC_DEMO
SUP00535,PROD00745,SUPPLIER_PROVIDES_PRODUCT,0.3011,SYNTHETIC_DEMO
SUP00536,PROD00752,SUPPLIER_PROVIDES_PRODUCT,0.064,SYNTHETIC_DEMO
SUP00537,PROD00759,SUPPLIER_PROVIDES_PRODUCT,0.0405,SYNTHETIC_DEMO
SUP00538,PROD00766,SUPPLIER_PROVIDES_PRODUCT,0.3908,SYNTHETIC_DEMO
SUP00539,PROD00773,SUPPLIER_PROVIDES_PRODUCT,0.1058,SYNTHETIC_DEMO
SUP00540,PROD00780,SUPPLIER_PROVIDES_PRODUCT,0.384,SYNTHETIC_DEMO
SUP00541,PROD00787,SUPPLIER_PROVIDES_PRODUCT,0.2717,SYNTHETIC_DEMO
SUP00542,PROD00794,SUPPLIER_PROVIDES_PRODUCT,0.1058,SYNTHETIC_DEMO
SUP00543,PROD00801,SUPPLIER_PROVIDES_PRODUCT,0.1074,SYNTHETIC_DEMO
SUP00544,PROD00808,SUPPLIER_PROVIDES_PRODUCT,0.1527,SYNTHETIC_DEMO
SUP00545,PROD00815,SUPPLIER_PROVIDES_PRODUCT,0.3241,SYNTHETIC_DEMO
SUP00546,PROD00822,SUPPLIER_PROVIDES_PRODUCT,0.2753,SYNTHETIC_DEMO
SUP00547,PROD00829,SUPPLIER_PROVIDES_PRODUCT,0.3951,SYNTHETIC_DEMO
SUP00548,PROD00836,SUPPLIER_PROVIDES_PRODUCT,0.2497,SYNTHETIC_DEMO
SUP00549,PROD00843,SUPPLIER_PROVIDES_PRODUCT,0.1031,SYNTHETIC_DEMO
SUP00550,PROD00850,SUPPLIER_PROVIDES_PRODUCT,0.1875,SYNTHETIC_DEMO
SUP00551,PROD00857,SUPPLIER_PROVIDES_PRODUCT,0.0603,SYNTHETIC_DEMO
SUP00552,PROD00864,SUPPLIER_PROVIDES_PRODUCT,0.2788,SYNTHETIC_DEMO
SUP00553,PROD00871,SUPPLIER_PROVIDES_PRODUCT,0.0991,SYNTHETIC_DEMO
SUP00554,PROD00878,SUPPLIER_PROVIDES_PRODUCT,0.2297,SYNTHETIC_DEMO
SUP00555,PROD00885,SUPPLIER_PROVIDES_PRODUCT,0.379,SYNTHETIC_DEMO
SUP00556,PROD00892,SUPPLIER_PROVIDES_PRODUCT,0.0744,SYNTHETIC_DEMO
SUP00557,PROD00899,SUPPLIER_PROVIDES_PRODUCT,0.095,SYNTHETIC_DEMO
SUP00558,PROD00906,SUPPLIER_PROVIDES_PRODUCT,0.1776,SYNTHETIC_DEMO
SUP00559,PROD00913,SUPPLIER_PROVIDES_PRODUCT,0.3684,SYNTHETIC_DEMO
SUP00560,PROD00920,SUPPLIER_PROVIDES_PRODUCT,0.2801,SYNTHETIC_DEMO
SUP00561,PROD00927,SUPPLIER_PROVIDES_PRODUCT,0.397,SYNTHETIC_DEMO
SUP00562,PROD00934,SUPPLIER_PROVIDES_PRODUCT,0.3571,SYNTHETIC_DEMO
SUP00563,PROD00941,SUPPLIER_PROVIDES_PRODUCT,0.3256,SYNTHETIC_DEMO
SUP00564,PROD00948,SUPPLIER_PROVIDES_PRODUCT,0.1435,SYNTHETIC_DEMO
SUP00565,PROD00955,SUPPLIER_PROVIDES_PRODUCT,0.1097,SYNTHETIC_DEMO
SUP00566,PROD00962,SUPPLIER_PROVIDES_PRODUCT,0.0248,SYNTHETIC_DEMO
SUP00567,PROD00969,SUPPLIER_PROVIDES_PRODUCT,0.2135,SYNTHETIC_DEMO
SUP00568,PROD00976,SUPPLIER_PROVIDES_PRODUCT,0.0551,SYNTHETIC_DEMO
SUP00569,PROD00983,SUPPLIER_PROVIDES_PRODUCT,0.2175,SYNTHETIC_DEMO
SUP00570,PROD00990,SUPPLIER_PROVIDES_PRODUCT,0.279,SYNTHETIC_DEMO
SUP00571,PROD00997,SUPPLIER_PROVIDES_PRODUCT,0.2499,SYNTHETIC_DEMO
SUP00572,PROD00004,SUPPLIER_PROVIDES_PRODUCT,0.1571,SYNTHETIC_DEMO
SUP00573,PROD00011,SUPPLIER_PROVIDES_PRODUCT,0.0574,SYNTHETIC_DEMO
SUP00574,PROD00018,SUPPLIER_PROVIDES_PRODUCT,0.3014,SYNTHETIC_DEMO
SUP00575,PROD00025,SUPPLIER_PROVIDES_PRODUCT,0.1315,SYNTHETIC_DEMO
SUP00576,PROD00032,SUPPLIER_PROVIDES_PRODUCT,0.3992,SYNTHETIC_DEMO
SUP00577,PROD00039,SUPPLIER_PROVIDES_PRODUCT,0.0747,SYNTHETIC_DEMO
SUP00578,PROD00046,SUPPLIER_PROVIDES_PRODUCT,0.3728,SYNTHETIC_DEMO
SUP00579,PROD00053,SUPPLIER_PROVIDES_PRODUCT,0.1381,SYNTHETIC_DEMO
SUP00580,PROD00060,SUPPLIER_PROVIDES_PRODUCT,0.1207,SYNTHETIC_DEMO
SUP00581,PROD00067,SUPPLIER_PROVIDES_PRODUCT,0.1493,SYNTHETIC_DEMO
SUP00582,PROD00074,SUPPLIER_PROVIDES_PRODUCT,0.3479,SYNTHETIC_DEMO
SUP00583,PROD00081,SUPPLIER_PROVIDES_PRODUCT,0.2394,SYNTHETIC_DEMO
SUP00584,PROD00088,SUPPLIER_PROVIDES_PRODUCT,0.206,SYNTHETIC_DEMO
SUP00585,PROD00095,SUPPLIER_PROVIDES_PRODUCT,0.2293,SYNTHETIC_DEMO
SUP00586,PROD00102,SUPPLIER_PROVIDES_PRODUCT,0.365,SYNTHETIC_DEMO
SUP00587,PROD00109,SUPPLIER_PROVIDES_PRODUCT,0.3538,SYNTHETIC_DEMO
SUP00588,PROD00116,SUPPLIER_PROVIDES_PRODUCT,0.1119,SYNTHETIC_DEMO
SUP00589,PROD00123,SUPPLIER_PROVIDES_PRODUCT,0.3595,SYNTHETIC_DEMO
SUP00590,PROD00130,SUPPLIER_PROVIDES_PRODUCT,0.2788,SYNTHETIC_DEMO
SUP00591,PROD00137,SUPPLIER_PROVIDES_PRODUCT,0.2179,SYNTHETIC_DEMO
SUP00592,PROD00144,SUPPLIER_PROVIDES_PRODUCT,0.3066,SYNTHETIC_DEMO
SUP00593,PROD00151,SUPPLIER_PROVIDES_PRODUCT,0.1993,SYNTHETIC_DEMO
SUP00594,PROD00158,SUPPLIER_PROVIDES_PRODUCT,0.1353,SYNTHETIC_DEMO
SUP00595,PROD00165,SUPPLIER_PROVIDES_PRODUCT,0.2427,SYNTHETIC_DEMO
SUP00596,PROD00172,SUPPLIER_PROVIDES_PRODUCT,0.3762,SYNTHETIC_DEMO
SUP00597,PROD00179,SUPPLIER_PROVIDES_PRODUCT,0.0678,SYNTHETIC_DEMO
SUP00598,PROD00186,SUPPLIER_PROVIDES_PRODUCT,0.363,SYNTHETIC_DEMO
SUP00599,PROD00193,SUPPLIER_PROVIDES_PRODUCT,0.3827,SYNTHETIC_DEMO
SUP00600,PROD00200,SUPPLIER_PROVIDES_PRODUCT,0.1817,SYNTHETIC_DEMO
SUP00601,PROD00207,SUPPLIER_PROVIDES_PRODUCT,0.2252,SYNTHETIC_DEMO
SUP00602,PROD00214,SUPPLIER_PROVIDES_PRODUCT,0.2623,SYNTHETIC_DEMO
SUP00603,PROD00221,SUPPLIER_PROVIDES_PRODUCT,0.0811,SYNTHETIC_DEMO
SUP00604,PROD00228,SUPPLIER_PROVIDES_PRODUCT,0.2684,SYNTHETIC_DEMO
SUP00605,PROD00235,SUPPLIER_PROVIDES_PRODUCT,0.16,SYNTHETIC_DEMO
SUP00606,PROD00242,SUPPLIER_PROVIDES_PRODUCT,0.0694,SYNTHETIC_DEMO
SUP00607,PROD00249,SUPPLIER_PROVIDES_PRODUCT,0.3411,SYNTHETIC_DEMO
SUP00608,PROD00256,SUPPLIER_PROVIDES_PRODUCT,0.1278,SYNTHETIC_DEMO
SUP00609,PROD00263,SUPPLIER_PROVIDES_PRODUCT,0.2337,SYNTHETIC_DEMO
SUP00610,PROD00270,SUPPLIER_PROVIDES_PRODUCT,0.1912,SYNTHETIC_DEMO
SUP00611,PROD00277,SUPPLIER_PROVIDES_PRODUCT,0.0504,SYNTHETIC_DEMO
SUP00612,PROD00284,SUPPLIER_PROVIDES_PRODUCT,0.1215,SYNTHETIC_DEMO
SUP00613,PROD00291,SUPPLIER_PROVIDES_PRODUCT,0.2851,SYNTHETIC_DEMO
SUP00614,PROD00298,SUPPLIER_PROVIDES_PRODUCT,0.3419,SYNTHETIC_DEMO
SUP00615,PROD00305,SUPPLIER_PROVIDES_PRODUCT,0.2053,SYNTHETIC_DEMO
SUP00616,PROD00312,SUPPLIER_PROVIDES_PRODUCT,0.1667,SYNTHETIC_DEMO
SUP00617,PROD00319,SUPPLIER_PROVIDES_PRODUCT,0.1444,SYNTHETIC_DEMO
SUP00618,PROD00326,SUPPLIER_PROVIDES_PRODUCT,0.1951,SYNTHETIC_DEMO
SUP00619,PROD00333,SUPPLIER_PROVIDES_PRODUCT,0.3311,SYNTHETIC_DEMO
SUP00620,PROD00340,SUPPLIER_PROVIDES_PRODUCT,0.1704,SYNTHETIC_DEMO
SUP00621,PROD00347,SUPPLIER_PROVIDES_PRODUCT,0.3493,SYNTHETIC_DEMO
SUP00622,PROD00354,SUPPLIER_PROVIDES_PRODUCT,0.0517,SYNTHETIC_DEMO
SUP00623,PROD00361,SUPPLIER_PROVIDES_PRODUCT,0.3487,SYNTHETIC_DEMO
SUP00624,PROD00368,SUPPLIER_PROVIDES_PRODUCT,0.3622,SYNTHETIC_DEMO
SUP00625,PROD00375,SUPPLIER_PROVIDES_PRODUCT,0.1818,SYNTHETIC_DEMO
SUP00626,PROD00382,SUPPLIER_PROVIDES_PRODUCT,0.2207,SYNTHETIC_DEMO
SUP00627,PROD00389,SUPPLIER_PROVIDES_PRODUCT,0.2518,SYNTHETIC_DEMO
SUP00628,PROD00396,SUPPLIER_PROVIDES_PRODUCT,0.2818,SYNTHETIC_DEMO
SUP00629,PROD00403,SUPPLIER_PROVIDES_PRODUCT,0.325,SYNTHETIC_DEMO
SUP00630,PROD00410,SUPPLIER_PROVIDES_PRODUCT,0.2075,SYNTHETIC_DEMO
SUP00631,PROD00417,SUPPLIER_PROVIDES_PRODUCT,0.2551,SYNTHETIC_DEMO
SUP00632,PROD00424,SUPPLIER_PROVIDES_PRODUCT,0.2803,SYNTHETIC_DEMO
SUP00633,PROD00431,SUPPLIER_PROVIDES_PRODUCT,0.349,SYNTHETIC_DEMO
SUP00634,PROD00438,SUPPLIER_PROVIDES_PRODUCT,0.2996,SYNTHETIC_DEMO
SUP00635,PROD00445,SUPPLIER_PROVIDES_PRODUCT,0.0281,SYNTHETIC_DEMO
SUP00636,PROD00452,SUPPLIER_PROVIDES_PRODUCT,0.0771,SYNTHETIC_DEMO
SUP00637,PROD00459,SUPPLIER_PROVIDES_PRODUCT,0.1521,SYNTHETIC_DEMO
SUP00638,PROD00466,SUPPLIER_PROVIDES_PRODUCT,0.159,SYNTHETIC_DEMO
SUP00639,PROD00473,SUPPLIER_PROVIDES_PRODUCT,0.1329,SYNTHETIC_DEMO
SUP00640,PROD00480,SUPPLIER_PROVIDES_PRODUCT,0.2753,SYNTHETIC_DEMO
SUP00641,PROD00487,SUPPLIER_PROVIDES_PRODUCT,0.1727,SYNTHETIC_DEMO
SUP00642,PROD00494,SUPPLIER_PROVIDES_PRODUCT,0.2816,SYNTHETIC_DEMO
SUP00643,PROD00501,SUPPLIER_PROVIDES_PRODUCT,0.2436,SYNTHETIC_DEMO
SUP00644,PROD00508,SUPPLIER_PROVIDES_PRODUCT,0.0324,SYNTHETIC_DEMO
SUP00645,PROD00515,SUPPLIER_PROVIDES_PRODUCT,0.2118,SYNTHETIC_DEMO
SUP00646,PROD00522,SUPPLIER_PROVIDES_PRODUCT,0.1129,SYNTHETIC_DEMO
SUP00647,PROD00529,SUPPLIER_PROVIDES_PRODUCT,0.2484,SYNTHETIC_DEMO
SUP00648,PROD00536,SUPPLIER_PROVIDES_PRODUCT,0.1391,SYNTHETIC_DEMO
SUP00649,PROD00543,SUPPLIER_PROVIDES_PRODUCT,0.326,SYNTHETIC_DEMO
SUP00650,PROD00550,SUPPLIER_PROVIDES_PRODUCT,0.3909,SYNTHETIC_DEMO
SUP00651,PROD00557,SUPPLIER_PROVIDES_PRODUCT,0.1873,SYNTHETIC_DEMO
SUP00652,PROD00564,SUPPLIER_PROVIDES_PRODUCT,0.2037,SYNTHETIC_DEMO
SUP00653,PROD00571,SUPPLIER_PROVIDES_PRODUCT,0.1614,SYNTHETIC_DEMO
SUP00654,PROD00578,SUPPLIER_PROVIDES_PRODUCT,0.1344,SYNTHETIC_DEMO
SUP00655,PROD00585,SUPPLIER_PROVIDES_PRODUCT,0.377,SYNTHETIC_DEMO
SUP00656,PROD00592,SUPPLIER_PROVIDES_PRODUCT,0.0961,SYNTHETIC_DEMO
SUP00657,PROD00599,SUPPLIER_PROVIDES_PRODUCT,0.086,SYNTHETIC_DEMO
SUP00658,PROD00606,SUPPLIER_PROVIDES_PRODUCT,0.0291,SYNTHETIC_DEMO
SUP00659,PROD00613,SUPPLIER_PROVIDES_PRODUCT,0.2881,SYNTHETIC_DEMO
SUP00660,PROD00620,SUPPLIER_PROVIDES_PRODUCT,0.0511,SYNTHETIC_DEMO
SUP00661,PROD00627,SUPPLIER_PROVIDES_PRODUCT,0.1535,SYNTHETIC_DEMO
SUP00662,PROD00634,SUPPLIER_PROVIDES_PRODUCT,0.2792,SYNTHETIC_DEMO
SUP00663,PROD00641,SUPPLIER_PROVIDES_PRODUCT,0.0997,SYNTHETIC_DEMO
SUP00664,PROD00648,SUPPLIER_PROVIDES_PRODUCT,0.3766,SYNTHETIC_DEMO
SUP00665,PROD00655,SUPPLIER_PROVIDES_PRODUCT,0.1629,SYNTHETIC_DEMO
SUP00666,PROD00662,SUPPLIER_PROVIDES_PRODUCT,0.1203,SYNTHETIC_DEMO
SUP00667,PROD00669,SUPPLIER_PROVIDES_PRODUCT,0.3657,SYNTHETIC_DEMO
SUP00668,PROD00676,SUPPLIER_PROVIDES_PRODUCT,0.2538,SYNTHETIC_DEMO
SUP00669,PROD00683,SUPPLIER_PROVIDES_PRODUCT,0.0622,SYNTHETIC_DEMO
SUP00670,PROD00690,SUPPLIER_PROVIDES_PRODUCT,0.0938,SYNTHETIC_DEMO
SUP00671,PROD00697,SUPPLIER_PROVIDES_PRODUCT,0.0333,SYNTHETIC_DEMO
SUP00672,PROD00704,SUPPLIER_PROVIDES_PRODUCT,0.2908,SYNTHETIC_DEMO
SUP00673,PROD00711,SUPPLIER_PROVIDES_PRODUCT,0.0207,SYNTHETIC_DEMO
SUP00674,PROD00718,SUPPLIER_PROVIDES_PRODUCT,0.3124,SYNTHETIC_DEMO
SUP00675,PROD00725,SUPPLIER_PROVIDES_PRODUCT,0.1635,SYNTHETIC_DEMO
SUP00676,PROD00732,SUPPLIER_PROVIDES_PRODUCT,0.1566,SYNTHETIC_DEMO
SUP00677,PROD00739,SUPPLIER_PROVIDES_PRODUCT,0.1294,SYNTHETIC_DEMO
SUP00678,PROD00746,SUPPLIER_PROVIDES_PRODUCT,0.3897,SYNTHETIC_DEMO
SUP00679,PROD00753,SUPPLIER_PROVIDES_PRODUCT,0.3969,SYNTHETIC_DEMO
SUP00680,PROD00760,SUPPLIER_PROVIDES_PRODUCT,0.2935,SYNTHETIC_DEMO
SUP00681,PROD00767,SUPPLIER_PROVIDES_PRODUCT,0.3576,SYNTHETIC_DEMO
SUP00682,PROD00774,SUPPLIER_PROVIDES_PRODUCT,0.0686,SYNTHETIC_DEMO
SUP00683,PROD00781,SUPPLIER_PROVIDES_PRODUCT,0.0316,SYNTHETIC_DEMO
SUP00684,PROD00788,SUPPLIER_PROVIDES_PRODUCT,0.0837,SYNTHETIC_DEMO
SUP00685,PROD00795,SUPPLIER_PROVIDES_PRODUCT,0.0566,SYNTHETIC_DEMO
SUP00686,PROD00802,SUPPLIER_PROVIDES_PRODUCT,0.2305,SYNTHETIC_DEMO
SUP00687,PROD00809,SUPPLIER_PROVIDES_PRODUCT,0.3097,SYNTHETIC_DEMO
SUP00688,PROD00816,SUPPLIER_PROVIDES_PRODUCT,0.2666,SYNTHETIC_DEMO
SUP00689,PROD00823,SUPPLIER_PROVIDES_PRODUCT,0.073,SYNTHETIC_DEMO
SUP00690,PROD00830,SUPPLIER_PROVIDES_PRODUCT,0.2698,SYNTHETIC_DEMO
SUP00691,PROD00837,SUPPLIER_PROVIDES_PRODUCT,0.3849,SYNTHETIC_DEMO
SUP00692,PROD00844,SUPPLIER_PROVIDES_PRODUCT,0.0605,SYNTHETIC_DEMO
SUP00693,PROD00851,SUPPLIER_PROVIDES_PRODUCT,0.1619,SYNTHETIC_DEMO
SUP00694,PROD00858,SUPPLIER_PROVIDES_PRODUCT,0.322,SYNTHETIC_DEMO
SUP00695,PROD00865,SUPPLIER_PROVIDES_PRODUCT,0.1499,SYNTHETIC_DEMO
SUP00696,PROD00872,SUPPLIER_PROVIDES_PRODUCT,0.1134,SYNTHETIC_DEMO
SUP00697,PROD00879,SUPPLIER_PROVIDES_PRODUCT,0.1309,SYNTHETIC_DEMO
SUP00698,PROD00886,SUPPLIER_PROVIDES_PRODUCT,0.252,SYNTHETIC_DEMO
SUP00699,PROD00893,SUPPLIER_PROVIDES_PRODUCT,0.2113,SYNTHETIC_DEMO
SUP00700,PROD00900,SUPPLIER_PROVIDES_PRODUCT,0.381,SYNTHETIC_DEMO
SUP00701,PROD00907,SUPPLIER_PROVIDES_PRODUCT,0.1695,SYNTHETIC_DEMO
SUP00702,PROD00914,SUPPLIER_PROVIDES_PRODUCT,0.3834,SYNTHETIC_DEMO
SUP00703,PROD00921,SUPPLIER_PROVIDES_PRODUCT,0.3618,SYNTHETIC_DEMO
SUP00704,PROD00928,SUPPLIER_PROVIDES_PRODUCT,0.1309,SYNTHETIC_DEMO
SUP00705,PROD00935,SUPPLIER_PROVIDES_PRODUCT,0.1385,SYNTHETIC_DEMO
SUP00706,PROD00942,SUPPLIER_PROVIDES_PRODUCT,0.394,SYNTHETIC_DEMO
SUP00707,PROD00949,SUPPLIER_PROVIDES_PRODUCT,0.3907,SYNTHETIC_DEMO
SUP00708,PROD00956,SUPPLIER_PROVIDES_PRODUCT,0.1969,SYNTHETIC_DEMO
SUP00709,PROD00963,SUPPLIER_PROVIDES_PRODUCT,0.1253,SYNTHETIC_DEMO
SUP00710,PROD00970,SUPPLIER_PROVIDES_PRODUCT,0.2841,SYNTHETIC_DEMO
SUP00711,PROD00977,SUPPLIER_PROVIDES_PRODUCT,0.1546,SYNTHETIC_DEMO
SUP00712,PROD00984,SUPPLIER_PROVIDES_PRODUCT,0.2143,SYNTHETIC_DEMO
SUP00713,PROD00991,SUPPLIER_PROVIDES_PRODUCT,0.2718,SYNTHETIC_DEMO
SUP00714,PROD00998,SUPPLIER_PROVIDES_PRODUCT,0.0663,SYNTHETIC_DEMO
SUP00715,PROD00005,SUPPLIER_PROVIDES_PRODUCT,0.132,SYNTHETIC_DEMO
SUP00716,PROD00012,SUPPLIER_PROVIDES_PRODUCT,0.1896,SYNTHETIC_DEMO
SUP00717,PROD00019,SUPPLIER_PROVIDES_PRODUCT,0.1651,SYNTHETIC_DEMO
SUP00718,PROD00026,SUPPLIER_PROVIDES_PRODUCT,0.3929,SYNTHETIC_DEMO
SUP00719,PROD00033,SUPPLIER_PROVIDES_PRODUCT,0.1684,SYNTHETIC_DEMO
SUP00720,PROD00040,SUPPLIER_PROVIDES_PRODUCT,0.3674,SYNTHETIC_DEMO
SUP00721,PROD00047,SUPPLIER_PROVIDES_PRODUCT,0.3212,SYNTHETIC_DEMO
SUP00722,PROD00054,SUPPLIER_PROVIDES_PRODUCT,0.0917,SYNTHETIC_DEMO
SUP00723,PROD00061,SUPPLIER_PROVIDES_PRODUCT,0.2743,SYNTHETIC_DEMO
SUP00724,PROD00068,SUPPLIER_PROVIDES_PRODUCT,0.1714,SYNTHETIC_DEMO
SUP00725,PROD00075,SUPPLIER_PROVIDES_PRODUCT,0.0428,SYNTHETIC_DEMO
SUP00726,PROD00082,SUPPLIER_PROVIDES_PRODUCT,0.1778,SYNTHETIC_DEMO
SUP00727,PROD00089,SUPPLIER_PROVIDES_PRODUCT,0.3878,SYNTHETIC_DEMO
SUP00728,PROD00096,SUPPLIER_PROVIDES_PRODUCT,0.1174,SYNTHETIC_DEMO
SUP00729,PROD00103,SUPPLIER_PROVIDES_PRODUCT,0.3928,SYNTHETIC_DEMO
SUP00730,PROD00110,SUPPLIER_PROVIDES_PRODUCT,0.3566,SYNTHETIC_DEMO
SUP00731,PROD00117,SUPPLIER_PROVIDES_PRODUCT,0.0312,SYNTHETIC_DEMO
SUP00732,PROD00124,SUPPLIER_PROVIDES_PRODUCT,0.1619,SYNTHETIC_DEMO
SUP00733,PROD00131,SUPPLIER_PROVIDES_PRODUCT,0.2586,SYNTHETIC_DEMO
SUP00734,PROD00138,SUPPLIER_PROVIDES_PRODUCT,0.3592,SYNTHETIC_DEMO
SUP00735,PROD00145,SUPPLIER_PROVIDES_PRODUCT,0.2099,SYNTHETIC_DEMO
SUP00736,PROD00152,SUPPLIER_PROVIDES_PRODUCT,0.3943,SYNTHETIC_DEMO
SUP00737,PROD00159,SUPPLIER_PROVIDES_PRODUCT,0.3379,SYNTHETIC_DEMO
SUP00738,PROD00166,SUPPLIER_PROVIDES_PRODUCT,0.1005,SYNTHETIC_DEMO
SUP00739,PROD00173,SUPPLIER_PROVIDES_PRODUCT,0.358,SYNTHETIC_DEMO
SUP00740,PROD00180,SUPPLIER_PROVIDES_PRODUCT,0.1449,SYNTHETIC_DEMO
SUP00741,PROD00187,SUPPLIER_PROVIDES_PRODUCT,0.2674,SYNTHETIC_DEMO
SUP00742,PROD00194,SUPPLIER_PROVIDES_PRODUCT,0.142,SYNTHETIC_DEMO
SUP00743,PROD00201,SUPPLIER_PROVIDES_PRODUCT,0.3153,SYNTHETIC_DEMO
SUP00744,PROD00208,SUPPLIER_PROVIDES_PRODUCT,0.2002,SYNTHETIC_DEMO
SUP00745,PROD00215,SUPPLIER_PROVIDES_PRODUCT,0.3241,SYNTHETIC_DEMO
SUP00746,PROD00222,SUPPLIER_PROVIDES_PRODUCT,0.0569,SYNTHETIC_DEMO
SUP00747,PROD00229,SUPPLIER_PROVIDES_PRODUCT,0.3657,SYNTHETIC_DEMO
SUP00748,PROD00236,SUPPLIER_PROVIDES_PRODUCT,0.1266,SYNTHETIC_DEMO
SUP00749,PROD00243,SUPPLIER_PROVIDES_PRODUCT,0.0961,SYNTHETIC_DEMO
SUP00750,PROD00250,SUPPLIER_PROVIDES_PRODUCT,0.0737,SYNTHETIC_DEMO
SUP00751,PROD00257,SUPPLIER_PROVIDES_PRODUCT,0.2435,SYNTHETIC_DEMO
SUP00752,PROD00264,SUPPLIER_PROVIDES_PRODUCT,0.0162,SYNTHETIC_DEMO
SUP00753,PROD00271,SUPPLIER_PROVIDES_PRODUCT,0.2226,SYNTHETIC_DEMO
SUP00754,PROD00278,SUPPLIER_PROVIDES_PRODUCT,0.1136,SYNTHETIC_DEMO
SUP00755,PROD00285,SUPPLIER_PROVIDES_PRODUCT,0.0938,SYNTHETIC_DEMO
SUP00756,PROD00292,SUPPLIER_PROVIDES_PRODUCT,0.1511,SYNTHETIC_DEMO
SUP00757,PROD00299,SUPPLIER_PROVIDES_PRODUCT,0.0831,SYNTHETIC_DEMO
SUP00758,PROD00306,SUPPLIER_PROVIDES_PRODUCT,0.2865,SYNTHETIC_DEMO
SUP00759,PROD00313,SUPPLIER_PROVIDES_PRODUCT,0.1788,SYNTHETIC_DEMO
SUP00760,PROD00320,SUPPLIER_PROVIDES_PRODUCT,0.0182,SYNTHETIC_DEMO
SUP00761,PROD00327,SUPPLIER_PROVIDES_PRODUCT,0.3212,SYNTHETIC_DEMO
SUP00762,PROD00334,SUPPLIER_PROVIDES_PRODUCT,0.0505,SYNTHETIC_DEMO
SUP00763,PROD00341,SUPPLIER_PROVIDES_PRODUCT,0.0507,SYNTHETIC_DEMO
SUP00764,PROD00348,SUPPLIER_PROVIDES_PRODUCT,0.3236,SYNTHETIC_DEMO
SUP00765,PROD00355,SUPPLIER_PROVIDES_PRODUCT,0.0645,SYNTHETIC_DEMO
SUP00766,PROD00362,SUPPLIER_PROVIDES_PRODUCT,0.3062,SYNTHETIC_DEMO
SUP00767,PROD00369,SUPPLIER_PROVIDES_PRODUCT,0.1732,SYNTHETIC_DEMO
SUP00768,PROD00376,SUPPLIER_PROVIDES_PRODUCT,0.1245,SYNTHETIC_DEMO
SUP00769,PROD00383,SUPPLIER_PROVIDES_PRODUCT,0.0258,SYNTHETIC_DEMO
SUP00770,PROD00390,SUPPLIER_PROVIDES_PRODUCT,0.1972,SYNTHETIC_DEMO
SUP00771,PROD00397,SUPPLIER_PROVIDES_PRODUCT,0.1921,SYNTHETIC_DEMO
SUP00772,PROD00404,SUPPLIER_PROVIDES_PRODUCT,0.1061,SYNTHETIC_DEMO
SUP00773,PROD00411,SUPPLIER_PROVIDES_PRODUCT,0.3627,SYNTHETIC_DEMO
SUP00774,PROD00418,SUPPLIER_PROVIDES_PRODUCT,0.2658,SYNTHETIC_DEMO
SUP00775,PROD00425,SUPPLIER_PROVIDES_PRODUCT,0.2956,SYNTHETIC_DEMO
SUP00776,PROD00432,SUPPLIER_PROVIDES_PRODUCT,0.2727,SYNTHETIC_DEMO
SUP00777,PROD00439,SUPPLIER_PROVIDES_PRODUCT,0.2474,SYNTHETIC_DEMO
SUP00778,PROD00446,SUPPLIER_PROVIDES_PRODUCT,0.2555,SYNTHETIC_DEMO
SUP00779,PROD00453,SUPPLIER_PROVIDES_PRODUCT,0.2838,SYNTHETIC_DEMO
SUP00780,PROD00460,SUPPLIER_PROVIDES_PRODUCT,0.3018,SYNTHETIC_DEMO
SUP00781,PROD00467,SUPPLIER_PROVIDES_PRODUCT,0.0479,SYNTHETIC_DEMO
SUP00782,PROD00474,SUPPLIER_PROVIDES_PRODUCT,0.2272,SYNTHETIC_DEMO
SUP00783,PROD00481,SUPPLIER_PROVIDES_PRODUCT,0.1152,SYNTHETIC_DEMO
SUP00784,PROD00488,SUPPLIER_PROVIDES_PRODUCT,0.2899,SYNTHETIC_DEMO
SUP00785,PROD00495,SUPPLIER_PROVIDES_PRODUCT,0.3146,SYNTHETIC_DEMO
SUP00786,PROD00502,SUPPLIER_PROVIDES_PRODUCT,0.256,SYNTHETIC_DEMO
SUP00787,PROD00509,SUPPLIER_PROVIDES_PRODUCT,0.1538,SYNTHETIC_DEMO
SUP00788,PROD00516,SUPPLIER_PROVIDES_PRODUCT,0.1223,SYNTHETIC_DEMO
SUP00789,PROD00523,SUPPLIER_PROVIDES_PRODUCT,0.0981,SYNTHETIC_DEMO
SUP00790,PROD00530,SUPPLIER_PROVIDES_PRODUCT,0.3266,SYNTHETIC_DEMO
SUP00791,PROD00537,SUPPLIER_PROVIDES_PRODUCT,0.3939,SYNTHETIC_DEMO
SUP00792,PROD00544,SUPPLIER_PROVIDES_PRODUCT,0.343,SYNTHETIC_DEMO
SUP00793,PROD00551,SUPPLIER_PROVIDES_PRODUCT,0.1107,SYNTHETIC_DEMO
SUP00794,PROD00558,SUPPLIER_PROVIDES_PRODUCT,0.3189,SYNTHETIC_DEMO
SUP00795,PROD00565,SUPPLIER_PROVIDES_PRODUCT,0.2052,SYNTHETIC_DEMO
SUP00796,PROD00572,SUPPLIER_PROVIDES_PRODUCT,0.119,SYNTHETIC_DEMO
SUP00797,PROD00579,SUPPLIER_PROVIDES_PRODUCT,0.0915,SYNTHETIC_DEMO
SUP00798,PROD00586,SUPPLIER_PROVIDES_PRODUCT,0.1463,SYNTHETIC_DEMO
SUP00799,PROD00593,SUPPLIER_PROVIDES_PRODUCT,0.2423,SYNTHETIC_DEMO
SUP00800,PROD00600,SUPPLIER_PROVIDES_PRODUCT,0.0608,SYNTHETIC_DEMO
SUP00801,PROD00607,SUPPLIER_PROVIDES_PRODUCT,0.0401,SYNTHETIC_DEMO
SUP00802,PROD00614,SUPPLIER_PROVIDES_PRODUCT,0.1887,SYNTHETIC_DEMO
SUP00803,PROD00621,SUPPLIER_PROVIDES_PRODUCT,0.1298,SYNTHETIC_DEMO
SUP00804,PROD00628,SUPPLIER_PROVIDES_PRODUCT,0.3241,SYNTHETIC_DEMO
SUP00805,PROD00635,SUPPLIER_PROVIDES_PRODUCT,0.2439,SYNTHETIC_DEMO
SUP00806,PROD00642,SUPPLIER_PROVIDES_PRODUCT,0.3149,SYNTHETIC_DEMO
SUP00807,PROD00649,SUPPLIER_PROVIDES_PRODUCT,0.212,SYNTHETIC_DEMO
SUP00808,PROD00656,SUPPLIER_PROVIDES_PRODUCT,0.3871,SYNTHETIC_DEMO
SUP00809,PROD00663,SUPPLIER_PROVIDES_PRODUCT,0.3729,SYNTHETIC_DEMO
SUP00810,PROD00670,SUPPLIER_PROVIDES_PRODUCT,0.3639,SYNTHETIC_DEMO
SUP00811,PROD00677,SUPPLIER_PROVIDES_PRODUCT,0.1622,SYNTHETIC_DEMO
SUP00812,PROD00684,SUPPLIER_PROVIDES_PRODUCT,0.3342,SYNTHETIC_DEMO
SUP00813,PROD00691,SUPPLIER_PROVIDES_PRODUCT,0.3138,SYNTHETIC_DEMO
SUP00814,PROD00698,SUPPLIER_PROVIDES_PRODUCT,0.3808,SYNTHETIC_DEMO
SUP00815,PROD00705,SUPPLIER_PROVIDES_PRODUCT,0.1643,SYNTHETIC_DEMO
SUP00816,PROD00712,SUPPLIER_PROVIDES_PRODUCT,0.22,SYNTHETIC_DEMO
SUP00817,PROD00719,SUPPLIER_PROVIDES_PRODUCT,0.1247,SYNTHETIC_DEMO
SUP00818,PROD00726,SUPPLIER_PROVIDES_PRODUCT,0.0905,SYNTHETIC_DEMO
SUP00819,PROD00733,SUPPLIER_PROVIDES_PRODUCT,0.2702,SYNTHETIC_DEMO
SUP00820,PROD00740,SUPPLIER_PROVIDES_PRODUCT,0.0723,SYNTHETIC_DEMO
SUP00821,PROD00747,SUPPLIER_PROVIDES_PRODUCT,0.3751,SYNTHETIC_DEMO
SUP00822,PROD00754,SUPPLIER_PROVIDES_PRODUCT,0.1053,SYNTHETIC_DEMO
SUP00823,PROD00761,SUPPLIER_PROVIDES_PRODUCT,0.0105,SYNTHETIC_DEMO
SUP00824,PROD00768,SUPPLIER_PROVIDES_PRODUCT,0.0511,SYNTHETIC_DEMO
SUP00825,PROD00775,SUPPLIER_PROVIDES_PRODUCT,0.3094,SYNTHETIC_DEMO
SUP00826,PROD00782,SUPPLIER_PROVIDES_PRODUCT,0.1979,SYNTHETIC_DEMO
SUP00827,PROD00789,SUPPLIER_PROVIDES_PRODUCT,0.3258,SYNTHETIC_DEMO
SUP00828,PROD00796,SUPPLIER_PROVIDES_PRODUCT,0.281,SYNTHETIC_DEMO
SUP00829,PROD00803,SUPPLIER_PROVIDES_PRODUCT,0.351,SYNTHETIC_DEMO
SUP00830,PROD00810,SUPPLIER_PROVIDES_PRODUCT,0.0901,SYNTHETIC_DEMO
SUP00831,PROD00817,SUPPLIER_PROVIDES_PRODUCT,0.101,SYNTHETIC_DEMO
SUP00832,PROD00824,SUPPLIER_PROVIDES_PRODUCT,0.2074,SYNTHETIC_DEMO
SUP00833,PROD00831,SUPPLIER_PROVIDES_PRODUCT,0.0871,SYNTHETIC_DEMO
SUP00834,PROD00838,SUPPLIER_PROVIDES_PRODUCT,0.2331,SYNTHETIC_DEMO
SUP00835,PROD00845,SUPPLIER_PROVIDES_PRODUCT,0.1331,SYNTHETIC_DEMO
SUP00836,PROD00852,SUPPLIER_PROVIDES_PRODUCT,0.1242,SYNTHETIC_DEMO
SUP00837,PROD00859,SUPPLIER_PROVIDES_PRODUCT,0.1468,SYNTHETIC_DEMO
SUP00838,PROD00866,SUPPLIER_PROVIDES_PRODUCT,0.2562,SYNTHETIC_DEMO
SUP00839,PROD00873,SUPPLIER_PROVIDES_PRODUCT,0.2545,SYNTHETIC_DEMO
SUP00840,PROD00880,SUPPLIER_PROVIDES_PRODUCT,0.2395,SYNTHETIC_DEMO
SUP00841,PROD00887,SUPPLIER_PROVIDES_PRODUCT,0.1209,SYNTHETIC_DEMO
SUP00842,PROD00894,SUPPLIER_PROVIDES_PRODUCT,0.3771,SYNTHETIC_DEMO
SUP00843,PROD00901,SUPPLIER_PROVIDES_PRODUCT,0.3531,SYNTHETIC_DEMO
SUP00844,PROD00908,SUPPLIER_PROVIDES_PRODUCT,0.3889,SYNTHETIC_DEMO
SUP00845,PROD00915,SUPPLIER_PROVIDES_PRODUCT,0.0961,SYNTHETIC_DEMO
SUP00846,PROD00922,SUPPLIER_PROVIDES_PRODUCT,0.1281,SYNTHETIC_DEMO
SUP00847,PROD00929,SUPPLIER_PROVIDES_PRODUCT,0.1946,SYNTHETIC_DEMO
SUP00848,PROD00936,SUPPLIER_PROVIDES_PRODUCT,0.0529,SYNTHETIC_DEMO
SUP00849,PROD00943,SUPPLIER_PROVIDES_PRODUCT,0.3231,SYNTHETIC_DEMO
SUP00850,PROD00950,SUPPLIER_PROVIDES_PRODUCT,0.3653,SYNTHETIC_DEMO
SUP00851,PROD00957,SUPPLIER_PROVIDES_PRODUCT,0.1005,SYNTHETIC_DEMO
SUP00852,PROD00964,SUPPLIER_PROVIDES_PRODUCT,0.3346,SYNTHETIC_DEMO
SUP00853,PROD00971,SUPPLIER_PROVIDES_PRODUCT,0.108,SYNTHETIC_DEMO
SUP00854,PROD00978,SUPPLIER_PROVIDES_PRODUCT,0.0158,SYNTHETIC_DEMO
SUP00855,PROD00985,SUPPLIER_PROVIDES_PRODUCT,0.0585,SYNTHETIC_DEMO
SUP00856,PROD00992,SUPPLIER_PROVIDES_PRODUCT,0.2651,SYNTHETIC_DEMO
SUP00857,PROD00999,SUPPLIER_PROVIDES_PRODUCT,0.2749,SYNTHETIC_DEMO
SUP00858,PROD00006,SUPPLIER_PROVIDES_PRODUCT,0.3082,SYNTHETIC_DEMO
SUP00859,PROD00013,SUPPLIER_PROVIDES_PRODUCT,0.2957,SYNTHETIC_DEMO
SUP00860,PROD00020,SUPPLIER_PROVIDES_PRODUCT,0.0117,SYNTHETIC_DEMO
SUP00861,PROD00027,SUPPLIER_PROVIDES_PRODUCT,0.355,SYNTHETIC_DEMO
SUP00862,PROD00034,SUPPLIER_PROVIDES_PRODUCT,0.356,SYNTHETIC_DEMO
SUP00863,PROD00041,SUPPLIER_PROVIDES_PRODUCT,0.2059,SYNTHETIC_DEMO
SUP00864,PROD00048,SUPPLIER_PROVIDES_PRODUCT,0.2572,SYNTHETIC_DEMO
SUP00865,PROD00055,SUPPLIER_PROVIDES_PRODUCT,0.1151,SYNTHETIC_DEMO
SUP00866,PROD00062,SUPPLIER_PROVIDES_PRODUCT,0.3775,SYNTHETIC_DEMO
SUP00867,PROD00069,SUPPLIER_PROVIDES_PRODUCT,0.2537,SYNTHETIC_DEMO
SUP00868,PROD00076,SUPPLIER_PROVIDES_PRODUCT,0.1826,SYNTHETIC_DEMO
SUP00869,PROD00083,SUPPLIER_PROVIDES_PRODUCT,0.2039,SYNTHETIC_DEMO
SUP00870,PROD00090,SUPPLIER_PROVIDES_PRODUCT,0.2553,SYNTHETIC_DEMO
SUP00871,PROD00097,SUPPLIER_PROVIDES_PRODUCT,0.2744,SYNTHETIC_DEMO
SUP00872,PROD00104,SUPPLIER_PROVIDES_PRODUCT,0.2414,SYNTHETIC_DEMO
SUP00873,PROD00111,SUPPLIER_PROVIDES_PRODUCT,0.0226,SYNTHETIC_DEMO
SUP00874,PROD00118,SUPPLIER_PROVIDES_PRODUCT,0.1651,SYNTHETIC_DEMO
SUP00875,PROD00125,SUPPLIER_PROVIDES_PRODUCT,0.0236,SYNTHETIC_DEMO
SUP00876,PROD00132,SUPPLIER_PROVIDES_PRODUCT,0.1306,SYNTHETIC_DEMO
SUP00877,PROD00139,SUPPLIER_PROVIDES_PRODUCT,0.2217,SYNTHETIC_DEMO
SUP00878,PROD00146,SUPPLIER_PROVIDES_PRODUCT,0.0577,SYNTHETIC_DEMO
SUP00879,PROD00153,SUPPLIER_PROVIDES_PRODUCT,0.1068,SYNTHETIC_DEMO
SUP00880,PROD00160,SUPPLIER_PROVIDES_PRODUCT,0.1151,SYNTHETIC_DEMO
SUP00881,PROD00167,SUPPLIER_PROVIDES_PRODUCT,0.0165,SYNTHETIC_DEMO
SUP00882,PROD00174,SUPPLIER_PROVIDES_PRODUCT,0.071,SYNTHETIC_DEMO
SUP00883,PROD00181,SUPPLIER_PROVIDES_PRODUCT,0.2731,SYNTHETIC_DEMO
SUP00884,PROD00188,SUPPLIER_PROVIDES_PRODUCT,0.1073,SYNTHETIC_DEMO
SUP00885,PROD00195,SUPPLIER_PROVIDES_PRODUCT,0.0461,SYNTHETIC_DEMO
SUP00886,PROD00202,SUPPLIER_PROVIDES_PRODUCT,0.1957,SYNTHETIC_DEMO
SUP00887,PROD00209,SUPPLIER_PROVIDES_PRODUCT,0.3621,SYNTHETIC_DEMO
SUP00888,PROD00216,SUPPLIER_PROVIDES_PRODUCT,0.0763,SYNTHETIC_DEMO
SUP00889,PROD00223,SUPPLIER_PROVIDES_PRODUCT,0.0643,SYNTHETIC_DEMO
SUP00890,PROD00230,SUPPLIER_PROVIDES_PRODUCT,0.2843,SYNTHETIC_DEMO
SUP00891,PROD00237,SUPPLIER_PROVIDES_PRODUCT,0.183,SYNTHETIC_DEMO
SUP00892,PROD00244,SUPPLIER_PROVIDES_PRODUCT,0.2922,SYNTHETIC_DEMO
SUP00893,PROD00251,SUPPLIER_PROVIDES_PRODUCT,0.1748,SYNTHETIC_DEMO
SUP00894,PROD00258,SUPPLIER_PROVIDES_PRODUCT,0.0103,SYNTHETIC_DEMO
SUP00895,PROD00265,SUPPLIER_PROVIDES_PRODUCT,0.35,SYNTHETIC_DEMO
SUP00896,PROD00272,SUPPLIER_PROVIDES_PRODUCT,0.1341,SYNTHETIC_DEMO
SUP00897,PROD00279,SUPPLIER_PROVIDES_PRODUCT,0.1173,SYNTHETIC_DEMO
SUP00898,PROD00286,SUPPLIER_PROVIDES_PRODUCT,0.2424,SYNTHETIC_DEMO
SUP00899,PROD00293,SUPPLIER_PROVIDES_PRODUCT,0.2274,SYNTHETIC_DEMO
SUP00900,PROD00300,SUPPLIER_PROVIDES_PRODUCT,0.149,SYNTHETIC_DEMO
SUP00901,PROD00307,SUPPLIER_PROVIDES_PRODUCT,0.2442,SYNTHETIC_DEMO
SUP00902,PROD00314,SUPPLIER_PROVIDES_PRODUCT,0.0412,SYNTHETIC_DEMO
SUP00903,PROD00321,SUPPLIER_PROVIDES_PRODUCT,0.3873,SYNTHETIC_DEMO
SUP00904,PROD00328,SUPPLIER_PROVIDES_PRODUCT,0.3261,SYNTHETIC_DEMO
SUP00905,PROD00335,SUPPLIER_PROVIDES_PRODUCT,0.1602,SYNTHETIC_DEMO
SUP00906,PROD00342,SUPPLIER_PROVIDES_PRODUCT,0.11,SYNTHETIC_DEMO
SUP00907,PROD00349,SUPPLIER_PROVIDES_PRODUCT,0.2555,SYNTHETIC_DEMO
SUP00908,PROD00356,SUPPLIER_PROVIDES_PRODUCT,0.3187,SYNTHETIC_DEMO
SUP00909,PROD00363,SUPPLIER_PROVIDES_PRODUCT,0.3914,SYNTHETIC_DEMO
SUP00910,PROD00370,SUPPLIER_PROVIDES_PRODUCT,0.3015,SYNTHETIC_DEMO
SUP00911,PROD00377,SUPPLIER_PROVIDES_PRODUCT,0.3749,SYNTHETIC_DEMO
SUP00912,PROD00384,SUPPLIER_PROVIDES_PRODUCT,0.3984,SYNTHETIC_DEMO
SUP00913,PROD00391,SUPPLIER_PROVIDES_PRODUCT,0.2119,SYNTHETIC_DEMO
SUP00914,PROD00398,SUPPLIER_PROVIDES_PRODUCT,0.3839,SYNTHETIC_DEMO
SUP00915,PROD00405,SUPPLIER_PROVIDES_PRODUCT,0.0866,SYNTHETIC_DEMO
SUP00916,PROD00412,SUPPLIER_PROVIDES_PRODUCT,0.0893,SYNTHETIC_DEMO
SUP00917,PROD00419,SUPPLIER_PROVIDES_PRODUCT,0.1258,SYNTHETIC_DEMO
SUP00918,PROD00426,SUPPLIER_PROVIDES_PRODUCT,0.227,SYNTHETIC_DEMO
SUP00919,PROD00433,SUPPLIER_PROVIDES_PRODUCT,0.2048,SYNTHETIC_DEMO
SUP00920,PROD00440,SUPPLIER_PROVIDES_PRODUCT,0.0599,SYNTHETIC_DEMO
SUP00921,PROD00447,SUPPLIER_PROVIDES_PRODUCT,0.1514,SYNTHETIC_DEMO
SUP00922,PROD00454,SUPPLIER_PROVIDES_PRODUCT,0.0967,SYNTHETIC_DEMO
SUP00923,PROD00461,SUPPLIER_PROVIDES_PRODUCT,0.3147,SYNTHETIC_DEMO
SUP00924,PROD00468,SUPPLIER_PROVIDES_PRODUCT,0.1049,SYNTHETIC_DEMO
SUP00925,PROD00475,SUPPLIER_PROVIDES_PRODUCT,0.12,SYNTHETIC_DEMO
SUP00926,PROD00482,SUPPLIER_PROVIDES_PRODUCT,0.1068,SYNTHETIC_DEMO
SUP00927,PROD00489,SUPPLIER_PROVIDES_PRODUCT,0.3617,SYNTHETIC_DEMO
SUP00928,PROD00496,SUPPLIER_PROVIDES_PRODUCT,0.3244,SYNTHETIC_DEMO
SUP00929,PROD00503,SUPPLIER_PROVIDES_PRODUCT,0.0796,SYNTHETIC_DEMO
SUP00930,PROD00510,SUPPLIER_PROVIDES_PRODUCT,0.0707,SYNTHETIC_DEMO
SUP00931,PROD00517,SUPPLIER_PROVIDES_PRODUCT,0.2522,SYNTHETIC_DEMO
SUP00932,PROD00524,SUPPLIER_PROVIDES_PRODUCT,0.1441,SYNTHETIC_DEMO
SUP00933,PROD00531,SUPPLIER_PROVIDES_PRODUCT,0.3403,SYNTHETIC_DEMO
SUP00934,PROD00538,SUPPLIER_PROVIDES_PRODUCT,0.2048,SYNTHETIC_DEMO
SUP00935,PROD00545,SUPPLIER_PROVIDES_PRODUCT,0.3805,SYNTHETIC_DEMO
SUP00936,PROD00552,SUPPLIER_PROVIDES_PRODUCT,0.1616,SYNTHETIC_DEMO
SUP00937,PROD00559,SUPPLIER_PROVIDES_PRODUCT,0.2529,SYNTHETIC_DEMO
SUP00938,PROD00566,SUPPLIER_PROVIDES_PRODUCT,0.2965,SYNTHETIC_DEMO
SUP00939,PROD00573,SUPPLIER_PROVIDES_PRODUCT,0.3214,SYNTHETIC_DEMO
SUP00940,PROD00580,SUPPLIER_PROVIDES_PRODUCT,0.1881,SYNTHETIC_DEMO
SUP00941,PROD00587,SUPPLIER_PROVIDES_PRODUCT,0.174,SYNTHETIC_DEMO
SUP00942,PROD00594,SUPPLIER_PROVIDES_PRODUCT,0.3226,SYNTHETIC_DEMO
SUP00943,PROD00601,SUPPLIER_PROVIDES_PRODUCT,0.1574,SYNTHETIC_DEMO
SUP00944,PROD00608,SUPPLIER_PROVIDES_PRODUCT,0.0934,SYNTHETIC_DEMO
SUP00945,PROD00615,SUPPLIER_PROVIDES_PRODUCT,0.1964,SYNTHETIC_DEMO
SUP00946,PROD00622,SUPPLIER_PROVIDES_PRODUCT,0.3574,SYNTHETIC_DEMO
SUP00947,PROD00629,SUPPLIER_PROVIDES_PRODUCT,0.2294,SYNTHETIC_DEMO
SUP00948,PROD00636,SUPPLIER_PROVIDES_PRODUCT,0.1002,SYNTHETIC_DEMO
SUP00949,PROD00643,SUPPLIER_PROVIDES_PRODUCT,0.3389,SYNTHETIC_DEMO
SUP00950,PROD00650,SUPPLIER_PROVIDES_PRODUCT,0.0283,SYNTHETIC_DEMO
SUP00951,PROD00657,SUPPLIER_PROVIDES_PRODUCT,0.0406,SYNTHETIC_DEMO
SUP00952,PROD00664,SUPPLIER_PROVIDES_PRODUCT,0.3364,SYNTHETIC_DEMO
SUP00953,PROD00671,SUPPLIER_PROVIDES_PRODUCT,0.3314,SYNTHETIC_DEMO
SUP00954,PROD00678,SUPPLIER_PROVIDES_PRODUCT,0.3378,SYNTHETIC_DEMO
SUP00955,PROD00685,SUPPLIER_PROVIDES_PRODUCT,0.2373,SYNTHETIC_DEMO
SUP00956,PROD00692,SUPPLIER_PROVIDES_PRODUCT,0.3402,SYNTHETIC_DEMO
SUP00957,PROD00699,SUPPLIER_PROVIDES_PRODUCT,0.0272,SYNTHETIC_DEMO
SUP00958,PROD00706,SUPPLIER_PROVIDES_PRODUCT,0.0213,SYNTHETIC_DEMO
SUP00959,PROD00713,SUPPLIER_PROVIDES_PRODUCT,0.1624,SYNTHETIC_DEMO
SUP00960,PROD00720,SUPPLIER_PROVIDES_PRODUCT,0.253,SYNTHETIC_DEMO
SUP00961,PROD00727,SUPPLIER_PROVIDES_PRODUCT,0.2358,SYNTHETIC_DEMO
SUP00962,PROD00734,SUPPLIER_PROVIDES_PRODUCT,0.1654,SYNTHETIC_DEMO
SUP00963,PROD00741,SUPPLIER_PROVIDES_PRODUCT,0.1114,SYNTHETIC_DEMO
SUP00964,PROD00748,SUPPLIER_PROVIDES_PRODUCT,0.2458,SYNTHETIC_DEMO
SUP00965,PROD00755,SUPPLIER_PROVIDES_PRODUCT,0.2791,SYNTHETIC_DEMO
SUP00966,PROD00762,SUPPLIER_PROVIDES_PRODUCT,0.3587,SYNTHETIC_DEMO
SUP00967,PROD00769,SUPPLIER_PROVIDES_PRODUCT,0.3573,SYNTHETIC_DEMO
SUP00968,PROD00776,SUPPLIER_PROVIDES_PRODUCT,0.0472,SYNTHETIC_DEMO
SUP00969,PROD00783,SUPPLIER_PROVIDES_PRODUCT,0.2469,SYNTHETIC_DEMO
SUP00970,PROD00790,SUPPLIER_PROVIDES_PRODUCT,0.1795,SYNTHETIC_DEMO
SUP00971,PROD00797,SUPPLIER_PROVIDES_PRODUCT,0.392,SYNTHETIC_DEMO
SUP00972,PROD00804,SUPPLIER_PROVIDES_PRODUCT,0.2061,SYNTHETIC_DEMO
SUP00973,PROD00811,SUPPLIER_PROVIDES_PRODUCT,0.1518,SYNTHETIC_DEMO
SUP00974,PROD00818,SUPPLIER_PROVIDES_PRODUCT,0.3106,SYNTHETIC_DEMO
SUP00975,PROD00825,SUPPLIER_PROVIDES_PRODUCT,0.0245,SYNTHETIC_DEMO
SUP00976,PROD00832,SUPPLIER_PROVIDES_PRODUCT,0.3441,SYNTHETIC_DEMO
SUP00977,PROD00839,SUPPLIER_PROVIDES_PRODUCT,0.3702,SYNTHETIC_DEMO
SUP00978,PROD00846,SUPPLIER_PROVIDES_PRODUCT,0.3311,SYNTHETIC_DEMO
SUP00979,PROD00853,SUPPLIER_PROVIDES_PRODUCT,0.0439,SYNTHETIC_DEMO
SUP00980,PROD00860,SUPPLIER_PROVIDES_PRODUCT,0.3616,SYNTHETIC_DEMO
SUP00981,PROD00867,SUPPLIER_PROVIDES_PRODUCT,0.1712,SYNTHETIC_DEMO
SUP00982,PROD00874,SUPPLIER_PROVIDES_PRODUCT,0.0665,SYNTHETIC_DEMO
SUP00983,PROD00881,SUPPLIER_PROVIDES_PRODUCT,0.1455,SYNTHETIC_DEMO
SUP00984,PROD00888,SUPPLIER_PROVIDES_PRODUCT,0.065,SYNTHETIC_DEMO
SUP00985,PROD00895,SUPPLIER_PROVIDES_PRODUCT,0.3891,SYNTHETIC_DEMO
SUP00986,PROD00902,SUPPLIER_PROVIDES_PRODUCT,0.2228,SYNTHETIC_DEMO
SUP00987,PROD00909,SUPPLIER_PROVIDES_PRODUCT,0.3519,SYNTHETIC_DEMO
SUP00988,PROD00916,SUPPLIER_PROVIDES_PRODUCT,0.1541,SYNTHETIC_DEMO
SUP00989,PROD00923,SUPPLIER_PROVIDES_PRODUCT,0.1106,SYNTHETIC_DEMO
SUP00990,PROD00930,SUPPLIER_PROVIDES_PRODUCT,0.1517,SYNTHETIC_DEMO
SUP00991,PROD00937,SUPPLIER_PROVIDES_PRODUCT,0.2119,SYNTHETIC_DEMO
SUP00992,PROD00944,SUPPLIER_PROVIDES_PRODUCT,0.1061,SYNTHETIC_DEMO
SUP00993,PROD00951,SUPPLIER_PROVIDES_PRODUCT,0.2807,SYNTHETIC_DEMO
SUP00994,PROD00958,SUPPLIER_PROVIDES_PRODUCT,0.2008,SYNTHETIC_DEMO
SUP00995,PROD00965,SUPPLIER_PROVIDES_PRODUCT,0.2897,SYNTHETIC_DEMO
SUP00996,PROD00972,SUPPLIER_PROVIDES_PRODUCT,0.2856,SYNTHETIC_DEMO
SUP00997,PROD00979,SUPPLIER_PROVIDES_PRODUCT,0.0707,SYNTHETIC_DEMO
SUP00998,PROD00986,SUPPLIER_PROVIDES_PRODUCT,0.1933,SYNTHETIC_DEMO
SUP00999,PROD00993,SUPPLIER_PROVIDES_PRODUCT,0.1637,SYNTHETIC_DEMO
SUP01000,PROD01000,SUPPLIER_PROVIDES_PRODUCT,0.3834,SYNTHETIC_DEMO
SUP00001,PROD00007,SUPPLIER_PROVIDES_PRODUCT,0.3652,SYNTHETIC_DEMO
SUP00002,PROD00014,SUPPLIER_PROVIDES_PRODUCT,0.3769,SYNTHETIC_DEMO
SUP00003,PROD00021,SUPPLIER_PROVIDES_PRODUCT,0.2085,SYNTHETIC_DEMO
SUP00004,PROD00028,SUPPLIER_PROVIDES_PRODUCT,0.1777,SYNTHETIC_DEMO
SUP00005,PROD00035,SUPPLIER_PROVIDES_PRODUCT,0.2795,SYNTHETIC_DEMO
SUP00006,PROD00042,SUPPLIER_PROVIDES_PRODUCT,0.3446,SYNTHETIC_DEMO
SUP00007,PROD00049,SUPPLIER_PROVIDES_PRODUCT,0.2078,SYNTHETIC_DEMO
SUP00008,PROD00056,SUPPLIER_PROVIDES_PRODUCT,0.2571,SYNTHETIC_DEMO
SUP00009,PROD00063,SUPPLIER_PROVIDES_PRODUCT,0.1215,SYNTHETIC_DEMO
SUP00010,PROD00070,SUPPLIER_PROVIDES_PRODUCT,0.3869,SYNTHETIC_DEMO
SUP00011,PROD00077,SUPPLIER_PROVIDES_PRODUCT,0.3704,SYNTHETIC_DEMO
SUP00012,PROD00084,SUPPLIER_PROVIDES_PRODUCT,0.1867,SYNTHETIC_DEMO
SUP00013,PROD00091,SUPPLIER_PROVIDES_PRODUCT,0.2191,SYNTHETIC_DEMO
SUP00014,PROD00098,SUPPLIER_PROVIDES_PRODUCT,0.1636,SYNTHETIC_DEMO
SUP00015,PROD00105,SUPPLIER_PROVIDES_PRODUCT,0.0703,SYNTHETIC_DEMO
SUP00016,PROD00112,SUPPLIER_PROVIDES_PRODUCT,0.3908,SYNTHETIC_DEMO
SUP00017,PROD00119,SUPPLIER_PROVIDES_PRODUCT,0.3317,SYNTHETIC_DEMO
SUP00018,PROD00126,SUPPLIER_PROVIDES_PRODUCT,0.0137,SYNTHETIC_DEMO
SUP00019,PROD00133,SUPPLIER_PROVIDES_PRODUCT,0.1374,SYNTHETIC_DEMO
SUP00020,PROD00140,SUPPLIER_PROVIDES_PRODUCT,0.3671,SYNTHETIC_DEMO
SUP00021,PROD00147,SUPPLIER_PROVIDES_PRODUCT,0.2631,SYNTHETIC_DEMO
SUP00022,PROD00154,SUPPLIER_PROVIDES_PRODUCT,0.3014,SYNTHETIC_DEMO
SUP00023,PROD00161,SUPPLIER_PROVIDES_PRODUCT,0.3042,SYNTHETIC_DEMO
SUP00024,PROD00168,SUPPLIER_PROVIDES_PRODUCT,0.2341,SYNTHETIC_DEMO
SUP00025,PROD00175,SUPPLIER_PROVIDES_PRODUCT,0.0252,SYNTHETIC_DEMO
SUP00026,PROD00182,SUPPLIER_PROVIDES_PRODUCT,0.088,SYNTHETIC_DEMO
SUP00027,PROD00189,SUPPLIER_PROVIDES_PRODUCT,0.0723,SYNTHETIC_DEMO
SUP00028,PROD00196,SUPPLIER_PROVIDES_PRODUCT,0.2113,SYNTHETIC_DEMO
SUP00029,PROD00203,SUPPLIER_PROVIDES_PRODUCT,0.064,SYNTHETIC_DEMO
SUP00030,PROD00210,SUPPLIER_PROVIDES_PRODUCT,0.3075,SYNTHETIC_DEMO
SUP00031,PROD00217,SUPPLIER_PROVIDES_PRODUCT,0.1567,SYNTHETIC_DEMO
SUP00032,PROD00224,SUPPLIER_PROVIDES_PRODUCT,0.1772,SYNTHETIC_DEMO
SUP00033,PROD00231,SUPPLIER_PROVIDES_PRODUCT,0.2223,SYNTHETIC_DEMO
SUP00034,PROD00238,SUPPLIER_PROVIDES_PRODUCT,0.281,SYNTHETIC_DEMO
SUP00035,PROD00245,SUPPLIER_PROVIDES_PRODUCT,0.2997,SYNTHETIC_DEMO
SUP00036,PROD00252,SUPPLIER_PROVIDES_PRODUCT,0.3148,SYNTHETIC_DEMO
SUP00037,PROD00259,SUPPLIER_PROVIDES_PRODUCT,0.3547,SYNTHETIC_DEMO
SUP00038,PROD00266,SUPPLIER_PROVIDES_PRODUCT,0.365,SYNTHETIC_DEMO
SUP00039,PROD00273,SUPPLIER_PROVIDES_PRODUCT,0.0595,SYNTHETIC_DEMO
SUP00040,PROD00280,SUPPLIER_PROVIDES_PRODUCT,0.0186,SYNTHETIC_DEMO
SUP00041,PROD00287,SUPPLIER_PROVIDES_PRODUCT,0.303,SYNTHETIC_DEMO
SUP00042,PROD00294,SUPPLIER_PROVIDES_PRODUCT,0.035,SYNTHETIC_DEMO
SUP00043,PROD00301,SUPPLIER_PROVIDES_PRODUCT,0.0308,SYNTHETIC_DEMO
SUP00044,PROD00308,SUPPLIER_PROVIDES_PRODUCT,0.1203,SYNTHETIC_DEMO
SUP00045,PROD00315,SUPPLIER_PROVIDES_PRODUCT,0.1547,SYNTHETIC_DEMO
SUP00046,PROD00322,SUPPLIER_PROVIDES_PRODUCT,0.3137,SYNTHETIC_DEMO
SUP00047,PROD00329,SUPPLIER_PROVIDES_PRODUCT,0.2208,SYNTHETIC_DEMO
SUP00048,PROD00336,SUPPLIER_PROVIDES_PRODUCT,0.1326,SYNTHETIC_DEMO
SUP00049,PROD00343,SUPPLIER_PROVIDES_PRODUCT,0.16,SYNTHETIC_DEMO
SUP00050,PROD00350,SUPPLIER_PROVIDES_PRODUCT,0.183,SYNTHETIC_DEMO
SUP00051,PROD00357,SUPPLIER_PROVIDES_PRODUCT,0.185,SYNTHETIC_DEMO
SUP00052,PROD00364,SUPPLIER_PROVIDES_PRODUCT,0.1889,SYNTHETIC_DEMO
SUP00053,PROD00371,SUPPLIER_PROVIDES_PRODUCT,0.1103,SYNTHETIC_DEMO
SUP00054,PROD00378,SUPPLIER_PROVIDES_PRODUCT,0.3215,SYNTHETIC_DEMO
SUP00055,PROD00385,SUPPLIER_PROVIDES_PRODUCT,0.342,SYNTHETIC_DEMO
SUP00056,PROD00392,SUPPLIER_PROVIDES_PRODUCT,0.2128,SYNTHETIC_DEMO
SUP00057,PROD00399,SUPPLIER_PROVIDES_PRODUCT,0.0508,SYNTHETIC_DEMO
SUP00058,PROD00406,SUPPLIER_PROVIDES_PRODUCT,0.3316,SYNTHETIC_DEMO
SUP00059,PROD00413,SUPPLIER_PROVIDES_PRODUCT,0.2515,SYNTHETIC_DEMO
SUP00060,PROD00420,SUPPLIER_PROVIDES_PRODUCT,0.2079,SYNTHETIC_DEMO
SUP00061,PROD00427,SUPPLIER_PROVIDES_PRODUCT,0.0515,SYNTHETIC_DEMO
SUP00062,PROD00434,SUPPLIER_PROVIDES_PRODUCT,0.1017,SYNTHETIC_DEMO
SUP00063,PROD00441,SUPPLIER_PROVIDES_PRODUCT,0.3204,SYNTHETIC_DEMO
SUP00064,PROD00448,SUPPLIER_PROVIDES_PRODUCT,0.2427,SYNTHETIC_DEMO
SUP00065,PROD00455,SUPPLIER_PROVIDES_PRODUCT,0.2179,SYNTHETIC_DEMO
SUP00066,PROD00462,SUPPLIER_PROVIDES_PRODUCT,0.2761,SYNTHETIC_DEMO
SUP00067,PROD00469,SUPPLIER_PROVIDES_PRODUCT,0.3068,SYNTHETIC_DEMO
SUP00068,PROD00476,SUPPLIER_PROVIDES_PRODUCT,0.1219,SYNTHETIC_DEMO
SUP00069,PROD00483,SUPPLIER_PROVIDES_PRODUCT,0.3836,SYNTHETIC_DEMO
SUP00070,PROD00490,SUPPLIER_PROVIDES_PRODUCT,0.1306,SYNTHETIC_DEMO
SUP00071,PROD00497,SUPPLIER_PROVIDES_PRODUCT,0.0512,SYNTHETIC_DEMO
SUP00072,PROD00504,SUPPLIER_PROVIDES_PRODUCT,0.3837,SYNTHETIC_DEMO
SUP00073,PROD00511,SUPPLIER_PROVIDES_PRODUCT,0.2616,SYNTHETIC_DEMO
SUP00074,PROD00518,SUPPLIER_PROVIDES_PRODUCT,0.0334,SYNTHETIC_DEMO
SUP00075,PROD00525,SUPPLIER_PROVIDES_PRODUCT,0.3654,SYNTHETIC_DEMO
SUP00076,PROD00532,SUPPLIER_PROVIDES_PRODUCT,0.3216,SYNTHETIC_DEMO
SUP00077,PROD00539,SUPPLIER_PROVIDES_PRODUCT,0.049,SYNTHETIC_DEMO
SUP00078,PROD00546,SUPPLIER_PROVIDES_PRODUCT,0.0974,SYNTHETIC_DEMO
SUP00079,PROD00553,SUPPLIER_PROVIDES_PRODUCT,0.092,SYNTHETIC_DEMO
SUP00080,PROD00560,SUPPLIER_PROVIDES_PRODUCT,0.0398,SYNTHETIC_DEMO
SUP00081,PROD00567,SUPPLIER_PROVIDES_PRODUCT,0.281,SYNTHETIC_DEMO
SUP00082,PROD00574,SUPPLIER_PROVIDES_PRODUCT,0.1083,SYNTHETIC_DEMO
SUP00083,PROD00581,SUPPLIER_PROVIDES_PRODUCT,0.1228,SYNTHETIC_DEMO
SUP00084,PROD00588,SUPPLIER_PROVIDES_PRODUCT,0.2449,SYNTHETIC_DEMO
SUP00085,PROD00595,SUPPLIER_PROVIDES_PRODUCT,0.0473,SYNTHETIC_DEMO
SUP00086,PROD00602,SUPPLIER_PROVIDES_PRODUCT,0.02,SYNTHETIC_DEMO
SUP00087,PROD00609,SUPPLIER_PROVIDES_PRODUCT,0.1594,SYNTHETIC_DEMO
SUP00088,PROD00616,SUPPLIER_PROVIDES_PRODUCT,0.3613,SYNTHETIC_DEMO
SUP00089,PROD00623,SUPPLIER_PROVIDES_PRODUCT,0.082,SYNTHETIC_DEMO
SUP00090,PROD00630,SUPPLIER_PROVIDES_PRODUCT,0.019,SYNTHETIC_DEMO
SUP00091,PROD00637,SUPPLIER_PROVIDES_PRODUCT,0.1301,SYNTHETIC_DEMO
SUP00092,PROD00644,SUPPLIER_PROVIDES_PRODUCT,0.3103,SYNTHETIC_DEMO
SUP00093,PROD00651,SUPPLIER_PROVIDES_PRODUCT,0.3906,SYNTHETIC_DEMO
SUP00094,PROD00658,SUPPLIER_PROVIDES_PRODUCT,0.1041,SYNTHETIC_DEMO
SUP00095,PROD00665,SUPPLIER_PROVIDES_PRODUCT,0.2098,SYNTHETIC_DEMO
SUP00096,PROD00672,SUPPLIER_PROVIDES_PRODUCT,0.3946,SYNTHETIC_DEMO
SUP00097,PROD00679,SUPPLIER_PROVIDES_PRODUCT,0.3299,SYNTHETIC_DEMO
SUP00098,PROD00686,SUPPLIER_PROVIDES_PRODUCT,0.1258,SYNTHETIC_DEMO
SUP00099,PROD00693,SUPPLIER_PROVIDES_PRODUCT,0.3486,SYNTHETIC_DEMO
SUP00100,PROD00700,SUPPLIER_PROVIDES_PRODUCT,0.0931,SYNTHETIC_DEMO
SUP00101,PROD00707,SUPPLIER_PROVIDES_PRODUCT,0.0502,SYNTHETIC_DEMO
SUP00102,PROD00714,SUPPLIER_PROVIDES_PRODUCT,0.1385,SYNTHETIC_DEMO
SUP00103,PROD00721,SUPPLIER_PROVIDES_PRODUCT,0.237,SYNTHETIC_DEMO
SUP00104,PROD00728,SUPPLIER_PROVIDES_PRODUCT,0.3258,SYNTHETIC_DEMO
SUP00105,PROD00735,SUPPLIER_PROVIDES_PRODUCT,0.2144,SYNTHETIC_DEMO
SUP00106,PROD00742,SUPPLIER_PROVIDES_PRODUCT,0.3677,SYNTHETIC_DEMO
SUP00107,PROD00749,SUPPLIER_PROVIDES_PRODUCT,0.2258,SYNTHETIC_DEMO
SUP00108,PROD00756,SUPPLIER_PROVIDES_PRODUCT,0.2985,SYNTHETIC_DEMO
SUP00109,PROD00763,SUPPLIER_PROVIDES_PRODUCT,0.3405,SYNTHETIC_DEMO
SUP00110,PROD00770,SUPPLIER_PROVIDES_PRODUCT,0.2676,SYNTHETIC_DEMO
SUP00111,PROD00777,SUPPLIER_PROVIDES_PRODUCT,0.0651,SYNTHETIC_DEMO
SUP00112,PROD00784,SUPPLIER_PROVIDES_PRODUCT,0.174,SYNTHETIC_DEMO
SUP00113,PROD00791,SUPPLIER_PROVIDES_PRODUCT,0.2692,SYNTHETIC_DEMO
SUP00114,PROD00798,SUPPLIER_PROVIDES_PRODUCT,0.1998,SYNTHETIC_DEMO
SUP00115,PROD00805,SUPPLIER_PROVIDES_PRODUCT,0.0118,SYNTHETIC_DEMO
SUP00116,PROD00812,SUPPLIER_PROVIDES_PRODUCT,0.2317,SYNTHETIC_DEMO
SUP00117,PROD00819,SUPPLIER_PROVIDES_PRODUCT,0.038,SYNTHETIC_DEMO
SUP00118,PROD00826,SUPPLIER_PROVIDES_PRODUCT,0.2048,SYNTHETIC_DEMO
SUP00119,PROD00833,SUPPLIER_PROVIDES_PRODUCT,0.3072,SYNTHETIC_DEMO
SUP00120,PROD00840,SUPPLIER_PROVIDES_PRODUCT,0.0289,SYNTHETIC_DEMO
SUP00121,PROD00847,SUPPLIER_PROVIDES_PRODUCT,0.0676,SYNTHETIC_DEMO
SUP00122,PROD00854,SUPPLIER_PROVIDES_PRODUCT,0.2294,SYNTHETIC_DEMO
SUP00123,PROD00861,SUPPLIER_PROVIDES_PRODUCT,0.0713,SYNTHETIC_DEMO
SUP00124,PROD00868,SUPPLIER_PROVIDES_PRODUCT,0.1297,SYNTHETIC_DEMO
SUP00125,PROD00875,SUPPLIER_PROVIDES_PRODUCT,0.2182,SYNTHETIC_DEMO
SUP00126,PROD00882,SUPPLIER_PROVIDES_PRODUCT,0.2311,SYNTHETIC_DEMO
SUP00127,PROD00889,SUPPLIER_PROVIDES_PRODUCT,0.1836,SYNTHETIC_DEMO
SUP00128,PROD00896,SUPPLIER_PROVIDES_PRODUCT,0.2164,SYNTHETIC_DEMO
SUP00129,PROD00903,SUPPLIER_PROVIDES_PRODUCT,0.1189,SYNTHETIC_DEMO
SUP00130,PROD00910,SUPPLIER_PROVIDES_PRODUCT,0.3063,SYNTHETIC_DEMO
SUP00131,PROD00917,SUPPLIER_PROVIDES_PRODUCT,0.1394,SYNTHETIC_DEMO
SUP00132,PROD00924,SUPPLIER_PROVIDES_PRODUCT,0.1404,SYNTHETIC_DEMO
SUP00133,PROD00931,SUPPLIER_PROVIDES_PRODUCT,0.125,SYNTHETIC_DEMO
SUP00134,PROD00938,SUPPLIER_PROVIDES_PRODUCT,0.0556,SYNTHETIC_DEMO
SUP00135,PROD00945,SUPPLIER_PROVIDES_PRODUCT,0.3538,SYNTHETIC_DEMO
SUP00136,PROD00952,SUPPLIER_PROVIDES_PRODUCT,0.1714,SYNTHETIC_DEMO
SUP00137,PROD00959,SUPPLIER_PROVIDES_PRODUCT,0.2642,SYNTHETIC_DEMO
SUP00138,PROD00966,SUPPLIER_PROVIDES_PRODUCT,0.0748,SYNTHETIC_DEMO
SUP00139,PROD00973,SUPPLIER_PROVIDES_PRODUCT,0.0591,SYNTHETIC_DEMO
SUP00140,PROD00980,SUPPLIER_PROVIDES_PRODUCT,0.0433,SYNTHETIC_DEMO
SUP00141,PROD00987,SUPPLIER_PROVIDES_PRODUCT,0.3431,SYNTHETIC_DEMO
SUP00142,PROD00994,SUPPLIER_PROVIDES_PRODUCT,0.3436,SYNTHETIC_DEMO
SUP00143,PROD00001,SUPPLIER_PROVIDES_PRODUCT,0.163,SYNTHETIC_DEMO
SUP00144,PROD00008,SUPPLIER_PROVIDES_PRODUCT,0.2543,SYNTHETIC_DEMO
SUP00145,PROD00015,SUPPLIER_PROVIDES_PRODUCT,0.2229,SYNTHETIC_DEMO
SUP00146,PROD00022,SUPPLIER_PROVIDES_PRODUCT,0.2214,SYNTHETIC_DEMO
SUP00147,PROD00029,SUPPLIER_PROVIDES_PRODUCT,0.2039,SYNTHETIC_DEMO
SUP00148,PROD00036,SUPPLIER_PROVIDES_PRODUCT,0.2441,SYNTHETIC_DEMO
SUP00149,PROD00043,SUPPLIER_PROVIDES_PRODUCT,0.2306,SYNTHETIC_DEMO
SUP00150,PROD00050,SUPPLIER_PROVIDES_PRODUCT,0.3556,SYNTHETIC_DEMO
SUP00151,PROD00057,SUPPLIER_PROVIDES_PRODUCT,0.1298,SYNTHETIC_DEMO
SUP00152,PROD00064,SUPPLIER_PROVIDES_PRODUCT,0.1555,SYNTHETIC_DEMO
SUP00153,PROD00071,SUPPLIER_PROVIDES_PRODUCT,0.2543,SYNTHETIC_DEMO
SUP00154,PROD00078,SUPPLIER_PROVIDES_PRODUCT,0.3818,SYNTHETIC_DEMO
SUP00155,PROD00085,SUPPLIER_PROVIDES_PRODUCT,0.194,SYNTHETIC_DEMO
SUP00156,PROD00092,SUPPLIER_PROVIDES_PRODUCT,0.2143,SYNTHETIC_DEMO
SUP00157,PROD00099,SUPPLIER_PROVIDES_PRODUCT,0.3386,SYNTHETIC_DEMO
SUP00158,PROD00106,SUPPLIER_PROVIDES_PRODUCT,0.1126,SYNTHETIC_DEMO
SUP00159,PROD00113,SUPPLIER_PROVIDES_PRODUCT,0.0441,SYNTHETIC_DEMO
SUP00160,PROD00120,SUPPLIER_PROVIDES_PRODUCT,0.1267,SYNTHETIC_DEMO
SUP00161,PROD00127,SUPPLIER_PROVIDES_PRODUCT,0.231,SYNTHETIC_DEMO
SUP00162,PROD00134,SUPPLIER_PROVIDES_PRODUCT,0.2721,SYNTHETIC_DEMO
SUP00163,PROD00141,SUPPLIER_PROVIDES_PRODUCT,0.1857,SYNTHETIC_DEMO
SUP00164,PROD00148,SUPPLIER_PROVIDES_PRODUCT,0.31,SYNTHETIC_DEMO
SUP00165,PROD00155,SUPPLIER_PROVIDES_PRODUCT,0.2845,SYNTHETIC_DEMO
SUP00166,PROD00162,SUPPLIER_PROVIDES_PRODUCT,0.1451,SYNTHETIC_DEMO
SUP00167,PROD00169,SUPPLIER_PROVIDES_PRODUCT,0.3511,SYNTHETIC_DEMO
SUP00168,PROD00176,SUPPLIER_PROVIDES_PRODUCT,0.2491,SYNTHETIC_DEMO
SUP00169,PROD00183,SUPPLIER_PROVIDES_PRODUCT,0.1377,SYNTHETIC_DEMO
SUP00170,PROD00190,SUPPLIER_PROVIDES_PRODUCT,0.0638,SYNTHETIC_DEMO
SUP00171,PROD00197,SUPPLIER_PROVIDES_PRODUCT,0.209,SYNTHETIC_DEMO
SUP00172,PROD00204,SUPPLIER_PROVIDES_PRODUCT,0.3311,SYNTHETIC_DEMO
SUP00173,PROD00211,SUPPLIER_PROVIDES_PRODUCT,0.1252,SYNTHETIC_DEMO
SUP00174,PROD00218,SUPPLIER_PROVIDES_PRODUCT,0.1843,SYNTHETIC_DEMO
SUP00175,PROD00225,SUPPLIER_PROVIDES_PRODUCT,0.336,SYNTHETIC_DEMO
SUP00176,PROD00232,SUPPLIER_PROVIDES_PRODUCT,0.234,SYNTHETIC_DEMO
SUP00177,PROD00239,SUPPLIER_PROVIDES_PRODUCT,0.3058,SYNTHETIC_DEMO
SUP00178,PROD00246,SUPPLIER_PROVIDES_PRODUCT,0.1961,SYNTHETIC_DEMO
SUP00179,PROD00253,SUPPLIER_PROVIDES_PRODUCT,0.23,SYNTHETIC_DEMO
SUP00180,PROD00260,SUPPLIER_PROVIDES_PRODUCT,0.14,SYNTHETIC_DEMO
SUP00181,PROD00267,SUPPLIER_PROVIDES_PRODUCT,0.1892,SYNTHETIC_DEMO
SUP00182,PROD00274,SUPPLIER_PROVIDES_PRODUCT,0.0342,SYNTHETIC_DEMO
SUP00183,PROD00281,SUPPLIER_PROVIDES_PRODUCT,0.3522,SYNTHETIC_DEMO
SUP00184,PROD00288,SUPPLIER_PROVIDES_PRODUCT,0.231,SYNTHETIC_DEMO
SUP00185,PROD00295,SUPPLIER_PROVIDES_PRODUCT,0.2246,SYNTHETIC_DEMO
SUP00186,PROD00302,SUPPLIER_PROVIDES_PRODUCT,0.1208,SYNTHETIC_DEMO
SUP00187,PROD00309,SUPPLIER_PROVIDES_PRODUCT,0.0326,SYNTHETIC_DEMO
SUP00188,PROD00316,SUPPLIER_PROVIDES_PRODUCT,0.3483,SYNTHETIC_DEMO
SUP00189,PROD00323,SUPPLIER_PROVIDES_PRODUCT,0.2526,SYNTHETIC_DEMO
SUP00190,PROD00330,SUPPLIER_PROVIDES_PRODUCT,0.0413,SYNTHETIC_DEMO
SUP00191,PROD00337,SUPPLIER_PROVIDES_PRODUCT,0.3884,SYNTHETIC_DEMO
SUP00192,PROD00344,SUPPLIER_PROVIDES_PRODUCT,0.1261,SYNTHETIC_DEMO
SUP00193,PROD00351,SUPPLIER_PROVIDES_PRODUCT,0.3361,SYNTHETIC_DEMO
SUP00194,PROD00358,SUPPLIER_PROVIDES_PRODUCT,0.341,SYNTHETIC_DEMO
SUP00195,PROD00365,SUPPLIER_PROVIDES_PRODUCT,0.0146,SYNTHETIC_DEMO
SUP00196,PROD00372,SUPPLIER_PROVIDES_PRODUCT,0.063,SYNTHETIC_DEMO
SUP00197,PROD00379,SUPPLIER_PROVIDES_PRODUCT,0.2258,SYNTHETIC_DEMO
SUP00198,PROD00386,SUPPLIER_PROVIDES_PRODUCT,0.067,SYNTHETIC_DEMO
SUP00199,PROD00393,SUPPLIER_PROVIDES_PRODUCT,0.1173,SYNTHETIC_DEMO
SUP00200,PROD00400,SUPPLIER_PROVIDES_PRODUCT,0.1876,SYNTHETIC_DEMO
SUP00201,PROD00407,SUPPLIER_PROVIDES_PRODUCT,0.0224,SYNTHETIC_DEMO
SUP00202,PROD00414,SUPPLIER_PROVIDES_PRODUCT,0.1519,SYNTHETIC_DEMO
SUP00203,PROD00421,SUPPLIER_PROVIDES_PRODUCT,0.2968,SYNTHETIC_DEMO
SUP00204,PROD00428,SUPPLIER_PROVIDES_PRODUCT,0.2563,SYNTHETIC_DEMO
SUP00205,PROD00435,SUPPLIER_PROVIDES_PRODUCT,0.0989,SYNTHETIC_DEMO
SUP00206,PROD00442,SUPPLIER_PROVIDES_PRODUCT,0.1039,SYNTHETIC_DEMO
SUP00207,PROD00449,SUPPLIER_PROVIDES_PRODUCT,0.1739,SYNTHETIC_DEMO
SUP00208,PROD00456,SUPPLIER_PROVIDES_PRODUCT,0.1835,SYNTHETIC_DEMO
SUP00209,PROD00463,SUPPLIER_PROVIDES_PRODUCT,0.046,SYNTHETIC_DEMO
SUP00210,PROD00470,SUPPLIER_PROVIDES_PRODUCT,0.3265,SYNTHETIC_DEMO
SUP00211,PROD00477,SUPPLIER_PROVIDES_PRODUCT,0.3582,SYNTHETIC_DEMO
SUP00212,PROD00484,SUPPLIER_PROVIDES_PRODUCT,0.016,SYNTHETIC_DEMO
SUP00213,PROD00491,SUPPLIER_PROVIDES_PRODUCT,0.2626,SYNTHETIC_DEMO
SUP00214,PROD00498,SUPPLIER_PROVIDES_PRODUCT,0.143,SYNTHETIC_DEMO
SUP00215,PROD00505,SUPPLIER_PROVIDES_PRODUCT,0.3816,SYNTHETIC_DEMO
SUP00216,PROD00512,SUPPLIER_PROVIDES_PRODUCT,0.2309,SYNTHETIC_DEMO
SUP00217,PROD00519,SUPPLIER_PROVIDES_PRODUCT,0.1731,SYNTHETIC_DEMO
SUP00218,PROD00526,SUPPLIER_PROVIDES_PRODUCT,0.391,SYNTHETIC_DEMO
SUP00219,PROD00533,SUPPLIER_PROVIDES_PRODUCT,0.3113,SYNTHETIC_DEMO
SUP00220,PROD00540,SUPPLIER_PROVIDES_PRODUCT,0.2964,SYNTHETIC_DEMO
SUP00221,PROD00547,SUPPLIER_PROVIDES_PRODUCT,0.2543,SYNTHETIC_DEMO
SUP00222,PROD00554,SUPPLIER_PROVIDES_PRODUCT,0.2672,SYNTHETIC_DEMO
SUP00223,PROD00561,SUPPLIER_PROVIDES_PRODUCT,0.2158,SYNTHETIC_DEMO
SUP00224,PROD00568,SUPPLIER_PROVIDES_PRODUCT,0.2829,SYNTHETIC_DEMO
SUP00225,PROD00575,SUPPLIER_PROVIDES_PRODUCT,0.0316,SYNTHETIC_DEMO
SUP00226,PROD00582,SUPPLIER_PROVIDES_PRODUCT,0.2275,SYNTHETIC_DEMO
SUP00227,PROD00589,SUPPLIER_PROVIDES_PRODUCT,0.2536,SYNTHETIC_DEMO
SUP00228,PROD00596,SUPPLIER_PROVIDES_PRODUCT,0.3705,SYNTHETIC_DEMO
SUP00229,PROD00603,SUPPLIER_PROVIDES_PRODUCT,0.1195,SYNTHETIC_DEMO
SUP00230,PROD00610,SUPPLIER_PROVIDES_PRODUCT,0.1426,SYNTHETIC_DEMO
SUP00231,PROD00617,SUPPLIER_PROVIDES_PRODUCT,0.0501,SYNTHETIC_DEMO
SUP00232,PROD00624,SUPPLIER_PROVIDES_PRODUCT,0.3096,SYNTHETIC_DEMO
SUP00233,PROD00631,SUPPLIER_PROVIDES_PRODUCT,0.3611,SYNTHETIC_DEMO
SUP00234,PROD00638,SUPPLIER_PROVIDES_PRODUCT,0.3109,SYNTHETIC_DEMO
SUP00235,PROD00645,SUPPLIER_PROVIDES_PRODUCT,0.0711,SYNTHETIC_DEMO
SUP00236,PROD00652,SUPPLIER_PROVIDES_PRODUCT,0.0796,SYNTHETIC_DEMO
SUP00237,PROD00659,SUPPLIER_PROVIDES_PRODUCT,0.1217,SYNTHETIC_DEMO
SUP00238,PROD00666,SUPPLIER_PROVIDES_PRODUCT,0.1747,SYNTHETIC_DEMO
SUP00239,PROD00673,SUPPLIER_PROVIDES_PRODUCT,0.0709,SYNTHETIC_DEMO
SUP00240,PROD00680,SUPPLIER_PROVIDES_PRODUCT,0.2137,SYNTHETIC_DEMO
SUP00241,PROD00687,SUPPLIER_PROVIDES_PRODUCT,0.1174,SYNTHETIC_DEMO
SUP00242,PROD00694,SUPPLIER_PROVIDES_PRODUCT,0.0686,SYNTHETIC_DEMO
SUP00243,PROD00701,SUPPLIER_PROVIDES_PRODUCT,0.2911,SYNTHETIC_DEMO
SUP00244,PROD00708,SUPPLIER_PROVIDES_PRODUCT,0.3492,SYNTHETIC_DEMO
SUP00245,PROD00715,SUPPLIER_PROVIDES_PRODUCT,0.131,SYNTHETIC_DEMO
SUP00246,PROD00722,SUPPLIER_PROVIDES_PRODUCT,0.1518,SYNTHETIC_DEMO
SUP00247,PROD00729,SUPPLIER_PROVIDES_PRODUCT,0.3515,SYNTHETIC_DEMO
SUP00248,PROD00736,SUPPLIER_PROVIDES_PRODUCT,0.2819,SYNTHETIC_DEMO
SUP00249,PROD00743,SUPPLIER_PROVIDES_PRODUCT,0.0907,SYNTHETIC_DEMO
SUP00250,PROD00750,SUPPLIER_PROVIDES_PRODUCT,0.1252,SYNTHETIC_DEMO
SUP00251,PROD00757,SUPPLIER_PROVIDES_PRODUCT,0.3814,SYNTHETIC_DEMO
SUP00252,PROD00764,SUPPLIER_PROVIDES_PRODUCT,0.087,SYNTHETIC_DEMO
SUP00253,PROD00771,SUPPLIER_PROVIDES_PRODUCT,0.3322,SYNTHETIC_DEMO
SUP00254,PROD00778,SUPPLIER_PROVIDES_PRODUCT,0.1931,SYNTHETIC_DEMO
SUP00255,PROD00785,SUPPLIER_PROVIDES_PRODUCT,0.3598,SYNTHETIC_DEMO
SUP00256,PROD00792,SUPPLIER_PROVIDES_PRODUCT,0.1372,SYNTHETIC_DEMO
SUP00257,PROD00799,SUPPLIER_PROVIDES_PRODUCT,0.1307,SYNTHETIC_DEMO
SUP00258,PROD00806,SUPPLIER_PROVIDES_PRODUCT,0.3864,SYNTHETIC_DEMO
SUP00259,PROD00813,SUPPLIER_PROVIDES_PRODUCT,0.1965,SYNTHETIC_DEMO
SUP00260,PROD00820,SUPPLIER_PROVIDES_PRODUCT,0.3137,SYNTHETIC_DEMO
SUP00261,PROD00827,SUPPLIER_PROVIDES_PRODUCT,0.2705,SYNTHETIC_DEMO
SUP00262,PROD00834,SUPPLIER_PROVIDES_PRODUCT,0.0743,SYNTHETIC_DEMO
SUP00263,PROD00841,SUPPLIER_PROVIDES_PRODUCT,0.2682,SYNTHETIC_DEMO
SUP00264,PROD00848,SUPPLIER_PROVIDES_PRODUCT,0.0374,SYNTHETIC_DEMO
SUP00265,PROD00855,SUPPLIER_PROVIDES_PRODUCT,0.114,SYNTHETIC_DEMO
SUP00266,PROD00862,SUPPLIER_PROVIDES_PRODUCT,0.3979,SYNTHETIC_DEMO
SUP00267,PROD00869,SUPPLIER_PROVIDES_PRODUCT,0.2121,SYNTHETIC_DEMO
SUP00268,PROD00876,SUPPLIER_PROVIDES_PRODUCT,0.3993,SYNTHETIC_DEMO
SUP00269,PROD00883,SUPPLIER_PROVIDES_PRODUCT,0.116,SYNTHETIC_DEMO
SUP00270,PROD00890,SUPPLIER_PROVIDES_PRODUCT,0.1323,SYNTHETIC_DEMO
SUP00271,PROD00897,SUPPLIER_PROVIDES_PRODUCT,0.1859,SYNTHETIC_DEMO
SUP00272,PROD00904,SUPPLIER_PROVIDES_PRODUCT,0.0679,SYNTHETIC_DEMO
SUP00273,PROD00911,SUPPLIER_PROVIDES_PRODUCT,0.261,SYNTHETIC_DEMO
SUP00274,PROD00918,SUPPLIER_PROVIDES_PRODUCT,0.0534,SYNTHETIC_DEMO
SUP00275,PROD00925,SUPPLIER_PROVIDES_PRODUCT,0.1168,SYNTHETIC_DEMO
SUP00276,PROD00932,SUPPLIER_PROVIDES_PRODUCT,0.1022,SYNTHETIC_DEMO
SUP00277,PROD00939,SUPPLIER_PROVIDES_PRODUCT,0.1127,SYNTHETIC_DEMO
SUP00278,PROD00946,SUPPLIER_PROVIDES_PRODUCT,0.0321,SYNTHETIC_DEMO
SUP00279,PROD00953,SUPPLIER_PROVIDES_PRODUCT,0.0211,SYNTHETIC_DEMO
SUP00280,PROD00960,SUPPLIER_PROVIDES_PRODUCT,0.1898,SYNTHETIC_DEMO
SUP00281,PROD00967,SUPPLIER_PROVIDES_PRODUCT,0.1466,SYNTHETIC_DEMO
SUP00282,PROD00974,SUPPLIER_PROVIDES_PRODUCT,0.0641,SYNTHETIC_DEMO
SUP00283,PROD00981,SUPPLIER_PROVIDES_PRODUCT,0.1977,SYNTHETIC_DEMO
SUP00284,PROD00988,SUPPLIER_PROVIDES_PRODUCT,0.3789,SYNTHETIC_DEMO
SUP00285,PROD00995,SUPPLIER_PROVIDES_PRODUCT,0.2469,SYNTHETIC_DEMO
SUP00286,PROD00002,SUPPLIER_PROVIDES_PRODUCT,0.2677,SYNTHETIC_DEMO
SUP00287,PROD00009,SUPPLIER_PROVIDES_PRODUCT,0.2902,SYNTHETIC_DEMO
SUP00288,PROD00016,SUPPLIER_PROVIDES_PRODUCT,0.3347,SYNTHETIC_DEMO
SUP00289,PROD00023,SUPPLIER_PROVIDES_PRODUCT,0.2855,SYNTHETIC_DEMO
SUP00290,PROD00030,SUPPLIER_PROVIDES_PRODUCT,0.3773,SYNTHETIC_DEMO
SUP00291,PROD00037,SUPPLIER_PROVIDES_PRODUCT,0.1781,SYNTHETIC_DEMO
SUP00292,PROD00044,SUPPLIER_PROVIDES_PRODUCT,0.2789,SYNTHETIC_DEMO
SUP00293,PROD00051,SUPPLIER_PROVIDES_PRODUCT,0.0157,SYNTHETIC_DEMO
SUP00294,PROD00058,SUPPLIER_PROVIDES_PRODUCT,0.3072,SYNTHETIC_DEMO
SUP00295,PROD00065,SUPPLIER_PROVIDES_PRODUCT,0.3696,SYNTHETIC_DEMO
SUP00296,PROD00072,SUPPLIER_PROVIDES_PRODUCT,0.1681,SYNTHETIC_DEMO
SUP00297,PROD00079,SUPPLIER_PROVIDES_PRODUCT,0.2099,SYNTHETIC_DEMO
SUP00298,PROD00086,SUPPLIER_PROVIDES_PRODUCT,0.0442,SYNTHETIC_DEMO
SUP00299,PROD00093,SUPPLIER_PROVIDES_PRODUCT,0.1104,SYNTHETIC_DEMO
SUP00300,PROD00100,SUPPLIER_PROVIDES_PRODUCT,0.3988,SYNTHETIC_DEMO
SUP00301,PROD00107,SUPPLIER_PROVIDES_PRODUCT,0.3788,SYNTHETIC_DEMO
SUP00302,PROD00114,SUPPLIER_PROVIDES_PRODUCT,0.1046,SYNTHETIC_DEMO
SUP00303,PROD00121,SUPPLIER_PROVIDES_PRODUCT,0.1085,SYNTHETIC_DEMO
SUP00304,PROD00128,SUPPLIER_PROVIDES_PRODUCT,0.1698,SYNTHETIC_DEMO
SUP00305,PROD00135,SUPPLIER_PROVIDES_PRODUCT,0.3424,SYNTHETIC_DEMO
SUP00306,PROD00142,SUPPLIER_PROVIDES_PRODUCT,0.1826,SYNTHETIC_DEMO
SUP00307,PROD00149,SUPPLIER_PROVIDES_PRODUCT,0.2811,SYNTHETIC_DEMO
SUP00308,PROD00156,SUPPLIER_PROVIDES_PRODUCT,0.0654,SYNTHETIC_DEMO
SUP00309,PROD00163,SUPPLIER_PROVIDES_PRODUCT,0.1534,SYNTHETIC_DEMO
SUP00310,PROD00170,SUPPLIER_PROVIDES_PRODUCT,0.0976,SYNTHETIC_DEMO
SUP00311,PROD00177,SUPPLIER_PROVIDES_PRODUCT,0.1083,SYNTHETIC_DEMO
SUP00312,PROD00184,SUPPLIER_PROVIDES_PRODUCT,0.2015,SYNTHETIC_DEMO
SUP00313,PROD00191,SUPPLIER_PROVIDES_PRODUCT,0.0836,SYNTHETIC_DEMO
SUP00314,PROD00198,SUPPLIER_PROVIDES_PRODUCT,0.1424,SYNTHETIC_DEMO
SUP00315,PROD00205,SUPPLIER_PROVIDES_PRODUCT,0.3485,SYNTHETIC_DEMO
SUP00316,PROD00212,SUPPLIER_PROVIDES_PRODUCT,0.3733,SYNTHETIC_DEMO
SUP00317,PROD00219,SUPPLIER_PROVIDES_PRODUCT,0.1402,SYNTHETIC_DEMO
SUP00318,PROD00226,SUPPLIER_PROVIDES_PRODUCT,0.3548,SYNTHETIC_DEMO
SUP00319,PROD00233,SUPPLIER_PROVIDES_PRODUCT,0.2929,SYNTHETIC_DEMO
SUP00320,PROD00240,SUPPLIER_PROVIDES_PRODUCT,0.2676,SYNTHETIC_DEMO
SUP00321,PROD00247,SUPPLIER_PROVIDES_PRODUCT,0.0238,SYNTHETIC_DEMO
SUP00322,PROD00254,SUPPLIER_PROVIDES_PRODUCT,0.1533,SYNTHETIC_DEMO
SUP00323,PROD00261,SUPPLIER_PROVIDES_PRODUCT,0.342,SYNTHETIC_DEMO
SUP00324,PROD00268,SUPPLIER_PROVIDES_PRODUCT,0.3963,SYNTHETIC_DEMO
SUP00325,PROD00275,SUPPLIER_PROVIDES_PRODUCT,0.3478,SYNTHETIC_DEMO
SUP00326,PROD00282,SUPPLIER_PROVIDES_PRODUCT,0.2177,SYNTHETIC_DEMO
SUP00327,PROD00289,SUPPLIER_PROVIDES_PRODUCT,0.2338,SYNTHETIC_DEMO
SUP00328,PROD00296,SUPPLIER_PROVIDES_PRODUCT,0.3468,SYNTHETIC_DEMO
SUP00329,PROD00303,SUPPLIER_PROVIDES_PRODUCT,0.3593,SYNTHETIC_DEMO
SUP00330,PROD00310,SUPPLIER_PROVIDES_PRODUCT,0.234,SYNTHETIC_DEMO
SUP00331,PROD00317,SUPPLIER_PROVIDES_PRODUCT,0.3016,SYNTHETIC_DEMO
SUP00332,PROD00324,SUPPLIER_PROVIDES_PRODUCT,0.2869,SYNTHETIC_DEMO
SUP00333,PROD00331,SUPPLIER_PROVIDES_PRODUCT,0.2114,SYNTHETIC_DEMO
SUP00334,PROD00338,SUPPLIER_PROVIDES_PRODUCT,0.0927,SYNTHETIC_DEMO
SUP00335,PROD00345,SUPPLIER_PROVIDES_PRODUCT,0.084,SYNTHETIC_DEMO
SUP00336,PROD00352,SUPPLIER_PROVIDES_PRODUCT,0.2356,SYNTHETIC_DEMO
SUP00337,PROD00359,SUPPLIER_PROVIDES_PRODUCT,0.2515,SYNTHETIC_DEMO
SUP00338,PROD00366,SUPPLIER_PROVIDES_PRODUCT,0.3793,SYNTHETIC_DEMO
SUP00339,PROD00373,SUPPLIER_PROVIDES_PRODUCT,0.3931,SYNTHETIC_DEMO
SUP00340,PROD00380,SUPPLIER_PROVIDES_PRODUCT,0.2957,SYNTHETIC_DEMO
SUP00341,PROD00387,SUPPLIER_PROVIDES_PRODUCT,0.352,SYNTHETIC_DEMO
SUP00342,PROD00394,SUPPLIER_PROVIDES_PRODUCT,0.0912,SYNTHETIC_DEMO
SUP00343,PROD00401,SUPPLIER_PROVIDES_PRODUCT,0.1846,SYNTHETIC_DEMO
SUP00344,PROD00408,SUPPLIER_PROVIDES_PRODUCT,0.113,SYNTHETIC_DEMO
SUP00345,PROD00415,SUPPLIER_PROVIDES_PRODUCT,0.243,SYNTHETIC_DEMO
SUP00346,PROD00422,SUPPLIER_PROVIDES_PRODUCT,0.0937,SYNTHETIC_DEMO
SUP00347,PROD00429,SUPPLIER_PROVIDES_PRODUCT,0.2159,SYNTHETIC_DEMO
SUP00348,PROD00436,SUPPLIER_PROVIDES_PRODUCT,0.1265,SYNTHETIC_DEMO
SUP00349,PROD00443,SUPPLIER_PROVIDES_PRODUCT,0.3874,SYNTHETIC_DEMO
SUP00350,PROD00450,SUPPLIER_PROVIDES_PRODUCT,0.1799,SYNTHETIC_DEMO
SUP00351,PROD00457,SUPPLIER_PROVIDES_PRODUCT,0.124,SYNTHETIC_DEMO
SUP00352,PROD00464,SUPPLIER_PROVIDES_PRODUCT,0.3541,SYNTHETIC_DEMO
SUP00353,PROD00471,SUPPLIER_PROVIDES_PRODUCT,0.3038,SYNTHETIC_DEMO
SUP00354,PROD00478,SUPPLIER_PROVIDES_PRODUCT,0.2075,SYNTHETIC_DEMO
SUP00355,PROD00485,SUPPLIER_PROVIDES_PRODUCT,0.1189,SYNTHETIC_DEMO
SUP00356,PROD00492,SUPPLIER_PROVIDES_PRODUCT,0.048,SYNTHETIC_DEMO
SUP00357,PROD00499,SUPPLIER_PROVIDES_PRODUCT,0.3114,SYNTHETIC_DEMO
SUP00358,PROD00506,SUPPLIER_PROVIDES_PRODUCT,0.0372,SYNTHETIC_DEMO
SUP00359,PROD00513,SUPPLIER_PROVIDES_PRODUCT,0.3741,SYNTHETIC_DEMO
SUP00360,PROD00520,SUPPLIER_PROVIDES_PRODUCT,0.3538,SYNTHETIC_DEMO
SUP00361,PROD00527,SUPPLIER_PROVIDES_PRODUCT,0.2035,SYNTHETIC_DEMO
SUP00362,PROD00534,SUPPLIER_PROVIDES_PRODUCT,0.2262,SYNTHETIC_DEMO
SUP00363,PROD00541,SUPPLIER_PROVIDES_PRODUCT,0.1876,SYNTHETIC_DEMO
SUP00364,PROD00548,SUPPLIER_PROVIDES_PRODUCT,0.2134,SYNTHETIC_DEMO
SUP00365,PROD00555,SUPPLIER_PROVIDES_PRODUCT,0.2234,SYNTHETIC_DEMO
SUP00366,PROD00562,SUPPLIER_PROVIDES_PRODUCT,0.196,SYNTHETIC_DEMO
SUP00367,PROD00569,SUPPLIER_PROVIDES_PRODUCT,0.3707,SYNTHETIC_DEMO
SUP00368,PROD00576,SUPPLIER_PROVIDES_PRODUCT,0.3876,SYNTHETIC_DEMO
SUP00369,PROD00583,SUPPLIER_PROVIDES_PRODUCT,0.3838,SYNTHETIC_DEMO
SUP00370,PROD00590,SUPPLIER_PROVIDES_PRODUCT,0.274,SYNTHETIC_DEMO
SUP00371,PROD00597,SUPPLIER_PROVIDES_PRODUCT,0.1623,SYNTHETIC_DEMO
SUP00372,PROD00604,SUPPLIER_PROVIDES_PRODUCT,0.1317,SYNTHETIC_DEMO
SUP00373,PROD00611,SUPPLIER_PROVIDES_PRODUCT,0.1115,SYNTHETIC_DEMO
SUP00374,PROD00618,SUPPLIER_PROVIDES_PRODUCT,0.0377,SYNTHETIC_DEMO
SUP00375,PROD00625,SUPPLIER_PROVIDES_PRODUCT,0.0151,SYNTHETIC_DEMO
SUP00376,PROD00632,SUPPLIER_PROVIDES_PRODUCT,0.2062,SYNTHETIC_DEMO
SUP00377,PROD00639,SUPPLIER_PROVIDES_PRODUCT,0.0797,SYNTHETIC_DEMO
SUP00378,PROD00646,SUPPLIER_PROVIDES_PRODUCT,0.0642,SYNTHETIC_DEMO
SUP00379,PROD00653,SUPPLIER_PROVIDES_PRODUCT,0.0525,SYNTHETIC_DEMO
SUP00380,PROD00660,SUPPLIER_PROVIDES_PRODUCT,0.1122,SYNTHETIC_DEMO
SUP00381,PROD00667,SUPPLIER_PROVIDES_PRODUCT,0.2216,SYNTHETIC_DEMO
SUP00382,PROD00674,SUPPLIER_PROVIDES_PRODUCT,0.0168,SYNTHETIC_DEMO
SUP00383,PROD00681,SUPPLIER_PROVIDES_PRODUCT,0.1958,SYNTHETIC_DEMO
SUP00384,PROD00688,SUPPLIER_PROVIDES_PRODUCT,0.0301,SYNTHETIC_DEMO
SUP00385,PROD00695,SUPPLIER_PROVIDES_PRODUCT,0.0459,SYNTHETIC_DEMO
SUP00386,PROD00702,SUPPLIER_PROVIDES_PRODUCT,0.1208,SYNTHETIC_DEMO
SUP00387,PROD00709,SUPPLIER_PROVIDES_PRODUCT,0.3881,SYNTHETIC_DEMO
SUP00388,PROD00716,SUPPLIER_PROVIDES_PRODUCT,0.3178,SYNTHETIC_DEMO
SUP00389,PROD00723,SUPPLIER_PROVIDES_PRODUCT,0.0495,SYNTHETIC_DEMO
SUP00390,PROD00730,SUPPLIER_PROVIDES_PRODUCT,0.2276,SYNTHETIC_DEMO
SUP00391,PROD00737,SUPPLIER_PROVIDES_PRODUCT,0.139,SYNTHETIC_DEMO
SUP00392,PROD00744,SUPPLIER_PROVIDES_PRODUCT,0.3318,SYNTHETIC_DEMO
SUP00393,PROD00751,SUPPLIER_PROVIDES_PRODUCT,0.0837,SYNTHETIC_DEMO
SUP00394,PROD00758,SUPPLIER_PROVIDES_PRODUCT,0.1977,SYNTHETIC_DEMO
SUP00395,PROD00765,SUPPLIER_PROVIDES_PRODUCT,0.0136,SYNTHETIC_DEMO
SUP00396,PROD00772,SUPPLIER_PROVIDES_PRODUCT,0.3825,SYNTHETIC_DEMO
SUP00397,PROD00779,SUPPLIER_PROVIDES_PRODUCT,0.1776,SYNTHETIC_DEMO
SUP00398,PROD00786,SUPPLIER_PROVIDES_PRODUCT,0.3139,SYNTHETIC_DEMO
SUP00399,PROD00793,SUPPLIER_PROVIDES_PRODUCT,0.3046,SYNTHETIC_DEMO
SUP00400,PROD00800,SUPPLIER_PROVIDES_PRODUCT,0.2403,SYNTHETIC_DEMO
SUP00401,PROD00807,SUPPLIER_PROVIDES_PRODUCT,0.2406,SYNTHETIC_DEMO
SUP00402,PROD00814,SUPPLIER_PROVIDES_PRODUCT,0.1759,SYNTHETIC_DEMO
SUP00403,PROD00821,SUPPLIER_PROVIDES_PRODUCT,0.1386,SYNTHETIC_DEMO
SUP00404,PROD00828,SUPPLIER_PROVIDES_PRODUCT,0.0834,SYNTHETIC_DEMO
SUP00405,PROD00835,SUPPLIER_PROVIDES_PRODUCT,0.1333,SYNTHETIC_DEMO
SUP00406,PROD00842,SUPPLIER_PROVIDES_PRODUCT,0.306,SYNTHETIC_DEMO
SUP00407,PROD00849,SUPPLIER_PROVIDES_PRODUCT,0.0869,SYNTHETIC_DEMO
SUP00408,PROD00856,SUPPLIER_PROVIDES_PRODUCT,0.2445,SYNTHETIC_DEMO
SUP00409,PROD00863,SUPPLIER_PROVIDES_PRODUCT,0.3221,SYNTHETIC_DEMO
SUP00410,PROD00870,SUPPLIER_PROVIDES_PRODUCT,0.2097,SYNTHETIC_DEMO
SUP00411,PROD00877,SUPPLIER_PROVIDES_PRODUCT,0.0373,SYNTHETIC_DEMO
SUP00412,PROD00884,SUPPLIER_PROVIDES_PRODUCT,0.0236,SYNTHETIC_DEMO
SUP00413,PROD00891,SUPPLIER_PROVIDES_PRODUCT,0.3741,SYNTHETIC_DEMO
SUP00414,PROD00898,SUPPLIER_PROVIDES_PRODUCT,0.3244,SYNTHETIC_DEMO
SUP00415,PROD00905,SUPPLIER_PROVIDES_PRODUCT,0.1825,SYNTHETIC_DEMO
SUP00416,PROD00912,SUPPLIER_PROVIDES_PRODUCT,0.3763,SYNTHETIC_DEMO
SUP00417,PROD00919,SUPPLIER_PROVIDES_PRODUCT,0.352,SYNTHETIC_DEMO
SUP00418,PROD00926,SUPPLIER_PROVIDES_PRODUCT,0.2006,SYNTHETIC_DEMO
SUP00419,PROD00933,SUPPLIER_PROVIDES_PRODUCT,0.2893,SYNTHETIC_DEMO
SUP00420,PROD00940,SUPPLIER_PROVIDES_PRODUCT,0.194,SYNTHETIC_DEMO
SUP00421,PROD00947,SUPPLIER_PROVIDES_PRODUCT,0.1347,SYNTHETIC_DEMO
SUP00422,PROD00954,SUPPLIER_PROVIDES_PRODUCT,0.0392,SYNTHETIC_DEMO
SUP00423,PROD00961,SUPPLIER_PROVIDES_PRODUCT,0.3591,SYNTHETIC_DEMO
SUP00424,PROD00968,SUPPLIER_PROVIDES_PRODUCT,0.2653,SYNTHETIC_DEMO
SUP00425,PROD00975,SUPPLIER_PROVIDES_PRODUCT,0.1952,SYNTHETIC_DEMO
SUP00426,PROD00982,SUPPLIER_PROVIDES_PRODUCT,0.2761,SYNTHETIC_DEMO
SUP00427,PROD00989,SUPPLIER_PROVIDES_PRODUCT,0.292,SYNTHETIC_DEMO
SUP00428,PROD00996,SUPPLIER_PROVIDES_PRODUCT,0.3649,SYNTHETIC_DEMO
SUP00429,PROD00003,SUPPLIER_PROVIDES_PRODUCT,0.1933,SYNTHETIC_DEMO
SUP00430,PROD00010,SUPPLIER_PROVIDES_PRODUCT,0.0441,SYNTHETIC_DEMO
SUP00431,PROD00017,SUPPLIER_PROVIDES_PRODUCT,0.0933,SYNTHETIC_DEMO
SUP00432,PROD00024,SUPPLIER_PROVIDES_PRODUCT,0.2417,SYNTHETIC_DEMO
SUP00433,PROD00031,SUPPLIER_PROVIDES_PRODUCT,0.1428,SYNTHETIC_DEMO
SUP00434,PROD00038,SUPPLIER_PROVIDES_PRODUCT,0.3935,SYNTHETIC_DEMO
SUP00435,PROD00045,SUPPLIER_PROVIDES_PRODUCT,0.3647,SYNTHETIC_DEMO
SUP00436,PROD00052,SUPPLIER_PROVIDES_PRODUCT,0.3608,SYNTHETIC_DEMO
SUP00437,PROD00059,SUPPLIER_PROVIDES_PRODUCT,0.1333,SYNTHETIC_DEMO
SUP00438,PROD00066,SUPPLIER_PROVIDES_PRODUCT,0.0879,SYNTHETIC_DEMO
SUP00439,PROD00073,SUPPLIER_PROVIDES_PRODUCT,0.1779,SYNTHETIC_DEMO
SUP00440,PROD00080,SUPPLIER_PROVIDES_PRODUCT,0.3502,SYNTHETIC_DEMO
SUP00441,PROD00087,SUPPLIER_PROVIDES_PRODUCT,0.1289,SYNTHETIC_DEMO
SUP00442,PROD00094,SUPPLIER_PROVIDES_PRODUCT,0.1055,SYNTHETIC_DEMO
SUP00443,PROD00101,SUPPLIER_PROVIDES_PRODUCT,0.1262,SYNTHETIC_DEMO
SUP00444,PROD00108,SUPPLIER_PROVIDES_PRODUCT,0.2523,SYNTHETIC_DEMO
SUP00445,PROD00115,SUPPLIER_PROVIDES_PRODUCT,0.0632,SYNTHETIC_DEMO
SUP00446,PROD00122,SUPPLIER_PROVIDES_PRODUCT,0.1599,SYNTHETIC_DEMO
SUP00447,PROD00129,SUPPLIER_PROVIDES_PRODUCT,0.3926,SYNTHETIC_DEMO
SUP00448,PROD00136,SUPPLIER_PROVIDES_PRODUCT,0.1572,SYNTHETIC_DEMO
SUP00449,PROD00143,SUPPLIER_PROVIDES_PRODUCT,0.3391,SYNTHETIC_DEMO
SUP00450,PROD00150,SUPPLIER_PROVIDES_PRODUCT,0.0362,SYNTHETIC_DEMO
SUP00451,PROD00157,SUPPLIER_PROVIDES_PRODUCT,0.299,SYNTHETIC_DEMO
SUP00452,PROD00164,SUPPLIER_PROVIDES_PRODUCT,0.0893,SYNTHETIC_DEMO
SUP00453,PROD00171,SUPPLIER_PROVIDES_PRODUCT,0.28,SYNTHETIC_DEMO
SUP00454,PROD00178,SUPPLIER_PROVIDES_PRODUCT,0.1829,SYNTHETIC_DEMO
SUP00455,PROD00185,SUPPLIER_PROVIDES_PRODUCT,0.29,SYNTHETIC_DEMO
SUP00456,PROD00192,SUPPLIER_PROVIDES_PRODUCT,0.3653,SYNTHETIC_DEMO
SUP00457,PROD00199,SUPPLIER_PROVIDES_PRODUCT,0.2499,SYNTHETIC_DEMO
SUP00458,PROD00206,SUPPLIER_PROVIDES_PRODUCT,0.2896,SYNTHETIC_DEMO
SUP00459,PROD00213,SUPPLIER_PROVIDES_PRODUCT,0.2687,SYNTHETIC_DEMO
SUP00460,PROD00220,SUPPLIER_PROVIDES_PRODUCT,0.0226,SYNTHETIC_DEMO
SUP00461,PROD00227,SUPPLIER_PROVIDES_PRODUCT,0.1099,SYNTHETIC_DEMO
SUP00462,PROD00234,SUPPLIER_PROVIDES_PRODUCT,0.2446,SYNTHETIC_DEMO
SUP00463,PROD00241,SUPPLIER_PROVIDES_PRODUCT,0.0411,SYNTHETIC_DEMO
SUP00464,PROD00248,SUPPLIER_PROVIDES_PRODUCT,0.1609,SYNTHETIC_DEMO
SUP00465,PROD00255,SUPPLIER_PROVIDES_PRODUCT,0.0157,SYNTHETIC_DEMO
SUP00466,PROD00262,SUPPLIER_PROVIDES_PRODUCT,0.3442,SYNTHETIC_DEMO
SUP00467,PROD00269,SUPPLIER_PROVIDES_PRODUCT,0.2849,SYNTHETIC_DEMO
SUP00468,PROD00276,SUPPLIER_PROVIDES_PRODUCT,0.1304,SYNTHETIC_DEMO
SUP00469,PROD00283,SUPPLIER_PROVIDES_PRODUCT,0.1921,SYNTHETIC_DEMO
SUP00470,PROD00290,SUPPLIER_PROVIDES_PRODUCT,0.1633,SYNTHETIC_DEMO
SUP00471,PROD00297,SUPPLIER_PROVIDES_PRODUCT,0.2279,SYNTHETIC_DEMO
SUP00472,PROD00304,SUPPLIER_PROVIDES_PRODUCT,0.3709,SYNTHETIC_DEMO
SUP00473,PROD00311,SUPPLIER_PROVIDES_PRODUCT,0.0104,SYNTHETIC_DEMO
SUP00474,PROD00318,SUPPLIER_PROVIDES_PRODUCT,0.3492,SYNTHETIC_DEMO
SUP00475,PROD00325,SUPPLIER_PROVIDES_PRODUCT,0.0232,SYNTHETIC_DEMO
SUP00476,PROD00332,SUPPLIER_PROVIDES_PRODUCT,0.3745,SYNTHETIC_DEMO
SUP00477,PROD00339,SUPPLIER_PROVIDES_PRODUCT,0.3171,SYNTHETIC_DEMO
SUP00478,PROD00346,SUPPLIER_PROVIDES_PRODUCT,0.1536,SYNTHETIC_DEMO
SUP00479,PROD00353,SUPPLIER_PROVIDES_PRODUCT,0.3331,SYNTHETIC_DEMO
SUP00480,PROD00360,SUPPLIER_PROVIDES_PRODUCT,0.2617,SYNTHETIC_DEMO
SUP00481,PROD00367,SUPPLIER_PROVIDES_PRODUCT,0.0634,SYNTHETIC_DEMO
SUP00482,PROD00374,SUPPLIER_PROVIDES_PRODUCT,0.0397,SYNTHETIC_DEMO
SUP00483,PROD00381,SUPPLIER_PROVIDES_PRODUCT,0.0672,SYNTHETIC_DEMO
SUP00484,PROD00388,SUPPLIER_PROVIDES_PRODUCT,0.3627,SYNTHETIC_DEMO
SUP00485,PROD00395,SUPPLIER_PROVIDES_PRODUCT,0.136,SYNTHETIC_DEMO
SUP00486,PROD00402,SUPPLIER_PROVIDES_PRODUCT,0.0527,SYNTHETIC_DEMO
SUP00487,PROD00409,SUPPLIER_PROVIDES_PRODUCT,0.197,SYNTHETIC_DEMO
SUP00488,PROD00416,SUPPLIER_PROVIDES_PRODUCT,0.2162,SYNTHETIC_DEMO
SUP00489,PROD00423,SUPPLIER_PROVIDES_PRODUCT,0.0293,SYNTHETIC_DEMO
SUP00490,PROD00430,SUPPLIER_PROVIDES_PRODUCT,0.176,SYNTHETIC_DEMO
SUP00491,PROD00437,SUPPLIER_PROVIDES_PRODUCT,0.3797,SYNTHETIC_DEMO
SUP00492,PROD00444,SUPPLIER_PROVIDES_PRODUCT,0.1755,SYNTHETIC_DEMO
SUP00493,PROD00451,SUPPLIER_PROVIDES_PRODUCT,0.0646,SYNTHETIC_DEMO
SUP00494,PROD00458,SUPPLIER_PROVIDES_PRODUCT,0.3245,SYNTHETIC_DEMO
SUP00495,PROD00465,SUPPLIER_PROVIDES_PRODUCT,0.2777,SYNTHETIC_DEMO
SUP00496,PROD00472,SUPPLIER_PROVIDES_PRODUCT,0.3978,SYNTHETIC_DEMO
SUP00497,PROD00479,SUPPLIER_PROVIDES_PRODUCT,0.2736,SYNTHETIC_DEMO
SUP00498,PROD00486,SUPPLIER_PROVIDES_PRODUCT,0.112,SYNTHETIC_DEMO
SUP00499,PROD00493,SUPPLIER_PROVIDES_PRODUCT,0.0919,SYNTHETIC_DEMO
SUP00500,PROD00500,SUPPLIER_PROVIDES_PRODUCT,0.1825,SYNTHETIC_DEMO
SUP00501,PROD00507,SUPPLIER_PROVIDES_PRODUCT,0.3044,SYNTHETIC_DEMO
SUP00502,PROD00514,SUPPLIER_PROVIDES_PRODUCT,0.0255,SYNTHETIC_DEMO
SUP00503,PROD00521,SUPPLIER_PROVIDES_PRODUCT,0.1141,SYNTHETIC_DEMO
SUP00504,PROD00528,SUPPLIER_PROVIDES_PRODUCT,0.3594,SYNTHETIC_DEMO
SUP00505,PROD00535,SUPPLIER_PROVIDES_PRODUCT,0.1588,SYNTHETIC_DEMO
SUP00506,PROD00542,SUPPLIER_PROVIDES_PRODUCT,0.1462,SYNTHETIC_DEMO
SUP00507,PROD00549,SUPPLIER_PROVIDES_PRODUCT,0.3017,SYNTHETIC_DEMO
SUP00508,PROD00556,SUPPLIER_PROVIDES_PRODUCT,0.0933,SYNTHETIC_DEMO
SUP00509,PROD00563,SUPPLIER_PROVIDES_PRODUCT,0.0693,SYNTHETIC_DEMO
SUP00510,PROD00570,SUPPLIER_PROVIDES_PRODUCT,0.0909,SYNTHETIC_DEMO
SUP00511,PROD00577,SUPPLIER_PROVIDES_PRODUCT,0.2791,SYNTHETIC_DEMO
SUP00512,PROD00584,SUPPLIER_PROVIDES_PRODUCT,0.1833,SYNTHETIC_DEMO
SUP00513,PROD00591,SUPPLIER_PROVIDES_PRODUCT,0.3277,SYNTHETIC_DEMO
SUP00514,PROD00598,SUPPLIER_PROVIDES_PRODUCT,0.2258,SYNTHETIC_DEMO
SUP00515,PROD00605,SUPPLIER_PROVIDES_PRODUCT,0.0544,SYNTHETIC_DEMO
SUP00516,PROD00612,SUPPLIER_PROVIDES_PRODUCT,0.1271,SYNTHETIC_DEMO
SUP00517,PROD00619,SUPPLIER_PROVIDES_PRODUCT,0.1035,SYNTHETIC_DEMO
SUP00518,PROD00626,SUPPLIER_PROVIDES_PRODUCT,0.1395,SYNTHETIC_DEMO
SUP00519,PROD00633,SUPPLIER_PROVIDES_PRODUCT,0.0554,SYNTHETIC_DEMO
SUP00520,PROD00640,SUPPLIER_PROVIDES_PRODUCT,0.2912,SYNTHETIC_DEMO
SUP00521,PROD00647,SUPPLIER_PROVIDES_PRODUCT,0.3543,SYNTHETIC_DEMO
SUP00522,PROD00654,SUPPLIER_PROVIDES_PRODUCT,0.3421,SYNTHETIC_DEMO
SUP00523,PROD00661,SUPPLIER_PROVIDES_PRODUCT,0.1171,SYNTHETIC_DEMO
SUP00524,PROD00668,SUPPLIER_PROVIDES_PRODUCT,0.312,SYNTHETIC_DEMO
SUP00525,PROD00675,SUPPLIER_PROVIDES_PRODUCT,0.1948,SYNTHETIC_DEMO
SUP00526,PROD00682,SUPPLIER_PROVIDES_PRODUCT,0.3521,SYNTHETIC_DEMO
SUP00527,PROD00689,SUPPLIER_PROVIDES_PRODUCT,0.0148,SYNTHETIC_DEMO
SUP00528,PROD00696,SUPPLIER_PROVIDES_PRODUCT,0.1133,SYNTHETIC_DEMO
SUP00529,PROD00703,SUPPLIER_PROVIDES_PRODUCT,0.1978,SYNTHETIC_DEMO
SUP00530,PROD00710,SUPPLIER_PROVIDES_PRODUCT,0.2174,SYNTHETIC_DEMO
SUP00531,PROD00717,SUPPLIER_PROVIDES_PRODUCT,0.1791,SYNTHETIC_DEMO
SUP00532,PROD00724,SUPPLIER_PROVIDES_PRODUCT,0.2063,SYNTHETIC_DEMO
SUP00533,PROD00731,SUPPLIER_PROVIDES_PRODUCT,0.2689,SYNTHETIC_DEMO
SUP00534,PROD00738,SUPPLIER_PROVIDES_PRODUCT,0.3775,SYNTHETIC_DEMO
SUP00535,PROD00745,SUPPLIER_PROVIDES_PRODUCT,0.1682,SYNTHETIC_DEMO
SUP00536,PROD00752,SUPPLIER_PROVIDES_PRODUCT,0.3831,SYNTHETIC_DEMO
SUP00537,PROD00759,SUPPLIER_PROVIDES_PRODUCT,0.3176,SYNTHETIC_DEMO
SUP00538,PROD00766,SUPPLIER_PROVIDES_PRODUCT,0.2659,SYNTHETIC_DEMO
SUP00539,PROD00773,SUPPLIER_PROVIDES_PRODUCT,0.3175,SYNTHETIC_DEMO
SUP00540,PROD00780,SUPPLIER_PROVIDES_PRODUCT,0.1505,SYNTHETIC_DEMO
SUP00541,PROD00787,SUPPLIER_PROVIDES_PRODUCT,0.2134,SYNTHETIC_DEMO
SUP00542,PROD00794,SUPPLIER_PROVIDES_PRODUCT,0.2112,SYNTHETIC_DEMO
SUP00543,PROD00801,SUPPLIER_PROVIDES_PRODUCT,0.0486,SYNTHETIC_DEMO
SUP00544,PROD00808,SUPPLIER_PROVIDES_PRODUCT,0.2204,SYNTHETIC_DEMO
SUP00545,PROD00815,SUPPLIER_PROVIDES_PRODUCT,0.2944,SYNTHETIC_DEMO
SUP00546,PROD00822,SUPPLIER_PROVIDES_PRODUCT,0.1843,SYNTHETIC_DEMO
SUP00547,PROD00829,SUPPLIER_PROVIDES_PRODUCT,0.3025,SYNTHETIC_DEMO
SUP00548,PROD00836,SUPPLIER_PROVIDES_PRODUCT,0.3877,SYNTHETIC_DEMO
SUP00549,PROD00843,SUPPLIER_PROVIDES_PRODUCT,0.1727,SYNTHETIC_DEMO
SUP00550,PROD00850,SUPPLIER_PROVIDES_PRODUCT,0.0443,SYNTHETIC_DEMO
SUP00551,PROD00857,SUPPLIER_PROVIDES_PRODUCT,0.2437,SYNTHETIC_DEMO
SUP00552,PROD00864,SUPPLIER_PROVIDES_PRODUCT,0.2923,SYNTHETIC_DEMO
SUP00553,PROD00871,SUPPLIER_PROVIDES_PRODUCT,0.3005,SYNTHETIC_DEMO
SUP00554,PROD00878,SUPPLIER_PROVIDES_PRODUCT,0.3683,SYNTHETIC_DEMO
SUP00555,PROD00885,SUPPLIER_PROVIDES_PRODUCT,0.3227,SYNTHETIC_DEMO
SUP00556,PROD00892,SUPPLIER_PROVIDES_PRODUCT,0.3301,SYNTHETIC_DEMO
SUP00557,PROD00899,SUPPLIER_PROVIDES_PRODUCT,0.2668,SYNTHETIC_DEMO
SUP00558,PROD00906,SUPPLIER_PROVIDES_PRODUCT,0.2571,SYNTHETIC_DEMO
SUP00559,PROD00913,SUPPLIER_PROVIDES_PRODUCT,0.0341,SYNTHETIC_DEMO
SUP00560,PROD00920,SUPPLIER_PROVIDES_PRODUCT,0.2959,SYNTHETIC_DEMO
SUP00561,PROD00927,SUPPLIER_PROVIDES_PRODUCT,0.0706,SYNTHETIC_DEMO
SUP00562,PROD00934,SUPPLIER_PROVIDES_PRODUCT,0.3689,SYNTHETIC_DEMO
SUP00563,PROD00941,SUPPLIER_PROVIDES_PRODUCT,0.0633,SYNTHETIC_DEMO
SUP00564,PROD00948,SUPPLIER_PROVIDES_PRODUCT,0.3923,SYNTHETIC_DEMO
SUP00565,PROD00955,SUPPLIER_PROVIDES_PRODUCT,0.3158,SYNTHETIC_DEMO
SUP00566,PROD00962,SUPPLIER_PROVIDES_PRODUCT,0.1594,SYNTHETIC_DEMO
SUP00567,PROD00969,SUPPLIER_PROVIDES_PRODUCT,0.3118,SYNTHETIC_DEMO
SUP00568,PROD00976,SUPPLIER_PROVIDES_PRODUCT,0.2232,SYNTHETIC_DEMO
SUP00569,PROD00983,SUPPLIER_PROVIDES_PRODUCT,0.2207,SYNTHETIC_DEMO
SUP00570,PROD00990,SUPPLIER_PROVIDES_PRODUCT,0.2169,SYNTHETIC_DEMO
SUP00571,PROD00997,SUPPLIER_PROVIDES_PRODUCT,0.0898,SYNTHETIC_DEMO
SUP00572,PROD00004,SUPPLIER_PROVIDES_PRODUCT,0.1624,SYNTHETIC_DEMO
SUP00573,PROD00011,SUPPLIER_PROVIDES_PRODUCT,0.2872,SYNTHETIC_DEMO
SUP00574,PROD00018,SUPPLIER_PROVIDES_PRODUCT,0.0708,SYNTHETIC_DEMO
SUP00575,PROD00025,SUPPLIER_PROVIDES_PRODUCT,0.3014,SYNTHETIC_DEMO
SUP00576,PROD00032,SUPPLIER_PROVIDES_PRODUCT,0.3012,SYNTHETIC_DEMO
SUP00577,PROD00039,SUPPLIER_PROVIDES_PRODUCT,0.1023,SYNTHETIC_DEMO
SUP00578,PROD00046,SUPPLIER_PROVIDES_PRODUCT,0.2824,SYNTHETIC_DEMO
SUP00579,PROD00053,SUPPLIER_PROVIDES_PRODUCT,0.0323,SYNTHETIC_DEMO
SUP00580,PROD00060,SUPPLIER_PROVIDES_PRODUCT,0.1529,SYNTHETIC_DEMO
SUP00581,PROD00067,SUPPLIER_PROVIDES_PRODUCT,0.0584,SYNTHETIC_DEMO
SUP00582,PROD00074,SUPPLIER_PROVIDES_PRODUCT,0.1029,SYNTHETIC_DEMO
SUP00583,PROD00081,SUPPLIER_PROVIDES_PRODUCT,0.078,SYNTHETIC_DEMO
SUP00584,PROD00088,SUPPLIER_PROVIDES_PRODUCT,0.2675,SYNTHETIC_DEMO
SUP00585,PROD00095,SUPPLIER_PROVIDES_PRODUCT,0.0148,SYNTHETIC_DEMO
SUP00586,PROD00102,SUPPLIER_PROVIDES_PRODUCT,0.0616,SYNTHETIC_DEMO
SUP00587,PROD00109,SUPPLIER_PROVIDES_PRODUCT,0.0303,SYNTHETIC_DEMO
SUP00588,PROD00116,SUPPLIER_PROVIDES_PRODUCT,0.3053,SYNTHETIC_DEMO
SUP00589,PROD00123,SUPPLIER_PROVIDES_PRODUCT,0.0532,SYNTHETIC_DEMO
SUP00590,PROD00130,SUPPLIER_PROVIDES_PRODUCT,0.1902,SYNTHETIC_DEMO
SUP00591,PROD00137,SUPPLIER_PROVIDES_PRODUCT,0.3819,SYNTHETIC_DEMO
SUP00592,PROD00144,SUPPLIER_PROVIDES_PRODUCT,0.2047,SYNTHETIC_DEMO
SUP00593,PROD00151,SUPPLIER_PROVIDES_PRODUCT,0.3734,SYNTHETIC_DEMO
SUP00594,PROD00158,SUPPLIER_PROVIDES_PRODUCT,0.2525,SYNTHETIC_DEMO
SUP00595,PROD00165,SUPPLIER_PROVIDES_PRODUCT,0.2024,SYNTHETIC_DEMO
SUP00596,PROD00172,SUPPLIER_PROVIDES_PRODUCT,0.082,SYNTHETIC_DEMO
SUP00597,PROD00179,SUPPLIER_PROVIDES_PRODUCT,0.1174,SYNTHETIC_DEMO
SUP00598,PROD00186,SUPPLIER_PROVIDES_PRODUCT,0.1736,SYNTHETIC_DEMO
SUP00599,PROD00193,SUPPLIER_PROVIDES_PRODUCT,0.1385,SYNTHETIC_DEMO
SUP00600,PROD00200,SUPPLIER_PROVIDES_PRODUCT,0.0613,SYNTHETIC_DEMO
SUP00601,PROD00207,SUPPLIER_PROVIDES_PRODUCT,0.28,SYNTHETIC_DEMO
SUP00602,PROD00214,SUPPLIER_PROVIDES_PRODUCT,0.2163,SYNTHETIC_DEMO
SUP00603,PROD00221,SUPPLIER_PROVIDES_PRODUCT,0.0204,SYNTHETIC_DEMO
SUP00604,PROD00228,SUPPLIER_PROVIDES_PRODUCT,0.263,SYNTHETIC_DEMO
SUP00605,PROD00235,SUPPLIER_PROVIDES_PRODUCT,0.2365,SYNTHETIC_DEMO
SUP00606,PROD00242,SUPPLIER_PROVIDES_PRODUCT,0.0607,SYNTHETIC_DEMO
SUP00607,PROD00249,SUPPLIER_PROVIDES_PRODUCT,0.1203,SYNTHETIC_DEMO
SUP00608,PROD00256,SUPPLIER_PROVIDES_PRODUCT,0.213,SYNTHETIC_DEMO
SUP00609,PROD00263,SUPPLIER_PROVIDES_PRODUCT,0.2641,SYNTHETIC_DEMO
SUP00610,PROD00270,SUPPLIER_PROVIDES_PRODUCT,0.2502,SYNTHETIC_DEMO
SUP00611,PROD00277,SUPPLIER_PROVIDES_PRODUCT,0.2733,SYNTHETIC_DEMO
SUP00612,PROD00284,SUPPLIER_PROVIDES_PRODUCT,0.3831,SYNTHETIC_DEMO
SUP00613,PROD00291,SUPPLIER_PROVIDES_PRODUCT,0.3612,SYNTHETIC_DEMO
SUP00614,PROD00298,SUPPLIER_PROVIDES_PRODUCT,0.0502,SYNTHETIC_DEMO
SUP00615,PROD00305,SUPPLIER_PROVIDES_PRODUCT,0.0952,SYNTHETIC_DEMO
SUP00616,PROD00312,SUPPLIER_PROVIDES_PRODUCT,0.2246,SYNTHETIC_DEMO
SUP00617,PROD00319,SUPPLIER_PROVIDES_PRODUCT,0.3463,SYNTHETIC_DEMO
SUP00618,PROD00326,SUPPLIER_PROVIDES_PRODUCT,0.3458,SYNTHETIC_DEMO
SUP00619,PROD00333,SUPPLIER_PROVIDES_PRODUCT,0.3771,SYNTHETIC_DEMO
SUP00620,PROD00340,SUPPLIER_PROVIDES_PRODUCT,0.1223,SYNTHETIC_DEMO
SUP00621,PROD00347,SUPPLIER_PROVIDES_PRODUCT,0.356,SYNTHETIC_DEMO
SUP00622,PROD00354,SUPPLIER_PROVIDES_PRODUCT,0.3808,SYNTHETIC_DEMO
SUP00623,PROD00361,SUPPLIER_PROVIDES_PRODUCT,0.108,SYNTHETIC_DEMO
SUP00624,PROD00368,SUPPLIER_PROVIDES_PRODUCT,0.0943,SYNTHETIC_DEMO
SUP00625,PROD00375,SUPPLIER_PROVIDES_PRODUCT,0.108,SYNTHETIC_DEMO
SUP00626,PROD00382,SUPPLIER_PROVIDES_PRODUCT,0.1865,SYNTHETIC_DEMO
SUP00627,PROD00389,SUPPLIER_PROVIDES_PRODUCT,0.2521,SYNTHETIC_DEMO
SUP00628,PROD00396,SUPPLIER_PROVIDES_PRODUCT,0.3955,SYNTHETIC_DEMO
SUP00629,PROD00403,SUPPLIER_PROVIDES_PRODUCT,0.1882,SYNTHETIC_DEMO
SUP00630,PROD00410,SUPPLIER_PROVIDES_PRODUCT,0.3864,SYNTHETIC_DEMO
SUP00631,PROD00417,SUPPLIER_PROVIDES_PRODUCT,0.2575,SYNTHETIC_DEMO
SUP00632,PROD00424,SUPPLIER_PROVIDES_PRODUCT,0.3417,SYNTHETIC_DEMO
SUP00633,PROD00431,SUPPLIER_PROVIDES_PRODUCT,0.0756,SYNTHETIC_DEMO
SUP00634,PROD00438,SUPPLIER_PROVIDES_PRODUCT,0.1822,SYNTHETIC_DEMO
SUP00635,PROD00445,SUPPLIER_PROVIDES_PRODUCT,0.103,SYNTHETIC_DEMO
SUP00636,PROD00452,SUPPLIER_PROVIDES_PRODUCT,0.1016,SYNTHETIC_DEMO
SUP00637,PROD00459,SUPPLIER_PROVIDES_PRODUCT,0.1981,SYNTHETIC_DEMO
SUP00638,PROD00466,SUPPLIER_PROVIDES_PRODUCT,0.0153,SYNTHETIC_DEMO
SUP00639,PROD00473,SUPPLIER_PROVIDES_PRODUCT,0.3706,SYNTHETIC_DEMO
SUP00640,PROD00480,SUPPLIER_PROVIDES_PRODUCT,0.2876,SYNTHETIC_DEMO
SUP00641,PROD00487,SUPPLIER_PROVIDES_PRODUCT,0.2353,SYNTHETIC_DEMO
SUP00642,PROD00494,SUPPLIER_PROVIDES_PRODUCT,0.3096,SYNTHETIC_DEMO
SUP00643,PROD00501,SUPPLIER_PROVIDES_PRODUCT,0.0364,SYNTHETIC_DEMO
SUP00644,PROD00508,SUPPLIER_PROVIDES_PRODUCT,0.1829,SYNTHETIC_DEMO
SUP00645,PROD00515,SUPPLIER_PROVIDES_PRODUCT,0.0897,SYNTHETIC_DEMO
SUP00646,PROD00522,SUPPLIER_PROVIDES_PRODUCT,0.3418,SYNTHETIC_DEMO
SUP00647,PROD00529,SUPPLIER_PROVIDES_PRODUCT,0.293,SYNTHETIC_DEMO
SUP00648,PROD00536,SUPPLIER_PROVIDES_PRODUCT,0.0712,SYNTHETIC_DEMO
SUP00649,PROD00543,SUPPLIER_PROVIDES_PRODUCT,0.3039,SYNTHETIC_DEMO
SUP00650,PROD00550,SUPPLIER_PROVIDES_PRODUCT,0.189,SYNTHETIC_DEMO
SUP00651,PROD00557,SUPPLIER_PROVIDES_PRODUCT,0.1653,SYNTHETIC_DEMO
SUP00652,PROD00564,SUPPLIER_PROVIDES_PRODUCT,0.0379,SYNTHETIC_DEMO
SUP00653,PROD00571,SUPPLIER_PROVIDES_PRODUCT,0.0705,SYNTHETIC_DEMO
SUP00654,PROD00578,SUPPLIER_PROVIDES_PRODUCT,0.0801,SYNTHETIC_DEMO
SUP00655,PROD00585,SUPPLIER_PROVIDES_PRODUCT,0.3903,SYNTHETIC_DEMO
SUP00656,PROD00592,SUPPLIER_PROVIDES_PRODUCT,0.3803,SYNTHETIC_DEMO
SUP00657,PROD00599,SUPPLIER_PROVIDES_PRODUCT,0.2182,SYNTHETIC_DEMO
SUP00658,PROD00606,SUPPLIER_PROVIDES_PRODUCT,0.1623,SYNTHETIC_DEMO
SUP00659,PROD00613,SUPPLIER_PROVIDES_PRODUCT,0.1444,SYNTHETIC_DEMO
SUP00660,PROD00620,SUPPLIER_PROVIDES_PRODUCT,0.0992,SYNTHETIC_DEMO
SUP00661,PROD00627,SUPPLIER_PROVIDES_PRODUCT,0.1292,SYNTHETIC_DEMO
SUP00662,PROD00634,SUPPLIER_PROVIDES_PRODUCT,0.0947,SYNTHETIC_DEMO
SUP00663,PROD00641,SUPPLIER_PROVIDES_PRODUCT,0.1669,SYNTHETIC_DEMO
SUP00664,PROD00648,SUPPLIER_PROVIDES_PRODUCT,0.2072,SYNTHETIC_DEMO
SUP00665,PROD00655,SUPPLIER_PROVIDES_PRODUCT,0.0999,SYNTHETIC_DEMO
SUP00666,PROD00662,SUPPLIER_PROVIDES_PRODUCT,0.3705,SYNTHETIC_DEMO
SUP00667,PROD00669,SUPPLIER_PROVIDES_PRODUCT,0.3641,SYNTHETIC_DEMO
SUP00668,PROD00676,SUPPLIER_PROVIDES_PRODUCT,0.1058,SYNTHETIC_DEMO
SUP00669,PROD00683,SUPPLIER_PROVIDES_PRODUCT,0.0612,SYNTHETIC_DEMO
SUP00670,PROD00690,SUPPLIER_PROVIDES_PRODUCT,0.2527,SYNTHETIC_DEMO
SUP00671,PROD00697,SUPPLIER_PROVIDES_PRODUCT,0.1728,SYNTHETIC_DEMO
SUP00672,PROD00704,SUPPLIER_PROVIDES_PRODUCT,0.1304,SYNTHETIC_DEMO
SUP00673,PROD00711,SUPPLIER_PROVIDES_PRODUCT,0.1841,SYNTHETIC_DEMO
SUP00674,PROD00718,SUPPLIER_PROVIDES_PRODUCT,0.1507,SYNTHETIC_DEMO
SUP00675,PROD00725,SUPPLIER_PROVIDES_PRODUCT,0.3081,SYNTHETIC_DEMO
SUP00676,PROD00732,SUPPLIER_PROVIDES_PRODUCT,0.0533,SYNTHETIC_DEMO
SUP00677,PROD00739,SUPPLIER_PROVIDES_PRODUCT,0.0276,SYNTHETIC_DEMO
SUP00678,PROD00746,SUPPLIER_PROVIDES_PRODUCT,0.3583,SYNTHETIC_DEMO
SUP00679,PROD00753,SUPPLIER_PROVIDES_PRODUCT,0.3945,SYNTHETIC_DEMO
SUP00680,PROD00760,SUPPLIER_PROVIDES_PRODUCT,0.25,SYNTHETIC_DEMO
SUP00681,PROD00767,SUPPLIER_PROVIDES_PRODUCT,0.3764,SYNTHETIC_DEMO
SUP00682,PROD00774,SUPPLIER_PROVIDES_PRODUCT,0.0765,SYNTHETIC_DEMO
SUP00683,PROD00781,SUPPLIER_PROVIDES_PRODUCT,0.1702,SYNTHETIC_DEMO
SUP00684,PROD00788,SUPPLIER_PROVIDES_PRODUCT,0.258,SYNTHETIC_DEMO
SUP00685,PROD00795,SUPPLIER_PROVIDES_PRODUCT,0.1889,SYNTHETIC_DEMO
SUP00686,PROD00802,SUPPLIER_PROVIDES_PRODUCT,0.132,SYNTHETIC_DEMO
SUP00687,PROD00809,SUPPLIER_PROVIDES_PRODUCT,0.3745,SYNTHETIC_DEMO
SUP00688,PROD00816,SUPPLIER_PROVIDES_PRODUCT,0.2991,SYNTHETIC_DEMO
SUP00689,PROD00823,SUPPLIER_PROVIDES_PRODUCT,0.339,SYNTHETIC_DEMO
SUP00690,PROD00830,SUPPLIER_PROVIDES_PRODUCT,0.2274,SYNTHETIC_DEMO
SUP00691,PROD00837,SUPPLIER_PROVIDES_PRODUCT,0.1539,SYNTHETIC_DEMO
SUP00692,PROD00844,SUPPLIER_PROVIDES_PRODUCT,0.131,SYNTHETIC_DEMO
SUP00693,PROD00851,SUPPLIER_PROVIDES_PRODUCT,0.1469,SYNTHETIC_DEMO
SUP00694,PROD00858,SUPPLIER_PROVIDES_PRODUCT,0.3854,SYNTHETIC_DEMO
SUP00695,PROD00865,SUPPLIER_PROVIDES_PRODUCT,0.1608,SYNTHETIC_DEMO
SUP00696,PROD00872,SUPPLIER_PROVIDES_PRODUCT,0.1282,SYNTHETIC_DEMO
SUP00697,PROD00879,SUPPLIER_PROVIDES_PRODUCT,0.0569,SYNTHETIC_DEMO
SUP00698,PROD00886,SUPPLIER_PROVIDES_PRODUCT,0.1392,SYNTHETIC_DEMO
SUP00699,PROD00893,SUPPLIER_PROVIDES_PRODUCT,0.2394,SYNTHETIC_DEMO
SUP00700,PROD00900,SUPPLIER_PROVIDES_PRODUCT,0.1304,SYNTHETIC_DEMO
SUP00701,PROD00907,SUPPLIER_PROVIDES_PRODUCT,0.2815,SYNTHETIC_DEMO
SUP00702,PROD00914,SUPPLIER_PROVIDES_PRODUCT,0.1844,SYNTHETIC_DEMO
SUP00703,PROD00921,SUPPLIER_PROVIDES_PRODUCT,0.161,SYNTHETIC_DEMO
SUP00704,PROD00928,SUPPLIER_PROVIDES_PRODUCT,0.0748,SYNTHETIC_DEMO
SUP00705,PROD00935,SUPPLIER_PROVIDES_PRODUCT,0.2423,SYNTHETIC_DEMO
SUP00706,PROD00942,SUPPLIER_PROVIDES_PRODUCT,0.2833,SYNTHETIC_DEMO
SUP00707,PROD00949,SUPPLIER_PROVIDES_PRODUCT,0.3716,SYNTHETIC_DEMO
SUP00708,PROD00956,SUPPLIER_PROVIDES_PRODUCT,0.1564,SYNTHETIC_DEMO
SUP00709,PROD00963,SUPPLIER_PROVIDES_PRODUCT,0.1967,SYNTHETIC_DEMO
SUP00710,PROD00970,SUPPLIER_PROVIDES_PRODUCT,0.1626,SYNTHETIC_DEMO
SUP00711,PROD00977,SUPPLIER_PROVIDES_PRODUCT,0.1589,SYNTHETIC_DEMO
SUP00712,PROD00984,SUPPLIER_PROVIDES_PRODUCT,0.3398,SYNTHETIC_DEMO
SUP00713,PROD00991,SUPPLIER_PROVIDES_PRODUCT,0.0417,SYNTHETIC_DEMO
SUP00714,PROD00998,SUPPLIER_PROVIDES_PRODUCT,0.2603,SYNTHETIC_DEMO
SUP00715,PROD00005,SUPPLIER_PROVIDES_PRODUCT,0.2917,SYNTHETIC_DEMO
SUP00716,PROD00012,SUPPLIER_PROVIDES_PRODUCT,0.1774,SYNTHETIC_DEMO
SUP00717,PROD00019,SUPPLIER_PROVIDES_PRODUCT,0.1878,SYNTHETIC_DEMO
SUP00718,PROD00026,SUPPLIER_PROVIDES_PRODUCT,0.3259,SYNTHETIC_DEMO
SUP00719,PROD00033,SUPPLIER_PROVIDES_PRODUCT,0.3383,SYNTHETIC_DEMO
SUP00720,PROD00040,SUPPLIER_PROVIDES_PRODUCT,0.2978,SYNTHETIC_DEMO
SUP00721,PROD00047,SUPPLIER_PROVIDES_PRODUCT,0.2377,SYNTHETIC_DEMO
SUP00722,PROD00054,SUPPLIER_PROVIDES_PRODUCT,0.0525,SYNTHETIC_DEMO
SUP00723,PROD00061,SUPPLIER_PROVIDES_PRODUCT,0.0998,SYNTHETIC_DEMO
SUP00724,PROD00068,SUPPLIER_PROVIDES_PRODUCT,0.1204,SYNTHETIC_DEMO
SUP00725,PROD00075,SUPPLIER_PROVIDES_PRODUCT,0.2608,SYNTHETIC_DEMO
SUP00726,PROD00082,SUPPLIER_PROVIDES_PRODUCT,0.2411,SYNTHETIC_DEMO
SUP00727,PROD00089,SUPPLIER_PROVIDES_PRODUCT,0.1658,SYNTHETIC_DEMO
SUP00728,PROD00096,SUPPLIER_PROVIDES_PRODUCT,0.0264,SYNTHETIC_DEMO
SUP00729,PROD00103,SUPPLIER_PROVIDES_PRODUCT,0.1996,SYNTHETIC_DEMO
SUP00730,PROD00110,SUPPLIER_PROVIDES_PRODUCT,0.1378,SYNTHETIC_DEMO
SUP00731,PROD00117,SUPPLIER_PROVIDES_PRODUCT,0.2568,SYNTHETIC_DEMO
SUP00732,PROD00124,SUPPLIER_PROVIDES_PRODUCT,0.2358,SYNTHETIC_DEMO
SUP00733,PROD00131,SUPPLIER_PROVIDES_PRODUCT,0.024,SYNTHETIC_DEMO
SUP00734,PROD00138,SUPPLIER_PROVIDES_PRODUCT,0.2385,SYNTHETIC_DEMO
SUP00735,PROD00145,SUPPLIER_PROVIDES_PRODUCT,0.0227,SYNTHETIC_DEMO
SUP00736,PROD00152,SUPPLIER_PROVIDES_PRODUCT,0.3596,SYNTHETIC_DEMO
SUP00737,PROD00159,SUPPLIER_PROVIDES_PRODUCT,0.0772,SYNTHETIC_DEMO
SUP00738,PROD00166,SUPPLIER_PROVIDES_PRODUCT,0.1357,SYNTHETIC_DEMO
SUP00739,PROD00173,SUPPLIER_PROVIDES_PRODUCT,0.239,SYNTHETIC_DEMO
SUP00740,PROD00180,SUPPLIER_PROVIDES_PRODUCT,0.1709,SYNTHETIC_DEMO
SUP00741,PROD00187,SUPPLIER_PROVIDES_PRODUCT,0.0261,SYNTHETIC_DEMO
SUP00742,PROD00194,SUPPLIER_PROVIDES_PRODUCT,0.3877,SYNTHETIC_DEMO
SUP00743,PROD00201,SUPPLIER_PROVIDES_PRODUCT,0.2482,SYNTHETIC_DEMO
SUP00744,PROD00208,SUPPLIER_PROVIDES_PRODUCT,0.1155,SYNTHETIC_DEMO
SUP00745,PROD00215,SUPPLIER_PROVIDES_PRODUCT,0.0911,SYNTHETIC_DEMO
SUP00746,PROD00222,SUPPLIER_PROVIDES_PRODUCT,0.0606,SYNTHETIC_DEMO
SUP00747,PROD00229,SUPPLIER_PROVIDES_PRODUCT,0.129,SYNTHETIC_DEMO
SUP00748,PROD00236,SUPPLIER_PROVIDES_PRODUCT,0.1619,SYNTHETIC_DEMO
SUP00749,PROD00243,SUPPLIER_PROVIDES_PRODUCT,0.2576,SYNTHETIC_DEMO
SUP00750,PROD00250,SUPPLIER_PROVIDES_PRODUCT,0.2849,SYNTHETIC_DEMO
SUP00751,PROD00257,SUPPLIER_PROVIDES_PRODUCT,0.1427,SYNTHETIC_DEMO
SUP00752,PROD00264,SUPPLIER_PROVIDES_PRODUCT,0.3806,SYNTHETIC_DEMO
SUP00753,PROD00271,SUPPLIER_PROVIDES_PRODUCT,0.0758,SYNTHETIC_DEMO
SUP00754,PROD00278,SUPPLIER_PROVIDES_PRODUCT,0.1351,SYNTHETIC_DEMO
SUP00755,PROD00285,SUPPLIER_PROVIDES_PRODUCT,0.2747,SYNTHETIC_DEMO
SUP00756,PROD00292,SUPPLIER_PROVIDES_PRODUCT,0.3978,SYNTHETIC_DEMO
SUP00757,PROD00299,SUPPLIER_PROVIDES_PRODUCT,0.3583,SYNTHETIC_DEMO
SUP00758,PROD00306,SUPPLIER_PROVIDES_PRODUCT,0.1891,SYNTHETIC_DEMO
SUP00759,PROD00313,SUPPLIER_PROVIDES_PRODUCT,0.2149,SYNTHETIC_DEMO
SUP00760,PROD00320,SUPPLIER_PROVIDES_PRODUCT,0.1856,SYNTHETIC_DEMO
SUP00761,PROD00327,SUPPLIER_PROVIDES_PRODUCT,0.1715,SYNTHETIC_DEMO
SUP00762,PROD00334,SUPPLIER_PROVIDES_PRODUCT,0.1904,SYNTHETIC_DEMO
SUP00763,PROD00341,SUPPLIER_PROVIDES_PRODUCT,0.2616,SYNTHETIC_DEMO
SUP00764,PROD00348,SUPPLIER_PROVIDES_PRODUCT,0.1501,SYNTHETIC_DEMO
SUP00765,PROD00355,SUPPLIER_PROVIDES_PRODUCT,0.0285,SYNTHETIC_DEMO
SUP00766,PROD00362,SUPPLIER_PROVIDES_PRODUCT,0.2385,SYNTHETIC_DEMO
SUP00767,PROD00369,SUPPLIER_PROVIDES_PRODUCT,0.0867,SYNTHETIC_DEMO
SUP00768,PROD00376,SUPPLIER_PROVIDES_PRODUCT,0.2395,SYNTHETIC_DEMO
SUP00769,PROD00383,SUPPLIER_PROVIDES_PRODUCT,0.0417,SYNTHETIC_DEMO
SUP00770,PROD00390,SUPPLIER_PROVIDES_PRODUCT,0.1299,SYNTHETIC_DEMO
SUP00771,PROD00397,SUPPLIER_PROVIDES_PRODUCT,0.2319,SYNTHETIC_DEMO
SUP00772,PROD00404,SUPPLIER_PROVIDES_PRODUCT,0.3993,SYNTHETIC_DEMO
SUP00773,PROD00411,SUPPLIER_PROVIDES_PRODUCT,0.3413,SYNTHETIC_DEMO
SUP00774,PROD00418,SUPPLIER_PROVIDES_PRODUCT,0.343,SYNTHETIC_DEMO
SUP00775,PROD00425,SUPPLIER_PROVIDES_PRODUCT,0.0531,SYNTHETIC_DEMO
SUP00776,PROD00432,SUPPLIER_PROVIDES_PRODUCT,0.1619,SYNTHETIC_DEMO
SUP00777,PROD00439,SUPPLIER_PROVIDES_PRODUCT,0.0504,SYNTHETIC_DEMO
SUP00778,PROD00446,SUPPLIER_PROVIDES_PRODUCT,0.3117,SYNTHETIC_DEMO
SUP00779,PROD00453,SUPPLIER_PROVIDES_PRODUCT,0.2147,SYNTHETIC_DEMO
SUP00780,PROD00460,SUPPLIER_PROVIDES_PRODUCT,0.0629,SYNTHETIC_DEMO
SUP00781,PROD00467,SUPPLIER_PROVIDES_PRODUCT,0.1412,SYNTHETIC_DEMO
SUP00782,PROD00474,SUPPLIER_PROVIDES_PRODUCT,0.3478,SYNTHETIC_DEMO
SUP00783,PROD00481,SUPPLIER_PROVIDES_PRODUCT,0.2204,SYNTHETIC_DEMO
SUP00784,PROD00488,SUPPLIER_PROVIDES_PRODUCT,0.1246,SYNTHETIC_DEMO
SUP00785,PROD00495,SUPPLIER_PROVIDES_PRODUCT,0.0499,SYNTHETIC_DEMO
SUP00786,PROD00502,SUPPLIER_PROVIDES_PRODUCT,0.026,SYNTHETIC_DEMO
SUP00787,PROD00509,SUPPLIER_PROVIDES_PRODUCT,0.2711,SYNTHETIC_DEMO
SUP00788,PROD00516,SUPPLIER_PROVIDES_PRODUCT,0.1414,SYNTHETIC_DEMO
SUP00789,PROD00523,SUPPLIER_PROVIDES_PRODUCT,0.182,SYNTHETIC_DEMO
SUP00790,PROD00530,SUPPLIER_PROVIDES_PRODUCT,0.0485,SYNTHETIC_DEMO
SUP00791,PROD00537,SUPPLIER_PROVIDES_PRODUCT,0.1457,SYNTHETIC_DEMO
SUP00792,PROD00544,SUPPLIER_PROVIDES_PRODUCT,0.3623,SYNTHETIC_DEMO
SUP00793,PROD00551,SUPPLIER_PROVIDES_PRODUCT,0.107,SYNTHETIC_DEMO
SUP00794,PROD00558,SUPPLIER_PROVIDES_PRODUCT,0.3599,SYNTHETIC_DEMO
SUP00795,PROD00565,SUPPLIER_PROVIDES_PRODUCT,0.1229,SYNTHETIC_DEMO
SUP00796,PROD00572,SUPPLIER_PROVIDES_PRODUCT,0.1462,SYNTHETIC_DEMO
SUP00797,PROD00579,SUPPLIER_PROVIDES_PRODUCT,0.2689,SYNTHETIC_DEMO
SUP00798,PROD00586,SUPPLIER_PROVIDES_PRODUCT,0.3029,SYNTHETIC_DEMO
SUP00799,PROD00593,SUPPLIER_PROVIDES_PRODUCT,0.2916,SYNTHETIC_DEMO
SUP00800,PROD00600,SUPPLIER_PROVIDES_PRODUCT,0.0816,SYNTHETIC_DEMO
SUP00801,PROD00607,SUPPLIER_PROVIDES_PRODUCT,0.3474,SYNTHETIC_DEMO
SUP00802,PROD00614,SUPPLIER_PROVIDES_PRODUCT,0.1615,SYNTHETIC_DEMO
SUP00803,PROD00621,SUPPLIER_PROVIDES_PRODUCT,0.239,SYNTHETIC_DEMO
SUP00804,PROD00628,SUPPLIER_PROVIDES_PRODUCT,0.3045,SYNTHETIC_DEMO
SUP00805,PROD00635,SUPPLIER_PROVIDES_PRODUCT,0.2756,SYNTHETIC_DEMO
SUP00806,PROD00642,SUPPLIER_PROVIDES_PRODUCT,0.2668,SYNTHETIC_DEMO
SUP00807,PROD00649,SUPPLIER_PROVIDES_PRODUCT,0.3639,SYNTHETIC_DEMO
SUP00808,PROD00656,SUPPLIER_PROVIDES_PRODUCT,0.2342,SYNTHETIC_DEMO
SUP00809,PROD00663,SUPPLIER_PROVIDES_PRODUCT,0.2836,SYNTHETIC_DEMO
SUP00810,PROD00670,SUPPLIER_PROVIDES_PRODUCT,0.0629,SYNTHETIC_DEMO
SUP00811,PROD00677,SUPPLIER_PROVIDES_PRODUCT,0.0175,SYNTHETIC_DEMO
SUP00812,PROD00684,SUPPLIER_PROVIDES_PRODUCT,0.3914,SYNTHETIC_DEMO
SUP00813,PROD00691,SUPPLIER_PROVIDES_PRODUCT,0.1774,SYNTHETIC_DEMO
SUP00814,PROD00698,SUPPLIER_PROVIDES_PRODUCT,0.2676,SYNTHETIC_DEMO
SUP00815,PROD00705,SUPPLIER_PROVIDES_PRODUCT,0.1575,SYNTHETIC_DEMO
SUP00816,PROD00712,SUPPLIER_PROVIDES_PRODUCT,0.0212,SYNTHETIC_DEMO
SUP00817,PROD00719,SUPPLIER_PROVIDES_PRODUCT,0.1993,SYNTHETIC_DEMO
SUP00818,PROD00726,SUPPLIER_PROVIDES_PRODUCT,0.375,SYNTHETIC_DEMO
SUP00819,PROD00733,SUPPLIER_PROVIDES_PRODUCT,0.216,SYNTHETIC_DEMO
SUP00820,PROD00740,SUPPLIER_PROVIDES_PRODUCT,0.1037,SYNTHETIC_DEMO
SUP00821,PROD00747,SUPPLIER_PROVIDES_PRODUCT,0.2026,SYNTHETIC_DEMO
SUP00822,PROD00754,SUPPLIER_PROVIDES_PRODUCT,0.2013,SYNTHETIC_DEMO
SUP00823,PROD00761,SUPPLIER_PROVIDES_PRODUCT,0.2952,SYNTHETIC_DEMO
SUP00824,PROD00768,SUPPLIER_PROVIDES_PRODUCT,0.1298,SYNTHETIC_DEMO
SUP00825,PROD00775,SUPPLIER_PROVIDES_PRODUCT,0.2706,SYNTHETIC_DEMO
SUP00826,PROD00782,SUPPLIER_PROVIDES_PRODUCT,0.3138,SYNTHETIC_DEMO
SUP00827,PROD00789,SUPPLIER_PROVIDES_PRODUCT,0.3871,SYNTHETIC_DEMO
SUP00828,PROD00796,SUPPLIER_PROVIDES_PRODUCT,0.178,SYNTHETIC_DEMO
SUP00829,PROD00803,SUPPLIER_PROVIDES_PRODUCT,0.041,SYNTHETIC_DEMO
SUP00830,PROD00810,SUPPLIER_PROVIDES_PRODUCT,0.3361,SYNTHETIC_DEMO
SUP00831,PROD00817,SUPPLIER_PROVIDES_PRODUCT,0.1079,SYNTHETIC_DEMO
SUP00832,PROD00824,SUPPLIER_PROVIDES_PRODUCT,0.3465,SYNTHETIC_DEMO
SUP00833,PROD00831,SUPPLIER_PROVIDES_PRODUCT,0.0166,SYNTHETIC_DEMO
SUP00834,PROD00838,SUPPLIER_PROVIDES_PRODUCT,0.342,SYNTHETIC_DEMO
SUP00835,PROD00845,SUPPLIER_PROVIDES_PRODUCT,0.1297,SYNTHETIC_DEMO
SUP00836,PROD00852,SUPPLIER_PROVIDES_PRODUCT,0.0226,SYNTHETIC_DEMO
SUP00837,PROD00859,SUPPLIER_PROVIDES_PRODUCT,0.1683,SYNTHETIC_DEMO
SUP00838,PROD00866,SUPPLIER_PROVIDES_PRODUCT,0.3346,SYNTHETIC_DEMO
SUP00839,PROD00873,SUPPLIER_PROVIDES_PRODUCT,0.09,SYNTHETIC_DEMO
SUP00840,PROD00880,SUPPLIER_PROVIDES_PRODUCT,0.0659,SYNTHETIC_DEMO
SUP00841,PROD00887,SUPPLIER_PROVIDES_PRODUCT,0.3921,SYNTHETIC_DEMO
SUP00842,PROD00894,SUPPLIER_PROVIDES_PRODUCT,0.0674,SYNTHETIC_DEMO
SUP00843,PROD00901,SUPPLIER_PROVIDES_PRODUCT,0.2652,SYNTHETIC_DEMO
SUP00844,PROD00908,SUPPLIER_PROVIDES_PRODUCT,0.2889,SYNTHETIC_DEMO
SUP00845,PROD00915,SUPPLIER_PROVIDES_PRODUCT,0.1946,SYNTHETIC_DEMO
SUP00846,PROD00922,SUPPLIER_PROVIDES_PRODUCT,0.023,SYNTHETIC_DEMO
SUP00847,PROD00929,SUPPLIER_PROVIDES_PRODUCT,0.0417,SYNTHETIC_DEMO
SUP00848,PROD00936,SUPPLIER_PROVIDES_PRODUCT,0.0164,SYNTHETIC_DEMO
SUP00849,PROD00943,SUPPLIER_PROVIDES_PRODUCT,0.0657,SYNTHETIC_DEMO
SUP00850,PROD00950,SUPPLIER_PROVIDES_PRODUCT,0.0534,SYNTHETIC_DEMO
SUP00851,PROD00957,SUPPLIER_PROVIDES_PRODUCT,0.3733,SYNTHETIC_DEMO
SUP00852,PROD00964,SUPPLIER_PROVIDES_PRODUCT,0.3998,SYNTHETIC_DEMO
SUP00853,PROD00971,SUPPLIER_PROVIDES_PRODUCT,0.244,SYNTHETIC_DEMO
SUP00854,PROD00978,SUPPLIER_PROVIDES_PRODUCT,0.32,SYNTHETIC_DEMO
SUP00855,PROD00985,SUPPLIER_PROVIDES_PRODUCT,0.1772,SYNTHETIC_DEMO
SUP00856,PROD00992,SUPPLIER_PROVIDES_PRODUCT,0.116,SYNTHETIC_DEMO
SUP00857,PROD00999,SUPPLIER_PROVIDES_PRODUCT,0.2263,SYNTHETIC_DEMO
SUP00858,PROD00006,SUPPLIER_PROVIDES_PRODUCT,0.18,SYNTHETIC_DEMO
SUP00859,PROD00013,SUPPLIER_PROVIDES_PRODUCT,0.3208,SYNTHETIC_DEMO
SUP00860,PROD00020,SUPPLIER_PROVIDES_PRODUCT,0.0267,SYNTHETIC_DEMO
SUP00861,PROD00027,SUPPLIER_PROVIDES_PRODUCT,0.0277,SYNTHETIC_DEMO
SUP00862,PROD00034,SUPPLIER_PROVIDES_PRODUCT,0.1673,SYNTHETIC_DEMO
SUP00863,PROD00041,SUPPLIER_PROVIDES_PRODUCT,0.2236,SYNTHETIC_DEMO
SUP00864,PROD00048,SUPPLIER_PROVIDES_PRODUCT,0.2216,SYNTHETIC_DEMO
SUP00865,PROD00055,SUPPLIER_PROVIDES_PRODUCT,0.0418,SYNTHETIC_DEMO
SUP00866,PROD00062,SUPPLIER_PROVIDES_PRODUCT,0.0345,SYNTHETIC_DEMO
SUP00867,PROD00069,SUPPLIER_PROVIDES_PRODUCT,0.3047,SYNTHETIC_DEMO
SUP00868,PROD00076,SUPPLIER_PROVIDES_PRODUCT,0.12,SYNTHETIC_DEMO
SUP00869,PROD00083,SUPPLIER_PROVIDES_PRODUCT,0.2563,SYNTHETIC_DEMO
SUP00870,PROD00090,SUPPLIER_PROVIDES_PRODUCT,0.0945,SYNTHETIC_DEMO
SUP00871,PROD00097,SUPPLIER_PROVIDES_PRODUCT,0.012,SYNTHETIC_DEMO
SUP00872,PROD00104,SUPPLIER_PROVIDES_PRODUCT,0.0719,SYNTHETIC_DEMO
SUP00873,PROD00111,SUPPLIER_PROVIDES_PRODUCT,0.0164,SYNTHETIC_DEMO
SUP00874,PROD00118,SUPPLIER_PROVIDES_PRODUCT,0.168,SYNTHETIC_DEMO
SUP00875,PROD00125,SUPPLIER_PROVIDES_PRODUCT,0.3147,SYNTHETIC_DEMO
SUP00876,PROD00132,SUPPLIER_PROVIDES_PRODUCT,0.2266,SYNTHETIC_DEMO
SUP00877,PROD00139,SUPPLIER_PROVIDES_PRODUCT,0.3528,SYNTHETIC_DEMO
SUP00878,PROD00146,SUPPLIER_PROVIDES_PRODUCT,0.0272,SYNTHETIC_DEMO
SUP00879,PROD00153,SUPPLIER_PROVIDES_PRODUCT,0.0715,SYNTHETIC_DEMO
SUP00880,PROD00160,SUPPLIER_PROVIDES_PRODUCT,0.1975,SYNTHETIC_DEMO
SUP00881,PROD00167,SUPPLIER_PROVIDES_PRODUCT,0.1705,SYNTHETIC_DEMO
SUP00882,PROD00174,SUPPLIER_PROVIDES_PRODUCT,0.3373,SYNTHETIC_DEMO
SUP00883,PROD00181,SUPPLIER_PROVIDES_PRODUCT,0.3048,SYNTHETIC_DEMO
SUP00884,PROD00188,SUPPLIER_PROVIDES_PRODUCT,0.1087,SYNTHETIC_DEMO
SUP00885,PROD00195,SUPPLIER_PROVIDES_PRODUCT,0.3081,SYNTHETIC_DEMO
SUP00886,PROD00202,SUPPLIER_PROVIDES_PRODUCT,0.2672,SYNTHETIC_DEMO
SUP00887,PROD00209,SUPPLIER_PROVIDES_PRODUCT,0.0385,SYNTHETIC_DEMO
SUP00888,PROD00216,SUPPLIER_PROVIDES_PRODUCT,0.0672,SYNTHETIC_DEMO
SUP00889,PROD00223,SUPPLIER_PROVIDES_PRODUCT,0.0722,SYNTHETIC_DEMO
SUP00890,PROD00230,SUPPLIER_PROVIDES_PRODUCT,0.3975,SYNTHETIC_DEMO
SUP00891,PROD00237,SUPPLIER_PROVIDES_PRODUCT,0.2214,SYNTHETIC_DEMO
SUP00892,PROD00244,SUPPLIER_PROVIDES_PRODUCT,0.2386,SYNTHETIC_DEMO
SUP00893,PROD00251,SUPPLIER_PROVIDES_PRODUCT,0.1038,SYNTHETIC_DEMO
SUP00894,PROD00258,SUPPLIER_PROVIDES_PRODUCT,0.0366,SYNTHETIC_DEMO
SUP00895,PROD00265,SUPPLIER_PROVIDES_PRODUCT,0.398,SYNTHETIC_DEMO
SUP00896,PROD00272,SUPPLIER_PROVIDES_PRODUCT,0.2599,SYNTHETIC_DEMO
SUP00897,PROD00279,SUPPLIER_PROVIDES_PRODUCT,0.0412,SYNTHETIC_DEMO
SUP00898,PROD00286,SUPPLIER_PROVIDES_PRODUCT,0.2649,SYNTHETIC_DEMO
SUP00899,PROD00293,SUPPLIER_PROVIDES_PRODUCT,0.0885,SYNTHETIC_DEMO
SUP00900,PROD00300,SUPPLIER_PROVIDES_PRODUCT,0.0978,SYNTHETIC_DEMO
SUP00901,PROD00307,SUPPLIER_PROVIDES_PRODUCT,0.2013,SYNTHETIC_DEMO
SUP00902,PROD00314,SUPPLIER_PROVIDES_PRODUCT,0.0765,SYNTHETIC_DEMO
SUP00903,PROD00321,SUPPLIER_PROVIDES_PRODUCT,0.3971,SYNTHETIC_DEMO
SUP00904,PROD00328,SUPPLIER_PROVIDES_PRODUCT,0.13,SYNTHETIC_DEMO
SUP00905,PROD00335,SUPPLIER_PROVIDES_PRODUCT,0.2661,SYNTHETIC_DEMO
SUP00906,PROD00342,SUPPLIER_PROVIDES_PRODUCT,0.3711,SYNTHETIC_DEMO
SUP00907,PROD00349,SUPPLIER_PROVIDES_PRODUCT,0.3157,SYNTHETIC_DEMO
SUP00908,PROD00356,SUPPLIER_PROVIDES_PRODUCT,0.2178,SYNTHETIC_DEMO
SUP00909,PROD00363,SUPPLIER_PROVIDES_PRODUCT,0.2661,SYNTHETIC_DEMO
SUP00910,PROD00370,SUPPLIER_PROVIDES_PRODUCT,0.2291,SYNTHETIC_DEMO
SUP00911,PROD00377,SUPPLIER_PROVIDES_PRODUCT,0.1158,SYNTHETIC_DEMO
SUP00912,PROD00384,SUPPLIER_PROVIDES_PRODUCT,0.3323,SYNTHETIC_DEMO
SUP00913,PROD00391,SUPPLIER_PROVIDES_PRODUCT,0.056,SYNTHETIC_DEMO
SUP00914,PROD00398,SUPPLIER_PROVIDES_PRODUCT,0.0758,SYNTHETIC_DEMO
SUP00915,PROD00405,SUPPLIER_PROVIDES_PRODUCT,0.3061,SYNTHETIC_DEMO
SUP00916,PROD00412,SUPPLIER_PROVIDES_PRODUCT,0.1802,SYNTHETIC_DEMO
SUP00917,PROD00419,SUPPLIER_PROVIDES_PRODUCT,0.1962,SYNTHETIC_DEMO
SUP00918,PROD00426,SUPPLIER_PROVIDES_PRODUCT,0.0169,SYNTHETIC_DEMO
SUP00919,PROD00433,SUPPLIER_PROVIDES_PRODUCT,0.0953,SYNTHETIC_DEMO
SUP00920,PROD00440,SUPPLIER_PROVIDES_PRODUCT,0.083,SYNTHETIC_DEMO
SUP00921,PROD00447,SUPPLIER_PROVIDES_PRODUCT,0.1641,SYNTHETIC_DEMO
SUP00922,PROD00454,SUPPLIER_PROVIDES_PRODUCT,0.0185,SYNTHETIC_DEMO
SUP00923,PROD00461,SUPPLIER_PROVIDES_PRODUCT,0.361,SYNTHETIC_DEMO
SUP00924,PROD00468,SUPPLIER_PROVIDES_PRODUCT,0.1414,SYNTHETIC_DEMO
SUP00925,PROD00475,SUPPLIER_PROVIDES_PRODUCT,0.1682,SYNTHETIC_DEMO
SUP00926,PROD00482,SUPPLIER_PROVIDES_PRODUCT,0.2805,SYNTHETIC_DEMO
SUP00927,PROD00489,SUPPLIER_PROVIDES_PRODUCT,0.3385,SYNTHETIC_DEMO
SUP00928,PROD00496,SUPPLIER_PROVIDES_PRODUCT,0.1684,SYNTHETIC_DEMO
SUP00929,PROD00503,SUPPLIER_PROVIDES_PRODUCT,0.265,SYNTHETIC_DEMO
SUP00930,PROD00510,SUPPLIER_PROVIDES_PRODUCT,0.2524,SYNTHETIC_DEMO
SUP00931,PROD00517,SUPPLIER_PROVIDES_PRODUCT,0.149,SYNTHETIC_DEMO
SUP00932,PROD00524,SUPPLIER_PROVIDES_PRODUCT,0.2394,SYNTHETIC_DEMO
SUP00933,PROD00531,SUPPLIER_PROVIDES_PRODUCT,0.0659,SYNTHETIC_DEMO
SUP00934,PROD00538,SUPPLIER_PROVIDES_PRODUCT,0.0675,SYNTHETIC_DEMO
SUP00935,PROD00545,SUPPLIER_PROVIDES_PRODUCT,0.108,SYNTHETIC_DEMO
SUP00936,PROD00552,SUPPLIER_PROVIDES_PRODUCT,0.2092,SYNTHETIC_DEMO
SUP00937,PROD00559,SUPPLIER_PROVIDES_PRODUCT,0.1386,SYNTHETIC_DEMO
SUP00938,PROD00566,SUPPLIER_PROVIDES_PRODUCT,0.271,SYNTHETIC_DEMO
SUP00939,PROD00573,SUPPLIER_PROVIDES_PRODUCT,0.1605,SYNTHETIC_DEMO
SUP00940,PROD00580,SUPPLIER_PROVIDES_PRODUCT,0.1553,SYNTHETIC_DEMO
SUP00941,PROD00587,SUPPLIER_PROVIDES_PRODUCT,0.1333,SYNTHETIC_DEMO
SUP00942,PROD00594,SUPPLIER_PROVIDES_PRODUCT,0.1493,SYNTHETIC_DEMO
SUP00943,PROD00601,SUPPLIER_PROVIDES_PRODUCT,0.0287,SYNTHETIC_DEMO
SUP00944,PROD00608,SUPPLIER_PROVIDES_PRODUCT,0.0678,SYNTHETIC_DEMO
SUP00945,PROD00615,SUPPLIER_PROVIDES_PRODUCT,0.2675,SYNTHETIC_DEMO
SUP00946,PROD00622,SUPPLIER_PROVIDES_PRODUCT,0.3823,SYNTHETIC_DEMO
SUP00947,PROD00629,SUPPLIER_PROVIDES_PRODUCT,0.2984,SYNTHETIC_DEMO
SUP00948,PROD00636,SUPPLIER_PROVIDES_PRODUCT,0.36,SYNTHETIC_DEMO
SUP00949,PROD00643,SUPPLIER_PROVIDES_PRODUCT,0.2378,SYNTHETIC_DEMO
SUP00950,PROD00650,SUPPLIER_PROVIDES_PRODUCT,0.319,SYNTHETIC_DEMO
SUP00951,PROD00657,SUPPLIER_PROVIDES_PRODUCT,0.2809,SYNTHETIC_DEMO
SUP00952,PROD00664,SUPPLIER_PROVIDES_PRODUCT,0.0389,SYNTHETIC_DEMO
SUP00953,PROD00671,SUPPLIER_PROVIDES_PRODUCT,0.327,SYNTHETIC_DEMO
SUP00954,PROD00678,SUPPLIER_PROVIDES_PRODUCT,0.2195,SYNTHETIC_DEMO
SUP00955,PROD00685,SUPPLIER_PROVIDES_PRODUCT,0.3514,SYNTHETIC_DEMO
SUP00956,PROD00692,SUPPLIER_PROVIDES_PRODUCT,0.289,SYNTHETIC_DEMO
SUP00957,PROD00699,SUPPLIER_PROVIDES_PRODUCT,0.0985,SYNTHETIC_DEMO
SUP00958,PROD00706,SUPPLIER_PROVIDES_PRODUCT,0.079,SYNTHETIC_DEMO
SUP00959,PROD00713,SUPPLIER_PROVIDES_PRODUCT,0.1026,SYNTHETIC_DEMO
SUP00960,PROD00720,SUPPLIER_PROVIDES_PRODUCT,0.1271,SYNTHETIC_DEMO
SUP00961,PROD00727,SUPPLIER_PROVIDES_PRODUCT,0.0167,SYNTHETIC_DEMO
SUP00962,PROD00734,SUPPLIER_PROVIDES_PRODUCT,0.3672,SYNTHETIC_DEMO
SUP00963,PROD00741,SUPPLIER_PROVIDES_PRODUCT,0.1002,SYNTHETIC_DEMO
SUP00964,PROD00748,SUPPLIER_PROVIDES_PRODUCT,0.1509,SYNTHETIC_DEMO
SUP00965,PROD00755,SUPPLIER_PROVIDES_PRODUCT,0.3782,SYNTHETIC_DEMO
SUP00966,PROD00762,SUPPLIER_PROVIDES_PRODUCT,0.0423,SYNTHETIC_DEMO
SUP00967,PROD00769,SUPPLIER_PROVIDES_PRODUCT,0.2863,SYNTHETIC_DEMO
SUP00968,PROD00776,SUPPLIER_PROVIDES_PRODUCT,0.0714,SYNTHETIC_DEMO
SUP00969,PROD00783,SUPPLIER_PROVIDES_PRODUCT,0.0701,SYNTHETIC_DEMO
SUP00970,PROD00790,SUPPLIER_PROVIDES_PRODUCT,0.3709,SYNTHETIC_DEMO
SUP00971,PROD00797,SUPPLIER_PROVIDES_PRODUCT,0.233,SYNTHETIC_DEMO
SUP00972,PROD00804,SUPPLIER_PROVIDES_PRODUCT,0.3427,SYNTHETIC_DEMO
SUP00973,PROD00811,SUPPLIER_PROVIDES_PRODUCT,0.0671,SYNTHETIC_DEMO
SUP00974,PROD00818,SUPPLIER_PROVIDES_PRODUCT,0.3332,SYNTHETIC_DEMO
SUP00975,PROD00825,SUPPLIER_PROVIDES_PRODUCT,0.3613,SYNTHETIC_DEMO
SUP00976,PROD00832,SUPPLIER_PROVIDES_PRODUCT,0.0938,SYNTHETIC_DEMO
SUP00977,PROD00839,SUPPLIER_PROVIDES_PRODUCT,0.0121,SYNTHETIC_DEMO
SUP00978,PROD00846,SUPPLIER_PROVIDES_PRODUCT,0.1371,SYNTHETIC_DEMO
SUP00979,PROD00853,SUPPLIER_PROVIDES_PRODUCT,0.1776,SYNTHETIC_DEMO
SUP00980,PROD00860,SUPPLIER_PROVIDES_PRODUCT,0.3224,SYNTHETIC_DEMO
SUP00981,PROD00867,SUPPLIER_PROVIDES_PRODUCT,0.3787,SYNTHETIC_DEMO
SUP00982,PROD00874,SUPPLIER_PROVIDES_PRODUCT,0.1988,SYNTHETIC_DEMO
SUP00983,PROD00881,SUPPLIER_PROVIDES_PRODUCT,0.2167,SYNTHETIC_DEMO
SUP00984,PROD00888,SUPPLIER_PROVIDES_PRODUCT,0.3838,SYNTHETIC_DEMO
SUP00985,PROD00895,SUPPLIER_PROVIDES_PRODUCT,0.0869,SYNTHETIC_DEMO
SUP00986,PROD00902,SUPPLIER_PROVIDES_PRODUCT,0.1479,SYNTHETIC_DEMO
SUP00987,PROD00909,SUPPLIER_PROVIDES_PRODUCT,0.084,SYNTHETIC_DEMO
SUP00988,PROD00916,SUPPLIER_PROVIDES_PRODUCT,0.2367,SYNTHETIC_DEMO
SUP00989,PROD00923,SUPPLIER_PROVIDES_PRODUCT,0.2352,SYNTHETIC_DEMO
SUP00990,PROD00930,SUPPLIER_PROVIDES_PRODUCT,0.321,SYNTHETIC_DEMO
SUP00991,PROD00937,SUPPLIER_PROVIDES_PRODUCT,0.1676,SYNTHETIC_DEMO
SUP00992,PROD00944,SUPPLIER_PROVIDES_PRODUCT,0.1773,SYNTHETIC_DEMO
SUP00993,PROD00951,SUPPLIER_PROVIDES_PRODUCT,0.046,SYNTHETIC_DEMO
SUP00994,PROD00958,SUPPLIER_PROVIDES_PRODUCT,0.311,SYNTHETIC_DEMO
SUP00995,PROD00965,SUPPLIER_PROVIDES_PRODUCT,0.2735,SYNTHETIC_DEMO
SUP00996,PROD00972,SUPPLIER_PROVIDES_PRODUCT,0.1748,SYNTHETIC_DEMO
SUP00997,PROD00979,SUPPLIER_PROVIDES_PRODUCT,0.2617,SYNTHETIC_DEMO
SUP00998,PROD00986,SUPPLIER_PROVIDES_PRODUCT,0.3884,SYNTHETIC_DEMO
SUP00999,PROD00993,SUPPLIER_PROVIDES_PRODUCT,0.1941,SYNTHETIC_DEMO
SUP01000,PROD01000,SUPPLIER_PROVIDES_PRODUCT,0.2233,SYNTHETIC_DEMO
SUP00001,LOC00013,SUPPLIER_HAS_LOCATION,0.3,SYNTHETIC_DEMO
SUP00002,LOC00026,SUPPLIER_HAS_LOCATION,0.3,SYNTHETIC_DEMO
SUP00003,LOC00039,SUPPLIER_HAS_LOCATION,0.6,SYNTHETIC_DEMO
SUP00004,LOC00052,SUPPLIER_HAS_LOCATION,1,SYNTHETIC_DEMO
SUP00005,LOC00065,SUPPLIER_HAS_LOCATION,0.3,SYNTHETIC_DEMO
SUP00006,LOC00078,SUPPLIER_HAS_LOCATION,1,SYNTHETIC_DEMO
SUP00007,LOC00091,SUPPLIER_HAS_LOCATION,1,SYNTHETIC_DEMO
SUP00008,LOC00104,SUPPLIER_HAS_LOCATION,0.6,SYNTHETIC_DEMO
SUP00009,LOC00117,SUPPLIER_HAS_LOCATION,0.3,SYNTHETIC_DEMO
SUP00010,LOC00130,SUPPLIER_HAS_LOCATION,0.6,SYNTHETIC_DEMO
SUP00011,LOC00143,SUPPLIER_HAS_LOCATION,1,SYNTHETIC_DEMO
SUP00012,LOC00156,SUPPLIER_HAS_LOCATION,1,SYNTHETIC_DEMO
SUP00013,LOC00169,SUPPLIER_HAS_LOCATION,0.3,SYNTHETIC_DEMO
SUP00014,LOC00182,SUPPLIER_HAS_LOCATION,0.3,SYNTHETIC_DEMO
SUP00015,LOC00195,SUPPLIER_HAS_LOCATION,0.3,SYNTHETIC_DEMO
SUP00016,LOC00208,SUPPLIER_HAS_LOCATION,0.6,SYNTHETIC_DEMO
SUP00017,LOC00221,SUPPLIER_HAS_LOCATION,1,SYNTHETIC_DEMO
SUP00018,LOC00234,SUPPLIER_HAS_LOCATION,0.6,SYNTHETIC_DEMO
SUP00019,LOC00247,SUPPLIER_HAS_LOCATION,1,SYNTHETIC_DEMO
SUP00020,LOC00260,SUPPLIER_HAS_LOCATION,0.6,SYNTHETIC_DEMO
SUP00021,LOC00273,SUPPLIER_HAS_LOCATION,1,SYNTHETIC_DEMO
SUP00022,LOC00286,SUPPLIER_HAS_LOCATION,0.6,SYNTHETIC_DEMO
SUP00023,LOC00299,SUPPLIER_HAS_LOCATION,0.3,SYNTHETIC_DEMO
SUP00024,LOC00312,SUPPLIER_HAS_LOCATION,0.6,SYNTHETIC_DEMO
SUP00025,LOC00325,SUPPLIER_HAS_LOCATION,1,SYNTHETIC_DEMO
SUP00026,LOC00338,SUPPLIER_HAS_LOCATION,0.6,SYNTHETIC_DEMO
SUP00027,LOC00351,SUPPLIER_HAS_LOCATION,0.6,SYNTHETIC_DEMO
SUP00028,LOC00364,SUPPLIER_HAS_LOCATION,0.6,SYNTHETIC_DEMO
SUP00029,LOC00377,SUPPLIER_HAS_LOCATION,1,SYNTHETIC_DEMO
SUP00030,LOC00390,SUPPLIER_HAS_LOCATION,0.3,SYNTHETIC_DEMO
SUP00031,LOC00403,SUPPLIER_HAS_LOCATION,0.3,SYNTHETIC_DEMO
SUP00032,LOC00416,SUPPLIER_HAS_LOCATION,0.3,SYNTHETIC_DEMO
SUP00033,LOC00429,SUPPLIER_HAS_LOCATION,0.3,SYNTHETIC_DEMO
SUP00034,LOC00442,SUPPLIER_HAS_LOCATION,1,SYNTHETIC_DEMO
SUP00035,LOC00455,SUPPLIER_HAS_LOCATION,0.6,SYNTHETIC_DEMO
SUP00036,LOC00468,SUPPLIER_HAS_LOCATION,0.6,SYNTHETIC_DEMO
SUP00037,LOC00481,SUPPLIER_HAS_LOCATION,1,SYNTHETIC_DEMO
SUP00038,LOC00494,SUPPLIER_HAS_LOCATION,0.6,SYNTHETIC_DEMO
SUP00039,LOC00507,SUPPLIER_HAS_LOCATION,1,SYNTHETIC_DEMO
SUP00040,LOC00520,SUPPLIER_HAS_LOCATION,0.3,SYNTHETIC_DEMO
SUP00041,LOC00533,SUPPLIER_HAS_LOCATION,1,SYNTHETIC_DEMO
SUP00042,LOC00546,SUPPLIER_HAS_LOCATION,0.6,SYNTHETIC_DEMO
SUP00043,LOC00559,SUPPLIER_HAS_LOCATION,1,SYNTHETIC_DEMO
SUP00044,LOC00572,SUPPLIER_HAS_LOCATION,0.3,SYNTHETIC_DEMO
SUP00045,LOC00585,SUPPLIER_HAS_LOCATION,0.6,SYNTHETIC_DEMO
SUP00046,LOC00598,SUPPLIER_HAS_LOCATION,1,SYNTHETIC_DEMO
SUP00047,LOC00611,SUPPLIER_HAS_LOCATION,0.6,SYNTHETIC_DEMO
SUP00048,LOC00624,SUPPLIER_HAS_LOCATION,1,SYNTHETIC_DEMO
SUP00049,LOC00637,SUPPLIER_HAS_LOCATION,1,SYNTHETIC_DEMO
SUP00050,LOC00650,SUPPLIER_HAS_LOCATION,1,SYNTHETIC_DEMO
SUP00051,LOC00663,SUPPLIER_HAS_LOCATION,0.3,SYNTHETIC_DEMO
SUP00052,LOC00676,SUPPLIER_HAS_LOCATION,0.6,SYNTHETIC_DEMO
SUP00053,LOC00689,SUPPLIER_HAS_LOCATION,0.6,SYNTHETIC_DEMO
SUP00054,LOC00702,SUPPLIER_HAS_LOCATION,0.3,SYNTHETIC_DEMO
SUP00055,LOC00715,SUPPLIER_HAS_LOCATION,0.3,SYNTHETIC_DEMO
SUP00056,LOC00728,SUPPLIER_HAS_LOCATION,0.6,SYNTHETIC_DEMO
SUP00057,LOC00741,SUPPLIER_HAS_LOCATION,1,SYNTHETIC_DEMO
SUP00058,LOC00754,SUPPLIER_HAS_LOCATION,0.3,SYNTHETIC_DEMO
SUP00059,LOC00767,SUPPLIER_HAS_LOCATION,0.6,SYNTHETIC_DEMO
SUP00060,LOC00780,SUPPLIER_HAS_LOCATION,0.3,SYNTHETIC_DEMO
SUP00061,LOC00793,SUPPLIER_HAS_LOCATION,0.6,SYNTHETIC_DEMO
SUP00062,LOC00806,SUPPLIER_HAS_LOCATION,1,SYNTHETIC_DEMO
SUP00063,LOC00819,SUPPLIER_HAS_LOCATION,0.3,SYNTHETIC_DEMO
SUP00064,LOC00832,SUPPLIER_HAS_LOCATION,0.3,SYNTHETIC_DEMO
SUP00065,LOC00845,SUPPLIER_HAS_LOCATION,0.6,SYNTHETIC_DEMO
SUP00066,LOC00858,SUPPLIER_HAS_LOCATION,0.3,SYNTHETIC_DEMO
SUP00067,LOC00871,SUPPLIER_HAS_LOCATION,0.3,SYNTHETIC_DEMO
SUP00068,LOC00884,SUPPLIER_HAS_LOCATION,1,SYNTHETIC_DEMO
SUP00069,LOC00897,SUPPLIER_HAS_LOCATION,0.3,SYNTHETIC_DEMO
SUP00070,LOC00910,SUPPLIER_HAS_LOCATION,0.6,SYNTHETIC_DEMO
SUP00071,LOC00923,SUPPLIER_HAS_LOCATION,0.3,SYNTHETIC_DEMO
SUP00072,LOC00936,SUPPLIER_HAS_LOCATION,0.3,SYNTHETIC_DEMO
SUP00073,LOC00949,SUPPLIER_HAS_LOCATION,0.3,SYNTHETIC_DEMO
SUP00074,LOC00962,SUPPLIER_HAS_LOCATION,0.3,SYNTHETIC_DEMO
SUP00075,LOC00975,SUPPLIER_HAS_LOCATION,0.6,SYNTHETIC_DEMO
SUP00076,LOC00988,SUPPLIER_HAS_LOCATION,0.6,SYNTHETIC_DEMO
SUP00077,LOC00001,SUPPLIER_HAS_LOCATION,0.3,SYNTHETIC_DEMO
SUP00078,LOC00014,SUPPLIER_HAS_LOCATION,0.3,SYNTHETIC_DEMO
SUP00079,LOC00027,SUPPLIER_HAS_LOCATION,0.6,SYNTHETIC_DEMO
SUP00080,LOC00040,SUPPLIER_HAS_LOCATION,0.3,SYNTHETIC_DEMO
SUP00081,LOC00053,SUPPLIER_HAS_LOCATION,0.6,SYNTHETIC_DEMO
SUP00082,LOC00066,SUPPLIER_HAS_LOCATION,1,SYNTHETIC_DEMO
SUP00083,LOC00079,SUPPLIER_HAS_LOCATION,1,SYNTHETIC_DEMO
SUP00084,LOC00092,SUPPLIER_HAS_LOCATION,0.6,SYNTHETIC_DEMO
SUP00085,LOC00105,SUPPLIER_HAS_LOCATION,1,SYNTHETIC_DEMO
SUP00086,LOC00118,SUPPLIER_HAS_LOCATION,0.6,SYNTHETIC_DEMO
SUP00087,LOC00131,SUPPLIER_HAS_LOCATION,0.6,SYNTHETIC_DEMO
SUP00088,LOC00144,SUPPLIER_HAS_LOCATION,0.6,SYNTHETIC_DEMO
SUP00089,LOC00157,SUPPLIER_HAS_LOCATION,1,SYNTHETIC_DEMO
SUP00090,LOC00170,SUPPLIER_HAS_LOCATION,0.6,SYNTHETIC_DEMO
SUP00091,LOC00183,SUPPLIER_HAS_LOCATION,0.6,SYNTHETIC_DEMO
SUP00092,LOC00196,SUPPLIER_HAS_LOCATION,0.6,SYNTHETIC_DEMO
SUP00093,LOC00209,SUPPLIER_HAS_LOCATION,0.6,SYNTHETIC_DEMO
SUP00094,LOC00222,SUPPLIER_HAS_LOCATION,1,SYNTHETIC_DEMO
SUP00095,LOC00235,SUPPLIER_HAS_LOCATION,0.3,SYNTHETIC_DEMO
SUP00096,LOC00248,SUPPLIER_HAS_LOCATION,1,SYNTHETIC_DEMO
SUP00097,LOC00261,SUPPLIER_HAS_LOCATION,0.6,SYNTHETIC_DEMO
SUP00098,LOC00274,SUPPLIER_HAS_LOCATION,0.6,SYNTHETIC_DEMO
SUP00099,LOC00287,SUPPLIER_HAS_LOCATION,0.6,SYNTHETIC_DEMO
SUP00100,LOC00300,SUPPLIER_HAS_LOCATION,0.6,SYNTHETIC_DEMO
SUP00101,LOC00313,SUPPLIER_HAS_LOCATION,1,SYNTHETIC_DEMO
SUP00102,LOC00326,SUPPLIER_HAS_LOCATION,0.6,SYNTHETIC_DEMO
SUP00103,LOC00339,SUPPLIER_HAS_LOCATION,0.6,SYNTHETIC_DEMO
SUP00104,LOC00352,SUPPLIER_HAS_LOCATION,1,SYNTHETIC_DEMO
SUP00105,LOC00365,SUPPLIER_HAS_LOCATION,0.3,SYNTHETIC_DEMO
SUP00106,LOC00378,SUPPLIER_HAS_LOCATION,0.6,SYNTHETIC_DEMO
SUP00107,LOC00391,SUPPLIER_HAS_LOCATION,0.6,SYNTHETIC_DEMO
SUP00108,LOC00404,SUPPLIER_HAS_LOCATION,1,SYNTHETIC_DEMO
SUP00109,LOC00417,SUPPLIER_HAS_LOCATION,0.6,SYNTHETIC_DEMO
SUP00110,LOC00430,SUPPLIER_HAS_LOCATION,1,SYNTHETIC_DEMO
SUP00111,LOC00443,SUPPLIER_HAS_LOCATION,0.6,SYNTHETIC_DEMO
SUP00112,LOC00456,SUPPLIER_HAS_LOCATION,0.6,SYNTHETIC_DEMO
SUP00113,LOC00469,SUPPLIER_HAS_LOCATION,0.3,SYNTHETIC_DEMO
SUP00114,LOC00482,SUPPLIER_HAS_LOCATION,1,SYNTHETIC_DEMO
SUP00115,LOC00495,SUPPLIER_HAS_LOCATION,1,SYNTHETIC_DEMO
SUP00116,LOC00508,SUPPLIER_HAS_LOCATION,0.6,SYNTHETIC_DEMO
SUP00117,LOC00521,SUPPLIER_HAS_LOCATION,0.6,SYNTHETIC_DEMO
SUP00118,LOC00534,SUPPLIER_HAS_LOCATION,0.3,SYNTHETIC_DEMO
SUP00119,LOC00547,SUPPLIER_HAS_LOCATION,1,SYNTHETIC_DEMO
SUP00120,LOC00560,SUPPLIER_HAS_LOCATION,0.6,SYNTHETIC_DEMO
SUP00121,LOC00573,SUPPLIER_HAS_LOCATION,0.6,SYNTHETIC_DEMO
SUP00122,LOC00586,SUPPLIER_HAS_LOCATION,0.6,SYNTHETIC_DEMO
SUP00123,LOC00599,SUPPLIER_HAS_LOCATION,0.6,SYNTHETIC_DEMO
SUP00124,LOC00612,SUPPLIER_HAS_LOCATION,0.3,SYNTHETIC_DEMO
SUP00125,LOC00625,SUPPLIER_HAS_LOCATION,0.3,SYNTHETIC_DEMO
SUP00126,LOC00638,SUPPLIER_HAS_LOCATION,0.6,SYNTHETIC_DEMO
SUP00127,LOC00651,SUPPLIER_HAS_LOCATION,0.3,SYNTHETIC_DEMO
SUP00128,LOC00664,SUPPLIER_HAS_LOCATION,1,SYNTHETIC_DEMO
SUP00129,LOC00677,SUPPLIER_HAS_LOCATION,0.6,SYNTHETIC_DEMO
SUP00130,LOC00690,SUPPLIER_HAS_LOCATION,0.6,SYNTHETIC_DEMO
SUP00131,LOC00703,SUPPLIER_HAS_LOCATION,1,SYNTHETIC_DEMO
SUP00132,LOC00716,SUPPLIER_HAS_LOCATION,0.6,SYNTHETIC_DEMO
SUP00133,LOC00729,SUPPLIER_HAS_LOCATION,0.6,SYNTHETIC_DEMO
SUP00134,LOC00742,SUPPLIER_HAS_LOCATION,1,SYNTHETIC_DEMO
SUP00135,LOC00755,SUPPLIER_HAS_LOCATION,0.6,SYNTHETIC_DEMO
SUP00136,LOC00768,SUPPLIER_HAS_LOCATION,0.3,SYNTHETIC_DEMO
SUP00137,LOC00781,SUPPLIER_HAS_LOCATION,0.3,SYNTHETIC_DEMO
SUP00138,LOC00794,SUPPLIER_HAS_LOCATION,0.6,SYNTHETIC_DEMO
SUP00139,LOC00807,SUPPLIER_HAS_LOCATION,0.3,SYNTHETIC_DEMO
SUP00140,LOC00820,SUPPLIER_HAS_LOCATION,0.3,SYNTHETIC_DEMO
SUP00141,LOC00833,SUPPLIER_HAS_LOCATION,1,SYNTHETIC_DEMO
SUP00142,LOC00846,SUPPLIER_HAS_LOCATION,1,SYNTHETIC_DEMO
SUP00143,LOC00859,SUPPLIER_HAS_LOCATION,0.3,SYNTHETIC_DEMO
SUP00144,LOC00872,SUPPLIER_HAS_LOCATION,0.6,SYNTHETIC_DEMO
SUP00145,LOC00885,SUPPLIER_HAS_LOCATION,0.6,SYNTHETIC_DEMO
SUP00146,LOC00898,SUPPLIER_HAS_LOCATION,0.3,SYNTHETIC_DEMO
SUP00147,LOC00911,SUPPLIER_HAS_LOCATION,0.3,SYNTHETIC_DEMO
SUP00148,LOC00924,SUPPLIER_HAS_LOCATION,0.3,SYNTHETIC_DEMO
SUP00149,LOC00937,SUPPLIER_HAS_LOCATION,0.6,SYNTHETIC_DEMO
SUP00150,LOC00950,SUPPLIER_HAS_LOCATION,0.6,SYNTHETIC_DEMO
SUP00151,LOC00963,SUPPLIER_HAS_LOCATION,0.6,SYNTHETIC_DEMO
SUP00152,LOC00976,SUPPLIER_HAS_LOCATION,0.3,SYNTHETIC_DEMO
SUP00153,LOC00989,SUPPLIER_HAS_LOCATION,0.6,SYNTHETIC_DEMO
SUP00154,LOC00002,SUPPLIER_HAS_LOCATION,1,SYNTHETIC_DEMO
SUP00155,LOC00015,SUPPLIER_HAS_LOCATION,1,SYNTHETIC_DEMO
SUP00156,LOC00028,SUPPLIER_HAS_LOCATION,0.6,SYNTHETIC_DEMO
SUP00157,LOC00041,SUPPLIER_HAS_LOCATION,0.6,SYNTHETIC_DEMO
SUP00158,LOC00054,SUPPLIER_HAS_LOCATION,0.3,SYNTHETIC_DEMO
SUP00159,LOC00067,SUPPLIER_HAS_LOCATION,0.6,SYNTHETIC_DEMO
SUP00160,LOC00080,SUPPLIER_HAS_LOCATION,0.6,SYNTHETIC_DEMO
SUP00161,LOC00093,SUPPLIER_HAS_LOCATION,0.3,SYNTHETIC_DEMO
SUP00162,LOC00106,SUPPLIER_HAS_LOCATION,0.6,SYNTHETIC_DEMO
SUP00163,LOC00119,SUPPLIER_HAS_LOCATION,1,SYNTHETIC_DEMO
SUP00164,LOC00132,SUPPLIER_HAS_LOCATION,1,SYNTHETIC_DEMO
SUP00165,LOC00145,SUPPLIER_HAS_LOCATION,0.6,SYNTHETIC_DEMO
SUP00166,LOC00158,SUPPLIER_HAS_LOCATION,1,SYNTHETIC_DEMO
SUP00167,LOC00171,SUPPLIER_HAS_LOCATION,0.6,SYNTHETIC_DEMO
SUP00168,LOC00184,SUPPLIER_HAS_LOCATION,0.3,SYNTHETIC_DEMO
SUP00169,LOC00197,SUPPLIER_HAS_LOCATION,0.3,SYNTHETIC_DEMO
SUP00170,LOC00210,SUPPLIER_HAS_LOCATION,0.6,SYNTHETIC_DEMO
SUP00171,LOC00223,SUPPLIER_HAS_LOCATION,0.3,SYNTHETIC_DEMO
SUP00172,LOC00236,SUPPLIER_HAS_LOCATION,1,SYNTHETIC_DEMO
SUP00173,LOC00249,SUPPLIER_HAS_LOCATION,0.3,SYNTHETIC_DEMO
SUP00174,LOC00262,SUPPLIER_HAS_LOCATION,0.3,SYNTHETIC_DEMO
SUP00175,LOC00275,SUPPLIER_HAS_LOCATION,0.3,SYNTHETIC_DEMO
SUP00176,LOC00288,SUPPLIER_HAS_LOCATION,0.6,SYNTHETIC_DEMO
SUP00177,LOC00301,SUPPLIER_HAS_LOCATION,1,SYNTHETIC_DEMO
SUP00178,LOC00314,SUPPLIER_HAS_LOCATION,0.6,SYNTHETIC_DEMO
SUP00179,LOC00327,SUPPLIER_HAS_LOCATION,1,SYNTHETIC_DEMO
SUP00180,LOC00340,SUPPLIER_HAS_LOCATION,0.6,SYNTHETIC_DEMO
SUP00181,LOC00353,SUPPLIER_HAS_LOCATION,1,SYNTHETIC_DEMO
SUP00182,LOC00366,SUPPLIER_HAS_LOCATION,0.3,SYNTHETIC_DEMO
SUP00183,LOC00379,SUPPLIER_HAS_LOCATION,0.3,SYNTHETIC_DEMO
SUP00184,LOC00392,SUPPLIER_HAS_LOCATION,0.3,SYNTHETIC_DEMO
SUP00185,LOC00405,SUPPLIER_HAS_LOCATION,0.3,SYNTHETIC_DEMO
SUP00186,LOC00418,SUPPLIER_HAS_LOCATION,0.3,SYNTHETIC_DEMO
SUP00187,LOC00431,SUPPLIER_HAS_LOCATION,0.6,SYNTHETIC_DEMO
SUP00188,LOC00444,SUPPLIER_HAS_LOCATION,1,SYNTHETIC_DEMO
SUP00189,LOC00457,SUPPLIER_HAS_LOCATION,0.6,SYNTHETIC_DEMO
SUP00190,LOC00470,SUPPLIER_HAS_LOCATION,1,SYNTHETIC_DEMO
SUP00191,LOC00483,SUPPLIER_HAS_LOCATION,0.6,SYNTHETIC_DEMO
SUP00192,LOC00496,SUPPLIER_HAS_LOCATION,1,SYNTHETIC_DEMO
SUP00193,LOC00509,SUPPLIER_HAS_LOCATION,1,SYNTHETIC_DEMO
SUP00194,LOC00522,SUPPLIER_HAS_LOCATION,1,SYNTHETIC_DEMO
SUP00195,LOC00535,SUPPLIER_HAS_LOCATION,0.3,SYNTHETIC_DEMO
SUP00196,LOC00548,SUPPLIER_HAS_LOCATION,0.3,SYNTHETIC_DEMO
SUP00197,LOC00561,SUPPLIER_HAS_LOCATION,0.3,SYNTHETIC_DEMO
SUP00198,LOC00574,SUPPLIER_HAS_LOCATION,0.3,SYNTHETIC_DEMO
SUP00199,LOC00587,SUPPLIER_HAS_LOCATION,0.3,SYNTHETIC_DEMO
SUP00200,LOC00600,SUPPLIER_HAS_LOCATION,0.3,SYNTHETIC_DEMO
SUP00201,LOC00613,SUPPLIER_HAS_LOCATION,0.3,SYNTHETIC_DEMO
SUP00202,LOC00626,SUPPLIER_HAS_LOCATION,0.6,SYNTHETIC_DEMO
SUP00203,LOC00639,SUPPLIER_HAS_LOCATION,0.3,SYNTHETIC_DEMO
SUP00204,LOC00652,SUPPLIER_HAS_LOCATION,1,SYNTHETIC_DEMO
SUP00205,LOC00665,SUPPLIER_HAS_LOCATION,1,SYNTHETIC_DEMO
SUP00206,LOC00678,SUPPLIER_HAS_LOCATION,1,SYNTHETIC_DEMO
SUP00207,LOC00691,SUPPLIER_HAS_LOCATION,0.6,SYNTHETIC_DEMO
SUP00208,LOC00704,SUPPLIER_HAS_LOCATION,1,SYNTHETIC_DEMO
SUP00209,LOC00717,SUPPLIER_HAS_LOCATION,1,SYNTHETIC_DEMO
SUP00210,LOC00730,SUPPLIER_HAS_LOCATION,0.6,SYNTHETIC_DEMO
SUP00211,LOC00743,SUPPLIER_HAS_LOCATION,0.3,SYNTHETIC_DEMO
SUP00212,LOC00756,SUPPLIER_HAS_LOCATION,0.3,SYNTHETIC_DEMO
SUP00213,LOC00769,SUPPLIER_HAS_LOCATION,1,SYNTHETIC_DEMO
SUP00214,LOC00782,SUPPLIER_HAS_LOCATION,0.3,SYNTHETIC_DEMO
SUP00215,LOC00795,SUPPLIER_HAS_LOCATION,1,SYNTHETIC_DEMO
SUP00216,LOC00808,SUPPLIER_HAS_LOCATION,0.6,SYNTHETIC_DEMO
SUP00217,LOC00821,SUPPLIER_HAS_LOCATION,0.6,SYNTHETIC_DEMO
SUP00218,LOC00834,SUPPLIER_HAS_LOCATION,0.3,SYNTHETIC_DEMO
SUP00219,LOC00847,SUPPLIER_HAS_LOCATION,0.3,SYNTHETIC_DEMO
SUP00220,LOC00860,SUPPLIER_HAS_LOCATION,0.3,SYNTHETIC_DEMO
SUP00221,LOC00873,SUPPLIER_HAS_LOCATION,0.3,SYNTHETIC_DEMO
SUP00222,LOC00886,SUPPLIER_HAS_LOCATION,0.6,SYNTHETIC_DEMO
SUP00223,LOC00899,SUPPLIER_HAS_LOCATION,0.6,SYNTHETIC_DEMO
SUP00224,LOC00912,SUPPLIER_HAS_LOCATION,0.6,SYNTHETIC_DEMO
SUP00225,LOC00925,SUPPLIER_HAS_LOCATION,0.6,SYNTHETIC_DEMO
SUP00226,LOC00938,SUPPLIER_HAS_LOCATION,1,SYNTHETIC_DEMO
SUP00227,LOC00951,SUPPLIER_HAS_LOCATION,0.6,SYNTHETIC_DEMO
SUP00228,LOC00964,SUPPLIER_HAS_LOCATION,1,SYNTHETIC_DEMO
SUP00229,LOC00977,SUPPLIER_HAS_LOCATION,0.3,SYNTHETIC_DEMO
SUP00230,LOC00990,SUPPLIER_HAS_LOCATION,0.3,SYNTHETIC_DEMO
SUP00231,LOC00003,SUPPLIER_HAS_LOCATION,0.6,SYNTHETIC_DEMO
SUP00232,LOC00016,SUPPLIER_HAS_LOCATION,0.3,SYNTHETIC_DEMO
SUP00233,LOC00029,SUPPLIER_HAS_LOCATION,0.6,SYNTHETIC_DEMO
SUP00234,LOC00042,SUPPLIER_HAS_LOCATION,0.3,SYNTHETIC_DEMO
SUP00235,LOC00055,SUPPLIER_HAS_LOCATION,0.6,SYNTHETIC_DEMO
SUP00236,LOC00068,SUPPLIER_HAS_LOCATION,0.6,SYNTHETIC_DEMO
SUP00237,LOC00081,SUPPLIER_HAS_LOCATION,0.3,SYNTHETIC_DEMO
SUP00238,LOC00094,SUPPLIER_HAS_LOCATION,0.6,SYNTHETIC_DEMO
SUP00239,LOC00107,SUPPLIER_HAS_LOCATION,0.3,SYNTHETIC_DEMO
SUP00240,LOC00120,SUPPLIER_HAS_LOCATION,0.6,SYNTHETIC_DEMO
SUP00241,LOC00133,SUPPLIER_HAS_LOCATION,0.6,SYNTHETIC_DEMO
SUP00242,LOC00146,SUPPLIER_HAS_LOCATION,0.6,SYNTHETIC_DEMO
SUP00243,LOC00159,SUPPLIER_HAS_LOCATION,0.6,SYNTHETIC_DEMO
SUP00244,LOC00172,SUPPLIER_HAS_LOCATION,0.6,SYNTHETIC_DEMO
SUP00245,LOC00185,SUPPLIER_HAS_LOCATION,0.3,SYNTHETIC_DEMO
SUP00246,LOC00198,SUPPLIER_HAS_LOCATION,1,SYNTHETIC_DEMO
SUP00247,LOC00211,SUPPLIER_HAS_LOCATION,0.6,SYNTHETIC_DEMO
SUP00248,LOC00224,SUPPLIER_HAS_LOCATION,1,SYNTHETIC_DEMO
SUP00249,LOC00237,SUPPLIER_HAS_LOCATION,0.6,SYNTHETIC_DEMO
SUP00250,LOC00250,SUPPLIER_HAS_LOCATION,0.6,SYNTHETIC_DEMO
SUP00251,LOC00263,SUPPLIER_HAS_LOCATION,0.3,SYNTHETIC_DEMO
SUP00252,LOC00276,SUPPLIER_HAS_LOCATION,1,SYNTHETIC_DEMO
SUP00253,LOC00289,SUPPLIER_HAS_LOCATION,1,SYNTHETIC_DEMO
SUP00254,LOC00302,SUPPLIER_HAS_LOCATION,0.6,SYNTHETIC_DEMO
SUP00255,LOC00315,SUPPLIER_HAS_LOCATION,0.6,SYNTHETIC_DEMO
SUP00256,LOC00328,SUPPLIER_HAS_LOCATION,1,SYNTHETIC_DEMO
SUP00257,LOC00341,SUPPLIER_HAS_LOCATION,1,SYNTHETIC_DEMO
SUP00258,LOC00354,SUPPLIER_HAS_LOCATION,0.3,SYNTHETIC_DEMO
SUP00259,LOC00367,SUPPLIER_HAS_LOCATION,0.3,SYNTHETIC_DEMO
SUP00260,LOC00380,SUPPLIER_HAS_LOCATION,1,SYNTHETIC_DEMO
SUP00261,LOC00393,SUPPLIER_HAS_LOCATION,0.3,SYNTHETIC_DEMO
SUP00262,LOC00406,SUPPLIER_HAS_LOCATION,1,SYNTHETIC_DEMO
SUP00263,LOC00419,SUPPLIER_HAS_LOCATION,1,SYNTHETIC_DEMO
SUP00264,LOC00432,SUPPLIER_HAS_LOCATION,0.3,SYNTHETIC_DEMO
SUP00265,LOC00445,SUPPLIER_HAS_LOCATION,1,SYNTHETIC_DEMO
SUP00266,LOC00458,SUPPLIER_HAS_LOCATION,0.6,SYNTHETIC_DEMO
SUP00267,LOC00471,SUPPLIER_HAS_LOCATION,0.3,SYNTHETIC_DEMO
SUP00268,LOC00484,SUPPLIER_HAS_LOCATION,0.6,SYNTHETIC_DEMO
SUP00269,LOC00497,SUPPLIER_HAS_LOCATION,0.3,SYNTHETIC_DEMO
SUP00270,LOC00510,SUPPLIER_HAS_LOCATION,1,SYNTHETIC_DEMO
SUP00271,LOC00523,SUPPLIER_HAS_LOCATION,0.6,SYNTHETIC_DEMO
SUP00272,LOC00536,SUPPLIER_HAS_LOCATION,0.6,SYNTHETIC_DEMO
SUP00273,LOC00549,SUPPLIER_HAS_LOCATION,0.3,SYNTHETIC_DEMO
SUP00274,LOC00562,SUPPLIER_HAS_LOCATION,0.3,SYNTHETIC_DEMO
SUP00275,LOC00575,SUPPLIER_HAS_LOCATION,0.6,SYNTHETIC_DEMO
SUP00276,LOC00588,SUPPLIER_HAS_LOCATION,0.3,SYNTHETIC_DEMO
SUP00277,LOC00601,SUPPLIER_HAS_LOCATION,1,SYNTHETIC_DEMO
SUP00278,LOC00614,SUPPLIER_HAS_LOCATION,1,SYNTHETIC_DEMO
SUP00279,LOC00627,SUPPLIER_HAS_LOCATION,1,SYNTHETIC_DEMO
SUP00280,LOC00640,SUPPLIER_HAS_LOCATION,0.6,SYNTHETIC_DEMO
SUP00281,LOC00653,SUPPLIER_HAS_LOCATION,0.3,SYNTHETIC_DEMO
SUP00282,LOC00666,SUPPLIER_HAS_LOCATION,1,SYNTHETIC_DEMO
SUP00283,LOC00679,SUPPLIER_HAS_LOCATION,0.6,SYNTHETIC_DEMO
SUP00284,LOC00692,SUPPLIER_HAS_LOCATION,0.6,SYNTHETIC_DEMO
SUP00285,LOC00705,SUPPLIER_HAS_LOCATION,0.3,SYNTHETIC_DEMO
SUP00286,LOC00718,SUPPLIER_HAS_LOCATION,0.3,SYNTHETIC_DEMO
SUP00287,LOC00731,SUPPLIER_HAS_LOCATION,0.6,SYNTHETIC_DEMO
SUP00288,LOC00744,SUPPLIER_HAS_LOCATION,0.6,SYNTHETIC_DEMO
SUP00289,LOC00757,SUPPLIER_HAS_LOCATION,0.3,SYNTHETIC_DEMO
SUP00290,LOC00770,SUPPLIER_HAS_LOCATION,1,SYNTHETIC_DEMO
SUP00291,LOC00783,SUPPLIER_HAS_LOCATION,0.6,SYNTHETIC_DEMO
SUP00292,LOC00796,SUPPLIER_HAS_LOCATION,0.3,SYNTHETIC_DEMO
SUP00293,LOC00809,SUPPLIER_HAS_LOCATION,0.3,SYNTHETIC_DEMO
SUP00294,LOC00822,SUPPLIER_HAS_LOCATION,0.6,SYNTHETIC_DEMO
SUP00295,LOC00835,SUPPLIER_HAS_LOCATION,0.3,SYNTHETIC_DEMO
SUP00296,LOC00848,SUPPLIER_HAS_LOCATION,1,SYNTHETIC_DEMO
SUP00297,LOC00861,SUPPLIER_HAS_LOCATION,1,SYNTHETIC_DEMO
SUP00298,LOC00874,SUPPLIER_HAS_LOCATION,1,SYNTHETIC_DEMO
SUP00299,LOC00887,SUPPLIER_HAS_LOCATION,0.6,SYNTHETIC_DEMO
SUP00300,LOC00900,SUPPLIER_HAS_LOCATION,1,SYNTHETIC_DEMO
SUP00301,LOC00913,SUPPLIER_HAS_LOCATION,0.3,SYNTHETIC_DEMO
SUP00302,LOC00926,SUPPLIER_HAS_LOCATION,0.6,SYNTHETIC_DEMO
SUP00303,LOC00939,SUPPLIER_HAS_LOCATION,0.3,SYNTHETIC_DEMO
SUP00304,LOC00952,SUPPLIER_HAS_LOCATION,0.6,SYNTHETIC_DEMO
SUP00305,LOC00965,SUPPLIER_HAS_LOCATION,0.3,SYNTHETIC_DEMO
SUP00306,LOC00978,SUPPLIER_HAS_LOCATION,0.3,SYNTHETIC_DEMO
SUP00307,LOC00991,SUPPLIER_HAS_LOCATION,0.3,SYNTHETIC_DEMO
SUP00308,LOC00004,SUPPLIER_HAS_LOCATION,1,SYNTHETIC_DEMO
SUP00309,LOC00017,SUPPLIER_HAS_LOCATION,0.6,SYNTHETIC_DEMO
SUP00310,LOC00030,SUPPLIER_HAS_LOCATION,0.3,SYNTHETIC_DEMO
SUP00311,LOC00043,SUPPLIER_HAS_LOCATION,0.3,SYNTHETIC_DEMO
SUP00312,LOC00056,SUPPLIER_HAS_LOCATION,0.6,SYNTHETIC_DEMO
SUP00313,LOC00069,SUPPLIER_HAS_LOCATION,1,SYNTHETIC_DEMO
SUP00314,LOC00082,SUPPLIER_HAS_LOCATION,1,SYNTHETIC_DEMO
SUP00315,LOC00095,SUPPLIER_HAS_LOCATION,0.6,SYNTHETIC_DEMO
SUP00316,LOC00108,SUPPLIER_HAS_LOCATION,1,SYNTHETIC_DEMO
SUP00317,LOC00121,SUPPLIER_HAS_LOCATION,0.3,SYNTHETIC_DEMO
SUP00318,LOC00134,SUPPLIER_HAS_LOCATION,1,SYNTHETIC_DEMO
SUP00319,LOC00147,SUPPLIER_HAS_LOCATION,0.3,SYNTHETIC_DEMO
SUP00320,LOC00160,SUPPLIER_HAS_LOCATION,1,SYNTHETIC_DEMO
SUP00321,LOC00173,SUPPLIER_HAS_LOCATION,0.3,SYNTHETIC_DEMO
SUP00322,LOC00186,SUPPLIER_HAS_LOCATION,1,SYNTHETIC_DEMO
SUP00323,LOC00199,SUPPLIER_HAS_LOCATION,1,SYNTHETIC_DEMO
SUP00324,LOC00212,SUPPLIER_HAS_LOCATION,0.3,SYNTHETIC_DEMO
SUP00325,LOC00225,SUPPLIER_HAS_LOCATION,0.3,SYNTHETIC_DEMO
SUP00326,LOC00238,SUPPLIER_HAS_LOCATION,1,SYNTHETIC_DEMO
SUP00327,LOC00251,SUPPLIER_HAS_LOCATION,0.6,SYNTHETIC_DEMO
SUP00328,LOC00264,SUPPLIER_HAS_LOCATION,0.6,SYNTHETIC_DEMO
SUP00329,LOC00277,SUPPLIER_HAS_LOCATION,1,SYNTHETIC_DEMO
SUP00330,LOC00290,SUPPLIER_HAS_LOCATION,0.6,SYNTHETIC_DEMO
SUP00331,LOC00303,SUPPLIER_HAS_LOCATION,0.6,SYNTHETIC_DEMO
SUP00332,LOC00316,SUPPLIER_HAS_LOCATION,0.6,SYNTHETIC_DEMO
SUP00333,LOC00329,SUPPLIER_HAS_LOCATION,0.6,SYNTHETIC_DEMO
SUP00334,LOC00342,SUPPLIER_HAS_LOCATION,1,SYNTHETIC_DEMO
SUP00335,LOC00355,SUPPLIER_HAS_LOCATION,0.3,SYNTHETIC_DEMO
SUP00336,LOC00368,SUPPLIER_HAS_LOCATION,0.3,SYNTHETIC_DEMO
SUP00337,LOC00381,SUPPLIER_HAS_LOCATION,0.6,SYNTHETIC_DEMO
SUP00338,LOC00394,SUPPLIER_HAS_LOCATION,1,SYNTHETIC_DEMO
SUP00339,LOC00407,SUPPLIER_HAS_LOCATION,0.3,SYNTHETIC_DEMO
SUP00340,LOC00420,SUPPLIER_HAS_LOCATION,0.6,SYNTHETIC_DEMO
SUP00341,LOC00433,SUPPLIER_HAS_LOCATION,1,SYNTHETIC_DEMO
SUP00342,LOC00446,SUPPLIER_HAS_LOCATION,1,SYNTHETIC_DEMO
SUP00343,LOC00459,SUPPLIER_HAS_LOCATION,0.6,SYNTHETIC_DEMO
SUP00344,LOC00472,SUPPLIER_HAS_LOCATION,0.6,SYNTHETIC_DEMO
SUP00345,LOC00485,SUPPLIER_HAS_LOCATION,0.3,SYNTHETIC_DEMO
SUP00346,LOC00498,SUPPLIER_HAS_LOCATION,0.6,SYNTHETIC_DEMO
SUP00347,LOC00511,SUPPLIER_HAS_LOCATION,0.6,SYNTHETIC_DEMO
SUP00348,LOC00524,SUPPLIER_HAS_LOCATION,0.3,SYNTHETIC_DEMO
SUP00349,LOC00537,SUPPLIER_HAS_LOCATION,0.3,SYNTHETIC_DEMO
SUP00350,LOC00550,SUPPLIER_HAS_LOCATION,0.3,SYNTHETIC_DEMO
SUP00351,LOC00563,SUPPLIER_HAS_LOCATION,1,SYNTHETIC_DEMO
SUP00352,LOC00576,SUPPLIER_HAS_LOCATION,0.3,SYNTHETIC_DEMO
SUP00353,LOC00589,SUPPLIER_HAS_LOCATION,0.6,SYNTHETIC_DEMO
SUP00354,LOC00602,SUPPLIER_HAS_LOCATION,0.6,SYNTHETIC_DEMO
SUP00355,LOC00615,SUPPLIER_HAS_LOCATION,1,SYNTHETIC_DEMO
SUP00356,LOC00628,SUPPLIER_HAS_LOCATION,1,SYNTHETIC_DEMO
SUP00357,LOC00641,SUPPLIER_HAS_LOCATION,1,SYNTHETIC_DEMO
SUP00358,LOC00654,SUPPLIER_HAS_LOCATION,1,SYNTHETIC_DEMO
SUP00359,LOC00667,SUPPLIER_HAS_LOCATION,1,SYNTHETIC_DEMO
SUP00360,LOC00680,SUPPLIER_HAS_LOCATION,0.6,SYNTHETIC_DEMO
SUP00361,LOC00693,SUPPLIER_HAS_LOCATION,0.3,SYNTHETIC_DEMO
SUP00362,LOC00706,SUPPLIER_HAS_LOCATION,0.3,SYNTHETIC_DEMO
SUP00363,LOC00719,SUPPLIER_HAS_LOCATION,0.6,SYNTHETIC_DEMO
SUP00364,LOC00732,SUPPLIER_HAS_LOCATION,0.3,SYNTHETIC_DEMO
SUP00365,LOC00745,SUPPLIER_HAS_LOCATION,0.6,SYNTHETIC_DEMO
SUP00366,LOC00758,SUPPLIER_HAS_LOCATION,0.6,SYNTHETIC_DEMO
SUP00367,LOC00771,SUPPLIER_HAS_LOCATION,0.6,SYNTHETIC_DEMO
SUP00368,LOC00784,SUPPLIER_HAS_LOCATION,1,SYNTHETIC_DEMO
SUP00369,LOC00797,SUPPLIER_HAS_LOCATION,0.3,SYNTHETIC_DEMO
SUP00370,LOC00810,SUPPLIER_HAS_LOCATION,0.3,SYNTHETIC_DEMO
SUP00371,LOC00823,SUPPLIER_HAS_LOCATION,0.3,SYNTHETIC_DEMO
SUP00372,LOC00836,SUPPLIER_HAS_LOCATION,1,SYNTHETIC_DEMO
SUP00373,LOC00849,SUPPLIER_HAS_LOCATION,0.6,SYNTHETIC_DEMO
SUP00374,LOC00862,SUPPLIER_HAS_LOCATION,0.3,SYNTHETIC_DEMO
SUP00375,LOC00875,SUPPLIER_HAS_LOCATION,0.6,SYNTHETIC_DEMO
SUP00376,LOC00888,SUPPLIER_HAS_LOCATION,0.3,SYNTHETIC_DEMO
SUP00377,LOC00901,SUPPLIER_HAS_LOCATION,1,SYNTHETIC_DEMO
SUP00378,LOC00914,SUPPLIER_HAS_LOCATION,0.3,SYNTHETIC_DEMO
SUP00379,LOC00927,SUPPLIER_HAS_LOCATION,0.3,SYNTHETIC_DEMO
SUP00380,LOC00940,SUPPLIER_HAS_LOCATION,0.3,SYNTHETIC_DEMO
SUP00381,LOC00953,SUPPLIER_HAS_LOCATION,0.6,SYNTHETIC_DEMO
SUP00382,LOC00966,SUPPLIER_HAS_LOCATION,0.3,SYNTHETIC_DEMO
SUP00383,LOC00979,SUPPLIER_HAS_LOCATION,0.6,SYNTHETIC_DEMO
SUP00384,LOC00992,SUPPLIER_HAS_LOCATION,1,SYNTHETIC_DEMO
SUP00385,LOC00005,SUPPLIER_HAS_LOCATION,1,SYNTHETIC_DEMO
SUP00386,LOC00018,SUPPLIER_HAS_LOCATION,0.3,SYNTHETIC_DEMO
SUP00387,LOC00031,SUPPLIER_HAS_LOCATION,0.6,SYNTHETIC_DEMO
SUP00388,LOC00044,SUPPLIER_HAS_LOCATION,0.3,SYNTHETIC_DEMO
SUP00389,LOC00057,SUPPLIER_HAS_LOCATION,0.3,SYNTHETIC_DEMO
SUP00390,LOC00070,SUPPLIER_HAS_LOCATION,0.6,SYNTHETIC_DEMO
SUP00391,LOC00083,SUPPLIER_HAS_LOCATION,0.3,SYNTHETIC_DEMO
SUP00392,LOC00096,SUPPLIER_HAS_LOCATION,1,SYNTHETIC_DEMO
SUP00393,LOC00109,SUPPLIER_HAS_LOCATION,1,SYNTHETIC_DEMO
SUP00394,LOC00122,SUPPLIER_HAS_LOCATION,0.6,SYNTHETIC_DEMO
SUP00395,LOC00135,SUPPLIER_HAS_LOCATION,0.6,SYNTHETIC_DEMO
SUP00396,LOC00148,SUPPLIER_HAS_LOCATION,0.6,SYNTHETIC_DEMO
SUP00397,LOC00161,SUPPLIER_HAS_LOCATION,0.3,SYNTHETIC_DEMO
SUP00398,LOC00174,SUPPLIER_HAS_LOCATION,0.3,SYNTHETIC_DEMO
SUP00399,LOC00187,SUPPLIER_HAS_LOCATION,1,SYNTHETIC_DEMO
SUP00400,LOC00200,SUPPLIER_HAS_LOCATION,1,SYNTHETIC_DEMO
SUP00401,LOC00213,SUPPLIER_HAS_LOCATION,1,SYNTHETIC_DEMO
SUP00402,LOC00226,SUPPLIER_HAS_LOCATION,0.6,SYNTHETIC_DEMO
SUP00403,LOC00239,SUPPLIER_HAS_LOCATION,0.3,SYNTHETIC_DEMO
SUP00404,LOC00252,SUPPLIER_HAS_LOCATION,0.6,SYNTHETIC_DEMO
SUP00405,LOC00265,SUPPLIER_HAS_LOCATION,0.3,SYNTHETIC_DEMO
SUP00406,LOC00278,SUPPLIER_HAS_LOCATION,0.6,SYNTHETIC_DEMO
SUP00407,LOC00291,SUPPLIER_HAS_LOCATION,0.6,SYNTHETIC_DEMO
SUP00408,LOC00304,SUPPLIER_HAS_LOCATION,0.3,SYNTHETIC_DEMO
SUP00409,LOC00317,SUPPLIER_HAS_LOCATION,1,SYNTHETIC_DEMO
SUP00410,LOC00330,SUPPLIER_HAS_LOCATION,0.6,SYNTHETIC_DEMO
SUP00411,LOC00343,SUPPLIER_HAS_LOCATION,0.3,SYNTHETIC_DEMO
SUP00412,LOC00356,SUPPLIER_HAS_LOCATION,0.6,SYNTHETIC_DEMO
SUP00413,LOC00369,SUPPLIER_HAS_LOCATION,0.6,SYNTHETIC_DEMO
SUP00414,LOC00382,SUPPLIER_HAS_LOCATION,0.3,SYNTHETIC_DEMO
SUP00415,LOC00395,SUPPLIER_HAS_LOCATION,1,SYNTHETIC_DEMO
SUP00416,LOC00408,SUPPLIER_HAS_LOCATION,0.3,SYNTHETIC_DEMO
SUP00417,LOC00421,SUPPLIER_HAS_LOCATION,0.6,SYNTHETIC_DEMO
SUP00418,LOC00434,SUPPLIER_HAS_LOCATION,1,SYNTHETIC_DEMO
SUP00419,LOC00447,SUPPLIER_HAS_LOCATION,0.6,SYNTHETIC_DEMO
SUP00420,LOC00460,SUPPLIER_HAS_LOCATION,1,SYNTHETIC_DEMO
SUP00421,LOC00473,SUPPLIER_HAS_LOCATION,1,SYNTHETIC_DEMO
SUP00422,LOC00486,SUPPLIER_HAS_LOCATION,0.3,SYNTHETIC_DEMO
SUP00423,LOC00499,SUPPLIER_HAS_LOCATION,0.6,SYNTHETIC_DEMO
SUP00424,LOC00512,SUPPLIER_HAS_LOCATION,0.6,SYNTHETIC_DEMO
SUP00425,LOC00525,SUPPLIER_HAS_LOCATION,0.3,SYNTHETIC_DEMO
SUP00426,LOC00538,SUPPLIER_HAS_LOCATION,0.3,SYNTHETIC_DEMO
SUP00427,LOC00551,SUPPLIER_HAS_LOCATION,0.6,SYNTHETIC_DEMO
SUP00428,LOC00564,SUPPLIER_HAS_LOCATION,0.3,SYNTHETIC_DEMO
SUP00429,LOC00577,SUPPLIER_HAS_LOCATION,0.3,SYNTHETIC_DEMO
SUP00430,LOC00590,SUPPLIER_HAS_LOCATION,0.3,SYNTHETIC_DEMO
SUP00431,LOC00603,SUPPLIER_HAS_LOCATION,0.6,SYNTHETIC_DEMO
SUP00432,LOC00616,SUPPLIER_HAS_LOCATION,0.6,SYNTHETIC_DEMO
SUP00433,LOC00629,SUPPLIER_HAS_LOCATION,0.3,SYNTHETIC_DEMO
SUP00434,LOC00642,SUPPLIER_HAS_LOCATION,0.3,SYNTHETIC_DEMO
SUP00435,LOC00655,SUPPLIER_HAS_LOCATION,0.6,SYNTHETIC_DEMO
SUP00436,LOC00668,SUPPLIER_HAS_LOCATION,1,SYNTHETIC_DEMO
SUP00437,LOC00681,SUPPLIER_HAS_LOCATION,0.6,SYNTHETIC_DEMO
SUP00438,LOC00694,SUPPLIER_HAS_LOCATION,0.6,SYNTHETIC_DEMO
SUP00439,LOC00707,SUPPLIER_HAS_LOCATION,1,SYNTHETIC_DEMO
SUP00440,LOC00720,SUPPLIER_HAS_LOCATION,1,SYNTHETIC_DEMO
SUP00441,LOC00733,SUPPLIER_HAS_LOCATION,0.6,SYNTHETIC_DEMO
SUP00442,LOC00746,SUPPLIER_HAS_LOCATION,0.3,SYNTHETIC_DEMO
SUP00443,LOC00759,SUPPLIER_HAS_LOCATION,0.3,SYNTHETIC_DEMO
SUP00444,LOC00772,SUPPLIER_HAS_LOCATION,0.6,SYNTHETIC_DEMO
SUP00445,LOC00785,SUPPLIER_HAS_LOCATION,0.6,SYNTHETIC_DEMO
SUP00446,LOC00798,SUPPLIER_HAS_LOCATION,0.3,SYNTHETIC_DEMO
SUP00447,LOC00811,SUPPLIER_HAS_LOCATION,0.3,SYNTHETIC_DEMO
SUP00448,LOC00824,SUPPLIER_HAS_LOCATION,0.6,SYNTHETIC_DEMO
SUP00449,LOC00837,SUPPLIER_HAS_LOCATION,0.3,SYNTHETIC_DEMO
SUP00450,LOC00850,SUPPLIER_HAS_LOCATION,0.3,SYNTHETIC_DEMO
SUP00451,LOC00863,SUPPLIER_HAS_LOCATION,1,SYNTHETIC_DEMO
SUP00452,LOC00876,SUPPLIER_HAS_LOCATION,0.6,SYNTHETIC_DEMO
SUP00453,LOC00889,SUPPLIER_HAS_LOCATION,1,SYNTHETIC_DEMO
SUP00454,LOC00902,SUPPLIER_HAS_LOCATION,0.6,SYNTHETIC_DEMO
SUP00455,LOC00915,SUPPLIER_HAS_LOCATION,1,SYNTHETIC_DEMO
SUP00456,LOC00928,SUPPLIER_HAS_LOCATION,0.6,SYNTHETIC_DEMO
SUP00457,LOC00941,SUPPLIER_HAS_LOCATION,1,SYNTHETIC_DEMO
SUP00458,LOC00954,SUPPLIER_HAS_LOCATION,1,SYNTHETIC_DEMO
SUP00459,LOC00967,SUPPLIER_HAS_LOCATION,0.3,SYNTHETIC_DEMO
SUP00460,LOC00980,SUPPLIER_HAS_LOCATION,0.3,SYNTHETIC_DEMO
SUP00461,LOC00993,SUPPLIER_HAS_LOCATION,0.6,SYNTHETIC_DEMO
SUP00462,LOC00006,SUPPLIER_HAS_LOCATION,0.3,SYNTHETIC_DEMO
SUP00463,LOC00019,SUPPLIER_HAS_LOCATION,0.3,SYNTHETIC_DEMO
SUP00464,LOC00032,SUPPLIER_HAS_LOCATION,0.6,SYNTHETIC_DEMO
SUP00465,LOC00045,SUPPLIER_HAS_LOCATION,1,SYNTHETIC_DEMO
SUP00466,LOC00058,SUPPLIER_HAS_LOCATION,0.3,SYNTHETIC_DEMO
SUP00467,LOC00071,SUPPLIER_HAS_LOCATION,0.6,SYNTHETIC_DEMO
SUP00468,LOC00084,SUPPLIER_HAS_LOCATION,0.3,SYNTHETIC_DEMO
SUP00469,LOC00097,SUPPLIER_HAS_LOCATION,0.3,SYNTHETIC_DEMO
SUP00470,LOC00110,SUPPLIER_HAS_LOCATION,0.6,SYNTHETIC_DEMO
SUP00471,LOC00123,SUPPLIER_HAS_LOCATION,1,SYNTHETIC_DEMO
SUP00472,LOC00136,SUPPLIER_HAS_LOCATION,0.3,SYNTHETIC_DEMO
SUP00473,LOC00149,SUPPLIER_HAS_LOCATION,0.3,SYNTHETIC_DEMO
SUP00474,LOC00162,SUPPLIER_HAS_LOCATION,0.3,SYNTHETIC_DEMO
SUP00475,LOC00175,SUPPLIER_HAS_LOCATION,1,SYNTHETIC_DEMO
SUP00476,LOC00188,SUPPLIER_HAS_LOCATION,0.3,SYNTHETIC_DEMO
SUP00477,LOC00201,SUPPLIER_HAS_LOCATION,1,SYNTHETIC_DEMO
SUP00478,LOC00214,SUPPLIER_HAS_LOCATION,0.3,SYNTHETIC_DEMO
SUP00479,LOC00227,SUPPLIER_HAS_LOCATION,0.3,SYNTHETIC_DEMO
SUP00480,LOC00240,SUPPLIER_HAS_LOCATION,0.3,SYNTHETIC_DEMO
SUP00481,LOC00253,SUPPLIER_HAS_LOCATION,0.3,SYNTHETIC_DEMO
SUP00482,LOC00266,SUPPLIER_HAS_LOCATION,0.3,SYNTHETIC_DEMO
SUP00483,LOC00279,SUPPLIER_HAS_LOCATION,1,SYNTHETIC_DEMO
SUP00484,LOC00292,SUPPLIER_HAS_LOCATION,1,SYNTHETIC_DEMO
SUP00485,LOC00305,SUPPLIER_HAS_LOCATION,0.3,SYNTHETIC_DEMO
SUP00486,LOC00318,SUPPLIER_HAS_LOCATION,0.3,SYNTHETIC_DEMO
SUP00487,LOC00331,SUPPLIER_HAS_LOCATION,0.6,SYNTHETIC_DEMO
SUP00488,LOC00344,SUPPLIER_HAS_LOCATION,1,SYNTHETIC_DEMO
SUP00489,LOC00357,SUPPLIER_HAS_LOCATION,1,SYNTHETIC_DEMO
SUP00490,LOC00370,SUPPLIER_HAS_LOCATION,0.6,SYNTHETIC_DEMO
SUP00491,LOC00383,SUPPLIER_HAS_LOCATION,0.6,SYNTHETIC_DEMO
SUP00492,LOC00396,SUPPLIER_HAS_LOCATION,0.3,SYNTHETIC_DEMO
SUP00493,LOC00409,SUPPLIER_HAS_LOCATION,0.6,SYNTHETIC_DEMO
SUP00494,LOC00422,SUPPLIER_HAS_LOCATION,0.3,SYNTHETIC_DEMO
SUP00495,LOC00435,SUPPLIER_HAS_LOCATION,0.6,SYNTHETIC_DEMO
SUP00496,LOC00448,SUPPLIER_HAS_LOCATION,0.3,SYNTHETIC_DEMO
SUP00497,LOC00461,SUPPLIER_HAS_LOCATION,1,SYNTHETIC_DEMO
SUP00498,LOC00474,SUPPLIER_HAS_LOCATION,0.6,SYNTHETIC_DEMO
SUP00499,LOC00487,SUPPLIER_HAS_LOCATION,1,SYNTHETIC_DEMO
SUP00500,LOC00500,SUPPLIER_HAS_LOCATION,0.3,SYNTHETIC_DEMO
SUP00501,LOC00513,SUPPLIER_HAS_LOCATION,0.3,SYNTHETIC_DEMO
SUP00502,LOC00526,SUPPLIER_HAS_LOCATION,0.3,SYNTHETIC_DEMO
SUP00503,LOC00539,SUPPLIER_HAS_LOCATION,1,SYNTHETIC_DEMO
SUP00504,LOC00552,SUPPLIER_HAS_LOCATION,1,SYNTHETIC_DEMO
SUP00505,LOC00565,SUPPLIER_HAS_LOCATION,0.3,SYNTHETIC_DEMO
SUP00506,LOC00578,SUPPLIER_HAS_LOCATION,0.3,SYNTHETIC_DEMO
SUP00507,LOC00591,SUPPLIER_HAS_LOCATION,1,SYNTHETIC_DEMO
SUP00508,LOC00604,SUPPLIER_HAS_LOCATION,0.3,SYNTHETIC_DEMO
SUP00509,LOC00617,SUPPLIER_HAS_LOCATION,0.6,SYNTHETIC_DEMO
SUP00510,LOC00630,SUPPLIER_HAS_LOCATION,1,SYNTHETIC_DEMO
SUP00511,LOC00643,SUPPLIER_HAS_LOCATION,1,SYNTHETIC_DEMO
SUP00512,LOC00656,SUPPLIER_HAS_LOCATION,1,SYNTHETIC_DEMO
SUP00513,LOC00669,SUPPLIER_HAS_LOCATION,0.3,SYNTHETIC_DEMO
SUP00514,LOC00682,SUPPLIER_HAS_LOCATION,1,SYNTHETIC_DEMO
SUP00515,LOC00695,SUPPLIER_HAS_LOCATION,1,SYNTHETIC_DEMO
SUP00516,LOC00708,SUPPLIER_HAS_LOCATION,1,SYNTHETIC_DEMO
SUP00517,LOC00721,SUPPLIER_HAS_LOCATION,0.6,SYNTHETIC_DEMO
SUP00518,LOC00734,SUPPLIER_HAS_LOCATION,0.3,SYNTHETIC_DEMO
SUP00519,LOC00747,SUPPLIER_HAS_LOCATION,0.3,SYNTHETIC_DEMO
SUP00520,LOC00760,SUPPLIER_HAS_LOCATION,0.6,SYNTHETIC_DEMO
SUP00521,LOC00773,SUPPLIER_HAS_LOCATION,1,SYNTHETIC_DEMO
SUP00522,LOC00786,SUPPLIER_HAS_LOCATION,0.6,SYNTHETIC_DEMO
SUP00523,LOC00799,SUPPLIER_HAS_LOCATION,1,SYNTHETIC_DEMO
SUP00524,LOC00812,SUPPLIER_HAS_LOCATION,1,SYNTHETIC_DEMO
SUP00525,LOC00825,SUPPLIER_HAS_LOCATION,0.3,SYNTHETIC_DEMO
SUP00526,LOC00838,SUPPLIER_HAS_LOCATION,0.6,SYNTHETIC_DEMO
SUP00527,LOC00851,SUPPLIER_HAS_LOCATION,1,SYNTHETIC_DEMO
SUP00528,LOC00864,SUPPLIER_HAS_LOCATION,1,SYNTHETIC_DEMO
SUP00529,LOC00877,SUPPLIER_HAS_LOCATION,1,SYNTHETIC_DEMO
SUP00530,LOC00890,SUPPLIER_HAS_LOCATION,0.3,SYNTHETIC_DEMO
SUP00531,LOC00903,SUPPLIER_HAS_LOCATION,0.6,SYNTHETIC_DEMO
SUP00532,LOC00916,SUPPLIER_HAS_LOCATION,0.6,SYNTHETIC_DEMO
SUP00533,LOC00929,SUPPLIER_HAS_LOCATION,1,SYNTHETIC_DEMO
SUP00534,LOC00942,SUPPLIER_HAS_LOCATION,0.3,SYNTHETIC_DEMO
SUP00535,LOC00955,SUPPLIER_HAS_LOCATION,0.3,SYNTHETIC_DEMO
SUP00536,LOC00968,SUPPLIER_HAS_LOCATION,1,SYNTHETIC_DEMO
SUP00537,LOC00981,SUPPLIER_HAS_LOCATION,0.3,SYNTHETIC_DEMO
SUP00538,LOC00994,SUPPLIER_HAS_LOCATION,1,SYNTHETIC_DEMO
SUP00539,LOC00007,SUPPLIER_HAS_LOCATION,0.6,SYNTHETIC_DEMO
SUP00540,LOC00020,SUPPLIER_HAS_LOCATION,1,SYNTHETIC_DEMO
SUP00541,LOC00033,SUPPLIER_HAS_LOCATION,0.3,SYNTHETIC_DEMO
SUP00542,LOC00046,SUPPLIER_HAS_LOCATION,1,SYNTHETIC_DEMO
SUP00543,LOC00059,SUPPLIER_HAS_LOCATION,1,SYNTHETIC_DEMO
SUP00544,LOC00072,SUPPLIER_HAS_LOCATION,0.6,SYNTHETIC_DEMO
SUP00545,LOC00085,SUPPLIER_HAS_LOCATION,1,SYNTHETIC_DEMO
SUP00546,LOC00098,SUPPLIER_HAS_LOCATION,0.6,SYNTHETIC_DEMO
SUP00547,LOC00111,SUPPLIER_HAS_LOCATION,1,SYNTHETIC_DEMO
SUP00548,LOC00124,SUPPLIER_HAS_LOCATION,1,SYNTHETIC_DEMO
SUP00549,LOC00137,SUPPLIER_HAS_LOCATION,1,SYNTHETIC_DEMO
SUP00550,LOC00150,SUPPLIER_HAS_LOCATION,1,SYNTHETIC_DEMO
SUP00551,LOC00163,SUPPLIER_HAS_LOCATION,0.3,SYNTHETIC_DEMO
SUP00552,LOC00176,SUPPLIER_HAS_LOCATION,0.6,SYNTHETIC_DEMO
SUP00553,LOC00189,SUPPLIER_HAS_LOCATION,0.6,SYNTHETIC_DEMO
SUP00554,LOC00202,SUPPLIER_HAS_LOCATION,1,SYNTHETIC_DEMO
SUP00555,LOC00215,SUPPLIER_HAS_LOCATION,0.3,SYNTHETIC_DEMO
SUP00556,LOC00228,SUPPLIER_HAS_LOCATION,1,SYNTHETIC_DEMO
SUP00557,LOC00241,SUPPLIER_HAS_LOCATION,1,SYNTHETIC_DEMO
SUP00558,LOC00254,SUPPLIER_HAS_LOCATION,0.3,SYNTHETIC_DEMO
SUP00559,LOC00267,SUPPLIER_HAS_LOCATION,1,SYNTHETIC_DEMO
SUP00560,LOC00280,SUPPLIER_HAS_LOCATION,0.6,SYNTHETIC_DEMO
SUP00561,LOC00293,SUPPLIER_HAS_LOCATION,1,SYNTHETIC_DEMO
SUP00562,LOC00306,SUPPLIER_HAS_LOCATION,1,SYNTHETIC_DEMO
SUP00563,LOC00319,SUPPLIER_HAS_LOCATION,0.6,SYNTHETIC_DEMO
SUP00564,LOC00332,SUPPLIER_HAS_LOCATION,0.3,SYNTHETIC_DEMO
SUP00565,LOC00345,SUPPLIER_HAS_LOCATION,0.3,SYNTHETIC_DEMO
SUP00566,LOC00358,SUPPLIER_HAS_LOCATION,0.6,SYNTHETIC_DEMO
SUP00567,LOC00371,SUPPLIER_HAS_LOCATION,1,SYNTHETIC_DEMO
SUP00568,LOC00384,SUPPLIER_HAS_LOCATION,0.6,SYNTHETIC_DEMO
SUP00569,LOC00397,SUPPLIER_HAS_LOCATION,0.3,SYNTHETIC_DEMO
SUP00570,LOC00410,SUPPLIER_HAS_LOCATION,1,SYNTHETIC_DEMO
SUP00571,LOC00423,SUPPLIER_HAS_LOCATION,0.3,SYNTHETIC_DEMO
SUP00572,LOC00436,SUPPLIER_HAS_LOCATION,0.3,SYNTHETIC_DEMO
SUP00573,LOC00449,SUPPLIER_HAS_LOCATION,0.6,SYNTHETIC_DEMO
SUP00574,LOC00462,SUPPLIER_HAS_LOCATION,0.3,SYNTHETIC_DEMO
SUP00575,LOC00475,SUPPLIER_HAS_LOCATION,0.3,SYNTHETIC_DEMO
SUP00576,LOC00488,SUPPLIER_HAS_LOCATION,0.6,SYNTHETIC_DEMO
SUP00577,LOC00501,SUPPLIER_HAS_LOCATION,1,SYNTHETIC_DEMO
SUP00578,LOC00514,SUPPLIER_HAS_LOCATION,0.6,SYNTHETIC_DEMO
SUP00579,LOC00527,SUPPLIER_HAS_LOCATION,1,SYNTHETIC_DEMO
SUP00580,LOC00540,SUPPLIER_HAS_LOCATION,0.6,SYNTHETIC_DEMO
SUP00581,LOC00553,SUPPLIER_HAS_LOCATION,0.3,SYNTHETIC_DEMO
SUP00582,LOC00566,SUPPLIER_HAS_LOCATION,0.3,SYNTHETIC_DEMO
SUP00583,LOC00579,SUPPLIER_HAS_LOCATION,0.3,SYNTHETIC_DEMO
SUP00584,LOC00592,SUPPLIER_HAS_LOCATION,0.3,SYNTHETIC_DEMO
SUP00585,LOC00605,SUPPLIER_HAS_LOCATION,0.6,SYNTHETIC_DEMO
SUP00586,LOC00618,SUPPLIER_HAS_LOCATION,1,SYNTHETIC_DEMO
SUP00587,LOC00631,SUPPLIER_HAS_LOCATION,0.3,SYNTHETIC_DEMO
SUP00588,LOC00644,SUPPLIER_HAS_LOCATION,0.3,SYNTHETIC_DEMO
SUP00589,LOC00657,SUPPLIER_HAS_LOCATION,0.3,SYNTHETIC_DEMO
SUP00590,LOC00670,SUPPLIER_HAS_LOCATION,1,SYNTHETIC_DEMO
SUP00591,LOC00683,SUPPLIER_HAS_LOCATION,1,SYNTHETIC_DEMO
SUP00592,LOC00696,SUPPLIER_HAS_LOCATION,0.3,SYNTHETIC_DEMO
SUP00593,LOC00709,SUPPLIER_HAS_LOCATION,0.6,SYNTHETIC_DEMO
SUP00594,LOC00722,SUPPLIER_HAS_LOCATION,1,SYNTHETIC_DEMO
SUP00595,LOC00735,SUPPLIER_HAS_LOCATION,0.6,SYNTHETIC_DEMO
SUP00596,LOC00748,SUPPLIER_HAS_LOCATION,1,SYNTHETIC_DEMO
SUP00597,LOC00761,SUPPLIER_HAS_LOCATION,1,SYNTHETIC_DEMO
SUP00598,LOC00774,SUPPLIER_HAS_LOCATION,0.6,SYNTHETIC_DEMO
SUP00599,LOC00787,SUPPLIER_HAS_LOCATION,0.6,SYNTHETIC_DEMO
SUP00600,LOC00800,SUPPLIER_HAS_LOCATION,1,SYNTHETIC_DEMO
SUP00601,LOC00813,SUPPLIER_HAS_LOCATION,0.6,SYNTHETIC_DEMO
SUP00602,LOC00826,SUPPLIER_HAS_LOCATION,0.6,SYNTHETIC_DEMO
SUP00603,LOC00839,SUPPLIER_HAS_LOCATION,0.3,SYNTHETIC_DEMO
SUP00604,LOC00852,SUPPLIER_HAS_LOCATION,1,SYNTHETIC_DEMO
SUP00605,LOC00865,SUPPLIER_HAS_LOCATION,0.3,SYNTHETIC_DEMO
SUP00606,LOC00878,SUPPLIER_HAS_LOCATION,0.6,SYNTHETIC_DEMO
SUP00607,LOC00891,SUPPLIER_HAS_LOCATION,0.3,SYNTHETIC_DEMO
SUP00608,LOC00904,SUPPLIER_HAS_LOCATION,0.6,SYNTHETIC_DEMO
SUP00609,LOC00917,SUPPLIER_HAS_LOCATION,0.6,SYNTHETIC_DEMO
SUP00610,LOC00930,SUPPLIER_HAS_LOCATION,1,SYNTHETIC_DEMO
SUP00611,LOC00943,SUPPLIER_HAS_LOCATION,1,SYNTHETIC_DEMO
SUP00612,LOC00956,SUPPLIER_HAS_LOCATION,0.3,SYNTHETIC_DEMO
SUP00613,LOC00969,SUPPLIER_HAS_LOCATION,1,SYNTHETIC_DEMO
SUP00614,LOC00982,SUPPLIER_HAS_LOCATION,0.3,SYNTHETIC_DEMO
SUP00615,LOC00995,SUPPLIER_HAS_LOCATION,0.6,SYNTHETIC_DEMO
SUP00616,LOC00008,SUPPLIER_HAS_LOCATION,0.6,SYNTHETIC_DEMO
SUP00617,LOC00021,SUPPLIER_HAS_LOCATION,0.6,SYNTHETIC_DEMO
SUP00618,LOC00034,SUPPLIER_HAS_LOCATION,1,SYNTHETIC_DEMO
SUP00619,LOC00047,SUPPLIER_HAS_LOCATION,1,SYNTHETIC_DEMO
SUP00620,LOC00060,SUPPLIER_HAS_LOCATION,1,SYNTHETIC_DEMO
SUP00621,LOC00073,SUPPLIER_HAS_LOCATION,1,SYNTHETIC_DEMO
SUP00622,LOC00086,SUPPLIER_HAS_LOCATION,0.6,SYNTHETIC_DEMO
SUP00623,LOC00099,SUPPLIER_HAS_LOCATION,1,SYNTHETIC_DEMO
SUP00624,LOC00112,SUPPLIER_HAS_LOCATION,1,SYNTHETIC_DEMO
SUP00625,LOC00125,SUPPLIER_HAS_LOCATION,1,SYNTHETIC_DEMO
SUP00626,LOC00138,SUPPLIER_HAS_LOCATION,0.3,SYNTHETIC_DEMO
SUP00627,LOC00151,SUPPLIER_HAS_LOCATION,1,SYNTHETIC_DEMO
SUP00628,LOC00164,SUPPLIER_HAS_LOCATION,0.3,SYNTHETIC_DEMO
SUP00629,LOC00177,SUPPLIER_HAS_LOCATION,0.3,SYNTHETIC_DEMO
SUP00630,LOC00190,SUPPLIER_HAS_LOCATION,0.3,SYNTHETIC_DEMO
SUP00631,LOC00203,SUPPLIER_HAS_LOCATION,0.6,SYNTHETIC_DEMO
SUP00632,LOC00216,SUPPLIER_HAS_LOCATION,0.3,SYNTHETIC_DEMO
SUP00633,LOC00229,SUPPLIER_HAS_LOCATION,1,SYNTHETIC_DEMO
SUP00634,LOC00242,SUPPLIER_HAS_LOCATION,0.3,SYNTHETIC_DEMO
SUP00635,LOC00255,SUPPLIER_HAS_LOCATION,0.3,SYNTHETIC_DEMO
SUP00636,LOC00268,SUPPLIER_HAS_LOCATION,0.3,SYNTHETIC_DEMO
SUP00637,LOC00281,SUPPLIER_HAS_LOCATION,0.3,SYNTHETIC_DEMO
SUP00638,LOC00294,SUPPLIER_HAS_LOCATION,0.6,SYNTHETIC_DEMO
SUP00639,LOC00307,SUPPLIER_HAS_LOCATION,0.6,SYNTHETIC_DEMO
SUP00640,LOC00320,SUPPLIER_HAS_LOCATION,1,SYNTHETIC_DEMO
SUP00641,LOC00333,SUPPLIER_HAS_LOCATION,1,SYNTHETIC_DEMO
SUP00642,LOC00346,SUPPLIER_HAS_LOCATION,0.6,SYNTHETIC_DEMO
SUP00643,LOC00359,SUPPLIER_HAS_LOCATION,1,SYNTHETIC_DEMO
SUP00644,LOC00372,SUPPLIER_HAS_LOCATION,0.6,SYNTHETIC_DEMO
SUP00645,LOC00385,SUPPLIER_HAS_LOCATION,1,SYNTHETIC_DEMO
SUP00646,LOC00398,SUPPLIER_HAS_LOCATION,0.3,SYNTHETIC_DEMO
SUP00647,LOC00411,SUPPLIER_HAS_LOCATION,0.6,SYNTHETIC_DEMO
SUP00648,LOC00424,SUPPLIER_HAS_LOCATION,0.3,SYNTHETIC_DEMO
SUP00649,LOC00437,SUPPLIER_HAS_LOCATION,0.3,SYNTHETIC_DEMO
SUP00650,LOC00450,SUPPLIER_HAS_LOCATION,0.6,SYNTHETIC_DEMO
SUP00651,LOC00463,SUPPLIER_HAS_LOCATION,1,SYNTHETIC_DEMO
SUP00652,LOC00476,SUPPLIER_HAS_LOCATION,1,SYNTHETIC_DEMO
SUP00653,LOC00489,SUPPLIER_HAS_LOCATION,0.6,SYNTHETIC_DEMO
SUP00654,LOC00502,SUPPLIER_HAS_LOCATION,0.6,SYNTHETIC_DEMO
SUP00655,LOC00515,SUPPLIER_HAS_LOCATION,0.6,SYNTHETIC_DEMO
SUP00656,LOC00528,SUPPLIER_HAS_LOCATION,0.6,SYNTHETIC_DEMO
SUP00657,LOC00541,SUPPLIER_HAS_LOCATION,0.6,SYNTHETIC_DEMO
SUP00658,LOC00554,SUPPLIER_HAS_LOCATION,1,SYNTHETIC_DEMO
SUP00659,LOC00567,SUPPLIER_HAS_LOCATION,1,SYNTHETIC_DEMO
SUP00660,LOC00580,SUPPLIER_HAS_LOCATION,0.6,SYNTHETIC_DEMO
SUP00661,LOC00593,SUPPLIER_HAS_LOCATION,0.3,SYNTHETIC_DEMO
SUP00662,LOC00606,SUPPLIER_HAS_LOCATION,0.6,SYNTHETIC_DEMO
SUP00663,LOC00619,SUPPLIER_HAS_LOCATION,1,SYNTHETIC_DEMO
SUP00664,LOC00632,SUPPLIER_HAS_LOCATION,0.3,SYNTHETIC_DEMO
SUP00665,LOC00645,SUPPLIER_HAS_LOCATION,1,SYNTHETIC_DEMO
SUP00666,LOC00658,SUPPLIER_HAS_LOCATION,1,SYNTHETIC_DEMO
SUP00667,LOC00671,SUPPLIER_HAS_LOCATION,0.3,SYNTHETIC_DEMO
SUP00668,LOC00684,SUPPLIER_HAS_LOCATION,0.3,SYNTHETIC_DEMO
SUP00669,LOC00697,SUPPLIER_HAS_LOCATION,0.6,SYNTHETIC_DEMO
SUP00670,LOC00710,SUPPLIER_HAS_LOCATION,0.6,SYNTHETIC_DEMO
SUP00671,LOC00723,SUPPLIER_HAS_LOCATION,0.3,SYNTHETIC_DEMO
SUP00672,LOC00736,SUPPLIER_HAS_LOCATION,0.6,SYNTHETIC_DEMO
SUP00673,LOC00749,SUPPLIER_HAS_LOCATION,0.6,SYNTHETIC_DEMO
SUP00674,LOC00762,SUPPLIER_HAS_LOCATION,1,SYNTHETIC_DEMO
SUP00675,LOC00775,SUPPLIER_HAS_LOCATION,0.3,SYNTHETIC_DEMO
SUP00676,LOC00788,SUPPLIER_HAS_LOCATION,1,SYNTHETIC_DEMO
SUP00677,LOC00801,SUPPLIER_HAS_LOCATION,0.6,SYNTHETIC_DEMO
SUP00678,LOC00814,SUPPLIER_HAS_LOCATION,0.3,SYNTHETIC_DEMO
SUP00679,LOC00827,SUPPLIER_HAS_LOCATION,1,SYNTHETIC_DEMO
SUP00680,LOC00840,SUPPLIER_HAS_LOCATION,1,SYNTHETIC_DEMO
SUP00681,LOC00853,SUPPLIER_HAS_LOCATION,1,SYNTHETIC_DEMO
SUP00682,LOC00866,SUPPLIER_HAS_LOCATION,0.3,SYNTHETIC_DEMO
SUP00683,LOC00879,SUPPLIER_HAS_LOCATION,0.6,SYNTHETIC_DEMO
SUP00684,LOC00892,SUPPLIER_HAS_LOCATION,0.6,SYNTHETIC_DEMO
SUP00685,LOC00905,SUPPLIER_HAS_LOCATION,0.3,SYNTHETIC_DEMO
SUP00686,LOC00918,SUPPLIER_HAS_LOCATION,1,SYNTHETIC_DEMO
SUP00687,LOC00931,SUPPLIER_HAS_LOCATION,1,SYNTHETIC_DEMO
SUP00688,LOC00944,SUPPLIER_HAS_LOCATION,0.6,SYNTHETIC_DEMO
SUP00689,LOC00957,SUPPLIER_HAS_LOCATION,1,SYNTHETIC_DEMO
SUP00690,LOC00970,SUPPLIER_HAS_LOCATION,0.3,SYNTHETIC_DEMO
SUP00691,LOC00983,SUPPLIER_HAS_LOCATION,0.6,SYNTHETIC_DEMO
SUP00692,LOC00996,SUPPLIER_HAS_LOCATION,0.6,SYNTHETIC_DEMO
SUP00693,LOC00009,SUPPLIER_HAS_LOCATION,1,SYNTHETIC_DEMO
SUP00694,LOC00022,SUPPLIER_HAS_LOCATION,0.3,SYNTHETIC_DEMO
SUP00695,LOC00035,SUPPLIER_HAS_LOCATION,1,SYNTHETIC_DEMO
SUP00696,LOC00048,SUPPLIER_HAS_LOCATION,0.6,SYNTHETIC_DEMO
SUP00697,LOC00061,SUPPLIER_HAS_LOCATION,1,SYNTHETIC_DEMO
SUP00698,LOC00074,SUPPLIER_HAS_LOCATION,0.3,SYNTHETIC_DEMO
SUP00699,LOC00087,SUPPLIER_HAS_LOCATION,0.6,SYNTHETIC_DEMO
SUP00700,LOC00100,SUPPLIER_HAS_LOCATION,1,SYNTHETIC_DEMO
SUP00701,LOC00113,SUPPLIER_HAS_LOCATION,1,SYNTHETIC_DEMO
SUP00702,LOC00126,SUPPLIER_HAS_LOCATION,0.3,SYNTHETIC_DEMO
SUP00703,LOC00139,SUPPLIER_HAS_LOCATION,0.3,SYNTHETIC_DEMO
SUP00704,LOC00152,SUPPLIER_HAS_LOCATION,0.3,SYNTHETIC_DEMO
SUP00705,LOC00165,SUPPLIER_HAS_LOCATION,0.6,SYNTHETIC_DEMO
SUP00706,LOC00178,SUPPLIER_HAS_LOCATION,0.3,SYNTHETIC_DEMO
SUP00707,LOC00191,SUPPLIER_HAS_LOCATION,0.3,SYNTHETIC_DEMO
SUP00708,LOC00204,SUPPLIER_HAS_LOCATION,0.3,SYNTHETIC_DEMO
SUP00709,LOC00217,SUPPLIER_HAS_LOCATION,1,SYNTHETIC_DEMO
SUP00710,LOC00230,SUPPLIER_HAS_LOCATION,0.3,SYNTHETIC_DEMO
SUP00711,LOC00243,SUPPLIER_HAS_LOCATION,0.6,SYNTHETIC_DEMO
SUP00712,LOC00256,SUPPLIER_HAS_LOCATION,1,SYNTHETIC_DEMO
SUP00713,LOC00269,SUPPLIER_HAS_LOCATION,0.3,SYNTHETIC_DEMO
SUP00714,LOC00282,SUPPLIER_HAS_LOCATION,0.3,SYNTHETIC_DEMO
SUP00715,LOC00295,SUPPLIER_HAS_LOCATION,0.6,SYNTHETIC_DEMO
SUP00716,LOC00308,SUPPLIER_HAS_LOCATION,1,SYNTHETIC_DEMO
SUP00717,LOC00321,SUPPLIER_HAS_LOCATION,1,SYNTHETIC_DEMO
SUP00718,LOC00334,SUPPLIER_HAS_LOCATION,1,SYNTHETIC_DEMO
SUP00719,LOC00347,SUPPLIER_HAS_LOCATION,1,SYNTHETIC_DEMO
SUP00720,LOC00360,SUPPLIER_HAS_LOCATION,0.3,SYNTHETIC_DEMO
SUP00721,LOC00373,SUPPLIER_HAS_LOCATION,0.3,SYNTHETIC_DEMO
SUP00722,LOC00386,SUPPLIER_HAS_LOCATION,1,SYNTHETIC_DEMO
SUP00723,LOC00399,SUPPLIER_HAS_LOCATION,1,SYNTHETIC_DEMO
SUP00724,LOC00412,SUPPLIER_HAS_LOCATION,1,SYNTHETIC_DEMO
SUP00725,LOC00425,SUPPLIER_HAS_LOCATION,0.3,SYNTHETIC_DEMO
SUP00726,LOC00438,SUPPLIER_HAS_LOCATION,0.3,SYNTHETIC_DEMO
SUP00727,LOC00451,SUPPLIER_HAS_LOCATION,0.6,SYNTHETIC_DEMO
SUP00728,LOC00464,SUPPLIER_HAS_LOCATION,0.6,SYNTHETIC_DEMO
SUP00729,LOC00477,SUPPLIER_HAS_LOCATION,0.6,SYNTHETIC_DEMO
SUP00730,LOC00490,SUPPLIER_HAS_LOCATION,1,SYNTHETIC_DEMO
SUP00731,LOC00503,SUPPLIER_HAS_LOCATION,1,SYNTHETIC_DEMO
SUP00732,LOC00516,SUPPLIER_HAS_LOCATION,0.6,SYNTHETIC_DEMO
SUP00733,LOC00529,SUPPLIER_HAS_LOCATION,1,SYNTHETIC_DEMO
SUP00734,LOC00542,SUPPLIER_HAS_LOCATION,1,SYNTHETIC_DEMO
SUP00735,LOC00555,SUPPLIER_HAS_LOCATION,0.3,SYNTHETIC_DEMO
SUP00736,LOC00568,SUPPLIER_HAS_LOCATION,1,SYNTHETIC_DEMO
SUP00737,LOC00581,SUPPLIER_HAS_LOCATION,0.6,SYNTHETIC_DEMO
SUP00738,LOC00594,SUPPLIER_HAS_LOCATION,1,SYNTHETIC_DEMO
SUP00739,LOC00607,SUPPLIER_HAS_LOCATION,0.3,SYNTHETIC_DEMO
SUP00740,LOC00620,SUPPLIER_HAS_LOCATION,0.6,SYNTHETIC_DEMO
SUP00741,LOC00633,SUPPLIER_HAS_LOCATION,1,SYNTHETIC_DEMO
SUP00742,LOC00646,SUPPLIER_HAS_LOCATION,0.6,SYNTHETIC_DEMO
SUP00743,LOC00659,SUPPLIER_HAS_LOCATION,1,SYNTHETIC_DEMO
SUP00744,LOC00672,SUPPLIER_HAS_LOCATION,1,SYNTHETIC_DEMO
SUP00745,LOC00685,SUPPLIER_HAS_LOCATION,1,SYNTHETIC_DEMO
SUP00746,LOC00698,SUPPLIER_HAS_LOCATION,0.3,SYNTHETIC_DEMO
SUP00747,LOC00711,SUPPLIER_HAS_LOCATION,0.6,SYNTHETIC_DEMO
SUP00748,LOC00724,SUPPLIER_HAS_LOCATION,0.6,SYNTHETIC_DEMO
SUP00749,LOC00737,SUPPLIER_HAS_LOCATION,0.6,SYNTHETIC_DEMO
SUP00750,LOC00750,SUPPLIER_HAS_LOCATION,1,SYNTHETIC_DEMO
SUP00751,LOC00763,SUPPLIER_HAS_LOCATION,1,SYNTHETIC_DEMO
SUP00752,LOC00776,SUPPLIER_HAS_LOCATION,0.3,SYNTHETIC_DEMO
SUP00753,LOC00789,SUPPLIER_HAS_LOCATION,1,SYNTHETIC_DEMO
SUP00754,LOC00802,SUPPLIER_HAS_LOCATION,0.6,SYNTHETIC_DEMO
SUP00755,LOC00815,SUPPLIER_HAS_LOCATION,0.3,SYNTHETIC_DEMO
SUP00756,LOC00828,SUPPLIER_HAS_LOCATION,0.3,SYNTHETIC_DEMO
SUP00757,LOC00841,SUPPLIER_HAS_LOCATION,1,SYNTHETIC_DEMO
SUP00758,LOC00854,SUPPLIER_HAS_LOCATION,0.3,SYNTHETIC_DEMO
SUP00759,LOC00867,SUPPLIER_HAS_LOCATION,0.6,SYNTHETIC_DEMO
SUP00760,LOC00880,SUPPLIER_HAS_LOCATION,0.6,SYNTHETIC_DEMO
SUP00761,LOC00893,SUPPLIER_HAS_LOCATION,0.6,SYNTHETIC_DEMO
SUP00762,LOC00906,SUPPLIER_HAS_LOCATION,0.6,SYNTHETIC_DEMO
SUP00763,LOC00919,SUPPLIER_HAS_LOCATION,1,SYNTHETIC_DEMO
SUP00764,LOC00932,SUPPLIER_HAS_LOCATION,1,SYNTHETIC_DEMO
SUP00765,LOC00945,SUPPLIER_HAS_LOCATION,0.6,SYNTHETIC_DEMO
SUP00766,LOC00958,SUPPLIER_HAS_LOCATION,1,SYNTHETIC_DEMO
SUP00767,LOC00971,SUPPLIER_HAS_LOCATION,1,SYNTHETIC_DEMO
SUP00768,LOC00984,SUPPLIER_HAS_LOCATION,1,SYNTHETIC_DEMO
SUP00769,LOC00997,SUPPLIER_HAS_LOCATION,1,SYNTHETIC_DEMO
SUP00770,LOC00010,SUPPLIER_HAS_LOCATION,0.3,SYNTHETIC_DEMO
SUP00771,LOC00023,SUPPLIER_HAS_LOCATION,0.6,SYNTHETIC_DEMO
SUP00772,LOC00036,SUPPLIER_HAS_LOCATION,0.6,SYNTHETIC_DEMO
SUP00773,LOC00049,SUPPLIER_HAS_LOCATION,0.6,SYNTHETIC_DEMO
SUP00774,LOC00062,SUPPLIER_HAS_LOCATION,0.3,SYNTHETIC_DEMO
SUP00775,LOC00075,SUPPLIER_HAS_LOCATION,0.3,SYNTHETIC_DEMO
SUP00776,LOC00088,SUPPLIER_HAS_LOCATION,0.6,SYNTHETIC_DEMO
SUP00777,LOC00101,SUPPLIER_HAS_LOCATION,1,SYNTHETIC_DEMO
SUP00778,LOC00114,SUPPLIER_HAS_LOCATION,0.6,SYNTHETIC_DEMO
SUP00779,LOC00127,SUPPLIER_HAS_LOCATION,1,SYNTHETIC_DEMO
SUP00780,LOC00140,SUPPLIER_HAS_LOCATION,0.3,SYNTHETIC_DEMO
SUP00781,LOC00153,SUPPLIER_HAS_LOCATION,1,SYNTHETIC_DEMO
SUP00782,LOC00166,SUPPLIER_HAS_LOCATION,1,SYNTHETIC_DEMO
SUP00783,LOC00179,SUPPLIER_HAS_LOCATION,0.6,SYNTHETIC_DEMO
SUP00784,LOC00192,SUPPLIER_HAS_LOCATION,1,SYNTHETIC_DEMO
SUP00785,LOC00205,SUPPLIER_HAS_LOCATION,0.6,SYNTHETIC_DEMO
SUP00786,LOC00218,SUPPLIER_HAS_LOCATION,1,SYNTHETIC_DEMO
SUP00787,LOC00231,SUPPLIER_HAS_LOCATION,1,SYNTHETIC_DEMO
SUP00788,LOC00244,SUPPLIER_HAS_LOCATION,1,SYNTHETIC_DEMO
SUP00789,LOC00257,SUPPLIER_HAS_LOCATION,0.3,SYNTHETIC_DEMO
SUP00790,LOC00270,SUPPLIER_HAS_LOCATION,1,SYNTHETIC_DEMO
SUP00791,LOC00283,SUPPLIER_HAS_LOCATION,1,SYNTHETIC_DEMO
SUP00792,LOC00296,SUPPLIER_HAS_LOCATION,1,SYNTHETIC_DEMO
SUP00793,LOC00309,SUPPLIER_HAS_LOCATION,0.6,SYNTHETIC_DEMO
SUP00794,LOC00322,SUPPLIER_HAS_LOCATION,0.3,SYNTHETIC_DEMO
SUP00795,LOC00335,SUPPLIER_HAS_LOCATION,1,SYNTHETIC_DEMO
SUP00796,LOC00348,SUPPLIER_HAS_LOCATION,0.3,SYNTHETIC_DEMO
SUP00797,LOC00361,SUPPLIER_HAS_LOCATION,0.3,SYNTHETIC_DEMO
SUP00798,LOC00374,SUPPLIER_HAS_LOCATION,0.6,SYNTHETIC_DEMO
SUP00799,LOC00387,SUPPLIER_HAS_LOCATION,0.6,SYNTHETIC_DEMO
SUP00800,LOC00400,SUPPLIER_HAS_LOCATION,1,SYNTHETIC_DEMO
SUP00801,LOC00413,SUPPLIER_HAS_LOCATION,1,SYNTHETIC_DEMO
SUP00802,LOC00426,SUPPLIER_HAS_LOCATION,0.6,SYNTHETIC_DEMO
SUP00803,LOC00439,SUPPLIER_HAS_LOCATION,0.6,SYNTHETIC_DEMO
SUP00804,LOC00452,SUPPLIER_HAS_LOCATION,0.3,SYNTHETIC_DEMO
SUP00805,LOC00465,SUPPLIER_HAS_LOCATION,0.6,SYNTHETIC_DEMO
SUP00806,LOC00478,SUPPLIER_HAS_LOCATION,1,SYNTHETIC_DEMO
SUP00807,LOC00491,SUPPLIER_HAS_LOCATION,1,SYNTHETIC_DEMO
SUP00808,LOC00504,SUPPLIER_HAS_LOCATION,0.6,SYNTHETIC_DEMO
SUP00809,LOC00517,SUPPLIER_HAS_LOCATION,0.3,SYNTHETIC_DEMO
SUP00810,LOC00530,SUPPLIER_HAS_LOCATION,0.6,SYNTHETIC_DEMO
SUP00811,LOC00543,SUPPLIER_HAS_LOCATION,0.3,SYNTHETIC_DEMO
SUP00812,LOC00556,SUPPLIER_HAS_LOCATION,0.6,SYNTHETIC_DEMO
SUP00813,LOC00569,SUPPLIER_HAS_LOCATION,1,SYNTHETIC_DEMO
SUP00814,LOC00582,SUPPLIER_HAS_LOCATION,1,SYNTHETIC_DEMO
SUP00815,LOC00595,SUPPLIER_HAS_LOCATION,1,SYNTHETIC_DEMO
SUP00816,LOC00608,SUPPLIER_HAS_LOCATION,0.6,SYNTHETIC_DEMO
SUP00817,LOC00621,SUPPLIER_HAS_LOCATION,0.3,SYNTHETIC_DEMO
SUP00818,LOC00634,SUPPLIER_HAS_LOCATION,0.6,SYNTHETIC_DEMO
SUP00819,LOC00647,SUPPLIER_HAS_LOCATION,0.6,SYNTHETIC_DEMO
SUP00820,LOC00660,SUPPLIER_HAS_LOCATION,0.3,SYNTHETIC_DEMO
SUP00821,LOC00673,SUPPLIER_HAS_LOCATION,0.6,SYNTHETIC_DEMO
SUP00822,LOC00686,SUPPLIER_HAS_LOCATION,0.6,SYNTHETIC_DEMO
SUP00823,LOC00699,SUPPLIER_HAS_LOCATION,0.3,SYNTHETIC_DEMO
SUP00824,LOC00712,SUPPLIER_HAS_LOCATION,0.3,SYNTHETIC_DEMO
SUP00825,LOC00725,SUPPLIER_HAS_LOCATION,1,SYNTHETIC_DEMO
SUP00826,LOC00738,SUPPLIER_HAS_LOCATION,0.6,SYNTHETIC_DEMO
SUP00827,LOC00751,SUPPLIER_HAS_LOCATION,0.6,SYNTHETIC_DEMO
SUP00828,LOC00764,SUPPLIER_HAS_LOCATION,0.6,SYNTHETIC_DEMO
SUP00829,LOC00777,SUPPLIER_HAS_LOCATION,1,SYNTHETIC_DEMO
SUP00830,LOC00790,SUPPLIER_HAS_LOCATION,0.3,SYNTHETIC_DEMO
SUP00831,LOC00803,SUPPLIER_HAS_LOCATION,0.3,SYNTHETIC_DEMO
SUP00832,LOC00816,SUPPLIER_HAS_LOCATION,0.6,SYNTHETIC_DEMO
SUP00833,LOC00829,SUPPLIER_HAS_LOCATION,0.6,SYNTHETIC_DEMO
SUP00834,LOC00842,SUPPLIER_HAS_LOCATION,0.3,SYNTHETIC_DEMO
SUP00835,LOC00855,SUPPLIER_HAS_LOCATION,0.3,SYNTHETIC_DEMO
SUP00836,LOC00868,SUPPLIER_HAS_LOCATION,0.3,SYNTHETIC_DEMO
SUP00837,LOC00881,SUPPLIER_HAS_LOCATION,0.6,SYNTHETIC_DEMO
SUP00838,LOC00894,SUPPLIER_HAS_LOCATION,0.6,SYNTHETIC_DEMO
SUP00839,LOC00907,SUPPLIER_HAS_LOCATION,0.6,SYNTHETIC_DEMO
SUP00840,LOC00920,SUPPLIER_HAS_LOCATION,0.6,SYNTHETIC_DEMO
SUP00841,LOC00933,SUPPLIER_HAS_LOCATION,0.3,SYNTHETIC_DEMO
SUP00842,LOC00946,SUPPLIER_HAS_LOCATION,0.6,SYNTHETIC_DEMO
SUP00843,LOC00959,SUPPLIER_HAS_LOCATION,0.6,SYNTHETIC_DEMO
SUP00844,LOC00972,SUPPLIER_HAS_LOCATION,1,SYNTHETIC_DEMO
SUP00845,LOC00985,SUPPLIER_HAS_LOCATION,0.3,SYNTHETIC_DEMO
SUP00846,LOC00998,SUPPLIER_HAS_LOCATION,0.3,SYNTHETIC_DEMO
SUP00847,LOC00011,SUPPLIER_HAS_LOCATION,0.3,SYNTHETIC_DEMO
SUP00848,LOC00024,SUPPLIER_HAS_LOCATION,0.3,SYNTHETIC_DEMO
SUP00849,LOC00037,SUPPLIER_HAS_LOCATION,0.3,SYNTHETIC_DEMO
SUP00850,LOC00050,SUPPLIER_HAS_LOCATION,0.3,SYNTHETIC_DEMO
SUP00851,LOC00063,SUPPLIER_HAS_LOCATION,1,SYNTHETIC_DEMO
SUP00852,LOC00076,SUPPLIER_HAS_LOCATION,0.3,SYNTHETIC_DEMO
SUP00853,LOC00089,SUPPLIER_HAS_LOCATION,0.3,SYNTHETIC_DEMO
SUP00854,LOC00102,SUPPLIER_HAS_LOCATION,0.6,SYNTHETIC_DEMO
SUP00855,LOC00115,SUPPLIER_HAS_LOCATION,1,SYNTHETIC_DEMO
SUP00856,LOC00128,SUPPLIER_HAS_LOCATION,1,SYNTHETIC_DEMO
SUP00857,LOC00141,SUPPLIER_HAS_LOCATION,0.6,SYNTHETIC_DEMO
SUP00858,LOC00154,SUPPLIER_HAS_LOCATION,1,SYNTHETIC_DEMO
SUP00859,LOC00167,SUPPLIER_HAS_LOCATION,0.6,SYNTHETIC_DEMO
SUP00860,LOC00180,SUPPLIER_HAS_LOCATION,1,SYNTHETIC_DEMO
SUP00861,LOC00193,SUPPLIER_HAS_LOCATION,0.6,SYNTHETIC_DEMO
SUP00862,LOC00206,SUPPLIER_HAS_LOCATION,1,SYNTHETIC_DEMO
SUP00863,LOC00219,SUPPLIER_HAS_LOCATION,0.3,SYNTHETIC_DEMO
SUP00864,LOC00232,SUPPLIER_HAS_LOCATION,0.6,SYNTHETIC_DEMO
SUP00865,LOC00245,SUPPLIER_HAS_LOCATION,0.3,SYNTHETIC_DEMO
SUP00866,LOC00258,SUPPLIER_HAS_LOCATION,1,SYNTHETIC_DEMO
SUP00867,LOC00271,SUPPLIER_HAS_LOCATION,0.6,SYNTHETIC_DEMO
SUP00868,LOC00284,SUPPLIER_HAS_LOCATION,0.6,SYNTHETIC_DEMO
SUP00869,LOC00297,SUPPLIER_HAS_LOCATION,1,SYNTHETIC_DEMO
SUP00870,LOC00310,SUPPLIER_HAS_LOCATION,1,SYNTHETIC_DEMO
SUP00871,LOC00323,SUPPLIER_HAS_LOCATION,0.6,SYNTHETIC_DEMO
SUP00872,LOC00336,SUPPLIER_HAS_LOCATION,0.3,SYNTHETIC_DEMO
SUP00873,LOC00349,SUPPLIER_HAS_LOCATION,1,SYNTHETIC_DEMO
SUP00874,LOC00362,SUPPLIER_HAS_LOCATION,0.3,SYNTHETIC_DEMO
SUP00875,LOC00375,SUPPLIER_HAS_LOCATION,1,SYNTHETIC_DEMO
SUP00876,LOC00388,SUPPLIER_HAS_LOCATION,0.6,SYNTHETIC_DEMO
SUP00877,LOC00401,SUPPLIER_HAS_LOCATION,1,SYNTHETIC_DEMO
SUP00878,LOC00414,SUPPLIER_HAS_LOCATION,0.6,SYNTHETIC_DEMO
SUP00879,LOC00427,SUPPLIER_HAS_LOCATION,1,SYNTHETIC_DEMO
SUP00880,LOC00440,SUPPLIER_HAS_LOCATION,0.6,SYNTHETIC_DEMO
SUP00881,LOC00453,SUPPLIER_HAS_LOCATION,1,SYNTHETIC_DEMO
SUP00882,LOC00466,SUPPLIER_HAS_LOCATION,0.6,SYNTHETIC_DEMO
SUP00883,LOC00479,SUPPLIER_HAS_LOCATION,1,SYNTHETIC_DEMO
SUP00884,LOC00492,SUPPLIER_HAS_LOCATION,0.6,SYNTHETIC_DEMO
SUP00885,LOC00505,SUPPLIER_HAS_LOCATION,1,SYNTHETIC_DEMO
SUP00886,LOC00518,SUPPLIER_HAS_LOCATION,0.6,SYNTHETIC_DEMO
SUP00887,LOC00531,SUPPLIER_HAS_LOCATION,1,SYNTHETIC_DEMO
SUP00888,LOC00544,SUPPLIER_HAS_LOCATION,0.3,SYNTHETIC_DEMO
SUP00889,LOC00557,SUPPLIER_HAS_LOCATION,1,SYNTHETIC_DEMO
SUP00890,LOC00570,SUPPLIER_HAS_LOCATION,1,SYNTHETIC_DEMO
SUP00891,LOC00583,SUPPLIER_HAS_LOCATION,1,SYNTHETIC_DEMO
SUP00892,LOC00596,SUPPLIER_HAS_LOCATION,1,SYNTHETIC_DEMO
SUP00893,LOC00609,SUPPLIER_HAS_LOCATION,0.3,SYNTHETIC_DEMO
SUP00894,LOC00622,SUPPLIER_HAS_LOCATION,0.6,SYNTHETIC_DEMO
SUP00895,LOC00635,SUPPLIER_HAS_LOCATION,0.6,SYNTHETIC_DEMO
SUP00896,LOC00648,SUPPLIER_HAS_LOCATION,0.6,SYNTHETIC_DEMO
SUP00897,LOC00661,SUPPLIER_HAS_LOCATION,0.6,SYNTHETIC_DEMO
SUP00898,LOC00674,SUPPLIER_HAS_LOCATION,0.3,SYNTHETIC_DEMO
SUP00899,LOC00687,SUPPLIER_HAS_LOCATION,0.6,SYNTHETIC_DEMO
SUP00900,LOC00700,SUPPLIER_HAS_LOCATION,0.6,SYNTHETIC_DEMO
SUP00901,LOC00713,SUPPLIER_HAS_LOCATION,1,SYNTHETIC_DEMO
SUP00902,LOC00726,SUPPLIER_HAS_LOCATION,0.6,SYNTHETIC_DEMO
SUP00903,LOC00739,SUPPLIER_HAS_LOCATION,0.6,SYNTHETIC_DEMO
SUP00904,LOC00752,SUPPLIER_HAS_LOCATION,0.6,SYNTHETIC_DEMO
SUP00905,LOC00765,SUPPLIER_HAS_LOCATION,0.6,SYNTHETIC_DEMO
SUP00906,LOC00778,SUPPLIER_HAS_LOCATION,0.6,SYNTHETIC_DEMO
SUP00907,LOC00791,SUPPLIER_HAS_LOCATION,0.3,SYNTHETIC_DEMO
SUP00908,LOC00804,SUPPLIER_HAS_LOCATION,0.6,SYNTHETIC_DEMO
SUP00909,LOC00817,SUPPLIER_HAS_LOCATION,1,SYNTHETIC_DEMO
SUP00910,LOC00830,SUPPLIER_HAS_LOCATION,0.6,SYNTHETIC_DEMO
SUP00911,LOC00843,SUPPLIER_HAS_LOCATION,0.6,SYNTHETIC_DEMO
SUP00912,LOC00856,SUPPLIER_HAS_LOCATION,0.6,SYNTHETIC_DEMO
SUP00913,LOC00869,SUPPLIER_HAS_LOCATION,1,SYNTHETIC_DEMO
SUP00914,LOC00882,SUPPLIER_HAS_LOCATION,0.3,SYNTHETIC_DEMO
SUP00915,LOC00895,SUPPLIER_HAS_LOCATION,0.6,SYNTHETIC_DEMO
SUP00916,LOC00908,SUPPLIER_HAS_LOCATION,0.6,SYNTHETIC_DEMO
SUP00917,LOC00921,SUPPLIER_HAS_LOCATION,0.6,SYNTHETIC_DEMO
SUP00918,LOC00934,SUPPLIER_HAS_LOCATION,0.6,SYNTHETIC_DEMO
SUP00919,LOC00947,SUPPLIER_HAS_LOCATION,1,SYNTHETIC_DEMO
SUP00920,LOC00960,SUPPLIER_HAS_LOCATION,1,SYNTHETIC_DEMO
SUP00921,LOC00973,SUPPLIER_HAS_LOCATION,1,SYNTHETIC_DEMO
SUP00922,LOC00986,SUPPLIER_HAS_LOCATION,0.3,SYNTHETIC_DEMO
SUP00923,LOC00999,SUPPLIER_HAS_LOCATION,0.6,SYNTHETIC_DEMO
SUP00924,LOC00012,SUPPLIER_HAS_LOCATION,0.6,SYNTHETIC_DEMO
SUP00925,LOC00025,SUPPLIER_HAS_LOCATION,0.6,SYNTHETIC_DEMO
SUP00926,LOC00038,SUPPLIER_HAS_LOCATION,1,SYNTHETIC_DEMO
SUP00927,LOC00051,SUPPLIER_HAS_LOCATION,0.6,SYNTHETIC_DEMO
SUP00928,LOC00064,SUPPLIER_HAS_LOCATION,0.6,SYNTHETIC_DEMO
SUP00929,LOC00077,SUPPLIER_HAS_LOCATION,1,SYNTHETIC_DEMO
SUP00930,LOC00090,SUPPLIER_HAS_LOCATION,0.6,SYNTHETIC_DEMO
SUP00931,LOC00103,SUPPLIER_HAS_LOCATION,1,SYNTHETIC_DEMO
SUP00932,LOC00116,SUPPLIER_HAS_LOCATION,1,SYNTHETIC_DEMO
SUP00933,LOC00129,SUPPLIER_HAS_LOCATION,1,SYNTHETIC_DEMO
SUP00934,LOC00142,SUPPLIER_HAS_LOCATION,0.6,SYNTHETIC_DEMO
SUP00935,LOC00155,SUPPLIER_HAS_LOCATION,0.3,SYNTHETIC_DEMO
SUP00936,LOC00168,SUPPLIER_HAS_LOCATION,0.6,SYNTHETIC_DEMO
SUP00937,LOC00181,SUPPLIER_HAS_LOCATION,1,SYNTHETIC_DEMO
SUP00938,LOC00194,SUPPLIER_HAS_LOCATION,0.3,SYNTHETIC_DEMO
SUP00939,LOC00207,SUPPLIER_HAS_LOCATION,0.6,SYNTHETIC_DEMO
SUP00940,LOC00220,SUPPLIER_HAS_LOCATION,1,SYNTHETIC_DEMO
SUP00941,LOC00233,SUPPLIER_HAS_LOCATION,0.3,SYNTHETIC_DEMO
SUP00942,LOC00246,SUPPLIER_HAS_LOCATION,0.3,SYNTHETIC_DEMO
SUP00943,LOC00259,SUPPLIER_HAS_LOCATION,0.3,SYNTHETIC_DEMO
SUP00944,LOC00272,SUPPLIER_HAS_LOCATION,1,SYNTHETIC_DEMO
SUP00945,LOC00285,SUPPLIER_HAS_LOCATION,1,SYNTHETIC_DEMO
SUP00946,LOC00298,SUPPLIER_HAS_LOCATION,0.3,SYNTHETIC_DEMO
SUP00947,LOC00311,SUPPLIER_HAS_LOCATION,0.3,SYNTHETIC_DEMO
SUP00948,LOC00324,SUPPLIER_HAS_LOCATION,0.3,SYNTHETIC_DEMO
SUP00949,LOC00337,SUPPLIER_HAS_LOCATION,0.6,SYNTHETIC_DEMO
SUP00950,LOC00350,SUPPLIER_HAS_LOCATION,0.6,SYNTHETIC_DEMO
SUP00951,LOC00363,SUPPLIER_HAS_LOCATION,0.6,SYNTHETIC_DEMO
SUP00952,LOC00376,SUPPLIER_HAS_LOCATION,0.3,SYNTHETIC_DEMO
SUP00953,LOC00389,SUPPLIER_HAS_LOCATION,0.6,SYNTHETIC_DEMO
SUP00954,LOC00402,SUPPLIER_HAS_LOCATION,1,SYNTHETIC_DEMO
SUP00955,LOC00415,SUPPLIER_HAS_LOCATION,0.3,SYNTHETIC_DEMO
SUP00956,LOC00428,SUPPLIER_HAS_LOCATION,0.3,SYNTHETIC_DEMO
SUP00957,LOC00441,SUPPLIER_HAS_LOCATION,0.6,SYNTHETIC_DEMO
SUP00958,LOC00454,SUPPLIER_HAS_LOCATION,0.3,SYNTHETIC_DEMO
SUP00959,LOC00467,SUPPLIER_HAS_LOCATION,0.6,SYNTHETIC_DEMO
SUP00960,LOC00480,SUPPLIER_HAS_LOCATION,0.3,SYNTHETIC_DEMO
SUP00961,LOC00493,SUPPLIER_HAS_LOCATION,0.3,SYNTHETIC_DEMO
SUP00962,LOC00506,SUPPLIER_HAS_LOCATION,0.6,SYNTHETIC_DEMO
SUP00963,LOC00519,SUPPLIER_HAS_LOCATION,0.3,SYNTHETIC_DEMO
SUP00964,LOC00532,SUPPLIER_HAS_LOCATION,0.6,SYNTHETIC_DEMO
SUP00965,LOC00545,SUPPLIER_HAS_LOCATION,1,SYNTHETIC_DEMO
SUP00966,LOC00558,SUPPLIER_HAS_LOCATION,0.6,SYNTHETIC_DEMO
SUP00967,LOC00571,SUPPLIER_HAS_LOCATION,1,SYNTHETIC_DEMO
SUP00968,LOC00584,SUPPLIER_HAS_LOCATION,0.3,SYNTHETIC_DEMO
SUP00969,LOC00597,SUPPLIER_HAS_LOCATION,0.6,SYNTHETIC_DEMO
SUP00970,LOC00610,SUPPLIER_HAS_LOCATION,0.3,SYNTHETIC_DEMO
SUP00971,LOC00623,SUPPLIER_HAS_LOCATION,1,SYNTHETIC_DEMO
SUP00972,LOC00636,SUPPLIER_HAS_LOCATION,1,SYNTHETIC_DEMO
SUP00973,LOC00649,SUPPLIER_HAS_LOCATION,1,SYNTHETIC_DEMO
SUP00974,LOC00662,SUPPLIER_HAS_LOCATION,0.3,SYNTHETIC_DEMO
SUP00975,LOC00675,SUPPLIER_HAS_LOCATION,0.3,SYNTHETIC_DEMO
SUP00976,LOC00688,SUPPLIER_HAS_LOCATION,1,SYNTHETIC_DEMO
SUP00977,LOC00701,SUPPLIER_HAS_LOCATION,0.6,SYNTHETIC_DEMO
SUP00978,LOC00714,SUPPLIER_HAS_LOCATION,0.3,SYNTHETIC_DEMO
SUP00979,LOC00727,SUPPLIER_HAS_LOCATION,0.3,SYNTHETIC_DEMO
SUP00980,LOC00740,SUPPLIER_HAS_LOCATION,1,SYNTHETIC_DEMO
SUP00981,LOC00753,SUPPLIER_HAS_LOCATION,0.3,SYNTHETIC_DEMO
SUP00982,LOC00766,SUPPLIER_HAS_LOCATION,0.6,SYNTHETIC_DEMO
SUP00983,LOC00779,SUPPLIER_HAS_LOCATION,0.3,SYNTHETIC_DEMO
SUP00984,LOC00792,SUPPLIER_HAS_LOCATION,0.6,SYNTHETIC_DEMO
SUP00985,LOC00805,SUPPLIER_HAS_LOCATION,0.6,SYNTHETIC_DEMO
SUP00986,LOC00818,SUPPLIER_HAS_LOCATION,1,SYNTHETIC_DEMO
SUP00987,LOC00831,SUPPLIER_HAS_LOCATION,1,SYNTHETIC_DEMO
SUP00988,LOC00844,SUPPLIER_HAS_LOCATION,1,SYNTHETIC_DEMO
SUP00989,LOC00857,SUPPLIER_HAS_LOCATION,1,SYNTHETIC_DEMO
SUP00990,LOC00870,SUPPLIER_HAS_LOCATION,0.3,SYNTHETIC_DEMO
SUP00991,LOC00883,SUPPLIER_HAS_LOCATION,0.6,SYNTHETIC_DEMO
SUP00992,LOC00896,SUPPLIER_HAS_LOCATION,1,SYNTHETIC_DEMO
SUP00993,LOC00909,SUPPLIER_HAS_LOCATION,0.6,SYNTHETIC_DEMO
SUP00994,LOC00922,SUPPLIER_HAS_LOCATION,1,SYNTHETIC_DEMO
SUP00995,LOC00935,SUPPLIER_HAS_LOCATION,0.3,SYNTHETIC_DEMO
SUP00996,LOC00948,SUPPLIER_HAS_LOCATION,0.6,SYNTHETIC_DEMO
SUP00997,LOC00961,SUPPLIER_HAS_LOCATION,1,SYNTHETIC_DEMO
SUP00998,LOC00974,SUPPLIER_HAS_LOCATION,0.6,SYNTHETIC_DEMO
SUP00999,LOC00987,SUPPLIER_HAS_LOCATION,1,SYNTHETIC_DEMO
SUP01000,LOC01000,SUPPLIER_HAS_LOCATION,1,SYNTHETIC_DEMO
SUP00001,LOC00013,SUPPLIER_HAS_LOCATION,0.3,SYNTHETIC_DEMO
SUP00002,LOC00026,SUPPLIER_HAS_LOCATION,0.3,SYNTHETIC_DEMO
SUP00003,LOC00039,SUPPLIER_HAS_LOCATION,1,SYNTHETIC_DEMO
SUP00004,LOC00052,SUPPLIER_HAS_LOCATION,0.6,SYNTHETIC_DEMO
SUP00005,LOC00065,SUPPLIER_HAS_LOCATION,0.6,SYNTHETIC_DEMO
SUP00006,LOC00078,SUPPLIER_HAS_LOCATION,0.6,SYNTHETIC_DEMO
SUP00007,LOC00091,SUPPLIER_HAS_LOCATION,0.6,SYNTHETIC_DEMO
SUP00008,LOC00104,SUPPLIER_HAS_LOCATION,1,SYNTHETIC_DEMO
SUP00009,LOC00117,SUPPLIER_HAS_LOCATION,0.6,SYNTHETIC_DEMO
SUP00010,LOC00130,SUPPLIER_HAS_LOCATION,1,SYNTHETIC_DEMO
SUP00011,LOC00143,SUPPLIER_HAS_LOCATION,0.6,SYNTHETIC_DEMO
SUP00012,LOC00156,SUPPLIER_HAS_LOCATION,1,SYNTHETIC_DEMO
SUP00013,LOC00169,SUPPLIER_HAS_LOCATION,0.6,SYNTHETIC_DEMO
SUP00014,LOC00182,SUPPLIER_HAS_LOCATION,0.3,SYNTHETIC_DEMO
SUP00015,LOC00195,SUPPLIER_HAS_LOCATION,0.3,SYNTHETIC_DEMO
SUP00016,LOC00208,SUPPLIER_HAS_LOCATION,1,SYNTHETIC_DEMO
SUP00017,LOC00221,SUPPLIER_HAS_LOCATION,0.6,SYNTHETIC_DEMO
SUP00018,LOC00234,SUPPLIER_HAS_LOCATION,0.3,SYNTHETIC_DEMO
SUP00019,LOC00247,SUPPLIER_HAS_LOCATION,1,SYNTHETIC_DEMO
SUP00020,LOC00260,SUPPLIER_HAS_LOCATION,1,SYNTHETIC_DEMO
SUP00021,LOC00273,SUPPLIER_HAS_LOCATION,0.3,SYNTHETIC_DEMO
SUP00022,LOC00286,SUPPLIER_HAS_LOCATION,1,SYNTHETIC_DEMO
SUP00023,LOC00299,SUPPLIER_HAS_LOCATION,0.3,SYNTHETIC_DEMO
SUP00024,LOC00312,SUPPLIER_HAS_LOCATION,1,SYNTHETIC_DEMO
SUP00025,LOC00325,SUPPLIER_HAS_LOCATION,0.6,SYNTHETIC_DEMO
SUP00026,LOC00338,SUPPLIER_HAS_LOCATION,0.3,SYNTHETIC_DEMO
SUP00027,LOC00351,SUPPLIER_HAS_LOCATION,0.3,SYNTHETIC_DEMO
SUP00028,LOC00364,SUPPLIER_HAS_LOCATION,1,SYNTHETIC_DEMO
SUP00029,LOC00377,SUPPLIER_HAS_LOCATION,1,SYNTHETIC_DEMO
SUP00030,LOC00390,SUPPLIER_HAS_LOCATION,0.3,SYNTHETIC_DEMO
SUP00031,LOC00403,SUPPLIER_HAS_LOCATION,1,SYNTHETIC_DEMO
SUP00032,LOC00416,SUPPLIER_HAS_LOCATION,1,SYNTHETIC_DEMO
SUP00033,LOC00429,SUPPLIER_HAS_LOCATION,0.3,SYNTHETIC_DEMO
SUP00034,LOC00442,SUPPLIER_HAS_LOCATION,0.6,SYNTHETIC_DEMO
SUP00035,LOC00455,SUPPLIER_HAS_LOCATION,1,SYNTHETIC_DEMO
SUP00036,LOC00468,SUPPLIER_HAS_LOCATION,0.6,SYNTHETIC_DEMO
SUP00037,LOC00481,SUPPLIER_HAS_LOCATION,0.3,SYNTHETIC_DEMO
SUP00038,LOC00494,SUPPLIER_HAS_LOCATION,1,SYNTHETIC_DEMO
SUP00039,LOC00507,SUPPLIER_HAS_LOCATION,0.6,SYNTHETIC_DEMO
SUP00040,LOC00520,SUPPLIER_HAS_LOCATION,0.3,SYNTHETIC_DEMO
SUP00041,LOC00533,SUPPLIER_HAS_LOCATION,0.6,SYNTHETIC_DEMO
SUP00042,LOC00546,SUPPLIER_HAS_LOCATION,1,SYNTHETIC_DEMO
SUP00043,LOC00559,SUPPLIER_HAS_LOCATION,1,SYNTHETIC_DEMO
SUP00044,LOC00572,SUPPLIER_HAS_LOCATION,0.3,SYNTHETIC_DEMO
SUP00045,LOC00585,SUPPLIER_HAS_LOCATION,0.6,SYNTHETIC_DEMO
SUP00046,LOC00598,SUPPLIER_HAS_LOCATION,0.3,SYNTHETIC_DEMO
SUP00047,LOC00611,SUPPLIER_HAS_LOCATION,0.3,SYNTHETIC_DEMO
SUP00048,LOC00624,SUPPLIER_HAS_LOCATION,0.3,SYNTHETIC_DEMO
SUP00049,LOC00637,SUPPLIER_HAS_LOCATION,0.3,SYNTHETIC_DEMO
SUP00050,LOC00650,SUPPLIER_HAS_LOCATION,0.3,SYNTHETIC_DEMO
SUP00051,LOC00663,SUPPLIER_HAS_LOCATION,0.6,SYNTHETIC_DEMO
SUP00052,LOC00676,SUPPLIER_HAS_LOCATION,0.6,SYNTHETIC_DEMO
SUP00053,LOC00689,SUPPLIER_HAS_LOCATION,1,SYNTHETIC_DEMO
SUP00054,LOC00702,SUPPLIER_HAS_LOCATION,0.3,SYNTHETIC_DEMO
SUP00055,LOC00715,SUPPLIER_HAS_LOCATION,1,SYNTHETIC_DEMO
SUP00056,LOC00728,SUPPLIER_HAS_LOCATION,0.3,SYNTHETIC_DEMO
SUP00057,LOC00741,SUPPLIER_HAS_LOCATION,0.3,SYNTHETIC_DEMO
SUP00058,LOC00754,SUPPLIER_HAS_LOCATION,0.6,SYNTHETIC_DEMO
SUP00059,LOC00767,SUPPLIER_HAS_LOCATION,0.6,SYNTHETIC_DEMO
SUP00060,LOC00780,SUPPLIER_HAS_LOCATION,0.3,SYNTHETIC_DEMO
SUP00061,LOC00793,SUPPLIER_HAS_LOCATION,1,SYNTHETIC_DEMO
SUP00062,LOC00806,SUPPLIER_HAS_LOCATION,0.6,SYNTHETIC_DEMO
SUP00063,LOC00819,SUPPLIER_HAS_LOCATION,0.6,SYNTHETIC_DEMO
SUP00064,LOC00832,SUPPLIER_HAS_LOCATION,1,SYNTHETIC_DEMO
SUP00065,LOC00845,SUPPLIER_HAS_LOCATION,0.6,SYNTHETIC_DEMO
SUP00066,LOC00858,SUPPLIER_HAS_LOCATION,0.3,SYNTHETIC_DEMO
SUP00067,LOC00871,SUPPLIER_HAS_LOCATION,1,SYNTHETIC_DEMO
SUP00068,LOC00884,SUPPLIER_HAS_LOCATION,0.6,SYNTHETIC_DEMO
SUP00069,LOC00897,SUPPLIER_HAS_LOCATION,0.3,SYNTHETIC_DEMO
SUP00070,LOC00910,SUPPLIER_HAS_LOCATION,0.3,SYNTHETIC_DEMO
SUP00071,LOC00923,SUPPLIER_HAS_LOCATION,1,SYNTHETIC_DEMO
SUP00072,LOC00936,SUPPLIER_HAS_LOCATION,1,SYNTHETIC_DEMO
SUP00073,LOC00949,SUPPLIER_HAS_LOCATION,0.6,SYNTHETIC_DEMO
SUP00074,LOC00962,SUPPLIER_HAS_LOCATION,0.3,SYNTHETIC_DEMO
SUP00075,LOC00975,SUPPLIER_HAS_LOCATION,0.3,SYNTHETIC_DEMO
SUP00076,LOC00988,SUPPLIER_HAS_LOCATION,0.6,SYNTHETIC_DEMO
SUP00077,LOC00001,SUPPLIER_HAS_LOCATION,0.3,SYNTHETIC_DEMO
SUP00078,LOC00014,SUPPLIER_HAS_LOCATION,0.6,SYNTHETIC_DEMO
SUP00079,LOC00027,SUPPLIER_HAS_LOCATION,0.3,SYNTHETIC_DEMO
SUP00080,LOC00040,SUPPLIER_HAS_LOCATION,0.3,SYNTHETIC_DEMO
SUP00081,LOC00053,SUPPLIER_HAS_LOCATION,0.6,SYNTHETIC_DEMO
SUP00082,LOC00066,SUPPLIER_HAS_LOCATION,0.6,SYNTHETIC_DEMO
SUP00083,LOC00079,SUPPLIER_HAS_LOCATION,0.3,SYNTHETIC_DEMO
SUP00084,LOC00092,SUPPLIER_HAS_LOCATION,1,SYNTHETIC_DEMO
SUP00085,LOC00105,SUPPLIER_HAS_LOCATION,0.3,SYNTHETIC_DEMO
SUP00086,LOC00118,SUPPLIER_HAS_LOCATION,0.3,SYNTHETIC_DEMO
SUP00087,LOC00131,SUPPLIER_HAS_LOCATION,1,SYNTHETIC_DEMO
SUP00088,LOC00144,SUPPLIER_HAS_LOCATION,0.6,SYNTHETIC_DEMO
SUP00089,LOC00157,SUPPLIER_HAS_LOCATION,0.6,SYNTHETIC_DEMO
SUP00090,LOC00170,SUPPLIER_HAS_LOCATION,1,SYNTHETIC_DEMO
SUP00091,LOC00183,SUPPLIER_HAS_LOCATION,0.6,SYNTHETIC_DEMO
SUP00092,LOC00196,SUPPLIER_HAS_LOCATION,1,SYNTHETIC_DEMO
SUP00093,LOC00209,SUPPLIER_HAS_LOCATION,0.6,SYNTHETIC_DEMO
SUP00094,LOC00222,SUPPLIER_HAS_LOCATION,0.6,SYNTHETIC_DEMO
SUP00095,LOC00235,SUPPLIER_HAS_LOCATION,0.3,SYNTHETIC_DEMO
SUP00096,LOC00248,SUPPLIER_HAS_LOCATION,1,SYNTHETIC_DEMO
SUP00097,LOC00261,SUPPLIER_HAS_LOCATION,1,SYNTHETIC_DEMO
SUP00098,LOC00274,SUPPLIER_HAS_LOCATION,1,SYNTHETIC_DEMO
SUP00099,LOC00287,SUPPLIER_HAS_LOCATION,0.3,SYNTHETIC_DEMO
SUP00100,LOC00300,SUPPLIER_HAS_LOCATION,0.3,SYNTHETIC_DEMO
SUP00101,LOC00313,SUPPLIER_HAS_LOCATION,1,SYNTHETIC_DEMO
SUP00102,LOC00326,SUPPLIER_HAS_LOCATION,0.6,SYNTHETIC_DEMO
SUP00103,LOC00339,SUPPLIER_HAS_LOCATION,0.3,SYNTHETIC_DEMO
SUP00104,LOC00352,SUPPLIER_HAS_LOCATION,1,SYNTHETIC_DEMO
SUP00105,LOC00365,SUPPLIER_HAS_LOCATION,0.6,SYNTHETIC_DEMO
SUP00106,LOC00378,SUPPLIER_HAS_LOCATION,1,SYNTHETIC_DEMO
SUP00107,LOC00391,SUPPLIER_HAS_LOCATION,1,SYNTHETIC_DEMO
SUP00108,LOC00404,SUPPLIER_HAS_LOCATION,0.6,SYNTHETIC_DEMO
SUP00109,LOC00417,SUPPLIER_HAS_LOCATION,0.6,SYNTHETIC_DEMO
SUP00110,LOC00430,SUPPLIER_HAS_LOCATION,1,SYNTHETIC_DEMO
SUP00111,LOC00443,SUPPLIER_HAS_LOCATION,0.6,SYNTHETIC_DEMO
SUP00112,LOC00456,SUPPLIER_HAS_LOCATION,0.3,SYNTHETIC_DEMO
SUP00113,LOC00469,SUPPLIER_HAS_LOCATION,0.6,SYNTHETIC_DEMO
SUP00114,LOC00482,SUPPLIER_HAS_LOCATION,1,SYNTHETIC_DEMO
SUP00115,LOC00495,SUPPLIER_HAS_LOCATION,0.6,SYNTHETIC_DEMO
SUP00116,LOC00508,SUPPLIER_HAS_LOCATION,0.3,SYNTHETIC_DEMO
SUP00117,LOC00521,SUPPLIER_HAS_LOCATION,0.3,SYNTHETIC_DEMO
SUP00118,LOC00534,SUPPLIER_HAS_LOCATION,0.3,SYNTHETIC_DEMO
SUP00119,LOC00547,SUPPLIER_HAS_LOCATION,0.3,SYNTHETIC_DEMO
SUP00120,LOC00560,SUPPLIER_HAS_LOCATION,0.6,SYNTHETIC_DEMO
SUP00121,LOC00573,SUPPLIER_HAS_LOCATION,1,SYNTHETIC_DEMO
SUP00122,LOC00586,SUPPLIER_HAS_LOCATION,0.6,SYNTHETIC_DEMO
SUP00123,LOC00599,SUPPLIER_HAS_LOCATION,0.6,SYNTHETIC_DEMO
SUP00124,LOC00612,SUPPLIER_HAS_LOCATION,1,SYNTHETIC_DEMO
SUP00125,LOC00625,SUPPLIER_HAS_LOCATION,0.3,SYNTHETIC_DEMO
SUP00126,LOC00638,SUPPLIER_HAS_LOCATION,0.3,SYNTHETIC_DEMO
SUP00127,LOC00651,SUPPLIER_HAS_LOCATION,1,SYNTHETIC_DEMO
SUP00128,LOC00664,SUPPLIER_HAS_LOCATION,1,SYNTHETIC_DEMO
SUP00129,LOC00677,SUPPLIER_HAS_LOCATION,0.6,SYNTHETIC_DEMO
SUP00130,LOC00690,SUPPLIER_HAS_LOCATION,0.3,SYNTHETIC_DEMO
SUP00131,LOC00703,SUPPLIER_HAS_LOCATION,0.6,SYNTHETIC_DEMO
SUP00132,LOC00716,SUPPLIER_HAS_LOCATION,0.3,SYNTHETIC_DEMO
SUP00133,LOC00729,SUPPLIER_HAS_LOCATION,0.6,SYNTHETIC_DEMO
SUP00134,LOC00742,SUPPLIER_HAS_LOCATION,1,SYNTHETIC_DEMO
SUP00135,LOC00755,SUPPLIER_HAS_LOCATION,0.6,SYNTHETIC_DEMO
SUP00136,LOC00768,SUPPLIER_HAS_LOCATION,0.6,SYNTHETIC_DEMO
SUP00137,LOC00781,SUPPLIER_HAS_LOCATION,0.6,SYNTHETIC_DEMO
SUP00138,LOC00794,SUPPLIER_HAS_LOCATION,0.6,SYNTHETIC_DEMO
SUP00139,LOC00807,SUPPLIER_HAS_LOCATION,0.6,SYNTHETIC_DEMO
SUP00140,LOC00820,SUPPLIER_HAS_LOCATION,0.6,SYNTHETIC_DEMO
SUP00141,LOC00833,SUPPLIER_HAS_LOCATION,0.6,SYNTHETIC_DEMO
SUP00142,LOC00846,SUPPLIER_HAS_LOCATION,0.6,SYNTHETIC_DEMO
SUP00143,LOC00859,SUPPLIER_HAS_LOCATION,0.3,SYNTHETIC_DEMO
SUP00144,LOC00872,SUPPLIER_HAS_LOCATION,0.3,SYNTHETIC_DEMO
SUP00145,LOC00885,SUPPLIER_HAS_LOCATION,1,SYNTHETIC_DEMO
SUP00146,LOC00898,SUPPLIER_HAS_LOCATION,0.6,SYNTHETIC_DEMO
SUP00147,LOC00911,SUPPLIER_HAS_LOCATION,1,SYNTHETIC_DEMO
SUP00148,LOC00924,SUPPLIER_HAS_LOCATION,0.3,SYNTHETIC_DEMO
SUP00149,LOC00937,SUPPLIER_HAS_LOCATION,0.3,SYNTHETIC_DEMO
SUP00150,LOC00950,SUPPLIER_HAS_LOCATION,0.6,SYNTHETIC_DEMO
SUP00151,LOC00963,SUPPLIER_HAS_LOCATION,1,SYNTHETIC_DEMO
SUP00152,LOC00976,SUPPLIER_HAS_LOCATION,0.6,SYNTHETIC_DEMO
SUP00153,LOC00989,SUPPLIER_HAS_LOCATION,0.3,SYNTHETIC_DEMO
SUP00154,LOC00002,SUPPLIER_HAS_LOCATION,1,SYNTHETIC_DEMO
SUP00155,LOC00015,SUPPLIER_HAS_LOCATION,0.6,SYNTHETIC_DEMO
SUP00156,LOC00028,SUPPLIER_HAS_LOCATION,1,SYNTHETIC_DEMO
SUP00157,LOC00041,SUPPLIER_HAS_LOCATION,1,SYNTHETIC_DEMO
SUP00158,LOC00054,SUPPLIER_HAS_LOCATION,0.6,SYNTHETIC_DEMO
SUP00159,LOC00067,SUPPLIER_HAS_LOCATION,1,SYNTHETIC_DEMO
SUP00160,LOC00080,SUPPLIER_HAS_LOCATION,1,SYNTHETIC_DEMO
SUP00161,LOC00093,SUPPLIER_HAS_LOCATION,0.6,SYNTHETIC_DEMO
SUP00162,LOC00106,SUPPLIER_HAS_LOCATION,1,SYNTHETIC_DEMO
SUP00163,LOC00119,SUPPLIER_HAS_LOCATION,0.3,SYNTHETIC_DEMO
SUP00164,LOC00132,SUPPLIER_HAS_LOCATION,1,SYNTHETIC_DEMO
SUP00165,LOC00145,SUPPLIER_HAS_LOCATION,1,SYNTHETIC_DEMO
SUP00166,LOC00158,SUPPLIER_HAS_LOCATION,1,SYNTHETIC_DEMO
SUP00167,LOC00171,SUPPLIER_HAS_LOCATION,0.3,SYNTHETIC_DEMO
SUP00168,LOC00184,SUPPLIER_HAS_LOCATION,0.6,SYNTHETIC_DEMO
SUP00169,LOC00197,SUPPLIER_HAS_LOCATION,1,SYNTHETIC_DEMO
SUP00170,LOC00210,SUPPLIER_HAS_LOCATION,0.6,SYNTHETIC_DEMO
SUP00171,LOC00223,SUPPLIER_HAS_LOCATION,0.3,SYNTHETIC_DEMO
SUP00172,LOC00236,SUPPLIER_HAS_LOCATION,0.3,SYNTHETIC_DEMO
SUP00173,LOC00249,SUPPLIER_HAS_LOCATION,0.3,SYNTHETIC_DEMO
SUP00174,LOC00262,SUPPLIER_HAS_LOCATION,0.6,SYNTHETIC_DEMO
SUP00175,LOC00275,SUPPLIER_HAS_LOCATION,0.3,SYNTHETIC_DEMO
SUP00176,LOC00288,SUPPLIER_HAS_LOCATION,0.6,SYNTHETIC_DEMO
SUP00177,LOC00301,SUPPLIER_HAS_LOCATION,0.3,SYNTHETIC_DEMO
SUP00178,LOC00314,SUPPLIER_HAS_LOCATION,0.3,SYNTHETIC_DEMO
SUP00179,LOC00327,SUPPLIER_HAS_LOCATION,0.3,SYNTHETIC_DEMO
SUP00180,LOC00340,SUPPLIER_HAS_LOCATION,1,SYNTHETIC_DEMO
SUP00181,LOC00353,SUPPLIER_HAS_LOCATION,0.6,SYNTHETIC_DEMO
SUP00182,LOC00366,SUPPLIER_HAS_LOCATION,0.3,SYNTHETIC_DEMO
SUP00183,LOC00379,SUPPLIER_HAS_LOCATION,1,SYNTHETIC_DEMO
SUP00184,LOC00392,SUPPLIER_HAS_LOCATION,1,SYNTHETIC_DEMO
SUP00185,LOC00405,SUPPLIER_HAS_LOCATION,0.3,SYNTHETIC_DEMO
SUP00186,LOC00418,SUPPLIER_HAS_LOCATION,0.6,SYNTHETIC_DEMO
SUP00187,LOC00431,SUPPLIER_HAS_LOCATION,1,SYNTHETIC_DEMO
SUP00188,LOC00444,SUPPLIER_HAS_LOCATION,0.6,SYNTHETIC_DEMO
SUP00189,LOC00457,SUPPLIER_HAS_LOCATION,0.3,SYNTHETIC_DEMO
SUP00190,LOC00470,SUPPLIER_HAS_LOCATION,0.6,SYNTHETIC_DEMO
SUP00191,LOC00483,SUPPLIER_HAS_LOCATION,0.3,SYNTHETIC_DEMO
SUP00192,LOC00496,SUPPLIER_HAS_LOCATION,1,SYNTHETIC_DEMO
SUP00193,LOC00509,SUPPLIER_HAS_LOCATION,0.6,SYNTHETIC_DEMO
SUP00194,LOC00522,SUPPLIER_HAS_LOCATION,0.6,SYNTHETIC_DEMO
SUP00195,LOC00535,SUPPLIER_HAS_LOCATION,1,SYNTHETIC_DEMO
SUP00196,LOC00548,SUPPLIER_HAS_LOCATION,1,SYNTHETIC_DEMO
SUP00197,LOC00561,SUPPLIER_HAS_LOCATION,0.3,SYNTHETIC_DEMO
SUP00198,LOC00574,SUPPLIER_HAS_LOCATION,1,SYNTHETIC_DEMO
SUP00199,LOC00587,SUPPLIER_HAS_LOCATION,0.3,SYNTHETIC_DEMO
SUP00200,LOC00600,SUPPLIER_HAS_LOCATION,1,SYNTHETIC_DEMO
SUP00201,LOC00613,SUPPLIER_HAS_LOCATION,0.3,SYNTHETIC_DEMO
SUP00202,LOC00626,SUPPLIER_HAS_LOCATION,1,SYNTHETIC_DEMO
SUP00203,LOC00639,SUPPLIER_HAS_LOCATION,0.3,SYNTHETIC_DEMO
SUP00204,LOC00652,SUPPLIER_HAS_LOCATION,0.3,SYNTHETIC_DEMO
SUP00205,LOC00665,SUPPLIER_HAS_LOCATION,1,SYNTHETIC_DEMO
SUP00206,LOC00678,SUPPLIER_HAS_LOCATION,0.3,SYNTHETIC_DEMO
SUP00207,LOC00691,SUPPLIER_HAS_LOCATION,0.6,SYNTHETIC_DEMO
SUP00208,LOC00704,SUPPLIER_HAS_LOCATION,0.3,SYNTHETIC_DEMO
SUP00209,LOC00717,SUPPLIER_HAS_LOCATION,0.3,SYNTHETIC_DEMO
SUP00210,LOC00730,SUPPLIER_HAS_LOCATION,1,SYNTHETIC_DEMO
SUP00211,LOC00743,SUPPLIER_HAS_LOCATION,1,SYNTHETIC_DEMO
SUP00212,LOC00756,SUPPLIER_HAS_LOCATION,0.3,SYNTHETIC_DEMO
SUP00213,LOC00769,SUPPLIER_HAS_LOCATION,1,SYNTHETIC_DEMO
SUP00214,LOC00782,SUPPLIER_HAS_LOCATION,0.3,SYNTHETIC_DEMO
SUP00215,LOC00795,SUPPLIER_HAS_LOCATION,1,SYNTHETIC_DEMO
SUP00216,LOC00808,SUPPLIER_HAS_LOCATION,1,SYNTHETIC_DEMO
SUP00217,LOC00821,SUPPLIER_HAS_LOCATION,1,SYNTHETIC_DEMO
SUP00218,LOC00834,SUPPLIER_HAS_LOCATION,0.3,SYNTHETIC_DEMO
SUP00219,LOC00847,SUPPLIER_HAS_LOCATION,1,SYNTHETIC_DEMO
SUP00220,LOC00860,SUPPLIER_HAS_LOCATION,1,SYNTHETIC_DEMO
SUP00221,LOC00873,SUPPLIER_HAS_LOCATION,0.3,SYNTHETIC_DEMO
SUP00222,LOC00886,SUPPLIER_HAS_LOCATION,0.3,SYNTHETIC_DEMO
SUP00223,LOC00899,SUPPLIER_HAS_LOCATION,0.3,SYNTHETIC_DEMO
SUP00224,LOC00912,SUPPLIER_HAS_LOCATION,0.6,SYNTHETIC_DEMO
SUP00225,LOC00925,SUPPLIER_HAS_LOCATION,0.6,SYNTHETIC_DEMO
SUP00226,LOC00938,SUPPLIER_HAS_LOCATION,0.6,SYNTHETIC_DEMO
SUP00227,LOC00951,SUPPLIER_HAS_LOCATION,0.6,SYNTHETIC_DEMO
SUP00228,LOC00964,SUPPLIER_HAS_LOCATION,1,SYNTHETIC_DEMO
SUP00229,LOC00977,SUPPLIER_HAS_LOCATION,0.6,SYNTHETIC_DEMO
SUP00230,LOC00990,SUPPLIER_HAS_LOCATION,0.3,SYNTHETIC_DEMO
SUP00231,LOC00003,SUPPLIER_HAS_LOCATION,0.3,SYNTHETIC_DEMO
SUP00232,LOC00016,SUPPLIER_HAS_LOCATION,1,SYNTHETIC_DEMO
SUP00233,LOC00029,SUPPLIER_HAS_LOCATION,0.3,SYNTHETIC_DEMO
SUP00234,LOC00042,SUPPLIER_HAS_LOCATION,0.6,SYNTHETIC_DEMO
SUP00235,LOC00055,SUPPLIER_HAS_LOCATION,0.3,SYNTHETIC_DEMO
SUP00236,LOC00068,SUPPLIER_HAS_LOCATION,1,SYNTHETIC_DEMO
SUP00237,LOC00081,SUPPLIER_HAS_LOCATION,0.6,SYNTHETIC_DEMO
SUP00238,LOC00094,SUPPLIER_HAS_LOCATION,1,SYNTHETIC_DEMO
SUP00239,LOC00107,SUPPLIER_HAS_LOCATION,0.6,SYNTHETIC_DEMO
SUP00240,LOC00120,SUPPLIER_HAS_LOCATION,1,SYNTHETIC_DEMO
SUP00241,LOC00133,SUPPLIER_HAS_LOCATION,0.3,SYNTHETIC_DEMO
SUP00242,LOC00146,SUPPLIER_HAS_LOCATION,0.3,SYNTHETIC_DEMO
SUP00243,LOC00159,SUPPLIER_HAS_LOCATION,0.3,SYNTHETIC_DEMO
SUP00244,LOC00172,SUPPLIER_HAS_LOCATION,0.3,SYNTHETIC_DEMO
SUP00245,LOC00185,SUPPLIER_HAS_LOCATION,0.3,SYNTHETIC_DEMO
SUP00246,LOC00198,SUPPLIER_HAS_LOCATION,0.6,SYNTHETIC_DEMO
SUP00247,LOC00211,SUPPLIER_HAS_LOCATION,0.3,SYNTHETIC_DEMO
SUP00248,LOC00224,SUPPLIER_HAS_LOCATION,0.6,SYNTHETIC_DEMO
SUP00249,LOC00237,SUPPLIER_HAS_LOCATION,0.3,SYNTHETIC_DEMO
SUP00250,LOC00250,SUPPLIER_HAS_LOCATION,0.3,SYNTHETIC_DEMO
SUP00251,LOC00263,SUPPLIER_HAS_LOCATION,0.6,SYNTHETIC_DEMO
SUP00252,LOC00276,SUPPLIER_HAS_LOCATION,0.3,SYNTHETIC_DEMO
SUP00253,LOC00289,SUPPLIER_HAS_LOCATION,1,SYNTHETIC_DEMO
SUP00254,LOC00302,SUPPLIER_HAS_LOCATION,0.6,SYNTHETIC_DEMO
SUP00255,LOC00315,SUPPLIER_HAS_LOCATION,0.3,SYNTHETIC_DEMO
SUP00256,LOC00328,SUPPLIER_HAS_LOCATION,1,SYNTHETIC_DEMO
SUP00257,LOC00341,SUPPLIER_HAS_LOCATION,0.3,SYNTHETIC_DEMO
SUP00258,LOC00354,SUPPLIER_HAS_LOCATION,1,SYNTHETIC_DEMO
SUP00259,LOC00367,SUPPLIER_HAS_LOCATION,0.3,SYNTHETIC_DEMO
SUP00260,LOC00380,SUPPLIER_HAS_LOCATION,1,SYNTHETIC_DEMO
SUP00261,LOC00393,SUPPLIER_HAS_LOCATION,0.6,SYNTHETIC_DEMO
SUP00262,LOC00406,SUPPLIER_HAS_LOCATION,0.6,SYNTHETIC_DEMO
SUP00263,LOC00419,SUPPLIER_HAS_LOCATION,1,SYNTHETIC_DEMO
SUP00264,LOC00432,SUPPLIER_HAS_LOCATION,0.6,SYNTHETIC_DEMO
SUP00265,LOC00445,SUPPLIER_HAS_LOCATION,0.3,SYNTHETIC_DEMO
SUP00266,LOC00458,SUPPLIER_HAS_LOCATION,0.3,SYNTHETIC_DEMO
SUP00267,LOC00471,SUPPLIER_HAS_LOCATION,0.3,SYNTHETIC_DEMO
SUP00268,LOC00484,SUPPLIER_HAS_LOCATION,1,SYNTHETIC_DEMO
SUP00269,LOC00497,SUPPLIER_HAS_LOCATION,1,SYNTHETIC_DEMO
SUP00270,LOC00510,SUPPLIER_HAS_LOCATION,1,SYNTHETIC_DEMO
SUP00271,LOC00523,SUPPLIER_HAS_LOCATION,0.3,SYNTHETIC_DEMO
SUP00272,LOC00536,SUPPLIER_HAS_LOCATION,1,SYNTHETIC_DEMO
SUP00273,LOC00549,SUPPLIER_HAS_LOCATION,1,SYNTHETIC_DEMO
SUP00274,LOC00562,SUPPLIER_HAS_LOCATION,0.3,SYNTHETIC_DEMO
SUP00275,LOC00575,SUPPLIER_HAS_LOCATION,1,SYNTHETIC_DEMO
SUP00276,LOC00588,SUPPLIER_HAS_LOCATION,0.3,SYNTHETIC_DEMO
SUP00277,LOC00601,SUPPLIER_HAS_LOCATION,1,SYNTHETIC_DEMO
SUP00278,LOC00614,SUPPLIER_HAS_LOCATION,0.3,SYNTHETIC_DEMO
SUP00279,LOC00627,SUPPLIER_HAS_LOCATION,0.3,SYNTHETIC_DEMO
SUP00280,LOC00640,SUPPLIER_HAS_LOCATION,0.6,SYNTHETIC_DEMO
SUP00281,LOC00653,SUPPLIER_HAS_LOCATION,0.6,SYNTHETIC_DEMO
SUP00282,LOC00666,SUPPLIER_HAS_LOCATION,0.3,SYNTHETIC_DEMO
SUP00283,LOC00679,SUPPLIER_HAS_LOCATION,0.6,SYNTHETIC_DEMO
SUP00284,LOC00692,SUPPLIER_HAS_LOCATION,0.3,SYNTHETIC_DEMO
SUP00285,LOC00705,SUPPLIER_HAS_LOCATION,0.6,SYNTHETIC_DEMO
SUP00286,LOC00718,SUPPLIER_HAS_LOCATION,1,SYNTHETIC_DEMO
SUP00287,LOC00731,SUPPLIER_HAS_LOCATION,1,SYNTHETIC_DEMO
SUP00288,LOC00744,SUPPLIER_HAS_LOCATION,0.6,SYNTHETIC_DEMO
SUP00289,LOC00757,SUPPLIER_HAS_LOCATION,1,SYNTHETIC_DEMO
SUP00290,LOC00770,SUPPLIER_HAS_LOCATION,0.6,SYNTHETIC_DEMO
SUP00291,LOC00783,SUPPLIER_HAS_LOCATION,0.3,SYNTHETIC_DEMO
SUP00292,LOC00796,SUPPLIER_HAS_LOCATION,0.6,SYNTHETIC_DEMO
SUP00293,LOC00809,SUPPLIER_HAS_LOCATION,0.3,SYNTHETIC_DEMO
SUP00294,LOC00822,SUPPLIER_HAS_LOCATION,0.3,SYNTHETIC_DEMO
SUP00295,LOC00835,SUPPLIER_HAS_LOCATION,0.6,SYNTHETIC_DEMO
SUP00296,LOC00848,SUPPLIER_HAS_LOCATION,0.3,SYNTHETIC_DEMO
SUP00297,LOC00861,SUPPLIER_HAS_LOCATION,0.6,SYNTHETIC_DEMO
SUP00298,LOC00874,SUPPLIER_HAS_LOCATION,0.3,SYNTHETIC_DEMO
SUP00299,LOC00887,SUPPLIER_HAS_LOCATION,1,SYNTHETIC_DEMO
SUP00300,LOC00900,SUPPLIER_HAS_LOCATION,1,SYNTHETIC_DEMO
SUP00301,LOC00913,SUPPLIER_HAS_LOCATION,1,SYNTHETIC_DEMO
SUP00302,LOC00926,SUPPLIER_HAS_LOCATION,1,SYNTHETIC_DEMO
SUP00303,LOC00939,SUPPLIER_HAS_LOCATION,0.6,SYNTHETIC_DEMO
SUP00304,LOC00952,SUPPLIER_HAS_LOCATION,0.3,SYNTHETIC_DEMO
SUP00305,LOC00965,SUPPLIER_HAS_LOCATION,0.3,SYNTHETIC_DEMO
SUP00306,LOC00978,SUPPLIER_HAS_LOCATION,0.3,SYNTHETIC_DEMO
SUP00307,LOC00991,SUPPLIER_HAS_LOCATION,0.3,SYNTHETIC_DEMO
SUP00308,LOC00004,SUPPLIER_HAS_LOCATION,0.3,SYNTHETIC_DEMO
SUP00309,LOC00017,SUPPLIER_HAS_LOCATION,0.3,SYNTHETIC_DEMO
SUP00310,LOC00030,SUPPLIER_HAS_LOCATION,0.6,SYNTHETIC_DEMO
SUP00311,LOC00043,SUPPLIER_HAS_LOCATION,0.6,SYNTHETIC_DEMO
SUP00312,LOC00056,SUPPLIER_HAS_LOCATION,0.6,SYNTHETIC_DEMO
SUP00313,LOC00069,SUPPLIER_HAS_LOCATION,1,SYNTHETIC_DEMO
SUP00314,LOC00082,SUPPLIER_HAS_LOCATION,0.3,SYNTHETIC_DEMO
SUP00315,LOC00095,SUPPLIER_HAS_LOCATION,0.3,SYNTHETIC_DEMO
SUP00316,LOC00108,SUPPLIER_HAS_LOCATION,0.3,SYNTHETIC_DEMO
SUP00317,LOC00121,SUPPLIER_HAS_LOCATION,0.3,SYNTHETIC_DEMO
SUP00318,LOC00134,SUPPLIER_HAS_LOCATION,0.3,SYNTHETIC_DEMO
SUP00319,LOC00147,SUPPLIER_HAS_LOCATION,0.6,SYNTHETIC_DEMO
SUP00320,LOC00160,SUPPLIER_HAS_LOCATION,0.6,SYNTHETIC_DEMO
SUP00321,LOC00173,SUPPLIER_HAS_LOCATION,0.3,SYNTHETIC_DEMO
SUP00322,LOC00186,SUPPLIER_HAS_LOCATION,1,SYNTHETIC_DEMO
SUP00323,LOC00199,SUPPLIER_HAS_LOCATION,1,SYNTHETIC_DEMO
SUP00324,LOC00212,SUPPLIER_HAS_LOCATION,0.3,SYNTHETIC_DEMO
SUP00325,LOC00225,SUPPLIER_HAS_LOCATION,0.3,SYNTHETIC_DEMO
SUP00326,LOC00238,SUPPLIER_HAS_LOCATION,1,SYNTHETIC_DEMO
SUP00327,LOC00251,SUPPLIER_HAS_LOCATION,0.6,SYNTHETIC_DEMO
SUP00328,LOC00264,SUPPLIER_HAS_LOCATION,0.3,SYNTHETIC_DEMO
SUP00329,LOC00277,SUPPLIER_HAS_LOCATION,0.3,SYNTHETIC_DEMO
SUP00330,LOC00290,SUPPLIER_HAS_LOCATION,0.6,SYNTHETIC_DEMO
SUP00331,LOC00303,SUPPLIER_HAS_LOCATION,0.3,SYNTHETIC_DEMO
SUP00332,LOC00316,SUPPLIER_HAS_LOCATION,1,SYNTHETIC_DEMO
SUP00333,LOC00329,SUPPLIER_HAS_LOCATION,0.6,SYNTHETIC_DEMO
SUP00334,LOC00342,SUPPLIER_HAS_LOCATION,0.3,SYNTHETIC_DEMO
SUP00335,LOC00355,SUPPLIER_HAS_LOCATION,0.6,SYNTHETIC_DEMO
SUP00336,LOC00368,SUPPLIER_HAS_LOCATION,0.6,SYNTHETIC_DEMO
SUP00337,LOC00381,SUPPLIER_HAS_LOCATION,1,SYNTHETIC_DEMO
SUP00338,LOC00394,SUPPLIER_HAS_LOCATION,0.6,SYNTHETIC_DEMO
SUP00339,LOC00407,SUPPLIER_HAS_LOCATION,0.3,SYNTHETIC_DEMO
SUP00340,LOC00420,SUPPLIER_HAS_LOCATION,1,SYNTHETIC_DEMO
SUP00341,LOC00433,SUPPLIER_HAS_LOCATION,0.6,SYNTHETIC_DEMO
SUP00342,LOC00446,SUPPLIER_HAS_LOCATION,0.6,SYNTHETIC_DEMO
SUP00343,LOC00459,SUPPLIER_HAS_LOCATION,1,SYNTHETIC_DEMO
SUP00344,LOC00472,SUPPLIER_HAS_LOCATION,1,SYNTHETIC_DEMO
SUP00345,LOC00485,SUPPLIER_HAS_LOCATION,1,SYNTHETIC_DEMO
SUP00346,LOC00498,SUPPLIER_HAS_LOCATION,0.3,SYNTHETIC_DEMO
SUP00347,LOC00511,SUPPLIER_HAS_LOCATION,0.3,SYNTHETIC_DEMO
SUP00348,LOC00524,SUPPLIER_HAS_LOCATION,0.6,SYNTHETIC_DEMO
SUP00349,LOC00537,SUPPLIER_HAS_LOCATION,0.3,SYNTHETIC_DEMO
SUP00350,LOC00550,SUPPLIER_HAS_LOCATION,0.6,SYNTHETIC_DEMO
SUP00351,LOC00563,SUPPLIER_HAS_LOCATION,1,SYNTHETIC_DEMO
SUP00352,LOC00576,SUPPLIER_HAS_LOCATION,0.6,SYNTHETIC_DEMO
SUP00353,LOC00589,SUPPLIER_HAS_LOCATION,0.6,SYNTHETIC_DEMO
SUP00354,LOC00602,SUPPLIER_HAS_LOCATION,0.6,SYNTHETIC_DEMO
SUP00355,LOC00615,SUPPLIER_HAS_LOCATION,1,SYNTHETIC_DEMO
SUP00356,LOC00628,SUPPLIER_HAS_LOCATION,0.6,SYNTHETIC_DEMO
SUP00357,LOC00641,SUPPLIER_HAS_LOCATION,0.6,SYNTHETIC_DEMO
SUP00358,LOC00654,SUPPLIER_HAS_LOCATION,1,SYNTHETIC_DEMO
SUP00359,LOC00667,SUPPLIER_HAS_LOCATION,0.3,SYNTHETIC_DEMO
SUP00360,LOC00680,SUPPLIER_HAS_LOCATION,0.3,SYNTHETIC_DEMO
SUP00361,LOC00693,SUPPLIER_HAS_LOCATION,0.3,SYNTHETIC_DEMO
SUP00362,LOC00706,SUPPLIER_HAS_LOCATION,0.6,SYNTHETIC_DEMO
SUP00363,LOC00719,SUPPLIER_HAS_LOCATION,0.6,SYNTHETIC_DEMO
SUP00364,LOC00732,SUPPLIER_HAS_LOCATION,0.6,SYNTHETIC_DEMO
SUP00365,LOC00745,SUPPLIER_HAS_LOCATION,0.6,SYNTHETIC_DEMO
SUP00366,LOC00758,SUPPLIER_HAS_LOCATION,1,SYNTHETIC_DEMO
SUP00367,LOC00771,SUPPLIER_HAS_LOCATION,0.3,SYNTHETIC_DEMO
SUP00368,LOC00784,SUPPLIER_HAS_LOCATION,0.6,SYNTHETIC_DEMO
SUP00369,LOC00797,SUPPLIER_HAS_LOCATION,1,SYNTHETIC_DEMO
SUP00370,LOC00810,SUPPLIER_HAS_LOCATION,0.6,SYNTHETIC_DEMO
SUP00371,LOC00823,SUPPLIER_HAS_LOCATION,0.3,SYNTHETIC_DEMO
SUP00372,LOC00836,SUPPLIER_HAS_LOCATION,1,SYNTHETIC_DEMO
SUP00373,LOC00849,SUPPLIER_HAS_LOCATION,0.6,SYNTHETIC_DEMO
SUP00374,LOC00862,SUPPLIER_HAS_LOCATION,0.6,SYNTHETIC_DEMO
SUP00375,LOC00875,SUPPLIER_HAS_LOCATION,0.3,SYNTHETIC_DEMO
SUP00376,LOC00888,SUPPLIER_HAS_LOCATION,0.6,SYNTHETIC_DEMO
SUP00377,LOC00901,SUPPLIER_HAS_LOCATION,0.3,SYNTHETIC_DEMO
SUP00378,LOC00914,SUPPLIER_HAS_LOCATION,1,SYNTHETIC_DEMO
SUP00379,LOC00927,SUPPLIER_HAS_LOCATION,0.6,SYNTHETIC_DEMO
SUP00380,LOC00940,SUPPLIER_HAS_LOCATION,0.3,SYNTHETIC_DEMO
SUP00381,LOC00953,SUPPLIER_HAS_LOCATION,1,SYNTHETIC_DEMO
SUP00382,LOC00966,SUPPLIER_HAS_LOCATION,1,SYNTHETIC_DEMO
SUP00383,LOC00979,SUPPLIER_HAS_LOCATION,0.6,SYNTHETIC_DEMO
SUP00384,LOC00992,SUPPLIER_HAS_LOCATION,1,SYNTHETIC_DEMO
SUP00385,LOC00005,SUPPLIER_HAS_LOCATION,0.3,SYNTHETIC_DEMO
SUP00386,LOC00018,SUPPLIER_HAS_LOCATION,0.6,SYNTHETIC_DEMO
SUP00387,LOC00031,SUPPLIER_HAS_LOCATION,1,SYNTHETIC_DEMO
SUP00388,LOC00044,SUPPLIER_HAS_LOCATION,0.3,SYNTHETIC_DEMO
SUP00389,LOC00057,SUPPLIER_HAS_LOCATION,1,SYNTHETIC_DEMO
SUP00390,LOC00070,SUPPLIER_HAS_LOCATION,1,SYNTHETIC_DEMO
SUP00391,LOC00083,SUPPLIER_HAS_LOCATION,1,SYNTHETIC_DEMO
SUP00392,LOC00096,SUPPLIER_HAS_LOCATION,0.3,SYNTHETIC_DEMO
SUP00393,LOC00109,SUPPLIER_HAS_LOCATION,1,SYNTHETIC_DEMO
SUP00394,LOC00122,SUPPLIER_HAS_LOCATION,0.6,SYNTHETIC_DEMO
SUP00395,LOC00135,SUPPLIER_HAS_LOCATION,0.3,SYNTHETIC_DEMO
SUP00396,LOC00148,SUPPLIER_HAS_LOCATION,1,SYNTHETIC_DEMO
SUP00397,LOC00161,SUPPLIER_HAS_LOCATION,0.3,SYNTHETIC_DEMO
SUP00398,LOC00174,SUPPLIER_HAS_LOCATION,1,SYNTHETIC_DEMO
SUP00399,LOC00187,SUPPLIER_HAS_LOCATION,0.3,SYNTHETIC_DEMO
SUP00400,LOC00200,SUPPLIER_HAS_LOCATION,0.3,SYNTHETIC_DEMO
SUP00401,LOC00213,SUPPLIER_HAS_LOCATION,1,SYNTHETIC_DEMO
SUP00402,LOC00226,SUPPLIER_HAS_LOCATION,1,SYNTHETIC_DEMO
SUP00403,LOC00239,SUPPLIER_HAS_LOCATION,0.3,SYNTHETIC_DEMO
SUP00404,LOC00252,SUPPLIER_HAS_LOCATION,0.3,SYNTHETIC_DEMO
SUP00405,LOC00265,SUPPLIER_HAS_LOCATION,0.3,SYNTHETIC_DEMO
SUP00406,LOC00278,SUPPLIER_HAS_LOCATION,0.6,SYNTHETIC_DEMO
SUP00407,LOC00291,SUPPLIER_HAS_LOCATION,0.6,SYNTHETIC_DEMO
SUP00408,LOC00304,SUPPLIER_HAS_LOCATION,0.3,SYNTHETIC_DEMO
SUP00409,LOC00317,SUPPLIER_HAS_LOCATION,0.6,SYNTHETIC_DEMO
SUP00410,LOC00330,SUPPLIER_HAS_LOCATION,1,SYNTHETIC_DEMO
SUP00411,LOC00343,SUPPLIER_HAS_LOCATION,0.3,SYNTHETIC_DEMO
SUP00412,LOC00356,SUPPLIER_HAS_LOCATION,0.3,SYNTHETIC_DEMO
SUP00413,LOC00369,SUPPLIER_HAS_LOCATION,0.6,SYNTHETIC_DEMO
SUP00414,LOC00382,SUPPLIER_HAS_LOCATION,0.6,SYNTHETIC_DEMO
SUP00415,LOC00395,SUPPLIER_HAS_LOCATION,0.3,SYNTHETIC_DEMO
SUP00416,LOC00408,SUPPLIER_HAS_LOCATION,0.6,SYNTHETIC_DEMO
SUP00417,LOC00421,SUPPLIER_HAS_LOCATION,1,SYNTHETIC_DEMO
SUP00418,LOC00434,SUPPLIER_HAS_LOCATION,0.6,SYNTHETIC_DEMO
SUP00419,LOC00447,SUPPLIER_HAS_LOCATION,1,SYNTHETIC_DEMO
SUP00420,LOC00460,SUPPLIER_HAS_LOCATION,1,SYNTHETIC_DEMO
SUP00421,LOC00473,SUPPLIER_HAS_LOCATION,0.3,SYNTHETIC_DEMO
SUP00422,LOC00486,SUPPLIER_HAS_LOCATION,0.6,SYNTHETIC_DEMO
SUP00423,LOC00499,SUPPLIER_HAS_LOCATION,1,SYNTHETIC_DEMO
SUP00424,LOC00512,SUPPLIER_HAS_LOCATION,0.3,SYNTHETIC_DEMO
SUP00425,LOC00525,SUPPLIER_HAS_LOCATION,0.3,SYNTHETIC_DEMO
SUP00426,LOC00538,SUPPLIER_HAS_LOCATION,0.6,SYNTHETIC_DEMO
SUP00427,LOC00551,SUPPLIER_HAS_LOCATION,1,SYNTHETIC_DEMO
SUP00428,LOC00564,SUPPLIER_HAS_LOCATION,0.6,SYNTHETIC_DEMO
SUP00429,LOC00577,SUPPLIER_HAS_LOCATION,0.6,SYNTHETIC_DEMO
SUP00430,LOC00590,SUPPLIER_HAS_LOCATION,0.3,SYNTHETIC_DEMO
SUP00431,LOC00603,SUPPLIER_HAS_LOCATION,0.6,SYNTHETIC_DEMO
SUP00432,LOC00616,SUPPLIER_HAS_LOCATION,1,SYNTHETIC_DEMO
SUP00433,LOC00629,SUPPLIER_HAS_LOCATION,0.3,SYNTHETIC_DEMO
SUP00434,LOC00642,SUPPLIER_HAS_LOCATION,1,SYNTHETIC_DEMO
SUP00435,LOC00655,SUPPLIER_HAS_LOCATION,0.6,SYNTHETIC_DEMO
SUP00436,LOC00668,SUPPLIER_HAS_LOCATION,0.3,SYNTHETIC_DEMO
SUP00437,LOC00681,SUPPLIER_HAS_LOCATION,0.6,SYNTHETIC_DEMO
SUP00438,LOC00694,SUPPLIER_HAS_LOCATION,1,SYNTHETIC_DEMO
SUP00439,LOC00707,SUPPLIER_HAS_LOCATION,0.3,SYNTHETIC_DEMO
SUP00440,LOC00720,SUPPLIER_HAS_LOCATION,0.6,SYNTHETIC_DEMO
SUP00441,LOC00733,SUPPLIER_HAS_LOCATION,0.6,SYNTHETIC_DEMO
SUP00442,LOC00746,SUPPLIER_HAS_LOCATION,1,SYNTHETIC_DEMO
SUP00443,LOC00759,SUPPLIER_HAS_LOCATION,0.6,SYNTHETIC_DEMO
SUP00444,LOC00772,SUPPLIER_HAS_LOCATION,0.3,SYNTHETIC_DEMO
SUP00445,LOC00785,SUPPLIER_HAS_LOCATION,1,SYNTHETIC_DEMO
SUP00446,LOC00798,SUPPLIER_HAS_LOCATION,0.3,SYNTHETIC_DEMO
SUP00447,LOC00811,SUPPLIER_HAS_LOCATION,1,SYNTHETIC_DEMO
SUP00448,LOC00824,SUPPLIER_HAS_LOCATION,1,SYNTHETIC_DEMO
SUP00449,LOC00837,SUPPLIER_HAS_LOCATION,0.6,SYNTHETIC_DEMO
SUP00450,LOC00850,SUPPLIER_HAS_LOCATION,0.3,SYNTHETIC_DEMO
SUP00451,LOC00863,SUPPLIER_HAS_LOCATION,0.6,SYNTHETIC_DEMO
SUP00452,LOC00876,SUPPLIER_HAS_LOCATION,1,SYNTHETIC_DEMO
SUP00453,LOC00889,SUPPLIER_HAS_LOCATION,0.3,SYNTHETIC_DEMO
SUP00454,LOC00902,SUPPLIER_HAS_LOCATION,0.6,SYNTHETIC_DEMO
SUP00455,LOC00915,SUPPLIER_HAS_LOCATION,0.6,SYNTHETIC_DEMO
SUP00456,LOC00928,SUPPLIER_HAS_LOCATION,0.6,SYNTHETIC_DEMO
SUP00457,LOC00941,SUPPLIER_HAS_LOCATION,0.3,SYNTHETIC_DEMO
SUP00458,LOC00954,SUPPLIER_HAS_LOCATION,0.3,SYNTHETIC_DEMO
SUP00459,LOC00967,SUPPLIER_HAS_LOCATION,0.3,SYNTHETIC_DEMO
SUP00460,LOC00980,SUPPLIER_HAS_LOCATION,0.3,SYNTHETIC_DEMO
SUP00461,LOC00993,SUPPLIER_HAS_LOCATION,0.3,SYNTHETIC_DEMO
SUP00462,LOC00006,SUPPLIER_HAS_LOCATION,0.3,SYNTHETIC_DEMO
SUP00463,LOC00019,SUPPLIER_HAS_LOCATION,1,SYNTHETIC_DEMO
SUP00464,LOC00032,SUPPLIER_HAS_LOCATION,0.6,SYNTHETIC_DEMO
SUP00465,LOC00045,SUPPLIER_HAS_LOCATION,0.3,SYNTHETIC_DEMO
SUP00466,LOC00058,SUPPLIER_HAS_LOCATION,0.6,SYNTHETIC_DEMO
SUP00467,LOC00071,SUPPLIER_HAS_LOCATION,0.3,SYNTHETIC_DEMO
SUP00468,LOC00084,SUPPLIER_HAS_LOCATION,0.6,SYNTHETIC_DEMO
SUP00469,LOC00097,SUPPLIER_HAS_LOCATION,0.6,SYNTHETIC_DEMO
SUP00470,LOC00110,SUPPLIER_HAS_LOCATION,1,SYNTHETIC_DEMO
SUP00471,LOC00123,SUPPLIER_HAS_LOCATION,0.6,SYNTHETIC_DEMO
SUP00472,LOC00136,SUPPLIER_HAS_LOCATION,1,SYNTHETIC_DEMO
SUP00473,LOC00149,SUPPLIER_HAS_LOCATION,1,SYNTHETIC_DEMO
SUP00474,LOC00162,SUPPLIER_HAS_LOCATION,1,SYNTHETIC_DEMO
SUP00475,LOC00175,SUPPLIER_HAS_LOCATION,1,SYNTHETIC_DEMO
SUP00476,LOC00188,SUPPLIER_HAS_LOCATION,0.3,SYNTHETIC_DEMO
SUP00477,LOC00201,SUPPLIER_HAS_LOCATION,1,SYNTHETIC_DEMO
SUP00478,LOC00214,SUPPLIER_HAS_LOCATION,0.6,SYNTHETIC_DEMO
SUP00479,LOC00227,SUPPLIER_HAS_LOCATION,1,SYNTHETIC_DEMO
SUP00480,LOC00240,SUPPLIER_HAS_LOCATION,1,SYNTHETIC_DEMO
SUP00481,LOC00253,SUPPLIER_HAS_LOCATION,1,SYNTHETIC_DEMO
SUP00482,LOC00266,SUPPLIER_HAS_LOCATION,0.6,SYNTHETIC_DEMO
SUP00483,LOC00279,SUPPLIER_HAS_LOCATION,1,SYNTHETIC_DEMO
SUP00484,LOC00292,SUPPLIER_HAS_LOCATION,1,SYNTHETIC_DEMO
SUP00485,LOC00305,SUPPLIER_HAS_LOCATION,0.6,SYNTHETIC_DEMO
SUP00486,LOC00318,SUPPLIER_HAS_LOCATION,0.3,SYNTHETIC_DEMO
SUP00487,LOC00331,SUPPLIER_HAS_LOCATION,0.3,SYNTHETIC_DEMO
SUP00488,LOC00344,SUPPLIER_HAS_LOCATION,0.6,SYNTHETIC_DEMO
SUP00489,LOC00357,SUPPLIER_HAS_LOCATION,0.6,SYNTHETIC_DEMO
SUP00490,LOC00370,SUPPLIER_HAS_LOCATION,0.3,SYNTHETIC_DEMO
SUP00491,LOC00383,SUPPLIER_HAS_LOCATION,0.6,SYNTHETIC_DEMO
SUP00492,LOC00396,SUPPLIER_HAS_LOCATION,0.3,SYNTHETIC_DEMO
SUP00493,LOC00409,SUPPLIER_HAS_LOCATION,0.3,SYNTHETIC_DEMO
SUP00494,LOC00422,SUPPLIER_HAS_LOCATION,0.3,SYNTHETIC_DEMO
SUP00495,LOC00435,SUPPLIER_HAS_LOCATION,1,SYNTHETIC_DEMO
SUP00496,LOC00448,SUPPLIER_HAS_LOCATION,1,SYNTHETIC_DEMO
SUP00497,LOC00461,SUPPLIER_HAS_LOCATION,0.6,SYNTHETIC_DEMO
SUP00498,LOC00474,SUPPLIER_HAS_LOCATION,0.3,SYNTHETIC_DEMO
SUP00499,LOC00487,SUPPLIER_HAS_LOCATION,1,SYNTHETIC_DEMO
SUP00500,LOC00500,SUPPLIER_HAS_LOCATION,1,SYNTHETIC_DEMO
SUP00501,LOC00513,SUPPLIER_HAS_LOCATION,0.6,SYNTHETIC_DEMO
SUP00502,LOC00526,SUPPLIER_HAS_LOCATION,0.6,SYNTHETIC_DEMO
SUP00503,LOC00539,SUPPLIER_HAS_LOCATION,1,SYNTHETIC_DEMO
SUP00504,LOC00552,SUPPLIER_HAS_LOCATION,0.6,SYNTHETIC_DEMO
SUP00505,LOC00565,SUPPLIER_HAS_LOCATION,0.3,SYNTHETIC_DEMO
SUP00506,LOC00578,SUPPLIER_HAS_LOCATION,0.3,SYNTHETIC_DEMO
SUP00507,LOC00591,SUPPLIER_HAS_LOCATION,1,SYNTHETIC_DEMO
SUP00508,LOC00604,SUPPLIER_HAS_LOCATION,0.6,SYNTHETIC_DEMO
SUP00509,LOC00617,SUPPLIER_HAS_LOCATION,0.3,SYNTHETIC_DEMO
SUP00510,LOC00630,SUPPLIER_HAS_LOCATION,1,SYNTHETIC_DEMO
SUP00511,LOC00643,SUPPLIER_HAS_LOCATION,1,SYNTHETIC_DEMO
SUP00512,LOC00656,SUPPLIER_HAS_LOCATION,0.6,SYNTHETIC_DEMO
SUP00513,LOC00669,SUPPLIER_HAS_LOCATION,1,SYNTHETIC_DEMO
SUP00514,LOC00682,SUPPLIER_HAS_LOCATION,1,SYNTHETIC_DEMO
SUP00515,LOC00695,SUPPLIER_HAS_LOCATION,0.3,SYNTHETIC_DEMO
SUP00516,LOC00708,SUPPLIER_HAS_LOCATION,1,SYNTHETIC_DEMO
SUP00517,LOC00721,SUPPLIER_HAS_LOCATION,0.6,SYNTHETIC_DEMO
SUP00518,LOC00734,SUPPLIER_HAS_LOCATION,0.6,SYNTHETIC_DEMO
SUP00519,LOC00747,SUPPLIER_HAS_LOCATION,0.6,SYNTHETIC_DEMO
SUP00520,LOC00760,SUPPLIER_HAS_LOCATION,0.6,SYNTHETIC_DEMO
SUP00521,LOC00773,SUPPLIER_HAS_LOCATION,1,SYNTHETIC_DEMO
SUP00522,LOC00786,SUPPLIER_HAS_LOCATION,0.6,SYNTHETIC_DEMO
SUP00523,LOC00799,SUPPLIER_HAS_LOCATION,0.6,SYNTHETIC_DEMO
SUP00524,LOC00812,SUPPLIER_HAS_LOCATION,0.3,SYNTHETIC_DEMO
SUP00525,LOC00825,SUPPLIER_HAS_LOCATION,0.6,SYNTHETIC_DEMO
SUP00526,LOC00838,SUPPLIER_HAS_LOCATION,1,SYNTHETIC_DEMO
SUP00527,LOC00851,SUPPLIER_HAS_LOCATION,0.3,SYNTHETIC_DEMO
SUP00528,LOC00864,SUPPLIER_HAS_LOCATION,0.3,SYNTHETIC_DEMO
SUP00529,LOC00877,SUPPLIER_HAS_LOCATION,1,SYNTHETIC_DEMO
SUP00530,LOC00890,SUPPLIER_HAS_LOCATION,0.6,SYNTHETIC_DEMO
SUP00531,LOC00903,SUPPLIER_HAS_LOCATION,0.6,SYNTHETIC_DEMO
SUP00532,LOC00916,SUPPLIER_HAS_LOCATION,0.6,SYNTHETIC_DEMO
SUP00533,LOC00929,SUPPLIER_HAS_LOCATION,0.3,SYNTHETIC_DEMO
SUP00534,LOC00942,SUPPLIER_HAS_LOCATION,0.3,SYNTHETIC_DEMO
SUP00535,LOC00955,SUPPLIER_HAS_LOCATION,0.3,SYNTHETIC_DEMO
SUP00536,LOC00968,SUPPLIER_HAS_LOCATION,0.6,SYNTHETIC_DEMO
SUP00537,LOC00981,SUPPLIER_HAS_LOCATION,0.6,SYNTHETIC_DEMO
SUP00538,LOC00994,SUPPLIER_HAS_LOCATION,0.3,SYNTHETIC_DEMO
SUP00539,LOC00007,SUPPLIER_HAS_LOCATION,0.3,SYNTHETIC_DEMO
SUP00540,LOC00020,SUPPLIER_HAS_LOCATION,1,SYNTHETIC_DEMO
SUP00541,LOC00033,SUPPLIER_HAS_LOCATION,1,SYNTHETIC_DEMO
SUP00542,LOC00046,SUPPLIER_HAS_LOCATION,0.6,SYNTHETIC_DEMO
SUP00543,LOC00059,SUPPLIER_HAS_LOCATION,0.6,SYNTHETIC_DEMO
SUP00544,LOC00072,SUPPLIER_HAS_LOCATION,0.3,SYNTHETIC_DEMO
SUP00545,LOC00085,SUPPLIER_HAS_LOCATION,1,SYNTHETIC_DEMO
SUP00546,LOC00098,SUPPLIER_HAS_LOCATION,0.6,SYNTHETIC_DEMO
SUP00547,LOC00111,SUPPLIER_HAS_LOCATION,0.3,SYNTHETIC_DEMO
SUP00548,LOC00124,SUPPLIER_HAS_LOCATION,0.6,SYNTHETIC_DEMO
SUP00549,LOC00137,SUPPLIER_HAS_LOCATION,0.6,SYNTHETIC_DEMO
SUP00550,LOC00150,SUPPLIER_HAS_LOCATION,1,SYNTHETIC_DEMO
SUP00551,LOC00163,SUPPLIER_HAS_LOCATION,1,SYNTHETIC_DEMO
SUP00552,LOC00176,SUPPLIER_HAS_LOCATION,1,SYNTHETIC_DEMO
SUP00553,LOC00189,SUPPLIER_HAS_LOCATION,0.3,SYNTHETIC_DEMO
SUP00554,LOC00202,SUPPLIER_HAS_LOCATION,1,SYNTHETIC_DEMO
SUP00555,LOC00215,SUPPLIER_HAS_LOCATION,1,SYNTHETIC_DEMO
SUP00556,LOC00228,SUPPLIER_HAS_LOCATION,1,SYNTHETIC_DEMO
SUP00557,LOC00241,SUPPLIER_HAS_LOCATION,0.3,SYNTHETIC_DEMO
SUP00558,LOC00254,SUPPLIER_HAS_LOCATION,0.3,SYNTHETIC_DEMO
SUP00559,LOC00267,SUPPLIER_HAS_LOCATION,0.6,SYNTHETIC_DEMO
SUP00560,LOC00280,SUPPLIER_HAS_LOCATION,0.3,SYNTHETIC_DEMO
SUP00561,LOC00293,SUPPLIER_HAS_LOCATION,1,SYNTHETIC_DEMO
SUP00562,LOC00306,SUPPLIER_HAS_LOCATION,0.6,SYNTHETIC_DEMO
SUP00563,LOC00319,SUPPLIER_HAS_LOCATION,1,SYNTHETIC_DEMO
SUP00564,LOC00332,SUPPLIER_HAS_LOCATION,1,SYNTHETIC_DEMO
SUP00565,LOC00345,SUPPLIER_HAS_LOCATION,0.6,SYNTHETIC_DEMO
SUP00566,LOC00358,SUPPLIER_HAS_LOCATION,0.6,SYNTHETIC_DEMO
SUP00567,LOC00371,SUPPLIER_HAS_LOCATION,0.6,SYNTHETIC_DEMO
SUP00568,LOC00384,SUPPLIER_HAS_LOCATION,0.6,SYNTHETIC_DEMO
SUP00569,LOC00397,SUPPLIER_HAS_LOCATION,0.3,SYNTHETIC_DEMO
SUP00570,LOC00410,SUPPLIER_HAS_LOCATION,0.3,SYNTHETIC_DEMO
SUP00571,LOC00423,SUPPLIER_HAS_LOCATION,0.3,SYNTHETIC_DEMO
SUP00572,LOC00436,SUPPLIER_HAS_LOCATION,0.6,SYNTHETIC_DEMO
SUP00573,LOC00449,SUPPLIER_HAS_LOCATION,0.3,SYNTHETIC_DEMO
SUP00574,LOC00462,SUPPLIER_HAS_LOCATION,0.3,SYNTHETIC_DEMO
SUP00575,LOC00475,SUPPLIER_HAS_LOCATION,0.3,SYNTHETIC_DEMO
SUP00576,LOC00488,SUPPLIER_HAS_LOCATION,1,SYNTHETIC_DEMO
SUP00577,LOC00501,SUPPLIER_HAS_LOCATION,1,SYNTHETIC_DEMO
SUP00578,LOC00514,SUPPLIER_HAS_LOCATION,0.3,SYNTHETIC_DEMO
SUP00579,LOC00527,SUPPLIER_HAS_LOCATION,1,SYNTHETIC_DEMO
SUP00580,LOC00540,SUPPLIER_HAS_LOCATION,0.6,SYNTHETIC_DEMO
SUP00581,LOC00553,SUPPLIER_HAS_LOCATION,0.6,SYNTHETIC_DEMO
SUP00582,LOC00566,SUPPLIER_HAS_LOCATION,0.3,SYNTHETIC_DEMO
SUP00583,LOC00579,SUPPLIER_HAS_LOCATION,0.3,SYNTHETIC_DEMO
SUP00584,LOC00592,SUPPLIER_HAS_LOCATION,1,SYNTHETIC_DEMO
SUP00585,LOC00605,SUPPLIER_HAS_LOCATION,0.6,SYNTHETIC_DEMO
SUP00586,LOC00618,SUPPLIER_HAS_LOCATION,0.6,SYNTHETIC_DEMO
SUP00587,LOC00631,SUPPLIER_HAS_LOCATION,0.3,SYNTHETIC_DEMO
SUP00588,LOC00644,SUPPLIER_HAS_LOCATION,1,SYNTHETIC_DEMO
SUP00589,LOC00657,SUPPLIER_HAS_LOCATION,1,SYNTHETIC_DEMO
SUP00590,LOC00670,SUPPLIER_HAS_LOCATION,1,SYNTHETIC_DEMO
SUP00591,LOC00683,SUPPLIER_HAS_LOCATION,1,SYNTHETIC_DEMO
SUP00592,LOC00696,SUPPLIER_HAS_LOCATION,0.3,SYNTHETIC_DEMO
SUP00593,LOC00709,SUPPLIER_HAS_LOCATION,0.6,SYNTHETIC_DEMO
SUP00594,LOC00722,SUPPLIER_HAS_LOCATION,0.6,SYNTHETIC_DEMO
SUP00595,LOC00735,SUPPLIER_HAS_LOCATION,1,SYNTHETIC_DEMO
SUP00596,LOC00748,SUPPLIER_HAS_LOCATION,0.6,SYNTHETIC_DEMO
SUP00597,LOC00761,SUPPLIER_HAS_LOCATION,0.6,SYNTHETIC_DEMO
SUP00598,LOC00774,SUPPLIER_HAS_LOCATION,0.3,SYNTHETIC_DEMO
SUP00599,LOC00787,SUPPLIER_HAS_LOCATION,0.3,SYNTHETIC_DEMO
SUP00600,LOC00800,SUPPLIER_HAS_LOCATION,1,SYNTHETIC_DEMO
SUP00601,LOC00813,SUPPLIER_HAS_LOCATION,0.6,SYNTHETIC_DEMO
SUP00602,LOC00826,SUPPLIER_HAS_LOCATION,1,SYNTHETIC_DEMO
SUP00603,LOC00839,SUPPLIER_HAS_LOCATION,1,SYNTHETIC_DEMO
SUP00604,LOC00852,SUPPLIER_HAS_LOCATION,0.3,SYNTHETIC_DEMO
SUP00605,LOC00865,SUPPLIER_HAS_LOCATION,0.6,SYNTHETIC_DEMO
SUP00606,LOC00878,SUPPLIER_HAS_LOCATION,0.6,SYNTHETIC_DEMO
SUP00607,LOC00891,SUPPLIER_HAS_LOCATION,0.6,SYNTHETIC_DEMO
SUP00608,LOC00904,SUPPLIER_HAS_LOCATION,0.3,SYNTHETIC_DEMO
SUP00609,LOC00917,SUPPLIER_HAS_LOCATION,0.6,SYNTHETIC_DEMO
SUP00610,LOC00930,SUPPLIER_HAS_LOCATION,1,SYNTHETIC_DEMO
SUP00611,LOC00943,SUPPLIER_HAS_LOCATION,0.3,SYNTHETIC_DEMO
SUP00612,LOC00956,SUPPLIER_HAS_LOCATION,0.3,SYNTHETIC_DEMO
SUP00613,LOC00969,SUPPLIER_HAS_LOCATION,1,SYNTHETIC_DEMO
SUP00614,LOC00982,SUPPLIER_HAS_LOCATION,1,SYNTHETIC_DEMO
SUP00615,LOC00995,SUPPLIER_HAS_LOCATION,0.6,SYNTHETIC_DEMO
SUP00616,LOC00008,SUPPLIER_HAS_LOCATION,1,SYNTHETIC_DEMO
SUP00617,LOC00021,SUPPLIER_HAS_LOCATION,0.3,SYNTHETIC_DEMO
SUP00618,LOC00034,SUPPLIER_HAS_LOCATION,0.6,SYNTHETIC_DEMO
SUP00619,LOC00047,SUPPLIER_HAS_LOCATION,0.3,SYNTHETIC_DEMO
SUP00620,LOC00060,SUPPLIER_HAS_LOCATION,1,SYNTHETIC_DEMO
SUP00621,LOC00073,SUPPLIER_HAS_LOCATION,0.3,SYNTHETIC_DEMO
SUP00622,LOC00086,SUPPLIER_HAS_LOCATION,0.3,SYNTHETIC_DEMO
SUP00623,LOC00099,SUPPLIER_HAS_LOCATION,1,SYNTHETIC_DEMO
SUP00624,LOC00112,SUPPLIER_HAS_LOCATION,1,SYNTHETIC_DEMO
SUP00625,LOC00125,SUPPLIER_HAS_LOCATION,0.6,SYNTHETIC_DEMO
SUP00626,LOC00138,SUPPLIER_HAS_LOCATION,1,SYNTHETIC_DEMO
SUP00627,LOC00151,SUPPLIER_HAS_LOCATION,0.3,SYNTHETIC_DEMO
SUP00628,LOC00164,SUPPLIER_HAS_LOCATION,0.6,SYNTHETIC_DEMO
SUP00629,LOC00177,SUPPLIER_HAS_LOCATION,1,SYNTHETIC_DEMO
SUP00630,LOC00190,SUPPLIER_HAS_LOCATION,1,SYNTHETIC_DEMO
SUP00631,LOC00203,SUPPLIER_HAS_LOCATION,0.6,SYNTHETIC_DEMO
SUP00632,LOC00216,SUPPLIER_HAS_LOCATION,0.6,SYNTHETIC_DEMO
SUP00633,LOC00229,SUPPLIER_HAS_LOCATION,0.3,SYNTHETIC_DEMO
SUP00634,LOC00242,SUPPLIER_HAS_LOCATION,1,SYNTHETIC_DEMO
SUP00635,LOC00255,SUPPLIER_HAS_LOCATION,1,SYNTHETIC_DEMO
SUP00636,LOC00268,SUPPLIER_HAS_LOCATION,1,SYNTHETIC_DEMO
SUP00637,LOC00281,SUPPLIER_HAS_LOCATION,0.6,SYNTHETIC_DEMO
SUP00638,LOC00294,SUPPLIER_HAS_LOCATION,0.6,SYNTHETIC_DEMO
SUP00639,LOC00307,SUPPLIER_HAS_LOCATION,0.3,SYNTHETIC_DEMO
SUP00640,LOC00320,SUPPLIER_HAS_LOCATION,1,SYNTHETIC_DEMO
SUP00641,LOC00333,SUPPLIER_HAS_LOCATION,1,SYNTHETIC_DEMO
SUP00642,LOC00346,SUPPLIER_HAS_LOCATION,0.3,SYNTHETIC_DEMO
SUP00643,LOC00359,SUPPLIER_HAS_LOCATION,1,SYNTHETIC_DEMO
SUP00644,LOC00372,SUPPLIER_HAS_LOCATION,0.6,SYNTHETIC_DEMO
SUP00645,LOC00385,SUPPLIER_HAS_LOCATION,0.6,SYNTHETIC_DEMO
SUP00646,LOC00398,SUPPLIER_HAS_LOCATION,0.3,SYNTHETIC_DEMO
SUP00647,LOC00411,SUPPLIER_HAS_LOCATION,0.3,SYNTHETIC_DEMO
SUP00648,LOC00424,SUPPLIER_HAS_LOCATION,1,SYNTHETIC_DEMO
SUP00649,LOC00437,SUPPLIER_HAS_LOCATION,0.6,SYNTHETIC_DEMO
SUP00650,LOC00450,SUPPLIER_HAS_LOCATION,0.3,SYNTHETIC_DEMO
SUP00651,LOC00463,SUPPLIER_HAS_LOCATION,0.6,SYNTHETIC_DEMO
SUP00652,LOC00476,SUPPLIER_HAS_LOCATION,0.3,SYNTHETIC_DEMO
SUP00653,LOC00489,SUPPLIER_HAS_LOCATION,0.6,SYNTHETIC_DEMO
SUP00654,LOC00502,SUPPLIER_HAS_LOCATION,1,SYNTHETIC_DEMO
SUP00655,LOC00515,SUPPLIER_HAS_LOCATION,0.3,SYNTHETIC_DEMO
SUP00656,LOC00528,SUPPLIER_HAS_LOCATION,0.6,SYNTHETIC_DEMO
SUP00657,LOC00541,SUPPLIER_HAS_LOCATION,0.6,SYNTHETIC_DEMO
SUP00658,LOC00554,SUPPLIER_HAS_LOCATION,1,SYNTHETIC_DEMO
SUP00659,LOC00567,SUPPLIER_HAS_LOCATION,0.3,SYNTHETIC_DEMO
SUP00660,LOC00580,SUPPLIER_HAS_LOCATION,0.3,SYNTHETIC_DEMO
SUP00661,LOC00593,SUPPLIER_HAS_LOCATION,0.6,SYNTHETIC_DEMO
SUP00662,LOC00606,SUPPLIER_HAS_LOCATION,0.3,SYNTHETIC_DEMO
SUP00663,LOC00619,SUPPLIER_HAS_LOCATION,1,SYNTHETIC_DEMO
SUP00664,LOC00632,SUPPLIER_HAS_LOCATION,0.3,SYNTHETIC_DEMO
SUP00665,LOC00645,SUPPLIER_HAS_LOCATION,1,SYNTHETIC_DEMO
SUP00666,LOC00658,SUPPLIER_HAS_LOCATION,1,SYNTHETIC_DEMO
SUP00667,LOC00671,SUPPLIER_HAS_LOCATION,0.3,SYNTHETIC_DEMO
SUP00668,LOC00684,SUPPLIER_HAS_LOCATION,0.3,SYNTHETIC_DEMO
SUP00669,LOC00697,SUPPLIER_HAS_LOCATION,0.6,SYNTHETIC_DEMO
SUP00670,LOC00710,SUPPLIER_HAS_LOCATION,1,SYNTHETIC_DEMO
SUP00671,LOC00723,SUPPLIER_HAS_LOCATION,1,SYNTHETIC_DEMO
SUP00672,LOC00736,SUPPLIER_HAS_LOCATION,0.6,SYNTHETIC_DEMO
SUP00673,LOC00749,SUPPLIER_HAS_LOCATION,1,SYNTHETIC_DEMO
SUP00674,LOC00762,SUPPLIER_HAS_LOCATION,0.3,SYNTHETIC_DEMO
SUP00675,LOC00775,SUPPLIER_HAS_LOCATION,0.3,SYNTHETIC_DEMO
SUP00676,LOC00788,SUPPLIER_HAS_LOCATION,0.3,SYNTHETIC_DEMO
SUP00677,LOC00801,SUPPLIER_HAS_LOCATION,0.3,SYNTHETIC_DEMO
SUP00678,LOC00814,SUPPLIER_HAS_LOCATION,0.6,SYNTHETIC_DEMO
SUP00679,LOC00827,SUPPLIER_HAS_LOCATION,0.3,SYNTHETIC_DEMO
SUP00680,LOC00840,SUPPLIER_HAS_LOCATION,0.6,SYNTHETIC_DEMO
SUP00681,LOC00853,SUPPLIER_HAS_LOCATION,1,SYNTHETIC_DEMO
SUP00682,LOC00866,SUPPLIER_HAS_LOCATION,1,SYNTHETIC_DEMO
SUP00683,LOC00879,SUPPLIER_HAS_LOCATION,1,SYNTHETIC_DEMO
SUP00684,LOC00892,SUPPLIER_HAS_LOCATION,1,SYNTHETIC_DEMO
SUP00685,LOC00905,SUPPLIER_HAS_LOCATION,0.6,SYNTHETIC_DEMO
SUP00686,LOC00918,SUPPLIER_HAS_LOCATION,0.6,SYNTHETIC_DEMO
SUP00687,LOC00931,SUPPLIER_HAS_LOCATION,0.3,SYNTHETIC_DEMO
SUP00688,LOC00944,SUPPLIER_HAS_LOCATION,0.3,SYNTHETIC_DEMO
SUP00689,LOC00957,SUPPLIER_HAS_LOCATION,0.6,SYNTHETIC_DEMO
SUP00690,LOC00970,SUPPLIER_HAS_LOCATION,0.3,SYNTHETIC_DEMO
SUP00691,LOC00983,SUPPLIER_HAS_LOCATION,0.6,SYNTHETIC_DEMO
SUP00692,LOC00996,SUPPLIER_HAS_LOCATION,0.6,SYNTHETIC_DEMO
SUP00693,LOC00009,SUPPLIER_HAS_LOCATION,1,SYNTHETIC_DEMO
SUP00694,LOC00022,SUPPLIER_HAS_LOCATION,0.3,SYNTHETIC_DEMO
SUP00695,LOC00035,SUPPLIER_HAS_LOCATION,0.3,SYNTHETIC_DEMO
SUP00696,LOC00048,SUPPLIER_HAS_LOCATION,0.6,SYNTHETIC_DEMO
SUP00697,LOC00061,SUPPLIER_HAS_LOCATION,0.3,SYNTHETIC_DEMO
SUP00698,LOC00074,SUPPLIER_HAS_LOCATION,1,SYNTHETIC_DEMO
SUP00699,LOC00087,SUPPLIER_HAS_LOCATION,0.3,SYNTHETIC_DEMO
SUP00700,LOC00100,SUPPLIER_HAS_LOCATION,1,SYNTHETIC_DEMO
SUP00701,LOC00113,SUPPLIER_HAS_LOCATION,0.6,SYNTHETIC_DEMO
SUP00702,LOC00126,SUPPLIER_HAS_LOCATION,0.6,SYNTHETIC_DEMO
SUP00703,LOC00139,SUPPLIER_HAS_LOCATION,0.6,SYNTHETIC_DEMO
SUP00704,LOC00152,SUPPLIER_HAS_LOCATION,0.6,SYNTHETIC_DEMO
SUP00705,LOC00165,SUPPLIER_HAS_LOCATION,1,SYNTHETIC_DEMO
SUP00706,LOC00178,SUPPLIER_HAS_LOCATION,0.3,SYNTHETIC_DEMO
SUP00707,LOC00191,SUPPLIER_HAS_LOCATION,1,SYNTHETIC_DEMO
SUP00708,LOC00204,SUPPLIER_HAS_LOCATION,1,SYNTHETIC_DEMO
SUP00709,LOC00217,SUPPLIER_HAS_LOCATION,0.3,SYNTHETIC_DEMO
SUP00710,LOC00230,SUPPLIER_HAS_LOCATION,0.6,SYNTHETIC_DEMO
SUP00711,LOC00243,SUPPLIER_HAS_LOCATION,0.6,SYNTHETIC_DEMO
SUP00712,LOC00256,SUPPLIER_HAS_LOCATION,0.3,SYNTHETIC_DEMO
SUP00713,LOC00269,SUPPLIER_HAS_LOCATION,1,SYNTHETIC_DEMO
SUP00714,LOC00282,SUPPLIER_HAS_LOCATION,1,SYNTHETIC_DEMO
SUP00715,LOC00295,SUPPLIER_HAS_LOCATION,1,SYNTHETIC_DEMO
SUP00716,LOC00308,SUPPLIER_HAS_LOCATION,0.3,SYNTHETIC_DEMO
SUP00717,LOC00321,SUPPLIER_HAS_LOCATION,0.3,SYNTHETIC_DEMO
SUP00718,LOC00334,SUPPLIER_HAS_LOCATION,1,SYNTHETIC_DEMO
SUP00719,LOC00347,SUPPLIER_HAS_LOCATION,0.3,SYNTHETIC_DEMO
SUP00720,LOC00360,SUPPLIER_HAS_LOCATION,0.6,SYNTHETIC_DEMO
SUP00721,LOC00373,SUPPLIER_HAS_LOCATION,1,SYNTHETIC_DEMO
SUP00722,LOC00386,SUPPLIER_HAS_LOCATION,0.6,SYNTHETIC_DEMO
SUP00723,LOC00399,SUPPLIER_HAS_LOCATION,0.6,SYNTHETIC_DEMO
SUP00724,LOC00412,SUPPLIER_HAS_LOCATION,0.6,SYNTHETIC_DEMO
SUP00725,LOC00425,SUPPLIER_HAS_LOCATION,0.6,SYNTHETIC_DEMO
SUP00726,LOC00438,SUPPLIER_HAS_LOCATION,1,SYNTHETIC_DEMO
SUP00727,LOC00451,SUPPLIER_HAS_LOCATION,0.3,SYNTHETIC_DEMO
SUP00728,LOC00464,SUPPLIER_HAS_LOCATION,0.6,SYNTHETIC_DEMO
SUP00729,LOC00477,SUPPLIER_HAS_LOCATION,1,SYNTHETIC_DEMO
SUP00730,LOC00490,SUPPLIER_HAS_LOCATION,0.3,SYNTHETIC_DEMO
SUP00731,LOC00503,SUPPLIER_HAS_LOCATION,0.6,SYNTHETIC_DEMO
SUP00732,LOC00516,SUPPLIER_HAS_LOCATION,0.3,SYNTHETIC_DEMO
SUP00733,LOC00529,SUPPLIER_HAS_LOCATION,0.6,SYNTHETIC_DEMO
SUP00734,LOC00542,SUPPLIER_HAS_LOCATION,0.3,SYNTHETIC_DEMO
SUP00735,LOC00555,SUPPLIER_HAS_LOCATION,1,SYNTHETIC_DEMO
SUP00736,LOC00568,SUPPLIER_HAS_LOCATION,1,SYNTHETIC_DEMO
SUP00737,LOC00581,SUPPLIER_HAS_LOCATION,0.3,SYNTHETIC_DEMO
SUP00738,LOC00594,SUPPLIER_HAS_LOCATION,1,SYNTHETIC_DEMO
SUP00739,LOC00607,SUPPLIER_HAS_LOCATION,0.6,SYNTHETIC_DEMO
SUP00740,LOC00620,SUPPLIER_HAS_LOCATION,0.6,SYNTHETIC_DEMO
SUP00741,LOC00633,SUPPLIER_HAS_LOCATION,1,SYNTHETIC_DEMO
SUP00742,LOC00646,SUPPLIER_HAS_LOCATION,0.3,SYNTHETIC_DEMO
SUP00743,LOC00659,SUPPLIER_HAS_LOCATION,1,SYNTHETIC_DEMO
SUP00744,LOC00672,SUPPLIER_HAS_LOCATION,1,SYNTHETIC_DEMO
SUP00745,LOC00685,SUPPLIER_HAS_LOCATION,1,SYNTHETIC_DEMO
SUP00746,LOC00698,SUPPLIER_HAS_LOCATION,0.6,SYNTHETIC_DEMO
SUP00747,LOC00711,SUPPLIER_HAS_LOCATION,1,SYNTHETIC_DEMO
SUP00748,LOC00724,SUPPLIER_HAS_LOCATION,1,SYNTHETIC_DEMO
SUP00749,LOC00737,SUPPLIER_HAS_LOCATION,0.3,SYNTHETIC_DEMO
SUP00750,LOC00750,SUPPLIER_HAS_LOCATION,1,SYNTHETIC_DEMO
SUP00751,LOC00763,SUPPLIER_HAS_LOCATION,0.3,SYNTHETIC_DEMO
SUP00752,LOC00776,SUPPLIER_HAS_LOCATION,1,SYNTHETIC_DEMO
SUP00753,LOC00789,SUPPLIER_HAS_LOCATION,0.3,SYNTHETIC_DEMO
SUP00754,LOC00802,SUPPLIER_HAS_LOCATION,1,SYNTHETIC_DEMO
SUP00755,LOC00815,SUPPLIER_HAS_LOCATION,0.3,SYNTHETIC_DEMO
SUP00756,LOC00828,SUPPLIER_HAS_LOCATION,1,SYNTHETIC_DEMO
SUP00757,LOC00841,SUPPLIER_HAS_LOCATION,1,SYNTHETIC_DEMO
SUP00758,LOC00854,SUPPLIER_HAS_LOCATION,0.3,SYNTHETIC_DEMO
SUP00759,LOC00867,SUPPLIER_HAS_LOCATION,1,SYNTHETIC_DEMO
SUP00760,LOC00880,SUPPLIER_HAS_LOCATION,0.3,SYNTHETIC_DEMO
SUP00761,LOC00893,SUPPLIER_HAS_LOCATION,0.6,SYNTHETIC_DEMO
SUP00762,LOC00906,SUPPLIER_HAS_LOCATION,0.3,SYNTHETIC_DEMO
SUP00763,LOC00919,SUPPLIER_HAS_LOCATION,0.6,SYNTHETIC_DEMO
SUP00764,LOC00932,SUPPLIER_HAS_LOCATION,0.6,SYNTHETIC_DEMO
SUP00765,LOC00945,SUPPLIER_HAS_LOCATION,0.6,SYNTHETIC_DEMO
SUP00766,LOC00958,SUPPLIER_HAS_LOCATION,0.6,SYNTHETIC_DEMO
SUP00767,LOC00971,SUPPLIER_HAS_LOCATION,1,SYNTHETIC_DEMO
SUP00768,LOC00984,SUPPLIER_HAS_LOCATION,0.6,SYNTHETIC_DEMO
SUP00769,LOC00997,SUPPLIER_HAS_LOCATION,0.6,SYNTHETIC_DEMO
SUP00770,LOC00010,SUPPLIER_HAS_LOCATION,0.6,SYNTHETIC_DEMO
SUP00771,LOC00023,SUPPLIER_HAS_LOCATION,1,SYNTHETIC_DEMO
SUP00772,LOC00036,SUPPLIER_HAS_LOCATION,0.3,SYNTHETIC_DEMO
SUP00773,LOC00049,SUPPLIER_HAS_LOCATION,0.3,SYNTHETIC_DEMO
SUP00774,LOC00062,SUPPLIER_HAS_LOCATION,1,SYNTHETIC_DEMO
SUP00775,LOC00075,SUPPLIER_HAS_LOCATION,1,SYNTHETIC_DEMO
SUP00776,LOC00088,SUPPLIER_HAS_LOCATION,0.3,SYNTHETIC_DEMO
SUP00777,LOC00101,SUPPLIER_HAS_LOCATION,1,SYNTHETIC_DEMO
SUP00778,LOC00114,SUPPLIER_HAS_LOCATION,0.3,SYNTHETIC_DEMO
SUP00779,LOC00127,SUPPLIER_HAS_LOCATION,0.6,SYNTHETIC_DEMO
SUP00780,LOC00140,SUPPLIER_HAS_LOCATION,0.6,SYNTHETIC_DEMO
SUP00781,LOC00153,SUPPLIER_HAS_LOCATION,0.6,SYNTHETIC_DEMO
SUP00782,LOC00166,SUPPLIER_HAS_LOCATION,1,SYNTHETIC_DEMO
SUP00783,LOC00179,SUPPLIER_HAS_LOCATION,1,SYNTHETIC_DEMO
SUP00784,LOC00192,SUPPLIER_HAS_LOCATION,1,SYNTHETIC_DEMO
SUP00785,LOC00205,SUPPLIER_HAS_LOCATION,0.6,SYNTHETIC_DEMO
SUP00786,LOC00218,SUPPLIER_HAS_LOCATION,0.3,SYNTHETIC_DEMO
SUP00787,LOC00231,SUPPLIER_HAS_LOCATION,1,SYNTHETIC_DEMO
SUP00788,LOC00244,SUPPLIER_HAS_LOCATION,0.3,SYNTHETIC_DEMO
SUP00789,LOC00257,SUPPLIER_HAS_LOCATION,0.3,SYNTHETIC_DEMO
SUP00790,LOC00270,SUPPLIER_HAS_LOCATION,0.3,SYNTHETIC_DEMO
SUP00791,LOC00283,SUPPLIER_HAS_LOCATION,1,SYNTHETIC_DEMO
SUP00792,LOC00296,SUPPLIER_HAS_LOCATION,0.6,SYNTHETIC_DEMO
SUP00793,LOC00309,SUPPLIER_HAS_LOCATION,0.3,SYNTHETIC_DEMO
SUP00794,LOC00322,SUPPLIER_HAS_LOCATION,0.6,SYNTHETIC_DEMO
SUP00795,LOC00335,SUPPLIER_HAS_LOCATION,1,SYNTHETIC_DEMO
SUP00796,LOC00348,SUPPLIER_HAS_LOCATION,0.6,SYNTHETIC_DEMO
SUP00797,LOC00361,SUPPLIER_HAS_LOCATION,1,SYNTHETIC_DEMO
SUP00798,LOC00374,SUPPLIER_HAS_LOCATION,1,SYNTHETIC_DEMO
SUP00799,LOC00387,SUPPLIER_HAS_LOCATION,0.3,SYNTHETIC_DEMO
SUP00800,LOC00400,SUPPLIER_HAS_LOCATION,0.6,SYNTHETIC_DEMO
SUP00801,LOC00413,SUPPLIER_HAS_LOCATION,0.3,SYNTHETIC_DEMO
SUP00802,LOC00426,SUPPLIER_HAS_LOCATION,0.6,SYNTHETIC_DEMO
SUP00803,LOC00439,SUPPLIER_HAS_LOCATION,0.6,SYNTHETIC_DEMO
SUP00804,LOC00452,SUPPLIER_HAS_LOCATION,0.6,SYNTHETIC_DEMO
SUP00805,LOC00465,SUPPLIER_HAS_LOCATION,0.3,SYNTHETIC_DEMO
SUP00806,LOC00478,SUPPLIER_HAS_LOCATION,0.3,SYNTHETIC_DEMO
SUP00807,LOC00491,SUPPLIER_HAS_LOCATION,0.6,SYNTHETIC_DEMO
SUP00808,LOC00504,SUPPLIER_HAS_LOCATION,1,SYNTHETIC_DEMO
SUP00809,LOC00517,SUPPLIER_HAS_LOCATION,1,SYNTHETIC_DEMO
SUP00810,LOC00530,SUPPLIER_HAS_LOCATION,0.3,SYNTHETIC_DEMO
SUP00811,LOC00543,SUPPLIER_HAS_LOCATION,1,SYNTHETIC_DEMO
SUP00812,LOC00556,SUPPLIER_HAS_LOCATION,0.6,SYNTHETIC_DEMO
SUP00813,LOC00569,SUPPLIER_HAS_LOCATION,0.3,SYNTHETIC_DEMO
SUP00814,LOC00582,SUPPLIER_HAS_LOCATION,1,SYNTHETIC_DEMO
SUP00815,LOC00595,SUPPLIER_HAS_LOCATION,0.3,SYNTHETIC_DEMO
SUP00816,LOC00608,SUPPLIER_HAS_LOCATION,1,SYNTHETIC_DEMO
SUP00817,LOC00621,SUPPLIER_HAS_LOCATION,0.3,SYNTHETIC_DEMO
SUP00818,LOC00634,SUPPLIER_HAS_LOCATION,1,SYNTHETIC_DEMO
SUP00819,LOC00647,SUPPLIER_HAS_LOCATION,0.6,SYNTHETIC_DEMO
SUP00820,LOC00660,SUPPLIER_HAS_LOCATION,0.3,SYNTHETIC_DEMO
SUP00821,LOC00673,SUPPLIER_HAS_LOCATION,0.6,SYNTHETIC_DEMO
SUP00822,LOC00686,SUPPLIER_HAS_LOCATION,0.6,SYNTHETIC_DEMO
SUP00823,LOC00699,SUPPLIER_HAS_LOCATION,1,SYNTHETIC_DEMO
SUP00824,LOC00712,SUPPLIER_HAS_LOCATION,1,SYNTHETIC_DEMO
SUP00825,LOC00725,SUPPLIER_HAS_LOCATION,0.3,SYNTHETIC_DEMO
SUP00826,LOC00738,SUPPLIER_HAS_LOCATION,0.3,SYNTHETIC_DEMO
SUP00827,LOC00751,SUPPLIER_HAS_LOCATION,1,SYNTHETIC_DEMO
SUP00828,LOC00764,SUPPLIER_HAS_LOCATION,0.3,SYNTHETIC_DEMO
SUP00829,LOC00777,SUPPLIER_HAS_LOCATION,1,SYNTHETIC_DEMO
SUP00830,LOC00790,SUPPLIER_HAS_LOCATION,0.3,SYNTHETIC_DEMO
SUP00831,LOC00803,SUPPLIER_HAS_LOCATION,0.6,SYNTHETIC_DEMO
SUP00832,LOC00816,SUPPLIER_HAS_LOCATION,0.3,SYNTHETIC_DEMO
SUP00833,LOC00829,SUPPLIER_HAS_LOCATION,0.3,SYNTHETIC_DEMO
SUP00834,LOC00842,SUPPLIER_HAS_LOCATION,1,SYNTHETIC_DEMO
SUP00835,LOC00855,SUPPLIER_HAS_LOCATION,1,SYNTHETIC_DEMO
SUP00836,LOC00868,SUPPLIER_HAS_LOCATION,0.6,SYNTHETIC_DEMO
SUP00837,LOC00881,SUPPLIER_HAS_LOCATION,0.6,SYNTHETIC_DEMO
SUP00838,LOC00894,SUPPLIER_HAS_LOCATION,1,SYNTHETIC_DEMO
SUP00839,LOC00907,SUPPLIER_HAS_LOCATION,1,SYNTHETIC_DEMO
SUP00840,LOC00920,SUPPLIER_HAS_LOCATION,0.3,SYNTHETIC_DEMO
SUP00841,LOC00933,SUPPLIER_HAS_LOCATION,1,SYNTHETIC_DEMO
SUP00842,LOC00946,SUPPLIER_HAS_LOCATION,0.3,SYNTHETIC_DEMO
SUP00843,LOC00959,SUPPLIER_HAS_LOCATION,0.6,SYNTHETIC_DEMO
SUP00844,LOC00972,SUPPLIER_HAS_LOCATION,1,SYNTHETIC_DEMO
SUP00845,LOC00985,SUPPLIER_HAS_LOCATION,0.3,SYNTHETIC_DEMO
SUP00846,LOC00998,SUPPLIER_HAS_LOCATION,0.3,SYNTHETIC_DEMO
SUP00847,LOC00011,SUPPLIER_HAS_LOCATION,0.3,SYNTHETIC_DEMO
SUP00848,LOC00024,SUPPLIER_HAS_LOCATION,0.6,SYNTHETIC_DEMO
SUP00849,LOC00037,SUPPLIER_HAS_LOCATION,1,SYNTHETIC_DEMO
SUP00850,LOC00050,SUPPLIER_HAS_LOCATION,0.3,SYNTHETIC_DEMO
SUP00851,LOC00063,SUPPLIER_HAS_LOCATION,1,SYNTHETIC_DEMO
SUP00852,LOC00076,SUPPLIER_HAS_LOCATION,0.3,SYNTHETIC_DEMO
SUP00853,LOC00089,SUPPLIER_HAS_LOCATION,1,SYNTHETIC_DEMO
SUP00854,LOC00102,SUPPLIER_HAS_LOCATION,1,SYNTHETIC_DEMO
SUP00855,LOC00115,SUPPLIER_HAS_LOCATION,0.6,SYNTHETIC_DEMO
SUP00856,LOC00128,SUPPLIER_HAS_LOCATION,1,SYNTHETIC_DEMO
SUP00857,LOC00141,SUPPLIER_HAS_LOCATION,0.3,SYNTHETIC_DEMO
SUP00858,LOC00154,SUPPLIER_HAS_LOCATION,1,SYNTHETIC_DEMO
SUP00859,LOC00167,SUPPLIER_HAS_LOCATION,0.3,SYNTHETIC_DEMO
SUP00860,LOC00180,SUPPLIER_HAS_LOCATION,1,SYNTHETIC_DEMO
SUP00861,LOC00193,SUPPLIER_HAS_LOCATION,0.6,SYNTHETIC_DEMO
SUP00862,LOC00206,SUPPLIER_HAS_LOCATION,0.6,SYNTHETIC_DEMO
SUP00863,LOC00219,SUPPLIER_HAS_LOCATION,1,SYNTHETIC_DEMO
SUP00864,LOC00232,SUPPLIER_HAS_LOCATION,0.6,SYNTHETIC_DEMO
SUP00865,LOC00245,SUPPLIER_HAS_LOCATION,1,SYNTHETIC_DEMO
SUP00866,LOC00258,SUPPLIER_HAS_LOCATION,0.3,SYNTHETIC_DEMO
SUP00867,LOC00271,SUPPLIER_HAS_LOCATION,0.6,SYNTHETIC_DEMO
SUP00868,LOC00284,SUPPLIER_HAS_LOCATION,1,SYNTHETIC_DEMO
SUP00869,LOC00297,SUPPLIER_HAS_LOCATION,0.3,SYNTHETIC_DEMO
SUP00870,LOC00310,SUPPLIER_HAS_LOCATION,0.3,SYNTHETIC_DEMO
SUP00871,LOC00323,SUPPLIER_HAS_LOCATION,1,SYNTHETIC_DEMO
SUP00872,LOC00336,SUPPLIER_HAS_LOCATION,1,SYNTHETIC_DEMO
SUP00873,LOC00349,SUPPLIER_HAS_LOCATION,0.6,SYNTHETIC_DEMO
SUP00874,LOC00362,SUPPLIER_HAS_LOCATION,0.3,SYNTHETIC_DEMO
SUP00875,LOC00375,SUPPLIER_HAS_LOCATION,0.3,SYNTHETIC_DEMO
SUP00876,LOC00388,SUPPLIER_HAS_LOCATION,0.3,SYNTHETIC_DEMO
SUP00877,LOC00401,SUPPLIER_HAS_LOCATION,0.3,SYNTHETIC_DEMO
SUP00878,LOC00414,SUPPLIER_HAS_LOCATION,1,SYNTHETIC_DEMO
SUP00879,LOC00427,SUPPLIER_HAS_LOCATION,0.6,SYNTHETIC_DEMO
SUP00880,LOC00440,SUPPLIER_HAS_LOCATION,0.3,SYNTHETIC_DEMO
SUP00881,LOC00453,SUPPLIER_HAS_LOCATION,0.3,SYNTHETIC_DEMO
SUP00882,LOC00466,SUPPLIER_HAS_LOCATION,1,SYNTHETIC_DEMO
SUP00883,LOC00479,SUPPLIER_HAS_LOCATION,0.6,SYNTHETIC_DEMO
SUP00884,LOC00492,SUPPLIER_HAS_LOCATION,0.3,SYNTHETIC_DEMO
SUP00885,LOC00505,SUPPLIER_HAS_LOCATION,0.3,SYNTHETIC_DEMO
SUP00886,LOC00518,SUPPLIER_HAS_LOCATION,0.6,SYNTHETIC_DEMO
SUP00887,LOC00531,SUPPLIER_HAS_LOCATION,0.3,SYNTHETIC_DEMO
SUP00888,LOC00544,SUPPLIER_HAS_LOCATION,0.3,SYNTHETIC_DEMO
SUP00889,LOC00557,SUPPLIER_HAS_LOCATION,1,SYNTHETIC_DEMO
SUP00890,LOC00570,SUPPLIER_HAS_LOCATION,0.3,SYNTHETIC_DEMO
SUP00891,LOC00583,SUPPLIER_HAS_LOCATION,0.3,SYNTHETIC_DEMO
SUP00892,LOC00596,SUPPLIER_HAS_LOCATION,0.6,SYNTHETIC_DEMO
SUP00893,LOC00609,SUPPLIER_HAS_LOCATION,1,SYNTHETIC_DEMO
SUP00894,LOC00622,SUPPLIER_HAS_LOCATION,0.6,SYNTHETIC_DEMO
SUP00895,LOC00635,SUPPLIER_HAS_LOCATION,0.6,SYNTHETIC_DEMO
SUP00896,LOC00648,SUPPLIER_HAS_LOCATION,1,SYNTHETIC_DEMO
SUP00897,LOC00661,SUPPLIER_HAS_LOCATION,0.6,SYNTHETIC_DEMO
SUP00898,LOC00674,SUPPLIER_HAS_LOCATION,0.3,SYNTHETIC_DEMO
SUP00899,LOC00687,SUPPLIER_HAS_LOCATION,0.3,SYNTHETIC_DEMO
SUP00900,LOC00700,SUPPLIER_HAS_LOCATION,0.3,SYNTHETIC_DEMO
SUP00901,LOC00713,SUPPLIER_HAS_LOCATION,0.3,SYNTHETIC_DEMO
SUP00902,LOC00726,SUPPLIER_HAS_LOCATION,1,SYNTHETIC_DEMO
SUP00903,LOC00739,SUPPLIER_HAS_LOCATION,0.6,SYNTHETIC_DEMO
SUP00904,LOC00752,SUPPLIER_HAS_LOCATION,1,SYNTHETIC_DEMO
SUP00905,LOC00765,SUPPLIER_HAS_LOCATION,0.3,SYNTHETIC_DEMO
SUP00906,LOC00778,SUPPLIER_HAS_LOCATION,0.3,SYNTHETIC_DEMO
SUP00907,LOC00791,SUPPLIER_HAS_LOCATION,0.3,SYNTHETIC_DEMO
SUP00908,LOC00804,SUPPLIER_HAS_LOCATION,0.3,SYNTHETIC_DEMO
SUP00909,LOC00817,SUPPLIER_HAS_LOCATION,0.6,SYNTHETIC_DEMO
SUP00910,LOC00830,SUPPLIER_HAS_LOCATION,0.6,SYNTHETIC_DEMO
SUP00911,LOC00843,SUPPLIER_HAS_LOCATION,0.3,SYNTHETIC_DEMO
SUP00912,LOC00856,SUPPLIER_HAS_LOCATION,0.6,SYNTHETIC_DEMO
SUP00913,LOC00869,SUPPLIER_HAS_LOCATION,1,SYNTHETIC_DEMO
SUP00914,LOC00882,SUPPLIER_HAS_LOCATION,0.3,SYNTHETIC_DEMO
SUP00915,LOC00895,SUPPLIER_HAS_LOCATION,1,SYNTHETIC_DEMO
SUP00916,LOC00908,SUPPLIER_HAS_LOCATION,0.3,SYNTHETIC_DEMO
SUP00917,LOC00921,SUPPLIER_HAS_LOCATION,1,SYNTHETIC_DEMO
SUP00918,LOC00934,SUPPLIER_HAS_LOCATION,0.3,SYNTHETIC_DEMO
SUP00919,LOC00947,SUPPLIER_HAS_LOCATION,1,SYNTHETIC_DEMO
SUP00920,LOC00960,SUPPLIER_HAS_LOCATION,1,SYNTHETIC_DEMO
SUP00921,LOC00973,SUPPLIER_HAS_LOCATION,0.3,SYNTHETIC_DEMO
SUP00922,LOC00986,SUPPLIER_HAS_LOCATION,0.6,SYNTHETIC_DEMO
SUP00923,LOC00999,SUPPLIER_HAS_LOCATION,0.3,SYNTHETIC_DEMO
SUP00924,LOC00012,SUPPLIER_HAS_LOCATION,1,SYNTHETIC_DEMO
SUP00925,LOC00025,SUPPLIER_HAS_LOCATION,0.3,SYNTHETIC_DEMO
SUP00926,LOC00038,SUPPLIER_HAS_LOCATION,0.6,SYNTHETIC_DEMO
SUP00927,LOC00051,SUPPLIER_HAS_LOCATION,0.3,SYNTHETIC_DEMO
SUP00928,LOC00064,SUPPLIER_HAS_LOCATION,0.3,SYNTHETIC_DEMO
SUP00929,LOC00077,SUPPLIER_HAS_LOCATION,0.3,SYNTHETIC_DEMO
SUP00930,LOC00090,SUPPLIER_HAS_LOCATION,0.6,SYNTHETIC_DEMO
SUP00931,LOC00103,SUPPLIER_HAS_LOCATION,1,SYNTHETIC_DEMO
SUP00932,LOC00116,SUPPLIER_HAS_LOCATION,0.3,SYNTHETIC_DEMO
SUP00933,LOC00129,SUPPLIER_HAS_LOCATION,0.3,SYNTHETIC_DEMO
SUP00934,LOC00142,SUPPLIER_HAS_LOCATION,0.6,SYNTHETIC_DEMO
SUP00935,LOC00155,SUPPLIER_HAS_LOCATION,0.6,SYNTHETIC_DEMO
SUP00936,LOC00168,SUPPLIER_HAS_LOCATION,0.6,SYNTHETIC_DEMO
SUP00937,LOC00181,SUPPLIER_HAS_LOCATION,0.6,SYNTHETIC_DEMO
SUP00938,LOC00194,SUPPLIER_HAS_LOCATION,0.6,SYNTHETIC_DEMO
SUP00939,LOC00207,SUPPLIER_HAS_LOCATION,0.3,SYNTHETIC_DEMO
SUP00940,LOC00220,SUPPLIER_HAS_LOCATION,1,SYNTHETIC_DEMO
SUP00941,LOC00233,SUPPLIER_HAS_LOCATION,1,SYNTHETIC_DEMO
SUP00942,LOC00246,SUPPLIER_HAS_LOCATION,0.6,SYNTHETIC_DEMO
SUP00943,LOC00259,SUPPLIER_HAS_LOCATION,0.3,SYNTHETIC_DEMO
SUP00944,LOC00272,SUPPLIER_HAS_LOCATION,0.3,SYNTHETIC_DEMO
SUP00945,LOC00285,SUPPLIER_HAS_LOCATION,0.6,SYNTHETIC_DEMO
SUP00946,LOC00298,SUPPLIER_HAS_LOCATION,0.3,SYNTHETIC_DEMO
SUP00947,LOC00311,SUPPLIER_HAS_LOCATION,0.3,SYNTHETIC_DEMO
SUP00948,LOC00324,SUPPLIER_HAS_LOCATION,0.6,SYNTHETIC_DEMO
SUP00949,LOC00337,SUPPLIER_HAS_LOCATION,0.3,SYNTHETIC_DEMO
SUP00950,LOC00350,SUPPLIER_HAS_LOCATION,0.3,SYNTHETIC_DEMO
SUP00951,LOC00363,SUPPLIER_HAS_LOCATION,1,SYNTHETIC_DEMO
SUP00952,LOC00376,SUPPLIER_HAS_LOCATION,0.3,SYNTHETIC_DEMO
SUP00953,LOC00389,SUPPLIER_HAS_LOCATION,0.6,SYNTHETIC_DEMO
SUP00954,LOC00402,SUPPLIER_HAS_LOCATION,0.6,SYNTHETIC_DEMO
SUP00955,LOC00415,SUPPLIER_HAS_LOCATION,1,SYNTHETIC_DEMO
SUP00956,LOC00428,SUPPLIER_HAS_LOCATION,0.3,SYNTHETIC_DEMO
SUP00957,LOC00441,SUPPLIER_HAS_LOCATION,0.6,SYNTHETIC_DEMO
SUP00958,LOC00454,SUPPLIER_HAS_LOCATION,1,SYNTHETIC_DEMO
SUP00959,LOC00467,SUPPLIER_HAS_LOCATION,0.6,SYNTHETIC_DEMO
SUP00960,LOC00480,SUPPLIER_HAS_LOCATION,0.3,SYNTHETIC_DEMO
SUP00961,LOC00493,SUPPLIER_HAS_LOCATION,0.3,SYNTHETIC_DEMO
SUP00962,LOC00506,SUPPLIER_HAS_LOCATION,0.6,SYNTHETIC_DEMO
SUP00963,LOC00519,SUPPLIER_HAS_LOCATION,0.3,SYNTHETIC_DEMO
SUP00964,LOC00532,SUPPLIER_HAS_LOCATION,0.6,SYNTHETIC_DEMO
SUP00965,LOC00545,SUPPLIER_HAS_LOCATION,0.6,SYNTHETIC_DEMO
SUP00966,LOC00558,SUPPLIER_HAS_LOCATION,0.3,SYNTHETIC_DEMO
SUP00967,LOC00571,SUPPLIER_HAS_LOCATION,0.6,SYNTHETIC_DEMO
SUP00968,LOC00584,SUPPLIER_HAS_LOCATION,1,SYNTHETIC_DEMO
SUP00969,LOC00597,SUPPLIER_HAS_LOCATION,1,SYNTHETIC_DEMO
SUP00970,LOC00610,SUPPLIER_HAS_LOCATION,0.3,SYNTHETIC_DEMO
SUP00971,LOC00623,SUPPLIER_HAS_LOCATION,0.6,SYNTHETIC_DEMO
SUP00972,LOC00636,SUPPLIER_HAS_LOCATION,0.6,SYNTHETIC_DEMO
SUP00973,LOC00649,SUPPLIER_HAS_LOCATION,0.6,SYNTHETIC_DEMO
SUP00974,LOC00662,SUPPLIER_HAS_LOCATION,1,SYNTHETIC_DEMO
SUP00975,LOC00675,SUPPLIER_HAS_LOCATION,0.3,SYNTHETIC_DEMO
SUP00976,LOC00688,SUPPLIER_HAS_LOCATION,0.6,SYNTHETIC_DEMO
SUP00977,LOC00701,SUPPLIER_HAS_LOCATION,0.6,SYNTHETIC_DEMO
SUP00978,LOC00714,SUPPLIER_HAS_LOCATION,0.6,SYNTHETIC_DEMO
SUP00979,LOC00727,SUPPLIER_HAS_LOCATION,0.3,SYNTHETIC_DEMO
SUP00980,LOC00740,SUPPLIER_HAS_LOCATION,0.6,SYNTHETIC_DEMO
SUP00981,LOC00753,SUPPLIER_HAS_LOCATION,1,SYNTHETIC_DEMO
SUP00982,LOC00766,SUPPLIER_HAS_LOCATION,1,SYNTHETIC_DEMO
SUP00983,LOC00779,SUPPLIER_HAS_LOCATION,1,SYNTHETIC_DEMO
SUP00984,LOC00792,SUPPLIER_HAS_LOCATION,1,SYNTHETIC_DEMO
SUP00985,LOC00805,SUPPLIER_HAS_LOCATION,0.6,SYNTHETIC_DEMO
SUP00986,LOC00818,SUPPLIER_HAS_LOCATION,1,SYNTHETIC_DEMO
SUP00987,LOC00831,SUPPLIER_HAS_LOCATION,0.6,SYNTHETIC_DEMO
SUP00988,LOC00844,SUPPLIER_HAS_LOCATION,0.3,SYNTHETIC_DEMO
SUP00989,LOC00857,SUPPLIER_HAS_LOCATION,1,SYNTHETIC_DEMO
SUP00990,LOC00870,SUPPLIER_HAS_LOCATION,0.3,SYNTHETIC_DEMO
SUP00991,LOC00883,SUPPLIER_HAS_LOCATION,1,SYNTHETIC_DEMO
SUP00992,LOC00896,SUPPLIER_HAS_LOCATION,0.3,SYNTHETIC_DEMO
SUP00993,LOC00909,SUPPLIER_HAS_LOCATION,1,SYNTHETIC_DEMO
SUP00994,LOC00922,SUPPLIER_HAS_LOCATION,0.6,SYNTHETIC_DEMO
SUP00995,LOC00935,SUPPLIER_HAS_LOCATION,0.3,SYNTHETIC_DEMO
SUP00996,LOC00948,SUPPLIER_HAS_LOCATION,0.3,SYNTHETIC_DEMO
SUP00997,LOC00961,SUPPLIER_HAS_LOCATION,0.3,SYNTHETIC_DEMO
SUP00998,LOC00974,SUPPLIER_HAS_LOCATION,0.6,SYNTHETIC_DEMO
SUP00999,LOC00987,SUPPLIER_HAS_LOCATION,0.3,SYNTHETIC_DEMO
SUP01000,LOC01000,SUPPLIER_HAS_LOCATION,0.6,SYNTHETIC_DEMO
EVT00001,LOC00001,EVENT_AT_LOCATION,0.2,SYNTHETIC_DEMO
EVT00001,NEWS00001,NEWS_HAS_EVENT,1,SYNTHETIC_DEMO
EVT00002,LOC00002,EVENT_AT_LOCATION,1.0,SYNTHETIC_DEMO
EVT00002,NEWS00002,NEWS_HAS_EVENT,1,SYNTHETIC_DEMO
EVT00003,LOC00003,EVENT_AT_LOCATION,0.2,SYNTHETIC_DEMO
EVT00003,NEWS00003,NEWS_HAS_EVENT,1,SYNTHETIC_DEMO
EVT00004,LOC00004,EVENT_AT_LOCATION,0.8,SYNTHETIC_DEMO
EVT00004,NEWS00004,NEWS_HAS_EVENT,1,SYNTHETIC_DEMO
EVT00005,LOC00005,EVENT_AT_LOCATION,0.8,SYNTHETIC_DEMO
EVT00005,NEWS00005,NEWS_HAS_EVENT,1,SYNTHETIC_DEMO
EVT00006,LOC00006,EVENT_AT_LOCATION,0.4,SYNTHETIC_DEMO
EVT00006,NEWS00006,NEWS_HAS_EVENT,1,SYNTHETIC_DEMO
EVT00007,LOC00007,EVENT_AT_LOCATION,0.8,SYNTHETIC_DEMO
EVT00007,NEWS00007,NEWS_HAS_EVENT,1,SYNTHETIC_DEMO
EVT00008,LOC00008,EVENT_AT_LOCATION,0.2,SYNTHETIC_DEMO
EVT00008,NEWS00008,NEWS_HAS_EVENT,1,SYNTHETIC_DEMO
EVT00009,LOC00009,EVENT_AT_LOCATION,1.0,SYNTHETIC_DEMO
EVT00009,NEWS00009,NEWS_HAS_EVENT,1,SYNTHETIC_DEMO
EVT00010,LOC00010,EVENT_AT_LOCATION,0.8,SYNTHETIC_DEMO
EVT00010,NEWS00010,NEWS_HAS_EVENT,1,SYNTHETIC_DEMO
EVT00011,LOC00011,EVENT_AT_LOCATION,0.4,SYNTHETIC_DEMO
EVT00011,NEWS00011,NEWS_HAS_EVENT,1,SYNTHETIC_DEMO
EVT00012,LOC00012,EVENT_AT_LOCATION,1.0,SYNTHETIC_DEMO
EVT00012,NEWS00012,NEWS_HAS_EVENT,1,SYNTHETIC_DEMO
EVT00013,LOC00013,EVENT_AT_LOCATION,0.6,SYNTHETIC_DEMO
EVT00013,NEWS00013,NEWS_HAS_EVENT,1,SYNTHETIC_DEMO
EVT00014,LOC00014,EVENT_AT_LOCATION,0.2,SYNTHETIC_DEMO
EVT00014,NEWS00014,NEWS_HAS_EVENT,1,SYNTHETIC_DEMO
EVT00015,LOC00015,EVENT_AT_LOCATION,0.2,SYNTHETIC_DEMO
EVT00015,NEWS00015,NEWS_HAS_EVENT,1,SYNTHETIC_DEMO
EVT00016,LOC00016,EVENT_AT_LOCATION,0.2,SYNTHETIC_DEMO
EVT00016,NEWS00016,NEWS_HAS_EVENT,1,SYNTHETIC_DEMO
EVT00017,LOC00017,EVENT_AT_LOCATION,1.0,SYNTHETIC_DEMO
EVT00017,NEWS00017,NEWS_HAS_EVENT,1,SYNTHETIC_DEMO
EVT00018,LOC00018,EVENT_AT_LOCATION,0.2,SYNTHETIC_DEMO
EVT00018,NEWS00018,NEWS_HAS_EVENT,1,SYNTHETIC_DEMO
EVT00019,LOC00019,EVENT_AT_LOCATION,1.0,SYNTHETIC_DEMO
EVT00019,NEWS00019,NEWS_HAS_EVENT,1,SYNTHETIC_DEMO
EVT00020,LOC00020,EVENT_AT_LOCATION,0.8,SYNTHETIC_DEMO
EVT00020,NEWS00020,NEWS_HAS_EVENT,1,SYNTHETIC_DEMO
EVT00021,LOC00021,EVENT_AT_LOCATION,0.8,SYNTHETIC_DEMO
EVT00021,NEWS00021,NEWS_HAS_EVENT,1,SYNTHETIC_DEMO
EVT00022,LOC00022,EVENT_AT_LOCATION,0.2,SYNTHETIC_DEMO
EVT00022,NEWS00022,NEWS_HAS_EVENT,1,SYNTHETIC_DEMO
EVT00023,LOC00023,EVENT_AT_LOCATION,0.4,SYNTHETIC_DEMO
EVT00023,NEWS00023,NEWS_HAS_EVENT,1,SYNTHETIC_DEMO
EVT00024,LOC00024,EVENT_AT_LOCATION,0.2,SYNTHETIC_DEMO
EVT00024,NEWS00024,NEWS_HAS_EVENT,1,SYNTHETIC_DEMO
EVT00025,LOC00025,EVENT_AT_LOCATION,0.4,SYNTHETIC_DEMO
EVT00025,NEWS00025,NEWS_HAS_EVENT,1,SYNTHETIC_DEMO
EVT00026,LOC00026,EVENT_AT_LOCATION,0.8,SYNTHETIC_DEMO
EVT00026,NEWS00026,NEWS_HAS_EVENT,1,SYNTHETIC_DEMO
EVT00027,LOC00027,EVENT_AT_LOCATION,0.2,SYNTHETIC_DEMO
EVT00027,NEWS00027,NEWS_HAS_EVENT,1,SYNTHETIC_DEMO
EVT00028,LOC00028,EVENT_AT_LOCATION,0.8,SYNTHETIC_DEMO
EVT00028,NEWS00028,NEWS_HAS_EVENT,1,SYNTHETIC_DEMO
EVT00029,LOC00029,EVENT_AT_LOCATION,0.2,SYNTHETIC_DEMO
EVT00029,NEWS00029,NEWS_HAS_EVENT,1,SYNTHETIC_DEMO
EVT00030,LOC00030,EVENT_AT_LOCATION,1.0,SYNTHETIC_DEMO
EVT00030,NEWS00030,NEWS_HAS_EVENT,1,SYNTHETIC_DEMO
EVT00031,LOC00031,EVENT_AT_LOCATION,1.0,SYNTHETIC_DEMO
EVT00031,NEWS00031,NEWS_HAS_EVENT,1,SYNTHETIC_DEMO
EVT00032,LOC00032,EVENT_AT_LOCATION,0.4,SYNTHETIC_DEMO
EVT00032,NEWS00032,NEWS_HAS_EVENT,1,SYNTHETIC_DEMO
EVT00033,LOC00033,EVENT_AT_LOCATION,0.6,SYNTHETIC_DEMO
EVT00033,NEWS00033,NEWS_HAS_EVENT,1,SYNTHETIC_DEMO
EVT00034,LOC00034,EVENT_AT_LOCATION,0.4,SYNTHETIC_DEMO
EVT00034,NEWS00034,NEWS_HAS_EVENT,1,SYNTHETIC_DEMO
EVT00035,LOC00035,EVENT_AT_LOCATION,0.4,SYNTHETIC_DEMO
EVT00035,NEWS00035,NEWS_HAS_EVENT,1,SYNTHETIC_DEMO
EVT00036,LOC00036,EVENT_AT_LOCATION,0.6,SYNTHETIC_DEMO
EVT00036,NEWS00036,NEWS_HAS_EVENT,1,SYNTHETIC_DEMO
EVT00037,LOC00037,EVENT_AT_LOCATION,0.8,SYNTHETIC_DEMO
EVT00037,NEWS00037,NEWS_HAS_EVENT,1,SYNTHETIC_DEMO
EVT00038,LOC00038,EVENT_AT_LOCATION,0.8,SYNTHETIC_DEMO
EVT00038,NEWS00038,NEWS_HAS_EVENT,1,SYNTHETIC_DEMO
EVT00039,LOC00039,EVENT_AT_LOCATION,0.4,SYNTHETIC_DEMO
EVT00039,NEWS00039,NEWS_HAS_EVENT,1,SYNTHETIC_DEMO
EVT00040,LOC00040,EVENT_AT_LOCATION,0.8,SYNTHETIC_DEMO
EVT00040,NEWS00040,NEWS_HAS_EVENT,1,SYNTHETIC_DEMO
EVT00041,LOC00041,EVENT_AT_LOCATION,0.2,SYNTHETIC_DEMO
EVT00041,NEWS00041,NEWS_HAS_EVENT,1,SYNTHETIC_DEMO
EVT00042,LOC00042,EVENT_AT_LOCATION,0.6,SYNTHETIC_DEMO
EVT00042,NEWS00042,NEWS_HAS_EVENT,1,SYNTHETIC_DEMO
EVT00043,LOC00043,EVENT_AT_LOCATION,0.6,SYNTHETIC_DEMO
EVT00043,NEWS00043,NEWS_HAS_EVENT,1,SYNTHETIC_DEMO
EVT00044,LOC00044,EVENT_AT_LOCATION,0.2,SYNTHETIC_DEMO
EVT00044,NEWS00044,NEWS_HAS_EVENT,1,SYNTHETIC_DEMO
EVT00045,LOC00045,EVENT_AT_LOCATION,0.8,SYNTHETIC_DEMO
EVT00045,NEWS00045,NEWS_HAS_EVENT,1,SYNTHETIC_DEMO
EVT00046,LOC00046,EVENT_AT_LOCATION,0.4,SYNTHETIC_DEMO
EVT00046,NEWS00046,NEWS_HAS_EVENT,1,SYNTHETIC_DEMO
EVT00047,LOC00047,EVENT_AT_LOCATION,0.6,SYNTHETIC_DEMO
EVT00047,NEWS00047,NEWS_HAS_EVENT,1,SYNTHETIC_DEMO
EVT00048,LOC00048,EVENT_AT_LOCATION,0.2,SYNTHETIC_DEMO
EVT00048,NEWS00048,NEWS_HAS_EVENT,1,SYNTHETIC_DEMO
EVT00049,LOC00049,EVENT_AT_LOCATION,0.4,SYNTHETIC_DEMO
EVT00049,NEWS00049,NEWS_HAS_EVENT,1,SYNTHETIC_DEMO
EVT00050,LOC00050,EVENT_AT_LOCATION,0.4,SYNTHETIC_DEMO
EVT00050,NEWS00050,NEWS_HAS_EVENT,1,SYNTHETIC_DEMO
EVT00051,LOC00051,EVENT_AT_LOCATION,0.8,SYNTHETIC_DEMO
EVT00051,NEWS00051,NEWS_HAS_EVENT,1,SYNTHETIC_DEMO
EVT00052,LOC00052,EVENT_AT_LOCATION,0.2,SYNTHETIC_DEMO
EVT00052,NEWS00052,NEWS_HAS_EVENT,1,SYNTHETIC_DEMO
EVT00053,LOC00053,EVENT_AT_LOCATION,0.4,SYNTHETIC_DEMO
EVT00053,NEWS00053,NEWS_HAS_EVENT,1,SYNTHETIC_DEMO
EVT00054,LOC00054,EVENT_AT_LOCATION,0.8,SYNTHETIC_DEMO
EVT00054,NEWS00054,NEWS_HAS_EVENT,1,SYNTHETIC_DEMO
EVT00055,LOC00055,EVENT_AT_LOCATION,1.0,SYNTHETIC_DEMO
EVT00055,NEWS00055,NEWS_HAS_EVENT,1,SYNTHETIC_DEMO
EVT00056,LOC00056,EVENT_AT_LOCATION,0.6,SYNTHETIC_DEMO
EVT00056,NEWS00056,NEWS_HAS_EVENT,1,SYNTHETIC_DEMO
EVT00057,LOC00057,EVENT_AT_LOCATION,0.6,SYNTHETIC_DEMO
EVT00057,NEWS00057,NEWS_HAS_EVENT,1,SYNTHETIC_DEMO
EVT00058,LOC00058,EVENT_AT_LOCATION,1.0,SYNTHETIC_DEMO
EVT00058,NEWS00058,NEWS_HAS_EVENT,1,SYNTHETIC_DEMO
EVT00059,LOC00059,EVENT_AT_LOCATION,0.2,SYNTHETIC_DEMO
EVT00059,NEWS00059,NEWS_HAS_EVENT,1,SYNTHETIC_DEMO
EVT00060,LOC00060,EVENT_AT_LOCATION,0.2,SYNTHETIC_DEMO
EVT00060,NEWS00060,NEWS_HAS_EVENT,1,SYNTHETIC_DEMO
EVT00061,LOC00061,EVENT_AT_LOCATION,0.2,SYNTHETIC_DEMO
EVT00061,NEWS00061,NEWS_HAS_EVENT,1,SYNTHETIC_DEMO
EVT00062,LOC00062,EVENT_AT_LOCATION,1.0,SYNTHETIC_DEMO
EVT00062,NEWS00062,NEWS_HAS_EVENT,1,SYNTHETIC_DEMO
EVT00063,LOC00063,EVENT_AT_LOCATION,1.0,SYNTHETIC_DEMO
EVT00063,NEWS00063,NEWS_HAS_EVENT,1,SYNTHETIC_DEMO
EVT00064,LOC00064,EVENT_AT_LOCATION,1.0,SYNTHETIC_DEMO
EVT00064,NEWS00064,NEWS_HAS_EVENT,1,SYNTHETIC_DEMO
EVT00065,LOC00065,EVENT_AT_LOCATION,0.8,SYNTHETIC_DEMO
EVT00065,NEWS00065,NEWS_HAS_EVENT,1,SYNTHETIC_DEMO
EVT00066,LOC00066,EVENT_AT_LOCATION,1.0,SYNTHETIC_DEMO
EVT00066,NEWS00066,NEWS_HAS_EVENT,1,SYNTHETIC_DEMO
EVT00067,LOC00067,EVENT_AT_LOCATION,0.6,SYNTHETIC_DEMO
EVT00067,NEWS00067,NEWS_HAS_EVENT,1,SYNTHETIC_DEMO
EVT00068,LOC00068,EVENT_AT_LOCATION,0.6,SYNTHETIC_DEMO
EVT00068,NEWS00068,NEWS_HAS_EVENT,1,SYNTHETIC_DEMO
EVT00069,LOC00069,EVENT_AT_LOCATION,0.6,SYNTHETIC_DEMO
EVT00069,NEWS00069,NEWS_HAS_EVENT,1,SYNTHETIC_DEMO
EVT00070,LOC00070,EVENT_AT_LOCATION,1.0,SYNTHETIC_DEMO
EVT00070,NEWS00070,NEWS_HAS_EVENT,1,SYNTHETIC_DEMO
EVT00071,LOC00071,EVENT_AT_LOCATION,0.4,SYNTHETIC_DEMO
EVT00071,NEWS00071,NEWS_HAS_EVENT,1,SYNTHETIC_DEMO
EVT00072,LOC00072,EVENT_AT_LOCATION,0.6,SYNTHETIC_DEMO
EVT00072,NEWS00072,NEWS_HAS_EVENT,1,SYNTHETIC_DEMO
EVT00073,LOC00073,EVENT_AT_LOCATION,0.8,SYNTHETIC_DEMO
EVT00073,NEWS00073,NEWS_HAS_EVENT,1,SYNTHETIC_DEMO
EVT00074,LOC00074,EVENT_AT_LOCATION,0.2,SYNTHETIC_DEMO
EVT00074,NEWS00074,NEWS_HAS_EVENT,1,SYNTHETIC_DEMO
EVT00075,LOC00075,EVENT_AT_LOCATION,0.2,SYNTHETIC_DEMO
EVT00075,NEWS00075,NEWS_HAS_EVENT,1,SYNTHETIC_DEMO
EVT00076,LOC00076,EVENT_AT_LOCATION,1.0,SYNTHETIC_DEMO
EVT00076,NEWS00076,NEWS_HAS_EVENT,1,SYNTHETIC_DEMO
EVT00077,LOC00077,EVENT_AT_LOCATION,0.6,SYNTHETIC_DEMO
EVT00077,NEWS00077,NEWS_HAS_EVENT,1,SYNTHETIC_DEMO
EVT00078,LOC00078,EVENT_AT_LOCATION,1.0,SYNTHETIC_DEMO
EVT00078,NEWS00078,NEWS_HAS_EVENT,1,SYNTHETIC_DEMO
EVT00079,LOC00079,EVENT_AT_LOCATION,0.2,SYNTHETIC_DEMO
EVT00079,NEWS00079,NEWS_HAS_EVENT,1,SYNTHETIC_DEMO
EVT00080,LOC00080,EVENT_AT_LOCATION,0.8,SYNTHETIC_DEMO
EVT00080,NEWS00080,NEWS_HAS_EVENT,1,SYNTHETIC_DEMO
EVT00081,LOC00081,EVENT_AT_LOCATION,0.6,SYNTHETIC_DEMO
EVT00081,NEWS00081,NEWS_HAS_EVENT,1,SYNTHETIC_DEMO
EVT00082,LOC00082,EVENT_AT_LOCATION,1.0,SYNTHETIC_DEMO
EVT00082,NEWS00082,NEWS_HAS_EVENT,1,SYNTHETIC_DEMO
EVT00083,LOC00083,EVENT_AT_LOCATION,1.0,SYNTHETIC_DEMO
EVT00083,NEWS00083,NEWS_HAS_EVENT,1,SYNTHETIC_DEMO
EVT00084,LOC00084,EVENT_AT_LOCATION,0.4,SYNTHETIC_DEMO
EVT00084,NEWS00084,NEWS_HAS_EVENT,1,SYNTHETIC_DEMO
EVT00085,LOC00085,EVENT_AT_LOCATION,0.2,SYNTHETIC_DEMO
EVT00085,NEWS00085,NEWS_HAS_EVENT,1,SYNTHETIC_DEMO
EVT00086,LOC00086,EVENT_AT_LOCATION,0.4,SYNTHETIC_DEMO
EVT00086,NEWS00086,NEWS_HAS_EVENT,1,SYNTHETIC_DEMO
EVT00087,LOC00087,EVENT_AT_LOCATION,0.4,SYNTHETIC_DEMO
EVT00087,NEWS00087,NEWS_HAS_EVENT,1,SYNTHETIC_DEMO
EVT00088,LOC00088,EVENT_AT_LOCATION,0.6,SYNTHETIC_DEMO
EVT00088,NEWS00088,NEWS_HAS_EVENT,1,SYNTHETIC_DEMO
EVT00089,LOC00089,EVENT_AT_LOCATION,0.8,SYNTHETIC_DEMO
EVT00089,NEWS00089,NEWS_HAS_EVENT,1,SYNTHETIC_DEMO
EVT00090,LOC00090,EVENT_AT_LOCATION,0.2,SYNTHETIC_DEMO
EVT00090,NEWS00090,NEWS_HAS_EVENT,1,SYNTHETIC_DEMO
EVT00091,LOC00091,EVENT_AT_LOCATION,0.6,SYNTHETIC_DEMO
EVT00091,NEWS00091,NEWS_HAS_EVENT,1,SYNTHETIC_DEMO
EVT00092,LOC00092,EVENT_AT_LOCATION,1.0,SYNTHETIC_DEMO
EVT00092,NEWS00092,NEWS_HAS_EVENT,1,SYNTHETIC_DEMO
EVT00093,LOC00093,EVENT_AT_LOCATION,1.0,SYNTHETIC_DEMO
EVT00093,NEWS00093,NEWS_HAS_EVENT,1,SYNTHETIC_DEMO
EVT00094,LOC00094,EVENT_AT_LOCATION,1.0,SYNTHETIC_DEMO
EVT00094,NEWS00094,NEWS_HAS_EVENT,1,SYNTHETIC_DEMO
EVT00095,LOC00095,EVENT_AT_LOCATION,0.8,SYNTHETIC_DEMO
EVT00095,NEWS00095,NEWS_HAS_EVENT,1,SYNTHETIC_DEMO
EVT00096,LOC00096,EVENT_AT_LOCATION,0.8,SYNTHETIC_DEMO
EVT00096,NEWS00096,NEWS_HAS_EVENT,1,SYNTHETIC_DEMO
EVT00097,LOC00097,EVENT_AT_LOCATION,1.0,SYNTHETIC_DEMO
EVT00097,NEWS00097,NEWS_HAS_EVENT,1,SYNTHETIC_DEMO
EVT00098,LOC00098,EVENT_AT_LOCATION,0.2,SYNTHETIC_DEMO
EVT00098,NEWS00098,NEWS_HAS_EVENT,1,SYNTHETIC_DEMO
EVT00099,LOC00099,EVENT_AT_LOCATION,0.4,SYNTHETIC_DEMO
EVT00099,NEWS00099,NEWS_HAS_EVENT,1,SYNTHETIC_DEMO
EVT00100,LOC00100,EVENT_AT_LOCATION,1.0,SYNTHETIC_DEMO
EVT00100,NEWS00100,NEWS_HAS_EVENT,1,SYNTHETIC_DEMO
EVT00101,LOC00101,EVENT_AT_LOCATION,1.0,SYNTHETIC_DEMO
EVT00101,NEWS00101,NEWS_HAS_EVENT,1,SYNTHETIC_DEMO
EVT00102,LOC00102,EVENT_AT_LOCATION,0.2,SYNTHETIC_DEMO
EVT00102,NEWS00102,NEWS_HAS_EVENT,1,SYNTHETIC_DEMO
EVT00103,LOC00103,EVENT_AT_LOCATION,0.2,SYNTHETIC_DEMO
EVT00103,NEWS00103,NEWS_HAS_EVENT,1,SYNTHETIC_DEMO
EVT00104,LOC00104,EVENT_AT_LOCATION,1.0,SYNTHETIC_DEMO
EVT00104,NEWS00104,NEWS_HAS_EVENT,1,SYNTHETIC_DEMO
EVT00105,LOC00105,EVENT_AT_LOCATION,1.0,SYNTHETIC_DEMO
EVT00105,NEWS00105,NEWS_HAS_EVENT,1,SYNTHETIC_DEMO
EVT00106,LOC00106,EVENT_AT_LOCATION,1.0,SYNTHETIC_DEMO
EVT00106,NEWS00106,NEWS_HAS_EVENT,1,SYNTHETIC_DEMO
EVT00107,LOC00107,EVENT_AT_LOCATION,0.4,SYNTHETIC_DEMO
EVT00107,NEWS00107,NEWS_HAS_EVENT,1,SYNTHETIC_DEMO
EVT00108,LOC00108,EVENT_AT_LOCATION,0.2,SYNTHETIC_DEMO
EVT00108,NEWS00108,NEWS_HAS_EVENT,1,SYNTHETIC_DEMO
EVT00109,LOC00109,EVENT_AT_LOCATION,1.0,SYNTHETIC_DEMO
EVT00109,NEWS00109,NEWS_HAS_EVENT,1,SYNTHETIC_DEMO
EVT00110,LOC00110,EVENT_AT_LOCATION,0.8,SYNTHETIC_DEMO
EVT00110,NEWS00110,NEWS_HAS_EVENT,1,SYNTHETIC_DEMO
EVT00111,LOC00111,EVENT_AT_LOCATION,1.0,SYNTHETIC_DEMO
EVT00111,NEWS00111,NEWS_HAS_EVENT,1,SYNTHETIC_DEMO
EVT00112,LOC00112,EVENT_AT_LOCATION,0.6,SYNTHETIC_DEMO
EVT00112,NEWS00112,NEWS_HAS_EVENT,1,SYNTHETIC_DEMO
EVT00113,LOC00113,EVENT_AT_LOCATION,0.6,SYNTHETIC_DEMO
EVT00113,NEWS00113,NEWS_HAS_EVENT,1,SYNTHETIC_DEMO
EVT00114,LOC00114,EVENT_AT_LOCATION,0.8,SYNTHETIC_DEMO
EVT00114,NEWS00114,NEWS_HAS_EVENT,1,SYNTHETIC_DEMO
EVT00115,LOC00115,EVENT_AT_LOCATION,0.8,SYNTHETIC_DEMO
EVT00115,NEWS00115,NEWS_HAS_EVENT,1,SYNTHETIC_DEMO
EVT00116,LOC00116,EVENT_AT_LOCATION,0.8,SYNTHETIC_DEMO
EVT00116,NEWS00116,NEWS_HAS_EVENT,1,SYNTHETIC_DEMO
EVT00117,LOC00117,EVENT_AT_LOCATION,0.2,SYNTHETIC_DEMO
EVT00117,NEWS00117,NEWS_HAS_EVENT,1,SYNTHETIC_DEMO
EVT00118,LOC00118,EVENT_AT_LOCATION,1.0,SYNTHETIC_DEMO
EVT00118,NEWS00118,NEWS_HAS_EVENT,1,SYNTHETIC_DEMO
EVT00119,LOC00119,EVENT_AT_LOCATION,0.6,SYNTHETIC_DEMO
EVT00119,NEWS00119,NEWS_HAS_EVENT,1,SYNTHETIC_DEMO
EVT00120,LOC00120,EVENT_AT_LOCATION,1.0,SYNTHETIC_DEMO
EVT00120,NEWS00120,NEWS_HAS_EVENT,1,SYNTHETIC_DEMO
EVT00121,LOC00121,EVENT_AT_LOCATION,0.2,SYNTHETIC_DEMO
EVT00121,NEWS00121,NEWS_HAS_EVENT,1,SYNTHETIC_DEMO
EVT00122,LOC00122,EVENT_AT_LOCATION,0.6,SYNTHETIC_DEMO
EVT00122,NEWS00122,NEWS_HAS_EVENT,1,SYNTHETIC_DEMO
EVT00123,LOC00123,EVENT_AT_LOCATION,0.4,SYNTHETIC_DEMO
EVT00123,NEWS00123,NEWS_HAS_EVENT,1,SYNTHETIC_DEMO
EVT00124,LOC00124,EVENT_AT_LOCATION,0.2,SYNTHETIC_DEMO
EVT00124,NEWS00124,NEWS_HAS_EVENT,1,SYNTHETIC_DEMO
EVT00125,LOC00125,EVENT_AT_LOCATION,1.0,SYNTHETIC_DEMO
EVT00125,NEWS00125,NEWS_HAS_EVENT,1,SYNTHETIC_DEMO
EVT00126,LOC00126,EVENT_AT_LOCATION,1.0,SYNTHETIC_DEMO
EVT00126,NEWS00126,NEWS_HAS_EVENT,1,SYNTHETIC_DEMO
EVT00127,LOC00127,EVENT_AT_LOCATION,0.8,SYNTHETIC_DEMO
EVT00127,NEWS00127,NEWS_HAS_EVENT,1,SYNTHETIC_DEMO
EVT00128,LOC00128,EVENT_AT_LOCATION,0.6,SYNTHETIC_DEMO
EVT00128,NEWS00128,NEWS_HAS_EVENT,1,SYNTHETIC_DEMO
EVT00129,LOC00129,EVENT_AT_LOCATION,1.0,SYNTHETIC_DEMO
EVT00129,NEWS00129,NEWS_HAS_EVENT,1,SYNTHETIC_DEMO
EVT00130,LOC00130,EVENT_AT_LOCATION,0.8,SYNTHETIC_DEMO
EVT00130,NEWS00130,NEWS_HAS_EVENT,1,SYNTHETIC_DEMO
EVT00131,LOC00131,EVENT_AT_LOCATION,0.4,SYNTHETIC_DEMO
EVT00131,NEWS00131,NEWS_HAS_EVENT,1,SYNTHETIC_DEMO
EVT00132,LOC00132,EVENT_AT_LOCATION,0.4,SYNTHETIC_DEMO
EVT00132,NEWS00132,NEWS_HAS_EVENT,1,SYNTHETIC_DEMO
EVT00133,LOC00133,EVENT_AT_LOCATION,0.2,SYNTHETIC_DEMO
EVT00133,NEWS00133,NEWS_HAS_EVENT,1,SYNTHETIC_DEMO
EVT00134,LOC00134,EVENT_AT_LOCATION,0.8,SYNTHETIC_DEMO
EVT00134,NEWS00134,NEWS_HAS_EVENT,1,SYNTHETIC_DEMO
EVT00135,LOC00135,EVENT_AT_LOCATION,0.2,SYNTHETIC_DEMO
EVT00135,NEWS00135,NEWS_HAS_EVENT,1,SYNTHETIC_DEMO
EVT00136,LOC00136,EVENT_AT_LOCATION,0.6,SYNTHETIC_DEMO
EVT00136,NEWS00136,NEWS_HAS_EVENT,1,SYNTHETIC_DEMO
EVT00137,LOC00137,EVENT_AT_LOCATION,0.4,SYNTHETIC_DEMO
EVT00137,NEWS00137,NEWS_HAS_EVENT,1,SYNTHETIC_DEMO
EVT00138,LOC00138,EVENT_AT_LOCATION,0.4,SYNTHETIC_DEMO
EVT00138,NEWS00138,NEWS_HAS_EVENT,1,SYNTHETIC_DEMO
EVT00139,LOC00139,EVENT_AT_LOCATION,1.0,SYNTHETIC_DEMO
EVT00139,NEWS00139,NEWS_HAS_EVENT,1,SYNTHETIC_DEMO
EVT00140,LOC00140,EVENT_AT_LOCATION,1.0,SYNTHETIC_DEMO
EVT00140,NEWS00140,NEWS_HAS_EVENT,1,SYNTHETIC_DEMO
EVT00141,LOC00141,EVENT_AT_LOCATION,0.4,SYNTHETIC_DEMO
EVT00141,NEWS00141,NEWS_HAS_EVENT,1,SYNTHETIC_DEMO
EVT00142,LOC00142,EVENT_AT_LOCATION,0.8,SYNTHETIC_DEMO
EVT00142,NEWS00142,NEWS_HAS_EVENT,1,SYNTHETIC_DEMO
EVT00143,LOC00143,EVENT_AT_LOCATION,1.0,SYNTHETIC_DEMO
EVT00143,NEWS00143,NEWS_HAS_EVENT,1,SYNTHETIC_DEMO
EVT00144,LOC00144,EVENT_AT_LOCATION,0.6,SYNTHETIC_DEMO
EVT00144,NEWS00144,NEWS_HAS_EVENT,1,SYNTHETIC_DEMO
EVT00145,LOC00145,EVENT_AT_LOCATION,0.8,SYNTHETIC_DEMO
EVT00145,NEWS00145,NEWS_HAS_EVENT,1,SYNTHETIC_DEMO
EVT00146,LOC00146,EVENT_AT_LOCATION,0.2,SYNTHETIC_DEMO
EVT00146,NEWS00146,NEWS_HAS_EVENT,1,SYNTHETIC_DEMO
EVT00147,LOC00147,EVENT_AT_LOCATION,0.6,SYNTHETIC_DEMO
EVT00147,NEWS00147,NEWS_HAS_EVENT,1,SYNTHETIC_DEMO
EVT00148,LOC00148,EVENT_AT_LOCATION,0.6,SYNTHETIC_DEMO
EVT00148,NEWS00148,NEWS_HAS_EVENT,1,SYNTHETIC_DEMO
EVT00149,LOC00149,EVENT_AT_LOCATION,0.2,SYNTHETIC_DEMO
EVT00149,NEWS00149,NEWS_HAS_EVENT,1,SYNTHETIC_DEMO
EVT00150,LOC00150,EVENT_AT_LOCATION,0.8,SYNTHETIC_DEMO
EVT00150,NEWS00150,NEWS_HAS_EVENT,1,SYNTHETIC_DEMO
EVT00151,LOC00151,EVENT_AT_LOCATION,1.0,SYNTHETIC_DEMO
EVT00151,NEWS00151,NEWS_HAS_EVENT,1,SYNTHETIC_DEMO
EVT00152,LOC00152,EVENT_AT_LOCATION,0.8,SYNTHETIC_DEMO
EVT00152,NEWS00152,NEWS_HAS_EVENT,1,SYNTHETIC_DEMO
EVT00153,LOC00153,EVENT_AT_LOCATION,0.4,SYNTHETIC_DEMO
EVT00153,NEWS00153,NEWS_HAS_EVENT,1,SYNTHETIC_DEMO
EVT00154,LOC00154,EVENT_AT_LOCATION,0.6,SYNTHETIC_DEMO
EVT00154,NEWS00154,NEWS_HAS_EVENT,1,SYNTHETIC_DEMO
EVT00155,LOC00155,EVENT_AT_LOCATION,0.6,SYNTHETIC_DEMO
EVT00155,NEWS00155,NEWS_HAS_EVENT,1,SYNTHETIC_DEMO
EVT00156,LOC00156,EVENT_AT_LOCATION,1.0,SYNTHETIC_DEMO
EVT00156,NEWS00156,NEWS_HAS_EVENT,1,SYNTHETIC_DEMO
EVT00157,LOC00157,EVENT_AT_LOCATION,0.6,SYNTHETIC_DEMO
EVT00157,NEWS00157,NEWS_HAS_EVENT,1,SYNTHETIC_DEMO
EVT00158,LOC00158,EVENT_AT_LOCATION,1.0,SYNTHETIC_DEMO
EVT00158,NEWS00158,NEWS_HAS_EVENT,1,SYNTHETIC_DEMO
EVT00159,LOC00159,EVENT_AT_LOCATION,0.8,SYNTHETIC_DEMO
EVT00159,NEWS00159,NEWS_HAS_EVENT,1,SYNTHETIC_DEMO
EVT00160,LOC00160,EVENT_AT_LOCATION,1.0,SYNTHETIC_DEMO
EVT00160,NEWS00160,NEWS_HAS_EVENT,1,SYNTHETIC_DEMO
EVT00161,LOC00161,EVENT_AT_LOCATION,0.8,SYNTHETIC_DEMO
EVT00161,NEWS00161,NEWS_HAS_EVENT,1,SYNTHETIC_DEMO
EVT00162,LOC00162,EVENT_AT_LOCATION,0.6,SYNTHETIC_DEMO
EVT00162,NEWS00162,NEWS_HAS_EVENT,1,SYNTHETIC_DEMO
EVT00163,LOC00163,EVENT_AT_LOCATION,1.0,SYNTHETIC_DEMO
EVT00163,NEWS00163,NEWS_HAS_EVENT,1,SYNTHETIC_DEMO
EVT00164,LOC00164,EVENT_AT_LOCATION,0.6,SYNTHETIC_DEMO
EVT00164,NEWS00164,NEWS_HAS_EVENT,1,SYNTHETIC_DEMO
EVT00165,LOC00165,EVENT_AT_LOCATION,1.0,SYNTHETIC_DEMO
EVT00165,NEWS00165,NEWS_HAS_EVENT,1,SYNTHETIC_DEMO
EVT00166,LOC00166,EVENT_AT_LOCATION,0.2,SYNTHETIC_DEMO
EVT00166,NEWS00166,NEWS_HAS_EVENT,1,SYNTHETIC_DEMO
EVT00167,LOC00167,EVENT_AT_LOCATION,0.8,SYNTHETIC_DEMO
EVT00167,NEWS00167,NEWS_HAS_EVENT,1,SYNTHETIC_DEMO
EVT00168,LOC00168,EVENT_AT_LOCATION,0.8,SYNTHETIC_DEMO
EVT00168,NEWS00168,NEWS_HAS_EVENT,1,SYNTHETIC_DEMO
EVT00169,LOC00169,EVENT_AT_LOCATION,0.6,SYNTHETIC_DEMO
EVT00169,NEWS00169,NEWS_HAS_EVENT,1,SYNTHETIC_DEMO
EVT00170,LOC00170,EVENT_AT_LOCATION,1.0,SYNTHETIC_DEMO
EVT00170,NEWS00170,NEWS_HAS_EVENT,1,SYNTHETIC_DEMO
EVT00171,LOC00171,EVENT_AT_LOCATION,1.0,SYNTHETIC_DEMO
EVT00171,NEWS00171,NEWS_HAS_EVENT,1,SYNTHETIC_DEMO
EVT00172,LOC00172,EVENT_AT_LOCATION,0.8,SYNTHETIC_DEMO
EVT00172,NEWS00172,NEWS_HAS_EVENT,1,SYNTHETIC_DEMO
EVT00173,LOC00173,EVENT_AT_LOCATION,0.8,SYNTHETIC_DEMO
EVT00173,NEWS00173,NEWS_HAS_EVENT,1,SYNTHETIC_DEMO
EVT00174,LOC00174,EVENT_AT_LOCATION,0.4,SYNTHETIC_DEMO
EVT00174,NEWS00174,NEWS_HAS_EVENT,1,SYNTHETIC_DEMO
EVT00175,LOC00175,EVENT_AT_LOCATION,0.8,SYNTHETIC_DEMO
EVT00175,NEWS00175,NEWS_HAS_EVENT,1,SYNTHETIC_DEMO
EVT00176,LOC00176,EVENT_AT_LOCATION,0.8,SYNTHETIC_DEMO
EVT00176,NEWS00176,NEWS_HAS_EVENT,1,SYNTHETIC_DEMO
EVT00177,LOC00177,EVENT_AT_LOCATION,0.2,SYNTHETIC_DEMO
EVT00177,NEWS00177,NEWS_HAS_EVENT,1,SYNTHETIC_DEMO
EVT00178,LOC00178,EVENT_AT_LOCATION,0.4,SYNTHETIC_DEMO
EVT00178,NEWS00178,NEWS_HAS_EVENT,1,SYNTHETIC_DEMO
EVT00179,LOC00179,EVENT_AT_LOCATION,0.2,SYNTHETIC_DEMO
EVT00179,NEWS00179,NEWS_HAS_EVENT,1,SYNTHETIC_DEMO
EVT00180,LOC00180,EVENT_AT_LOCATION,0.4,SYNTHETIC_DEMO
EVT00180,NEWS00180,NEWS_HAS_EVENT,1,SYNTHETIC_DEMO
EVT00181,LOC00181,EVENT_AT_LOCATION,1.0,SYNTHETIC_DEMO
EVT00181,NEWS00181,NEWS_HAS_EVENT,1,SYNTHETIC_DEMO
EVT00182,LOC00182,EVENT_AT_LOCATION,0.6,SYNTHETIC_DEMO
EVT00182,NEWS00182,NEWS_HAS_EVENT,1,SYNTHETIC_DEMO
EVT00183,LOC00183,EVENT_AT_LOCATION,0.2,SYNTHETIC_DEMO
EVT00183,NEWS00183,NEWS_HAS_EVENT,1,SYNTHETIC_DEMO
EVT00184,LOC00184,EVENT_AT_LOCATION,1.0,SYNTHETIC_DEMO
EVT00184,NEWS00184,NEWS_HAS_EVENT,1,SYNTHETIC_DEMO
EVT00185,LOC00185,EVENT_AT_LOCATION,0.6,SYNTHETIC_DEMO
EVT00185,NEWS00185,NEWS_HAS_EVENT,1,SYNTHETIC_DEMO
EVT00186,LOC00186,EVENT_AT_LOCATION,0.4,SYNTHETIC_DEMO
EVT00186,NEWS00186,NEWS_HAS_EVENT,1,SYNTHETIC_DEMO
EVT00187,LOC00187,EVENT_AT_LOCATION,0.2,SYNTHETIC_DEMO
EVT00187,NEWS00187,NEWS_HAS_EVENT,1,SYNTHETIC_DEMO
EVT00188,LOC00188,EVENT_AT_LOCATION,1.0,SYNTHETIC_DEMO
EVT00188,NEWS00188,NEWS_HAS_EVENT,1,SYNTHETIC_DEMO
EVT00189,LOC00189,EVENT_AT_LOCATION,0.6,SYNTHETIC_DEMO
EVT00189,NEWS00189,NEWS_HAS_EVENT,1,SYNTHETIC_DEMO
EVT00190,LOC00190,EVENT_AT_LOCATION,0.8,SYNTHETIC_DEMO
EVT00190,NEWS00190,NEWS_HAS_EVENT,1,SYNTHETIC_DEMO
EVT00191,LOC00191,EVENT_AT_LOCATION,1.0,SYNTHETIC_DEMO
EVT00191,NEWS00191,NEWS_HAS_EVENT,1,SYNTHETIC_DEMO
EVT00192,LOC00192,EVENT_AT_LOCATION,0.6,SYNTHETIC_DEMO
EVT00192,NEWS00192,NEWS_HAS_EVENT,1,SYNTHETIC_DEMO
EVT00193,LOC00193,EVENT_AT_LOCATION,0.8,SYNTHETIC_DEMO
EVT00193,NEWS00193,NEWS_HAS_EVENT,1,SYNTHETIC_DEMO
EVT00194,LOC00194,EVENT_AT_LOCATION,0.2,SYNTHETIC_DEMO
EVT00194,NEWS00194,NEWS_HAS_EVENT,1,SYNTHETIC_DEMO
EVT00195,LOC00195,EVENT_AT_LOCATION,0.4,SYNTHETIC_DEMO
EVT00195,NEWS00195,NEWS_HAS_EVENT,1,SYNTHETIC_DEMO
EVT00196,LOC00196,EVENT_AT_LOCATION,0.8,SYNTHETIC_DEMO
EVT00196,NEWS00196,NEWS_HAS_EVENT,1,SYNTHETIC_DEMO
EVT00197,LOC00197,EVENT_AT_LOCATION,0.6,SYNTHETIC_DEMO
EVT00197,NEWS00197,NEWS_HAS_EVENT,1,SYNTHETIC_DEMO
EVT00198,LOC00198,EVENT_AT_LOCATION,0.2,SYNTHETIC_DEMO
EVT00198,NEWS00198,NEWS_HAS_EVENT,1,SYNTHETIC_DEMO
EVT00199,LOC00199,EVENT_AT_LOCATION,1.0,SYNTHETIC_DEMO
EVT00199,NEWS00199,NEWS_HAS_EVENT,1,SYNTHETIC_DEMO
EVT00200,LOC00200,EVENT_AT_LOCATION,0.6,SYNTHETIC_DEMO
EVT00200,NEWS00200,NEWS_HAS_EVENT,1,SYNTHETIC_DEMO
EVT00201,LOC00201,EVENT_AT_LOCATION,0.2,SYNTHETIC_DEMO
EVT00201,NEWS00201,NEWS_HAS_EVENT,1,SYNTHETIC_DEMO
EVT00202,LOC00202,EVENT_AT_LOCATION,0.2,SYNTHETIC_DEMO
EVT00202,NEWS00202,NEWS_HAS_EVENT,1,SYNTHETIC_DEMO
EVT00203,LOC00203,EVENT_AT_LOCATION,0.2,SYNTHETIC_DEMO
EVT00203,NEWS00203,NEWS_HAS_EVENT,1,SYNTHETIC_DEMO
EVT00204,LOC00204,EVENT_AT_LOCATION,0.8,SYNTHETIC_DEMO
EVT00204,NEWS00204,NEWS_HAS_EVENT,1,SYNTHETIC_DEMO
EVT00205,LOC00205,EVENT_AT_LOCATION,0.6,SYNTHETIC_DEMO
EVT00205,NEWS00205,NEWS_HAS_EVENT,1,SYNTHETIC_DEMO
EVT00206,LOC00206,EVENT_AT_LOCATION,0.8,SYNTHETIC_DEMO
EVT00206,NEWS00206,NEWS_HAS_EVENT,1,SYNTHETIC_DEMO
EVT00207,LOC00207,EVENT_AT_LOCATION,0.2,SYNTHETIC_DEMO
EVT00207,NEWS00207,NEWS_HAS_EVENT,1,SYNTHETIC_DEMO
EVT00208,LOC00208,EVENT_AT_LOCATION,0.2,SYNTHETIC_DEMO
EVT00208,NEWS00208,NEWS_HAS_EVENT,1,SYNTHETIC_DEMO
EVT00209,LOC00209,EVENT_AT_LOCATION,0.8,SYNTHETIC_DEMO
EVT00209,NEWS00209,NEWS_HAS_EVENT,1,SYNTHETIC_DEMO
EVT00210,LOC00210,EVENT_AT_LOCATION,0.8,SYNTHETIC_DEMO
EVT00210,NEWS00210,NEWS_HAS_EVENT,1,SYNTHETIC_DEMO
EVT00211,LOC00211,EVENT_AT_LOCATION,0.8,SYNTHETIC_DEMO
EVT00211,NEWS00211,NEWS_HAS_EVENT,1,SYNTHETIC_DEMO
EVT00212,LOC00212,EVENT_AT_LOCATION,0.2,SYNTHETIC_DEMO
EVT00212,NEWS00212,NEWS_HAS_EVENT,1,SYNTHETIC_DEMO
EVT00213,LOC00213,EVENT_AT_LOCATION,1.0,SYNTHETIC_DEMO
EVT00213,NEWS00213,NEWS_HAS_EVENT,1,SYNTHETIC_DEMO
EVT00214,LOC00214,EVENT_AT_LOCATION,0.2,SYNTHETIC_DEMO
EVT00214,NEWS00214,NEWS_HAS_EVENT,1,SYNTHETIC_DEMO
EVT00215,LOC00215,EVENT_AT_LOCATION,1.0,SYNTHETIC_DEMO
EVT00215,NEWS00215,NEWS_HAS_EVENT,1,SYNTHETIC_DEMO
EVT00216,LOC00216,EVENT_AT_LOCATION,0.4,SYNTHETIC_DEMO
EVT00216,NEWS00216,NEWS_HAS_EVENT,1,SYNTHETIC_DEMO
EVT00217,LOC00217,EVENT_AT_LOCATION,1.0,SYNTHETIC_DEMO
EVT00217,NEWS00217,NEWS_HAS_EVENT,1,SYNTHETIC_DEMO
EVT00218,LOC00218,EVENT_AT_LOCATION,0.6,SYNTHETIC_DEMO
EVT00218,NEWS00218,NEWS_HAS_EVENT,1,SYNTHETIC_DEMO
EVT00219,LOC00219,EVENT_AT_LOCATION,0.2,SYNTHETIC_DEMO
EVT00219,NEWS00219,NEWS_HAS_EVENT,1,SYNTHETIC_DEMO
EVT00220,LOC00220,EVENT_AT_LOCATION,1.0,SYNTHETIC_DEMO
EVT00220,NEWS00220,NEWS_HAS_EVENT,1,SYNTHETIC_DEMO
EVT00221,LOC00221,EVENT_AT_LOCATION,0.4,SYNTHETIC_DEMO
EVT00221,NEWS00221,NEWS_HAS_EVENT,1,SYNTHETIC_DEMO
EVT00222,LOC00222,EVENT_AT_LOCATION,0.4,SYNTHETIC_DEMO
EVT00222,NEWS00222,NEWS_HAS_EVENT,1,SYNTHETIC_DEMO
EVT00223,LOC00223,EVENT_AT_LOCATION,0.4,SYNTHETIC_DEMO
EVT00223,NEWS00223,NEWS_HAS_EVENT,1,SYNTHETIC_DEMO
EVT00224,LOC00224,EVENT_AT_LOCATION,1.0,SYNTHETIC_DEMO
EVT00224,NEWS00224,NEWS_HAS_EVENT,1,SYNTHETIC_DEMO
EVT00225,LOC00225,EVENT_AT_LOCATION,1.0,SYNTHETIC_DEMO
EVT00225,NEWS00225,NEWS_HAS_EVENT,1,SYNTHETIC_DEMO
EVT00226,LOC00226,EVENT_AT_LOCATION,0.2,SYNTHETIC_DEMO
EVT00226,NEWS00226,NEWS_HAS_EVENT,1,SYNTHETIC_DEMO
EVT00227,LOC00227,EVENT_AT_LOCATION,0.6,SYNTHETIC_DEMO
EVT00227,NEWS00227,NEWS_HAS_EVENT,1,SYNTHETIC_DEMO
EVT00228,LOC00228,EVENT_AT_LOCATION,0.8,SYNTHETIC_DEMO
EVT00228,NEWS00228,NEWS_HAS_EVENT,1,SYNTHETIC_DEMO
EVT00229,LOC00229,EVENT_AT_LOCATION,1.0,SYNTHETIC_DEMO
EVT00229,NEWS00229,NEWS_HAS_EVENT,1,SYNTHETIC_DEMO
EVT00230,LOC00230,EVENT_AT_LOCATION,0.8,SYNTHETIC_DEMO
EVT00230,NEWS00230,NEWS_HAS_EVENT,1,SYNTHETIC_DEMO
EVT00231,LOC00231,EVENT_AT_LOCATION,0.8,SYNTHETIC_DEMO
EVT00231,NEWS00231,NEWS_HAS_EVENT,1,SYNTHETIC_DEMO
EVT00232,LOC00232,EVENT_AT_LOCATION,1.0,SYNTHETIC_DEMO
EVT00232,NEWS00232,NEWS_HAS_EVENT,1,SYNTHETIC_DEMO
EVT00233,LOC00233,EVENT_AT_LOCATION,1.0,SYNTHETIC_DEMO
EVT00233,NEWS00233,NEWS_HAS_EVENT,1,SYNTHETIC_DEMO
EVT00234,LOC00234,EVENT_AT_LOCATION,0.4,SYNTHETIC_DEMO
EVT00234,NEWS00234,NEWS_HAS_EVENT,1,SYNTHETIC_DEMO
EVT00235,LOC00235,EVENT_AT_LOCATION,0.2,SYNTHETIC_DEMO
EVT00235,NEWS00235,NEWS_HAS_EVENT,1,SYNTHETIC_DEMO
EVT00236,LOC00236,EVENT_AT_LOCATION,0.8,SYNTHETIC_DEMO
EVT00236,NEWS00236,NEWS_HAS_EVENT,1,SYNTHETIC_DEMO
EVT00237,LOC00237,EVENT_AT_LOCATION,0.4,SYNTHETIC_DEMO
EVT00237,NEWS00237,NEWS_HAS_EVENT,1,SYNTHETIC_DEMO
EVT00238,LOC00238,EVENT_AT_LOCATION,0.2,SYNTHETIC_DEMO
EVT00238,NEWS00238,NEWS_HAS_EVENT,1,SYNTHETIC_DEMO
EVT00239,LOC00239,EVENT_AT_LOCATION,0.2,SYNTHETIC_DEMO
EVT00239,NEWS00239,NEWS_HAS_EVENT,1,SYNTHETIC_DEMO
EVT00240,LOC00240,EVENT_AT_LOCATION,0.6,SYNTHETIC_DEMO
EVT00240,NEWS00240,NEWS_HAS_EVENT,1,SYNTHETIC_DEMO
EVT00241,LOC00241,EVENT_AT_LOCATION,0.8,SYNTHETIC_DEMO
EVT00241,NEWS00241,NEWS_HAS_EVENT,1,SYNTHETIC_DEMO
EVT00242,LOC00242,EVENT_AT_LOCATION,0.4,SYNTHETIC_DEMO
EVT00242,NEWS00242,NEWS_HAS_EVENT,1,SYNTHETIC_DEMO
EVT00243,LOC00243,EVENT_AT_LOCATION,1.0,SYNTHETIC_DEMO
EVT00243,NEWS00243,NEWS_HAS_EVENT,1,SYNTHETIC_DEMO
EVT00244,LOC00244,EVENT_AT_LOCATION,0.2,SYNTHETIC_DEMO
EVT00244,NEWS00244,NEWS_HAS_EVENT,1,SYNTHETIC_DEMO
EVT00245,LOC00245,EVENT_AT_LOCATION,0.6,SYNTHETIC_DEMO
EVT00245,NEWS00245,NEWS_HAS_EVENT,1,SYNTHETIC_DEMO
EVT00246,LOC00246,EVENT_AT_LOCATION,0.4,SYNTHETIC_DEMO
EVT00246,NEWS00246,NEWS_HAS_EVENT,1,SYNTHETIC_DEMO
EVT00247,LOC00247,EVENT_AT_LOCATION,0.6,SYNTHETIC_DEMO
EVT00247,NEWS00247,NEWS_HAS_EVENT,1,SYNTHETIC_DEMO
EVT00248,LOC00248,EVENT_AT_LOCATION,0.6,SYNTHETIC_DEMO
EVT00248,NEWS00248,NEWS_HAS_EVENT,1,SYNTHETIC_DEMO
EVT00249,LOC00249,EVENT_AT_LOCATION,0.2,SYNTHETIC_DEMO
EVT00249,NEWS00249,NEWS_HAS_EVENT,1,SYNTHETIC_DEMO
EVT00250,LOC00250,EVENT_AT_LOCATION,0.4,SYNTHETIC_DEMO
EVT00250,NEWS00250,NEWS_HAS_EVENT,1,SYNTHETIC_DEMO
EVT00251,LOC00251,EVENT_AT_LOCATION,0.2,SYNTHETIC_DEMO
EVT00251,NEWS00251,NEWS_HAS_EVENT,1,SYNTHETIC_DEMO
EVT00252,LOC00252,EVENT_AT_LOCATION,1.0,SYNTHETIC_DEMO
EVT00252,NEWS00252,NEWS_HAS_EVENT,1,SYNTHETIC_DEMO
EVT00253,LOC00253,EVENT_AT_LOCATION,0.4,SYNTHETIC_DEMO
EVT00253,NEWS00253,NEWS_HAS_EVENT,1,SYNTHETIC_DEMO
EVT00254,LOC00254,EVENT_AT_LOCATION,0.4,SYNTHETIC_DEMO
EVT00254,NEWS00254,NEWS_HAS_EVENT,1,SYNTHETIC_DEMO
EVT00255,LOC00255,EVENT_AT_LOCATION,0.2,SYNTHETIC_DEMO
EVT00255,NEWS00255,NEWS_HAS_EVENT,1,SYNTHETIC_DEMO
EVT00256,LOC00256,EVENT_AT_LOCATION,1.0,SYNTHETIC_DEMO
EVT00256,NEWS00256,NEWS_HAS_EVENT,1,SYNTHETIC_DEMO
EVT00257,LOC00257,EVENT_AT_LOCATION,0.8,SYNTHETIC_DEMO
EVT00257,NEWS00257,NEWS_HAS_EVENT,1,SYNTHETIC_DEMO
EVT00258,LOC00258,EVENT_AT_LOCATION,0.6,SYNTHETIC_DEMO
EVT00258,NEWS00258,NEWS_HAS_EVENT,1,SYNTHETIC_DEMO
EVT00259,LOC00259,EVENT_AT_LOCATION,0.4,SYNTHETIC_DEMO
EVT00259,NEWS00259,NEWS_HAS_EVENT,1,SYNTHETIC_DEMO
EVT00260,LOC00260,EVENT_AT_LOCATION,0.8,SYNTHETIC_DEMO
EVT00260,NEWS00260,NEWS_HAS_EVENT,1,SYNTHETIC_DEMO
EVT00261,LOC00261,EVENT_AT_LOCATION,0.4,SYNTHETIC_DEMO
EVT00261,NEWS00261,NEWS_HAS_EVENT,1,SYNTHETIC_DEMO
EVT00262,LOC00262,EVENT_AT_LOCATION,0.4,SYNTHETIC_DEMO
EVT00262,NEWS00262,NEWS_HAS_EVENT,1,SYNTHETIC_DEMO
EVT00263,LOC00263,EVENT_AT_LOCATION,0.8,SYNTHETIC_DEMO
EVT00263,NEWS00263,NEWS_HAS_EVENT,1,SYNTHETIC_DEMO
EVT00264,LOC00264,EVENT_AT_LOCATION,0.6,SYNTHETIC_DEMO
EVT00264,NEWS00264,NEWS_HAS_EVENT,1,SYNTHETIC_DEMO
EVT00265,LOC00265,EVENT_AT_LOCATION,1.0,SYNTHETIC_DEMO
EVT00265,NEWS00265,NEWS_HAS_EVENT,1,SYNTHETIC_DEMO
EVT00266,LOC00266,EVENT_AT_LOCATION,0.8,SYNTHETIC_DEMO
EVT00266,NEWS00266,NEWS_HAS_EVENT,1,SYNTHETIC_DEMO
EVT00267,LOC00267,EVENT_AT_LOCATION,0.4,SYNTHETIC_DEMO
EVT00267,NEWS00267,NEWS_HAS_EVENT,1,SYNTHETIC_DEMO
EVT00268,LOC00268,EVENT_AT_LOCATION,0.2,SYNTHETIC_DEMO
EVT00268,NEWS00268,NEWS_HAS_EVENT,1,SYNTHETIC_DEMO
EVT00269,LOC00269,EVENT_AT_LOCATION,0.6,SYNTHETIC_DEMO
EVT00269,NEWS00269,NEWS_HAS_EVENT,1,SYNTHETIC_DEMO
EVT00270,LOC00270,EVENT_AT_LOCATION,1.0,SYNTHETIC_DEMO
EVT00270,NEWS00270,NEWS_HAS_EVENT,1,SYNTHETIC_DEMO
EVT00271,LOC00271,EVENT_AT_LOCATION,0.8,SYNTHETIC_DEMO
EVT00271,NEWS00271,NEWS_HAS_EVENT,1,SYNTHETIC_DEMO
EVT00272,LOC00272,EVENT_AT_LOCATION,0.4,SYNTHETIC_DEMO
EVT00272,NEWS00272,NEWS_HAS_EVENT,1,SYNTHETIC_DEMO
EVT00273,LOC00273,EVENT_AT_LOCATION,0.6,SYNTHETIC_DEMO
EVT00273,NEWS00273,NEWS_HAS_EVENT,1,SYNTHETIC_DEMO
EVT00274,LOC00274,EVENT_AT_LOCATION,0.2,SYNTHETIC_DEMO
EVT00274,NEWS00274,NEWS_HAS_EVENT,1,SYNTHETIC_DEMO
EVT00275,LOC00275,EVENT_AT_LOCATION,0.6,SYNTHETIC_DEMO
EVT00275,NEWS00275,NEWS_HAS_EVENT,1,SYNTHETIC_DEMO
EVT00276,LOC00276,EVENT_AT_LOCATION,0.2,SYNTHETIC_DEMO
EVT00276,NEWS00276,NEWS_HAS_EVENT,1,SYNTHETIC_DEMO
EVT00277,LOC00277,EVENT_AT_LOCATION,1.0,SYNTHETIC_DEMO
EVT00277,NEWS00277,NEWS_HAS_EVENT,1,SYNTHETIC_DEMO
EVT00278,LOC00278,EVENT_AT_LOCATION,0.2,SYNTHETIC_DEMO
EVT00278,NEWS00278,NEWS_HAS_EVENT,1,SYNTHETIC_DEMO
EVT00279,LOC00279,EVENT_AT_LOCATION,0.6,SYNTHETIC_DEMO
EVT00279,NEWS00279,NEWS_HAS_EVENT,1,SYNTHETIC_DEMO
EVT00280,LOC00280,EVENT_AT_LOCATION,0.4,SYNTHETIC_DEMO
EVT00280,NEWS00280,NEWS_HAS_EVENT,1,SYNTHETIC_DEMO
EVT00281,LOC00281,EVENT_AT_LOCATION,1.0,SYNTHETIC_DEMO
EVT00281,NEWS00281,NEWS_HAS_EVENT,1,SYNTHETIC_DEMO
EVT00282,LOC00282,EVENT_AT_LOCATION,1.0,SYNTHETIC_DEMO
EVT00282,NEWS00282,NEWS_HAS_EVENT,1,SYNTHETIC_DEMO
EVT00283,LOC00283,EVENT_AT_LOCATION,1.0,SYNTHETIC_DEMO
EVT00283,NEWS00283,NEWS_HAS_EVENT,1,SYNTHETIC_DEMO
EVT00284,LOC00284,EVENT_AT_LOCATION,0.8,SYNTHETIC_DEMO
EVT00284,NEWS00284,NEWS_HAS_EVENT,1,SYNTHETIC_DEMO
EVT00285,LOC00285,EVENT_AT_LOCATION,1.0,SYNTHETIC_DEMO
EVT00285,NEWS00285,NEWS_HAS_EVENT,1,SYNTHETIC_DEMO
EVT00286,LOC00286,EVENT_AT_LOCATION,0.2,SYNTHETIC_DEMO
EVT00286,NEWS00286,NEWS_HAS_EVENT,1,SYNTHETIC_DEMO
EVT00287,LOC00287,EVENT_AT_LOCATION,1.0,SYNTHETIC_DEMO
EVT00287,NEWS00287,NEWS_HAS_EVENT,1,SYNTHETIC_DEMO
EVT00288,LOC00288,EVENT_AT_LOCATION,1.0,SYNTHETIC_DEMO
EVT00288,NEWS00288,NEWS_HAS_EVENT,1,SYNTHETIC_DEMO
EVT00289,LOC00289,EVENT_AT_LOCATION,1.0,SYNTHETIC_DEMO
EVT00289,NEWS00289,NEWS_HAS_EVENT,1,SYNTHETIC_DEMO
EVT00290,LOC00290,EVENT_AT_LOCATION,0.4,SYNTHETIC_DEMO
EVT00290,NEWS00290,NEWS_HAS_EVENT,1,SYNTHETIC_DEMO
EVT00291,LOC00291,EVENT_AT_LOCATION,1.0,SYNTHETIC_DEMO
EVT00291,NEWS00291,NEWS_HAS_EVENT,1,SYNTHETIC_DEMO
EVT00292,LOC00292,EVENT_AT_LOCATION,0.4,SYNTHETIC_DEMO
EVT00292,NEWS00292,NEWS_HAS_EVENT,1,SYNTHETIC_DEMO
EVT00293,LOC00293,EVENT_AT_LOCATION,0.8,SYNTHETIC_DEMO
EVT00293,NEWS00293,NEWS_HAS_EVENT,1,SYNTHETIC_DEMO
EVT00294,LOC00294,EVENT_AT_LOCATION,0.4,SYNTHETIC_DEMO
EVT00294,NEWS00294,NEWS_HAS_EVENT,1,SYNTHETIC_DEMO
EVT00295,LOC00295,EVENT_AT_LOCATION,0.6,SYNTHETIC_DEMO
EVT00295,NEWS00295,NEWS_HAS_EVENT,1,SYNTHETIC_DEMO
EVT00296,LOC00296,EVENT_AT_LOCATION,0.8,SYNTHETIC_DEMO
EVT00296,NEWS00296,NEWS_HAS_EVENT,1,SYNTHETIC_DEMO
EVT00297,LOC00297,EVENT_AT_LOCATION,0.4,SYNTHETIC_DEMO
EVT00297,NEWS00297,NEWS_HAS_EVENT,1,SYNTHETIC_DEMO
EVT00298,LOC00298,EVENT_AT_LOCATION,0.8,SYNTHETIC_DEMO
EVT00298,NEWS00298,NEWS_HAS_EVENT,1,SYNTHETIC_DEMO
EVT00299,LOC00299,EVENT_AT_LOCATION,1.0,SYNTHETIC_DEMO
EVT00299,NEWS00299,NEWS_HAS_EVENT,1,SYNTHETIC_DEMO
EVT00300,LOC00300,EVENT_AT_LOCATION,1.0,SYNTHETIC_DEMO
EVT00300,NEWS00300,NEWS_HAS_EVENT,1,SYNTHETIC_DEMO
EVT00301,LOC00301,EVENT_AT_LOCATION,0.2,SYNTHETIC_DEMO
EVT00301,NEWS00301,NEWS_HAS_EVENT,1,SYNTHETIC_DEMO
EVT00302,LOC00302,EVENT_AT_LOCATION,0.6,SYNTHETIC_DEMO
EVT00302,NEWS00302,NEWS_HAS_EVENT,1,SYNTHETIC_DEMO
EVT00303,LOC00303,EVENT_AT_LOCATION,0.6,SYNTHETIC_DEMO
EVT00303,NEWS00303,NEWS_HAS_EVENT,1,SYNTHETIC_DEMO
EVT00304,LOC00304,EVENT_AT_LOCATION,0.6,SYNTHETIC_DEMO
EVT00304,NEWS00304,NEWS_HAS_EVENT,1,SYNTHETIC_DEMO
EVT00305,LOC00305,EVENT_AT_LOCATION,0.4,SYNTHETIC_DEMO
EVT00305,NEWS00305,NEWS_HAS_EVENT,1,SYNTHETIC_DEMO
EVT00306,LOC00306,EVENT_AT_LOCATION,0.6,SYNTHETIC_DEMO
EVT00306,NEWS00306,NEWS_HAS_EVENT,1,SYNTHETIC_DEMO
EVT00307,LOC00307,EVENT_AT_LOCATION,0.8,SYNTHETIC_DEMO
EVT00307,NEWS00307,NEWS_HAS_EVENT,1,SYNTHETIC_DEMO
EVT00308,LOC00308,EVENT_AT_LOCATION,0.6,SYNTHETIC_DEMO
EVT00308,NEWS00308,NEWS_HAS_EVENT,1,SYNTHETIC_DEMO
EVT00309,LOC00309,EVENT_AT_LOCATION,1.0,SYNTHETIC_DEMO
EVT00309,NEWS00309,NEWS_HAS_EVENT,1,SYNTHETIC_DEMO
EVT00310,LOC00310,EVENT_AT_LOCATION,0.6,SYNTHETIC_DEMO
EVT00310,NEWS00310,NEWS_HAS_EVENT,1,SYNTHETIC_DEMO
EVT00311,LOC00311,EVENT_AT_LOCATION,0.4,SYNTHETIC_DEMO
EVT00311,NEWS00311,NEWS_HAS_EVENT,1,SYNTHETIC_DEMO
EVT00312,LOC00312,EVENT_AT_LOCATION,1.0,SYNTHETIC_DEMO
EVT00312,NEWS00312,NEWS_HAS_EVENT,1,SYNTHETIC_DEMO
EVT00313,LOC00313,EVENT_AT_LOCATION,0.8,SYNTHETIC_DEMO
EVT00313,NEWS00313,NEWS_HAS_EVENT,1,SYNTHETIC_DEMO
EVT00314,LOC00314,EVENT_AT_LOCATION,0.6,SYNTHETIC_DEMO
EVT00314,NEWS00314,NEWS_HAS_EVENT,1,SYNTHETIC_DEMO
EVT00315,LOC00315,EVENT_AT_LOCATION,0.8,SYNTHETIC_DEMO
EVT00315,NEWS00315,NEWS_HAS_EVENT,1,SYNTHETIC_DEMO
EVT00316,LOC00316,EVENT_AT_LOCATION,0.4,SYNTHETIC_DEMO
EVT00316,NEWS00316,NEWS_HAS_EVENT,1,SYNTHETIC_DEMO
EVT00317,LOC00317,EVENT_AT_LOCATION,0.6,SYNTHETIC_DEMO
EVT00317,NEWS00317,NEWS_HAS_EVENT,1,SYNTHETIC_DEMO
EVT00318,LOC00318,EVENT_AT_LOCATION,0.2,SYNTHETIC_DEMO
EVT00318,NEWS00318,NEWS_HAS_EVENT,1,SYNTHETIC_DEMO
EVT00319,LOC00319,EVENT_AT_LOCATION,0.6,SYNTHETIC_DEMO
EVT00319,NEWS00319,NEWS_HAS_EVENT,1,SYNTHETIC_DEMO
EVT00320,LOC00320,EVENT_AT_LOCATION,1.0,SYNTHETIC_DEMO
EVT00320,NEWS00320,NEWS_HAS_EVENT,1,SYNTHETIC_DEMO
EVT00321,LOC00321,EVENT_AT_LOCATION,0.8,SYNTHETIC_DEMO
EVT00321,NEWS00321,NEWS_HAS_EVENT,1,SYNTHETIC_DEMO
EVT00322,LOC00322,EVENT_AT_LOCATION,1.0,SYNTHETIC_DEMO
EVT00322,NEWS00322,NEWS_HAS_EVENT,1,SYNTHETIC_DEMO
EVT00323,LOC00323,EVENT_AT_LOCATION,0.2,SYNTHETIC_DEMO
EVT00323,NEWS00323,NEWS_HAS_EVENT,1,SYNTHETIC_DEMO
EVT00324,LOC00324,EVENT_AT_LOCATION,0.2,SYNTHETIC_DEMO
EVT00324,NEWS00324,NEWS_HAS_EVENT,1,SYNTHETIC_DEMO
EVT00325,LOC00325,EVENT_AT_LOCATION,1.0,SYNTHETIC_DEMO
EVT00325,NEWS00325,NEWS_HAS_EVENT,1,SYNTHETIC_DEMO
EVT00326,LOC00326,EVENT_AT_LOCATION,0.6,SYNTHETIC_DEMO
EVT00326,NEWS00326,NEWS_HAS_EVENT,1,SYNTHETIC_DEMO
EVT00327,LOC00327,EVENT_AT_LOCATION,0.8,SYNTHETIC_DEMO
EVT00327,NEWS00327,NEWS_HAS_EVENT,1,SYNTHETIC_DEMO
EVT00328,LOC00328,EVENT_AT_LOCATION,0.6,SYNTHETIC_DEMO
EVT00328,NEWS00328,NEWS_HAS_EVENT,1,SYNTHETIC_DEMO
EVT00329,LOC00329,EVENT_AT_LOCATION,0.2,SYNTHETIC_DEMO
EVT00329,NEWS00329,NEWS_HAS_EVENT,1,SYNTHETIC_DEMO
EVT00330,LOC00330,EVENT_AT_LOCATION,0.2,SYNTHETIC_DEMO
EVT00330,NEWS00330,NEWS_HAS_EVENT,1,SYNTHETIC_DEMO
EVT00331,LOC00331,EVENT_AT_LOCATION,0.6,SYNTHETIC_DEMO
EVT00331,NEWS00331,NEWS_HAS_EVENT,1,SYNTHETIC_DEMO
EVT00332,LOC00332,EVENT_AT_LOCATION,0.2,SYNTHETIC_DEMO
EVT00332,NEWS00332,NEWS_HAS_EVENT,1,SYNTHETIC_DEMO
EVT00333,LOC00333,EVENT_AT_LOCATION,1.0,SYNTHETIC_DEMO
EVT00333,NEWS00333,NEWS_HAS_EVENT,1,SYNTHETIC_DEMO
EVT00334,LOC00334,EVENT_AT_LOCATION,0.2,SYNTHETIC_DEMO
EVT00334,NEWS00334,NEWS_HAS_EVENT,1,SYNTHETIC_DEMO
EVT00335,LOC00335,EVENT_AT_LOCATION,0.8,SYNTHETIC_DEMO
EVT00335,NEWS00335,NEWS_HAS_EVENT,1,SYNTHETIC_DEMO
EVT00336,LOC00336,EVENT_AT_LOCATION,0.4,SYNTHETIC_DEMO
EVT00336,NEWS00336,NEWS_HAS_EVENT,1,SYNTHETIC_DEMO
EVT00337,LOC00337,EVENT_AT_LOCATION,0.8,SYNTHETIC_DEMO
EVT00337,NEWS00337,NEWS_HAS_EVENT,1,SYNTHETIC_DEMO
EVT00338,LOC00338,EVENT_AT_LOCATION,0.6,SYNTHETIC_DEMO
EVT00338,NEWS00338,NEWS_HAS_EVENT,1,SYNTHETIC_DEMO
EVT00339,LOC00339,EVENT_AT_LOCATION,0.6,SYNTHETIC_DEMO
EVT00339,NEWS00339,NEWS_HAS_EVENT,1,SYNTHETIC_DEMO
EVT00340,LOC00340,EVENT_AT_LOCATION,1.0,SYNTHETIC_DEMO
EVT00340,NEWS00340,NEWS_HAS_EVENT,1,SYNTHETIC_DEMO
EVT00341,LOC00341,EVENT_AT_LOCATION,0.8,SYNTHETIC_DEMO
EVT00341,NEWS00341,NEWS_HAS_EVENT,1,SYNTHETIC_DEMO
EVT00342,LOC00342,EVENT_AT_LOCATION,0.8,SYNTHETIC_DEMO
EVT00342,NEWS00342,NEWS_HAS_EVENT,1,SYNTHETIC_DEMO
EVT00343,LOC00343,EVENT_AT_LOCATION,0.2,SYNTHETIC_DEMO
EVT00343,NEWS00343,NEWS_HAS_EVENT,1,SYNTHETIC_DEMO
EVT00344,LOC00344,EVENT_AT_LOCATION,0.8,SYNTHETIC_DEMO
EVT00344,NEWS00344,NEWS_HAS_EVENT,1,SYNTHETIC_DEMO
EVT00345,LOC00345,EVENT_AT_LOCATION,0.8,SYNTHETIC_DEMO
EVT00345,NEWS00345,NEWS_HAS_EVENT,1,SYNTHETIC_DEMO
EVT00346,LOC00346,EVENT_AT_LOCATION,0.6,SYNTHETIC_DEMO
EVT00346,NEWS00346,NEWS_HAS_EVENT,1,SYNTHETIC_DEMO
EVT00347,LOC00347,EVENT_AT_LOCATION,1.0,SYNTHETIC_DEMO
EVT00347,NEWS00347,NEWS_HAS_EVENT,1,SYNTHETIC_DEMO
EVT00348,LOC00348,EVENT_AT_LOCATION,1.0,SYNTHETIC_DEMO
EVT00348,NEWS00348,NEWS_HAS_EVENT,1,SYNTHETIC_DEMO
EVT00349,LOC00349,EVENT_AT_LOCATION,1.0,SYNTHETIC_DEMO
EVT00349,NEWS00349,NEWS_HAS_EVENT,1,SYNTHETIC_DEMO
EVT00350,LOC00350,EVENT_AT_LOCATION,0.8,SYNTHETIC_DEMO
EVT00350,NEWS00350,NEWS_HAS_EVENT,1,SYNTHETIC_DEMO
EVT00351,LOC00351,EVENT_AT_LOCATION,0.4,SYNTHETIC_DEMO
EVT00351,NEWS00351,NEWS_HAS_EVENT,1,SYNTHETIC_DEMO
EVT00352,LOC00352,EVENT_AT_LOCATION,0.4,SYNTHETIC_DEMO
EVT00352,NEWS00352,NEWS_HAS_EVENT,1,SYNTHETIC_DEMO
EVT00353,LOC00353,EVENT_AT_LOCATION,0.8,SYNTHETIC_DEMO
EVT00353,NEWS00353,NEWS_HAS_EVENT,1,SYNTHETIC_DEMO
EVT00354,LOC00354,EVENT_AT_LOCATION,0.4,SYNTHETIC_DEMO
EVT00354,NEWS00354,NEWS_HAS_EVENT,1,SYNTHETIC_DEMO
EVT00355,LOC00355,EVENT_AT_LOCATION,0.2,SYNTHETIC_DEMO
EVT00355,NEWS00355,NEWS_HAS_EVENT,1,SYNTHETIC_DEMO
EVT00356,LOC00356,EVENT_AT_LOCATION,0.2,SYNTHETIC_DEMO
EVT00356,NEWS00356,NEWS_HAS_EVENT,1,SYNTHETIC_DEMO
EVT00357,LOC00357,EVENT_AT_LOCATION,0.4,SYNTHETIC_DEMO
EVT00357,NEWS00357,NEWS_HAS_EVENT,1,SYNTHETIC_DEMO
EVT00358,LOC00358,EVENT_AT_LOCATION,0.4,SYNTHETIC_DEMO
EVT00358,NEWS00358,NEWS_HAS_EVENT,1,SYNTHETIC_DEMO
EVT00359,LOC00359,EVENT_AT_LOCATION,1.0,SYNTHETIC_DEMO
EVT00359,NEWS00359,NEWS_HAS_EVENT,1,SYNTHETIC_DEMO
EVT00360,LOC00360,EVENT_AT_LOCATION,1.0,SYNTHETIC_DEMO
EVT00360,NEWS00360,NEWS_HAS_EVENT,1,SYNTHETIC_DEMO
EVT00361,LOC00361,EVENT_AT_LOCATION,0.2,SYNTHETIC_DEMO
EVT00361,NEWS00361,NEWS_HAS_EVENT,1,SYNTHETIC_DEMO
EVT00362,LOC00362,EVENT_AT_LOCATION,0.8,SYNTHETIC_DEMO
EVT00362,NEWS00362,NEWS_HAS_EVENT,1,SYNTHETIC_DEMO
EVT00363,LOC00363,EVENT_AT_LOCATION,0.2,SYNTHETIC_DEMO
EVT00363,NEWS00363,NEWS_HAS_EVENT,1,SYNTHETIC_DEMO
EVT00364,LOC00364,EVENT_AT_LOCATION,0.6,SYNTHETIC_DEMO
EVT00364,NEWS00364,NEWS_HAS_EVENT,1,SYNTHETIC_DEMO
EVT00365,LOC00365,EVENT_AT_LOCATION,0.2,SYNTHETIC_DEMO
EVT00365,NEWS00365,NEWS_HAS_EVENT,1,SYNTHETIC_DEMO
EVT00366,LOC00366,EVENT_AT_LOCATION,0.4,SYNTHETIC_DEMO
EVT00366,NEWS00366,NEWS_HAS_EVENT,1,SYNTHETIC_DEMO
EVT00367,LOC00367,EVENT_AT_LOCATION,0.2,SYNTHETIC_DEMO
EVT00367,NEWS00367,NEWS_HAS_EVENT,1,SYNTHETIC_DEMO
EVT00368,LOC00368,EVENT_AT_LOCATION,1.0,SYNTHETIC_DEMO
EVT00368,NEWS00368,NEWS_HAS_EVENT,1,SYNTHETIC_DEMO
EVT00369,LOC00369,EVENT_AT_LOCATION,0.2,SYNTHETIC_DEMO
EVT00369,NEWS00369,NEWS_HAS_EVENT,1,SYNTHETIC_DEMO
EVT00370,LOC00370,EVENT_AT_LOCATION,1.0,SYNTHETIC_DEMO
EVT00370,NEWS00370,NEWS_HAS_EVENT,1,SYNTHETIC_DEMO
EVT00371,LOC00371,EVENT_AT_LOCATION,1.0,SYNTHETIC_DEMO
EVT00371,NEWS00371,NEWS_HAS_EVENT,1,SYNTHETIC_DEMO
EVT00372,LOC00372,EVENT_AT_LOCATION,0.2,SYNTHETIC_DEMO
EVT00372,NEWS00372,NEWS_HAS_EVENT,1,SYNTHETIC_DEMO
EVT00373,LOC00373,EVENT_AT_LOCATION,0.2,SYNTHETIC_DEMO
EVT00373,NEWS00373,NEWS_HAS_EVENT,1,SYNTHETIC_DEMO
EVT00374,LOC00374,EVENT_AT_LOCATION,0.6,SYNTHETIC_DEMO
EVT00374,NEWS00374,NEWS_HAS_EVENT,1,SYNTHETIC_DEMO
EVT00375,LOC00375,EVENT_AT_LOCATION,0.2,SYNTHETIC_DEMO
EVT00375,NEWS00375,NEWS_HAS_EVENT,1,SYNTHETIC_DEMO
EVT00376,LOC00376,EVENT_AT_LOCATION,1.0,SYNTHETIC_DEMO
EVT00376,NEWS00376,NEWS_HAS_EVENT,1,SYNTHETIC_DEMO
EVT00377,LOC00377,EVENT_AT_LOCATION,0.2,SYNTHETIC_DEMO
EVT00377,NEWS00377,NEWS_HAS_EVENT,1,SYNTHETIC_DEMO
EVT00378,LOC00378,EVENT_AT_LOCATION,0.6,SYNTHETIC_DEMO
EVT00378,NEWS00378,NEWS_HAS_EVENT,1,SYNTHETIC_DEMO
EVT00379,LOC00379,EVENT_AT_LOCATION,0.4,SYNTHETIC_DEMO
EVT00379,NEWS00379,NEWS_HAS_EVENT,1,SYNTHETIC_DEMO
EVT00380,LOC00380,EVENT_AT_LOCATION,0.6,SYNTHETIC_DEMO
EVT00380,NEWS00380,NEWS_HAS_EVENT,1,SYNTHETIC_DEMO
EVT00381,LOC00381,EVENT_AT_LOCATION,0.8,SYNTHETIC_DEMO
EVT00381,NEWS00381,NEWS_HAS_EVENT,1,SYNTHETIC_DEMO
EVT00382,LOC00382,EVENT_AT_LOCATION,0.6,SYNTHETIC_DEMO
EVT00382,NEWS00382,NEWS_HAS_EVENT,1,SYNTHETIC_DEMO
EVT00383,LOC00383,EVENT_AT_LOCATION,1.0,SYNTHETIC_DEMO
EVT00383,NEWS00383,NEWS_HAS_EVENT,1,SYNTHETIC_DEMO
EVT00384,LOC00384,EVENT_AT_LOCATION,0.2,SYNTHETIC_DEMO
EVT00384,NEWS00384,NEWS_HAS_EVENT,1,SYNTHETIC_DEMO
EVT00385,LOC00385,EVENT_AT_LOCATION,1.0,SYNTHETIC_DEMO
EVT00385,NEWS00385,NEWS_HAS_EVENT,1,SYNTHETIC_DEMO
EVT00386,LOC00386,EVENT_AT_LOCATION,1.0,SYNTHETIC_DEMO
EVT00386,NEWS00386,NEWS_HAS_EVENT,1,SYNTHETIC_DEMO
EVT00387,LOC00387,EVENT_AT_LOCATION,0.2,SYNTHETIC_DEMO
EVT00387,NEWS00387,NEWS_HAS_EVENT,1,SYNTHETIC_DEMO
EVT00388,LOC00388,EVENT_AT_LOCATION,0.8,SYNTHETIC_DEMO
EVT00388,NEWS00388,NEWS_HAS_EVENT,1,SYNTHETIC_DEMO
EVT00389,LOC00389,EVENT_AT_LOCATION,0.4,SYNTHETIC_DEMO
EVT00389,NEWS00389,NEWS_HAS_EVENT,1,SYNTHETIC_DEMO
EVT00390,LOC00390,EVENT_AT_LOCATION,1.0,SYNTHETIC_DEMO
EVT00390,NEWS00390,NEWS_HAS_EVENT,1,SYNTHETIC_DEMO
EVT00391,LOC00391,EVENT_AT_LOCATION,0.2,SYNTHETIC_DEMO
EVT00391,NEWS00391,NEWS_HAS_EVENT,1,SYNTHETIC_DEMO
EVT00392,LOC00392,EVENT_AT_LOCATION,0.4,SYNTHETIC_DEMO
EVT00392,NEWS00392,NEWS_HAS_EVENT,1,SYNTHETIC_DEMO
EVT00393,LOC00393,EVENT_AT_LOCATION,0.4,SYNTHETIC_DEMO
EVT00393,NEWS00393,NEWS_HAS_EVENT,1,SYNTHETIC_DEMO
EVT00394,LOC00394,EVENT_AT_LOCATION,0.6,SYNTHETIC_DEMO
EVT00394,NEWS00394,NEWS_HAS_EVENT,1,SYNTHETIC_DEMO
EVT00395,LOC00395,EVENT_AT_LOCATION,1.0,SYNTHETIC_DEMO
EVT00395,NEWS00395,NEWS_HAS_EVENT,1,SYNTHETIC_DEMO
EVT00396,LOC00396,EVENT_AT_LOCATION,0.8,SYNTHETIC_DEMO
EVT00396,NEWS00396,NEWS_HAS_EVENT,1,SYNTHETIC_DEMO
EVT00397,LOC00397,EVENT_AT_LOCATION,0.4,SYNTHETIC_DEMO
EVT00397,NEWS00397,NEWS_HAS_EVENT,1,SYNTHETIC_DEMO
EVT00398,LOC00398,EVENT_AT_LOCATION,0.6,SYNTHETIC_DEMO
EVT00398,NEWS00398,NEWS_HAS_EVENT,1,SYNTHETIC_DEMO
EVT00399,LOC00399,EVENT_AT_LOCATION,0.6,SYNTHETIC_DEMO
EVT00399,NEWS00399,NEWS_HAS_EVENT,1,SYNTHETIC_DEMO
EVT00400,LOC00400,EVENT_AT_LOCATION,0.4,SYNTHETIC_DEMO
EVT00400,NEWS00400,NEWS_HAS_EVENT,1,SYNTHETIC_DEMO
EVT00401,LOC00401,EVENT_AT_LOCATION,0.8,SYNTHETIC_DEMO
EVT00401,NEWS00401,NEWS_HAS_EVENT,1,SYNTHETIC_DEMO
EVT00402,LOC00402,EVENT_AT_LOCATION,0.8,SYNTHETIC_DEMO
EVT00402,NEWS00402,NEWS_HAS_EVENT,1,SYNTHETIC_DEMO
EVT00403,LOC00403,EVENT_AT_LOCATION,1.0,SYNTHETIC_DEMO
EVT00403,NEWS00403,NEWS_HAS_EVENT,1,SYNTHETIC_DEMO
EVT00404,LOC00404,EVENT_AT_LOCATION,1.0,SYNTHETIC_DEMO
EVT00404,NEWS00404,NEWS_HAS_EVENT,1,SYNTHETIC_DEMO
EVT00405,LOC00405,EVENT_AT_LOCATION,0.2,SYNTHETIC_DEMO
EVT00405,NEWS00405,NEWS_HAS_EVENT,1,SYNTHETIC_DEMO
EVT00406,LOC00406,EVENT_AT_LOCATION,1.0,SYNTHETIC_DEMO
EVT00406,NEWS00406,NEWS_HAS_EVENT,1,SYNTHETIC_DEMO
EVT00407,LOC00407,EVENT_AT_LOCATION,1.0,SYNTHETIC_DEMO
EVT00407,NEWS00407,NEWS_HAS_EVENT,1,SYNTHETIC_DEMO
EVT00408,LOC00408,EVENT_AT_LOCATION,0.4,SYNTHETIC_DEMO
EVT00408,NEWS00408,NEWS_HAS_EVENT,1,SYNTHETIC_DEMO
EVT00409,LOC00409,EVENT_AT_LOCATION,0.2,SYNTHETIC_DEMO
EVT00409,NEWS00409,NEWS_HAS_EVENT,1,SYNTHETIC_DEMO
EVT00410,LOC00410,EVENT_AT_LOCATION,0.6,SYNTHETIC_DEMO
EVT00410,NEWS00410,NEWS_HAS_EVENT,1,SYNTHETIC_DEMO
EVT00411,LOC00411,EVENT_AT_LOCATION,0.4,SYNTHETIC_DEMO
EVT00411,NEWS00411,NEWS_HAS_EVENT,1,SYNTHETIC_DEMO
EVT00412,LOC00412,EVENT_AT_LOCATION,0.6,SYNTHETIC_DEMO
EVT00412,NEWS00412,NEWS_HAS_EVENT,1,SYNTHETIC_DEMO
EVT00413,LOC00413,EVENT_AT_LOCATION,0.2,SYNTHETIC_DEMO
EVT00413,NEWS00413,NEWS_HAS_EVENT,1,SYNTHETIC_DEMO
EVT00414,LOC00414,EVENT_AT_LOCATION,0.4,SYNTHETIC_DEMO
EVT00414,NEWS00414,NEWS_HAS_EVENT,1,SYNTHETIC_DEMO
EVT00415,LOC00415,EVENT_AT_LOCATION,0.8,SYNTHETIC_DEMO
EVT00415,NEWS00415,NEWS_HAS_EVENT,1,SYNTHETIC_DEMO
EVT00416,LOC00416,EVENT_AT_LOCATION,0.8,SYNTHETIC_DEMO
EVT00416,NEWS00416,NEWS_HAS_EVENT,1,SYNTHETIC_DEMO
EVT00417,LOC00417,EVENT_AT_LOCATION,0.8,SYNTHETIC_DEMO
EVT00417,NEWS00417,NEWS_HAS_EVENT,1,SYNTHETIC_DEMO
EVT00418,LOC00418,EVENT_AT_LOCATION,0.4,SYNTHETIC_DEMO
EVT00418,NEWS00418,NEWS_HAS_EVENT,1,SYNTHETIC_DEMO
EVT00419,LOC00419,EVENT_AT_LOCATION,0.6,SYNTHETIC_DEMO
EVT00419,NEWS00419,NEWS_HAS_EVENT,1,SYNTHETIC_DEMO
EVT00420,LOC00420,EVENT_AT_LOCATION,0.4,SYNTHETIC_DEMO
EVT00420,NEWS00420,NEWS_HAS_EVENT,1,SYNTHETIC_DEMO
EVT00421,LOC00421,EVENT_AT_LOCATION,0.6,SYNTHETIC_DEMO
EVT00421,NEWS00421,NEWS_HAS_EVENT,1,SYNTHETIC_DEMO
EVT00422,LOC00422,EVENT_AT_LOCATION,1.0,SYNTHETIC_DEMO
EVT00422,NEWS00422,NEWS_HAS_EVENT,1,SYNTHETIC_DEMO
EVT00423,LOC00423,EVENT_AT_LOCATION,1.0,SYNTHETIC_DEMO
EVT00423,NEWS00423,NEWS_HAS_EVENT,1,SYNTHETIC_DEMO
EVT00424,LOC00424,EVENT_AT_LOCATION,0.4,SYNTHETIC_DEMO
EVT00424,NEWS00424,NEWS_HAS_EVENT,1,SYNTHETIC_DEMO
EVT00425,LOC00425,EVENT_AT_LOCATION,1.0,SYNTHETIC_DEMO
EVT00425,NEWS00425,NEWS_HAS_EVENT,1,SYNTHETIC_DEMO
EVT00426,LOC00426,EVENT_AT_LOCATION,0.8,SYNTHETIC_DEMO
EVT00426,NEWS00426,NEWS_HAS_EVENT,1,SYNTHETIC_DEMO
EVT00427,LOC00427,EVENT_AT_LOCATION,0.8,SYNTHETIC_DEMO
EVT00427,NEWS00427,NEWS_HAS_EVENT,1,SYNTHETIC_DEMO
EVT00428,LOC00428,EVENT_AT_LOCATION,1.0,SYNTHETIC_DEMO
EVT00428,NEWS00428,NEWS_HAS_EVENT,1,SYNTHETIC_DEMO
EVT00429,LOC00429,EVENT_AT_LOCATION,1.0,SYNTHETIC_DEMO
EVT00429,NEWS00429,NEWS_HAS_EVENT,1,SYNTHETIC_DEMO
EVT00430,LOC00430,EVENT_AT_LOCATION,1.0,SYNTHETIC_DEMO
EVT00430,NEWS00430,NEWS_HAS_EVENT,1,SYNTHETIC_DEMO
EVT00431,LOC00431,EVENT_AT_LOCATION,0.6,SYNTHETIC_DEMO
EVT00431,NEWS00431,NEWS_HAS_EVENT,1,SYNTHETIC_DEMO
EVT00432,LOC00432,EVENT_AT_LOCATION,0.6,SYNTHETIC_DEMO
EVT00432,NEWS00432,NEWS_HAS_EVENT,1,SYNTHETIC_DEMO
EVT00433,LOC00433,EVENT_AT_LOCATION,0.6,SYNTHETIC_DEMO
EVT00433,NEWS00433,NEWS_HAS_EVENT,1,SYNTHETIC_DEMO
EVT00434,LOC00434,EVENT_AT_LOCATION,1.0,SYNTHETIC_DEMO
EVT00434,NEWS00434,NEWS_HAS_EVENT,1,SYNTHETIC_DEMO
EVT00435,LOC00435,EVENT_AT_LOCATION,0.4,SYNTHETIC_DEMO
EVT00435,NEWS00435,NEWS_HAS_EVENT,1,SYNTHETIC_DEMO
EVT00436,LOC00436,EVENT_AT_LOCATION,1.0,SYNTHETIC_DEMO
EVT00436,NEWS00436,NEWS_HAS_EVENT,1,SYNTHETIC_DEMO
EVT00437,LOC00437,EVENT_AT_LOCATION,0.2,SYNTHETIC_DEMO
EVT00437,NEWS00437,NEWS_HAS_EVENT,1,SYNTHETIC_DEMO
EVT00438,LOC00438,EVENT_AT_LOCATION,1.0,SYNTHETIC_DEMO
EVT00438,NEWS00438,NEWS_HAS_EVENT,1,SYNTHETIC_DEMO
EVT00439,LOC00439,EVENT_AT_LOCATION,0.4,SYNTHETIC_DEMO
EVT00439,NEWS00439,NEWS_HAS_EVENT,1,SYNTHETIC_DEMO
EVT00440,LOC00440,EVENT_AT_LOCATION,0.6,SYNTHETIC_DEMO
EVT00440,NEWS00440,NEWS_HAS_EVENT,1,SYNTHETIC_DEMO
EVT00441,LOC00441,EVENT_AT_LOCATION,0.6,SYNTHETIC_DEMO
EVT00441,NEWS00441,NEWS_HAS_EVENT,1,SYNTHETIC_DEMO
EVT00442,LOC00442,EVENT_AT_LOCATION,0.4,SYNTHETIC_DEMO
EVT00442,NEWS00442,NEWS_HAS_EVENT,1,SYNTHETIC_DEMO
EVT00443,LOC00443,EVENT_AT_LOCATION,0.8,SYNTHETIC_DEMO
EVT00443,NEWS00443,NEWS_HAS_EVENT,1,SYNTHETIC_DEMO
EVT00444,LOC00444,EVENT_AT_LOCATION,0.6,SYNTHETIC_DEMO
EVT00444,NEWS00444,NEWS_HAS_EVENT,1,SYNTHETIC_DEMO
EVT00445,LOC00445,EVENT_AT_LOCATION,0.4,SYNTHETIC_DEMO
EVT00445,NEWS00445,NEWS_HAS_EVENT,1,SYNTHETIC_DEMO
EVT00446,LOC00446,EVENT_AT_LOCATION,0.4,SYNTHETIC_DEMO
EVT00446,NEWS00446,NEWS_HAS_EVENT,1,SYNTHETIC_DEMO
EVT00447,LOC00447,EVENT_AT_LOCATION,1.0,SYNTHETIC_DEMO
EVT00447,NEWS00447,NEWS_HAS_EVENT,1,SYNTHETIC_DEMO
EVT00448,LOC00448,EVENT_AT_LOCATION,1.0,SYNTHETIC_DEMO
EVT00448,NEWS00448,NEWS_HAS_EVENT,1,SYNTHETIC_DEMO
EVT00449,LOC00449,EVENT_AT_LOCATION,0.2,SYNTHETIC_DEMO
EVT00449,NEWS00449,NEWS_HAS_EVENT,1,SYNTHETIC_DEMO
EVT00450,LOC00450,EVENT_AT_LOCATION,1.0,SYNTHETIC_DEMO
EVT00450,NEWS00450,NEWS_HAS_EVENT,1,SYNTHETIC_DEMO
EVT00451,LOC00451,EVENT_AT_LOCATION,1.0,SYNTHETIC_DEMO
EVT00451,NEWS00451,NEWS_HAS_EVENT,1,SYNTHETIC_DEMO
EVT00452,LOC00452,EVENT_AT_LOCATION,0.6,SYNTHETIC_DEMO
EVT00452,NEWS00452,NEWS_HAS_EVENT,1,SYNTHETIC_DEMO
EVT00453,LOC00453,EVENT_AT_LOCATION,1.0,SYNTHETIC_DEMO
EVT00453,NEWS00453,NEWS_HAS_EVENT,1,SYNTHETIC_DEMO
EVT00454,LOC00454,EVENT_AT_LOCATION,1.0,SYNTHETIC_DEMO
EVT00454,NEWS00454,NEWS_HAS_EVENT,1,SYNTHETIC_DEMO
EVT00455,LOC00455,EVENT_AT_LOCATION,1.0,SYNTHETIC_DEMO
EVT00455,NEWS00455,NEWS_HAS_EVENT,1,SYNTHETIC_DEMO
EVT00456,LOC00456,EVENT_AT_LOCATION,0.2,SYNTHETIC_DEMO
EVT00456,NEWS00456,NEWS_HAS_EVENT,1,SYNTHETIC_DEMO
EVT00457,LOC00457,EVENT_AT_LOCATION,0.6,SYNTHETIC_DEMO
EVT00457,NEWS00457,NEWS_HAS_EVENT,1,SYNTHETIC_DEMO
EVT00458,LOC00458,EVENT_AT_LOCATION,0.6,SYNTHETIC_DEMO
EVT00458,NEWS00458,NEWS_HAS_EVENT,1,SYNTHETIC_DEMO
EVT00459,LOC00459,EVENT_AT_LOCATION,1.0,SYNTHETIC_DEMO
EVT00459,NEWS00459,NEWS_HAS_EVENT,1,SYNTHETIC_DEMO
EVT00460,LOC00460,EVENT_AT_LOCATION,0.2,SYNTHETIC_DEMO
EVT00460,NEWS00460,NEWS_HAS_EVENT,1,SYNTHETIC_DEMO
EVT00461,LOC00461,EVENT_AT_LOCATION,0.8,SYNTHETIC_DEMO
EVT00461,NEWS00461,NEWS_HAS_EVENT,1,SYNTHETIC_DEMO
EVT00462,LOC00462,EVENT_AT_LOCATION,0.8,SYNTHETIC_DEMO
EVT00462,NEWS00462,NEWS_HAS_EVENT,1,SYNTHETIC_DEMO
EVT00463,LOC00463,EVENT_AT_LOCATION,1.0,SYNTHETIC_DEMO
EVT00463,NEWS00463,NEWS_HAS_EVENT,1,SYNTHETIC_DEMO
EVT00464,LOC00464,EVENT_AT_LOCATION,1.0,SYNTHETIC_DEMO
EVT00464,NEWS00464,NEWS_HAS_EVENT,1,SYNTHETIC_DEMO
EVT00465,LOC00465,EVENT_AT_LOCATION,0.8,SYNTHETIC_DEMO
EVT00465,NEWS00465,NEWS_HAS_EVENT,1,SYNTHETIC_DEMO
EVT00466,LOC00466,EVENT_AT_LOCATION,1.0,SYNTHETIC_DEMO
EVT00466,NEWS00466,NEWS_HAS_EVENT,1,SYNTHETIC_DEMO
EVT00467,LOC00467,EVENT_AT_LOCATION,1.0,SYNTHETIC_DEMO
EVT00467,NEWS00467,NEWS_HAS_EVENT,1,SYNTHETIC_DEMO
EVT00468,LOC00468,EVENT_AT_LOCATION,0.4,SYNTHETIC_DEMO
EVT00468,NEWS00468,NEWS_HAS_EVENT,1,SYNTHETIC_DEMO
EVT00469,LOC00469,EVENT_AT_LOCATION,0.6,SYNTHETIC_DEMO
EVT00469,NEWS00469,NEWS_HAS_EVENT,1,SYNTHETIC_DEMO
EVT00470,LOC00470,EVENT_AT_LOCATION,0.2,SYNTHETIC_DEMO
EVT00470,NEWS00470,NEWS_HAS_EVENT,1,SYNTHETIC_DEMO
EVT00471,LOC00471,EVENT_AT_LOCATION,0.2,SYNTHETIC_DEMO
EVT00471,NEWS00471,NEWS_HAS_EVENT,1,SYNTHETIC_DEMO
EVT00472,LOC00472,EVENT_AT_LOCATION,0.4,SYNTHETIC_DEMO
EVT00472,NEWS00472,NEWS_HAS_EVENT,1,SYNTHETIC_DEMO
EVT00473,LOC00473,EVENT_AT_LOCATION,1.0,SYNTHETIC_DEMO
EVT00473,NEWS00473,NEWS_HAS_EVENT,1,SYNTHETIC_DEMO
EVT00474,LOC00474,EVENT_AT_LOCATION,1.0,SYNTHETIC_DEMO
EVT00474,NEWS00474,NEWS_HAS_EVENT,1,SYNTHETIC_DEMO
EVT00475,LOC00475,EVENT_AT_LOCATION,0.8,SYNTHETIC_DEMO
EVT00475,NEWS00475,NEWS_HAS_EVENT,1,SYNTHETIC_DEMO
EVT00476,LOC00476,EVENT_AT_LOCATION,0.4,SYNTHETIC_DEMO
EVT00476,NEWS00476,NEWS_HAS_EVENT,1,SYNTHETIC_DEMO
EVT00477,LOC00477,EVENT_AT_LOCATION,0.2,SYNTHETIC_DEMO
EVT00477,NEWS00477,NEWS_HAS_EVENT,1,SYNTHETIC_DEMO
EVT00478,LOC00478,EVENT_AT_LOCATION,1.0,SYNTHETIC_DEMO
EVT00478,NEWS00478,NEWS_HAS_EVENT,1,SYNTHETIC_DEMO
EVT00479,LOC00479,EVENT_AT_LOCATION,1.0,SYNTHETIC_DEMO
EVT00479,NEWS00479,NEWS_HAS_EVENT,1,SYNTHETIC_DEMO
EVT00480,LOC00480,EVENT_AT_LOCATION,0.4,SYNTHETIC_DEMO
EVT00480,NEWS00480,NEWS_HAS_EVENT,1,SYNTHETIC_DEMO
EVT00481,LOC00481,EVENT_AT_LOCATION,0.6,SYNTHETIC_DEMO
EVT00481,NEWS00481,NEWS_HAS_EVENT,1,SYNTHETIC_DEMO
EVT00482,LOC00482,EVENT_AT_LOCATION,1.0,SYNTHETIC_DEMO
EVT00482,NEWS00482,NEWS_HAS_EVENT,1,SYNTHETIC_DEMO
EVT00483,LOC00483,EVENT_AT_LOCATION,0.2,SYNTHETIC_DEMO
EVT00483,NEWS00483,NEWS_HAS_EVENT,1,SYNTHETIC_DEMO
EVT00484,LOC00484,EVENT_AT_LOCATION,0.4,SYNTHETIC_DEMO
EVT00484,NEWS00484,NEWS_HAS_EVENT,1,SYNTHETIC_DEMO
EVT00485,LOC00485,EVENT_AT_LOCATION,0.8,SYNTHETIC_DEMO
EVT00485,NEWS00485,NEWS_HAS_EVENT,1,SYNTHETIC_DEMO
EVT00486,LOC00486,EVENT_AT_LOCATION,0.4,SYNTHETIC_DEMO
EVT00486,NEWS00486,NEWS_HAS_EVENT,1,SYNTHETIC_DEMO
EVT00487,LOC00487,EVENT_AT_LOCATION,0.2,SYNTHETIC_DEMO
EVT00487,NEWS00487,NEWS_HAS_EVENT,1,SYNTHETIC_DEMO
EVT00488,LOC00488,EVENT_AT_LOCATION,0.2,SYNTHETIC_DEMO
EVT00488,NEWS00488,NEWS_HAS_EVENT,1,SYNTHETIC_DEMO
EVT00489,LOC00489,EVENT_AT_LOCATION,0.8,SYNTHETIC_DEMO
EVT00489,NEWS00489,NEWS_HAS_EVENT,1,SYNTHETIC_DEMO
EVT00490,LOC00490,EVENT_AT_LOCATION,0.2,SYNTHETIC_DEMO
EVT00490,NEWS00490,NEWS_HAS_EVENT,1,SYNTHETIC_DEMO
EVT00491,LOC00491,EVENT_AT_LOCATION,1.0,SYNTHETIC_DEMO
EVT00491,NEWS00491,NEWS_HAS_EVENT,1,SYNTHETIC_DEMO
EVT00492,LOC00492,EVENT_AT_LOCATION,0.8,SYNTHETIC_DEMO
EVT00492,NEWS00492,NEWS_HAS_EVENT,1,SYNTHETIC_DEMO
EVT00493,LOC00493,EVENT_AT_LOCATION,0.6,SYNTHETIC_DEMO
EVT00493,NEWS00493,NEWS_HAS_EVENT,1,SYNTHETIC_DEMO
EVT00494,LOC00494,EVENT_AT_LOCATION,1.0,SYNTHETIC_DEMO
EVT00494,NEWS00494,NEWS_HAS_EVENT,1,SYNTHETIC_DEMO
EVT00495,LOC00495,EVENT_AT_LOCATION,1.0,SYNTHETIC_DEMO
EVT00495,NEWS00495,NEWS_HAS_EVENT,1,SYNTHETIC_DEMO
EVT00496,LOC00496,EVENT_AT_LOCATION,0.4,SYNTHETIC_DEMO
EVT00496,NEWS00496,NEWS_HAS_EVENT,1,SYNTHETIC_DEMO
EVT00497,LOC00497,EVENT_AT_LOCATION,0.4,SYNTHETIC_DEMO
EVT00497,NEWS00497,NEWS_HAS_EVENT,1,SYNTHETIC_DEMO
EVT00498,LOC00498,EVENT_AT_LOCATION,0.4,SYNTHETIC_DEMO
EVT00498,NEWS00498,NEWS_HAS_EVENT,1,SYNTHETIC_DEMO
EVT00499,LOC00499,EVENT_AT_LOCATION,0.6,SYNTHETIC_DEMO
EVT00499,NEWS00499,NEWS_HAS_EVENT,1,SYNTHETIC_DEMO
EVT00500,LOC00500,EVENT_AT_LOCATION,0.4,SYNTHETIC_DEMO
EVT00500,NEWS00500,NEWS_HAS_EVENT,1,SYNTHETIC_DEMO
EVT00501,LOC00501,EVENT_AT_LOCATION,0.8,SYNTHETIC_DEMO
EVT00501,NEWS00501,NEWS_HAS_EVENT,1,SYNTHETIC_DEMO
EVT00502,LOC00502,EVENT_AT_LOCATION,0.6,SYNTHETIC_DEMO
EVT00502,NEWS00502,NEWS_HAS_EVENT,1,SYNTHETIC_DEMO
EVT00503,LOC00503,EVENT_AT_LOCATION,0.8,SYNTHETIC_DEMO
EVT00503,NEWS00503,NEWS_HAS_EVENT,1,SYNTHETIC_DEMO
EVT00504,LOC00504,EVENT_AT_LOCATION,1.0,SYNTHETIC_DEMO
EVT00504,NEWS00504,NEWS_HAS_EVENT,1,SYNTHETIC_DEMO
EVT00505,LOC00505,EVENT_AT_LOCATION,0.4,SYNTHETIC_DEMO
EVT00505,NEWS00505,NEWS_HAS_EVENT,1,SYNTHETIC_DEMO
EVT00506,LOC00506,EVENT_AT_LOCATION,0.8,SYNTHETIC_DEMO
EVT00506,NEWS00506,NEWS_HAS_EVENT,1,SYNTHETIC_DEMO
EVT00507,LOC00507,EVENT_AT_LOCATION,0.2,SYNTHETIC_DEMO
EVT00507,NEWS00507,NEWS_HAS_EVENT,1,SYNTHETIC_DEMO
EVT00508,LOC00508,EVENT_AT_LOCATION,0.4,SYNTHETIC_DEMO
EVT00508,NEWS00508,NEWS_HAS_EVENT,1,SYNTHETIC_DEMO
EVT00509,LOC00509,EVENT_AT_LOCATION,1.0,SYNTHETIC_DEMO
EVT00509,NEWS00509,NEWS_HAS_EVENT,1,SYNTHETIC_DEMO
EVT00510,LOC00510,EVENT_AT_LOCATION,0.8,SYNTHETIC_DEMO
EVT00510,NEWS00510,NEWS_HAS_EVENT,1,SYNTHETIC_DEMO
EVT00511,LOC00511,EVENT_AT_LOCATION,1.0,SYNTHETIC_DEMO
EVT00511,NEWS00511,NEWS_HAS_EVENT,1,SYNTHETIC_DEMO
EVT00512,LOC00512,EVENT_AT_LOCATION,0.8,SYNTHETIC_DEMO
EVT00512,NEWS00512,NEWS_HAS_EVENT,1,SYNTHETIC_DEMO
EVT00513,LOC00513,EVENT_AT_LOCATION,0.6,SYNTHETIC_DEMO
EVT00513,NEWS00513,NEWS_HAS_EVENT,1,SYNTHETIC_DEMO
EVT00514,LOC00514,EVENT_AT_LOCATION,0.4,SYNTHETIC_DEMO
EVT00514,NEWS00514,NEWS_HAS_EVENT,1,SYNTHETIC_DEMO
EVT00515,LOC00515,EVENT_AT_LOCATION,0.4,SYNTHETIC_DEMO
EVT00515,NEWS00515,NEWS_HAS_EVENT,1,SYNTHETIC_DEMO
EVT00516,LOC00516,EVENT_AT_LOCATION,0.8,SYNTHETIC_DEMO
EVT00516,NEWS00516,NEWS_HAS_EVENT,1,SYNTHETIC_DEMO
EVT00517,LOC00517,EVENT_AT_LOCATION,0.8,SYNTHETIC_DEMO
EVT00517,NEWS00517,NEWS_HAS_EVENT,1,SYNTHETIC_DEMO
EVT00518,LOC00518,EVENT_AT_LOCATION,0.8,SYNTHETIC_DEMO
EVT00518,NEWS00518,NEWS_HAS_EVENT,1,SYNTHETIC_DEMO
EVT00519,LOC00519,EVENT_AT_LOCATION,0.8,SYNTHETIC_DEMO
EVT00519,NEWS00519,NEWS_HAS_EVENT,1,SYNTHETIC_DEMO
EVT00520,LOC00520,EVENT_AT_LOCATION,0.4,SYNTHETIC_DEMO
EVT00520,NEWS00520,NEWS_HAS_EVENT,1,SYNTHETIC_DEMO
EVT00521,LOC00521,EVENT_AT_LOCATION,1.0,SYNTHETIC_DEMO
EVT00521,NEWS00521,NEWS_HAS_EVENT,1,SYNTHETIC_DEMO
EVT00522,LOC00522,EVENT_AT_LOCATION,0.6,SYNTHETIC_DEMO
EVT00522,NEWS00522,NEWS_HAS_EVENT,1,SYNTHETIC_DEMO
EVT00523,LOC00523,EVENT_AT_LOCATION,0.6,SYNTHETIC_DEMO
EVT00523,NEWS00523,NEWS_HAS_EVENT,1,SYNTHETIC_DEMO
EVT00524,LOC00524,EVENT_AT_LOCATION,1.0,SYNTHETIC_DEMO
EVT00524,NEWS00524,NEWS_HAS_EVENT,1,SYNTHETIC_DEMO
EVT00525,LOC00525,EVENT_AT_LOCATION,0.8,SYNTHETIC_DEMO
EVT00525,NEWS00525,NEWS_HAS_EVENT,1,SYNTHETIC_DEMO
EVT00526,LOC00526,EVENT_AT_LOCATION,0.4,SYNTHETIC_DEMO
EVT00526,NEWS00526,NEWS_HAS_EVENT,1,SYNTHETIC_DEMO
EVT00527,LOC00527,EVENT_AT_LOCATION,1.0,SYNTHETIC_DEMO
EVT00527,NEWS00527,NEWS_HAS_EVENT,1,SYNTHETIC_DEMO
EVT00528,LOC00528,EVENT_AT_LOCATION,0.8,SYNTHETIC_DEMO
EVT00528,NEWS00528,NEWS_HAS_EVENT,1,SYNTHETIC_DEMO
EVT00529,LOC00529,EVENT_AT_LOCATION,0.8,SYNTHETIC_DEMO
EVT00529,NEWS00529,NEWS_HAS_EVENT,1,SYNTHETIC_DEMO
EVT00530,LOC00530,EVENT_AT_LOCATION,1.0,SYNTHETIC_DEMO
EVT00530,NEWS00530,NEWS_HAS_EVENT,1,SYNTHETIC_DEMO
EVT00531,LOC00531,EVENT_AT_LOCATION,0.8,SYNTHETIC_DEMO
EVT00531,NEWS00531,NEWS_HAS_EVENT,1,SYNTHETIC_DEMO
EVT00532,LOC00532,EVENT_AT_LOCATION,0.4,SYNTHETIC_DEMO
EVT00532,NEWS00532,NEWS_HAS_EVENT,1,SYNTHETIC_DEMO
EVT00533,LOC00533,EVENT_AT_LOCATION,0.6,SYNTHETIC_DEMO
EVT00533,NEWS00533,NEWS_HAS_EVENT,1,SYNTHETIC_DEMO
EVT00534,LOC00534,EVENT_AT_LOCATION,0.2,SYNTHETIC_DEMO
EVT00534,NEWS00534,NEWS_HAS_EVENT,1,SYNTHETIC_DEMO
EVT00535,LOC00535,EVENT_AT_LOCATION,0.4,SYNTHETIC_DEMO
EVT00535,NEWS00535,NEWS_HAS_EVENT,1,SYNTHETIC_DEMO
EVT00536,LOC00536,EVENT_AT_LOCATION,0.4,SYNTHETIC_DEMO
EVT00536,NEWS00536,NEWS_HAS_EVENT,1,SYNTHETIC_DEMO
EVT00537,LOC00537,EVENT_AT_LOCATION,0.6,SYNTHETIC_DEMO
EVT00537,NEWS00537,NEWS_HAS_EVENT,1,SYNTHETIC_DEMO
EVT00538,LOC00538,EVENT_AT_LOCATION,1.0,SYNTHETIC_DEMO
EVT00538,NEWS00538,NEWS_HAS_EVENT,1,SYNTHETIC_DEMO
EVT00539,LOC00539,EVENT_AT_LOCATION,1.0,SYNTHETIC_DEMO
EVT00539,NEWS00539,NEWS_HAS_EVENT,1,SYNTHETIC_DEMO
EVT00540,LOC00540,EVENT_AT_LOCATION,1.0,SYNTHETIC_DEMO
EVT00540,NEWS00540,NEWS_HAS_EVENT,1,SYNTHETIC_DEMO
EVT00541,LOC00541,EVENT_AT_LOCATION,1.0,SYNTHETIC_DEMO
EVT00541,NEWS00541,NEWS_HAS_EVENT,1,SYNTHETIC_DEMO
EVT00542,LOC00542,EVENT_AT_LOCATION,0.8,SYNTHETIC_DEMO
EVT00542,NEWS00542,NEWS_HAS_EVENT,1,SYNTHETIC_DEMO
EVT00543,LOC00543,EVENT_AT_LOCATION,0.6,SYNTHETIC_DEMO
EVT00543,NEWS00543,NEWS_HAS_EVENT,1,SYNTHETIC_DEMO
EVT00544,LOC00544,EVENT_AT_LOCATION,0.4,SYNTHETIC_DEMO
EVT00544,NEWS00544,NEWS_HAS_EVENT,1,SYNTHETIC_DEMO
EVT00545,LOC00545,EVENT_AT_LOCATION,0.6,SYNTHETIC_DEMO
EVT00545,NEWS00545,NEWS_HAS_EVENT,1,SYNTHETIC_DEMO
EVT00546,LOC00546,EVENT_AT_LOCATION,1.0,SYNTHETIC_DEMO
EVT00546,NEWS00546,NEWS_HAS_EVENT,1,SYNTHETIC_DEMO
EVT00547,LOC00547,EVENT_AT_LOCATION,0.6,SYNTHETIC_DEMO
EVT00547,NEWS00547,NEWS_HAS_EVENT,1,SYNTHETIC_DEMO
EVT00548,LOC00548,EVENT_AT_LOCATION,0.2,SYNTHETIC_DEMO
EVT00548,NEWS00548,NEWS_HAS_EVENT,1,SYNTHETIC_DEMO
EVT00549,LOC00549,EVENT_AT_LOCATION,0.4,SYNTHETIC_DEMO
EVT00549,NEWS00549,NEWS_HAS_EVENT,1,SYNTHETIC_DEMO
EVT00550,LOC00550,EVENT_AT_LOCATION,0.4,SYNTHETIC_DEMO
EVT00550,NEWS00550,NEWS_HAS_EVENT,1,SYNTHETIC_DEMO
EVT00551,LOC00551,EVENT_AT_LOCATION,0.6,SYNTHETIC_DEMO
EVT00551,NEWS00551,NEWS_HAS_EVENT,1,SYNTHETIC_DEMO
EVT00552,LOC00552,EVENT_AT_LOCATION,0.4,SYNTHETIC_DEMO
EVT00552,NEWS00552,NEWS_HAS_EVENT,1,SYNTHETIC_DEMO
EVT00553,LOC00553,EVENT_AT_LOCATION,0.8,SYNTHETIC_DEMO
EVT00553,NEWS00553,NEWS_HAS_EVENT,1,SYNTHETIC_DEMO
EVT00554,LOC00554,EVENT_AT_LOCATION,0.8,SYNTHETIC_DEMO
EVT00554,NEWS00554,NEWS_HAS_EVENT,1,SYNTHETIC_DEMO
EVT00555,LOC00555,EVENT_AT_LOCATION,1.0,SYNTHETIC_DEMO
EVT00555,NEWS00555,NEWS_HAS_EVENT,1,SYNTHETIC_DEMO
EVT00556,LOC00556,EVENT_AT_LOCATION,0.6,SYNTHETIC_DEMO
EVT00556,NEWS00556,NEWS_HAS_EVENT,1,SYNTHETIC_DEMO
EVT00557,LOC00557,EVENT_AT_LOCATION,0.4,SYNTHETIC_DEMO
EVT00557,NEWS00557,NEWS_HAS_EVENT,1,SYNTHETIC_DEMO
EVT00558,LOC00558,EVENT_AT_LOCATION,1.0,SYNTHETIC_DEMO
EVT00558,NEWS00558,NEWS_HAS_EVENT,1,SYNTHETIC_DEMO
EVT00559,LOC00559,EVENT_AT_LOCATION,0.2,SYNTHETIC_DEMO
EVT00559,NEWS00559,NEWS_HAS_EVENT,1,SYNTHETIC_DEMO
EVT00560,LOC00560,EVENT_AT_LOCATION,1.0,SYNTHETIC_DEMO
EVT00560,NEWS00560,NEWS_HAS_EVENT,1,SYNTHETIC_DEMO
EVT00561,LOC00561,EVENT_AT_LOCATION,0.2,SYNTHETIC_DEMO
EVT00561,NEWS00561,NEWS_HAS_EVENT,1,SYNTHETIC_DEMO
EVT00562,LOC00562,EVENT_AT_LOCATION,0.2,SYNTHETIC_DEMO
EVT00562,NEWS00562,NEWS_HAS_EVENT,1,SYNTHETIC_DEMO
EVT00563,LOC00563,EVENT_AT_LOCATION,0.6,SYNTHETIC_DEMO
EVT00563,NEWS00563,NEWS_HAS_EVENT,1,SYNTHETIC_DEMO
EVT00564,LOC00564,EVENT_AT_LOCATION,0.6,SYNTHETIC_DEMO
EVT00564,NEWS00564,NEWS_HAS_EVENT,1,SYNTHETIC_DEMO
EVT00565,LOC00565,EVENT_AT_LOCATION,1.0,SYNTHETIC_DEMO
EVT00565,NEWS00565,NEWS_HAS_EVENT,1,SYNTHETIC_DEMO
EVT00566,LOC00566,EVENT_AT_LOCATION,0.6,SYNTHETIC_DEMO
EVT00566,NEWS00566,NEWS_HAS_EVENT,1,SYNTHETIC_DEMO
EVT00567,LOC00567,EVENT_AT_LOCATION,0.6,SYNTHETIC_DEMO
EVT00567,NEWS00567,NEWS_HAS_EVENT,1,SYNTHETIC_DEMO
EVT00568,LOC00568,EVENT_AT_LOCATION,0.4,SYNTHETIC_DEMO
EVT00568,NEWS00568,NEWS_HAS_EVENT,1,SYNTHETIC_DEMO
EVT00569,LOC00569,EVENT_AT_LOCATION,0.6,SYNTHETIC_DEMO
EVT00569,NEWS00569,NEWS_HAS_EVENT,1,SYNTHETIC_DEMO
EVT00570,LOC00570,EVENT_AT_LOCATION,0.6,SYNTHETIC_DEMO
EVT00570,NEWS00570,NEWS_HAS_EVENT,1,SYNTHETIC_DEMO
EVT00571,LOC00571,EVENT_AT_LOCATION,0.2,SYNTHETIC_DEMO
EVT00571,NEWS00571,NEWS_HAS_EVENT,1,SYNTHETIC_DEMO
EVT00572,LOC00572,EVENT_AT_LOCATION,0.6,SYNTHETIC_DEMO
EVT00572,NEWS00572,NEWS_HAS_EVENT,1,SYNTHETIC_DEMO
EVT00573,LOC00573,EVENT_AT_LOCATION,0.4,SYNTHETIC_DEMO
EVT00573,NEWS00573,NEWS_HAS_EVENT,1,SYNTHETIC_DEMO
EVT00574,LOC00574,EVENT_AT_LOCATION,0.6,SYNTHETIC_DEMO
EVT00574,NEWS00574,NEWS_HAS_EVENT,1,SYNTHETIC_DEMO
EVT00575,LOC00575,EVENT_AT_LOCATION,1.0,SYNTHETIC_DEMO
EVT00575,NEWS00575,NEWS_HAS_EVENT,1,SYNTHETIC_DEMO
EVT00576,LOC00576,EVENT_AT_LOCATION,0.6,SYNTHETIC_DEMO
EVT00576,NEWS00576,NEWS_HAS_EVENT,1,SYNTHETIC_DEMO
EVT00577,LOC00577,EVENT_AT_LOCATION,0.4,SYNTHETIC_DEMO
EVT00577,NEWS00577,NEWS_HAS_EVENT,1,SYNTHETIC_DEMO
EVT00578,LOC00578,EVENT_AT_LOCATION,0.2,SYNTHETIC_DEMO
EVT00578,NEWS00578,NEWS_HAS_EVENT,1,SYNTHETIC_DEMO
EVT00579,LOC00579,EVENT_AT_LOCATION,1.0,SYNTHETIC_DEMO
EVT00579,NEWS00579,NEWS_HAS_EVENT,1,SYNTHETIC_DEMO
EVT00580,LOC00580,EVENT_AT_LOCATION,1.0,SYNTHETIC_DEMO
EVT00580,NEWS00580,NEWS_HAS_EVENT,1,SYNTHETIC_DEMO
EVT00581,LOC00581,EVENT_AT_LOCATION,0.4,SYNTHETIC_DEMO
EVT00581,NEWS00581,NEWS_HAS_EVENT,1,SYNTHETIC_DEMO
EVT00582,LOC00582,EVENT_AT_LOCATION,0.8,SYNTHETIC_DEMO
EVT00582,NEWS00582,NEWS_HAS_EVENT,1,SYNTHETIC_DEMO
EVT00583,LOC00583,EVENT_AT_LOCATION,0.6,SYNTHETIC_DEMO
EVT00583,NEWS00583,NEWS_HAS_EVENT,1,SYNTHETIC_DEMO
EVT00584,LOC00584,EVENT_AT_LOCATION,0.2,SYNTHETIC_DEMO
EVT00584,NEWS00584,NEWS_HAS_EVENT,1,SYNTHETIC_DEMO
EVT00585,LOC00585,EVENT_AT_LOCATION,0.4,SYNTHETIC_DEMO
EVT00585,NEWS00585,NEWS_HAS_EVENT,1,SYNTHETIC_DEMO
EVT00586,LOC00586,EVENT_AT_LOCATION,0.6,SYNTHETIC_DEMO
EVT00586,NEWS00586,NEWS_HAS_EVENT,1,SYNTHETIC_DEMO
EVT00587,LOC00587,EVENT_AT_LOCATION,0.8,SYNTHETIC_DEMO
EVT00587,NEWS00587,NEWS_HAS_EVENT,1,SYNTHETIC_DEMO
EVT00588,LOC00588,EVENT_AT_LOCATION,0.4,SYNTHETIC_DEMO
EVT00588,NEWS00588,NEWS_HAS_EVENT,1,SYNTHETIC_DEMO
EVT00589,LOC00589,EVENT_AT_LOCATION,0.4,SYNTHETIC_DEMO
EVT00589,NEWS00589,NEWS_HAS_EVENT,1,SYNTHETIC_DEMO
EVT00590,LOC00590,EVENT_AT_LOCATION,0.2,SYNTHETIC_DEMO
EVT00590,NEWS00590,NEWS_HAS_EVENT,1,SYNTHETIC_DEMO
EVT00591,LOC00591,EVENT_AT_LOCATION,0.2,SYNTHETIC_DEMO
EVT00591,NEWS00591,NEWS_HAS_EVENT,1,SYNTHETIC_DEMO
EVT00592,LOC00592,EVENT_AT_LOCATION,0.6,SYNTHETIC_DEMO
EVT00592,NEWS00592,NEWS_HAS_EVENT,1,SYNTHETIC_DEMO
EVT00593,LOC00593,EVENT_AT_LOCATION,0.8,SYNTHETIC_DEMO
EVT00593,NEWS00593,NEWS_HAS_EVENT,1,SYNTHETIC_DEMO
EVT00594,LOC00594,EVENT_AT_LOCATION,0.2,SYNTHETIC_DEMO
EVT00594,NEWS00594,NEWS_HAS_EVENT,1,SYNTHETIC_DEMO
EVT00595,LOC00595,EVENT_AT_LOCATION,0.6,SYNTHETIC_DEMO
EVT00595,NEWS00595,NEWS_HAS_EVENT,1,SYNTHETIC_DEMO
EVT00596,LOC00596,EVENT_AT_LOCATION,0.8,SYNTHETIC_DEMO
EVT00596,NEWS00596,NEWS_HAS_EVENT,1,SYNTHETIC_DEMO
EVT00597,LOC00597,EVENT_AT_LOCATION,0.4,SYNTHETIC_DEMO
EVT00597,NEWS00597,NEWS_HAS_EVENT,1,SYNTHETIC_DEMO
EVT00598,LOC00598,EVENT_AT_LOCATION,0.6,SYNTHETIC_DEMO
EVT00598,NEWS00598,NEWS_HAS_EVENT,1,SYNTHETIC_DEMO
EVT00599,LOC00599,EVENT_AT_LOCATION,0.8,SYNTHETIC_DEMO
EVT00599,NEWS00599,NEWS_HAS_EVENT,1,SYNTHETIC_DEMO
EVT00600,LOC00600,EVENT_AT_LOCATION,0.2,SYNTHETIC_DEMO
EVT00600,NEWS00600,NEWS_HAS_EVENT,1,SYNTHETIC_DEMO
EVT00601,LOC00601,EVENT_AT_LOCATION,0.2,SYNTHETIC_DEMO
EVT00601,NEWS00601,NEWS_HAS_EVENT,1,SYNTHETIC_DEMO
EVT00602,LOC00602,EVENT_AT_LOCATION,0.2,SYNTHETIC_DEMO
EVT00602,NEWS00602,NEWS_HAS_EVENT,1,SYNTHETIC_DEMO
EVT00603,LOC00603,EVENT_AT_LOCATION,0.2,SYNTHETIC_DEMO
EVT00603,NEWS00603,NEWS_HAS_EVENT,1,SYNTHETIC_DEMO
EVT00604,LOC00604,EVENT_AT_LOCATION,0.4,SYNTHETIC_DEMO
EVT00604,NEWS00604,NEWS_HAS_EVENT,1,SYNTHETIC_DEMO
EVT00605,LOC00605,EVENT_AT_LOCATION,0.2,SYNTHETIC_DEMO
EVT00605,NEWS00605,NEWS_HAS_EVENT,1,SYNTHETIC_DEMO
EVT00606,LOC00606,EVENT_AT_LOCATION,0.4,SYNTHETIC_DEMO
EVT00606,NEWS00606,NEWS_HAS_EVENT,1,SYNTHETIC_DEMO
EVT00607,LOC00607,EVENT_AT_LOCATION,0.8,SYNTHETIC_DEMO
EVT00607,NEWS00607,NEWS_HAS_EVENT,1,SYNTHETIC_DEMO
EVT00608,LOC00608,EVENT_AT_LOCATION,1.0,SYNTHETIC_DEMO
EVT00608,NEWS00608,NEWS_HAS_EVENT,1,SYNTHETIC_DEMO
EVT00609,LOC00609,EVENT_AT_LOCATION,0.8,SYNTHETIC_DEMO
EVT00609,NEWS00609,NEWS_HAS_EVENT,1,SYNTHETIC_DEMO
EVT00610,LOC00610,EVENT_AT_LOCATION,1.0,SYNTHETIC_DEMO
EVT00610,NEWS00610,NEWS_HAS_EVENT,1,SYNTHETIC_DEMO
EVT00611,LOC00611,EVENT_AT_LOCATION,0.4,SYNTHETIC_DEMO
EVT00611,NEWS00611,NEWS_HAS_EVENT,1,SYNTHETIC_DEMO
EVT00612,LOC00612,EVENT_AT_LOCATION,0.8,SYNTHETIC_DEMO
EVT00612,NEWS00612,NEWS_HAS_EVENT,1,SYNTHETIC_DEMO
EVT00613,LOC00613,EVENT_AT_LOCATION,0.6,SYNTHETIC_DEMO
EVT00613,NEWS00613,NEWS_HAS_EVENT,1,SYNTHETIC_DEMO
EVT00614,LOC00614,EVENT_AT_LOCATION,1.0,SYNTHETIC_DEMO
EVT00614,NEWS00614,NEWS_HAS_EVENT,1,SYNTHETIC_DEMO
EVT00615,LOC00615,EVENT_AT_LOCATION,0.2,SYNTHETIC_DEMO
EVT00615,NEWS00615,NEWS_HAS_EVENT,1,SYNTHETIC_DEMO
EVT00616,LOC00616,EVENT_AT_LOCATION,0.8,SYNTHETIC_DEMO
EVT00616,NEWS00616,NEWS_HAS_EVENT,1,SYNTHETIC_DEMO
EVT00617,LOC00617,EVENT_AT_LOCATION,0.6,SYNTHETIC_DEMO
EVT00617,NEWS00617,NEWS_HAS_EVENT,1,SYNTHETIC_DEMO
EVT00618,LOC00618,EVENT_AT_LOCATION,0.2,SYNTHETIC_DEMO
EVT00618,NEWS00618,NEWS_HAS_EVENT,1,SYNTHETIC_DEMO
EVT00619,LOC00619,EVENT_AT_LOCATION,0.2,SYNTHETIC_DEMO
EVT00619,NEWS00619,NEWS_HAS_EVENT,1,SYNTHETIC_DEMO
EVT00620,LOC00620,EVENT_AT_LOCATION,1.0,SYNTHETIC_DEMO
EVT00620,NEWS00620,NEWS_HAS_EVENT,1,SYNTHETIC_DEMO
EVT00621,LOC00621,EVENT_AT_LOCATION,1.0,SYNTHETIC_DEMO
EVT00621,NEWS00621,NEWS_HAS_EVENT,1,SYNTHETIC_DEMO
EVT00622,LOC00622,EVENT_AT_LOCATION,0.8,SYNTHETIC_DEMO
EVT00622,NEWS00622,NEWS_HAS_EVENT,1,SYNTHETIC_DEMO
EVT00623,LOC00623,EVENT_AT_LOCATION,0.6,SYNTHETIC_DEMO
EVT00623,NEWS00623,NEWS_HAS_EVENT,1,SYNTHETIC_DEMO
EVT00624,LOC00624,EVENT_AT_LOCATION,0.6,SYNTHETIC_DEMO
EVT00624,NEWS00624,NEWS_HAS_EVENT,1,SYNTHETIC_DEMO
EVT00625,LOC00625,EVENT_AT_LOCATION,0.6,SYNTHETIC_DEMO
EVT00625,NEWS00625,NEWS_HAS_EVENT,1,SYNTHETIC_DEMO
EVT00626,LOC00626,EVENT_AT_LOCATION,0.2,SYNTHETIC_DEMO
EVT00626,NEWS00626,NEWS_HAS_EVENT,1,SYNTHETIC_DEMO
EVT00627,LOC00627,EVENT_AT_LOCATION,0.6,SYNTHETIC_DEMO
EVT00627,NEWS00627,NEWS_HAS_EVENT,1,SYNTHETIC_DEMO
EVT00628,LOC00628,EVENT_AT_LOCATION,0.8,SYNTHETIC_DEMO
EVT00628,NEWS00628,NEWS_HAS_EVENT,1,SYNTHETIC_DEMO
EVT00629,LOC00629,EVENT_AT_LOCATION,0.4,SYNTHETIC_DEMO
EVT00629,NEWS00629,NEWS_HAS_EVENT,1,SYNTHETIC_DEMO
EVT00630,LOC00630,EVENT_AT_LOCATION,0.2,SYNTHETIC_DEMO
EVT00630,NEWS00630,NEWS_HAS_EVENT,1,SYNTHETIC_DEMO
EVT00631,LOC00631,EVENT_AT_LOCATION,1.0,SYNTHETIC_DEMO
EVT00631,NEWS00631,NEWS_HAS_EVENT,1,SYNTHETIC_DEMO
EVT00632,LOC00632,EVENT_AT_LOCATION,0.4,SYNTHETIC_DEMO
EVT00632,NEWS00632,NEWS_HAS_EVENT,1,SYNTHETIC_DEMO
EVT00633,LOC00633,EVENT_AT_LOCATION,0.8,SYNTHETIC_DEMO
EVT00633,NEWS00633,NEWS_HAS_EVENT,1,SYNTHETIC_DEMO
EVT00634,LOC00634,EVENT_AT_LOCATION,1.0,SYNTHETIC_DEMO
EVT00634,NEWS00634,NEWS_HAS_EVENT,1,SYNTHETIC_DEMO
EVT00635,LOC00635,EVENT_AT_LOCATION,1.0,SYNTHETIC_DEMO
EVT00635,NEWS00635,NEWS_HAS_EVENT,1,SYNTHETIC_DEMO
EVT00636,LOC00636,EVENT_AT_LOCATION,0.6,SYNTHETIC_DEMO
EVT00636,NEWS00636,NEWS_HAS_EVENT,1,SYNTHETIC_DEMO
EVT00637,LOC00637,EVENT_AT_LOCATION,0.6,SYNTHETIC_DEMO
EVT00637,NEWS00637,NEWS_HAS_EVENT,1,SYNTHETIC_DEMO
EVT00638,LOC00638,EVENT_AT_LOCATION,1.0,SYNTHETIC_DEMO
EVT00638,NEWS00638,NEWS_HAS_EVENT,1,SYNTHETIC_DEMO
EVT00639,LOC00639,EVENT_AT_LOCATION,0.2,SYNTHETIC_DEMO
EVT00639,NEWS00639,NEWS_HAS_EVENT,1,SYNTHETIC_DEMO
EVT00640,LOC00640,EVENT_AT_LOCATION,0.8,SYNTHETIC_DEMO
EVT00640,NEWS00640,NEWS_HAS_EVENT,1,SYNTHETIC_DEMO
EVT00641,LOC00641,EVENT_AT_LOCATION,0.2,SYNTHETIC_DEMO
EVT00641,NEWS00641,NEWS_HAS_EVENT,1,SYNTHETIC_DEMO
EVT00642,LOC00642,EVENT_AT_LOCATION,0.4,SYNTHETIC_DEMO
EVT00642,NEWS00642,NEWS_HAS_EVENT,1,SYNTHETIC_DEMO
EVT00643,LOC00643,EVENT_AT_LOCATION,0.2,SYNTHETIC_DEMO
EVT00643,NEWS00643,NEWS_HAS_EVENT,1,SYNTHETIC_DEMO
EVT00644,LOC00644,EVENT_AT_LOCATION,0.4,SYNTHETIC_DEMO
EVT00644,NEWS00644,NEWS_HAS_EVENT,1,SYNTHETIC_DEMO
EVT00645,LOC00645,EVENT_AT_LOCATION,1.0,SYNTHETIC_DEMO
EVT00645,NEWS00645,NEWS_HAS_EVENT,1,SYNTHETIC_DEMO
EVT00646,LOC00646,EVENT_AT_LOCATION,1.0,SYNTHETIC_DEMO
EVT00646,NEWS00646,NEWS_HAS_EVENT,1,SYNTHETIC_DEMO
EVT00647,LOC00647,EVENT_AT_LOCATION,1.0,SYNTHETIC_DEMO
EVT00647,NEWS00647,NEWS_HAS_EVENT,1,SYNTHETIC_DEMO
EVT00648,LOC00648,EVENT_AT_LOCATION,0.6,SYNTHETIC_DEMO
EVT00648,NEWS00648,NEWS_HAS_EVENT,1,SYNTHETIC_DEMO
EVT00649,LOC00649,EVENT_AT_LOCATION,0.8,SYNTHETIC_DEMO
EVT00649,NEWS00649,NEWS_HAS_EVENT,1,SYNTHETIC_DEMO
EVT00650,LOC00650,EVENT_AT_LOCATION,0.2,SYNTHETIC_DEMO
EVT00650,NEWS00650,NEWS_HAS_EVENT,1,SYNTHETIC_DEMO
EVT00651,LOC00651,EVENT_AT_LOCATION,0.4,SYNTHETIC_DEMO
EVT00651,NEWS00651,NEWS_HAS_EVENT,1,SYNTHETIC_DEMO
EVT00652,LOC00652,EVENT_AT_LOCATION,1.0,SYNTHETIC_DEMO
EVT00652,NEWS00652,NEWS_HAS_EVENT,1,SYNTHETIC_DEMO
EVT00653,LOC00653,EVENT_AT_LOCATION,0.6,SYNTHETIC_DEMO
EVT00653,NEWS00653,NEWS_HAS_EVENT,1,SYNTHETIC_DEMO
EVT00654,LOC00654,EVENT_AT_LOCATION,0.6,SYNTHETIC_DEMO
EVT00654,NEWS00654,NEWS_HAS_EVENT,1,SYNTHETIC_DEMO
EVT00655,LOC00655,EVENT_AT_LOCATION,0.8,SYNTHETIC_DEMO
EVT00655,NEWS00655,NEWS_HAS_EVENT,1,SYNTHETIC_DEMO
EVT00656,LOC00656,EVENT_AT_LOCATION,0.6,SYNTHETIC_DEMO
EVT00656,NEWS00656,NEWS_HAS_EVENT,1,SYNTHETIC_DEMO
EVT00657,LOC00657,EVENT_AT_LOCATION,0.2,SYNTHETIC_DEMO
EVT00657,NEWS00657,NEWS_HAS_EVENT,1,SYNTHETIC_DEMO
EVT00658,LOC00658,EVENT_AT_LOCATION,0.6,SYNTHETIC_DEMO
EVT00658,NEWS00658,NEWS_HAS_EVENT,1,SYNTHETIC_DEMO
EVT00659,LOC00659,EVENT_AT_LOCATION,0.8,SYNTHETIC_DEMO
EVT00659,NEWS00659,NEWS_HAS_EVENT,1,SYNTHETIC_DEMO
EVT00660,LOC00660,EVENT_AT_LOCATION,0.4,SYNTHETIC_DEMO
EVT00660,NEWS00660,NEWS_HAS_EVENT,1,SYNTHETIC_DEMO
EVT00661,LOC00661,EVENT_AT_LOCATION,0.2,SYNTHETIC_DEMO
EVT00661,NEWS00661,NEWS_HAS_EVENT,1,SYNTHETIC_DEMO
EVT00662,LOC00662,EVENT_AT_LOCATION,0.6,SYNTHETIC_DEMO
EVT00662,NEWS00662,NEWS_HAS_EVENT,1,SYNTHETIC_DEMO
EVT00663,LOC00663,EVENT_AT_LOCATION,1.0,SYNTHETIC_DEMO
EVT00663,NEWS00663,NEWS_HAS_EVENT,1,SYNTHETIC_DEMO
EVT00664,LOC00664,EVENT_AT_LOCATION,0.4,SYNTHETIC_DEMO
EVT00664,NEWS00664,NEWS_HAS_EVENT,1,SYNTHETIC_DEMO
EVT00665,LOC00665,EVENT_AT_LOCATION,1.0,SYNTHETIC_DEMO
EVT00665,NEWS00665,NEWS_HAS_EVENT,1,SYNTHETIC_DEMO
EVT00666,LOC00666,EVENT_AT_LOCATION,1.0,SYNTHETIC_DEMO
EVT00666,NEWS00666,NEWS_HAS_EVENT,1,SYNTHETIC_DEMO
EVT00667,LOC00667,EVENT_AT_LOCATION,0.2,SYNTHETIC_DEMO
EVT00667,NEWS00667,NEWS_HAS_EVENT,1,SYNTHETIC_DEMO
EVT00668,LOC00668,EVENT_AT_LOCATION,0.6,SYNTHETIC_DEMO
EVT00668,NEWS00668,NEWS_HAS_EVENT,1,SYNTHETIC_DEMO
EVT00669,LOC00669,EVENT_AT_LOCATION,1.0,SYNTHETIC_DEMO
EVT00669,NEWS00669,NEWS_HAS_EVENT,1,SYNTHETIC_DEMO
EVT00670,LOC00670,EVENT_AT_LOCATION,0.6,SYNTHETIC_DEMO
EVT00670,NEWS00670,NEWS_HAS_EVENT,1,SYNTHETIC_DEMO
EVT00671,LOC00671,EVENT_AT_LOCATION,1.0,SYNTHETIC_DEMO
EVT00671,NEWS00671,NEWS_HAS_EVENT,1,SYNTHETIC_DEMO
EVT00672,LOC00672,EVENT_AT_LOCATION,0.4,SYNTHETIC_DEMO
EVT00672,NEWS00672,NEWS_HAS_EVENT,1,SYNTHETIC_DEMO
EVT00673,LOC00673,EVENT_AT_LOCATION,0.2,SYNTHETIC_DEMO
EVT00673,NEWS00673,NEWS_HAS_EVENT,1,SYNTHETIC_DEMO
EVT00674,LOC00674,EVENT_AT_LOCATION,0.4,SYNTHETIC_DEMO
EVT00674,NEWS00674,NEWS_HAS_EVENT,1,SYNTHETIC_DEMO
EVT00675,LOC00675,EVENT_AT_LOCATION,0.6,SYNTHETIC_DEMO
EVT00675,NEWS00675,NEWS_HAS_EVENT,1,SYNTHETIC_DEMO
EVT00676,LOC00676,EVENT_AT_LOCATION,0.2,SYNTHETIC_DEMO
EVT00676,NEWS00676,NEWS_HAS_EVENT,1,SYNTHETIC_DEMO
EVT00677,LOC00677,EVENT_AT_LOCATION,0.2,SYNTHETIC_DEMO
EVT00677,NEWS00677,NEWS_HAS_EVENT,1,SYNTHETIC_DEMO
EVT00678,LOC00678,EVENT_AT_LOCATION,1.0,SYNTHETIC_DEMO
EVT00678,NEWS00678,NEWS_HAS_EVENT,1,SYNTHETIC_DEMO
EVT00679,LOC00679,EVENT_AT_LOCATION,1.0,SYNTHETIC_DEMO
EVT00679,NEWS00679,NEWS_HAS_EVENT,1,SYNTHETIC_DEMO
EVT00680,LOC00680,EVENT_AT_LOCATION,0.4,SYNTHETIC_DEMO
EVT00680,NEWS00680,NEWS_HAS_EVENT,1,SYNTHETIC_DEMO
EVT00681,LOC00681,EVENT_AT_LOCATION,1.0,SYNTHETIC_DEMO
EVT00681,NEWS00681,NEWS_HAS_EVENT,1,SYNTHETIC_DEMO
EVT00682,LOC00682,EVENT_AT_LOCATION,0.6,SYNTHETIC_DEMO
EVT00682,NEWS00682,NEWS_HAS_EVENT,1,SYNTHETIC_DEMO
EVT00683,LOC00683,EVENT_AT_LOCATION,0.8,SYNTHETIC_DEMO
EVT00683,NEWS00683,NEWS_HAS_EVENT,1,SYNTHETIC_DEMO
EVT00684,LOC00684,EVENT_AT_LOCATION,0.2,SYNTHETIC_DEMO
EVT00684,NEWS00684,NEWS_HAS_EVENT,1,SYNTHETIC_DEMO
EVT00685,LOC00685,EVENT_AT_LOCATION,0.8,SYNTHETIC_DEMO
EVT00685,NEWS00685,NEWS_HAS_EVENT,1,SYNTHETIC_DEMO
EVT00686,LOC00686,EVENT_AT_LOCATION,0.2,SYNTHETIC_DEMO
EVT00686,NEWS00686,NEWS_HAS_EVENT,1,SYNTHETIC_DEMO
EVT00687,LOC00687,EVENT_AT_LOCATION,0.2,SYNTHETIC_DEMO
EVT00687,NEWS00687,NEWS_HAS_EVENT,1,SYNTHETIC_DEMO
EVT00688,LOC00688,EVENT_AT_LOCATION,0.8,SYNTHETIC_DEMO
EVT00688,NEWS00688,NEWS_HAS_EVENT,1,SYNTHETIC_DEMO
EVT00689,LOC00689,EVENT_AT_LOCATION,0.2,SYNTHETIC_DEMO
EVT00689,NEWS00689,NEWS_HAS_EVENT,1,SYNTHETIC_DEMO
EVT00690,LOC00690,EVENT_AT_LOCATION,0.4,SYNTHETIC_DEMO
EVT00690,NEWS00690,NEWS_HAS_EVENT,1,SYNTHETIC_DEMO
EVT00691,LOC00691,EVENT_AT_LOCATION,0.2,SYNTHETIC_DEMO
EVT00691,NEWS00691,NEWS_HAS_EVENT,1,SYNTHETIC_DEMO
EVT00692,LOC00692,EVENT_AT_LOCATION,0.2,SYNTHETIC_DEMO
EVT00692,NEWS00692,NEWS_HAS_EVENT,1,SYNTHETIC_DEMO
EVT00693,LOC00693,EVENT_AT_LOCATION,1.0,SYNTHETIC_DEMO
EVT00693,NEWS00693,NEWS_HAS_EVENT,1,SYNTHETIC_DEMO
EVT00694,LOC00694,EVENT_AT_LOCATION,0.8,SYNTHETIC_DEMO
EVT00694,NEWS00694,NEWS_HAS_EVENT,1,SYNTHETIC_DEMO
EVT00695,LOC00695,EVENT_AT_LOCATION,1.0,SYNTHETIC_DEMO
EVT00695,NEWS00695,NEWS_HAS_EVENT,1,SYNTHETIC_DEMO
EVT00696,LOC00696,EVENT_AT_LOCATION,1.0,SYNTHETIC_DEMO
EVT00696,NEWS00696,NEWS_HAS_EVENT,1,SYNTHETIC_DEMO
EVT00697,LOC00697,EVENT_AT_LOCATION,0.4,SYNTHETIC_DEMO
EVT00697,NEWS00697,NEWS_HAS_EVENT,1,SYNTHETIC_DEMO
EVT00698,LOC00698,EVENT_AT_LOCATION,0.2,SYNTHETIC_DEMO
EVT00698,NEWS00698,NEWS_HAS_EVENT,1,SYNTHETIC_DEMO
EVT00699,LOC00699,EVENT_AT_LOCATION,1.0,SYNTHETIC_DEMO
EVT00699,NEWS00699,NEWS_HAS_EVENT,1,SYNTHETIC_DEMO
EVT00700,LOC00700,EVENT_AT_LOCATION,0.4,SYNTHETIC_DEMO
EVT00700,NEWS00700,NEWS_HAS_EVENT,1,SYNTHETIC_DEMO
EVT00701,LOC00701,EVENT_AT_LOCATION,0.2,SYNTHETIC_DEMO
EVT00701,NEWS00701,NEWS_HAS_EVENT,1,SYNTHETIC_DEMO
EVT00702,LOC00702,EVENT_AT_LOCATION,0.2,SYNTHETIC_DEMO
EVT00702,NEWS00702,NEWS_HAS_EVENT,1,SYNTHETIC_DEMO
EVT00703,LOC00703,EVENT_AT_LOCATION,0.6,SYNTHETIC_DEMO
EVT00703,NEWS00703,NEWS_HAS_EVENT,1,SYNTHETIC_DEMO
EVT00704,LOC00704,EVENT_AT_LOCATION,0.2,SYNTHETIC_DEMO
EVT00704,NEWS00704,NEWS_HAS_EVENT,1,SYNTHETIC_DEMO
EVT00705,LOC00705,EVENT_AT_LOCATION,1.0,SYNTHETIC_DEMO
EVT00705,NEWS00705,NEWS_HAS_EVENT,1,SYNTHETIC_DEMO
EVT00706,LOC00706,EVENT_AT_LOCATION,0.6,SYNTHETIC_DEMO
EVT00706,NEWS00706,NEWS_HAS_EVENT,1,SYNTHETIC_DEMO
EVT00707,LOC00707,EVENT_AT_LOCATION,0.4,SYNTHETIC_DEMO
EVT00707,NEWS00707,NEWS_HAS_EVENT,1,SYNTHETIC_DEMO
EVT00708,LOC00708,EVENT_AT_LOCATION,0.4,SYNTHETIC_DEMO
EVT00708,NEWS00708,NEWS_HAS_EVENT,1,SYNTHETIC_DEMO
EVT00709,LOC00709,EVENT_AT_LOCATION,0.8,SYNTHETIC_DEMO
EVT00709,NEWS00709,NEWS_HAS_EVENT,1,SYNTHETIC_DEMO
EVT00710,LOC00710,EVENT_AT_LOCATION,0.4,SYNTHETIC_DEMO
EVT00710,NEWS00710,NEWS_HAS_EVENT,1,SYNTHETIC_DEMO
EVT00711,LOC00711,EVENT_AT_LOCATION,0.6,SYNTHETIC_DEMO
EVT00711,NEWS00711,NEWS_HAS_EVENT,1,SYNTHETIC_DEMO
EVT00712,LOC00712,EVENT_AT_LOCATION,0.4,SYNTHETIC_DEMO
EVT00712,NEWS00712,NEWS_HAS_EVENT,1,SYNTHETIC_DEMO
EVT00713,LOC00713,EVENT_AT_LOCATION,0.2,SYNTHETIC_DEMO
EVT00713,NEWS00713,NEWS_HAS_EVENT,1,SYNTHETIC_DEMO
EVT00714,LOC00714,EVENT_AT_LOCATION,0.6,SYNTHETIC_DEMO
EVT00714,NEWS00714,NEWS_HAS_EVENT,1,SYNTHETIC_DEMO
EVT00715,LOC00715,EVENT_AT_LOCATION,0.2,SYNTHETIC_DEMO
EVT00715,NEWS00715,NEWS_HAS_EVENT,1,SYNTHETIC_DEMO
EVT00716,LOC00716,EVENT_AT_LOCATION,0.2,SYNTHETIC_DEMO
EVT00716,NEWS00716,NEWS_HAS_EVENT,1,SYNTHETIC_DEMO
EVT00717,LOC00717,EVENT_AT_LOCATION,0.2,SYNTHETIC_DEMO
EVT00717,NEWS00717,NEWS_HAS_EVENT,1,SYNTHETIC_DEMO
EVT00718,LOC00718,EVENT_AT_LOCATION,0.6,SYNTHETIC_DEMO
EVT00718,NEWS00718,NEWS_HAS_EVENT,1,SYNTHETIC_DEMO
EVT00719,LOC00719,EVENT_AT_LOCATION,0.6,SYNTHETIC_DEMO
EVT00719,NEWS00719,NEWS_HAS_EVENT,1,SYNTHETIC_DEMO
EVT00720,LOC00720,EVENT_AT_LOCATION,1.0,SYNTHETIC_DEMO
EVT00720,NEWS00720,NEWS_HAS_EVENT,1,SYNTHETIC_DEMO
EVT00721,LOC00721,EVENT_AT_LOCATION,0.8,SYNTHETIC_DEMO
EVT00721,NEWS00721,NEWS_HAS_EVENT,1,SYNTHETIC_DEMO
EVT00722,LOC00722,EVENT_AT_LOCATION,1.0,SYNTHETIC_DEMO
EVT00722,NEWS00722,NEWS_HAS_EVENT,1,SYNTHETIC_DEMO
EVT00723,LOC00723,EVENT_AT_LOCATION,1.0,SYNTHETIC_DEMO
EVT00723,NEWS00723,NEWS_HAS_EVENT,1,SYNTHETIC_DEMO
EVT00724,LOC00724,EVENT_AT_LOCATION,0.8,SYNTHETIC_DEMO
EVT00724,NEWS00724,NEWS_HAS_EVENT,1,SYNTHETIC_DEMO
EVT00725,LOC00725,EVENT_AT_LOCATION,0.6,SYNTHETIC_DEMO
EVT00725,NEWS00725,NEWS_HAS_EVENT,1,SYNTHETIC_DEMO
EVT00726,LOC00726,EVENT_AT_LOCATION,0.2,SYNTHETIC_DEMO
EVT00726,NEWS00726,NEWS_HAS_EVENT,1,SYNTHETIC_DEMO
EVT00727,LOC00727,EVENT_AT_LOCATION,1.0,SYNTHETIC_DEMO
EVT00727,NEWS00727,NEWS_HAS_EVENT,1,SYNTHETIC_DEMO
EVT00728,LOC00728,EVENT_AT_LOCATION,0.8,SYNTHETIC_DEMO
EVT00728,NEWS00728,NEWS_HAS_EVENT,1,SYNTHETIC_DEMO
EVT00729,LOC00729,EVENT_AT_LOCATION,0.6,SYNTHETIC_DEMO
EVT00729,NEWS00729,NEWS_HAS_EVENT,1,SYNTHETIC_DEMO
EVT00730,LOC00730,EVENT_AT_LOCATION,0.4,SYNTHETIC_DEMO
EVT00730,NEWS00730,NEWS_HAS_EVENT,1,SYNTHETIC_DEMO
EVT00731,LOC00731,EVENT_AT_LOCATION,0.4,SYNTHETIC_DEMO
EVT00731,NEWS00731,NEWS_HAS_EVENT,1,SYNTHETIC_DEMO
EVT00732,LOC00732,EVENT_AT_LOCATION,0.4,SYNTHETIC_DEMO
EVT00732,NEWS00732,NEWS_HAS_EVENT,1,SYNTHETIC_DEMO
EVT00733,LOC00733,EVENT_AT_LOCATION,0.2,SYNTHETIC_DEMO
EVT00733,NEWS00733,NEWS_HAS_EVENT,1,SYNTHETIC_DEMO
EVT00734,LOC00734,EVENT_AT_LOCATION,0.2,SYNTHETIC_DEMO
EVT00734,NEWS00734,NEWS_HAS_EVENT,1,SYNTHETIC_DEMO
EVT00735,LOC00735,EVENT_AT_LOCATION,0.8,SYNTHETIC_DEMO
EVT00735,NEWS00735,NEWS_HAS_EVENT,1,SYNTHETIC_DEMO
EVT00736,LOC00736,EVENT_AT_LOCATION,0.2,SYNTHETIC_DEMO
EVT00736,NEWS00736,NEWS_HAS_EVENT,1,SYNTHETIC_DEMO
EVT00737,LOC00737,EVENT_AT_LOCATION,0.4,SYNTHETIC_DEMO
EVT00737,NEWS00737,NEWS_HAS_EVENT,1,SYNTHETIC_DEMO
EVT00738,LOC00738,EVENT_AT_LOCATION,1.0,SYNTHETIC_DEMO
EVT00738,NEWS00738,NEWS_HAS_EVENT,1,SYNTHETIC_DEMO
EVT00739,LOC00739,EVENT_AT_LOCATION,0.2,SYNTHETIC_DEMO
EVT00739,NEWS00739,NEWS_HAS_EVENT,1,SYNTHETIC_DEMO
EVT00740,LOC00740,EVENT_AT_LOCATION,0.4,SYNTHETIC_DEMO
EVT00740,NEWS00740,NEWS_HAS_EVENT,1,SYNTHETIC_DEMO
EVT00741,LOC00741,EVENT_AT_LOCATION,0.2,SYNTHETIC_DEMO
EVT00741,NEWS00741,NEWS_HAS_EVENT,1,SYNTHETIC_DEMO
EVT00742,LOC00742,EVENT_AT_LOCATION,0.2,SYNTHETIC_DEMO
EVT00742,NEWS00742,NEWS_HAS_EVENT,1,SYNTHETIC_DEMO
EVT00743,LOC00743,EVENT_AT_LOCATION,0.6,SYNTHETIC_DEMO
EVT00743,NEWS00743,NEWS_HAS_EVENT,1,SYNTHETIC_DEMO
EVT00744,LOC00744,EVENT_AT_LOCATION,0.2,SYNTHETIC_DEMO
EVT00744,NEWS00744,NEWS_HAS_EVENT,1,SYNTHETIC_DEMO
EVT00745,LOC00745,EVENT_AT_LOCATION,0.8,SYNTHETIC_DEMO
EVT00745,NEWS00745,NEWS_HAS_EVENT,1,SYNTHETIC_DEMO
EVT00746,LOC00746,EVENT_AT_LOCATION,0.2,SYNTHETIC_DEMO
EVT00746,NEWS00746,NEWS_HAS_EVENT,1,SYNTHETIC_DEMO
EVT00747,LOC00747,EVENT_AT_LOCATION,0.8,SYNTHETIC_DEMO
EVT00747,NEWS00747,NEWS_HAS_EVENT,1,SYNTHETIC_DEMO
EVT00748,LOC00748,EVENT_AT_LOCATION,0.6,SYNTHETIC_DEMO
EVT00748,NEWS00748,NEWS_HAS_EVENT,1,SYNTHETIC_DEMO
EVT00749,LOC00749,EVENT_AT_LOCATION,0.4,SYNTHETIC_DEMO
EVT00749,NEWS00749,NEWS_HAS_EVENT,1,SYNTHETIC_DEMO
EVT00750,LOC00750,EVENT_AT_LOCATION,0.4,SYNTHETIC_DEMO
EVT00750,NEWS00750,NEWS_HAS_EVENT,1,SYNTHETIC_DEMO
EVT00751,LOC00751,EVENT_AT_LOCATION,0.2,SYNTHETIC_DEMO
EVT00751,NEWS00751,NEWS_HAS_EVENT,1,SYNTHETIC_DEMO
EVT00752,LOC00752,EVENT_AT_LOCATION,0.6,SYNTHETIC_DEMO
EVT00752,NEWS00752,NEWS_HAS_EVENT,1,SYNTHETIC_DEMO
EVT00753,LOC00753,EVENT_AT_LOCATION,0.6,SYNTHETIC_DEMO
EVT00753,NEWS00753,NEWS_HAS_EVENT,1,SYNTHETIC_DEMO
EVT00754,LOC00754,EVENT_AT_LOCATION,0.8,SYNTHETIC_DEMO
EVT00754,NEWS00754,NEWS_HAS_EVENT,1,SYNTHETIC_DEMO
EVT00755,LOC00755,EVENT_AT_LOCATION,0.4,SYNTHETIC_DEMO
EVT00755,NEWS00755,NEWS_HAS_EVENT,1,SYNTHETIC_DEMO
EVT00756,LOC00756,EVENT_AT_LOCATION,0.6,SYNTHETIC_DEMO
EVT00756,NEWS00756,NEWS_HAS_EVENT,1,SYNTHETIC_DEMO
EVT00757,LOC00757,EVENT_AT_LOCATION,0.6,SYNTHETIC_DEMO
EVT00757,NEWS00757,NEWS_HAS_EVENT,1,SYNTHETIC_DEMO
EVT00758,LOC00758,EVENT_AT_LOCATION,0.8,SYNTHETIC_DEMO
EVT00758,NEWS00758,NEWS_HAS_EVENT,1,SYNTHETIC_DEMO
EVT00759,LOC00759,EVENT_AT_LOCATION,0.4,SYNTHETIC_DEMO
EVT00759,NEWS00759,NEWS_HAS_EVENT,1,SYNTHETIC_DEMO
EVT00760,LOC00760,EVENT_AT_LOCATION,0.4,SYNTHETIC_DEMO
EVT00760,NEWS00760,NEWS_HAS_EVENT,1,SYNTHETIC_DEMO
EVT00761,LOC00761,EVENT_AT_LOCATION,1.0,SYNTHETIC_DEMO
EVT00761,NEWS00761,NEWS_HAS_EVENT,1,SYNTHETIC_DEMO
EVT00762,LOC00762,EVENT_AT_LOCATION,0.6,SYNTHETIC_DEMO
EVT00762,NEWS00762,NEWS_HAS_EVENT,1,SYNTHETIC_DEMO
EVT00763,LOC00763,EVENT_AT_LOCATION,0.8,SYNTHETIC_DEMO
EVT00763,NEWS00763,NEWS_HAS_EVENT,1,SYNTHETIC_DEMO
EVT00764,LOC00764,EVENT_AT_LOCATION,0.2,SYNTHETIC_DEMO
EVT00764,NEWS00764,NEWS_HAS_EVENT,1,SYNTHETIC_DEMO
EVT00765,LOC00765,EVENT_AT_LOCATION,0.4,SYNTHETIC_DEMO
EVT00765,NEWS00765,NEWS_HAS_EVENT,1,SYNTHETIC_DEMO
EVT00766,LOC00766,EVENT_AT_LOCATION,1.0,SYNTHETIC_DEMO
EVT00766,NEWS00766,NEWS_HAS_EVENT,1,SYNTHETIC_DEMO
EVT00767,LOC00767,EVENT_AT_LOCATION,0.2,SYNTHETIC_DEMO
EVT00767,NEWS00767,NEWS_HAS_EVENT,1,SYNTHETIC_DEMO
EVT00768,LOC00768,EVENT_AT_LOCATION,0.8,SYNTHETIC_DEMO
EVT00768,NEWS00768,NEWS_HAS_EVENT,1,SYNTHETIC_DEMO
EVT00769,LOC00769,EVENT_AT_LOCATION,0.6,SYNTHETIC_DEMO
EVT00769,NEWS00769,NEWS_HAS_EVENT,1,SYNTHETIC_DEMO
EVT00770,LOC00770,EVENT_AT_LOCATION,0.2,SYNTHETIC_DEMO
EVT00770,NEWS00770,NEWS_HAS_EVENT,1,SYNTHETIC_DEMO
EVT00771,LOC00771,EVENT_AT_LOCATION,1.0,SYNTHETIC_DEMO
EVT00771,NEWS00771,NEWS_HAS_EVENT,1,SYNTHETIC_DEMO
EVT00772,LOC00772,EVENT_AT_LOCATION,0.6,SYNTHETIC_DEMO
EVT00772,NEWS00772,NEWS_HAS_EVENT,1,SYNTHETIC_DEMO
EVT00773,LOC00773,EVENT_AT_LOCATION,0.2,SYNTHETIC_DEMO
EVT00773,NEWS00773,NEWS_HAS_EVENT,1,SYNTHETIC_DEMO
EVT00774,LOC00774,EVENT_AT_LOCATION,1.0,SYNTHETIC_DEMO
EVT00774,NEWS00774,NEWS_HAS_EVENT,1,SYNTHETIC_DEMO
EVT00775,LOC00775,EVENT_AT_LOCATION,0.6,SYNTHETIC_DEMO
EVT00775,NEWS00775,NEWS_HAS_EVENT,1,SYNTHETIC_DEMO
EVT00776,LOC00776,EVENT_AT_LOCATION,0.4,SYNTHETIC_DEMO
EVT00776,NEWS00776,NEWS_HAS_EVENT,1,SYNTHETIC_DEMO
EVT00777,LOC00777,EVENT_AT_LOCATION,0.4,SYNTHETIC_DEMO
EVT00777,NEWS00777,NEWS_HAS_EVENT,1,SYNTHETIC_DEMO
EVT00778,LOC00778,EVENT_AT_LOCATION,0.6,SYNTHETIC_DEMO
EVT00778,NEWS00778,NEWS_HAS_EVENT,1,SYNTHETIC_DEMO
EVT00779,LOC00779,EVENT_AT_LOCATION,0.6,SYNTHETIC_DEMO
EVT00779,NEWS00779,NEWS_HAS_EVENT,1,SYNTHETIC_DEMO
EVT00780,LOC00780,EVENT_AT_LOCATION,0.4,SYNTHETIC_DEMO
EVT00780,NEWS00780,NEWS_HAS_EVENT,1,SYNTHETIC_DEMO
EVT00781,LOC00781,EVENT_AT_LOCATION,0.4,SYNTHETIC_DEMO
EVT00781,NEWS00781,NEWS_HAS_EVENT,1,SYNTHETIC_DEMO
EVT00782,LOC00782,EVENT_AT_LOCATION,1.0,SYNTHETIC_DEMO
EVT00782,NEWS00782,NEWS_HAS_EVENT,1,SYNTHETIC_DEMO
EVT00783,LOC00783,EVENT_AT_LOCATION,1.0,SYNTHETIC_DEMO
EVT00783,NEWS00783,NEWS_HAS_EVENT,1,SYNTHETIC_DEMO
EVT00784,LOC00784,EVENT_AT_LOCATION,0.4,SYNTHETIC_DEMO
EVT00784,NEWS00784,NEWS_HAS_EVENT,1,SYNTHETIC_DEMO
EVT00785,LOC00785,EVENT_AT_LOCATION,1.0,SYNTHETIC_DEMO
EVT00785,NEWS00785,NEWS_HAS_EVENT,1,SYNTHETIC_DEMO
EVT00786,LOC00786,EVENT_AT_LOCATION,0.8,SYNTHETIC_DEMO
EVT00786,NEWS00786,NEWS_HAS_EVENT,1,SYNTHETIC_DEMO
EVT00787,LOC00787,EVENT_AT_LOCATION,0.2,SYNTHETIC_DEMO
EVT00787,NEWS00787,NEWS_HAS_EVENT,1,SYNTHETIC_DEMO
EVT00788,LOC00788,EVENT_AT_LOCATION,0.2,SYNTHETIC_DEMO
EVT00788,NEWS00788,NEWS_HAS_EVENT,1,SYNTHETIC_DEMO
EVT00789,LOC00789,EVENT_AT_LOCATION,0.2,SYNTHETIC_DEMO
EVT00789,NEWS00789,NEWS_HAS_EVENT,1,SYNTHETIC_DEMO
EVT00790,LOC00790,EVENT_AT_LOCATION,0.2,SYNTHETIC_DEMO
EVT00790,NEWS00790,NEWS_HAS_EVENT,1,SYNTHETIC_DEMO
EVT00791,LOC00791,EVENT_AT_LOCATION,0.8,SYNTHETIC_DEMO
EVT00791,NEWS00791,NEWS_HAS_EVENT,1,SYNTHETIC_DEMO
EVT00792,LOC00792,EVENT_AT_LOCATION,0.6,SYNTHETIC_DEMO
EVT00792,NEWS00792,NEWS_HAS_EVENT,1,SYNTHETIC_DEMO
EVT00793,LOC00793,EVENT_AT_LOCATION,0.6,SYNTHETIC_DEMO
EVT00793,NEWS00793,NEWS_HAS_EVENT,1,SYNTHETIC_DEMO
EVT00794,LOC00794,EVENT_AT_LOCATION,0.2,SYNTHETIC_DEMO
EVT00794,NEWS00794,NEWS_HAS_EVENT,1,SYNTHETIC_DEMO
EVT00795,LOC00795,EVENT_AT_LOCATION,0.4,SYNTHETIC_DEMO
EVT00795,NEWS00795,NEWS_HAS_EVENT,1,SYNTHETIC_DEMO
EVT00796,LOC00796,EVENT_AT_LOCATION,1.0,SYNTHETIC_DEMO
EVT00796,NEWS00796,NEWS_HAS_EVENT,1,SYNTHETIC_DEMO
EVT00797,LOC00797,EVENT_AT_LOCATION,0.4,SYNTHETIC_DEMO
EVT00797,NEWS00797,NEWS_HAS_EVENT,1,SYNTHETIC_DEMO
EVT00798,LOC00798,EVENT_AT_LOCATION,0.8,SYNTHETIC_DEMO
EVT00798,NEWS00798,NEWS_HAS_EVENT,1,SYNTHETIC_DEMO
EVT00799,LOC00799,EVENT_AT_LOCATION,1.0,SYNTHETIC_DEMO
EVT00799,NEWS00799,NEWS_HAS_EVENT,1,SYNTHETIC_DEMO
EVT00800,LOC00800,EVENT_AT_LOCATION,0.2,SYNTHETIC_DEMO
EVT00800,NEWS00800,NEWS_HAS_EVENT,1,SYNTHETIC_DEMO
EVT00801,LOC00801,EVENT_AT_LOCATION,1.0,SYNTHETIC_DEMO
EVT00801,NEWS00801,NEWS_HAS_EVENT,1,SYNTHETIC_DEMO
EVT00802,LOC00802,EVENT_AT_LOCATION,0.6,SYNTHETIC_DEMO
EVT00802,NEWS00802,NEWS_HAS_EVENT,1,SYNTHETIC_DEMO
EVT00803,LOC00803,EVENT_AT_LOCATION,0.2,SYNTHETIC_DEMO
EVT00803,NEWS00803,NEWS_HAS_EVENT,1,SYNTHETIC_DEMO
EVT00804,LOC00804,EVENT_AT_LOCATION,0.8,SYNTHETIC_DEMO
EVT00804,NEWS00804,NEWS_HAS_EVENT,1,SYNTHETIC_DEMO
EVT00805,LOC00805,EVENT_AT_LOCATION,0.2,SYNTHETIC_DEMO
EVT00805,NEWS00805,NEWS_HAS_EVENT,1,SYNTHETIC_DEMO
EVT00806,LOC00806,EVENT_AT_LOCATION,0.2,SYNTHETIC_DEMO
EVT00806,NEWS00806,NEWS_HAS_EVENT,1,SYNTHETIC_DEMO
EVT00807,LOC00807,EVENT_AT_LOCATION,1.0,SYNTHETIC_DEMO
EVT00807,NEWS00807,NEWS_HAS_EVENT,1,SYNTHETIC_DEMO
EVT00808,LOC00808,EVENT_AT_LOCATION,0.6,SYNTHETIC_DEMO
EVT00808,NEWS00808,NEWS_HAS_EVENT,1,SYNTHETIC_DEMO
EVT00809,LOC00809,EVENT_AT_LOCATION,1.0,SYNTHETIC_DEMO
EVT00809,NEWS00809,NEWS_HAS_EVENT,1,SYNTHETIC_DEMO
EVT00810,LOC00810,EVENT_AT_LOCATION,1.0,SYNTHETIC_DEMO
EVT00810,NEWS00810,NEWS_HAS_EVENT,1,SYNTHETIC_DEMO
EVT00811,LOC00811,EVENT_AT_LOCATION,0.6,SYNTHETIC_DEMO
EVT00811,NEWS00811,NEWS_HAS_EVENT,1,SYNTHETIC_DEMO
EVT00812,LOC00812,EVENT_AT_LOCATION,0.6,SYNTHETIC_DEMO
EVT00812,NEWS00812,NEWS_HAS_EVENT,1,SYNTHETIC_DEMO
EVT00813,LOC00813,EVENT_AT_LOCATION,1.0,SYNTHETIC_DEMO
EVT00813,NEWS00813,NEWS_HAS_EVENT,1,SYNTHETIC_DEMO
EVT00814,LOC00814,EVENT_AT_LOCATION,0.2,SYNTHETIC_DEMO
EVT00814,NEWS00814,NEWS_HAS_EVENT,1,SYNTHETIC_DEMO
EVT00815,LOC00815,EVENT_AT_LOCATION,0.2,SYNTHETIC_DEMO
EVT00815,NEWS00815,NEWS_HAS_EVENT,1,SYNTHETIC_DEMO
EVT00816,LOC00816,EVENT_AT_LOCATION,0.4,SYNTHETIC_DEMO
EVT00816,NEWS00816,NEWS_HAS_EVENT,1,SYNTHETIC_DEMO
EVT00817,LOC00817,EVENT_AT_LOCATION,1.0,SYNTHETIC_DEMO
EVT00817,NEWS00817,NEWS_HAS_EVENT,1,SYNTHETIC_DEMO
EVT00818,LOC00818,EVENT_AT_LOCATION,0.2,SYNTHETIC_DEMO
EVT00818,NEWS00818,NEWS_HAS_EVENT,1,SYNTHETIC_DEMO
EVT00819,LOC00819,EVENT_AT_LOCATION,0.6,SYNTHETIC_DEMO
EVT00819,NEWS00819,NEWS_HAS_EVENT,1,SYNTHETIC_DEMO
EVT00820,LOC00820,EVENT_AT_LOCATION,0.4,SYNTHETIC_DEMO
EVT00820,NEWS00820,NEWS_HAS_EVENT,1,SYNTHETIC_DEMO
EVT00821,LOC00821,EVENT_AT_LOCATION,0.2,SYNTHETIC_DEMO
EVT00821,NEWS00821,NEWS_HAS_EVENT,1,SYNTHETIC_DEMO
EVT00822,LOC00822,EVENT_AT_LOCATION,0.2,SYNTHETIC_DEMO
EVT00822,NEWS00822,NEWS_HAS_EVENT,1,SYNTHETIC_DEMO
EVT00823,LOC00823,EVENT_AT_LOCATION,0.8,SYNTHETIC_DEMO
EVT00823,NEWS00823,NEWS_HAS_EVENT,1,SYNTHETIC_DEMO
EVT00824,LOC00824,EVENT_AT_LOCATION,0.8,SYNTHETIC_DEMO
EVT00824,NEWS00824,NEWS_HAS_EVENT,1,SYNTHETIC_DEMO
EVT00825,LOC00825,EVENT_AT_LOCATION,1.0,SYNTHETIC_DEMO
EVT00825,NEWS00825,NEWS_HAS_EVENT,1,SYNTHETIC_DEMO
EVT00826,LOC00826,EVENT_AT_LOCATION,0.2,SYNTHETIC_DEMO
EVT00826,NEWS00826,NEWS_HAS_EVENT,1,SYNTHETIC_DEMO
EVT00827,LOC00827,EVENT_AT_LOCATION,0.8,SYNTHETIC_DEMO
EVT00827,NEWS00827,NEWS_HAS_EVENT,1,SYNTHETIC_DEMO
EVT00828,LOC00828,EVENT_AT_LOCATION,0.2,SYNTHETIC_DEMO
EVT00828,NEWS00828,NEWS_HAS_EVENT,1,SYNTHETIC_DEMO
EVT00829,LOC00829,EVENT_AT_LOCATION,0.6,SYNTHETIC_DEMO
EVT00829,NEWS00829,NEWS_HAS_EVENT,1,SYNTHETIC_DEMO
EVT00830,LOC00830,EVENT_AT_LOCATION,1.0,SYNTHETIC_DEMO
EVT00830,NEWS00830,NEWS_HAS_EVENT,1,SYNTHETIC_DEMO
EVT00831,LOC00831,EVENT_AT_LOCATION,0.8,SYNTHETIC_DEMO
EVT00831,NEWS00831,NEWS_HAS_EVENT,1,SYNTHETIC_DEMO
EVT00832,LOC00832,EVENT_AT_LOCATION,1.0,SYNTHETIC_DEMO
EVT00832,NEWS00832,NEWS_HAS_EVENT,1,SYNTHETIC_DEMO
EVT00833,LOC00833,EVENT_AT_LOCATION,0.8,SYNTHETIC_DEMO
EVT00833,NEWS00833,NEWS_HAS_EVENT,1,SYNTHETIC_DEMO
EVT00834,LOC00834,EVENT_AT_LOCATION,0.4,SYNTHETIC_DEMO
EVT00834,NEWS00834,NEWS_HAS_EVENT,1,SYNTHETIC_DEMO
EVT00835,LOC00835,EVENT_AT_LOCATION,0.4,SYNTHETIC_DEMO
EVT00835,NEWS00835,NEWS_HAS_EVENT,1,SYNTHETIC_DEMO
EVT00836,LOC00836,EVENT_AT_LOCATION,0.4,SYNTHETIC_DEMO
EVT00836,NEWS00836,NEWS_HAS_EVENT,1,SYNTHETIC_DEMO
EVT00837,LOC00837,EVENT_AT_LOCATION,0.6,SYNTHETIC_DEMO
EVT00837,NEWS00837,NEWS_HAS_EVENT,1,SYNTHETIC_DEMO
EVT00838,LOC00838,EVENT_AT_LOCATION,0.8,SYNTHETIC_DEMO
EVT00838,NEWS00838,NEWS_HAS_EVENT,1,SYNTHETIC_DEMO
EVT00839,LOC00839,EVENT_AT_LOCATION,0.4,SYNTHETIC_DEMO
EVT00839,NEWS00839,NEWS_HAS_EVENT,1,SYNTHETIC_DEMO
EVT00840,LOC00840,EVENT_AT_LOCATION,1.0,SYNTHETIC_DEMO
EVT00840,NEWS00840,NEWS_HAS_EVENT,1,SYNTHETIC_DEMO
EVT00841,LOC00841,EVENT_AT_LOCATION,0.4,SYNTHETIC_DEMO
EVT00841,NEWS00841,NEWS_HAS_EVENT,1,SYNTHETIC_DEMO
EVT00842,LOC00842,EVENT_AT_LOCATION,0.6,SYNTHETIC_DEMO
EVT00842,NEWS00842,NEWS_HAS_EVENT,1,SYNTHETIC_DEMO
EVT00843,LOC00843,EVENT_AT_LOCATION,0.4,SYNTHETIC_DEMO
EVT00843,NEWS00843,NEWS_HAS_EVENT,1,SYNTHETIC_DEMO
EVT00844,LOC00844,EVENT_AT_LOCATION,0.8,SYNTHETIC_DEMO
EVT00844,NEWS00844,NEWS_HAS_EVENT,1,SYNTHETIC_DEMO
EVT00845,LOC00845,EVENT_AT_LOCATION,0.2,SYNTHETIC_DEMO
EVT00845,NEWS00845,NEWS_HAS_EVENT,1,SYNTHETIC_DEMO
EVT00846,LOC00846,EVENT_AT_LOCATION,0.4,SYNTHETIC_DEMO
EVT00846,NEWS00846,NEWS_HAS_EVENT,1,SYNTHETIC_DEMO
EVT00847,LOC00847,EVENT_AT_LOCATION,0.2,SYNTHETIC_DEMO
EVT00847,NEWS00847,NEWS_HAS_EVENT,1,SYNTHETIC_DEMO
EVT00848,LOC00848,EVENT_AT_LOCATION,0.6,SYNTHETIC_DEMO
EVT00848,NEWS00848,NEWS_HAS_EVENT,1,SYNTHETIC_DEMO
EVT00849,LOC00849,EVENT_AT_LOCATION,0.4,SYNTHETIC_DEMO
EVT00849,NEWS00849,NEWS_HAS_EVENT,1,SYNTHETIC_DEMO
EVT00850,LOC00850,EVENT_AT_LOCATION,1.0,SYNTHETIC_DEMO
EVT00850,NEWS00850,NEWS_HAS_EVENT,1,SYNTHETIC_DEMO
EVT00851,LOC00851,EVENT_AT_LOCATION,0.8,SYNTHETIC_DEMO
EVT00851,NEWS00851,NEWS_HAS_EVENT,1,SYNTHETIC_DEMO
EVT00852,LOC00852,EVENT_AT_LOCATION,0.4,SYNTHETIC_DEMO
EVT00852,NEWS00852,NEWS_HAS_EVENT,1,SYNTHETIC_DEMO
EVT00853,LOC00853,EVENT_AT_LOCATION,0.4,SYNTHETIC_DEMO
EVT00853,NEWS00853,NEWS_HAS_EVENT,1,SYNTHETIC_DEMO
EVT00854,LOC00854,EVENT_AT_LOCATION,0.2,SYNTHETIC_DEMO
EVT00854,NEWS00854,NEWS_HAS_EVENT,1,SYNTHETIC_DEMO
EVT00855,LOC00855,EVENT_AT_LOCATION,0.6,SYNTHETIC_DEMO
EVT00855,NEWS00855,NEWS_HAS_EVENT,1,SYNTHETIC_DEMO
EVT00856,LOC00856,EVENT_AT_LOCATION,0.8,SYNTHETIC_DEMO
EVT00856,NEWS00856,NEWS_HAS_EVENT,1,SYNTHETIC_DEMO
EVT00857,LOC00857,EVENT_AT_LOCATION,1.0,SYNTHETIC_DEMO
EVT00857,NEWS00857,NEWS_HAS_EVENT,1,SYNTHETIC_DEMO
EVT00858,LOC00858,EVENT_AT_LOCATION,0.8,SYNTHETIC_DEMO
EVT00858,NEWS00858,NEWS_HAS_EVENT,1,SYNTHETIC_DEMO
EVT00859,LOC00859,EVENT_AT_LOCATION,1.0,SYNTHETIC_DEMO
EVT00859,NEWS00859,NEWS_HAS_EVENT,1,SYNTHETIC_DEMO
EVT00860,LOC00860,EVENT_AT_LOCATION,0.2,SYNTHETIC_DEMO
EVT00860,NEWS00860,NEWS_HAS_EVENT,1,SYNTHETIC_DEMO
EVT00861,LOC00861,EVENT_AT_LOCATION,0.4,SYNTHETIC_DEMO
EVT00861,NEWS00861,NEWS_HAS_EVENT,1,SYNTHETIC_DEMO
EVT00862,LOC00862,EVENT_AT_LOCATION,0.8,SYNTHETIC_DEMO
EVT00862,NEWS00862,NEWS_HAS_EVENT,1,SYNTHETIC_DEMO
EVT00863,LOC00863,EVENT_AT_LOCATION,1.0,SYNTHETIC_DEMO
EVT00863,NEWS00863,NEWS_HAS_EVENT,1,SYNTHETIC_DEMO
EVT00864,LOC00864,EVENT_AT_LOCATION,0.6,SYNTHETIC_DEMO
EVT00864,NEWS00864,NEWS_HAS_EVENT,1,SYNTHETIC_DEMO
EVT00865,LOC00865,EVENT_AT_LOCATION,0.6,SYNTHETIC_DEMO
EVT00865,NEWS00865,NEWS_HAS_EVENT,1,SYNTHETIC_DEMO
EVT00866,LOC00866,EVENT_AT_LOCATION,0.8,SYNTHETIC_DEMO
EVT00866,NEWS00866,NEWS_HAS_EVENT,1,SYNTHETIC_DEMO
EVT00867,LOC00867,EVENT_AT_LOCATION,0.8,SYNTHETIC_DEMO
EVT00867,NEWS00867,NEWS_HAS_EVENT,1,SYNTHETIC_DEMO
EVT00868,LOC00868,EVENT_AT_LOCATION,0.4,SYNTHETIC_DEMO
EVT00868,NEWS00868,NEWS_HAS_EVENT,1,SYNTHETIC_DEMO
EVT00869,LOC00869,EVENT_AT_LOCATION,0.4,SYNTHETIC_DEMO
EVT00869,NEWS00869,NEWS_HAS_EVENT,1,SYNTHETIC_DEMO
EVT00870,LOC00870,EVENT_AT_LOCATION,0.4,SYNTHETIC_DEMO
EVT00870,NEWS00870,NEWS_HAS_EVENT,1,SYNTHETIC_DEMO
EVT00871,LOC00871,EVENT_AT_LOCATION,0.2,SYNTHETIC_DEMO
EVT00871,NEWS00871,NEWS_HAS_EVENT,1,SYNTHETIC_DEMO
EVT00872,LOC00872,EVENT_AT_LOCATION,0.8,SYNTHETIC_DEMO
EVT00872,NEWS00872,NEWS_HAS_EVENT,1,SYNTHETIC_DEMO
EVT00873,LOC00873,EVENT_AT_LOCATION,0.4,SYNTHETIC_DEMO
EVT00873,NEWS00873,NEWS_HAS_EVENT,1,SYNTHETIC_DEMO
EVT00874,LOC00874,EVENT_AT_LOCATION,1.0,SYNTHETIC_DEMO
EVT00874,NEWS00874,NEWS_HAS_EVENT,1,SYNTHETIC_DEMO
EVT00875,LOC00875,EVENT_AT_LOCATION,0.2,SYNTHETIC_DEMO
EVT00875,NEWS00875,NEWS_HAS_EVENT,1,SYNTHETIC_DEMO
EVT00876,LOC00876,EVENT_AT_LOCATION,1.0,SYNTHETIC_DEMO
EVT00876,NEWS00876,NEWS_HAS_EVENT,1,SYNTHETIC_DEMO
EVT00877,LOC00877,EVENT_AT_LOCATION,0.4,SYNTHETIC_DEMO
EVT00877,NEWS00877,NEWS_HAS_EVENT,1,SYNTHETIC_DEMO
EVT00878,LOC00878,EVENT_AT_LOCATION,0.6,SYNTHETIC_DEMO
EVT00878,NEWS00878,NEWS_HAS_EVENT,1,SYNTHETIC_DEMO
EVT00879,LOC00879,EVENT_AT_LOCATION,0.6,SYNTHETIC_DEMO
EVT00879,NEWS00879,NEWS_HAS_EVENT,1,SYNTHETIC_DEMO
EVT00880,LOC00880,EVENT_AT_LOCATION,0.6,SYNTHETIC_DEMO
EVT00880,NEWS00880,NEWS_HAS_EVENT,1,SYNTHETIC_DEMO
EVT00881,LOC00881,EVENT_AT_LOCATION,1.0,SYNTHETIC_DEMO
EVT00881,NEWS00881,NEWS_HAS_EVENT,1,SYNTHETIC_DEMO
EVT00882,LOC00882,EVENT_AT_LOCATION,0.4,SYNTHETIC_DEMO
EVT00882,NEWS00882,NEWS_HAS_EVENT,1,SYNTHETIC_DEMO
EVT00883,LOC00883,EVENT_AT_LOCATION,0.6,SYNTHETIC_DEMO
EVT00883,NEWS00883,NEWS_HAS_EVENT,1,SYNTHETIC_DEMO
EVT00884,LOC00884,EVENT_AT_LOCATION,0.6,SYNTHETIC_DEMO
EVT00884,NEWS00884,NEWS_HAS_EVENT,1,SYNTHETIC_DEMO
EVT00885,LOC00885,EVENT_AT_LOCATION,1.0,SYNTHETIC_DEMO
EVT00885,NEWS00885,NEWS_HAS_EVENT,1,SYNTHETIC_DEMO
EVT00886,LOC00886,EVENT_AT_LOCATION,0.6,SYNTHETIC_DEMO
EVT00886,NEWS00886,NEWS_HAS_EVENT,1,SYNTHETIC_DEMO
EVT00887,LOC00887,EVENT_AT_LOCATION,0.8,SYNTHETIC_DEMO
EVT00887,NEWS00887,NEWS_HAS_EVENT,1,SYNTHETIC_DEMO
EVT00888,LOC00888,EVENT_AT_LOCATION,0.2,SYNTHETIC_DEMO
EVT00888,NEWS00888,NEWS_HAS_EVENT,1,SYNTHETIC_DEMO
EVT00889,LOC00889,EVENT_AT_LOCATION,0.8,SYNTHETIC_DEMO
EVT00889,NEWS00889,NEWS_HAS_EVENT,1,SYNTHETIC_DEMO
EVT00890,LOC00890,EVENT_AT_LOCATION,0.4,SYNTHETIC_DEMO
EVT00890,NEWS00890,NEWS_HAS_EVENT,1,SYNTHETIC_DEMO
EVT00891,LOC00891,EVENT_AT_LOCATION,0.2,SYNTHETIC_DEMO
EVT00891,NEWS00891,NEWS_HAS_EVENT,1,SYNTHETIC_DEMO
EVT00892,LOC00892,EVENT_AT_LOCATION,0.4,SYNTHETIC_DEMO
EVT00892,NEWS00892,NEWS_HAS_EVENT,1,SYNTHETIC_DEMO
EVT00893,LOC00893,EVENT_AT_LOCATION,0.6,SYNTHETIC_DEMO
EVT00893,NEWS00893,NEWS_HAS_EVENT,1,SYNTHETIC_DEMO
EVT00894,LOC00894,EVENT_AT_LOCATION,0.8,SYNTHETIC_DEMO
EVT00894,NEWS00894,NEWS_HAS_EVENT,1,SYNTHETIC_DEMO
EVT00895,LOC00895,EVENT_AT_LOCATION,0.8,SYNTHETIC_DEMO
EVT00895,NEWS00895,NEWS_HAS_EVENT,1,SYNTHETIC_DEMO
EVT00896,LOC00896,EVENT_AT_LOCATION,0.4,SYNTHETIC_DEMO
EVT00896,NEWS00896,NEWS_HAS_EVENT,1,SYNTHETIC_DEMO
EVT00897,LOC00897,EVENT_AT_LOCATION,0.4,SYNTHETIC_DEMO
EVT00897,NEWS00897,NEWS_HAS_EVENT,1,SYNTHETIC_DEMO
EVT00898,LOC00898,EVENT_AT_LOCATION,0.2,SYNTHETIC_DEMO
EVT00898,NEWS00898,NEWS_HAS_EVENT,1,SYNTHETIC_DEMO
EVT00899,LOC00899,EVENT_AT_LOCATION,0.6,SYNTHETIC_DEMO
EVT00899,NEWS00899,NEWS_HAS_EVENT,1,SYNTHETIC_DEMO
EVT00900,LOC00900,EVENT_AT_LOCATION,1.0,SYNTHETIC_DEMO
EVT00900,NEWS00900,NEWS_HAS_EVENT,1,SYNTHETIC_DEMO
EVT00901,LOC00901,EVENT_AT_LOCATION,0.6,SYNTHETIC_DEMO
EVT00901,NEWS00901,NEWS_HAS_EVENT,1,SYNTHETIC_DEMO
EVT00902,LOC00902,EVENT_AT_LOCATION,1.0,SYNTHETIC_DEMO
EVT00902,NEWS00902,NEWS_HAS_EVENT,1,SYNTHETIC_DEMO
EVT00903,LOC00903,EVENT_AT_LOCATION,0.8,SYNTHETIC_DEMO
EVT00903,NEWS00903,NEWS_HAS_EVENT,1,SYNTHETIC_DEMO
EVT00904,LOC00904,EVENT_AT_LOCATION,1.0,SYNTHETIC_DEMO
EVT00904,NEWS00904,NEWS_HAS_EVENT,1,SYNTHETIC_DEMO
EVT00905,LOC00905,EVENT_AT_LOCATION,0.4,SYNTHETIC_DEMO
EVT00905,NEWS00905,NEWS_HAS_EVENT,1,SYNTHETIC_DEMO
EVT00906,LOC00906,EVENT_AT_LOCATION,0.2,SYNTHETIC_DEMO
EVT00906,NEWS00906,NEWS_HAS_EVENT,1,SYNTHETIC_DEMO
EVT00907,LOC00907,EVENT_AT_LOCATION,0.4,SYNTHETIC_DEMO
EVT00907,NEWS00907,NEWS_HAS_EVENT,1,SYNTHETIC_DEMO
EVT00908,LOC00908,EVENT_AT_LOCATION,1.0,SYNTHETIC_DEMO
EVT00908,NEWS00908,NEWS_HAS_EVENT,1,SYNTHETIC_DEMO
EVT00909,LOC00909,EVENT_AT_LOCATION,0.8,SYNTHETIC_DEMO
EVT00909,NEWS00909,NEWS_HAS_EVENT,1,SYNTHETIC_DEMO
EVT00910,LOC00910,EVENT_AT_LOCATION,0.4,SYNTHETIC_DEMO
EVT00910,NEWS00910,NEWS_HAS_EVENT,1,SYNTHETIC_DEMO
EVT00911,LOC00911,EVENT_AT_LOCATION,0.8,SYNTHETIC_DEMO
EVT00911,NEWS00911,NEWS_HAS_EVENT,1,SYNTHETIC_DEMO
EVT00912,LOC00912,EVENT_AT_LOCATION,1.0,SYNTHETIC_DEMO
EVT00912,NEWS00912,NEWS_HAS_EVENT,1,SYNTHETIC_DEMO
EVT00913,LOC00913,EVENT_AT_LOCATION,0.2,SYNTHETIC_DEMO
EVT00913,NEWS00913,NEWS_HAS_EVENT,1,SYNTHETIC_DEMO
EVT00914,LOC00914,EVENT_AT_LOCATION,0.4,SYNTHETIC_DEMO
EVT00914,NEWS00914,NEWS_HAS_EVENT,1,SYNTHETIC_DEMO
EVT00915,LOC00915,EVENT_AT_LOCATION,0.8,SYNTHETIC_DEMO
EVT00915,NEWS00915,NEWS_HAS_EVENT,1,SYNTHETIC_DEMO
EVT00916,LOC00916,EVENT_AT_LOCATION,0.2,SYNTHETIC_DEMO
EVT00916,NEWS00916,NEWS_HAS_EVENT,1,SYNTHETIC_DEMO
EVT00917,LOC00917,EVENT_AT_LOCATION,0.2,SYNTHETIC_DEMO
EVT00917,NEWS00917,NEWS_HAS_EVENT,1,SYNTHETIC_DEMO
EVT00918,LOC00918,EVENT_AT_LOCATION,0.8,SYNTHETIC_DEMO
EVT00918,NEWS00918,NEWS_HAS_EVENT,1,SYNTHETIC_DEMO
EVT00919,LOC00919,EVENT_AT_LOCATION,1.0,SYNTHETIC_DEMO
EVT00919,NEWS00919,NEWS_HAS_EVENT,1,SYNTHETIC_DEMO
EVT00920,LOC00920,EVENT_AT_LOCATION,0.4,SYNTHETIC_DEMO
EVT00920,NEWS00920,NEWS_HAS_EVENT,1,SYNTHETIC_DEMO
EVT00921,LOC00921,EVENT_AT_LOCATION,0.4,SYNTHETIC_DEMO
EVT00921,NEWS00921,NEWS_HAS_EVENT,1,SYNTHETIC_DEMO
EVT00922,LOC00922,EVENT_AT_LOCATION,0.2,SYNTHETIC_DEMO
EVT00922,NEWS00922,NEWS_HAS_EVENT,1,SYNTHETIC_DEMO
EVT00923,LOC00923,EVENT_AT_LOCATION,1.0,SYNTHETIC_DEMO
EVT00923,NEWS00923,NEWS_HAS_EVENT,1,SYNTHETIC_DEMO
EVT00924,LOC00924,EVENT_AT_LOCATION,0.4,SYNTHETIC_DEMO
EVT00924,NEWS00924,NEWS_HAS_EVENT,1,SYNTHETIC_DEMO
EVT00925,LOC00925,EVENT_AT_LOCATION,1.0,SYNTHETIC_DEMO
EVT00925,NEWS00925,NEWS_HAS_EVENT,1,SYNTHETIC_DEMO
EVT00926,LOC00926,EVENT_AT_LOCATION,0.2,SYNTHETIC_DEMO
EVT00926,NEWS00926,NEWS_HAS_EVENT,1,SYNTHETIC_DEMO
EVT00927,LOC00927,EVENT_AT_LOCATION,0.8,SYNTHETIC_DEMO
EVT00927,NEWS00927,NEWS_HAS_EVENT,1,SYNTHETIC_DEMO
EVT00928,LOC00928,EVENT_AT_LOCATION,0.4,SYNTHETIC_DEMO
EVT00928,NEWS00928,NEWS_HAS_EVENT,1,SYNTHETIC_DEMO
EVT00929,LOC00929,EVENT_AT_LOCATION,0.6,SYNTHETIC_DEMO
EVT00929,NEWS00929,NEWS_HAS_EVENT,1,SYNTHETIC_DEMO
EVT00930,LOC00930,EVENT_AT_LOCATION,0.8,SYNTHETIC_DEMO
EVT00930,NEWS00930,NEWS_HAS_EVENT,1,SYNTHETIC_DEMO
EVT00931,LOC00931,EVENT_AT_LOCATION,0.6,SYNTHETIC_DEMO
EVT00931,NEWS00931,NEWS_HAS_EVENT,1,SYNTHETIC_DEMO
EVT00932,LOC00932,EVENT_AT_LOCATION,0.2,SYNTHETIC_DEMO
EVT00932,NEWS00932,NEWS_HAS_EVENT,1,SYNTHETIC_DEMO
EVT00933,LOC00933,EVENT_AT_LOCATION,0.8,SYNTHETIC_DEMO
EVT00933,NEWS00933,NEWS_HAS_EVENT,1,SYNTHETIC_DEMO
EVT00934,LOC00934,EVENT_AT_LOCATION,1.0,SYNTHETIC_DEMO
EVT00934,NEWS00934,NEWS_HAS_EVENT,1,SYNTHETIC_DEMO
EVT00935,LOC00935,EVENT_AT_LOCATION,0.2,SYNTHETIC_DEMO
EVT00935,NEWS00935,NEWS_HAS_EVENT,1,SYNTHETIC_DEMO
EVT00936,LOC00936,EVENT_AT_LOCATION,0.4,SYNTHETIC_DEMO
EVT00936,NEWS00936,NEWS_HAS_EVENT,1,SYNTHETIC_DEMO
EVT00937,LOC00937,EVENT_AT_LOCATION,0.8,SYNTHETIC_DEMO
EVT00937,NEWS00937,NEWS_HAS_EVENT,1,SYNTHETIC_DEMO
EVT00938,LOC00938,EVENT_AT_LOCATION,1.0,SYNTHETIC_DEMO
EVT00938,NEWS00938,NEWS_HAS_EVENT,1,SYNTHETIC_DEMO
EVT00939,LOC00939,EVENT_AT_LOCATION,0.4,SYNTHETIC_DEMO
EVT00939,NEWS00939,NEWS_HAS_EVENT,1,SYNTHETIC_DEMO
EVT00940,LOC00940,EVENT_AT_LOCATION,0.8,SYNTHETIC_DEMO
EVT00940,NEWS00940,NEWS_HAS_EVENT,1,SYNTHETIC_DEMO
EVT00941,LOC00941,EVENT_AT_LOCATION,0.2,SYNTHETIC_DEMO
EVT00941,NEWS00941,NEWS_HAS_EVENT,1,SYNTHETIC_DEMO
EVT00942,LOC00942,EVENT_AT_LOCATION,1.0,SYNTHETIC_DEMO
EVT00942,NEWS00942,NEWS_HAS_EVENT,1,SYNTHETIC_DEMO
EVT00943,LOC00943,EVENT_AT_LOCATION,1.0,SYNTHETIC_DEMO
EVT00943,NEWS00943,NEWS_HAS_EVENT,1,SYNTHETIC_DEMO
EVT00944,LOC00944,EVENT_AT_LOCATION,0.6,SYNTHETIC_DEMO
EVT00944,NEWS00944,NEWS_HAS_EVENT,1,SYNTHETIC_DEMO
EVT00945,LOC00945,EVENT_AT_LOCATION,1.0,SYNTHETIC_DEMO
EVT00945,NEWS00945,NEWS_HAS_EVENT,1,SYNTHETIC_DEMO
EVT00946,LOC00946,EVENT_AT_LOCATION,0.8,SYNTHETIC_DEMO
EVT00946,NEWS00946,NEWS_HAS_EVENT,1,SYNTHETIC_DEMO
EVT00947,LOC00947,EVENT_AT_LOCATION,1.0,SYNTHETIC_DEMO
EVT00947,NEWS00947,NEWS_HAS_EVENT,1,SYNTHETIC_DEMO
EVT00948,LOC00948,EVENT_AT_LOCATION,0.6,SYNTHETIC_DEMO
EVT00948,NEWS00948,NEWS_HAS_EVENT,1,SYNTHETIC_DEMO
EVT00949,LOC00949,EVENT_AT_LOCATION,0.6,SYNTHETIC_DEMO
EVT00949,NEWS00949,NEWS_HAS_EVENT,1,SYNTHETIC_DEMO
EVT00950,LOC00950,EVENT_AT_LOCATION,0.8,SYNTHETIC_DEMO
EVT00950,NEWS00950,NEWS_HAS_EVENT,1,SYNTHETIC_DEMO
EVT00951,LOC00951,EVENT_AT_LOCATION,0.8,SYNTHETIC_DEMO
EVT00951,NEWS00951,NEWS_HAS_EVENT,1,SYNTHETIC_DEMO
EVT00952,LOC00952,EVENT_AT_LOCATION,0.6,SYNTHETIC_DEMO
EVT00952,NEWS00952,NEWS_HAS_EVENT,1,SYNTHETIC_DEMO
EVT00953,LOC00953,EVENT_AT_LOCATION,1.0,SYNTHETIC_DEMO
EVT00953,NEWS00953,NEWS_HAS_EVENT,1,SYNTHETIC_DEMO
EVT00954,LOC00954,EVENT_AT_LOCATION,0.2,SYNTHETIC_DEMO
EVT00954,NEWS00954,NEWS_HAS_EVENT,1,SYNTHETIC_DEMO
EVT00955,LOC00955,EVENT_AT_LOCATION,1.0,SYNTHETIC_DEMO
EVT00955,NEWS00955,NEWS_HAS_EVENT,1,SYNTHETIC_DEMO
EVT00956,LOC00956,EVENT_AT_LOCATION,0.8,SYNTHETIC_DEMO
EVT00956,NEWS00956,NEWS_HAS_EVENT,1,SYNTHETIC_DEMO
EVT00957,LOC00957,EVENT_AT_LOCATION,0.8,SYNTHETIC_DEMO
EVT00957,NEWS00957,NEWS_HAS_EVENT,1,SYNTHETIC_DEMO
EVT00958,LOC00958,EVENT_AT_LOCATION,1.0,SYNTHETIC_DEMO
EVT00958,NEWS00958,NEWS_HAS_EVENT,1,SYNTHETIC_DEMO
EVT00959,LOC00959,EVENT_AT_LOCATION,1.0,SYNTHETIC_DEMO
EVT00959,NEWS00959,NEWS_HAS_EVENT,1,SYNTHETIC_DEMO
EVT00960,LOC00960,EVENT_AT_LOCATION,0.6,SYNTHETIC_DEMO
EVT00960,NEWS00960,NEWS_HAS_EVENT,1,SYNTHETIC_DEMO
EVT00961,LOC00961,EVENT_AT_LOCATION,0.8,SYNTHETIC_DEMO
EVT00961,NEWS00961,NEWS_HAS_EVENT,1,SYNTHETIC_DEMO
EVT00962,LOC00962,EVENT_AT_LOCATION,0.4,SYNTHETIC_DEMO
EVT00962,NEWS00962,NEWS_HAS_EVENT,1,SYNTHETIC_DEMO
EVT00963,LOC00963,EVENT_AT_LOCATION,0.4,SYNTHETIC_DEMO
EVT00963,NEWS00963,NEWS_HAS_EVENT,1,SYNTHETIC_DEMO
EVT00964,LOC00964,EVENT_AT_LOCATION,0.4,SYNTHETIC_DEMO
EVT00964,NEWS00964,NEWS_HAS_EVENT,1,SYNTHETIC_DEMO
EVT00965,LOC00965,EVENT_AT_LOCATION,0.4,SYNTHETIC_DEMO
EVT00965,NEWS00965,NEWS_HAS_EVENT,1,SYNTHETIC_DEMO
EVT00966,LOC00966,EVENT_AT_LOCATION,0.2,SYNTHETIC_DEMO
EVT00966,NEWS00966,NEWS_HAS_EVENT,1,SYNTHETIC_DEMO
EVT00967,LOC00967,EVENT_AT_LOCATION,0.4,SYNTHETIC_DEMO
EVT00967,NEWS00967,NEWS_HAS_EVENT,1,SYNTHETIC_DEMO
EVT00968,LOC00968,EVENT_AT_LOCATION,0.4,SYNTHETIC_DEMO
EVT00968,NEWS00968,NEWS_HAS_EVENT,1,SYNTHETIC_DEMO
EVT00969,LOC00969,EVENT_AT_LOCATION,0.4,SYNTHETIC_DEMO
EVT00969,NEWS00969,NEWS_HAS_EVENT,1,SYNTHETIC_DEMO
EVT00970,LOC00970,EVENT_AT_LOCATION,0.6,SYNTHETIC_DEMO
EVT00970,NEWS00970,NEWS_HAS_EVENT,1,SYNTHETIC_DEMO
EVT00971,LOC00971,EVENT_AT_LOCATION,1.0,SYNTHETIC_DEMO
EVT00971,NEWS00971,NEWS_HAS_EVENT,1,SYNTHETIC_DEMO
EVT00972,LOC00972,EVENT_AT_LOCATION,0.6,SYNTHETIC_DEMO
EVT00972,NEWS00972,NEWS_HAS_EVENT,1,SYNTHETIC_DEMO
EVT00973,LOC00973,EVENT_AT_LOCATION,0.4,SYNTHETIC_DEMO
EVT00973,NEWS00973,NEWS_HAS_EVENT,1,SYNTHETIC_DEMO
EVT00974,LOC00974,EVENT_AT_LOCATION,0.8,SYNTHETIC_DEMO
EVT00974,NEWS00974,NEWS_HAS_EVENT,1,SYNTHETIC_DEMO
EVT00975,LOC00975,EVENT_AT_LOCATION,0.6,SYNTHETIC_DEMO
EVT00975,NEWS00975,NEWS_HAS_EVENT,1,SYNTHETIC_DEMO
EVT00976,LOC00976,EVENT_AT_LOCATION,0.4,SYNTHETIC_DEMO
EVT00976,NEWS00976,NEWS_HAS_EVENT,1,SYNTHETIC_DEMO
EVT00977,LOC00977,EVENT_AT_LOCATION,1.0,SYNTHETIC_DEMO
EVT00977,NEWS00977,NEWS_HAS_EVENT,1,SYNTHETIC_DEMO
EVT00978,LOC00978,EVENT_AT_LOCATION,0.8,SYNTHETIC_DEMO
EVT00978,NEWS00978,NEWS_HAS_EVENT,1,SYNTHETIC_DEMO
EVT00979,LOC00979,EVENT_AT_LOCATION,0.2,SYNTHETIC_DEMO
EVT00979,NEWS00979,NEWS_HAS_EVENT,1,SYNTHETIC_DEMO
EVT00980,LOC00980,EVENT_AT_LOCATION,0.4,SYNTHETIC_DEMO
EVT00980,NEWS00980,NEWS_HAS_EVENT,1,SYNTHETIC_DEMO
EVT00981,LOC00981,EVENT_AT_LOCATION,0.6,SYNTHETIC_DEMO
EVT00981,NEWS00981,NEWS_HAS_EVENT,1,SYNTHETIC_DEMO
EVT00982,LOC00982,EVENT_AT_LOCATION,0.2,SYNTHETIC_DEMO
EVT00982,NEWS00982,NEWS_HAS_EVENT,1,SYNTHETIC_DEMO
EVT00983,LOC00983,EVENT_AT_LOCATION,0.4,SYNTHETIC_DEMO
EVT00983,NEWS00983,NEWS_HAS_EVENT,1,SYNTHETIC_DEMO
EVT00984,LOC00984,EVENT_AT_LOCATION,1.0,SYNTHETIC_DEMO
EVT00984,NEWS00984,NEWS_HAS_EVENT,1,SYNTHETIC_DEMO
EVT00985,LOC00985,EVENT_AT_LOCATION,0.6,SYNTHETIC_DEMO
EVT00985,NEWS00985,NEWS_HAS_EVENT,1,SYNTHETIC_DEMO
EVT00986,LOC00986,EVENT_AT_LOCATION,1.0,SYNTHETIC_DEMO
EVT00986,NEWS00986,NEWS_HAS_EVENT,1,SYNTHETIC_DEMO
EVT00987,LOC00987,EVENT_AT_LOCATION,0.8,SYNTHETIC_DEMO
EVT00987,NEWS00987,NEWS_HAS_EVENT,1,SYNTHETIC_DEMO
EVT00988,LOC00988,EVENT_AT_LOCATION,0.6,SYNTHETIC_DEMO
EVT00988,NEWS00988,NEWS_HAS_EVENT,1,SYNTHETIC_DEMO
EVT00989,LOC00989,EVENT_AT_LOCATION,0.6,SYNTHETIC_DEMO
EVT00989,NEWS00989,NEWS_HAS_EVENT,1,SYNTHETIC_DEMO
EVT00990,LOC00990,EVENT_AT_LOCATION,0.6,SYNTHETIC_DEMO
EVT00990,NEWS00990,NEWS_HAS_EVENT,1,SYNTHETIC_DEMO
EVT00991,LOC00991,EVENT_AT_LOCATION,0.8,SYNTHETIC_DEMO
EVT00991,NEWS00991,NEWS_HAS_EVENT,1,SYNTHETIC_DEMO
EVT00992,LOC00992,EVENT_AT_LOCATION,0.6,SYNTHETIC_DEMO
EVT00992,NEWS00992,NEWS_HAS_EVENT,1,SYNTHETIC_DEMO
EVT00993,LOC00993,EVENT_AT_LOCATION,0.8,SYNTHETIC_DEMO
EVT00993,NEWS00993,NEWS_HAS_EVENT,1,SYNTHETIC_DEMO
EVT00994,LOC00994,EVENT_AT_LOCATION,0.8,SYNTHETIC_DEMO
EVT00994,NEWS00994,NEWS_HAS_EVENT,1,SYNTHETIC_DEMO
EVT00995,LOC00995,EVENT_AT_LOCATION,0.6,SYNTHETIC_DEMO
EVT00995,NEWS00995,NEWS_HAS_EVENT,1,SYNTHETIC_DEMO
EVT00996,LOC00996,EVENT_AT_LOCATION,0.8,SYNTHETIC_DEMO
EVT00996,NEWS00996,NEWS_HAS_EVENT,1,SYNTHETIC_DEMO
EVT00997,LOC00997,EVENT_AT_LOCATION,0.4,SYNTHETIC_DEMO
EVT00997,NEWS00997,NEWS_HAS_EVENT,1,SYNTHETIC_DEMO
EVT00998,LOC00998,EVENT_AT_LOCATION,1.0,SYNTHETIC_DEMO
EVT00998,NEWS00998,NEWS_HAS_EVENT,1,SYNTHETIC_DEMO
EVT00999,LOC00999,EVENT_AT_LOCATION,1.0,SYNTHETIC_DEMO
EVT00999,NEWS00999,NEWS_HAS_EVENT,1,SYNTHETIC_DEMO
EVT01000,LOC01000,EVENT_AT_LOCATION,0.6,SYNTHETIC_DEMO
EVT01000,NEWS01000,NEWS_HAS_EVENT,1,SYNTHETIC_DEMO
NEWS00002,SUP00002,NEWS_MENTIONS_SUPPLIER,0.6371,SYNTHETIC_DEMO
NEWS00003,SUP00003,NEWS_MENTIONS_SUPPLIER,0.5846,SYNTHETIC_DEMO
NEWS00004,SUP00004,NEWS_MENTIONS_SUPPLIER,0.5152,SYNTHETIC_DEMO
NEWS00005,SUP00005,NEWS_MENTIONS_SUPPLIER,0.7694,SYNTHETIC_DEMO
NEWS00006,SUP00006,NEWS_MENTIONS_SUPPLIER,0.5066,SYNTHETIC_DEMO
NEWS00007,SUP00007,NEWS_MENTIONS_SUPPLIER,0.8404,SYNTHETIC_DEMO
NEWS00008,SUP00008,NEWS_MENTIONS_SUPPLIER,0.6478,SYNTHETIC_DEMO
NEWS00009,SUP00009,NEWS_MENTIONS_SUPPLIER,0.689,SYNTHETIC_DEMO
NEWS00010,SUP00010,NEWS_MENTIONS_SUPPLIER,0.5706,SYNTHETIC_DEMO
NEWS00011,SUP00011,NEWS_MENTIONS_SUPPLIER,0.5738,SYNTHETIC_DEMO
NEWS00012,SUP00012,NEWS_MENTIONS_SUPPLIER,0.5934,SYNTHETIC_DEMO
NEWS00013,SUP00013,NEWS_MENTIONS_SUPPLIER,0.817,SYNTHETIC_DEMO
NEWS00014,SUP00014,NEWS_MENTIONS_SUPPLIER,0.8699,SYNTHETIC_DEMO
NEWS00015,SUP00015,NEWS_MENTIONS_SUPPLIER,0.8856,SYNTHETIC_DEMO
NEWS00016,SUP00016,NEWS_MENTIONS_SUPPLIER,0.5009,SYNTHETIC_DEMO
NEWS00017,SUP00017,NEWS_MENTIONS_SUPPLIER,0.6069,SYNTHETIC_DEMO
NEWS00018,SUP00018,NEWS_MENTIONS_SUPPLIER,0.8687,SYNTHETIC_DEMO
NEWS00019,SUP00019,NEWS_MENTIONS_SUPPLIER,0.8837,SYNTHETIC_DEMO
NEWS00020,SUP00020,NEWS_MENTIONS_SUPPLIER,0.7585,SYNTHETIC_DEMO
NEWS00021,SUP00021,NEWS_MENTIONS_SUPPLIER,0.8327,SYNTHETIC_DEMO
NEWS00022,SUP00022,NEWS_MENTIONS_SUPPLIER,0.522,SYNTHETIC_DEMO
NEWS00023,SUP00023,NEWS_MENTIONS_SUPPLIER,0.9734,SYNTHETIC_DEMO
NEWS00024,SUP00024,NEWS_MENTIONS_SUPPLIER,0.8628,SYNTHETIC_DEMO
NEWS00025,SUP00025,NEWS_MENTIONS_SUPPLIER,0.9311,SYNTHETIC_DEMO
NEWS00026,SUP00026,NEWS_MENTIONS_SUPPLIER,0.6992,SYNTHETIC_DEMO
NEWS00027,SUP00027,NEWS_MENTIONS_SUPPLIER,0.8133,SYNTHETIC_DEMO
NEWS00028,SUP00028,NEWS_MENTIONS_SUPPLIER,0.8649,SYNTHETIC_DEMO
NEWS00029,SUP00029,NEWS_MENTIONS_SUPPLIER,0.7138,SYNTHETIC_DEMO
NEWS00030,SUP00030,NEWS_MENTIONS_SUPPLIER,0.737,SYNTHETIC_DEMO
NEWS00031,SUP00031,NEWS_MENTIONS_SUPPLIER,0.7827,SYNTHETIC_DEMO
NEWS00032,SUP00032,NEWS_MENTIONS_SUPPLIER,0.7117,SYNTHETIC_DEMO
NEWS00033,SUP00033,NEWS_MENTIONS_SUPPLIER,0.7416,SYNTHETIC_DEMO
NEWS00034,SUP00034,NEWS_MENTIONS_SUPPLIER,0.6732,SYNTHETIC_DEMO
NEWS00035,SUP00035,NEWS_MENTIONS_SUPPLIER,0.8308,SYNTHETIC_DEMO
NEWS00036,SUP00036,NEWS_MENTIONS_SUPPLIER,0.9549,SYNTHETIC_DEMO
NEWS00037,SUP00037,NEWS_MENTIONS_SUPPLIER,0.5943,SYNTHETIC_DEMO
NEWS00038,SUP00038,NEWS_MENTIONS_SUPPLIER,0.5358,SYNTHETIC_DEMO
NEWS00039,SUP00039,NEWS_MENTIONS_SUPPLIER,0.9893,SYNTHETIC_DEMO
NEWS00040,SUP00040,NEWS_MENTIONS_SUPPLIER,0.7965,SYNTHETIC_DEMO
NEWS00041,SUP00041,NEWS_MENTIONS_SUPPLIER,0.5122,SYNTHETIC_DEMO
NEWS00042,SUP00042,NEWS_MENTIONS_SUPPLIER,0.5895,SYNTHETIC_DEMO
NEWS00043,SUP00043,NEWS_MENTIONS_SUPPLIER,0.643,SYNTHETIC_DEMO
NEWS00044,SUP00044,NEWS_MENTIONS_SUPPLIER,0.9548,SYNTHETIC_DEMO
NEWS00045,SUP00045,NEWS_MENTIONS_SUPPLIER,0.5129,SYNTHETIC_DEMO
NEWS00046,SUP00046,NEWS_MENTIONS_SUPPLIER,0.986,SYNTHETIC_DEMO
NEWS00047,SUP00047,NEWS_MENTIONS_SUPPLIER,0.5336,SYNTHETIC_DEMO
NEWS00048,SUP00048,NEWS_MENTIONS_SUPPLIER,0.6018,SYNTHETIC_DEMO
NEWS00049,SUP00049,NEWS_MENTIONS_SUPPLIER,0.6823,SYNTHETIC_DEMO
NEWS00050,SUP00050,NEWS_MENTIONS_SUPPLIER,0.6838,SYNTHETIC_DEMO
NEWS00051,SUP00051,NEWS_MENTIONS_SUPPLIER,0.6254,SYNTHETIC_DEMO
NEWS00052,SUP00052,NEWS_MENTIONS_SUPPLIER,0.8784,SYNTHETIC_DEMO
NEWS00053,SUP00053,NEWS_MENTIONS_SUPPLIER,0.7072,SYNTHETIC_DEMO
NEWS00054,SUP00054,NEWS_MENTIONS_SUPPLIER,0.9691,SYNTHETIC_DEMO
NEWS00055,SUP00055,NEWS_MENTIONS_SUPPLIER,0.8372,SYNTHETIC_DEMO
NEWS00056,SUP00056,NEWS_MENTIONS_SUPPLIER,0.7933,SYNTHETIC_DEMO
NEWS00057,SUP00057,NEWS_MENTIONS_SUPPLIER,0.5547,SYNTHETIC_DEMO
NEWS00058,SUP00058,NEWS_MENTIONS_SUPPLIER,0.9108,SYNTHETIC_DEMO
NEWS00059,SUP00059,NEWS_MENTIONS_SUPPLIER,0.9968,SYNTHETIC_DEMO
NEWS00060,SUP00060,NEWS_MENTIONS_SUPPLIER,0.8702,SYNTHETIC_DEMO
NEWS00061,SUP00061,NEWS_MENTIONS_SUPPLIER,0.8934,SYNTHETIC_DEMO
NEWS00062,SUP00062,NEWS_MENTIONS_SUPPLIER,0.6262,SYNTHETIC_DEMO
NEWS00063,SUP00063,NEWS_MENTIONS_SUPPLIER,0.9704,SYNTHETIC_DEMO
NEWS00064,SUP00064,NEWS_MENTIONS_SUPPLIER,0.7098,SYNTHETIC_DEMO
NEWS00065,SUP00065,NEWS_MENTIONS_SUPPLIER,0.7051,SYNTHETIC_DEMO
NEWS00066,SUP00066,NEWS_MENTIONS_SUPPLIER,0.7365,SYNTHETIC_DEMO
NEWS00067,SUP00067,NEWS_MENTIONS_SUPPLIER,0.5543,SYNTHETIC_DEMO
NEWS00068,SUP00068,NEWS_MENTIONS_SUPPLIER,0.6608,SYNTHETIC_DEMO
NEWS00069,SUP00069,NEWS_MENTIONS_SUPPLIER,0.5628,SYNTHETIC_DEMO
NEWS00070,SUP00070,NEWS_MENTIONS_SUPPLIER,0.9332,SYNTHETIC_DEMO
NEWS00071,SUP00071,NEWS_MENTIONS_SUPPLIER,0.5786,SYNTHETIC_DEMO
NEWS00072,SUP00072,NEWS_MENTIONS_SUPPLIER,0.7709,SYNTHETIC_DEMO
NEWS00073,SUP00073,NEWS_MENTIONS_SUPPLIER,0.6476,SYNTHETIC_DEMO
NEWS00074,SUP00074,NEWS_MENTIONS_SUPPLIER,0.7807,SYNTHETIC_DEMO
NEWS00075,SUP00075,NEWS_MENTIONS_SUPPLIER,0.9755,SYNTHETIC_DEMO
NEWS00076,SUP00076,NEWS_MENTIONS_SUPPLIER,0.689,SYNTHETIC_DEMO
NEWS00077,SUP00077,NEWS_MENTIONS_SUPPLIER,0.5032,SYNTHETIC_DEMO
NEWS00078,SUP00078,NEWS_MENTIONS_SUPPLIER,0.8634,SYNTHETIC_DEMO
NEWS00079,SUP00079,NEWS_MENTIONS_SUPPLIER,0.5223,SYNTHETIC_DEMO
NEWS00080,SUP00080,NEWS_MENTIONS_SUPPLIER,0.9723,SYNTHETIC_DEMO
NEWS00081,SUP00081,NEWS_MENTIONS_SUPPLIER,0.8187,SYNTHETIC_DEMO
NEWS00082,SUP00082,NEWS_MENTIONS_SUPPLIER,0.5591,SYNTHETIC_DEMO
NEWS00083,SUP00083,NEWS_MENTIONS_SUPPLIER,0.5408,SYNTHETIC_DEMO
NEWS00084,SUP00084,NEWS_MENTIONS_SUPPLIER,0.9167,SYNTHETIC_DEMO
NEWS00085,SUP00085,NEWS_MENTIONS_SUPPLIER,0.6396,SYNTHETIC_DEMO
NEWS00086,SUP00086,NEWS_MENTIONS_SUPPLIER,0.6924,SYNTHETIC_DEMO
NEWS00087,SUP00087,NEWS_MENTIONS_SUPPLIER,0.9712,SYNTHETIC_DEMO
NEWS00088,SUP00088,NEWS_MENTIONS_SUPPLIER,0.8917,SYNTHETIC_DEMO
NEWS00089,SUP00089,NEWS_MENTIONS_SUPPLIER,0.6427,SYNTHETIC_DEMO
NEWS00090,SUP00090,NEWS_MENTIONS_SUPPLIER,0.6472,SYNTHETIC_DEMO
NEWS00091,SUP00091,NEWS_MENTIONS_SUPPLIER,0.9414,SYNTHETIC_DEMO
NEWS00092,SUP00092,NEWS_MENTIONS_SUPPLIER,0.9953,SYNTHETIC_DEMO
NEWS00093,SUP00093,NEWS_MENTIONS_SUPPLIER,0.5994,SYNTHETIC_DEMO
NEWS00094,SUP00094,NEWS_MENTIONS_SUPPLIER,0.7383,SYNTHETIC_DEMO
NEWS00095,SUP00095,NEWS_MENTIONS_SUPPLIER,0.6888,SYNTHETIC_DEMO
NEWS00096,SUP00096,NEWS_MENTIONS_SUPPLIER,0.7324,SYNTHETIC_DEMO
NEWS00097,SUP00097,NEWS_MENTIONS_SUPPLIER,0.8001,SYNTHETIC_DEMO
NEWS00098,SUP00098,NEWS_MENTIONS_SUPPLIER,0.9611,SYNTHETIC_DEMO
NEWS00099,SUP00099,NEWS_MENTIONS_SUPPLIER,0.5728,SYNTHETIC_DEMO
NEWS00100,SUP00100,NEWS_MENTIONS_SUPPLIER,0.9227,SYNTHETIC_DEMO
NEWS00101,SUP00101,NEWS_MENTIONS_SUPPLIER,0.9913,SYNTHETIC_DEMO
NEWS00102,SUP00102,NEWS_MENTIONS_SUPPLIER,0.9418,SYNTHETIC_DEMO
NEWS00103,SUP00103,NEWS_MENTIONS_SUPPLIER,0.8331,SYNTHETIC_DEMO
NEWS00104,SUP00104,NEWS_MENTIONS_SUPPLIER,0.5203,SYNTHETIC_DEMO
NEWS00105,SUP00105,NEWS_MENTIONS_SUPPLIER,0.8954,SYNTHETIC_DEMO
NEWS00106,SUP00106,NEWS_MENTIONS_SUPPLIER,0.5394,SYNTHETIC_DEMO
NEWS00107,SUP00107,NEWS_MENTIONS_SUPPLIER,0.8245,SYNTHETIC_DEMO
NEWS00108,SUP00108,NEWS_MENTIONS_SUPPLIER,0.9074,SYNTHETIC_DEMO
NEWS00109,SUP00109,NEWS_MENTIONS_SUPPLIER,0.9574,SYNTHETIC_DEMO
NEWS00110,SUP00110,NEWS_MENTIONS_SUPPLIER,0.5336,SYNTHETIC_DEMO
NEWS00111,SUP00111,NEWS_MENTIONS_SUPPLIER,0.5004,SYNTHETIC_DEMO
NEWS00112,SUP00112,NEWS_MENTIONS_SUPPLIER,0.6094,SYNTHETIC_DEMO
NEWS00113,SUP00113,NEWS_MENTIONS_SUPPLIER,0.5238,SYNTHETIC_DEMO
NEWS00114,SUP00114,NEWS_MENTIONS_SUPPLIER,0.6648,SYNTHETIC_DEMO
NEWS00115,SUP00115,NEWS_MENTIONS_SUPPLIER,0.5706,SYNTHETIC_DEMO
NEWS00116,SUP00116,NEWS_MENTIONS_SUPPLIER,0.7399,SYNTHETIC_DEMO
NEWS00117,SUP00117,NEWS_MENTIONS_SUPPLIER,0.7816,SYNTHETIC_DEMO
NEWS00118,SUP00118,NEWS_MENTIONS_SUPPLIER,0.8894,SYNTHETIC_DEMO
NEWS00119,SUP00119,NEWS_MENTIONS_SUPPLIER,0.5907,SYNTHETIC_DEMO
NEWS00120,SUP00120,NEWS_MENTIONS_SUPPLIER,0.66,SYNTHETIC_DEMO
NEWS00121,SUP00121,NEWS_MENTIONS_SUPPLIER,0.535,SYNTHETIC_DEMO
NEWS00122,SUP00122,NEWS_MENTIONS_SUPPLIER,0.7053,SYNTHETIC_DEMO
NEWS00123,SUP00123,NEWS_MENTIONS_SUPPLIER,0.5656,SYNTHETIC_DEMO
NEWS00124,SUP00124,NEWS_MENTIONS_SUPPLIER,0.6121,SYNTHETIC_DEMO
NEWS00125,SUP00125,NEWS_MENTIONS_SUPPLIER,0.9039,SYNTHETIC_DEMO
NEWS00126,SUP00126,NEWS_MENTIONS_SUPPLIER,0.9091,SYNTHETIC_DEMO
NEWS00127,SUP00127,NEWS_MENTIONS_SUPPLIER,0.5576,SYNTHETIC_DEMO
NEWS00128,SUP00128,NEWS_MENTIONS_SUPPLIER,0.7274,SYNTHETIC_DEMO
NEWS00129,SUP00129,NEWS_MENTIONS_SUPPLIER,0.5769,SYNTHETIC_DEMO
NEWS00130,SUP00130,NEWS_MENTIONS_SUPPLIER,0.6433,SYNTHETIC_DEMO
NEWS00131,SUP00131,NEWS_MENTIONS_SUPPLIER,0.7228,SYNTHETIC_DEMO
NEWS00132,SUP00132,NEWS_MENTIONS_SUPPLIER,0.9998,SYNTHETIC_DEMO
NEWS00133,SUP00133,NEWS_MENTIONS_SUPPLIER,0.9304,SYNTHETIC_DEMO
NEWS00134,SUP00134,NEWS_MENTIONS_SUPPLIER,0.9398,SYNTHETIC_DEMO
NEWS00135,SUP00135,NEWS_MENTIONS_SUPPLIER,0.574,SYNTHETIC_DEMO
NEWS00136,SUP00136,NEWS_MENTIONS_SUPPLIER,0.9816,SYNTHETIC_DEMO
NEWS00137,SUP00137,NEWS_MENTIONS_SUPPLIER,0.7725,SYNTHETIC_DEMO
NEWS00138,SUP00138,NEWS_MENTIONS_SUPPLIER,0.7216,SYNTHETIC_DEMO
NEWS00139,SUP00139,NEWS_MENTIONS_SUPPLIER,0.6751,SYNTHETIC_DEMO
NEWS00140,SUP00140,NEWS_MENTIONS_SUPPLIER,0.8218,SYNTHETIC_DEMO
NEWS00141,SUP00141,NEWS_MENTIONS_SUPPLIER,0.5818,SYNTHETIC_DEMO
NEWS00142,SUP00142,NEWS_MENTIONS_SUPPLIER,0.5812,SYNTHETIC_DEMO
NEWS00143,SUP00143,NEWS_MENTIONS_SUPPLIER,0.8843,SYNTHETIC_DEMO
NEWS00144,SUP00144,NEWS_MENTIONS_SUPPLIER,0.6194,SYNTHETIC_DEMO
NEWS00145,SUP00145,NEWS_MENTIONS_SUPPLIER,0.8972,SYNTHETIC_DEMO
NEWS00146,SUP00146,NEWS_MENTIONS_SUPPLIER,0.7445,SYNTHETIC_DEMO
NEWS00147,SUP00147,NEWS_MENTIONS_SUPPLIER,0.8627,SYNTHETIC_DEMO
NEWS00148,SUP00148,NEWS_MENTIONS_SUPPLIER,0.5043,SYNTHETIC_DEMO
NEWS00149,SUP00149,NEWS_MENTIONS_SUPPLIER,0.606,SYNTHETIC_DEMO
NEWS00150,SUP00150,NEWS_MENTIONS_SUPPLIER,0.9076,SYNTHETIC_DEMO
NEWS00151,SUP00151,NEWS_MENTIONS_SUPPLIER,0.5083,SYNTHETIC_DEMO
NEWS00152,SUP00152,NEWS_MENTIONS_SUPPLIER,0.9937,SYNTHETIC_DEMO
NEWS00153,SUP00153,NEWS_MENTIONS_SUPPLIER,0.6938,SYNTHETIC_DEMO
NEWS00154,SUP00154,NEWS_MENTIONS_SUPPLIER,0.8726,SYNTHETIC_DEMO
NEWS00155,SUP00155,NEWS_MENTIONS_SUPPLIER,0.877,SYNTHETIC_DEMO
NEWS00156,SUP00156,NEWS_MENTIONS_SUPPLIER,0.7011,SYNTHETIC_DEMO
NEWS00157,SUP00157,NEWS_MENTIONS_SUPPLIER,0.9892,SYNTHETIC_DEMO
NEWS00158,SUP00158,NEWS_MENTIONS_SUPPLIER,0.6056,SYNTHETIC_DEMO
NEWS00159,SUP00159,NEWS_MENTIONS_SUPPLIER,0.8753,SYNTHETIC_DEMO
NEWS00160,SUP00160,NEWS_MENTIONS_SUPPLIER,0.6556,SYNTHETIC_DEMO
NEWS00161,SUP00161,NEWS_MENTIONS_SUPPLIER,0.6347,SYNTHETIC_DEMO
NEWS00162,SUP00162,NEWS_MENTIONS_SUPPLIER,0.5382,SYNTHETIC_DEMO
NEWS00163,SUP00163,NEWS_MENTIONS_SUPPLIER,0.7004,SYNTHETIC_DEMO
NEWS00164,SUP00164,NEWS_MENTIONS_SUPPLIER,0.8549,SYNTHETIC_DEMO
NEWS00165,SUP00165,NEWS_MENTIONS_SUPPLIER,0.8266,SYNTHETIC_DEMO
NEWS00166,SUP00166,NEWS_MENTIONS_SUPPLIER,0.8943,SYNTHETIC_DEMO
NEWS00167,SUP00167,NEWS_MENTIONS_SUPPLIER,0.5963,SYNTHETIC_DEMO
NEWS00168,SUP00168,NEWS_MENTIONS_SUPPLIER,0.6654,SYNTHETIC_DEMO
NEWS00169,SUP00169,NEWS_MENTIONS_SUPPLIER,0.6595,SYNTHETIC_DEMO
NEWS00170,SUP00170,NEWS_MENTIONS_SUPPLIER,0.8258,SYNTHETIC_DEMO
NEWS00171,SUP00171,NEWS_MENTIONS_SUPPLIER,0.7389,SYNTHETIC_DEMO
NEWS00172,SUP00172,NEWS_MENTIONS_SUPPLIER,0.7572,SYNTHETIC_DEMO
NEWS00173,SUP00173,NEWS_MENTIONS_SUPPLIER,0.8567,SYNTHETIC_DEMO
NEWS00174,SUP00174,NEWS_MENTIONS_SUPPLIER,0.9958,SYNTHETIC_DEMO
NEWS00175,SUP00175,NEWS_MENTIONS_SUPPLIER,0.5627,SYNTHETIC_DEMO
NEWS00176,SUP00176,NEWS_MENTIONS_SUPPLIER,0.8493,SYNTHETIC_DEMO
NEWS00177,SUP00177,NEWS_MENTIONS_SUPPLIER,0.8831,SYNTHETIC_DEMO
NEWS00178,SUP00178,NEWS_MENTIONS_SUPPLIER,0.9604,SYNTHETIC_DEMO
NEWS00179,SUP00179,NEWS_MENTIONS_SUPPLIER,0.5638,SYNTHETIC_DEMO
NEWS00180,SUP00180,NEWS_MENTIONS_SUPPLIER,0.5029,SYNTHETIC_DEMO
NEWS00181,SUP00181,NEWS_MENTIONS_SUPPLIER,0.8854,SYNTHETIC_DEMO
NEWS00182,SUP00182,NEWS_MENTIONS_SUPPLIER,0.5482,SYNTHETIC_DEMO
NEWS00183,SUP00183,NEWS_MENTIONS_SUPPLIER,0.9659,SYNTHETIC_DEMO
NEWS00184,SUP00184,NEWS_MENTIONS_SUPPLIER,0.8694,SYNTHETIC_DEMO
NEWS00185,SUP00185,NEWS_MENTIONS_SUPPLIER,0.521,SYNTHETIC_DEMO
NEWS00186,SUP00186,NEWS_MENTIONS_SUPPLIER,0.7373,SYNTHETIC_DEMO
NEWS00187,SUP00187,NEWS_MENTIONS_SUPPLIER,0.8176,SYNTHETIC_DEMO
NEWS00188,SUP00188,NEWS_MENTIONS_SUPPLIER,0.7756,SYNTHETIC_DEMO
NEWS00189,SUP00189,NEWS_MENTIONS_SUPPLIER,0.6777,SYNTHETIC_DEMO
NEWS00190,SUP00190,NEWS_MENTIONS_SUPPLIER,0.9213,SYNTHETIC_DEMO
NEWS00191,SUP00191,NEWS_MENTIONS_SUPPLIER,0.837,SYNTHETIC_DEMO
NEWS00192,SUP00192,NEWS_MENTIONS_SUPPLIER,0.5974,SYNTHETIC_DEMO
NEWS00193,SUP00193,NEWS_MENTIONS_SUPPLIER,0.6643,SYNTHETIC_DEMO
NEWS00194,SUP00194,NEWS_MENTIONS_SUPPLIER,0.6962,SYNTHETIC_DEMO
NEWS00195,SUP00195,NEWS_MENTIONS_SUPPLIER,0.9137,SYNTHETIC_DEMO
NEWS00196,SUP00196,NEWS_MENTIONS_SUPPLIER,0.6553,SYNTHETIC_DEMO
NEWS00197,SUP00197,NEWS_MENTIONS_SUPPLIER,0.9885,SYNTHETIC_DEMO
NEWS00198,SUP00198,NEWS_MENTIONS_SUPPLIER,0.9936,SYNTHETIC_DEMO
NEWS00199,SUP00199,NEWS_MENTIONS_SUPPLIER,0.7779,SYNTHETIC_DEMO
NEWS00200,SUP00200,NEWS_MENTIONS_SUPPLIER,0.7654,SYNTHETIC_DEMO
NEWS00201,SUP00201,NEWS_MENTIONS_SUPPLIER,0.7077,SYNTHETIC_DEMO
NEWS00202,SUP00202,NEWS_MENTIONS_SUPPLIER,0.7229,SYNTHETIC_DEMO
NEWS00203,SUP00203,NEWS_MENTIONS_SUPPLIER,0.9037,SYNTHETIC_DEMO
NEWS00204,SUP00204,NEWS_MENTIONS_SUPPLIER,0.5344,SYNTHETIC_DEMO
NEWS00205,SUP00205,NEWS_MENTIONS_SUPPLIER,0.6299,SYNTHETIC_DEMO
NEWS00206,SUP00206,NEWS_MENTIONS_SUPPLIER,0.6793,SYNTHETIC_DEMO
NEWS00207,SUP00207,NEWS_MENTIONS_SUPPLIER,0.7916,SYNTHETIC_DEMO
NEWS00208,SUP00208,NEWS_MENTIONS_SUPPLIER,0.9033,SYNTHETIC_DEMO
NEWS00209,SUP00209,NEWS_MENTIONS_SUPPLIER,0.9171,SYNTHETIC_DEMO
NEWS00210,SUP00210,NEWS_MENTIONS_SUPPLIER,0.8143,SYNTHETIC_DEMO
NEWS00211,SUP00211,NEWS_MENTIONS_SUPPLIER,0.7068,SYNTHETIC_DEMO
NEWS00212,SUP00212,NEWS_MENTIONS_SUPPLIER,0.5596,SYNTHETIC_DEMO
NEWS00213,SUP00213,NEWS_MENTIONS_SUPPLIER,0.6152,SYNTHETIC_DEMO
NEWS00214,SUP00214,NEWS_MENTIONS_SUPPLIER,0.9954,SYNTHETIC_DEMO
NEWS00215,SUP00215,NEWS_MENTIONS_SUPPLIER,0.9667,SYNTHETIC_DEMO
NEWS00216,SUP00216,NEWS_MENTIONS_SUPPLIER,0.8138,SYNTHETIC_DEMO
NEWS00217,SUP00217,NEWS_MENTIONS_SUPPLIER,0.9627,SYNTHETIC_DEMO
NEWS00218,SUP00218,NEWS_MENTIONS_SUPPLIER,0.7081,SYNTHETIC_DEMO
NEWS00219,SUP00219,NEWS_MENTIONS_SUPPLIER,0.6394,SYNTHETIC_DEMO
NEWS00220,SUP00220,NEWS_MENTIONS_SUPPLIER,0.9042,SYNTHETIC_DEMO
NEWS00221,SUP00221,NEWS_MENTIONS_SUPPLIER,0.743,SYNTHETIC_DEMO
NEWS00222,SUP00222,NEWS_MENTIONS_SUPPLIER,0.9255,SYNTHETIC_DEMO
NEWS00223,SUP00223,NEWS_MENTIONS_SUPPLIER,0.953,SYNTHETIC_DEMO
NEWS00224,SUP00224,NEWS_MENTIONS_SUPPLIER,0.7502,SYNTHETIC_DEMO
NEWS00225,SUP00225,NEWS_MENTIONS_SUPPLIER,0.5776,SYNTHETIC_DEMO
NEWS00226,SUP00226,NEWS_MENTIONS_SUPPLIER,0.8564,SYNTHETIC_DEMO
NEWS00227,SUP00227,NEWS_MENTIONS_SUPPLIER,0.678,SYNTHETIC_DEMO
NEWS00228,SUP00228,NEWS_MENTIONS_SUPPLIER,0.5809,SYNTHETIC_DEMO
NEWS00229,SUP00229,NEWS_MENTIONS_SUPPLIER,0.5244,SYNTHETIC_DEMO
NEWS00230,SUP00230,NEWS_MENTIONS_SUPPLIER,0.5612,SYNTHETIC_DEMO
NEWS00231,SUP00231,NEWS_MENTIONS_SUPPLIER,0.8771,SYNTHETIC_DEMO
NEWS00232,SUP00232,NEWS_MENTIONS_SUPPLIER,0.6702,SYNTHETIC_DEMO
NEWS00233,SUP00233,NEWS_MENTIONS_SUPPLIER,0.6134,SYNTHETIC_DEMO
NEWS00234,SUP00234,NEWS_MENTIONS_SUPPLIER,0.5394,SYNTHETIC_DEMO
NEWS00235,SUP00235,NEWS_MENTIONS_SUPPLIER,0.7042,SYNTHETIC_DEMO
NEWS00236,SUP00236,NEWS_MENTIONS_SUPPLIER,0.6575,SYNTHETIC_DEMO
NEWS00237,SUP00237,NEWS_MENTIONS_SUPPLIER,0.8936,SYNTHETIC_DEMO
NEWS00238,SUP00238,NEWS_MENTIONS_SUPPLIER,0.7001,SYNTHETIC_DEMO
NEWS00239,SUP00239,NEWS_MENTIONS_SUPPLIER,0.8944,SYNTHETIC_DEMO
NEWS00240,SUP00240,NEWS_MENTIONS_SUPPLIER,0.7378,SYNTHETIC_DEMO
NEWS00241,SUP00241,NEWS_MENTIONS_SUPPLIER,0.8161,SYNTHETIC_DEMO
NEWS00242,SUP00242,NEWS_MENTIONS_SUPPLIER,0.5484,SYNTHETIC_DEMO
NEWS00243,SUP00243,NEWS_MENTIONS_SUPPLIER,0.7033,SYNTHETIC_DEMO
NEWS00244,SUP00244,NEWS_MENTIONS_SUPPLIER,0.9848,SYNTHETIC_DEMO
NEWS00245,SUP00245,NEWS_MENTIONS_SUPPLIER,0.7959,SYNTHETIC_DEMO
NEWS00246,SUP00246,NEWS_MENTIONS_SUPPLIER,0.8907,SYNTHETIC_DEMO
NEWS00247,SUP00247,NEWS_MENTIONS_SUPPLIER,0.6275,SYNTHETIC_DEMO
NEWS00248,SUP00248,NEWS_MENTIONS_SUPPLIER,0.773,SYNTHETIC_DEMO
NEWS00249,SUP00249,NEWS_MENTIONS_SUPPLIER,0.9114,SYNTHETIC_DEMO
NEWS00250,SUP00250,NEWS_MENTIONS_SUPPLIER,0.5082,SYNTHETIC_DEMO
NEWS00251,SUP00251,NEWS_MENTIONS_SUPPLIER,0.6923,SYNTHETIC_DEMO
NEWS00252,SUP00252,NEWS_MENTIONS_SUPPLIER,0.6788,SYNTHETIC_DEMO
NEWS00253,SUP00253,NEWS_MENTIONS_SUPPLIER,0.7795,SYNTHETIC_DEMO
NEWS00254,SUP00254,NEWS_MENTIONS_SUPPLIER,0.509,SYNTHETIC_DEMO
NEWS00255,SUP00255,NEWS_MENTIONS_SUPPLIER,0.8714,SYNTHETIC_DEMO
NEWS00256,SUP00256,NEWS_MENTIONS_SUPPLIER,0.8457,SYNTHETIC_DEMO
NEWS00257,SUP00257,NEWS_MENTIONS_SUPPLIER,0.5988,SYNTHETIC_DEMO
NEWS00258,SUP00258,NEWS_MENTIONS_SUPPLIER,0.7818,SYNTHETIC_DEMO
NEWS00259,SUP00259,NEWS_MENTIONS_SUPPLIER,0.5414,SYNTHETIC_DEMO
NEWS00260,SUP00260,NEWS_MENTIONS_SUPPLIER,0.7571,SYNTHETIC_DEMO
NEWS00261,SUP00261,NEWS_MENTIONS_SUPPLIER,0.9907,SYNTHETIC_DEMO
NEWS00262,SUP00262,NEWS_MENTIONS_SUPPLIER,0.8437,SYNTHETIC_DEMO
NEWS00263,SUP00263,NEWS_MENTIONS_SUPPLIER,0.7091,SYNTHETIC_DEMO
NEWS00264,SUP00264,NEWS_MENTIONS_SUPPLIER,0.9448,SYNTHETIC_DEMO
NEWS00265,SUP00265,NEWS_MENTIONS_SUPPLIER,0.5637,SYNTHETIC_DEMO
NEWS00266,SUP00266,NEWS_MENTIONS_SUPPLIER,0.6922,SYNTHETIC_DEMO
NEWS00267,SUP00267,NEWS_MENTIONS_SUPPLIER,0.8709,SYNTHETIC_DEMO
NEWS00268,SUP00268,NEWS_MENTIONS_SUPPLIER,0.5886,SYNTHETIC_DEMO
NEWS00269,SUP00269,NEWS_MENTIONS_SUPPLIER,0.6922,SYNTHETIC_DEMO
NEWS00270,SUP00270,NEWS_MENTIONS_SUPPLIER,0.6759,SYNTHETIC_DEMO
NEWS00271,SUP00271,NEWS_MENTIONS_SUPPLIER,0.7287,SYNTHETIC_DEMO
NEWS00272,SUP00272,NEWS_MENTIONS_SUPPLIER,0.8531,SYNTHETIC_DEMO
NEWS00273,SUP00273,NEWS_MENTIONS_SUPPLIER,0.9476,SYNTHETIC_DEMO
NEWS00274,SUP00274,NEWS_MENTIONS_SUPPLIER,0.937,SYNTHETIC_DEMO
NEWS00275,SUP00275,NEWS_MENTIONS_SUPPLIER,0.5915,SYNTHETIC_DEMO
NEWS00276,SUP00276,NEWS_MENTIONS_SUPPLIER,0.97,SYNTHETIC_DEMO
NEWS00277,SUP00277,NEWS_MENTIONS_SUPPLIER,0.9708,SYNTHETIC_DEMO
NEWS00278,SUP00278,NEWS_MENTIONS_SUPPLIER,0.5911,SYNTHETIC_DEMO
NEWS00279,SUP00279,NEWS_MENTIONS_SUPPLIER,0.5827,SYNTHETIC_DEMO
NEWS00280,SUP00280,NEWS_MENTIONS_SUPPLIER,0.9437,SYNTHETIC_DEMO
NEWS00281,SUP00281,NEWS_MENTIONS_SUPPLIER,0.5001,SYNTHETIC_DEMO
NEWS00282,SUP00282,NEWS_MENTIONS_SUPPLIER,0.7996,SYNTHETIC_DEMO
NEWS00283,SUP00283,NEWS_MENTIONS_SUPPLIER,0.8842,SYNTHETIC_DEMO
NEWS00284,SUP00284,NEWS_MENTIONS_SUPPLIER,0.8006,SYNTHETIC_DEMO
NEWS00285,SUP00285,NEWS_MENTIONS_SUPPLIER,0.6759,SYNTHETIC_DEMO
NEWS00286,SUP00286,NEWS_MENTIONS_SUPPLIER,0.5154,SYNTHETIC_DEMO
NEWS00287,SUP00287,NEWS_MENTIONS_SUPPLIER,0.9805,SYNTHETIC_DEMO
NEWS00288,SUP00288,NEWS_MENTIONS_SUPPLIER,0.5635,SYNTHETIC_DEMO
NEWS00289,SUP00289,NEWS_MENTIONS_SUPPLIER,0.8904,SYNTHETIC_DEMO
NEWS00290,SUP00290,NEWS_MENTIONS_SUPPLIER,0.8617,SYNTHETIC_DEMO
NEWS00291,SUP00291,NEWS_MENTIONS_SUPPLIER,0.7002,SYNTHETIC_DEMO
NEWS00292,SUP00292,NEWS_MENTIONS_SUPPLIER,0.648,SYNTHETIC_DEMO
NEWS00293,SUP00293,NEWS_MENTIONS_SUPPLIER,0.6659,SYNTHETIC_DEMO
NEWS00294,SUP00294,NEWS_MENTIONS_SUPPLIER,0.5311,SYNTHETIC_DEMO
NEWS00295,SUP00295,NEWS_MENTIONS_SUPPLIER,0.9639,SYNTHETIC_DEMO
NEWS00296,SUP00296,NEWS_MENTIONS_SUPPLIER,0.6186,SYNTHETIC_DEMO
NEWS00297,SUP00297,NEWS_MENTIONS_SUPPLIER,0.5101,SYNTHETIC_DEMO
NEWS00298,SUP00298,NEWS_MENTIONS_SUPPLIER,0.6596,SYNTHETIC_DEMO
NEWS00299,SUP00299,NEWS_MENTIONS_SUPPLIER,0.7848,SYNTHETIC_DEMO
NEWS00300,SUP00300,NEWS_MENTIONS_SUPPLIER,0.5667,SYNTHETIC_DEMO
NEWS00301,SUP00301,NEWS_MENTIONS_SUPPLIER,0.8507,SYNTHETIC_DEMO
NEWS00302,SUP00302,NEWS_MENTIONS_SUPPLIER,0.5335,SYNTHETIC_DEMO
NEWS00303,SUP00303,NEWS_MENTIONS_SUPPLIER,0.5144,SYNTHETIC_DEMO
NEWS00304,SUP00304,NEWS_MENTIONS_SUPPLIER,0.802,SYNTHETIC_DEMO
NEWS00305,SUP00305,NEWS_MENTIONS_SUPPLIER,0.8911,SYNTHETIC_DEMO
NEWS00306,SUP00306,NEWS_MENTIONS_SUPPLIER,0.9377,SYNTHETIC_DEMO
NEWS00307,SUP00307,NEWS_MENTIONS_SUPPLIER,0.6684,SYNTHETIC_DEMO
NEWS00308,SUP00308,NEWS_MENTIONS_SUPPLIER,0.791,SYNTHETIC_DEMO
NEWS00309,SUP00309,NEWS_MENTIONS_SUPPLIER,0.9313,SYNTHETIC_DEMO
NEWS00310,SUP00310,NEWS_MENTIONS_SUPPLIER,0.7205,SYNTHETIC_DEMO
NEWS00311,SUP00311,NEWS_MENTIONS_SUPPLIER,0.6897,SYNTHETIC_DEMO
NEWS00312,SUP00312,NEWS_MENTIONS_SUPPLIER,0.9722,SYNTHETIC_DEMO
NEWS00313,SUP00313,NEWS_MENTIONS_SUPPLIER,0.7761,SYNTHETIC_DEMO
NEWS00314,SUP00314,NEWS_MENTIONS_SUPPLIER,0.9228,SYNTHETIC_DEMO
NEWS00315,SUP00315,NEWS_MENTIONS_SUPPLIER,0.7052,SYNTHETIC_DEMO
NEWS00316,SUP00316,NEWS_MENTIONS_SUPPLIER,0.8585,SYNTHETIC_DEMO
NEWS00317,SUP00317,NEWS_MENTIONS_SUPPLIER,0.5804,SYNTHETIC_DEMO
NEWS00318,SUP00318,NEWS_MENTIONS_SUPPLIER,0.5059,SYNTHETIC_DEMO
NEWS00319,SUP00319,NEWS_MENTIONS_SUPPLIER,0.9593,SYNTHETIC_DEMO
NEWS00320,SUP00320,NEWS_MENTIONS_SUPPLIER,0.5697,SYNTHETIC_DEMO
NEWS00321,SUP00321,NEWS_MENTIONS_SUPPLIER,0.9485,SYNTHETIC_DEMO
NEWS00322,SUP00322,NEWS_MENTIONS_SUPPLIER,0.6547,SYNTHETIC_DEMO
NEWS00323,SUP00323,NEWS_MENTIONS_SUPPLIER,0.978,SYNTHETIC_DEMO
NEWS00324,SUP00324,NEWS_MENTIONS_SUPPLIER,0.991,SYNTHETIC_DEMO
NEWS00325,SUP00325,NEWS_MENTIONS_SUPPLIER,0.5158,SYNTHETIC_DEMO
NEWS00326,SUP00326,NEWS_MENTIONS_SUPPLIER,0.722,SYNTHETIC_DEMO
NEWS00327,SUP00327,NEWS_MENTIONS_SUPPLIER,0.6503,SYNTHETIC_DEMO
NEWS00328,SUP00328,NEWS_MENTIONS_SUPPLIER,0.6871,SYNTHETIC_DEMO
NEWS00329,SUP00329,NEWS_MENTIONS_SUPPLIER,0.7035,SYNTHETIC_DEMO
NEWS00330,SUP00330,NEWS_MENTIONS_SUPPLIER,0.5608,SYNTHETIC_DEMO
NEWS00331,SUP00331,NEWS_MENTIONS_SUPPLIER,0.8215,SYNTHETIC_DEMO
NEWS00332,SUP00332,NEWS_MENTIONS_SUPPLIER,0.6911,SYNTHETIC_DEMO
NEWS00333,SUP00333,NEWS_MENTIONS_SUPPLIER,0.8763,SYNTHETIC_DEMO
NEWS00334,SUP00334,NEWS_MENTIONS_SUPPLIER,0.5204,SYNTHETIC_DEMO
NEWS00335,SUP00335,NEWS_MENTIONS_SUPPLIER,0.6209,SYNTHETIC_DEMO
NEWS00336,SUP00336,NEWS_MENTIONS_SUPPLIER,0.757,SYNTHETIC_DEMO
NEWS00337,SUP00337,NEWS_MENTIONS_SUPPLIER,0.8797,SYNTHETIC_DEMO
NEWS00338,SUP00338,NEWS_MENTIONS_SUPPLIER,0.6163,SYNTHETIC_DEMO
NEWS00339,SUP00339,NEWS_MENTIONS_SUPPLIER,0.9053,SYNTHETIC_DEMO
NEWS00340,SUP00340,NEWS_MENTIONS_SUPPLIER,0.9122,SYNTHETIC_DEMO
NEWS00341,SUP00341,NEWS_MENTIONS_SUPPLIER,0.8983,SYNTHETIC_DEMO
NEWS00342,SUP00342,NEWS_MENTIONS_SUPPLIER,0.6805,SYNTHETIC_DEMO
NEWS00343,SUP00343,NEWS_MENTIONS_SUPPLIER,0.9521,SYNTHETIC_DEMO
NEWS00344,SUP00344,NEWS_MENTIONS_SUPPLIER,0.758,SYNTHETIC_DEMO
NEWS00345,SUP00345,NEWS_MENTIONS_SUPPLIER,0.5855,SYNTHETIC_DEMO
NEWS00346,SUP00346,NEWS_MENTIONS_SUPPLIER,0.6917,SYNTHETIC_DEMO
NEWS00347,SUP00347,NEWS_MENTIONS_SUPPLIER,0.697,SYNTHETIC_DEMO
NEWS00348,SUP00348,NEWS_MENTIONS_SUPPLIER,0.6724,SYNTHETIC_DEMO
NEWS00349,SUP00349,NEWS_MENTIONS_SUPPLIER,0.9812,SYNTHETIC_DEMO
NEWS00350,SUP00350,NEWS_MENTIONS_SUPPLIER,0.8966,SYNTHETIC_DEMO
NEWS00351,SUP00351,NEWS_MENTIONS_SUPPLIER,0.7383,SYNTHETIC_DEMO
NEWS00352,SUP00352,NEWS_MENTIONS_SUPPLIER,0.5525,SYNTHETIC_DEMO
NEWS00353,SUP00353,NEWS_MENTIONS_SUPPLIER,0.8494,SYNTHETIC_DEMO
NEWS00354,SUP00354,NEWS_MENTIONS_SUPPLIER,0.6871,SYNTHETIC_DEMO
NEWS00355,SUP00355,NEWS_MENTIONS_SUPPLIER,0.7233,SYNTHETIC_DEMO
NEWS00356,SUP00356,NEWS_MENTIONS_SUPPLIER,0.6313,SYNTHETIC_DEMO
NEWS00357,SUP00357,NEWS_MENTIONS_SUPPLIER,0.6453,SYNTHETIC_DEMO
NEWS00358,SUP00358,NEWS_MENTIONS_SUPPLIER,0.9167,SYNTHETIC_DEMO
NEWS00359,SUP00359,NEWS_MENTIONS_SUPPLIER,0.5652,SYNTHETIC_DEMO
NEWS00360,SUP00360,NEWS_MENTIONS_SUPPLIER,0.5499,SYNTHETIC_DEMO
NEWS00361,SUP00361,NEWS_MENTIONS_SUPPLIER,0.8758,SYNTHETIC_DEMO
NEWS00362,SUP00362,NEWS_MENTIONS_SUPPLIER,0.8472,SYNTHETIC_DEMO
NEWS00363,SUP00363,NEWS_MENTIONS_SUPPLIER,0.5499,SYNTHETIC_DEMO
NEWS00364,SUP00364,NEWS_MENTIONS_SUPPLIER,0.7704,SYNTHETIC_DEMO
NEWS00365,SUP00365,NEWS_MENTIONS_SUPPLIER,0.6002,SYNTHETIC_DEMO
NEWS00366,SUP00366,NEWS_MENTIONS_SUPPLIER,0.6683,SYNTHETIC_DEMO
NEWS00367,SUP00367,NEWS_MENTIONS_SUPPLIER,0.5503,SYNTHETIC_DEMO
NEWS00368,SUP00368,NEWS_MENTIONS_SUPPLIER,0.8835,SYNTHETIC_DEMO
NEWS00369,SUP00369,NEWS_MENTIONS_SUPPLIER,0.9982,SYNTHETIC_DEMO
NEWS00370,SUP00370,NEWS_MENTIONS_SUPPLIER,0.7522,SYNTHETIC_DEMO
NEWS00371,SUP00371,NEWS_MENTIONS_SUPPLIER,0.9082,SYNTHETIC_DEMO
NEWS00372,SUP00372,NEWS_MENTIONS_SUPPLIER,0.5366,SYNTHETIC_DEMO
NEWS00373,SUP00373,NEWS_MENTIONS_SUPPLIER,0.5191,SYNTHETIC_DEMO
NEWS00374,SUP00374,NEWS_MENTIONS_SUPPLIER,0.6358,SYNTHETIC_DEMO
NEWS00375,SUP00375,NEWS_MENTIONS_SUPPLIER,0.6715,SYNTHETIC_DEMO
NEWS00376,SUP00376,NEWS_MENTIONS_SUPPLIER,0.6258,SYNTHETIC_DEMO
NEWS00377,SUP00377,NEWS_MENTIONS_SUPPLIER,0.9414,SYNTHETIC_DEMO
NEWS00378,SUP00378,NEWS_MENTIONS_SUPPLIER,0.5166,SYNTHETIC_DEMO
NEWS00379,SUP00379,NEWS_MENTIONS_SUPPLIER,0.9075,SYNTHETIC_DEMO
NEWS00380,SUP00380,NEWS_MENTIONS_SUPPLIER,0.523,SYNTHETIC_DEMO
NEWS00381,SUP00381,NEWS_MENTIONS_SUPPLIER,0.6531,SYNTHETIC_DEMO
NEWS00382,SUP00382,NEWS_MENTIONS_SUPPLIER,0.6906,SYNTHETIC_DEMO
NEWS00383,SUP00383,NEWS_MENTIONS_SUPPLIER,0.7341,SYNTHETIC_DEMO
NEWS00384,SUP00384,NEWS_MENTIONS_SUPPLIER,0.9242,SYNTHETIC_DEMO
NEWS00385,SUP00385,NEWS_MENTIONS_SUPPLIER,0.7363,SYNTHETIC_DEMO
NEWS00386,SUP00386,NEWS_MENTIONS_SUPPLIER,0.9272,SYNTHETIC_DEMO
NEWS00387,SUP00387,NEWS_MENTIONS_SUPPLIER,0.7591,SYNTHETIC_DEMO
NEWS00388,SUP00388,NEWS_MENTIONS_SUPPLIER,0.8145,SYNTHETIC_DEMO
NEWS00389,SUP00389,NEWS_MENTIONS_SUPPLIER,0.6695,SYNTHETIC_DEMO
NEWS00390,SUP00390,NEWS_MENTIONS_SUPPLIER,0.7201,SYNTHETIC_DEMO
NEWS00391,SUP00391,NEWS_MENTIONS_SUPPLIER,0.6818,SYNTHETIC_DEMO
NEWS00392,SUP00392,NEWS_MENTIONS_SUPPLIER,0.651,SYNTHETIC_DEMO
NEWS00393,SUP00393,NEWS_MENTIONS_SUPPLIER,0.5306,SYNTHETIC_DEMO
NEWS00394,SUP00394,NEWS_MENTIONS_SUPPLIER,0.7373,SYNTHETIC_DEMO
NEWS00395,SUP00395,NEWS_MENTIONS_SUPPLIER,0.6183,SYNTHETIC_DEMO
NEWS00396,SUP00396,NEWS_MENTIONS_SUPPLIER,0.7838,SYNTHETIC_DEMO
NEWS00397,SUP00397,NEWS_MENTIONS_SUPPLIER,0.6014,SYNTHETIC_DEMO
NEWS00398,SUP00398,NEWS_MENTIONS_SUPPLIER,0.5581,SYNTHETIC_DEMO
NEWS00399,SUP00399,NEWS_MENTIONS_SUPPLIER,0.6252,SYNTHETIC_DEMO
NEWS00400,SUP00400,NEWS_MENTIONS_SUPPLIER,0.7901,SYNTHETIC_DEMO
NEWS00401,SUP00401,NEWS_MENTIONS_SUPPLIER,0.9868,SYNTHETIC_DEMO
NEWS00402,SUP00402,NEWS_MENTIONS_SUPPLIER,0.5373,SYNTHETIC_DEMO
NEWS00403,SUP00403,NEWS_MENTIONS_SUPPLIER,0.8165,SYNTHETIC_DEMO
NEWS00404,SUP00404,NEWS_MENTIONS_SUPPLIER,0.5109,SYNTHETIC_DEMO
NEWS00405,SUP00405,NEWS_MENTIONS_SUPPLIER,0.7335,SYNTHETIC_DEMO
NEWS00406,SUP00406,NEWS_MENTIONS_SUPPLIER,0.6188,SYNTHETIC_DEMO
NEWS00407,SUP00407,NEWS_MENTIONS_SUPPLIER,0.6776,SYNTHETIC_DEMO
NEWS00408,SUP00408,NEWS_MENTIONS_SUPPLIER,0.7381,SYNTHETIC_DEMO
NEWS00409,SUP00409,NEWS_MENTIONS_SUPPLIER,0.7447,SYNTHETIC_DEMO
NEWS00410,SUP00410,NEWS_MENTIONS_SUPPLIER,0.8278,SYNTHETIC_DEMO
NEWS00411,SUP00411,NEWS_MENTIONS_SUPPLIER,0.516,SYNTHETIC_DEMO
NEWS00412,SUP00412,NEWS_MENTIONS_SUPPLIER,0.5258,SYNTHETIC_DEMO
NEWS00413,SUP00413,NEWS_MENTIONS_SUPPLIER,0.804,SYNTHETIC_DEMO
NEWS00414,SUP00414,NEWS_MENTIONS_SUPPLIER,0.545,SYNTHETIC_DEMO
NEWS00415,SUP00415,NEWS_MENTIONS_SUPPLIER,0.5345,SYNTHETIC_DEMO
NEWS00416,SUP00416,NEWS_MENTIONS_SUPPLIER,0.6215,SYNTHETIC_DEMO
NEWS00417,SUP00417,NEWS_MENTIONS_SUPPLIER,0.5221,SYNTHETIC_DEMO
NEWS00418,SUP00418,NEWS_MENTIONS_SUPPLIER,0.9134,SYNTHETIC_DEMO
NEWS00419,SUP00419,NEWS_MENTIONS_SUPPLIER,0.5747,SYNTHETIC_DEMO
NEWS00420,SUP00420,NEWS_MENTIONS_SUPPLIER,0.5872,SYNTHETIC_DEMO
NEWS00421,SUP00421,NEWS_MENTIONS_SUPPLIER,0.5565,SYNTHETIC_DEMO
NEWS00422,SUP00422,NEWS_MENTIONS_SUPPLIER,0.9933,SYNTHETIC_DEMO
NEWS00423,SUP00423,NEWS_MENTIONS_SUPPLIER,0.568,SYNTHETIC_DEMO
NEWS00424,SUP00424,NEWS_MENTIONS_SUPPLIER,0.5776,SYNTHETIC_DEMO
NEWS00425,SUP00425,NEWS_MENTIONS_SUPPLIER,0.923,SYNTHETIC_DEMO
NEWS00426,SUP00426,NEWS_MENTIONS_SUPPLIER,0.6923,SYNTHETIC_DEMO
NEWS00427,SUP00427,NEWS_MENTIONS_SUPPLIER,0.9917,SYNTHETIC_DEMO
NEWS00428,SUP00428,NEWS_MENTIONS_SUPPLIER,0.5337,SYNTHETIC_DEMO
NEWS00429,SUP00429,NEWS_MENTIONS_SUPPLIER,0.7547,SYNTHETIC_DEMO
NEWS00430,SUP00430,NEWS_MENTIONS_SUPPLIER,0.9897,SYNTHETIC_DEMO
NEWS00431,SUP00431,NEWS_MENTIONS_SUPPLIER,0.7811,SYNTHETIC_DEMO
NEWS00432,SUP00432,NEWS_MENTIONS_SUPPLIER,0.6247,SYNTHETIC_DEMO
NEWS00433,SUP00433,NEWS_MENTIONS_SUPPLIER,0.9583,SYNTHETIC_DEMO
NEWS00434,SUP00434,NEWS_MENTIONS_SUPPLIER,0.9756,SYNTHETIC_DEMO
NEWS00435,SUP00435,NEWS_MENTIONS_SUPPLIER,0.8036,SYNTHETIC_DEMO
NEWS00436,SUP00436,NEWS_MENTIONS_SUPPLIER,0.9914,SYNTHETIC_DEMO
NEWS00437,SUP00437,NEWS_MENTIONS_SUPPLIER,0.5955,SYNTHETIC_DEMO
NEWS00438,SUP00438,NEWS_MENTIONS_SUPPLIER,0.7356,SYNTHETIC_DEMO
NEWS00439,SUP00439,NEWS_MENTIONS_SUPPLIER,0.8548,SYNTHETIC_DEMO
NEWS00440,SUP00440,NEWS_MENTIONS_SUPPLIER,0.8765,SYNTHETIC_DEMO
NEWS00441,SUP00441,NEWS_MENTIONS_SUPPLIER,0.6991,SYNTHETIC_DEMO
NEWS00442,SUP00442,NEWS_MENTIONS_SUPPLIER,0.8425,SYNTHETIC_DEMO
NEWS00443,SUP00443,NEWS_MENTIONS_SUPPLIER,0.7624,SYNTHETIC_DEMO
NEWS00444,SUP00444,NEWS_MENTIONS_SUPPLIER,0.6704,SYNTHETIC_DEMO
NEWS00445,SUP00445,NEWS_MENTIONS_SUPPLIER,0.9383,SYNTHETIC_DEMO
NEWS00446,SUP00446,NEWS_MENTIONS_SUPPLIER,0.874,SYNTHETIC_DEMO
NEWS00447,SUP00447,NEWS_MENTIONS_SUPPLIER,0.7029,SYNTHETIC_DEMO
NEWS00448,SUP00448,NEWS_MENTIONS_SUPPLIER,0.9018,SYNTHETIC_DEMO
NEWS00449,SUP00449,NEWS_MENTIONS_SUPPLIER,0.9421,SYNTHETIC_DEMO
NEWS00450,SUP00450,NEWS_MENTIONS_SUPPLIER,0.7156,SYNTHETIC_DEMO
NEWS00451,SUP00451,NEWS_MENTIONS_SUPPLIER,0.7636,SYNTHETIC_DEMO
NEWS00452,SUP00452,NEWS_MENTIONS_SUPPLIER,0.5471,SYNTHETIC_DEMO
NEWS00453,SUP00453,NEWS_MENTIONS_SUPPLIER,0.7259,SYNTHETIC_DEMO
NEWS00454,SUP00454,NEWS_MENTIONS_SUPPLIER,0.5607,SYNTHETIC_DEMO
NEWS00455,SUP00455,NEWS_MENTIONS_SUPPLIER,0.8839,SYNTHETIC_DEMO
NEWS00456,SUP00456,NEWS_MENTIONS_SUPPLIER,0.7726,SYNTHETIC_DEMO
NEWS00457,SUP00457,NEWS_MENTIONS_SUPPLIER,0.9077,SYNTHETIC_DEMO
NEWS00458,SUP00458,NEWS_MENTIONS_SUPPLIER,0.5735,SYNTHETIC_DEMO
NEWS00459,SUP00459,NEWS_MENTIONS_SUPPLIER,0.6566,SYNTHETIC_DEMO
NEWS00460,SUP00460,NEWS_MENTIONS_SUPPLIER,0.8423,SYNTHETIC_DEMO
NEWS00461,SUP00461,NEWS_MENTIONS_SUPPLIER,0.5028,SYNTHETIC_DEMO
NEWS00462,SUP00462,NEWS_MENTIONS_SUPPLIER,0.6706,SYNTHETIC_DEMO
NEWS00463,SUP00463,NEWS_MENTIONS_SUPPLIER,0.9709,SYNTHETIC_DEMO
NEWS00464,SUP00464,NEWS_MENTIONS_SUPPLIER,0.6477,SYNTHETIC_DEMO
NEWS00465,SUP00465,NEWS_MENTIONS_SUPPLIER,0.9861,SYNTHETIC_DEMO
NEWS00466,SUP00466,NEWS_MENTIONS_SUPPLIER,0.8379,SYNTHETIC_DEMO
NEWS00467,SUP00467,NEWS_MENTIONS_SUPPLIER,0.9019,SYNTHETIC_DEMO
NEWS00468,SUP00468,NEWS_MENTIONS_SUPPLIER,0.6219,SYNTHETIC_DEMO
NEWS00469,SUP00469,NEWS_MENTIONS_SUPPLIER,0.7273,SYNTHETIC_DEMO
NEWS00470,SUP00470,NEWS_MENTIONS_SUPPLIER,0.8356,SYNTHETIC_DEMO
NEWS00471,SUP00471,NEWS_MENTIONS_SUPPLIER,0.9189,SYNTHETIC_DEMO
NEWS00472,SUP00472,NEWS_MENTIONS_SUPPLIER,0.9785,SYNTHETIC_DEMO
NEWS00473,SUP00473,NEWS_MENTIONS_SUPPLIER,0.7682,SYNTHETIC_DEMO
NEWS00474,SUP00474,NEWS_MENTIONS_SUPPLIER,0.7537,SYNTHETIC_DEMO
NEWS00475,SUP00475,NEWS_MENTIONS_SUPPLIER,0.7301,SYNTHETIC_DEMO
NEWS00476,SUP00476,NEWS_MENTIONS_SUPPLIER,0.8177,SYNTHETIC_DEMO
NEWS00477,SUP00477,NEWS_MENTIONS_SUPPLIER,0.8731,SYNTHETIC_DEMO
NEWS00478,SUP00478,NEWS_MENTIONS_SUPPLIER,0.9035,SYNTHETIC_DEMO
NEWS00479,SUP00479,NEWS_MENTIONS_SUPPLIER,0.8647,SYNTHETIC_DEMO
NEWS00480,SUP00480,NEWS_MENTIONS_SUPPLIER,0.7018,SYNTHETIC_DEMO
NEWS00481,SUP00481,NEWS_MENTIONS_SUPPLIER,0.8077,SYNTHETIC_DEMO
NEWS00482,SUP00482,NEWS_MENTIONS_SUPPLIER,0.9658,SYNTHETIC_DEMO
NEWS00483,SUP00483,NEWS_MENTIONS_SUPPLIER,0.5473,SYNTHETIC_DEMO
NEWS00484,SUP00484,NEWS_MENTIONS_SUPPLIER,0.8493,SYNTHETIC_DEMO
NEWS00485,SUP00485,NEWS_MENTIONS_SUPPLIER,0.949,SYNTHETIC_DEMO
NEWS00486,SUP00486,NEWS_MENTIONS_SUPPLIER,0.6209,SYNTHETIC_DEMO
NEWS00487,SUP00487,NEWS_MENTIONS_SUPPLIER,0.558,SYNTHETIC_DEMO
NEWS00488,SUP00488,NEWS_MENTIONS_SUPPLIER,0.8111,SYNTHETIC_DEMO
NEWS00489,SUP00489,NEWS_MENTIONS_SUPPLIER,0.518,SYNTHETIC_DEMO
NEWS00490,SUP00490,NEWS_MENTIONS_SUPPLIER,0.9646,SYNTHETIC_DEMO
NEWS00491,SUP00491,NEWS_MENTIONS_SUPPLIER,0.9435,SYNTHETIC_DEMO
NEWS00492,SUP00492,NEWS_MENTIONS_SUPPLIER,0.8412,SYNTHETIC_DEMO
NEWS00493,SUP00493,NEWS_MENTIONS_SUPPLIER,0.933,SYNTHETIC_DEMO
NEWS00494,SUP00494,NEWS_MENTIONS_SUPPLIER,0.7248,SYNTHETIC_DEMO
NEWS00495,SUP00495,NEWS_MENTIONS_SUPPLIER,0.6173,SYNTHETIC_DEMO
NEWS00496,SUP00496,NEWS_MENTIONS_SUPPLIER,0.5215,SYNTHETIC_DEMO
NEWS00497,SUP00497,NEWS_MENTIONS_SUPPLIER,0.7232,SYNTHETIC_DEMO
NEWS00498,SUP00498,NEWS_MENTIONS_SUPPLIER,0.6476,SYNTHETIC_DEMO
NEWS00499,SUP00499,NEWS_MENTIONS_SUPPLIER,0.8497,SYNTHETIC_DEMO
NEWS00500,SUP00500,NEWS_MENTIONS_SUPPLIER,0.736,SYNTHETIC_DEMO
NEWS00501,SUP00501,NEWS_MENTIONS_SUPPLIER,0.9672,SYNTHETIC_DEMO
NEWS00502,SUP00502,NEWS_MENTIONS_SUPPLIER,0.9449,SYNTHETIC_DEMO
NEWS00503,SUP00503,NEWS_MENTIONS_SUPPLIER,0.9338,SYNTHETIC_DEMO
NEWS00504,SUP00504,NEWS_MENTIONS_SUPPLIER,0.6947,SYNTHETIC_DEMO
NEWS00505,SUP00505,NEWS_MENTIONS_SUPPLIER,0.6009,SYNTHETIC_DEMO
NEWS00506,SUP00506,NEWS_MENTIONS_SUPPLIER,0.8062,SYNTHETIC_DEMO
NEWS00507,SUP00507,NEWS_MENTIONS_SUPPLIER,0.868,SYNTHETIC_DEMO
NEWS00508,SUP00508,NEWS_MENTIONS_SUPPLIER,0.9666,SYNTHETIC_DEMO
NEWS00509,SUP00509,NEWS_MENTIONS_SUPPLIER,0.5215,SYNTHETIC_DEMO
NEWS00510,SUP00510,NEWS_MENTIONS_SUPPLIER,0.5508,SYNTHETIC_DEMO
NEWS00511,SUP00511,NEWS_MENTIONS_SUPPLIER,0.7813,SYNTHETIC_DEMO
NEWS00512,SUP00512,NEWS_MENTIONS_SUPPLIER,0.5271,SYNTHETIC_DEMO
NEWS00513,SUP00513,NEWS_MENTIONS_SUPPLIER,0.6832,SYNTHETIC_DEMO
NEWS00514,SUP00514,NEWS_MENTIONS_SUPPLIER,0.7909,SYNTHETIC_DEMO
NEWS00515,SUP00515,NEWS_MENTIONS_SUPPLIER,0.5635,SYNTHETIC_DEMO
NEWS00516,SUP00516,NEWS_MENTIONS_SUPPLIER,0.5759,SYNTHETIC_DEMO
NEWS00517,SUP00517,NEWS_MENTIONS_SUPPLIER,0.7137,SYNTHETIC_DEMO
NEWS00518,SUP00518,NEWS_MENTIONS_SUPPLIER,0.5433,SYNTHETIC_DEMO
NEWS00519,SUP00519,NEWS_MENTIONS_SUPPLIER,0.831,SYNTHETIC_DEMO
NEWS00520,SUP00520,NEWS_MENTIONS_SUPPLIER,0.6787,SYNTHETIC_DEMO
NEWS00521,SUP00521,NEWS_MENTIONS_SUPPLIER,0.8452,SYNTHETIC_DEMO
NEWS00522,SUP00522,NEWS_MENTIONS_SUPPLIER,0.8708,SYNTHETIC_DEMO
NEWS00523,SUP00523,NEWS_MENTIONS_SUPPLIER,0.8219,SYNTHETIC_DEMO
NEWS00524,SUP00524,NEWS_MENTIONS_SUPPLIER,0.8619,SYNTHETIC_DEMO
NEWS00525,SUP00525,NEWS_MENTIONS_SUPPLIER,0.7582,SYNTHETIC_DEMO
NEWS00526,SUP00526,NEWS_MENTIONS_SUPPLIER,0.8644,SYNTHETIC_DEMO
NEWS00527,SUP00527,NEWS_MENTIONS_SUPPLIER,0.6042,SYNTHETIC_DEMO
NEWS00528,SUP00528,NEWS_MENTIONS_SUPPLIER,0.951,SYNTHETIC_DEMO
NEWS00529,SUP00529,NEWS_MENTIONS_SUPPLIER,0.512,SYNTHETIC_DEMO
NEWS00530,SUP00530,NEWS_MENTIONS_SUPPLIER,0.7344,SYNTHETIC_DEMO
NEWS00531,SUP00531,NEWS_MENTIONS_SUPPLIER,0.6299,SYNTHETIC_DEMO
NEWS00532,SUP00532,NEWS_MENTIONS_SUPPLIER,0.6398,SYNTHETIC_DEMO
NEWS00533,SUP00533,NEWS_MENTIONS_SUPPLIER,0.526,SYNTHETIC_DEMO
NEWS00534,SUP00534,NEWS_MENTIONS_SUPPLIER,0.7552,SYNTHETIC_DEMO
NEWS00535,SUP00535,NEWS_MENTIONS_SUPPLIER,0.9082,SYNTHETIC_DEMO
NEWS00536,SUP00536,NEWS_MENTIONS_SUPPLIER,0.8529,SYNTHETIC_DEMO
NEWS00537,SUP00537,NEWS_MENTIONS_SUPPLIER,0.6633,SYNTHETIC_DEMO
NEWS00538,SUP00538,NEWS_MENTIONS_SUPPLIER,0.971,SYNTHETIC_DEMO
NEWS00539,SUP00539,NEWS_MENTIONS_SUPPLIER,0.816,SYNTHETIC_DEMO
NEWS00540,SUP00540,NEWS_MENTIONS_SUPPLIER,0.982,SYNTHETIC_DEMO
NEWS00541,SUP00541,NEWS_MENTIONS_SUPPLIER,0.6367,SYNTHETIC_DEMO
NEWS00542,SUP00542,NEWS_MENTIONS_SUPPLIER,0.5112,SYNTHETIC_DEMO
NEWS00543,SUP00543,NEWS_MENTIONS_SUPPLIER,0.602,SYNTHETIC_DEMO
NEWS00544,SUP00544,NEWS_MENTIONS_SUPPLIER,0.7082,SYNTHETIC_DEMO
NEWS00545,SUP00545,NEWS_MENTIONS_SUPPLIER,0.7405,SYNTHETIC_DEMO
NEWS00546,SUP00546,NEWS_MENTIONS_SUPPLIER,0.8689,SYNTHETIC_DEMO
NEWS00547,SUP00547,NEWS_MENTIONS_SUPPLIER,0.632,SYNTHETIC_DEMO
NEWS00548,SUP00548,NEWS_MENTIONS_SUPPLIER,0.6862,SYNTHETIC_DEMO
NEWS00549,SUP00549,NEWS_MENTIONS_SUPPLIER,0.766,SYNTHETIC_DEMO
NEWS00550,SUP00550,NEWS_MENTIONS_SUPPLIER,0.5893,SYNTHETIC_DEMO
NEWS00551,SUP00551,NEWS_MENTIONS_SUPPLIER,0.9527,SYNTHETIC_DEMO
NEWS00552,SUP00552,NEWS_MENTIONS_SUPPLIER,0.5806,SYNTHETIC_DEMO
NEWS00553,SUP00553,NEWS_MENTIONS_SUPPLIER,0.6344,SYNTHETIC_DEMO
NEWS00554,SUP00554,NEWS_MENTIONS_SUPPLIER,0.8117,SYNTHETIC_DEMO
NEWS00555,SUP00555,NEWS_MENTIONS_SUPPLIER,0.7528,SYNTHETIC_DEMO
NEWS00556,SUP00556,NEWS_MENTIONS_SUPPLIER,0.8733,SYNTHETIC_DEMO
NEWS00557,SUP00557,NEWS_MENTIONS_SUPPLIER,0.8247,SYNTHETIC_DEMO
NEWS00558,SUP00558,NEWS_MENTIONS_SUPPLIER,0.706,SYNTHETIC_DEMO
NEWS00559,SUP00559,NEWS_MENTIONS_SUPPLIER,0.8552,SYNTHETIC_DEMO
NEWS00560,SUP00560,NEWS_MENTIONS_SUPPLIER,0.5353,SYNTHETIC_DEMO
NEWS00561,SUP00561,NEWS_MENTIONS_SUPPLIER,0.8856,SYNTHETIC_DEMO
NEWS00562,SUP00562,NEWS_MENTIONS_SUPPLIER,0.8038,SYNTHETIC_DEMO
NEWS00563,SUP00563,NEWS_MENTIONS_SUPPLIER,0.8516,SYNTHETIC_DEMO
NEWS00564,SUP00564,NEWS_MENTIONS_SUPPLIER,0.6544,SYNTHETIC_DEMO
NEWS00565,SUP00565,NEWS_MENTIONS_SUPPLIER,0.731,SYNTHETIC_DEMO
NEWS00566,SUP00566,NEWS_MENTIONS_SUPPLIER,0.6989,SYNTHETIC_DEMO
NEWS00567,SUP00567,NEWS_MENTIONS_SUPPLIER,0.671,SYNTHETIC_DEMO
NEWS00568,SUP00568,NEWS_MENTIONS_SUPPLIER,0.6257,SYNTHETIC_DEMO
NEWS00569,SUP00569,NEWS_MENTIONS_SUPPLIER,0.6892,SYNTHETIC_DEMO
NEWS00570,SUP00570,NEWS_MENTIONS_SUPPLIER,0.8034,SYNTHETIC_DEMO
NEWS00571,SUP00571,NEWS_MENTIONS_SUPPLIER,0.8906,SYNTHETIC_DEMO
NEWS00572,SUP00572,NEWS_MENTIONS_SUPPLIER,0.8798,SYNTHETIC_DEMO
NEWS00573,SUP00573,NEWS_MENTIONS_SUPPLIER,0.6381,SYNTHETIC_DEMO
NEWS00574,SUP00574,NEWS_MENTIONS_SUPPLIER,0.9583,SYNTHETIC_DEMO
NEWS00575,SUP00575,NEWS_MENTIONS_SUPPLIER,0.9837,SYNTHETIC_DEMO
NEWS00576,SUP00576,NEWS_MENTIONS_SUPPLIER,0.787,SYNTHETIC_DEMO
NEWS00577,SUP00577,NEWS_MENTIONS_SUPPLIER,0.7771,SYNTHETIC_DEMO
NEWS00578,SUP00578,NEWS_MENTIONS_SUPPLIER,0.5627,SYNTHETIC_DEMO
NEWS00579,SUP00579,NEWS_MENTIONS_SUPPLIER,0.5905,SYNTHETIC_DEMO
NEWS00580,SUP00580,NEWS_MENTIONS_SUPPLIER,0.9967,SYNTHETIC_DEMO
NEWS00581,SUP00581,NEWS_MENTIONS_SUPPLIER,0.7905,SYNTHETIC_DEMO
NEWS00582,SUP00582,NEWS_MENTIONS_SUPPLIER,0.5356,SYNTHETIC_DEMO
NEWS00583,SUP00583,NEWS_MENTIONS_SUPPLIER,0.8088,SYNTHETIC_DEMO
NEWS00584,SUP00584,NEWS_MENTIONS_SUPPLIER,0.9476,SYNTHETIC_DEMO
NEWS00585,SUP00585,NEWS_MENTIONS_SUPPLIER,0.666,SYNTHETIC_DEMO
NEWS00586,SUP00586,NEWS_MENTIONS_SUPPLIER,0.8397,SYNTHETIC_DEMO
NEWS00587,SUP00587,NEWS_MENTIONS_SUPPLIER,0.806,SYNTHETIC_DEMO
NEWS00588,SUP00588,NEWS_MENTIONS_SUPPLIER,0.9523,SYNTHETIC_DEMO
NEWS00589,SUP00589,NEWS_MENTIONS_SUPPLIER,0.8451,SYNTHETIC_DEMO
NEWS00590,SUP00590,NEWS_MENTIONS_SUPPLIER,0.5704,SYNTHETIC_DEMO
NEWS00591,SUP00591,NEWS_MENTIONS_SUPPLIER,0.8259,SYNTHETIC_DEMO
NEWS00592,SUP00592,NEWS_MENTIONS_SUPPLIER,0.8662,SYNTHETIC_DEMO
NEWS00593,SUP00593,NEWS_MENTIONS_SUPPLIER,0.8312,SYNTHETIC_DEMO
NEWS00594,SUP00594,NEWS_MENTIONS_SUPPLIER,0.9057,SYNTHETIC_DEMO
NEWS00595,SUP00595,NEWS_MENTIONS_SUPPLIER,0.6423,SYNTHETIC_DEMO
NEWS00596,SUP00596,NEWS_MENTIONS_SUPPLIER,0.8479,SYNTHETIC_DEMO
NEWS00597,SUP00597,NEWS_MENTIONS_SUPPLIER,0.5647,SYNTHETIC_DEMO
NEWS00598,SUP00598,NEWS_MENTIONS_SUPPLIER,0.6665,SYNTHETIC_DEMO
NEWS00599,SUP00599,NEWS_MENTIONS_SUPPLIER,0.6619,SYNTHETIC_DEMO
NEWS00600,SUP00600,NEWS_MENTIONS_SUPPLIER,0.6238,SYNTHETIC_DEMO
NEWS00601,SUP00601,NEWS_MENTIONS_SUPPLIER,0.7386,SYNTHETIC_DEMO
NEWS00602,SUP00602,NEWS_MENTIONS_SUPPLIER,0.8972,SYNTHETIC_DEMO
NEWS00603,SUP00603,NEWS_MENTIONS_SUPPLIER,0.6162,SYNTHETIC_DEMO
NEWS00604,SUP00604,NEWS_MENTIONS_SUPPLIER,0.5244,SYNTHETIC_DEMO
NEWS00605,SUP00605,NEWS_MENTIONS_SUPPLIER,0.5307,SYNTHETIC_DEMO
NEWS00606,SUP00606,NEWS_MENTIONS_SUPPLIER,0.7506,SYNTHETIC_DEMO
NEWS00607,SUP00607,NEWS_MENTIONS_SUPPLIER,0.9642,SYNTHETIC_DEMO
NEWS00608,SUP00608,NEWS_MENTIONS_SUPPLIER,0.8212,SYNTHETIC_DEMO
NEWS00609,SUP00609,NEWS_MENTIONS_SUPPLIER,0.6603,SYNTHETIC_DEMO
NEWS00610,SUP00610,NEWS_MENTIONS_SUPPLIER,0.8968,SYNTHETIC_DEMO
NEWS00611,SUP00611,NEWS_MENTIONS_SUPPLIER,0.7862,SYNTHETIC_DEMO
NEWS00612,SUP00612,NEWS_MENTIONS_SUPPLIER,0.9235,SYNTHETIC_DEMO
NEWS00613,SUP00613,NEWS_MENTIONS_SUPPLIER,0.5406,SYNTHETIC_DEMO
NEWS00614,SUP00614,NEWS_MENTIONS_SUPPLIER,0.9093,SYNTHETIC_DEMO
NEWS00615,SUP00615,NEWS_MENTIONS_SUPPLIER,0.8885,SYNTHETIC_DEMO
NEWS00616,SUP00616,NEWS_MENTIONS_SUPPLIER,0.9079,SYNTHETIC_DEMO
NEWS00617,SUP00617,NEWS_MENTIONS_SUPPLIER,0.6354,SYNTHETIC_DEMO
NEWS00618,SUP00618,NEWS_MENTIONS_SUPPLIER,0.9242,SYNTHETIC_DEMO
NEWS00619,SUP00619,NEWS_MENTIONS_SUPPLIER,0.5953,SYNTHETIC_DEMO
NEWS00620,SUP00620,NEWS_MENTIONS_SUPPLIER,0.6893,SYNTHETIC_DEMO
NEWS00621,SUP00621,NEWS_MENTIONS_SUPPLIER,0.6184,SYNTHETIC_DEMO
NEWS00622,SUP00622,NEWS_MENTIONS_SUPPLIER,0.6308,SYNTHETIC_DEMO
NEWS00623,SUP00623,NEWS_MENTIONS_SUPPLIER,0.673,SYNTHETIC_DEMO
NEWS00624,SUP00624,NEWS_MENTIONS_SUPPLIER,0.5924,SYNTHETIC_DEMO
NEWS00625,SUP00625,NEWS_MENTIONS_SUPPLIER,0.8427,SYNTHETIC_DEMO
NEWS00626,SUP00626,NEWS_MENTIONS_SUPPLIER,0.6652,SYNTHETIC_DEMO
NEWS00627,SUP00627,NEWS_MENTIONS_SUPPLIER,0.8964,SYNTHETIC_DEMO
NEWS00628,SUP00628,NEWS_MENTIONS_SUPPLIER,0.5528,SYNTHETIC_DEMO
NEWS00629,SUP00629,NEWS_MENTIONS_SUPPLIER,0.6522,SYNTHETIC_DEMO
NEWS00630,SUP00630,NEWS_MENTIONS_SUPPLIER,0.9393,SYNTHETIC_DEMO
NEWS00631,SUP00631,NEWS_MENTIONS_SUPPLIER,0.8314,SYNTHETIC_DEMO
NEWS00632,SUP00632,NEWS_MENTIONS_SUPPLIER,0.8813,SYNTHETIC_DEMO
NEWS00633,SUP00633,NEWS_MENTIONS_SUPPLIER,0.9342,SYNTHETIC_DEMO
NEWS00634,SUP00634,NEWS_MENTIONS_SUPPLIER,0.8529,SYNTHETIC_DEMO
NEWS00635,SUP00635,NEWS_MENTIONS_SUPPLIER,0.5166,SYNTHETIC_DEMO
NEWS00636,SUP00636,NEWS_MENTIONS_SUPPLIER,0.7382,SYNTHETIC_DEMO
NEWS00637,SUP00637,NEWS_MENTIONS_SUPPLIER,0.9967,SYNTHETIC_DEMO
NEWS00638,SUP00638,NEWS_MENTIONS_SUPPLIER,0.5917,SYNTHETIC_DEMO
NEWS00639,SUP00639,NEWS_MENTIONS_SUPPLIER,0.9067,SYNTHETIC_DEMO
NEWS00640,SUP00640,NEWS_MENTIONS_SUPPLIER,0.8878,SYNTHETIC_DEMO
NEWS00641,SUP00641,NEWS_MENTIONS_SUPPLIER,0.8838,SYNTHETIC_DEMO
NEWS00642,SUP00642,NEWS_MENTIONS_SUPPLIER,0.8081,SYNTHETIC_DEMO
NEWS00643,SUP00643,NEWS_MENTIONS_SUPPLIER,0.9907,SYNTHETIC_DEMO
NEWS00644,SUP00644,NEWS_MENTIONS_SUPPLIER,0.9418,SYNTHETIC_DEMO
NEWS00645,SUP00645,NEWS_MENTIONS_SUPPLIER,0.7986,SYNTHETIC_DEMO
NEWS00646,SUP00646,NEWS_MENTIONS_SUPPLIER,0.8313,SYNTHETIC_DEMO
NEWS00647,SUP00647,NEWS_MENTIONS_SUPPLIER,0.5812,SYNTHETIC_DEMO
NEWS00648,SUP00648,NEWS_MENTIONS_SUPPLIER,0.9092,SYNTHETIC_DEMO
NEWS00649,SUP00649,NEWS_MENTIONS_SUPPLIER,0.7876,SYNTHETIC_DEMO
NEWS00650,SUP00650,NEWS_MENTIONS_SUPPLIER,0.897,SYNTHETIC_DEMO
NEWS00651,SUP00651,NEWS_MENTIONS_SUPPLIER,0.998,SYNTHETIC_DEMO
NEWS00652,SUP00652,NEWS_MENTIONS_SUPPLIER,0.6393,SYNTHETIC_DEMO
NEWS00653,SUP00653,NEWS_MENTIONS_SUPPLIER,0.6543,SYNTHETIC_DEMO
NEWS00654,SUP00654,NEWS_MENTIONS_SUPPLIER,0.6331,SYNTHETIC_DEMO
NEWS00655,SUP00655,NEWS_MENTIONS_SUPPLIER,0.7356,SYNTHETIC_DEMO
NEWS00656,SUP00656,NEWS_MENTIONS_SUPPLIER,0.7248,SYNTHETIC_DEMO
NEWS00657,SUP00657,NEWS_MENTIONS_SUPPLIER,0.5392,SYNTHETIC_DEMO
NEWS00658,SUP00658,NEWS_MENTIONS_SUPPLIER,0.9612,SYNTHETIC_DEMO
NEWS00659,SUP00659,NEWS_MENTIONS_SUPPLIER,0.8987,SYNTHETIC_DEMO
NEWS00660,SUP00660,NEWS_MENTIONS_SUPPLIER,0.863,SYNTHETIC_DEMO
NEWS00661,SUP00661,NEWS_MENTIONS_SUPPLIER,0.7201,SYNTHETIC_DEMO
NEWS00662,SUP00662,NEWS_MENTIONS_SUPPLIER,0.9433,SYNTHETIC_DEMO
NEWS00663,SUP00663,NEWS_MENTIONS_SUPPLIER,0.9608,SYNTHETIC_DEMO
NEWS00664,SUP00664,NEWS_MENTIONS_SUPPLIER,0.6446,SYNTHETIC_DEMO
NEWS00665,SUP00665,NEWS_MENTIONS_SUPPLIER,0.7856,SYNTHETIC_DEMO
NEWS00666,SUP00666,NEWS_MENTIONS_SUPPLIER,0.8881,SYNTHETIC_DEMO
NEWS00667,SUP00667,NEWS_MENTIONS_SUPPLIER,0.9974,SYNTHETIC_DEMO
NEWS00668,SUP00668,NEWS_MENTIONS_SUPPLIER,0.8376,SYNTHETIC_DEMO
NEWS00669,SUP00669,NEWS_MENTIONS_SUPPLIER,0.6747,SYNTHETIC_DEMO
NEWS00670,SUP00670,NEWS_MENTIONS_SUPPLIER,0.9377,SYNTHETIC_DEMO
NEWS00671,SUP00671,NEWS_MENTIONS_SUPPLIER,0.6311,SYNTHETIC_DEMO
NEWS00672,SUP00672,NEWS_MENTIONS_SUPPLIER,0.985,SYNTHETIC_DEMO
NEWS00673,SUP00673,NEWS_MENTIONS_SUPPLIER,0.8941,SYNTHETIC_DEMO
NEWS00674,SUP00674,NEWS_MENTIONS_SUPPLIER,0.7582,SYNTHETIC_DEMO
NEWS00675,SUP00675,NEWS_MENTIONS_SUPPLIER,0.9378,SYNTHETIC_DEMO
NEWS00676,SUP00676,NEWS_MENTIONS_SUPPLIER,0.8947,SYNTHETIC_DEMO
NEWS00677,SUP00677,NEWS_MENTIONS_SUPPLIER,0.6101,SYNTHETIC_DEMO
NEWS00678,SUP00678,NEWS_MENTIONS_SUPPLIER,0.6978,SYNTHETIC_DEMO
NEWS00679,SUP00679,NEWS_MENTIONS_SUPPLIER,0.6859,SYNTHETIC_DEMO
NEWS00680,SUP00680,NEWS_MENTIONS_SUPPLIER,0.8199,SYNTHETIC_DEMO
NEWS00681,SUP00681,NEWS_MENTIONS_SUPPLIER,0.5071,SYNTHETIC_DEMO
NEWS00682,SUP00682,NEWS_MENTIONS_SUPPLIER,0.8571,SYNTHETIC_DEMO
NEWS00683,SUP00683,NEWS_MENTIONS_SUPPLIER,0.5449,SYNTHETIC_DEMO
NEWS00684,SUP00684,NEWS_MENTIONS_SUPPLIER,0.8734,SYNTHETIC_DEMO
NEWS00685,SUP00685,NEWS_MENTIONS_SUPPLIER,0.8012,SYNTHETIC_DEMO
NEWS00686,SUP00686,NEWS_MENTIONS_SUPPLIER,0.5604,SYNTHETIC_DEMO
NEWS00687,SUP00687,NEWS_MENTIONS_SUPPLIER,0.9001,SYNTHETIC_DEMO
NEWS00688,SUP00688,NEWS_MENTIONS_SUPPLIER,0.9636,SYNTHETIC_DEMO
NEWS00689,SUP00689,NEWS_MENTIONS_SUPPLIER,0.9469,SYNTHETIC_DEMO
NEWS00690,SUP00690,NEWS_MENTIONS_SUPPLIER,0.6722,SYNTHETIC_DEMO
NEWS00691,SUP00691,NEWS_MENTIONS_SUPPLIER,0.8589,SYNTHETIC_DEMO
NEWS00692,SUP00692,NEWS_MENTIONS_SUPPLIER,0.9012,SYNTHETIC_DEMO
NEWS00693,SUP00693,NEWS_MENTIONS_SUPPLIER,0.7831,SYNTHETIC_DEMO
NEWS00694,SUP00694,NEWS_MENTIONS_SUPPLIER,0.8142,SYNTHETIC_DEMO
NEWS00695,SUP00695,NEWS_MENTIONS_SUPPLIER,0.5778,SYNTHETIC_DEMO
NEWS00696,SUP00696,NEWS_MENTIONS_SUPPLIER,0.9791,SYNTHETIC_DEMO
NEWS00697,SUP00697,NEWS_MENTIONS_SUPPLIER,0.7253,SYNTHETIC_DEMO
NEWS00698,SUP00698,NEWS_MENTIONS_SUPPLIER,0.8647,SYNTHETIC_DEMO
NEWS00699,SUP00699,NEWS_MENTIONS_SUPPLIER,0.9509,SYNTHETIC_DEMO
NEWS00700,SUP00700,NEWS_MENTIONS_SUPPLIER,0.7436,SYNTHETIC_DEMO
NEWS00701,SUP00701,NEWS_MENTIONS_SUPPLIER,0.6111,SYNTHETIC_DEMO
NEWS00702,SUP00702,NEWS_MENTIONS_SUPPLIER,0.5491,SYNTHETIC_DEMO
NEWS00703,SUP00703,NEWS_MENTIONS_SUPPLIER,0.7546,SYNTHETIC_DEMO
NEWS00704,SUP00704,NEWS_MENTIONS_SUPPLIER,0.7045,SYNTHETIC_DEMO
NEWS00705,SUP00705,NEWS_MENTIONS_SUPPLIER,0.8598,SYNTHETIC_DEMO
NEWS00706,SUP00706,NEWS_MENTIONS_SUPPLIER,0.921,SYNTHETIC_DEMO
NEWS00707,SUP00707,NEWS_MENTIONS_SUPPLIER,0.9866,SYNTHETIC_DEMO
NEWS00708,SUP00708,NEWS_MENTIONS_SUPPLIER,0.5464,SYNTHETIC_DEMO
NEWS00709,SUP00709,NEWS_MENTIONS_SUPPLIER,0.5867,SYNTHETIC_DEMO
NEWS00710,SUP00710,NEWS_MENTIONS_SUPPLIER,0.9187,SYNTHETIC_DEMO
NEWS00711,SUP00711,NEWS_MENTIONS_SUPPLIER,0.74,SYNTHETIC_DEMO
NEWS00712,SUP00712,NEWS_MENTIONS_SUPPLIER,0.8806,SYNTHETIC_DEMO
NEWS00713,SUP00713,NEWS_MENTIONS_SUPPLIER,0.5894,SYNTHETIC_DEMO
NEWS00714,SUP00714,NEWS_MENTIONS_SUPPLIER,0.9993,SYNTHETIC_DEMO
NEWS00715,SUP00715,NEWS_MENTIONS_SUPPLIER,0.7855,SYNTHETIC_DEMO
NEWS00716,SUP00716,NEWS_MENTIONS_SUPPLIER,0.812,SYNTHETIC_DEMO
NEWS00717,SUP00717,NEWS_MENTIONS_SUPPLIER,0.8405,SYNTHETIC_DEMO
NEWS00718,SUP00718,NEWS_MENTIONS_SUPPLIER,0.8837,SYNTHETIC_DEMO
NEWS00719,SUP00719,NEWS_MENTIONS_SUPPLIER,0.8514,SYNTHETIC_DEMO
NEWS00720,SUP00720,NEWS_MENTIONS_SUPPLIER,0.8522,SYNTHETIC_DEMO
NEWS00721,SUP00721,NEWS_MENTIONS_SUPPLIER,0.7823,SYNTHETIC_DEMO
NEWS00722,SUP00722,NEWS_MENTIONS_SUPPLIER,0.9743,SYNTHETIC_DEMO
NEWS00723,SUP00723,NEWS_MENTIONS_SUPPLIER,0.9012,SYNTHETIC_DEMO
NEWS00724,SUP00724,NEWS_MENTIONS_SUPPLIER,0.6407,SYNTHETIC_DEMO
NEWS00725,SUP00725,NEWS_MENTIONS_SUPPLIER,0.9693,SYNTHETIC_DEMO
NEWS00726,SUP00726,NEWS_MENTIONS_SUPPLIER,0.7937,SYNTHETIC_DEMO
NEWS00727,SUP00727,NEWS_MENTIONS_SUPPLIER,0.8693,SYNTHETIC_DEMO
NEWS00728,SUP00728,NEWS_MENTIONS_SUPPLIER,0.6163,SYNTHETIC_DEMO
NEWS00729,SUP00729,NEWS_MENTIONS_SUPPLIER,0.776,SYNTHETIC_DEMO
NEWS00730,SUP00730,NEWS_MENTIONS_SUPPLIER,0.883,SYNTHETIC_DEMO
NEWS00731,SUP00731,NEWS_MENTIONS_SUPPLIER,0.7534,SYNTHETIC_DEMO
NEWS00732,SUP00732,NEWS_MENTIONS_SUPPLIER,0.6938,SYNTHETIC_DEMO
NEWS00733,SUP00733,NEWS_MENTIONS_SUPPLIER,0.7994,SYNTHETIC_DEMO
NEWS00734,SUP00734,NEWS_MENTIONS_SUPPLIER,0.5034,SYNTHETIC_DEMO
NEWS00735,SUP00735,NEWS_MENTIONS_SUPPLIER,0.715,SYNTHETIC_DEMO
NEWS00736,SUP00736,NEWS_MENTIONS_SUPPLIER,0.9731,SYNTHETIC_DEMO
NEWS00737,SUP00737,NEWS_MENTIONS_SUPPLIER,0.6699,SYNTHETIC_DEMO
NEWS00738,SUP00738,NEWS_MENTIONS_SUPPLIER,0.7008,SYNTHETIC_DEMO
NEWS00739,SUP00739,NEWS_MENTIONS_SUPPLIER,0.6615,SYNTHETIC_DEMO
NEWS00740,SUP00740,NEWS_MENTIONS_SUPPLIER,0.7636,SYNTHETIC_DEMO
NEWS00741,SUP00741,NEWS_MENTIONS_SUPPLIER,0.5894,SYNTHETIC_DEMO
NEWS00742,SUP00742,NEWS_MENTIONS_SUPPLIER,0.8144,SYNTHETIC_DEMO
NEWS00743,SUP00743,NEWS_MENTIONS_SUPPLIER,0.9192,SYNTHETIC_DEMO
NEWS00744,SUP00744,NEWS_MENTIONS_SUPPLIER,0.8149,SYNTHETIC_DEMO
NEWS00745,SUP00745,NEWS_MENTIONS_SUPPLIER,0.8671,SYNTHETIC_DEMO
NEWS00746,SUP00746,NEWS_MENTIONS_SUPPLIER,0.5466,SYNTHETIC_DEMO
NEWS00747,SUP00747,NEWS_MENTIONS_SUPPLIER,0.6893,SYNTHETIC_DEMO
NEWS00748,SUP00748,NEWS_MENTIONS_SUPPLIER,0.8304,SYNTHETIC_DEMO
NEWS00749,SUP00749,NEWS_MENTIONS_SUPPLIER,0.6416,SYNTHETIC_DEMO
NEWS00750,SUP00750,NEWS_MENTIONS_SUPPLIER,0.8378,SYNTHETIC_DEMO
NEWS00751,SUP00751,NEWS_MENTIONS_SUPPLIER,0.7485,SYNTHETIC_DEMO
NEWS00752,SUP00752,NEWS_MENTIONS_SUPPLIER,0.8215,SYNTHETIC_DEMO
NEWS00753,SUP00753,NEWS_MENTIONS_SUPPLIER,0.9815,SYNTHETIC_DEMO
NEWS00754,SUP00754,NEWS_MENTIONS_SUPPLIER,0.7094,SYNTHETIC_DEMO
NEWS00755,SUP00755,NEWS_MENTIONS_SUPPLIER,0.7184,SYNTHETIC_DEMO
NEWS00756,SUP00756,NEWS_MENTIONS_SUPPLIER,0.9829,SYNTHETIC_DEMO
NEWS00757,SUP00757,NEWS_MENTIONS_SUPPLIER,0.5612,SYNTHETIC_DEMO
NEWS00758,SUP00758,NEWS_MENTIONS_SUPPLIER,0.7748,SYNTHETIC_DEMO
NEWS00759,SUP00759,NEWS_MENTIONS_SUPPLIER,0.8422,SYNTHETIC_DEMO
NEWS00760,SUP00760,NEWS_MENTIONS_SUPPLIER,0.5079,SYNTHETIC_DEMO
NEWS00761,SUP00761,NEWS_MENTIONS_SUPPLIER,0.5299,SYNTHETIC_DEMO
NEWS00762,SUP00762,NEWS_MENTIONS_SUPPLIER,0.8705,SYNTHETIC_DEMO
NEWS00763,SUP00763,NEWS_MENTIONS_SUPPLIER,0.7018,SYNTHETIC_DEMO
NEWS00764,SUP00764,NEWS_MENTIONS_SUPPLIER,0.8371,SYNTHETIC_DEMO
NEWS00765,SUP00765,NEWS_MENTIONS_SUPPLIER,0.6943,SYNTHETIC_DEMO
NEWS00766,SUP00766,NEWS_MENTIONS_SUPPLIER,0.9887,SYNTHETIC_DEMO
NEWS00767,SUP00767,NEWS_MENTIONS_SUPPLIER,0.6671,SYNTHETIC_DEMO
NEWS00768,SUP00768,NEWS_MENTIONS_SUPPLIER,0.8057,SYNTHETIC_DEMO
NEWS00769,SUP00769,NEWS_MENTIONS_SUPPLIER,0.6983,SYNTHETIC_DEMO
NEWS00770,SUP00770,NEWS_MENTIONS_SUPPLIER,0.6208,SYNTHETIC_DEMO
NEWS00771,SUP00771,NEWS_MENTIONS_SUPPLIER,0.908,SYNTHETIC_DEMO
NEWS00772,SUP00772,NEWS_MENTIONS_SUPPLIER,0.7889,SYNTHETIC_DEMO
NEWS00773,SUP00773,NEWS_MENTIONS_SUPPLIER,0.6929,SYNTHETIC_DEMO
NEWS00774,SUP00774,NEWS_MENTIONS_SUPPLIER,0.7479,SYNTHETIC_DEMO
NEWS00775,SUP00775,NEWS_MENTIONS_SUPPLIER,0.5247,SYNTHETIC_DEMO
NEWS00776,SUP00776,NEWS_MENTIONS_SUPPLIER,0.9213,SYNTHETIC_DEMO
NEWS00777,SUP00777,NEWS_MENTIONS_SUPPLIER,0.5823,SYNTHETIC_DEMO
NEWS00778,SUP00778,NEWS_MENTIONS_SUPPLIER,0.6409,SYNTHETIC_DEMO
NEWS00779,SUP00779,NEWS_MENTIONS_SUPPLIER,0.718,SYNTHETIC_DEMO
NEWS00780,SUP00780,NEWS_MENTIONS_SUPPLIER,0.9576,SYNTHETIC_DEMO
NEWS00781,SUP00781,NEWS_MENTIONS_SUPPLIER,0.6827,SYNTHETIC_DEMO
NEWS00782,SUP00782,NEWS_MENTIONS_SUPPLIER,0.7124,SYNTHETIC_DEMO
NEWS00783,SUP00783,NEWS_MENTIONS_SUPPLIER,0.7623,SYNTHETIC_DEMO
NEWS00784,SUP00784,NEWS_MENTIONS_SUPPLIER,0.6666,SYNTHETIC_DEMO
NEWS00785,SUP00785,NEWS_MENTIONS_SUPPLIER,0.5445,SYNTHETIC_DEMO
NEWS00786,SUP00786,NEWS_MENTIONS_SUPPLIER,0.8622,SYNTHETIC_DEMO
NEWS00787,SUP00787,NEWS_MENTIONS_SUPPLIER,0.8219,SYNTHETIC_DEMO
NEWS00788,SUP00788,NEWS_MENTIONS_SUPPLIER,0.8075,SYNTHETIC_DEMO
NEWS00789,SUP00789,NEWS_MENTIONS_SUPPLIER,0.6219,SYNTHETIC_DEMO
NEWS00790,SUP00790,NEWS_MENTIONS_SUPPLIER,0.8721,SYNTHETIC_DEMO
NEWS00791,SUP00791,NEWS_MENTIONS_SUPPLIER,0.8597,SYNTHETIC_DEMO
NEWS00792,SUP00792,NEWS_MENTIONS_SUPPLIER,0.6903,SYNTHETIC_DEMO
NEWS00793,SUP00793,NEWS_MENTIONS_SUPPLIER,0.5462,SYNTHETIC_DEMO
NEWS00794,SUP00794,NEWS_MENTIONS_SUPPLIER,0.8098,SYNTHETIC_DEMO
NEWS00795,SUP00795,NEWS_MENTIONS_SUPPLIER,0.9,SYNTHETIC_DEMO
NEWS00796,SUP00796,NEWS_MENTIONS_SUPPLIER,0.7289,SYNTHETIC_DEMO
NEWS00797,SUP00797,NEWS_MENTIONS_SUPPLIER,0.5082,SYNTHETIC_DEMO
NEWS00798,SUP00798,NEWS_MENTIONS_SUPPLIER,0.8898,SYNTHETIC_DEMO
NEWS00799,SUP00799,NEWS_MENTIONS_SUPPLIER,0.8031,SYNTHETIC_DEMO
NEWS00800,SUP00800,NEWS_MENTIONS_SUPPLIER,0.7535,SYNTHETIC_DEMO
NEWS00801,SUP00801,NEWS_MENTIONS_SUPPLIER,0.5635,SYNTHETIC_DEMO
NEWS00802,SUP00802,NEWS_MENTIONS_SUPPLIER,0.5115,SYNTHETIC_DEMO
NEWS00803,SUP00803,NEWS_MENTIONS_SUPPLIER,0.6906,SYNTHETIC_DEMO
NEWS00804,SUP00804,NEWS_MENTIONS_SUPPLIER,0.5802,SYNTHETIC_DEMO
NEWS00805,SUP00805,NEWS_MENTIONS_SUPPLIER,0.9475,SYNTHETIC_DEMO
NEWS00806,SUP00806,NEWS_MENTIONS_SUPPLIER,0.8062,SYNTHETIC_DEMO
NEWS00807,SUP00807,NEWS_MENTIONS_SUPPLIER,0.6256,SYNTHETIC_DEMO
NEWS00808,SUP00808,NEWS_MENTIONS_SUPPLIER,0.864,SYNTHETIC_DEMO
NEWS00809,SUP00809,NEWS_MENTIONS_SUPPLIER,0.5775,SYNTHETIC_DEMO
NEWS00810,SUP00810,NEWS_MENTIONS_SUPPLIER,0.8033,SYNTHETIC_DEMO
NEWS00811,SUP00811,NEWS_MENTIONS_SUPPLIER,0.7623,SYNTHETIC_DEMO
NEWS00812,SUP00812,NEWS_MENTIONS_SUPPLIER,0.8038,SYNTHETIC_DEMO
NEWS00813,SUP00813,NEWS_MENTIONS_SUPPLIER,0.965,SYNTHETIC_DEMO
NEWS00814,SUP00814,NEWS_MENTIONS_SUPPLIER,0.5419,SYNTHETIC_DEMO
NEWS00815,SUP00815,NEWS_MENTIONS_SUPPLIER,0.6636,SYNTHETIC_DEMO
NEWS00816,SUP00816,NEWS_MENTIONS_SUPPLIER,0.8437,SYNTHETIC_DEMO
NEWS00817,SUP00817,NEWS_MENTIONS_SUPPLIER,0.696,SYNTHETIC_DEMO
NEWS00818,SUP00818,NEWS_MENTIONS_SUPPLIER,0.8554,SYNTHETIC_DEMO
NEWS00819,SUP00819,NEWS_MENTIONS_SUPPLIER,0.7404,SYNTHETIC_DEMO
NEWS00820,SUP00820,NEWS_MENTIONS_SUPPLIER,0.8722,SYNTHETIC_DEMO
NEWS00821,SUP00821,NEWS_MENTIONS_SUPPLIER,0.7949,SYNTHETIC_DEMO
NEWS00822,SUP00822,NEWS_MENTIONS_SUPPLIER,0.6952,SYNTHETIC_DEMO
NEWS00823,SUP00823,NEWS_MENTIONS_SUPPLIER,0.6176,SYNTHETIC_DEMO
NEWS00824,SUP00824,NEWS_MENTIONS_SUPPLIER,0.9942,SYNTHETIC_DEMO
NEWS00825,SUP00825,NEWS_MENTIONS_SUPPLIER,0.986,SYNTHETIC_DEMO
NEWS00826,SUP00826,NEWS_MENTIONS_SUPPLIER,0.6605,SYNTHETIC_DEMO
NEWS00827,SUP00827,NEWS_MENTIONS_SUPPLIER,0.9033,SYNTHETIC_DEMO
NEWS00828,SUP00828,NEWS_MENTIONS_SUPPLIER,0.64,SYNTHETIC_DEMO
NEWS00829,SUP00829,NEWS_MENTIONS_SUPPLIER,0.8365,SYNTHETIC_DEMO
NEWS00830,SUP00830,NEWS_MENTIONS_SUPPLIER,0.6611,SYNTHETIC_DEMO
NEWS00831,SUP00831,NEWS_MENTIONS_SUPPLIER,0.9609,SYNTHETIC_DEMO
NEWS00832,SUP00832,NEWS_MENTIONS_SUPPLIER,0.7577,SYNTHETIC_DEMO
NEWS00833,SUP00833,NEWS_MENTIONS_SUPPLIER,0.7739,SYNTHETIC_DEMO
NEWS00834,SUP00834,NEWS_MENTIONS_SUPPLIER,0.9914,SYNTHETIC_DEMO
NEWS00835,SUP00835,NEWS_MENTIONS_SUPPLIER,0.7105,SYNTHETIC_DEMO
NEWS00836,SUP00836,NEWS_MENTIONS_SUPPLIER,0.5423,SYNTHETIC_DEMO
NEWS00837,SUP00837,NEWS_MENTIONS_SUPPLIER,0.5885,SYNTHETIC_DEMO
NEWS00838,SUP00838,NEWS_MENTIONS_SUPPLIER,0.9471,SYNTHETIC_DEMO
NEWS00839,SUP00839,NEWS_MENTIONS_SUPPLIER,0.7376,SYNTHETIC_DEMO
NEWS00840,SUP00840,NEWS_MENTIONS_SUPPLIER,0.9523,SYNTHETIC_DEMO
NEWS00841,SUP00841,NEWS_MENTIONS_SUPPLIER,0.9404,SYNTHETIC_DEMO
NEWS00842,SUP00842,NEWS_MENTIONS_SUPPLIER,0.7179,SYNTHETIC_DEMO
NEWS00843,SUP00843,NEWS_MENTIONS_SUPPLIER,0.5162,SYNTHETIC_DEMO
NEWS00844,SUP00844,NEWS_MENTIONS_SUPPLIER,0.6332,SYNTHETIC_DEMO
NEWS00845,SUP00845,NEWS_MENTIONS_SUPPLIER,0.9277,SYNTHETIC_DEMO
NEWS00846,SUP00846,NEWS_MENTIONS_SUPPLIER,0.7979,SYNTHETIC_DEMO
NEWS00847,SUP00847,NEWS_MENTIONS_SUPPLIER,0.9638,SYNTHETIC_DEMO
NEWS00848,SUP00848,NEWS_MENTIONS_SUPPLIER,0.5951,SYNTHETIC_DEMO
NEWS00849,SUP00849,NEWS_MENTIONS_SUPPLIER,0.9156,SYNTHETIC_DEMO
NEWS00850,SUP00850,NEWS_MENTIONS_SUPPLIER,0.6373,SYNTHETIC_DEMO
NEWS00851,SUP00851,NEWS_MENTIONS_SUPPLIER,0.922,SYNTHETIC_DEMO
NEWS00852,SUP00852,NEWS_MENTIONS_SUPPLIER,0.9068,SYNTHETIC_DEMO
NEWS00853,SUP00853,NEWS_MENTIONS_SUPPLIER,0.9529,SYNTHETIC_DEMO
NEWS00854,SUP00854,NEWS_MENTIONS_SUPPLIER,0.596,SYNTHETIC_DEMO
NEWS00855,SUP00855,NEWS_MENTIONS_SUPPLIER,0.5921,SYNTHETIC_DEMO
NEWS00856,SUP00856,NEWS_MENTIONS_SUPPLIER,0.6715,SYNTHETIC_DEMO
NEWS00857,SUP00857,NEWS_MENTIONS_SUPPLIER,0.6711,SYNTHETIC_DEMO
NEWS00858,SUP00858,NEWS_MENTIONS_SUPPLIER,0.8592,SYNTHETIC_DEMO
NEWS00859,SUP00859,NEWS_MENTIONS_SUPPLIER,0.5838,SYNTHETIC_DEMO
NEWS00860,SUP00860,NEWS_MENTIONS_SUPPLIER,0.7639,SYNTHETIC_DEMO
NEWS00861,SUP00861,NEWS_MENTIONS_SUPPLIER,0.9366,SYNTHETIC_DEMO
NEWS00862,SUP00862,NEWS_MENTIONS_SUPPLIER,0.7915,SYNTHETIC_DEMO
NEWS00863,SUP00863,NEWS_MENTIONS_SUPPLIER,0.7808,SYNTHETIC_DEMO
NEWS00864,SUP00864,NEWS_MENTIONS_SUPPLIER,0.8011,SYNTHETIC_DEMO
NEWS00865,SUP00865,NEWS_MENTIONS_SUPPLIER,0.7706,SYNTHETIC_DEMO
NEWS00866,SUP00866,NEWS_MENTIONS_SUPPLIER,0.9644,SYNTHETIC_DEMO
NEWS00867,SUP00867,NEWS_MENTIONS_SUPPLIER,0.5976,SYNTHETIC_DEMO
NEWS00868,SUP00868,NEWS_MENTIONS_SUPPLIER,0.8268,SYNTHETIC_DEMO
NEWS00869,SUP00869,NEWS_MENTIONS_SUPPLIER,0.5653,SYNTHETIC_DEMO
NEWS00870,SUP00870,NEWS_MENTIONS_SUPPLIER,0.684,SYNTHETIC_DEMO
NEWS00871,SUP00871,NEWS_MENTIONS_SUPPLIER,0.5532,SYNTHETIC_DEMO
NEWS00872,SUP00872,NEWS_MENTIONS_SUPPLIER,0.5178,SYNTHETIC_DEMO
NEWS00873,SUP00873,NEWS_MENTIONS_SUPPLIER,0.5884,SYNTHETIC_DEMO
NEWS00874,SUP00874,NEWS_MENTIONS_SUPPLIER,0.6059,SYNTHETIC_DEMO
NEWS00875,SUP00875,NEWS_MENTIONS_SUPPLIER,0.8324,SYNTHETIC_DEMO
NEWS00876,SUP00876,NEWS_MENTIONS_SUPPLIER,0.7765,SYNTHETIC_DEMO
NEWS00877,SUP00877,NEWS_MENTIONS_SUPPLIER,0.5122,SYNTHETIC_DEMO
NEWS00878,SUP00878,NEWS_MENTIONS_SUPPLIER,0.8447,SYNTHETIC_DEMO
NEWS00879,SUP00879,NEWS_MENTIONS_SUPPLIER,0.5775,SYNTHETIC_DEMO
NEWS00880,SUP00880,NEWS_MENTIONS_SUPPLIER,0.5491,SYNTHETIC_DEMO
NEWS00881,SUP00881,NEWS_MENTIONS_SUPPLIER,0.532,SYNTHETIC_DEMO
NEWS00882,SUP00882,NEWS_MENTIONS_SUPPLIER,0.6965,SYNTHETIC_DEMO
NEWS00883,SUP00883,NEWS_MENTIONS_SUPPLIER,0.8328,SYNTHETIC_DEMO
NEWS00884,SUP00884,NEWS_MENTIONS_SUPPLIER,0.6401,SYNTHETIC_DEMO
NEWS00885,SUP00885,NEWS_MENTIONS_SUPPLIER,0.7955,SYNTHETIC_DEMO
NEWS00886,SUP00886,NEWS_MENTIONS_SUPPLIER,0.8871,SYNTHETIC_DEMO
NEWS00887,SUP00887,NEWS_MENTIONS_SUPPLIER,0.5949,SYNTHETIC_DEMO
NEWS00888,SUP00888,NEWS_MENTIONS_SUPPLIER,0.9498,SYNTHETIC_DEMO
NEWS00889,SUP00889,NEWS_MENTIONS_SUPPLIER,0.8179,SYNTHETIC_DEMO
NEWS00890,SUP00890,NEWS_MENTIONS_SUPPLIER,0.828,SYNTHETIC_DEMO
NEWS00891,SUP00891,NEWS_MENTIONS_SUPPLIER,0.6278,SYNTHETIC_DEMO
NEWS00892,SUP00892,NEWS_MENTIONS_SUPPLIER,0.5069,SYNTHETIC_DEMO
NEWS00893,SUP00893,NEWS_MENTIONS_SUPPLIER,0.5919,SYNTHETIC_DEMO
NEWS00894,SUP00894,NEWS_MENTIONS_SUPPLIER,0.8012,SYNTHETIC_DEMO
NEWS00895,SUP00895,NEWS_MENTIONS_SUPPLIER,0.8793,SYNTHETIC_DEMO
NEWS00896,SUP00896,NEWS_MENTIONS_SUPPLIER,0.6869,SYNTHETIC_DEMO
NEWS00897,SUP00897,NEWS_MENTIONS_SUPPLIER,0.7866,SYNTHETIC_DEMO
NEWS00898,SUP00898,NEWS_MENTIONS_SUPPLIER,0.5935,SYNTHETIC_DEMO
NEWS00899,SUP00899,NEWS_MENTIONS_SUPPLIER,0.9186,SYNTHETIC_DEMO
NEWS00900,SUP00900,NEWS_MENTIONS_SUPPLIER,0.6179,SYNTHETIC_DEMO
NEWS00901,SUP00901,NEWS_MENTIONS_SUPPLIER,0.6815,SYNTHETIC_DEMO
NEWS00902,SUP00902,NEWS_MENTIONS_SUPPLIER,0.5388,SYNTHETIC_DEMO
NEWS00903,SUP00903,NEWS_MENTIONS_SUPPLIER,0.8234,SYNTHETIC_DEMO
NEWS00904,SUP00904,NEWS_MENTIONS_SUPPLIER,0.9439,SYNTHETIC_DEMO
NEWS00905,SUP00905,NEWS_MENTIONS_SUPPLIER,0.576,SYNTHETIC_DEMO
NEWS00906,SUP00906,NEWS_MENTIONS_SUPPLIER,0.8184,SYNTHETIC_DEMO
NEWS00907,SUP00907,NEWS_MENTIONS_SUPPLIER,0.9737,SYNTHETIC_DEMO
NEWS00908,SUP00908,NEWS_MENTIONS_SUPPLIER,0.9865,SYNTHETIC_DEMO
NEWS00909,SUP00909,NEWS_MENTIONS_SUPPLIER,0.7781,SYNTHETIC_DEMO
NEWS00910,SUP00910,NEWS_MENTIONS_SUPPLIER,0.5278,SYNTHETIC_DEMO
NEWS00911,SUP00911,NEWS_MENTIONS_SUPPLIER,0.5513,SYNTHETIC_DEMO
NEWS00912,SUP00912,NEWS_MENTIONS_SUPPLIER,0.8732,SYNTHETIC_DEMO
NEWS00913,SUP00913,NEWS_MENTIONS_SUPPLIER,0.9788,SYNTHETIC_DEMO
NEWS00914,SUP00914,NEWS_MENTIONS_SUPPLIER,0.5892,SYNTHETIC_DEMO
NEWS00915,SUP00915,NEWS_MENTIONS_SUPPLIER,0.778,SYNTHETIC_DEMO
NEWS00916,SUP00916,NEWS_MENTIONS_SUPPLIER,0.542,SYNTHETIC_DEMO
NEWS00917,SUP00917,NEWS_MENTIONS_SUPPLIER,0.7604,SYNTHETIC_DEMO
NEWS00918,SUP00918,NEWS_MENTIONS_SUPPLIER,0.5326,SYNTHETIC_DEMO
NEWS00919,SUP00919,NEWS_MENTIONS_SUPPLIER,0.5837,SYNTHETIC_DEMO
NEWS00920,SUP00920,NEWS_MENTIONS_SUPPLIER,0.9917,SYNTHETIC_DEMO
NEWS00921,SUP00921,NEWS_MENTIONS_SUPPLIER,0.8868,SYNTHETIC_DEMO
NEWS00922,SUP00922,NEWS_MENTIONS_SUPPLIER,0.9997,SYNTHETIC_DEMO
NEWS00923,SUP00923,NEWS_MENTIONS_SUPPLIER,0.5583,SYNTHETIC_DEMO
NEWS00924,SUP00924,NEWS_MENTIONS_SUPPLIER,0.8999,SYNTHETIC_DEMO
NEWS00925,SUP00925,NEWS_MENTIONS_SUPPLIER,0.58,SYNTHETIC_DEMO
NEWS00926,SUP00926,NEWS_MENTIONS_SUPPLIER,0.9997,SYNTHETIC_DEMO
NEWS00927,SUP00927,NEWS_MENTIONS_SUPPLIER,0.6309,SYNTHETIC_DEMO
NEWS00928,SUP00928,NEWS_MENTIONS_SUPPLIER,0.9711,SYNTHETIC_DEMO
NEWS00929,SUP00929,NEWS_MENTIONS_SUPPLIER,0.7654,SYNTHETIC_DEMO
NEWS00930,SUP00930,NEWS_MENTIONS_SUPPLIER,0.665,SYNTHETIC_DEMO
NEWS00931,SUP00931,NEWS_MENTIONS_SUPPLIER,0.5711,SYNTHETIC_DEMO
NEWS00932,SUP00932,NEWS_MENTIONS_SUPPLIER,0.994,SYNTHETIC_DEMO
NEWS00933,SUP00933,NEWS_MENTIONS_SUPPLIER,0.9113,SYNTHETIC_DEMO
NEWS00934,SUP00934,NEWS_MENTIONS_SUPPLIER,0.7414,SYNTHETIC_DEMO
NEWS00935,SUP00935,NEWS_MENTIONS_SUPPLIER,0.7864,SYNTHETIC_DEMO
NEWS00936,SUP00936,NEWS_MENTIONS_SUPPLIER,0.9253,SYNTHETIC_DEMO
NEWS00937,SUP00937,NEWS_MENTIONS_SUPPLIER,0.6361,SYNTHETIC_DEMO
NEWS00938,SUP00938,NEWS_MENTIONS_SUPPLIER,0.703,SYNTHETIC_DEMO
NEWS00939,SUP00939,NEWS_MENTIONS_SUPPLIER,0.9805,SYNTHETIC_DEMO
NEWS00940,SUP00940,NEWS_MENTIONS_SUPPLIER,0.9468,SYNTHETIC_DEMO
NEWS00941,SUP00941,NEWS_MENTIONS_SUPPLIER,0.7233,SYNTHETIC_DEMO
NEWS00942,SUP00942,NEWS_MENTIONS_SUPPLIER,0.7844,SYNTHETIC_DEMO
NEWS00943,SUP00943,NEWS_MENTIONS_SUPPLIER,0.7748,SYNTHETIC_DEMO
NEWS00944,SUP00944,NEWS_MENTIONS_SUPPLIER,0.5785,SYNTHETIC_DEMO
NEWS00945,SUP00945,NEWS_MENTIONS_SUPPLIER,0.8435,SYNTHETIC_DEMO
NEWS00946,SUP00946,NEWS_MENTIONS_SUPPLIER,0.5671,SYNTHETIC_DEMO
NEWS00947,SUP00947,NEWS_MENTIONS_SUPPLIER,0.7298,SYNTHETIC_DEMO
NEWS00948,SUP00948,NEWS_MENTIONS_SUPPLIER,0.8959,SYNTHETIC_DEMO
NEWS00949,SUP00949,NEWS_MENTIONS_SUPPLIER,0.78,SYNTHETIC_DEMO
NEWS00950,SUP00950,NEWS_MENTIONS_SUPPLIER,0.6069,SYNTHETIC_DEMO
NEWS00951,SUP00951,NEWS_MENTIONS_SUPPLIER,0.7885,SYNTHETIC_DEMO
NEWS00952,SUP00952,NEWS_MENTIONS_SUPPLIER,0.7217,SYNTHETIC_DEMO
NEWS00953,SUP00953,NEWS_MENTIONS_SUPPLIER,0.7278,SYNTHETIC_DEMO
NEWS00954,SUP00954,NEWS_MENTIONS_SUPPLIER,0.8244,SYNTHETIC_DEMO
NEWS00955,SUP00955,NEWS_MENTIONS_SUPPLIER,0.929,SYNTHETIC_DEMO
NEWS00956,SUP00956,NEWS_MENTIONS_SUPPLIER,0.8826,SYNTHETIC_DEMO
NEWS00957,SUP00957,NEWS_MENTIONS_SUPPLIER,0.8872,SYNTHETIC_DEMO
NEWS00958,SUP00958,NEWS_MENTIONS_SUPPLIER,0.8195,SYNTHETIC_DEMO
NEWS00959,SUP00959,NEWS_MENTIONS_SUPPLIER,0.7153,SYNTHETIC_DEMO
NEWS00960,SUP00960,NEWS_MENTIONS_SUPPLIER,0.7638,SYNTHETIC_DEMO
NEWS00961,SUP00961,NEWS_MENTIONS_SUPPLIER,0.7205,SYNTHETIC_DEMO
NEWS00962,SUP00962,NEWS_MENTIONS_SUPPLIER,0.6762,SYNTHETIC_DEMO
NEWS00963,SUP00963,NEWS_MENTIONS_SUPPLIER,0.8508,SYNTHETIC_DEMO
NEWS00964,SUP00964,NEWS_MENTIONS_SUPPLIER,0.7863,SYNTHETIC_DEMO
NEWS00965,SUP00965,NEWS_MENTIONS_SUPPLIER,0.9414,SYNTHETIC_DEMO
NEWS00966,SUP00966,NEWS_MENTIONS_SUPPLIER,0.8725,SYNTHETIC_DEMO
NEWS00967,SUP00967,NEWS_MENTIONS_SUPPLIER,0.617,SYNTHETIC_DEMO
NEWS00968,SUP00968,NEWS_MENTIONS_SUPPLIER,0.7957,SYNTHETIC_DEMO
NEWS00969,SUP00969,NEWS_MENTIONS_SUPPLIER,0.657,SYNTHETIC_DEMO
NEWS00970,SUP00970,NEWS_MENTIONS_SUPPLIER,0.8654,SYNTHETIC_DEMO
NEWS00971,SUP00971,NEWS_MENTIONS_SUPPLIER,0.6157,SYNTHETIC_DEMO
NEWS00972,SUP00972,NEWS_MENTIONS_SUPPLIER,0.5659,SYNTHETIC_DEMO
NEWS00973,SUP00973,NEWS_MENTIONS_SUPPLIER,0.7192,SYNTHETIC_DEMO
NEWS00974,SUP00974,NEWS_MENTIONS_SUPPLIER,0.5936,SYNTHETIC_DEMO
NEWS00975,SUP00975,NEWS_MENTIONS_SUPPLIER,0.9668,SYNTHETIC_DEMO
NEWS00976,SUP00976,NEWS_MENTIONS_SUPPLIER,0.5046,SYNTHETIC_DEMO
NEWS00977,SUP00977,NEWS_MENTIONS_SUPPLIER,0.5978,SYNTHETIC_DEMO
NEWS00978,SUP00978,NEWS_MENTIONS_SUPPLIER,0.9307,SYNTHETIC_DEMO
NEWS00979,SUP00979,NEWS_MENTIONS_SUPPLIER,0.8063,SYNTHETIC_DEMO
NEWS00980,SUP00980,NEWS_MENTIONS_SUPPLIER,0.9483,SYNTHETIC_DEMO
NEWS00981,SUP00981,NEWS_MENTIONS_SUPPLIER,0.6132,SYNTHETIC_DEMO
NEWS00982,SUP00982,NEWS_MENTIONS_SUPPLIER,0.6016,SYNTHETIC_DEMO
NEWS00983,SUP00983,NEWS_MENTIONS_SUPPLIER,0.6996,SYNTHETIC_DEMO
NEWS00984,SUP00984,NEWS_MENTIONS_SUPPLIER,0.7428,SYNTHETIC_DEMO
NEWS00985,SUP00985,NEWS_MENTIONS_SUPPLIER,0.8121,SYNTHETIC_DEMO
NEWS00986,SUP00986,NEWS_MENTIONS_SUPPLIER,0.5543,SYNTHETIC_DEMO
NEWS00987,SUP00987,NEWS_MENTIONS_SUPPLIER,0.9037,SYNTHETIC_DEMO
NEWS00988,SUP00988,NEWS_MENTIONS_SUPPLIER,0.5401,SYNTHETIC_DEMO
NEWS00989,SUP00989,NEWS_MENTIONS_SUPPLIER,0.7668,SYNTHETIC_DEMO
NEWS00990,SUP00990,NEWS_MENTIONS_SUPPLIER,0.9233,SYNTHETIC_DEMO
NEWS00991,SUP00991,NEWS_MENTIONS_SUPPLIER,0.7988,SYNTHETIC_DEMO
NEWS00992,SUP00992,NEWS_MENTIONS_SUPPLIER,0.7086,SYNTHETIC_DEMO
NEWS00993,SUP00993,NEWS_MENTIONS_SUPPLIER,0.9296,SYNTHETIC_DEMO
NEWS00994,SUP00994,NEWS_MENTIONS_SUPPLIER,0.7054,SYNTHETIC_DEMO
NEWS00995,SUP00995,NEWS_MENTIONS_SUPPLIER,0.555,SYNTHETIC_DEMO
NEWS00996,SUP00996,NEWS_MENTIONS_SUPPLIER,0.5707,SYNTHETIC_DEMO
NEWS00997,SUP00997,NEWS_MENTIONS_SUPPLIER,0.5013,SYNTHETIC_DEMO
NEWS00998,SUP00998,NEWS_MENTIONS_SUPPLIER,0.936,SYNTHETIC_DEMO
NEWS00999,SUP00999,NEWS_MENTIONS_SUPPLIER,0.8458,SYNTHETIC_DEMO
NEWS01000,SUP01000,NEWS_MENTIONS_SUPPLIER,0.5507,SYNTHETIC_DEMO
NEWS00001,SUP00001,NEWS_MENTIONS_SUPPLIER,0.6315,SYNTHETIC_DEMO
NEWS00002,SUP00002,NEWS_MENTIONS_SUPPLIER,0.6841,SYNTHETIC_DEMO
NEWS00003,SUP00003,NEWS_MENTIONS_SUPPLIER,0.7474,SYNTHETIC_DEMO
NEWS00004,SUP00004,NEWS_MENTIONS_SUPPLIER,0.8363,SYNTHETIC_DEMO
NEWS00005,SUP00005,NEWS_MENTIONS_SUPPLIER,0.5673,SYNTHETIC_DEMO
NEWS00006,SUP00006,NEWS_MENTIONS_SUPPLIER,0.9492,SYNTHETIC_DEMO
NEWS00007,SUP00007,NEWS_MENTIONS_SUPPLIER,0.6407,SYNTHETIC_DEMO
NEWS00008,SUP00008,NEWS_MENTIONS_SUPPLIER,0.7768,SYNTHETIC_DEMO
NEWS00009,SUP00009,NEWS_MENTIONS_SUPPLIER,0.8469,SYNTHETIC_DEMO
NEWS00010,SUP00010,NEWS_MENTIONS_SUPPLIER,0.6671,SYNTHETIC_DEMO
NEWS00011,SUP00011,NEWS_MENTIONS_SUPPLIER,0.981,SYNTHETIC_DEMO
NEWS00012,SUP00012,NEWS_MENTIONS_SUPPLIER,0.5383,SYNTHETIC_DEMO
NEWS00013,SUP00013,NEWS_MENTIONS_SUPPLIER,0.74,SYNTHETIC_DEMO
NEWS00014,SUP00014,NEWS_MENTIONS_SUPPLIER,0.9427,SYNTHETIC_DEMO
NEWS00015,SUP00015,NEWS_MENTIONS_SUPPLIER,0.611,SYNTHETIC_DEMO
NEWS00016,SUP00016,NEWS_MENTIONS_SUPPLIER,0.7834,SYNTHETIC_DEMO
NEWS00017,SUP00017,NEWS_MENTIONS_SUPPLIER,0.8259,SYNTHETIC_DEMO
NEWS00018,SUP00018,NEWS_MENTIONS_SUPPLIER,0.7842,SYNTHETIC_DEMO
NEWS00019,SUP00019,NEWS_MENTIONS_SUPPLIER,0.9606,SYNTHETIC_DEMO
NEWS00020,SUP00020,NEWS_MENTIONS_SUPPLIER,0.6101,SYNTHETIC_DEMO
NEWS00021,SUP00021,NEWS_MENTIONS_SUPPLIER,0.8597,SYNTHETIC_DEMO
NEWS00022,SUP00022,NEWS_MENTIONS_SUPPLIER,0.9816,SYNTHETIC_DEMO
NEWS00023,SUP00023,NEWS_MENTIONS_SUPPLIER,0.5999,SYNTHETIC_DEMO
NEWS00024,SUP00024,NEWS_MENTIONS_SUPPLIER,0.9008,SYNTHETIC_DEMO
NEWS00025,SUP00025,NEWS_MENTIONS_SUPPLIER,0.6307,SYNTHETIC_DEMO
NEWS00026,SUP00026,NEWS_MENTIONS_SUPPLIER,0.7733,SYNTHETIC_DEMO
NEWS00027,SUP00027,NEWS_MENTIONS_SUPPLIER,0.6482,SYNTHETIC_DEMO
NEWS00028,SUP00028,NEWS_MENTIONS_SUPPLIER,0.7522,SYNTHETIC_DEMO
NEWS00029,SUP00029,NEWS_MENTIONS_SUPPLIER,0.5635,SYNTHETIC_DEMO
NEWS00030,SUP00030,NEWS_MENTIONS_SUPPLIER,0.5833,SYNTHETIC_DEMO
NEWS00031,SUP00031,NEWS_MENTIONS_SUPPLIER,0.7999,SYNTHETIC_DEMO
NEWS00032,SUP00032,NEWS_MENTIONS_SUPPLIER,0.6139,SYNTHETIC_DEMO
NEWS00033,SUP00033,NEWS_MENTIONS_SUPPLIER,0.6622,SYNTHETIC_DEMO
NEWS00034,SUP00034,NEWS_MENTIONS_SUPPLIER,0.7947,SYNTHETIC_DEMO
NEWS00035,SUP00035,NEWS_MENTIONS_SUPPLIER,0.9557,SYNTHETIC_DEMO
NEWS00036,SUP00036,NEWS_MENTIONS_SUPPLIER,0.9768,SYNTHETIC_DEMO
NEWS00037,SUP00037,NEWS_MENTIONS_SUPPLIER,0.7944,SYNTHETIC_DEMO
NEWS00038,SUP00038,NEWS_MENTIONS_SUPPLIER,0.813,SYNTHETIC_DEMO
NEWS00039,SUP00039,NEWS_MENTIONS_SUPPLIER,0.854,SYNTHETIC_DEMO
NEWS00040,SUP00040,NEWS_MENTIONS_SUPPLIER,0.5859,SYNTHETIC_DEMO
NEWS00041,SUP00041,NEWS_MENTIONS_SUPPLIER,0.5954,SYNTHETIC_DEMO
NEWS00042,SUP00042,NEWS_MENTIONS_SUPPLIER,0.7556,SYNTHETIC_DEMO
NEWS00043,SUP00043,NEWS_MENTIONS_SUPPLIER,0.6567,SYNTHETIC_DEMO
NEWS00044,SUP00044,NEWS_MENTIONS_SUPPLIER,0.912,SYNTHETIC_DEMO
NEWS00045,SUP00045,NEWS_MENTIONS_SUPPLIER,0.9797,SYNTHETIC_DEMO
NEWS00046,SUP00046,NEWS_MENTIONS_SUPPLIER,0.5481,SYNTHETIC_DEMO
NEWS00047,SUP00047,NEWS_MENTIONS_SUPPLIER,0.5039,SYNTHETIC_DEMO
NEWS00048,SUP00048,NEWS_MENTIONS_SUPPLIER,0.9058,SYNTHETIC_DEMO
NEWS00049,SUP00049,NEWS_MENTIONS_SUPPLIER,0.7983,SYNTHETIC_DEMO
NEWS00050,SUP00050,NEWS_MENTIONS_SUPPLIER,0.5781,SYNTHETIC_DEMO
NEWS00051,SUP00051,NEWS_MENTIONS_SUPPLIER,0.9269,SYNTHETIC_DEMO
NEWS00052,SUP00052,NEWS_MENTIONS_SUPPLIER,0.951,SYNTHETIC_DEMO
NEWS00053,SUP00053,NEWS_MENTIONS_SUPPLIER,0.5351,SYNTHETIC_DEMO
NEWS00054,SUP00054,NEWS_MENTIONS_SUPPLIER,0.6254,SYNTHETIC_DEMO
NEWS00055,SUP00055,NEWS_MENTIONS_SUPPLIER,0.9073,SYNTHETIC_DEMO
NEWS00056,SUP00056,NEWS_MENTIONS_SUPPLIER,0.5423,SYNTHETIC_DEMO
NEWS00057,SUP00057,NEWS_MENTIONS_SUPPLIER,0.8786,SYNTHETIC_DEMO
NEWS00058,SUP00058,NEWS_MENTIONS_SUPPLIER,0.6755,SYNTHETIC_DEMO
NEWS00059,SUP00059,NEWS_MENTIONS_SUPPLIER,0.6119,SYNTHETIC_DEMO
NEWS00060,SUP00060,NEWS_MENTIONS_SUPPLIER,0.7636,SYNTHETIC_DEMO
NEWS00061,SUP00061,NEWS_MENTIONS_SUPPLIER,0.5775,SYNTHETIC_DEMO
NEWS00062,SUP00062,NEWS_MENTIONS_SUPPLIER,0.526,SYNTHETIC_DEMO
NEWS00063,SUP00063,NEWS_MENTIONS_SUPPLIER,0.6184,SYNTHETIC_DEMO
NEWS00064,SUP00064,NEWS_MENTIONS_SUPPLIER,0.6057,SYNTHETIC_DEMO
NEWS00065,SUP00065,NEWS_MENTIONS_SUPPLIER,0.9653,SYNTHETIC_DEMO
NEWS00066,SUP00066,NEWS_MENTIONS_SUPPLIER,0.7306,SYNTHETIC_DEMO
NEWS00067,SUP00067,NEWS_MENTIONS_SUPPLIER,0.9454,SYNTHETIC_DEMO
NEWS00068,SUP00068,NEWS_MENTIONS_SUPPLIER,0.6407,SYNTHETIC_DEMO
NEWS00069,SUP00069,NEWS_MENTIONS_SUPPLIER,0.7883,SYNTHETIC_DEMO
NEWS00070,SUP00070,NEWS_MENTIONS_SUPPLIER,0.7754,SYNTHETIC_DEMO
NEWS00071,SUP00071,NEWS_MENTIONS_SUPPLIER,0.9412,SYNTHETIC_DEMO
NEWS00072,SUP00072,NEWS_MENTIONS_SUPPLIER,0.8433,SYNTHETIC_DEMO
NEWS00073,SUP00073,NEWS_MENTIONS_SUPPLIER,0.9863,SYNTHETIC_DEMO
NEWS00074,SUP00074,NEWS_MENTIONS_SUPPLIER,0.9533,SYNTHETIC_DEMO
NEWS00075,SUP00075,NEWS_MENTIONS_SUPPLIER,0.8884,SYNTHETIC_DEMO
NEWS00076,SUP00076,NEWS_MENTIONS_SUPPLIER,0.645,SYNTHETIC_DEMO
NEWS00077,SUP00077,NEWS_MENTIONS_SUPPLIER,0.5638,SYNTHETIC_DEMO
NEWS00078,SUP00078,NEWS_MENTIONS_SUPPLIER,0.7016,SYNTHETIC_DEMO
NEWS00079,SUP00079,NEWS_MENTIONS_SUPPLIER,0.9626,SYNTHETIC_DEMO
NEWS00080,SUP00080,NEWS_MENTIONS_SUPPLIER,0.7276,SYNTHETIC_DEMO
NEWS00081,SUP00081,NEWS_MENTIONS_SUPPLIER,0.8889,SYNTHETIC_DEMO
NEWS00082,SUP00082,NEWS_MENTIONS_SUPPLIER,0.7172,SYNTHETIC_DEMO
NEWS00083,SUP00083,NEWS_MENTIONS_SUPPLIER,0.5412,SYNTHETIC_DEMO
NEWS00084,SUP00084,NEWS_MENTIONS_SUPPLIER,0.7517,SYNTHETIC_DEMO
NEWS00085,SUP00085,NEWS_MENTIONS_SUPPLIER,0.7109,SYNTHETIC_DEMO
NEWS00086,SUP00086,NEWS_MENTIONS_SUPPLIER,0.6077,SYNTHETIC_DEMO
NEWS00087,SUP00087,NEWS_MENTIONS_SUPPLIER,0.5784,SYNTHETIC_DEMO
NEWS00088,SUP00088,NEWS_MENTIONS_SUPPLIER,0.8632,SYNTHETIC_DEMO
NEWS00089,SUP00089,NEWS_MENTIONS_SUPPLIER,0.7488,SYNTHETIC_DEMO
NEWS00090,SUP00090,NEWS_MENTIONS_SUPPLIER,0.7662,SYNTHETIC_DEMO
NEWS00091,SUP00091,NEWS_MENTIONS_SUPPLIER,0.5093,SYNTHETIC_DEMO
NEWS00092,SUP00092,NEWS_MENTIONS_SUPPLIER,0.5579,SYNTHETIC_DEMO
NEWS00093,SUP00093,NEWS_MENTIONS_SUPPLIER,0.6343,SYNTHETIC_DEMO
NEWS00094,SUP00094,NEWS_MENTIONS_SUPPLIER,0.6471,SYNTHETIC_DEMO
NEWS00095,SUP00095,NEWS_MENTIONS_SUPPLIER,0.9783,SYNTHETIC_DEMO
NEWS00096,SUP00096,NEWS_MENTIONS_SUPPLIER,0.6454,SYNTHETIC_DEMO
NEWS00097,SUP00097,NEWS_MENTIONS_SUPPLIER,0.9183,SYNTHETIC_DEMO
NEWS00098,SUP00098,NEWS_MENTIONS_SUPPLIER,0.8291,SYNTHETIC_DEMO
NEWS00099,SUP00099,NEWS_MENTIONS_SUPPLIER,0.9017,SYNTHETIC_DEMO
NEWS00100,SUP00100,NEWS_MENTIONS_SUPPLIER,0.8956,SYNTHETIC_DEMO
NEWS00101,SUP00101,NEWS_MENTIONS_SUPPLIER,0.8589,SYNTHETIC_DEMO
NEWS00102,SUP00102,NEWS_MENTIONS_SUPPLIER,0.6806,SYNTHETIC_DEMO
NEWS00103,SUP00103,NEWS_MENTIONS_SUPPLIER,0.5224,SYNTHETIC_DEMO
NEWS00104,SUP00104,NEWS_MENTIONS_SUPPLIER,0.8427,SYNTHETIC_DEMO
NEWS00105,SUP00105,NEWS_MENTIONS_SUPPLIER,0.6723,SYNTHETIC_DEMO
NEWS00106,SUP00106,NEWS_MENTIONS_SUPPLIER,0.5115,SYNTHETIC_DEMO
NEWS00107,SUP00107,NEWS_MENTIONS_SUPPLIER,0.623,SYNTHETIC_DEMO
NEWS00108,SUP00108,NEWS_MENTIONS_SUPPLIER,0.5303,SYNTHETIC_DEMO
NEWS00109,SUP00109,NEWS_MENTIONS_SUPPLIER,0.8778,SYNTHETIC_DEMO
NEWS00110,SUP00110,NEWS_MENTIONS_SUPPLIER,0.8333,SYNTHETIC_DEMO
NEWS00111,SUP00111,NEWS_MENTIONS_SUPPLIER,0.842,SYNTHETIC_DEMO
NEWS00112,SUP00112,NEWS_MENTIONS_SUPPLIER,0.6453,SYNTHETIC_DEMO
NEWS00113,SUP00113,NEWS_MENTIONS_SUPPLIER,0.9121,SYNTHETIC_DEMO
NEWS00114,SUP00114,NEWS_MENTIONS_SUPPLIER,0.9337,SYNTHETIC_DEMO
NEWS00115,SUP00115,NEWS_MENTIONS_SUPPLIER,0.5024,SYNTHETIC_DEMO
NEWS00116,SUP00116,NEWS_MENTIONS_SUPPLIER,0.7635,SYNTHETIC_DEMO
NEWS00117,SUP00117,NEWS_MENTIONS_SUPPLIER,0.8725,SYNTHETIC_DEMO
NEWS00118,SUP00118,NEWS_MENTIONS_SUPPLIER,0.816,SYNTHETIC_DEMO
NEWS00119,SUP00119,NEWS_MENTIONS_SUPPLIER,0.9852,SYNTHETIC_DEMO
NEWS00120,SUP00120,NEWS_MENTIONS_SUPPLIER,0.9192,SYNTHETIC_DEMO
NEWS00121,SUP00121,NEWS_MENTIONS_SUPPLIER,0.907,SYNTHETIC_DEMO
NEWS00122,SUP00122,NEWS_MENTIONS_SUPPLIER,0.9483,SYNTHETIC_DEMO
NEWS00123,SUP00123,NEWS_MENTIONS_SUPPLIER,0.9169,SYNTHETIC_DEMO
NEWS00124,SUP00124,NEWS_MENTIONS_SUPPLIER,0.8839,SYNTHETIC_DEMO
NEWS00125,SUP00125,NEWS_MENTIONS_SUPPLIER,0.7196,SYNTHETIC_DEMO
NEWS00126,SUP00126,NEWS_MENTIONS_SUPPLIER,0.7636,SYNTHETIC_DEMO
NEWS00127,SUP00127,NEWS_MENTIONS_SUPPLIER,0.6289,SYNTHETIC_DEMO
NEWS00128,SUP00128,NEWS_MENTIONS_SUPPLIER,0.6651,SYNTHETIC_DEMO
NEWS00129,SUP00129,NEWS_MENTIONS_SUPPLIER,0.6045,SYNTHETIC_DEMO
NEWS00130,SUP00130,NEWS_MENTIONS_SUPPLIER,0.5839,SYNTHETIC_DEMO
NEWS00131,SUP00131,NEWS_MENTIONS_SUPPLIER,0.8726,SYNTHETIC_DEMO
NEWS00132,SUP00132,NEWS_MENTIONS_SUPPLIER,0.9065,SYNTHETIC_DEMO
NEWS00133,SUP00133,NEWS_MENTIONS_SUPPLIER,0.7799,SYNTHETIC_DEMO
NEWS00134,SUP00134,NEWS_MENTIONS_SUPPLIER,0.7122,SYNTHETIC_DEMO
NEWS00135,SUP00135,NEWS_MENTIONS_SUPPLIER,0.5837,SYNTHETIC_DEMO
NEWS00136,SUP00136,NEWS_MENTIONS_SUPPLIER,0.8596,SYNTHETIC_DEMO
NEWS00137,SUP00137,NEWS_MENTIONS_SUPPLIER,0.5098,SYNTHETIC_DEMO
NEWS00138,SUP00138,NEWS_MENTIONS_SUPPLIER,0.6116,SYNTHETIC_DEMO
NEWS00139,SUP00139,NEWS_MENTIONS_SUPPLIER,0.9401,SYNTHETIC_DEMO
NEWS00140,SUP00140,NEWS_MENTIONS_SUPPLIER,0.8323,SYNTHETIC_DEMO
NEWS00141,SUP00141,NEWS_MENTIONS_SUPPLIER,0.698,SYNTHETIC_DEMO
NEWS00142,SUP00142,NEWS_MENTIONS_SUPPLIER,0.9537,SYNTHETIC_DEMO
NEWS00143,SUP00143,NEWS_MENTIONS_SUPPLIER,0.872,SYNTHETIC_DEMO
NEWS00144,SUP00144,NEWS_MENTIONS_SUPPLIER,0.9008,SYNTHETIC_DEMO
NEWS00145,SUP00145,NEWS_MENTIONS_SUPPLIER,0.9381,SYNTHETIC_DEMO
NEWS00146,SUP00146,NEWS_MENTIONS_SUPPLIER,0.9135,SYNTHETIC_DEMO
NEWS00147,SUP00147,NEWS_MENTIONS_SUPPLIER,0.762,SYNTHETIC_DEMO
NEWS00148,SUP00148,NEWS_MENTIONS_SUPPLIER,0.6508,SYNTHETIC_DEMO
NEWS00149,SUP00149,NEWS_MENTIONS_SUPPLIER,0.874,SYNTHETIC_DEMO
NEWS00150,SUP00150,NEWS_MENTIONS_SUPPLIER,0.6948,SYNTHETIC_DEMO
NEWS00151,SUP00151,NEWS_MENTIONS_SUPPLIER,0.8237,SYNTHETIC_DEMO
NEWS00152,SUP00152,NEWS_MENTIONS_SUPPLIER,0.6275,SYNTHETIC_DEMO
NEWS00153,SUP00153,NEWS_MENTIONS_SUPPLIER,0.5525,SYNTHETIC_DEMO
NEWS00154,SUP00154,NEWS_MENTIONS_SUPPLIER,0.8347,SYNTHETIC_DEMO
NEWS00155,SUP00155,NEWS_MENTIONS_SUPPLIER,0.6648,SYNTHETIC_DEMO
NEWS00156,SUP00156,NEWS_MENTIONS_SUPPLIER,0.6666,SYNTHETIC_DEMO
NEWS00157,SUP00157,NEWS_MENTIONS_SUPPLIER,0.7974,SYNTHETIC_DEMO
NEWS00158,SUP00158,NEWS_MENTIONS_SUPPLIER,0.6171,SYNTHETIC_DEMO
NEWS00159,SUP00159,NEWS_MENTIONS_SUPPLIER,0.5742,SYNTHETIC_DEMO
NEWS00160,SUP00160,NEWS_MENTIONS_SUPPLIER,0.5892,SYNTHETIC_DEMO
NEWS00161,SUP00161,NEWS_MENTIONS_SUPPLIER,0.743,SYNTHETIC_DEMO
NEWS00162,SUP00162,NEWS_MENTIONS_SUPPLIER,0.5811,SYNTHETIC_DEMO
NEWS00163,SUP00163,NEWS_MENTIONS_SUPPLIER,0.9538,SYNTHETIC_DEMO
NEWS00164,SUP00164,NEWS_MENTIONS_SUPPLIER,0.5182,SYNTHETIC_DEMO
NEWS00165,SUP00165,NEWS_MENTIONS_SUPPLIER,0.941,SYNTHETIC_DEMO
NEWS00166,SUP00166,NEWS_MENTIONS_SUPPLIER,0.8634,SYNTHETIC_DEMO
NEWS00167,SUP00167,NEWS_MENTIONS_SUPPLIER,0.6485,SYNTHETIC_DEMO
NEWS00168,SUP00168,NEWS_MENTIONS_SUPPLIER,0.7244,SYNTHETIC_DEMO
NEWS00169,SUP00169,NEWS_MENTIONS_SUPPLIER,0.6845,SYNTHETIC_DEMO
NEWS00170,SUP00170,NEWS_MENTIONS_SUPPLIER,0.9657,SYNTHETIC_DEMO
NEWS00171,SUP00171,NEWS_MENTIONS_SUPPLIER,0.9305,SYNTHETIC_DEMO
NEWS00172,SUP00172,NEWS_MENTIONS_SUPPLIER,0.6145,SYNTHETIC_DEMO
NEWS00173,SUP00173,NEWS_MENTIONS_SUPPLIER,0.924,SYNTHETIC_DEMO
NEWS00174,SUP00174,NEWS_MENTIONS_SUPPLIER,0.6211,SYNTHETIC_DEMO
NEWS00175,SUP00175,NEWS_MENTIONS_SUPPLIER,0.6969,SYNTHETIC_DEMO
NEWS00176,SUP00176,NEWS_MENTIONS_SUPPLIER,0.9413,SYNTHETIC_DEMO
NEWS00177,SUP00177,NEWS_MENTIONS_SUPPLIER,0.7689,SYNTHETIC_DEMO
NEWS00178,SUP00178,NEWS_MENTIONS_SUPPLIER,0.5855,SYNTHETIC_DEMO
NEWS00179,SUP00179,NEWS_MENTIONS_SUPPLIER,0.722,SYNTHETIC_DEMO
NEWS00180,SUP00180,NEWS_MENTIONS_SUPPLIER,0.9123,SYNTHETIC_DEMO
NEWS00181,SUP00181,NEWS_MENTIONS_SUPPLIER,0.7306,SYNTHETIC_DEMO
NEWS00182,SUP00182,NEWS_MENTIONS_SUPPLIER,0.567,SYNTHETIC_DEMO
NEWS00183,SUP00183,NEWS_MENTIONS_SUPPLIER,0.8202,SYNTHETIC_DEMO
NEWS00184,SUP00184,NEWS_MENTIONS_SUPPLIER,0.9809,SYNTHETIC_DEMO
NEWS00185,SUP00185,NEWS_MENTIONS_SUPPLIER,0.6089,SYNTHETIC_DEMO
NEWS00186,SUP00186,NEWS_MENTIONS_SUPPLIER,0.5391,SYNTHETIC_DEMO
NEWS00187,SUP00187,NEWS_MENTIONS_SUPPLIER,0.5535,SYNTHETIC_DEMO
NEWS00188,SUP00188,NEWS_MENTIONS_SUPPLIER,0.8516,SYNTHETIC_DEMO
NEWS00189,SUP00189,NEWS_MENTIONS_SUPPLIER,0.6406,SYNTHETIC_DEMO
NEWS00190,SUP00190,NEWS_MENTIONS_SUPPLIER,0.6997,SYNTHETIC_DEMO
NEWS00191,SUP00191,NEWS_MENTIONS_SUPPLIER,0.9462,SYNTHETIC_DEMO
NEWS00192,SUP00192,NEWS_MENTIONS_SUPPLIER,0.9739,SYNTHETIC_DEMO
NEWS00193,SUP00193,NEWS_MENTIONS_SUPPLIER,0.8647,SYNTHETIC_DEMO
NEWS00194,SUP00194,NEWS_MENTIONS_SUPPLIER,0.7319,SYNTHETIC_DEMO
NEWS00195,SUP00195,NEWS_MENTIONS_SUPPLIER,0.9548,SYNTHETIC_DEMO
NEWS00196,SUP00196,NEWS_MENTIONS_SUPPLIER,0.7284,SYNTHETIC_DEMO
NEWS00197,SUP00197,NEWS_MENTIONS_SUPPLIER,0.6012,SYNTHETIC_DEMO
NEWS00198,SUP00198,NEWS_MENTIONS_SUPPLIER,0.811,SYNTHETIC_DEMO
NEWS00199,SUP00199,NEWS_MENTIONS_SUPPLIER,0.7646,SYNTHETIC_DEMO
NEWS00200,SUP00200,NEWS_MENTIONS_SUPPLIER,0.6059,SYNTHETIC_DEMO
NEWS00201,SUP00201,NEWS_MENTIONS_SUPPLIER,0.9965,SYNTHETIC_DEMO
NEWS00202,SUP00202,NEWS_MENTIONS_SUPPLIER,0.9594,SYNTHETIC_DEMO
NEWS00203,SUP00203,NEWS_MENTIONS_SUPPLIER,0.6578,SYNTHETIC_DEMO
NEWS00204,SUP00204,NEWS_MENTIONS_SUPPLIER,0.8484,SYNTHETIC_DEMO
NEWS00205,SUP00205,NEWS_MENTIONS_SUPPLIER,0.7112,SYNTHETIC_DEMO
NEWS00206,SUP00206,NEWS_MENTIONS_SUPPLIER,0.9568,SYNTHETIC_DEMO
NEWS00207,SUP00207,NEWS_MENTIONS_SUPPLIER,0.7737,SYNTHETIC_DEMO
NEWS00208,SUP00208,NEWS_MENTIONS_SUPPLIER,0.9381,SYNTHETIC_DEMO
NEWS00209,SUP00209,NEWS_MENTIONS_SUPPLIER,0.6131,SYNTHETIC_DEMO
NEWS00210,SUP00210,NEWS_MENTIONS_SUPPLIER,0.8482,SYNTHETIC_DEMO
NEWS00211,SUP00211,NEWS_MENTIONS_SUPPLIER,0.8992,SYNTHETIC_DEMO
NEWS00212,SUP00212,NEWS_MENTIONS_SUPPLIER,0.861,SYNTHETIC_DEMO
NEWS00213,SUP00213,NEWS_MENTIONS_SUPPLIER,0.7939,SYNTHETIC_DEMO
NEWS00214,SUP00214,NEWS_MENTIONS_SUPPLIER,0.6551,SYNTHETIC_DEMO
NEWS00215,SUP00215,NEWS_MENTIONS_SUPPLIER,0.6008,SYNTHETIC_DEMO
NEWS00216,SUP00216,NEWS_MENTIONS_SUPPLIER,0.9878,SYNTHETIC_DEMO
NEWS00217,SUP00217,NEWS_MENTIONS_SUPPLIER,0.8851,SYNTHETIC_DEMO
NEWS00218,SUP00218,NEWS_MENTIONS_SUPPLIER,0.5217,SYNTHETIC_DEMO
NEWS00219,SUP00219,NEWS_MENTIONS_SUPPLIER,0.7016,SYNTHETIC_DEMO
NEWS00220,SUP00220,NEWS_MENTIONS_SUPPLIER,0.8816,SYNTHETIC_DEMO
NEWS00221,SUP00221,NEWS_MENTIONS_SUPPLIER,0.7624,SYNTHETIC_DEMO
NEWS00222,SUP00222,NEWS_MENTIONS_SUPPLIER,0.8178,SYNTHETIC_DEMO
NEWS00223,SUP00223,NEWS_MENTIONS_SUPPLIER,0.7849,SYNTHETIC_DEMO
NEWS00224,SUP00224,NEWS_MENTIONS_SUPPLIER,0.8016,SYNTHETIC_DEMO
NEWS00225,SUP00225,NEWS_MENTIONS_SUPPLIER,0.888,SYNTHETIC_DEMO
NEWS00226,SUP00226,NEWS_MENTIONS_SUPPLIER,0.8506,SYNTHETIC_DEMO
NEWS00227,SUP00227,NEWS_MENTIONS_SUPPLIER,0.512,SYNTHETIC_DEMO
NEWS00228,SUP00228,NEWS_MENTIONS_SUPPLIER,0.953,SYNTHETIC_DEMO
NEWS00229,SUP00229,NEWS_MENTIONS_SUPPLIER,0.6931,SYNTHETIC_DEMO
NEWS00230,SUP00230,NEWS_MENTIONS_SUPPLIER,0.7663,SYNTHETIC_DEMO
NEWS00231,SUP00231,NEWS_MENTIONS_SUPPLIER,0.7896,SYNTHETIC_DEMO
NEWS00232,SUP00232,NEWS_MENTIONS_SUPPLIER,0.5773,SYNTHETIC_DEMO
NEWS00233,SUP00233,NEWS_MENTIONS_SUPPLIER,0.9971,SYNTHETIC_DEMO
NEWS00234,SUP00234,NEWS_MENTIONS_SUPPLIER,0.88,SYNTHETIC_DEMO
NEWS00235,SUP00235,NEWS_MENTIONS_SUPPLIER,0.6058,SYNTHETIC_DEMO
NEWS00236,SUP00236,NEWS_MENTIONS_SUPPLIER,0.8028,SYNTHETIC_DEMO
NEWS00237,SUP00237,NEWS_MENTIONS_SUPPLIER,0.8189,SYNTHETIC_DEMO
NEWS00238,SUP00238,NEWS_MENTIONS_SUPPLIER,0.9323,SYNTHETIC_DEMO
NEWS00239,SUP00239,NEWS_MENTIONS_SUPPLIER,0.845,SYNTHETIC_DEMO
NEWS00240,SUP00240,NEWS_MENTIONS_SUPPLIER,0.7592,SYNTHETIC_DEMO
NEWS00241,SUP00241,NEWS_MENTIONS_SUPPLIER,0.5462,SYNTHETIC_DEMO
NEWS00242,SUP00242,NEWS_MENTIONS_SUPPLIER,0.7221,SYNTHETIC_DEMO
NEWS00243,SUP00243,NEWS_MENTIONS_SUPPLIER,0.6029,SYNTHETIC_DEMO
NEWS00244,SUP00244,NEWS_MENTIONS_SUPPLIER,0.9496,SYNTHETIC_DEMO
NEWS00245,SUP00245,NEWS_MENTIONS_SUPPLIER,0.5069,SYNTHETIC_DEMO
NEWS00246,SUP00246,NEWS_MENTIONS_SUPPLIER,0.9779,SYNTHETIC_DEMO
NEWS00247,SUP00247,NEWS_MENTIONS_SUPPLIER,0.8775,SYNTHETIC_DEMO
NEWS00248,SUP00248,NEWS_MENTIONS_SUPPLIER,0.7186,SYNTHETIC_DEMO
NEWS00249,SUP00249,NEWS_MENTIONS_SUPPLIER,0.7418,SYNTHETIC_DEMO
NEWS00250,SUP00250,NEWS_MENTIONS_SUPPLIER,0.6766,SYNTHETIC_DEMO
NEWS00251,SUP00251,NEWS_MENTIONS_SUPPLIER,0.6018,SYNTHETIC_DEMO
NEWS00252,SUP00252,NEWS_MENTIONS_SUPPLIER,0.5927,SYNTHETIC_DEMO
NEWS00253,SUP00253,NEWS_MENTIONS_SUPPLIER,0.6766,SYNTHETIC_DEMO
NEWS00254,SUP00254,NEWS_MENTIONS_SUPPLIER,0.9957,SYNTHETIC_DEMO
NEWS00255,SUP00255,NEWS_MENTIONS_SUPPLIER,0.7841,SYNTHETIC_DEMO
NEWS00256,SUP00256,NEWS_MENTIONS_SUPPLIER,0.9929,SYNTHETIC_DEMO
NEWS00257,SUP00257,NEWS_MENTIONS_SUPPLIER,0.7564,SYNTHETIC_DEMO
NEWS00258,SUP00258,NEWS_MENTIONS_SUPPLIER,0.6284,SYNTHETIC_DEMO
NEWS00259,SUP00259,NEWS_MENTIONS_SUPPLIER,0.6345,SYNTHETIC_DEMO
NEWS00260,SUP00260,NEWS_MENTIONS_SUPPLIER,0.8886,SYNTHETIC_DEMO
NEWS00261,SUP00261,NEWS_MENTIONS_SUPPLIER,0.7159,SYNTHETIC_DEMO
NEWS00262,SUP00262,NEWS_MENTIONS_SUPPLIER,0.6139,SYNTHETIC_DEMO
NEWS00263,SUP00263,NEWS_MENTIONS_SUPPLIER,0.9368,SYNTHETIC_DEMO
NEWS00264,SUP00264,NEWS_MENTIONS_SUPPLIER,0.6079,SYNTHETIC_DEMO
NEWS00265,SUP00265,NEWS_MENTIONS_SUPPLIER,0.6783,SYNTHETIC_DEMO
NEWS00266,SUP00266,NEWS_MENTIONS_SUPPLIER,0.9445,SYNTHETIC_DEMO
NEWS00267,SUP00267,NEWS_MENTIONS_SUPPLIER,0.6111,SYNTHETIC_DEMO
NEWS00268,SUP00268,NEWS_MENTIONS_SUPPLIER,0.8893,SYNTHETIC_DEMO
NEWS00269,SUP00269,NEWS_MENTIONS_SUPPLIER,0.8042,SYNTHETIC_DEMO
NEWS00270,SUP00270,NEWS_MENTIONS_SUPPLIER,0.9958,SYNTHETIC_DEMO
NEWS00271,SUP00271,NEWS_MENTIONS_SUPPLIER,0.5115,SYNTHETIC_DEMO
NEWS00272,SUP00272,NEWS_MENTIONS_SUPPLIER,0.6557,SYNTHETIC_DEMO
NEWS00273,SUP00273,NEWS_MENTIONS_SUPPLIER,0.7626,SYNTHETIC_DEMO
NEWS00274,SUP00274,NEWS_MENTIONS_SUPPLIER,0.5878,SYNTHETIC_DEMO
NEWS00275,SUP00275,NEWS_MENTIONS_SUPPLIER,0.8761,SYNTHETIC_DEMO
NEWS00276,SUP00276,NEWS_MENTIONS_SUPPLIER,0.9635,SYNTHETIC_DEMO
NEWS00277,SUP00277,NEWS_MENTIONS_SUPPLIER,0.5768,SYNTHETIC_DEMO
NEWS00278,SUP00278,NEWS_MENTIONS_SUPPLIER,0.847,SYNTHETIC_DEMO
NEWS00279,SUP00279,NEWS_MENTIONS_SUPPLIER,0.8778,SYNTHETIC_DEMO
NEWS00280,SUP00280,NEWS_MENTIONS_SUPPLIER,0.7248,SYNTHETIC_DEMO
NEWS00281,SUP00281,NEWS_MENTIONS_SUPPLIER,0.8988,SYNTHETIC_DEMO
NEWS00282,SUP00282,NEWS_MENTIONS_SUPPLIER,0.7013,SYNTHETIC_DEMO
NEWS00283,SUP00283,NEWS_MENTIONS_SUPPLIER,0.6294,SYNTHETIC_DEMO
NEWS00284,SUP00284,NEWS_MENTIONS_SUPPLIER,0.7303,SYNTHETIC_DEMO
NEWS00285,SUP00285,NEWS_MENTIONS_SUPPLIER,0.65,SYNTHETIC_DEMO
NEWS00286,SUP00286,NEWS_MENTIONS_SUPPLIER,0.5972,SYNTHETIC_DEMO
NEWS00287,SUP00287,NEWS_MENTIONS_SUPPLIER,0.9662,SYNTHETIC_DEMO
NEWS00288,SUP00288,NEWS_MENTIONS_SUPPLIER,0.8433,SYNTHETIC_DEMO
NEWS00289,SUP00289,NEWS_MENTIONS_SUPPLIER,0.651,SYNTHETIC_DEMO
NEWS00290,SUP00290,NEWS_MENTIONS_SUPPLIER,0.6987,SYNTHETIC_DEMO
NEWS00291,SUP00291,NEWS_MENTIONS_SUPPLIER,0.7345,SYNTHETIC_DEMO
NEWS00292,SUP00292,NEWS_MENTIONS_SUPPLIER,0.5485,SYNTHETIC_DEMO
NEWS00293,SUP00293,NEWS_MENTIONS_SUPPLIER,0.9732,SYNTHETIC_DEMO
NEWS00294,SUP00294,NEWS_MENTIONS_SUPPLIER,0.8411,SYNTHETIC_DEMO
NEWS00295,SUP00295,NEWS_MENTIONS_SUPPLIER,0.894,SYNTHETIC_DEMO
NEWS00296,SUP00296,NEWS_MENTIONS_SUPPLIER,0.8176,SYNTHETIC_DEMO
NEWS00297,SUP00297,NEWS_MENTIONS_SUPPLIER,0.5316,SYNTHETIC_DEMO
NEWS00298,SUP00298,NEWS_MENTIONS_SUPPLIER,0.6327,SYNTHETIC_DEMO
NEWS00299,SUP00299,NEWS_MENTIONS_SUPPLIER,0.5766,SYNTHETIC_DEMO
NEWS00300,SUP00300,NEWS_MENTIONS_SUPPLIER,0.6062,SYNTHETIC_DEMO
NEWS00301,SUP00301,NEWS_MENTIONS_SUPPLIER,0.9329,SYNTHETIC_DEMO
NEWS00302,SUP00302,NEWS_MENTIONS_SUPPLIER,0.8361,SYNTHETIC_DEMO
NEWS00303,SUP00303,NEWS_MENTIONS_SUPPLIER,0.6527,SYNTHETIC_DEMO
NEWS00304,SUP00304,NEWS_MENTIONS_SUPPLIER,0.7298,SYNTHETIC_DEMO
NEWS00305,SUP00305,NEWS_MENTIONS_SUPPLIER,0.7561,SYNTHETIC_DEMO
NEWS00306,SUP00306,NEWS_MENTIONS_SUPPLIER,0.7671,SYNTHETIC_DEMO
NEWS00307,SUP00307,NEWS_MENTIONS_SUPPLIER,0.7649,SYNTHETIC_DEMO
NEWS00308,SUP00308,NEWS_MENTIONS_SUPPLIER,0.7204,SYNTHETIC_DEMO
NEWS00309,SUP00309,NEWS_MENTIONS_SUPPLIER,0.899,SYNTHETIC_DEMO
NEWS00310,SUP00310,NEWS_MENTIONS_SUPPLIER,0.5955,SYNTHETIC_DEMO
NEWS00311,SUP00311,NEWS_MENTIONS_SUPPLIER,0.8854,SYNTHETIC_DEMO
NEWS00312,SUP00312,NEWS_MENTIONS_SUPPLIER,0.6924,SYNTHETIC_DEMO
NEWS00313,SUP00313,NEWS_MENTIONS_SUPPLIER,0.9912,SYNTHETIC_DEMO
NEWS00314,SUP00314,NEWS_MENTIONS_SUPPLIER,0.8592,SYNTHETIC_DEMO
NEWS00315,SUP00315,NEWS_MENTIONS_SUPPLIER,0.6336,SYNTHETIC_DEMO
NEWS00316,SUP00316,NEWS_MENTIONS_SUPPLIER,0.5319,SYNTHETIC_DEMO
NEWS00317,SUP00317,NEWS_MENTIONS_SUPPLIER,0.6681,SYNTHETIC_DEMO
NEWS00318,SUP00318,NEWS_MENTIONS_SUPPLIER,0.8559,SYNTHETIC_DEMO
NEWS00319,SUP00319,NEWS_MENTIONS_SUPPLIER,0.9333,SYNTHETIC_DEMO
NEWS00320,SUP00320,NEWS_MENTIONS_SUPPLIER,0.6943,SYNTHETIC_DEMO
NEWS00321,SUP00321,NEWS_MENTIONS_SUPPLIER,0.8489,SYNTHETIC_DEMO
NEWS00322,SUP00322,NEWS_MENTIONS_SUPPLIER,0.8973,SYNTHETIC_DEMO
NEWS00323,SUP00323,NEWS_MENTIONS_SUPPLIER,0.928,SYNTHETIC_DEMO
NEWS00324,SUP00324,NEWS_MENTIONS_SUPPLIER,0.7001,SYNTHETIC_DEMO
NEWS00325,SUP00325,NEWS_MENTIONS_SUPPLIER,0.9454,SYNTHETIC_DEMO
NEWS00326,SUP00326,NEWS_MENTIONS_SUPPLIER,0.6671,SYNTHETIC_DEMO
NEWS00327,SUP00327,NEWS_MENTIONS_SUPPLIER,0.9866,SYNTHETIC_DEMO
NEWS00328,SUP00328,NEWS_MENTIONS_SUPPLIER,0.5723,SYNTHETIC_DEMO
NEWS00329,SUP00329,NEWS_MENTIONS_SUPPLIER,0.7273,SYNTHETIC_DEMO
NEWS00330,SUP00330,NEWS_MENTIONS_SUPPLIER,0.8912,SYNTHETIC_DEMO
NEWS00331,SUP00331,NEWS_MENTIONS_SUPPLIER,0.8342,SYNTHETIC_DEMO
NEWS00332,SUP00332,NEWS_MENTIONS_SUPPLIER,0.556,SYNTHETIC_DEMO
NEWS00333,SUP00333,NEWS_MENTIONS_SUPPLIER,0.7152,SYNTHETIC_DEMO
NEWS00334,SUP00334,NEWS_MENTIONS_SUPPLIER,0.5678,SYNTHETIC_DEMO
NEWS00335,SUP00335,NEWS_MENTIONS_SUPPLIER,0.7972,SYNTHETIC_DEMO
NEWS00336,SUP00336,NEWS_MENTIONS_SUPPLIER,0.8855,SYNTHETIC_DEMO
NEWS00337,SUP00337,NEWS_MENTIONS_SUPPLIER,0.7244,SYNTHETIC_DEMO
NEWS00338,SUP00338,NEWS_MENTIONS_SUPPLIER,0.7427,SYNTHETIC_DEMO
NEWS00339,SUP00339,NEWS_MENTIONS_SUPPLIER,0.6216,SYNTHETIC_DEMO
NEWS00340,SUP00340,NEWS_MENTIONS_SUPPLIER,0.6642,SYNTHETIC_DEMO
NEWS00341,SUP00341,NEWS_MENTIONS_SUPPLIER,0.7551,SYNTHETIC_DEMO
NEWS00342,SUP00342,NEWS_MENTIONS_SUPPLIER,0.9739,SYNTHETIC_DEMO
NEWS00343,SUP00343,NEWS_MENTIONS_SUPPLIER,0.822,SYNTHETIC_DEMO
NEWS00344,SUP00344,NEWS_MENTIONS_SUPPLIER,0.7249,SYNTHETIC_DEMO
NEWS00345,SUP00345,NEWS_MENTIONS_SUPPLIER,0.8657,SYNTHETIC_DEMO
NEWS00346,SUP00346,NEWS_MENTIONS_SUPPLIER,0.8432,SYNTHETIC_DEMO
NEWS00347,SUP00347,NEWS_MENTIONS_SUPPLIER,0.8738,SYNTHETIC_DEMO
NEWS00348,SUP00348,NEWS_MENTIONS_SUPPLIER,0.7032,SYNTHETIC_DEMO
NEWS00349,SUP00349,NEWS_MENTIONS_SUPPLIER,0.7728,SYNTHETIC_DEMO
NEWS00350,SUP00350,NEWS_MENTIONS_SUPPLIER,0.5082,SYNTHETIC_DEMO
NEWS00351,SUP00351,NEWS_MENTIONS_SUPPLIER,0.7331,SYNTHETIC_DEMO
NEWS00352,SUP00352,NEWS_MENTIONS_SUPPLIER,0.924,SYNTHETIC_DEMO
NEWS00353,SUP00353,NEWS_MENTIONS_SUPPLIER,0.7936,SYNTHETIC_DEMO
NEWS00354,SUP00354,NEWS_MENTIONS_SUPPLIER,0.8239,SYNTHETIC_DEMO
NEWS00355,SUP00355,NEWS_MENTIONS_SUPPLIER,0.708,SYNTHETIC_DEMO
NEWS00356,SUP00356,NEWS_MENTIONS_SUPPLIER,0.869,SYNTHETIC_DEMO
NEWS00357,SUP00357,NEWS_MENTIONS_SUPPLIER,0.5643,SYNTHETIC_DEMO
NEWS00358,SUP00358,NEWS_MENTIONS_SUPPLIER,0.8545,SYNTHETIC_DEMO
NEWS00359,SUP00359,NEWS_MENTIONS_SUPPLIER,0.6689,SYNTHETIC_DEMO
NEWS00360,SUP00360,NEWS_MENTIONS_SUPPLIER,0.6235,SYNTHETIC_DEMO
NEWS00361,SUP00361,NEWS_MENTIONS_SUPPLIER,0.6928,SYNTHETIC_DEMO
NEWS00362,SUP00362,NEWS_MENTIONS_SUPPLIER,0.8164,SYNTHETIC_DEMO
NEWS00363,SUP00363,NEWS_MENTIONS_SUPPLIER,0.7413,SYNTHETIC_DEMO
NEWS00364,SUP00364,NEWS_MENTIONS_SUPPLIER,0.6503,SYNTHETIC_DEMO
NEWS00365,SUP00365,NEWS_MENTIONS_SUPPLIER,0.919,SYNTHETIC_DEMO
NEWS00366,SUP00366,NEWS_MENTIONS_SUPPLIER,0.7057,SYNTHETIC_DEMO
NEWS00367,SUP00367,NEWS_MENTIONS_SUPPLIER,0.6819,SYNTHETIC_DEMO
NEWS00368,SUP00368,NEWS_MENTIONS_SUPPLIER,0.7923,SYNTHETIC_DEMO
NEWS00369,SUP00369,NEWS_MENTIONS_SUPPLIER,0.8147,SYNTHETIC_DEMO
NEWS00370,SUP00370,NEWS_MENTIONS_SUPPLIER,0.9371,SYNTHETIC_DEMO
NEWS00371,SUP00371,NEWS_MENTIONS_SUPPLIER,0.6039,SYNTHETIC_DEMO
NEWS00372,SUP00372,NEWS_MENTIONS_SUPPLIER,0.5032,SYNTHETIC_DEMO
NEWS00373,SUP00373,NEWS_MENTIONS_SUPPLIER,0.5384,SYNTHETIC_DEMO
NEWS00374,SUP00374,NEWS_MENTIONS_SUPPLIER,0.9966,SYNTHETIC_DEMO
NEWS00375,SUP00375,NEWS_MENTIONS_SUPPLIER,0.5098,SYNTHETIC_DEMO
NEWS00376,SUP00376,NEWS_MENTIONS_SUPPLIER,0.7426,SYNTHETIC_DEMO
NEWS00377,SUP00377,NEWS_MENTIONS_SUPPLIER,0.9867,SYNTHETIC_DEMO
NEWS00378,SUP00378,NEWS_MENTIONS_SUPPLIER,0.5435,SYNTHETIC_DEMO
NEWS00379,SUP00379,NEWS_MENTIONS_SUPPLIER,0.8798,SYNTHETIC_DEMO
NEWS00380,SUP00380,NEWS_MENTIONS_SUPPLIER,0.665,SYNTHETIC_DEMO
NEWS00381,SUP00381,NEWS_MENTIONS_SUPPLIER,0.8143,SYNTHETIC_DEMO
NEWS00382,SUP00382,NEWS_MENTIONS_SUPPLIER,0.6757,SYNTHETIC_DEMO
NEWS00383,SUP00383,NEWS_MENTIONS_SUPPLIER,0.591,SYNTHETIC_DEMO
NEWS00384,SUP00384,NEWS_MENTIONS_SUPPLIER,0.9973,SYNTHETIC_DEMO
NEWS00385,SUP00385,NEWS_MENTIONS_SUPPLIER,0.8847,SYNTHETIC_DEMO
NEWS00386,SUP00386,NEWS_MENTIONS_SUPPLIER,0.718,SYNTHETIC_DEMO
NEWS00387,SUP00387,NEWS_MENTIONS_SUPPLIER,0.814,SYNTHETIC_DEMO
NEWS00388,SUP00388,NEWS_MENTIONS_SUPPLIER,0.5254,SYNTHETIC_DEMO
NEWS00389,SUP00389,NEWS_MENTIONS_SUPPLIER,0.7523,SYNTHETIC_DEMO
NEWS00390,SUP00390,NEWS_MENTIONS_SUPPLIER,0.698,SYNTHETIC_DEMO
NEWS00391,SUP00391,NEWS_MENTIONS_SUPPLIER,0.7718,SYNTHETIC_DEMO
NEWS00392,SUP00392,NEWS_MENTIONS_SUPPLIER,0.8874,SYNTHETIC_DEMO
NEWS00393,SUP00393,NEWS_MENTIONS_SUPPLIER,0.5652,SYNTHETIC_DEMO
NEWS00394,SUP00394,NEWS_MENTIONS_SUPPLIER,0.7612,SYNTHETIC_DEMO
NEWS00395,SUP00395,NEWS_MENTIONS_SUPPLIER,0.6705,SYNTHETIC_DEMO
NEWS00396,SUP00396,NEWS_MENTIONS_SUPPLIER,0.7016,SYNTHETIC_DEMO
NEWS00397,SUP00397,NEWS_MENTIONS_SUPPLIER,0.5691,SYNTHETIC_DEMO
NEWS00398,SUP00398,NEWS_MENTIONS_SUPPLIER,0.6374,SYNTHETIC_DEMO
NEWS00399,SUP00399,NEWS_MENTIONS_SUPPLIER,0.5465,SYNTHETIC_DEMO
NEWS00400,SUP00400,NEWS_MENTIONS_SUPPLIER,0.959,SYNTHETIC_DEMO
NEWS00401,SUP00401,NEWS_MENTIONS_SUPPLIER,0.7946,SYNTHETIC_DEMO
NEWS00402,SUP00402,NEWS_MENTIONS_SUPPLIER,0.887,SYNTHETIC_DEMO
NEWS00403,SUP00403,NEWS_MENTIONS_SUPPLIER,0.9293,SYNTHETIC_DEMO
NEWS00404,SUP00404,NEWS_MENTIONS_SUPPLIER,0.9309,SYNTHETIC_DEMO
NEWS00405,SUP00405,NEWS_MENTIONS_SUPPLIER,0.9083,SYNTHETIC_DEMO
NEWS00406,SUP00406,NEWS_MENTIONS_SUPPLIER,0.7229,SYNTHETIC_DEMO
NEWS00407,SUP00407,NEWS_MENTIONS_SUPPLIER,0.8791,SYNTHETIC_DEMO
NEWS00408,SUP00408,NEWS_MENTIONS_SUPPLIER,0.6609,SYNTHETIC_DEMO
NEWS00409,SUP00409,NEWS_MENTIONS_SUPPLIER,0.506,SYNTHETIC_DEMO
NEWS00410,SUP00410,NEWS_MENTIONS_SUPPLIER,0.8365,SYNTHETIC_DEMO
NEWS00411,SUP00411,NEWS_MENTIONS_SUPPLIER,0.629,SYNTHETIC_DEMO
NEWS00412,SUP00412,NEWS_MENTIONS_SUPPLIER,0.7132,SYNTHETIC_DEMO
NEWS00413,SUP00413,NEWS_MENTIONS_SUPPLIER,0.7791,SYNTHETIC_DEMO
NEWS00414,SUP00414,NEWS_MENTIONS_SUPPLIER,0.7054,SYNTHETIC_DEMO
NEWS00415,SUP00415,NEWS_MENTIONS_SUPPLIER,0.9415,SYNTHETIC_DEMO
NEWS00416,SUP00416,NEWS_MENTIONS_SUPPLIER,0.5656,SYNTHETIC_DEMO
NEWS00417,SUP00417,NEWS_MENTIONS_SUPPLIER,0.8919,SYNTHETIC_DEMO
NEWS00418,SUP00418,NEWS_MENTIONS_SUPPLIER,0.8679,SYNTHETIC_DEMO
NEWS00419,SUP00419,NEWS_MENTIONS_SUPPLIER,0.9005,SYNTHETIC_DEMO
NEWS00420,SUP00420,NEWS_MENTIONS_SUPPLIER,0.5672,SYNTHETIC_DEMO
NEWS00421,SUP00421,NEWS_MENTIONS_SUPPLIER,0.9841,SYNTHETIC_DEMO
NEWS00422,SUP00422,NEWS_MENTIONS_SUPPLIER,0.8255,SYNTHETIC_DEMO
NEWS00423,SUP00423,NEWS_MENTIONS_SUPPLIER,0.9512,SYNTHETIC_DEMO
NEWS00424,SUP00424,NEWS_MENTIONS_SUPPLIER,0.9739,SYNTHETIC_DEMO
NEWS00425,SUP00425,NEWS_MENTIONS_SUPPLIER,0.92,SYNTHETIC_DEMO
NEWS00426,SUP00426,NEWS_MENTIONS_SUPPLIER,0.9661,SYNTHETIC_DEMO
NEWS00427,SUP00427,NEWS_MENTIONS_SUPPLIER,0.687,SYNTHETIC_DEMO
NEWS00428,SUP00428,NEWS_MENTIONS_SUPPLIER,0.7369,SYNTHETIC_DEMO
NEWS00429,SUP00429,NEWS_MENTIONS_SUPPLIER,0.8608,SYNTHETIC_DEMO
NEWS00430,SUP00430,NEWS_MENTIONS_SUPPLIER,0.9966,SYNTHETIC_DEMO
NEWS00431,SUP00431,NEWS_MENTIONS_SUPPLIER,0.7058,SYNTHETIC_DEMO
NEWS00432,SUP00432,NEWS_MENTIONS_SUPPLIER,0.6276,SYNTHETIC_DEMO
NEWS00433,SUP00433,NEWS_MENTIONS_SUPPLIER,0.569,SYNTHETIC_DEMO
NEWS00434,SUP00434,NEWS_MENTIONS_SUPPLIER,0.8178,SYNTHETIC_DEMO
NEWS00435,SUP00435,NEWS_MENTIONS_SUPPLIER,0.9885,SYNTHETIC_DEMO
NEWS00436,SUP00436,NEWS_MENTIONS_SUPPLIER,0.6995,SYNTHETIC_DEMO
NEWS00437,SUP00437,NEWS_MENTIONS_SUPPLIER,0.7261,SYNTHETIC_DEMO
NEWS00438,SUP00438,NEWS_MENTIONS_SUPPLIER,0.6708,SYNTHETIC_DEMO
NEWS00439,SUP00439,NEWS_MENTIONS_SUPPLIER,0.9556,SYNTHETIC_DEMO
NEWS00440,SUP00440,NEWS_MENTIONS_SUPPLIER,0.8427,SYNTHETIC_DEMO
NEWS00441,SUP00441,NEWS_MENTIONS_SUPPLIER,0.7992,SYNTHETIC_DEMO
NEWS00442,SUP00442,NEWS_MENTIONS_SUPPLIER,0.6239,SYNTHETIC_DEMO
NEWS00443,SUP00443,NEWS_MENTIONS_SUPPLIER,0.576,SYNTHETIC_DEMO
NEWS00444,SUP00444,NEWS_MENTIONS_SUPPLIER,0.6217,SYNTHETIC_DEMO
NEWS00445,SUP00445,NEWS_MENTIONS_SUPPLIER,0.9438,SYNTHETIC_DEMO
NEWS00446,SUP00446,NEWS_MENTIONS_SUPPLIER,0.5772,SYNTHETIC_DEMO
NEWS00447,SUP00447,NEWS_MENTIONS_SUPPLIER,0.5393,SYNTHETIC_DEMO
NEWS00448,SUP00448,NEWS_MENTIONS_SUPPLIER,0.9759,SYNTHETIC_DEMO
NEWS00449,SUP00449,NEWS_MENTIONS_SUPPLIER,0.8776,SYNTHETIC_DEMO
NEWS00450,SUP00450,NEWS_MENTIONS_SUPPLIER,0.8259,SYNTHETIC_DEMO
NEWS00451,SUP00451,NEWS_MENTIONS_SUPPLIER,0.6456,SYNTHETIC_DEMO
NEWS00452,SUP00452,NEWS_MENTIONS_SUPPLIER,0.8889,SYNTHETIC_DEMO
NEWS00453,SUP00453,NEWS_MENTIONS_SUPPLIER,0.6791,SYNTHETIC_DEMO
NEWS00454,SUP00454,NEWS_MENTIONS_SUPPLIER,0.796,SYNTHETIC_DEMO
NEWS00455,SUP00455,NEWS_MENTIONS_SUPPLIER,0.7386,SYNTHETIC_DEMO
NEWS00456,SUP00456,NEWS_MENTIONS_SUPPLIER,0.6686,SYNTHETIC_DEMO
NEWS00457,SUP00457,NEWS_MENTIONS_SUPPLIER,0.9849,SYNTHETIC_DEMO
NEWS00458,SUP00458,NEWS_MENTIONS_SUPPLIER,0.6231,SYNTHETIC_DEMO
NEWS00459,SUP00459,NEWS_MENTIONS_SUPPLIER,0.8872,SYNTHETIC_DEMO
NEWS00460,SUP00460,NEWS_MENTIONS_SUPPLIER,0.9842,SYNTHETIC_DEMO
NEWS00461,SUP00461,NEWS_MENTIONS_SUPPLIER,0.8649,SYNTHETIC_DEMO
NEWS00462,SUP00462,NEWS_MENTIONS_SUPPLIER,0.8801,SYNTHETIC_DEMO
NEWS00463,SUP00463,NEWS_MENTIONS_SUPPLIER,0.5684,SYNTHETIC_DEMO
NEWS00464,SUP00464,NEWS_MENTIONS_SUPPLIER,0.7406,SYNTHETIC_DEMO
NEWS00465,SUP00465,NEWS_MENTIONS_SUPPLIER,0.868,SYNTHETIC_DEMO
NEWS00466,SUP00466,NEWS_MENTIONS_SUPPLIER,0.7682,SYNTHETIC_DEMO
NEWS00467,SUP00467,NEWS_MENTIONS_SUPPLIER,0.7202,SYNTHETIC_DEMO
NEWS00468,SUP00468,NEWS_MENTIONS_SUPPLIER,0.8157,SYNTHETIC_DEMO
NEWS00469,SUP00469,NEWS_MENTIONS_SUPPLIER,0.8771,SYNTHETIC_DEMO
NEWS00470,SUP00470,NEWS_MENTIONS_SUPPLIER,0.9998,SYNTHETIC_DEMO
NEWS00471,SUP00471,NEWS_MENTIONS_SUPPLIER,0.7915,SYNTHETIC_DEMO
NEWS00472,SUP00472,NEWS_MENTIONS_SUPPLIER,0.5038,SYNTHETIC_DEMO
NEWS00473,SUP00473,NEWS_MENTIONS_SUPPLIER,0.7158,SYNTHETIC_DEMO
NEWS00474,SUP00474,NEWS_MENTIONS_SUPPLIER,0.8809,SYNTHETIC_DEMO
NEWS00475,SUP00475,NEWS_MENTIONS_SUPPLIER,0.6501,SYNTHETIC_DEMO
NEWS00476,SUP00476,NEWS_MENTIONS_SUPPLIER,0.8534,SYNTHETIC_DEMO
NEWS00477,SUP00477,NEWS_MENTIONS_SUPPLIER,0.961,SYNTHETIC_DEMO
NEWS00478,SUP00478,NEWS_MENTIONS_SUPPLIER,0.9275,SYNTHETIC_DEMO
NEWS00479,SUP00479,NEWS_MENTIONS_SUPPLIER,0.5126,SYNTHETIC_DEMO
NEWS00480,SUP00480,NEWS_MENTIONS_SUPPLIER,0.6885,SYNTHETIC_DEMO
NEWS00481,SUP00481,NEWS_MENTIONS_SUPPLIER,0.799,SYNTHETIC_DEMO
NEWS00482,SUP00482,NEWS_MENTIONS_SUPPLIER,0.8191,SYNTHETIC_DEMO
NEWS00483,SUP00483,NEWS_MENTIONS_SUPPLIER,0.5512,SYNTHETIC_DEMO
NEWS00484,SUP00484,NEWS_MENTIONS_SUPPLIER,0.5113,SYNTHETIC_DEMO
NEWS00485,SUP00485,NEWS_MENTIONS_SUPPLIER,0.9229,SYNTHETIC_DEMO
NEWS00486,SUP00486,NEWS_MENTIONS_SUPPLIER,0.9881,SYNTHETIC_DEMO
NEWS00487,SUP00487,NEWS_MENTIONS_SUPPLIER,0.6706,SYNTHETIC_DEMO
NEWS00488,SUP00488,NEWS_MENTIONS_SUPPLIER,0.5366,SYNTHETIC_DEMO
NEWS00489,SUP00489,NEWS_MENTIONS_SUPPLIER,0.9716,SYNTHETIC_DEMO
NEWS00490,SUP00490,NEWS_MENTIONS_SUPPLIER,0.5921,SYNTHETIC_DEMO
NEWS00491,SUP00491,NEWS_MENTIONS_SUPPLIER,0.8863,SYNTHETIC_DEMO
NEWS00492,SUP00492,NEWS_MENTIONS_SUPPLIER,0.9733,SYNTHETIC_DEMO
NEWS00493,SUP00493,NEWS_MENTIONS_SUPPLIER,0.6475,SYNTHETIC_DEMO
NEWS00494,SUP00494,NEWS_MENTIONS_SUPPLIER,0.5128,SYNTHETIC_DEMO
NEWS00495,SUP00495,NEWS_MENTIONS_SUPPLIER,0.5895,SYNTHETIC_DEMO
NEWS00496,SUP00496,NEWS_MENTIONS_SUPPLIER,0.8301,SYNTHETIC_DEMO
NEWS00497,SUP00497,NEWS_MENTIONS_SUPPLIER,0.5269,SYNTHETIC_DEMO
NEWS00498,SUP00498,NEWS_MENTIONS_SUPPLIER,0.7036,SYNTHETIC_DEMO
NEWS00499,SUP00499,NEWS_MENTIONS_SUPPLIER,0.6595,SYNTHETIC_DEMO
NEWS00500,SUP00500,NEWS_MENTIONS_SUPPLIER,0.7537,SYNTHETIC_DEMO
NEWS00501,SUP00501,NEWS_MENTIONS_SUPPLIER,0.9965,SYNTHETIC_DEMO
NEWS00502,SUP00502,NEWS_MENTIONS_SUPPLIER,0.8902,SYNTHETIC_DEMO
NEWS00503,SUP00503,NEWS_MENTIONS_SUPPLIER,0.9195,SYNTHETIC_DEMO
NEWS00504,SUP00504,NEWS_MENTIONS_SUPPLIER,0.9531,SYNTHETIC_DEMO
NEWS00505,SUP00505,NEWS_MENTIONS_SUPPLIER,0.5525,SYNTHETIC_DEMO
NEWS00506,SUP00506,NEWS_MENTIONS_SUPPLIER,0.6329,SYNTHETIC_DEMO
NEWS00507,SUP00507,NEWS_MENTIONS_SUPPLIER,0.7154,SYNTHETIC_DEMO
NEWS00508,SUP00508,NEWS_MENTIONS_SUPPLIER,0.7635,SYNTHETIC_DEMO
NEWS00509,SUP00509,NEWS_MENTIONS_SUPPLIER,0.9144,SYNTHETIC_DEMO
NEWS00510,SUP00510,NEWS_MENTIONS_SUPPLIER,0.907,SYNTHETIC_DEMO
NEWS00511,SUP00511,NEWS_MENTIONS_SUPPLIER,0.8559,SYNTHETIC_DEMO
NEWS00512,SUP00512,NEWS_MENTIONS_SUPPLIER,0.6695,SYNTHETIC_DEMO
NEWS00513,SUP00513,NEWS_MENTIONS_SUPPLIER,0.6548,SYNTHETIC_DEMO
NEWS00514,SUP00514,NEWS_MENTIONS_SUPPLIER,0.9893,SYNTHETIC_DEMO
NEWS00515,SUP00515,NEWS_MENTIONS_SUPPLIER,0.8333,SYNTHETIC_DEMO
NEWS00516,SUP00516,NEWS_MENTIONS_SUPPLIER,0.6797,SYNTHETIC_DEMO
NEWS00517,SUP00517,NEWS_MENTIONS_SUPPLIER,0.6938,SYNTHETIC_DEMO
NEWS00518,SUP00518,NEWS_MENTIONS_SUPPLIER,0.7247,SYNTHETIC_DEMO
NEWS00519,SUP00519,NEWS_MENTIONS_SUPPLIER,0.581,SYNTHETIC_DEMO
NEWS00520,SUP00520,NEWS_MENTIONS_SUPPLIER,0.9207,SYNTHETIC_DEMO
NEWS00521,SUP00521,NEWS_MENTIONS_SUPPLIER,0.9789,SYNTHETIC_DEMO
NEWS00522,SUP00522,NEWS_MENTIONS_SUPPLIER,0.8341,SYNTHETIC_DEMO
NEWS00523,SUP00523,NEWS_MENTIONS_SUPPLIER,0.9355,SYNTHETIC_DEMO
NEWS00524,SUP00524,NEWS_MENTIONS_SUPPLIER,0.8995,SYNTHETIC_DEMO
NEWS00525,SUP00525,NEWS_MENTIONS_SUPPLIER,0.5502,SYNTHETIC_DEMO
NEWS00526,SUP00526,NEWS_MENTIONS_SUPPLIER,0.9527,SYNTHETIC_DEMO
NEWS00527,SUP00527,NEWS_MENTIONS_SUPPLIER,0.5042,SYNTHETIC_DEMO
NEWS00528,SUP00528,NEWS_MENTIONS_SUPPLIER,0.7538,SYNTHETIC_DEMO
NEWS00529,SUP00529,NEWS_MENTIONS_SUPPLIER,0.8245,SYNTHETIC_DEMO
NEWS00530,SUP00530,NEWS_MENTIONS_SUPPLIER,0.9019,SYNTHETIC_DEMO
NEWS00531,SUP00531,NEWS_MENTIONS_SUPPLIER,0.921,SYNTHETIC_DEMO
NEWS00532,SUP00532,NEWS_MENTIONS_SUPPLIER,0.9967,SYNTHETIC_DEMO
NEWS00533,SUP00533,NEWS_MENTIONS_SUPPLIER,0.5042,SYNTHETIC_DEMO
NEWS00534,SUP00534,NEWS_MENTIONS_SUPPLIER,0.7796,SYNTHETIC_DEMO
NEWS00535,SUP00535,NEWS_MENTIONS_SUPPLIER,0.7418,SYNTHETIC_DEMO
NEWS00536,SUP00536,NEWS_MENTIONS_SUPPLIER,0.9036,SYNTHETIC_DEMO
NEWS00537,SUP00537,NEWS_MENTIONS_SUPPLIER,0.9507,SYNTHETIC_DEMO
NEWS00538,SUP00538,NEWS_MENTIONS_SUPPLIER,0.7363,SYNTHETIC_DEMO
NEWS00539,SUP00539,NEWS_MENTIONS_SUPPLIER,0.8106,SYNTHETIC_DEMO
NEWS00540,SUP00540,NEWS_MENTIONS_SUPPLIER,0.8298,SYNTHETIC_DEMO
NEWS00541,SUP00541,NEWS_MENTIONS_SUPPLIER,0.6578,SYNTHETIC_DEMO
NEWS00542,SUP00542,NEWS_MENTIONS_SUPPLIER,0.947,SYNTHETIC_DEMO
NEWS00543,SUP00543,NEWS_MENTIONS_SUPPLIER,0.6174,SYNTHETIC_DEMO
NEWS00544,SUP00544,NEWS_MENTIONS_SUPPLIER,0.7099,SYNTHETIC_DEMO
NEWS00545,SUP00545,NEWS_MENTIONS_SUPPLIER,0.9402,SYNTHETIC_DEMO
NEWS00546,SUP00546,NEWS_MENTIONS_SUPPLIER,0.5051,SYNTHETIC_DEMO
NEWS00547,SUP00547,NEWS_MENTIONS_SUPPLIER,0.5894,SYNTHETIC_DEMO
NEWS00548,SUP00548,NEWS_MENTIONS_SUPPLIER,0.6039,SYNTHETIC_DEMO
NEWS00549,SUP00549,NEWS_MENTIONS_SUPPLIER,0.5947,SYNTHETIC_DEMO
NEWS00550,SUP00550,NEWS_MENTIONS_SUPPLIER,0.9988,SYNTHETIC_DEMO
NEWS00551,SUP00551,NEWS_MENTIONS_SUPPLIER,0.6833,SYNTHETIC_DEMO
NEWS00552,SUP00552,NEWS_MENTIONS_SUPPLIER,0.6947,SYNTHETIC_DEMO
NEWS00553,SUP00553,NEWS_MENTIONS_SUPPLIER,0.7946,SYNTHETIC_DEMO
NEWS00554,SUP00554,NEWS_MENTIONS_SUPPLIER,0.585,SYNTHETIC_DEMO
NEWS00555,SUP00555,NEWS_MENTIONS_SUPPLIER,0.6861,SYNTHETIC_DEMO
NEWS00556,SUP00556,NEWS_MENTIONS_SUPPLIER,0.636,SYNTHETIC_DEMO
NEWS00557,SUP00557,NEWS_MENTIONS_SUPPLIER,0.7707,SYNTHETIC_DEMO
NEWS00558,SUP00558,NEWS_MENTIONS_SUPPLIER,0.5763,SYNTHETIC_DEMO
NEWS00559,SUP00559,NEWS_MENTIONS_SUPPLIER,0.6854,SYNTHETIC_DEMO
NEWS00560,SUP00560,NEWS_MENTIONS_SUPPLIER,0.6622,SYNTHETIC_DEMO
NEWS00561,SUP00561,NEWS_MENTIONS_SUPPLIER,0.9877,SYNTHETIC_DEMO
NEWS00562,SUP00562,NEWS_MENTIONS_SUPPLIER,0.5266,SYNTHETIC_DEMO
NEWS00563,SUP00563,NEWS_MENTIONS_SUPPLIER,0.9129,SYNTHETIC_DEMO
NEWS00564,SUP00564,NEWS_MENTIONS_SUPPLIER,0.9849,SYNTHETIC_DEMO
NEWS00565,SUP00565,NEWS_MENTIONS_SUPPLIER,0.9736,SYNTHETIC_DEMO
NEWS00566,SUP00566,NEWS_MENTIONS_SUPPLIER,0.9236,SYNTHETIC_DEMO
NEWS00567,SUP00567,NEWS_MENTIONS_SUPPLIER,0.5354,SYNTHETIC_DEMO
NEWS00568,SUP00568,NEWS_MENTIONS_SUPPLIER,0.9624,SYNTHETIC_DEMO
NEWS00569,SUP00569,NEWS_MENTIONS_SUPPLIER,0.8033,SYNTHETIC_DEMO
NEWS00570,SUP00570,NEWS_MENTIONS_SUPPLIER,0.889,SYNTHETIC_DEMO
NEWS00571,SUP00571,NEWS_MENTIONS_SUPPLIER,0.95,SYNTHETIC_DEMO
NEWS00572,SUP00572,NEWS_MENTIONS_SUPPLIER,0.5021,SYNTHETIC_DEMO
NEWS00573,SUP00573,NEWS_MENTIONS_SUPPLIER,0.655,SYNTHETIC_DEMO
NEWS00574,SUP00574,NEWS_MENTIONS_SUPPLIER,0.7996,SYNTHETIC_DEMO
NEWS00575,SUP00575,NEWS_MENTIONS_SUPPLIER,0.5391,SYNTHETIC_DEMO
NEWS00576,SUP00576,NEWS_MENTIONS_SUPPLIER,0.5957,SYNTHETIC_DEMO
NEWS00577,SUP00577,NEWS_MENTIONS_SUPPLIER,0.9428,SYNTHETIC_DEMO
NEWS00578,SUP00578,NEWS_MENTIONS_SUPPLIER,0.5555,SYNTHETIC_DEMO
NEWS00579,SUP00579,NEWS_MENTIONS_SUPPLIER,0.8238,SYNTHETIC_DEMO
NEWS00580,SUP00580,NEWS_MENTIONS_SUPPLIER,0.5298,SYNTHETIC_DEMO
NEWS00581,SUP00581,NEWS_MENTIONS_SUPPLIER,0.5952,SYNTHETIC_DEMO
NEWS00582,SUP00582,NEWS_MENTIONS_SUPPLIER,0.8189,SYNTHETIC_DEMO
NEWS00583,SUP00583,NEWS_MENTIONS_SUPPLIER,0.8416,SYNTHETIC_DEMO
NEWS00584,SUP00584,NEWS_MENTIONS_SUPPLIER,0.8059,SYNTHETIC_DEMO
NEWS00585,SUP00585,NEWS_MENTIONS_SUPPLIER,0.732,SYNTHETIC_DEMO
NEWS00586,SUP00586,NEWS_MENTIONS_SUPPLIER,0.6496,SYNTHETIC_DEMO
NEWS00587,SUP00587,NEWS_MENTIONS_SUPPLIER,0.6009,SYNTHETIC_DEMO
NEWS00588,SUP00588,NEWS_MENTIONS_SUPPLIER,0.5706,SYNTHETIC_DEMO
NEWS00589,SUP00589,NEWS_MENTIONS_SUPPLIER,0.9189,SYNTHETIC_DEMO
NEWS00590,SUP00590,NEWS_MENTIONS_SUPPLIER,0.6425,SYNTHETIC_DEMO
NEWS00591,SUP00591,NEWS_MENTIONS_SUPPLIER,0.901,SYNTHETIC_DEMO
NEWS00592,SUP00592,NEWS_MENTIONS_SUPPLIER,0.685,SYNTHETIC_DEMO
NEWS00593,SUP00593,NEWS_MENTIONS_SUPPLIER,0.9957,SYNTHETIC_DEMO
NEWS00594,SUP00594,NEWS_MENTIONS_SUPPLIER,0.8945,SYNTHETIC_DEMO
NEWS00595,SUP00595,NEWS_MENTIONS_SUPPLIER,0.787,SYNTHETIC_DEMO
NEWS00596,SUP00596,NEWS_MENTIONS_SUPPLIER,0.6716,SYNTHETIC_DEMO
NEWS00597,SUP00597,NEWS_MENTIONS_SUPPLIER,0.5292,SYNTHETIC_DEMO
NEWS00598,SUP00598,NEWS_MENTIONS_SUPPLIER,0.589,SYNTHETIC_DEMO
NEWS00599,SUP00599,NEWS_MENTIONS_SUPPLIER,0.5436,SYNTHETIC_DEMO
NEWS00600,SUP00600,NEWS_MENTIONS_SUPPLIER,0.9694,SYNTHETIC_DEMO
NEWS00601,SUP00601,NEWS_MENTIONS_SUPPLIER,0.5487,SYNTHETIC_DEMO
NEWS00602,SUP00602,NEWS_MENTIONS_SUPPLIER,0.5315,SYNTHETIC_DEMO
NEWS00603,SUP00603,NEWS_MENTIONS_SUPPLIER,0.8468,SYNTHETIC_DEMO
NEWS00604,SUP00604,NEWS_MENTIONS_SUPPLIER,0.6911,SYNTHETIC_DEMO
NEWS00605,SUP00605,NEWS_MENTIONS_SUPPLIER,0.5348,SYNTHETIC_DEMO
NEWS00606,SUP00606,NEWS_MENTIONS_SUPPLIER,0.9355,SYNTHETIC_DEMO
NEWS00607,SUP00607,NEWS_MENTIONS_SUPPLIER,0.5854,SYNTHETIC_DEMO
NEWS00608,SUP00608,NEWS_MENTIONS_SUPPLIER,0.6075,SYNTHETIC_DEMO
NEWS00609,SUP00609,NEWS_MENTIONS_SUPPLIER,0.7182,SYNTHETIC_DEMO
NEWS00610,SUP00610,NEWS_MENTIONS_SUPPLIER,0.5967,SYNTHETIC_DEMO
NEWS00611,SUP00611,NEWS_MENTIONS_SUPPLIER,0.5587,SYNTHETIC_DEMO
NEWS00612,SUP00612,NEWS_MENTIONS_SUPPLIER,0.5967,SYNTHETIC_DEMO
NEWS00613,SUP00613,NEWS_MENTIONS_SUPPLIER,0.9165,SYNTHETIC_DEMO
NEWS00614,SUP00614,NEWS_MENTIONS_SUPPLIER,0.9023,SYNTHETIC_DEMO
NEWS00615,SUP00615,NEWS_MENTIONS_SUPPLIER,0.8164,SYNTHETIC_DEMO
NEWS00616,SUP00616,NEWS_MENTIONS_SUPPLIER,0.7915,SYNTHETIC_DEMO
NEWS00617,SUP00617,NEWS_MENTIONS_SUPPLIER,0.8757,SYNTHETIC_DEMO
NEWS00618,SUP00618,NEWS_MENTIONS_SUPPLIER,0.6538,SYNTHETIC_DEMO
NEWS00619,SUP00619,NEWS_MENTIONS_SUPPLIER,0.6238,SYNTHETIC_DEMO
NEWS00620,SUP00620,NEWS_MENTIONS_SUPPLIER,0.9386,SYNTHETIC_DEMO
NEWS00621,SUP00621,NEWS_MENTIONS_SUPPLIER,0.8343,SYNTHETIC_DEMO
NEWS00622,SUP00622,NEWS_MENTIONS_SUPPLIER,0.5637,SYNTHETIC_DEMO
NEWS00623,SUP00623,NEWS_MENTIONS_SUPPLIER,0.5705,SYNTHETIC_DEMO
NEWS00624,SUP00624,NEWS_MENTIONS_SUPPLIER,0.6221,SYNTHETIC_DEMO
NEWS00625,SUP00625,NEWS_MENTIONS_SUPPLIER,0.7701,SYNTHETIC_DEMO
NEWS00626,SUP00626,NEWS_MENTIONS_SUPPLIER,0.5725,SYNTHETIC_DEMO
NEWS00627,SUP00627,NEWS_MENTIONS_SUPPLIER,0.784,SYNTHETIC_DEMO
NEWS00628,SUP00628,NEWS_MENTIONS_SUPPLIER,0.9667,SYNTHETIC_DEMO
NEWS00629,SUP00629,NEWS_MENTIONS_SUPPLIER,0.6943,SYNTHETIC_DEMO
NEWS00630,SUP00630,NEWS_MENTIONS_SUPPLIER,0.6863,SYNTHETIC_DEMO
NEWS00631,SUP00631,NEWS_MENTIONS_SUPPLIER,0.5476,SYNTHETIC_DEMO
NEWS00632,SUP00632,NEWS_MENTIONS_SUPPLIER,0.5206,SYNTHETIC_DEMO
NEWS00633,SUP00633,NEWS_MENTIONS_SUPPLIER,0.9953,SYNTHETIC_DEMO
NEWS00634,SUP00634,NEWS_MENTIONS_SUPPLIER,0.8778,SYNTHETIC_DEMO
NEWS00635,SUP00635,NEWS_MENTIONS_SUPPLIER,0.5755,SYNTHETIC_DEMO
NEWS00636,SUP00636,NEWS_MENTIONS_SUPPLIER,0.6782,SYNTHETIC_DEMO
NEWS00637,SUP00637,NEWS_MENTIONS_SUPPLIER,0.7492,SYNTHETIC_DEMO
NEWS00638,SUP00638,NEWS_MENTIONS_SUPPLIER,0.9359,SYNTHETIC_DEMO
NEWS00639,SUP00639,NEWS_MENTIONS_SUPPLIER,0.803,SYNTHETIC_DEMO
NEWS00640,SUP00640,NEWS_MENTIONS_SUPPLIER,0.9851,SYNTHETIC_DEMO
NEWS00641,SUP00641,NEWS_MENTIONS_SUPPLIER,0.637,SYNTHETIC_DEMO
NEWS00642,SUP00642,NEWS_MENTIONS_SUPPLIER,0.9564,SYNTHETIC_DEMO
NEWS00643,SUP00643,NEWS_MENTIONS_SUPPLIER,0.7707,SYNTHETIC_DEMO
NEWS00644,SUP00644,NEWS_MENTIONS_SUPPLIER,0.9374,SYNTHETIC_DEMO
NEWS00645,SUP00645,NEWS_MENTIONS_SUPPLIER,0.6315,SYNTHETIC_DEMO
NEWS00646,SUP00646,NEWS_MENTIONS_SUPPLIER,0.9378,SYNTHETIC_DEMO
NEWS00647,SUP00647,NEWS_MENTIONS_SUPPLIER,0.579,SYNTHETIC_DEMO
NEWS00648,SUP00648,NEWS_MENTIONS_SUPPLIER,0.6894,SYNTHETIC_DEMO
NEWS00649,SUP00649,NEWS_MENTIONS_SUPPLIER,0.6743,SYNTHETIC_DEMO
NEWS00650,SUP00650,NEWS_MENTIONS_SUPPLIER,0.9788,SYNTHETIC_DEMO
NEWS00651,SUP00651,NEWS_MENTIONS_SUPPLIER,0.8829,SYNTHETIC_DEMO
NEWS00652,SUP00652,NEWS_MENTIONS_SUPPLIER,0.9615,SYNTHETIC_DEMO
NEWS00653,SUP00653,NEWS_MENTIONS_SUPPLIER,0.9544,SYNTHETIC_DEMO
NEWS00654,SUP00654,NEWS_MENTIONS_SUPPLIER,0.5414,SYNTHETIC_DEMO
NEWS00655,SUP00655,NEWS_MENTIONS_SUPPLIER,0.5106,SYNTHETIC_DEMO
NEWS00656,SUP00656,NEWS_MENTIONS_SUPPLIER,0.7813,SYNTHETIC_DEMO
NEWS00657,SUP00657,NEWS_MENTIONS_SUPPLIER,0.5753,SYNTHETIC_DEMO
NEWS00658,SUP00658,NEWS_MENTIONS_SUPPLIER,0.9648,SYNTHETIC_DEMO
NEWS00659,SUP00659,NEWS_MENTIONS_SUPPLIER,0.9475,SYNTHETIC_DEMO
NEWS00660,SUP00660,NEWS_MENTIONS_SUPPLIER,0.587,SYNTHETIC_DEMO
NEWS00661,SUP00661,NEWS_MENTIONS_SUPPLIER,0.5731,SYNTHETIC_DEMO
NEWS00662,SUP00662,NEWS_MENTIONS_SUPPLIER,0.6953,SYNTHETIC_DEMO
NEWS00663,SUP00663,NEWS_MENTIONS_SUPPLIER,0.7752,SYNTHETIC_DEMO
NEWS00664,SUP00664,NEWS_MENTIONS_SUPPLIER,0.8409,SYNTHETIC_DEMO
NEWS00665,SUP00665,NEWS_MENTIONS_SUPPLIER,0.8313,SYNTHETIC_DEMO
NEWS00666,SUP00666,NEWS_MENTIONS_SUPPLIER,0.5143,SYNTHETIC_DEMO
NEWS00667,SUP00667,NEWS_MENTIONS_SUPPLIER,0.6885,SYNTHETIC_DEMO
NEWS00668,SUP00668,NEWS_MENTIONS_SUPPLIER,0.9728,SYNTHETIC_DEMO
NEWS00669,SUP00669,NEWS_MENTIONS_SUPPLIER,0.9228,SYNTHETIC_DEMO
NEWS00670,SUP00670,NEWS_MENTIONS_SUPPLIER,0.9301,SYNTHETIC_DEMO
NEWS00671,SUP00671,NEWS_MENTIONS_SUPPLIER,0.8438,SYNTHETIC_DEMO
NEWS00672,SUP00672,NEWS_MENTIONS_SUPPLIER,0.6783,SYNTHETIC_DEMO
NEWS00673,SUP00673,NEWS_MENTIONS_SUPPLIER,0.6033,SYNTHETIC_DEMO
NEWS00674,SUP00674,NEWS_MENTIONS_SUPPLIER,0.9159,SYNTHETIC_DEMO
NEWS00675,SUP00675,NEWS_MENTIONS_SUPPLIER,0.7767,SYNTHETIC_DEMO
NEWS00676,SUP00676,NEWS_MENTIONS_SUPPLIER,0.8108,SYNTHETIC_DEMO
NEWS00677,SUP00677,NEWS_MENTIONS_SUPPLIER,0.5093,SYNTHETIC_DEMO
NEWS00678,SUP00678,NEWS_MENTIONS_SUPPLIER,0.6623,SYNTHETIC_DEMO
NEWS00679,SUP00679,NEWS_MENTIONS_SUPPLIER,0.9446,SYNTHETIC_DEMO
NEWS00680,SUP00680,NEWS_MENTIONS_SUPPLIER,0.5562,SYNTHETIC_DEMO
NEWS00681,SUP00681,NEWS_MENTIONS_SUPPLIER,0.9487,SYNTHETIC_DEMO
NEWS00682,SUP00682,NEWS_MENTIONS_SUPPLIER,0.7722,SYNTHETIC_DEMO
NEWS00683,SUP00683,NEWS_MENTIONS_SUPPLIER,0.8906,SYNTHETIC_DEMO
NEWS00684,SUP00684,NEWS_MENTIONS_SUPPLIER,0.8935,SYNTHETIC_DEMO
NEWS00685,SUP00685,NEWS_MENTIONS_SUPPLIER,0.7519,SYNTHETIC_DEMO
NEWS00686,SUP00686,NEWS_MENTIONS_SUPPLIER,0.796,SYNTHETIC_DEMO
NEWS00687,SUP00687,NEWS_MENTIONS_SUPPLIER,0.773,SYNTHETIC_DEMO
NEWS00688,SUP00688,NEWS_MENTIONS_SUPPLIER,0.6812,SYNTHETIC_DEMO
NEWS00689,SUP00689,NEWS_MENTIONS_SUPPLIER,0.9313,SYNTHETIC_DEMO
NEWS00690,SUP00690,NEWS_MENTIONS_SUPPLIER,0.9903,SYNTHETIC_DEMO
NEWS00691,SUP00691,NEWS_MENTIONS_SUPPLIER,0.6598,SYNTHETIC_DEMO
NEWS00692,SUP00692,NEWS_MENTIONS_SUPPLIER,0.5065,SYNTHETIC_DEMO
NEWS00693,SUP00693,NEWS_MENTIONS_SUPPLIER,0.5128,SYNTHETIC_DEMO
NEWS00694,SUP00694,NEWS_MENTIONS_SUPPLIER,0.9813,SYNTHETIC_DEMO
NEWS00695,SUP00695,NEWS_MENTIONS_SUPPLIER,0.6996,SYNTHETIC_DEMO
NEWS00696,SUP00696,NEWS_MENTIONS_SUPPLIER,0.8027,SYNTHETIC_DEMO
NEWS00697,SUP00697,NEWS_MENTIONS_SUPPLIER,0.573,SYNTHETIC_DEMO
NEWS00698,SUP00698,NEWS_MENTIONS_SUPPLIER,0.989,SYNTHETIC_DEMO
NEWS00699,SUP00699,NEWS_MENTIONS_SUPPLIER,0.6019,SYNTHETIC_DEMO
NEWS00700,SUP00700,NEWS_MENTIONS_SUPPLIER,0.5678,SYNTHETIC_DEMO
NEWS00701,SUP00701,NEWS_MENTIONS_SUPPLIER,0.5322,SYNTHETIC_DEMO
NEWS00702,SUP00702,NEWS_MENTIONS_SUPPLIER,0.8424,SYNTHETIC_DEMO
NEWS00703,SUP00703,NEWS_MENTIONS_SUPPLIER,0.5319,SYNTHETIC_DEMO
NEWS00704,SUP00704,NEWS_MENTIONS_SUPPLIER,0.6626,SYNTHETIC_DEMO
NEWS00705,SUP00705,NEWS_MENTIONS_SUPPLIER,0.5,SYNTHETIC_DEMO
NEWS00706,SUP00706,NEWS_MENTIONS_SUPPLIER,0.8307,SYNTHETIC_DEMO
NEWS00707,SUP00707,NEWS_MENTIONS_SUPPLIER,0.965,SYNTHETIC_DEMO
NEWS00708,SUP00708,NEWS_MENTIONS_SUPPLIER,0.8259,SYNTHETIC_DEMO
NEWS00709,SUP00709,NEWS_MENTIONS_SUPPLIER,0.6669,SYNTHETIC_DEMO
NEWS00710,SUP00710,NEWS_MENTIONS_SUPPLIER,0.6199,SYNTHETIC_DEMO
NEWS00711,SUP00711,NEWS_MENTIONS_SUPPLIER,0.8612,SYNTHETIC_DEMO
NEWS00712,SUP00712,NEWS_MENTIONS_SUPPLIER,0.9182,SYNTHETIC_DEMO
NEWS00713,SUP00713,NEWS_MENTIONS_SUPPLIER,0.8024,SYNTHETIC_DEMO
NEWS00714,SUP00714,NEWS_MENTIONS_SUPPLIER,0.711,SYNTHETIC_DEMO
NEWS00715,SUP00715,NEWS_MENTIONS_SUPPLIER,0.9912,SYNTHETIC_DEMO
NEWS00716,SUP00716,NEWS_MENTIONS_SUPPLIER,0.6856,SYNTHETIC_DEMO
NEWS00717,SUP00717,NEWS_MENTIONS_SUPPLIER,0.61,SYNTHETIC_DEMO
NEWS00718,SUP00718,NEWS_MENTIONS_SUPPLIER,0.6294,SYNTHETIC_DEMO
NEWS00719,SUP00719,NEWS_MENTIONS_SUPPLIER,0.9424,SYNTHETIC_DEMO
NEWS00720,SUP00720,NEWS_MENTIONS_SUPPLIER,0.7379,SYNTHETIC_DEMO
NEWS00721,SUP00721,NEWS_MENTIONS_SUPPLIER,0.7291,SYNTHETIC_DEMO
NEWS00722,SUP00722,NEWS_MENTIONS_SUPPLIER,0.7478,SYNTHETIC_DEMO
NEWS00723,SUP00723,NEWS_MENTIONS_SUPPLIER,0.7425,SYNTHETIC_DEMO
NEWS00724,SUP00724,NEWS_MENTIONS_SUPPLIER,0.8131,SYNTHETIC_DEMO
NEWS00725,SUP00725,NEWS_MENTIONS_SUPPLIER,0.9621,SYNTHETIC_DEMO
NEWS00726,SUP00726,NEWS_MENTIONS_SUPPLIER,0.5812,SYNTHETIC_DEMO
NEWS00727,SUP00727,NEWS_MENTIONS_SUPPLIER,0.5056,SYNTHETIC_DEMO
NEWS00728,SUP00728,NEWS_MENTIONS_SUPPLIER,0.718,SYNTHETIC_DEMO
NEWS00729,SUP00729,NEWS_MENTIONS_SUPPLIER,0.9159,SYNTHETIC_DEMO
NEWS00730,SUP00730,NEWS_MENTIONS_SUPPLIER,0.6495,SYNTHETIC_DEMO
NEWS00731,SUP00731,NEWS_MENTIONS_SUPPLIER,0.8614,SYNTHETIC_DEMO
NEWS00732,SUP00732,NEWS_MENTIONS_SUPPLIER,0.7204,SYNTHETIC_DEMO
NEWS00733,SUP00733,NEWS_MENTIONS_SUPPLIER,0.5974,SYNTHETIC_DEMO
NEWS00734,SUP00734,NEWS_MENTIONS_SUPPLIER,0.8713,SYNTHETIC_DEMO
NEWS00735,SUP00735,NEWS_MENTIONS_SUPPLIER,0.5064,SYNTHETIC_DEMO
NEWS00736,SUP00736,NEWS_MENTIONS_SUPPLIER,0.5651,SYNTHETIC_DEMO
NEWS00737,SUP00737,NEWS_MENTIONS_SUPPLIER,0.656,SYNTHETIC_DEMO
NEWS00738,SUP00738,NEWS_MENTIONS_SUPPLIER,0.5336,SYNTHETIC_DEMO
NEWS00739,SUP00739,NEWS_MENTIONS_SUPPLIER,0.7239,SYNTHETIC_DEMO
NEWS00740,SUP00740,NEWS_MENTIONS_SUPPLIER,0.8135,SYNTHETIC_DEMO
NEWS00741,SUP00741,NEWS_MENTIONS_SUPPLIER,0.5788,SYNTHETIC_DEMO
NEWS00742,SUP00742,NEWS_MENTIONS_SUPPLIER,0.8875,SYNTHETIC_DEMO
NEWS00743,SUP00743,NEWS_MENTIONS_SUPPLIER,0.8431,SYNTHETIC_DEMO
NEWS00744,SUP00744,NEWS_MENTIONS_SUPPLIER,0.6066,SYNTHETIC_DEMO
NEWS00745,SUP00745,NEWS_MENTIONS_SUPPLIER,0.7895,SYNTHETIC_DEMO
NEWS00746,SUP00746,NEWS_MENTIONS_SUPPLIER,0.7387,SYNTHETIC_DEMO
NEWS00747,SUP00747,NEWS_MENTIONS_SUPPLIER,0.7085,SYNTHETIC_DEMO
NEWS00748,SUP00748,NEWS_MENTIONS_SUPPLIER,0.8193,SYNTHETIC_DEMO
NEWS00749,SUP00749,NEWS_MENTIONS_SUPPLIER,0.6177,SYNTHETIC_DEMO
NEWS00750,SUP00750,NEWS_MENTIONS_SUPPLIER,0.7633,SYNTHETIC_DEMO
NEWS00751,SUP00751,NEWS_MENTIONS_SUPPLIER,0.5696,SYNTHETIC_DEMO
NEWS00752,SUP00752,NEWS_MENTIONS_SUPPLIER,0.7053,SYNTHETIC_DEMO
NEWS00753,SUP00753,NEWS_MENTIONS_SUPPLIER,0.7514,SYNTHETIC_DEMO
NEWS00754,SUP00754,NEWS_MENTIONS_SUPPLIER,0.5695,SYNTHETIC_DEMO
NEWS00755,SUP00755,NEWS_MENTIONS_SUPPLIER,0.8274,SYNTHETIC_DEMO
NEWS00756,SUP00756,NEWS_MENTIONS_SUPPLIER,0.7185,SYNTHETIC_DEMO
NEWS00757,SUP00757,NEWS_MENTIONS_SUPPLIER,0.7815,SYNTHETIC_DEMO
NEWS00758,SUP00758,NEWS_MENTIONS_SUPPLIER,0.8742,SYNTHETIC_DEMO
NEWS00759,SUP00759,NEWS_MENTIONS_SUPPLIER,0.9659,SYNTHETIC_DEMO
NEWS00760,SUP00760,NEWS_MENTIONS_SUPPLIER,0.7377,SYNTHETIC_DEMO
NEWS00761,SUP00761,NEWS_MENTIONS_SUPPLIER,0.989,SYNTHETIC_DEMO
NEWS00762,SUP00762,NEWS_MENTIONS_SUPPLIER,0.8938,SYNTHETIC_DEMO
NEWS00763,SUP00763,NEWS_MENTIONS_SUPPLIER,0.9866,SYNTHETIC_DEMO
NEWS00764,SUP00764,NEWS_MENTIONS_SUPPLIER,0.774,SYNTHETIC_DEMO
NEWS00765,SUP00765,NEWS_MENTIONS_SUPPLIER,0.5819,SYNTHETIC_DEMO
NEWS00766,SUP00766,NEWS_MENTIONS_SUPPLIER,0.5251,SYNTHETIC_DEMO
NEWS00767,SUP00767,NEWS_MENTIONS_SUPPLIER,0.9927,SYNTHETIC_DEMO
NEWS00768,SUP00768,NEWS_MENTIONS_SUPPLIER,0.9874,SYNTHETIC_DEMO
NEWS00769,SUP00769,NEWS_MENTIONS_SUPPLIER,0.9669,SYNTHETIC_DEMO
NEWS00770,SUP00770,NEWS_MENTIONS_SUPPLIER,0.9994,SYNTHETIC_DEMO
NEWS00771,SUP00771,NEWS_MENTIONS_SUPPLIER,0.8766,SYNTHETIC_DEMO
NEWS00772,SUP00772,NEWS_MENTIONS_SUPPLIER,0.5789,SYNTHETIC_DEMO
NEWS00773,SUP00773,NEWS_MENTIONS_SUPPLIER,0.8323,SYNTHETIC_DEMO
NEWS00774,SUP00774,NEWS_MENTIONS_SUPPLIER,0.7512,SYNTHETIC_DEMO
NEWS00775,SUP00775,NEWS_MENTIONS_SUPPLIER,0.7764,SYNTHETIC_DEMO
NEWS00776,SUP00776,NEWS_MENTIONS_SUPPLIER,0.9362,SYNTHETIC_DEMO
NEWS00777,SUP00777,NEWS_MENTIONS_SUPPLIER,0.7581,SYNTHETIC_DEMO
NEWS00778,SUP00778,NEWS_MENTIONS_SUPPLIER,0.6511,SYNTHETIC_DEMO
NEWS00779,SUP00779,NEWS_MENTIONS_SUPPLIER,0.8938,SYNTHETIC_DEMO
NEWS00780,SUP00780,NEWS_MENTIONS_SUPPLIER,0.7206,SYNTHETIC_DEMO
NEWS00781,SUP00781,NEWS_MENTIONS_SUPPLIER,0.8656,SYNTHETIC_DEMO
NEWS00782,SUP00782,NEWS_MENTIONS_SUPPLIER,0.6501,SYNTHETIC_DEMO
NEWS00783,SUP00783,NEWS_MENTIONS_SUPPLIER,0.6958,SYNTHETIC_DEMO
NEWS00784,SUP00784,NEWS_MENTIONS_SUPPLIER,0.8153,SYNTHETIC_DEMO
NEWS00785,SUP00785,NEWS_MENTIONS_SUPPLIER,0.8173,SYNTHETIC_DEMO
NEWS00786,SUP00786,NEWS_MENTIONS_SUPPLIER,0.9791,SYNTHETIC_DEMO
NEWS00787,SUP00787,NEWS_MENTIONS_SUPPLIER,0.5457,SYNTHETIC_DEMO
NEWS00788,SUP00788,NEWS_MENTIONS_SUPPLIER,0.5092,SYNTHETIC_DEMO
NEWS00789,SUP00789,NEWS_MENTIONS_SUPPLIER,0.9629,SYNTHETIC_DEMO
NEWS00790,SUP00790,NEWS_MENTIONS_SUPPLIER,0.9736,SYNTHETIC_DEMO
NEWS00791,SUP00791,NEWS_MENTIONS_SUPPLIER,0.6186,SYNTHETIC_DEMO
NEWS00792,SUP00792,NEWS_MENTIONS_SUPPLIER,0.6091,SYNTHETIC_DEMO
NEWS00793,SUP00793,NEWS_MENTIONS_SUPPLIER,0.5798,SYNTHETIC_DEMO
NEWS00794,SUP00794,NEWS_MENTIONS_SUPPLIER,0.6569,SYNTHETIC_DEMO
NEWS00795,SUP00795,NEWS_MENTIONS_SUPPLIER,0.6103,SYNTHETIC_DEMO
NEWS00796,SUP00796,NEWS_MENTIONS_SUPPLIER,0.6071,SYNTHETIC_DEMO
NEWS00797,SUP00797,NEWS_MENTIONS_SUPPLIER,0.9244,SYNTHETIC_DEMO
NEWS00798,SUP00798,NEWS_MENTIONS_SUPPLIER,0.7479,SYNTHETIC_DEMO
NEWS00799,SUP00799,NEWS_MENTIONS_SUPPLIER,0.739,SYNTHETIC_DEMO
NEWS00800,SUP00800,NEWS_MENTIONS_SUPPLIER,0.9261,SYNTHETIC_DEMO
NEWS00801,SUP00801,NEWS_MENTIONS_SUPPLIER,0.6782,SYNTHETIC_DEMO
NEWS00802,SUP00802,NEWS_MENTIONS_SUPPLIER,0.6301,SYNTHETIC_DEMO
NEWS00803,SUP00803,NEWS_MENTIONS_SUPPLIER,0.9998,SYNTHETIC_DEMO
NEWS00804,SUP00804,NEWS_MENTIONS_SUPPLIER,0.9909,SYNTHETIC_DEMO
NEWS00805,SUP00805,NEWS_MENTIONS_SUPPLIER,0.8221,SYNTHETIC_DEMO
NEWS00806,SUP00806,NEWS_MENTIONS_SUPPLIER,0.6931,SYNTHETIC_DEMO
NEWS00807,SUP00807,NEWS_MENTIONS_SUPPLIER,0.5512,SYNTHETIC_DEMO
NEWS00808,SUP00808,NEWS_MENTIONS_SUPPLIER,0.5833,SYNTHETIC_DEMO
NEWS00809,SUP00809,NEWS_MENTIONS_SUPPLIER,0.7908,SYNTHETIC_DEMO
NEWS00810,SUP00810,NEWS_MENTIONS_SUPPLIER,0.5751,SYNTHETIC_DEMO
NEWS00811,SUP00811,NEWS_MENTIONS_SUPPLIER,0.8935,SYNTHETIC_DEMO
NEWS00812,SUP00812,NEWS_MENTIONS_SUPPLIER,0.5517,SYNTHETIC_DEMO
NEWS00813,SUP00813,NEWS_MENTIONS_SUPPLIER,0.9225,SYNTHETIC_DEMO
NEWS00814,SUP00814,NEWS_MENTIONS_SUPPLIER,0.5802,SYNTHETIC_DEMO
NEWS00815,SUP00815,NEWS_MENTIONS_SUPPLIER,0.8741,SYNTHETIC_DEMO
NEWS00816,SUP00816,NEWS_MENTIONS_SUPPLIER,0.6929,SYNTHETIC_DEMO
NEWS00817,SUP00817,NEWS_MENTIONS_SUPPLIER,0.834,SYNTHETIC_DEMO
NEWS00818,SUP00818,NEWS_MENTIONS_SUPPLIER,0.6235,SYNTHETIC_DEMO
NEWS00819,SUP00819,NEWS_MENTIONS_SUPPLIER,0.8677,SYNTHETIC_DEMO
NEWS00820,SUP00820,NEWS_MENTIONS_SUPPLIER,0.6296,SYNTHETIC_DEMO
NEWS00821,SUP00821,NEWS_MENTIONS_SUPPLIER,0.5531,SYNTHETIC_DEMO
NEWS00822,SUP00822,NEWS_MENTIONS_SUPPLIER,0.7132,SYNTHETIC_DEMO
NEWS00823,SUP00823,NEWS_MENTIONS_SUPPLIER,0.9779,SYNTHETIC_DEMO
NEWS00824,SUP00824,NEWS_MENTIONS_SUPPLIER,0.5643,SYNTHETIC_DEMO
NEWS00825,SUP00825,NEWS_MENTIONS_SUPPLIER,0.7233,SYNTHETIC_DEMO
NEWS00826,SUP00826,NEWS_MENTIONS_SUPPLIER,0.9078,SYNTHETIC_DEMO
NEWS00827,SUP00827,NEWS_MENTIONS_SUPPLIER,0.8664,SYNTHETIC_DEMO
NEWS00828,SUP00828,NEWS_MENTIONS_SUPPLIER,0.5229,SYNTHETIC_DEMO
NEWS00829,SUP00829,NEWS_MENTIONS_SUPPLIER,0.5856,SYNTHETIC_DEMO
NEWS00830,SUP00830,NEWS_MENTIONS_SUPPLIER,0.8293,SYNTHETIC_DEMO
NEWS00831,SUP00831,NEWS_MENTIONS_SUPPLIER,0.8945,SYNTHETIC_DEMO
NEWS00832,SUP00832,NEWS_MENTIONS_SUPPLIER,0.5342,SYNTHETIC_DEMO
NEWS00833,SUP00833,NEWS_MENTIONS_SUPPLIER,0.8217,SYNTHETIC_DEMO
NEWS00834,SUP00834,NEWS_MENTIONS_SUPPLIER,0.5051,SYNTHETIC_DEMO
NEWS00835,SUP00835,NEWS_MENTIONS_SUPPLIER,0.7019,SYNTHETIC_DEMO
NEWS00836,SUP00836,NEWS_MENTIONS_SUPPLIER,0.8739,SYNTHETIC_DEMO
NEWS00837,SUP00837,NEWS_MENTIONS_SUPPLIER,0.6046,SYNTHETIC_DEMO
NEWS00838,SUP00838,NEWS_MENTIONS_SUPPLIER,0.6089,SYNTHETIC_DEMO
NEWS00839,SUP00839,NEWS_MENTIONS_SUPPLIER,0.9655,SYNTHETIC_DEMO
NEWS00840,SUP00840,NEWS_MENTIONS_SUPPLIER,0.659,SYNTHETIC_DEMO
NEWS00841,SUP00841,NEWS_MENTIONS_SUPPLIER,0.8203,SYNTHETIC_DEMO
NEWS00842,SUP00842,NEWS_MENTIONS_SUPPLIER,0.9717,SYNTHETIC_DEMO
NEWS00843,SUP00843,NEWS_MENTIONS_SUPPLIER,0.8467,SYNTHETIC_DEMO
NEWS00844,SUP00844,NEWS_MENTIONS_SUPPLIER,0.7318,SYNTHETIC_DEMO
NEWS00845,SUP00845,NEWS_MENTIONS_SUPPLIER,0.9072,SYNTHETIC_DEMO
NEWS00846,SUP00846,NEWS_MENTIONS_SUPPLIER,0.9025,SYNTHETIC_DEMO
NEWS00847,SUP00847,NEWS_MENTIONS_SUPPLIER,0.9951,SYNTHETIC_DEMO
NEWS00848,SUP00848,NEWS_MENTIONS_SUPPLIER,0.6933,SYNTHETIC_DEMO
NEWS00849,SUP00849,NEWS_MENTIONS_SUPPLIER,0.934,SYNTHETIC_DEMO
NEWS00850,SUP00850,NEWS_MENTIONS_SUPPLIER,0.5304,SYNTHETIC_DEMO
NEWS00851,SUP00851,NEWS_MENTIONS_SUPPLIER,0.6715,SYNTHETIC_DEMO
NEWS00852,SUP00852,NEWS_MENTIONS_SUPPLIER,0.5193,SYNTHETIC_DEMO
NEWS00853,SUP00853,NEWS_MENTIONS_SUPPLIER,0.6139,SYNTHETIC_DEMO
NEWS00854,SUP00854,NEWS_MENTIONS_SUPPLIER,0.794,SYNTHETIC_DEMO
NEWS00855,SUP00855,NEWS_MENTIONS_SUPPLIER,0.7159,SYNTHETIC_DEMO
NEWS00856,SUP00856,NEWS_MENTIONS_SUPPLIER,0.9348,SYNTHETIC_DEMO
NEWS00857,SUP00857,NEWS_MENTIONS_SUPPLIER,0.866,SYNTHETIC_DEMO
NEWS00858,SUP00858,NEWS_MENTIONS_SUPPLIER,0.6217,SYNTHETIC_DEMO
NEWS00859,SUP00859,NEWS_MENTIONS_SUPPLIER,0.7563,SYNTHETIC_DEMO
NEWS00860,SUP00860,NEWS_MENTIONS_SUPPLIER,0.6495,SYNTHETIC_DEMO
NEWS00861,SUP00861,NEWS_MENTIONS_SUPPLIER,0.637,SYNTHETIC_DEMO
NEWS00862,SUP00862,NEWS_MENTIONS_SUPPLIER,0.5545,SYNTHETIC_DEMO
NEWS00863,SUP00863,NEWS_MENTIONS_SUPPLIER,0.9107,SYNTHETIC_DEMO
NEWS00864,SUP00864,NEWS_MENTIONS_SUPPLIER,0.8124,SYNTHETIC_DEMO
NEWS00865,SUP00865,NEWS_MENTIONS_SUPPLIER,0.8783,SYNTHETIC_DEMO
NEWS00866,SUP00866,NEWS_MENTIONS_SUPPLIER,0.5079,SYNTHETIC_DEMO
NEWS00867,SUP00867,NEWS_MENTIONS_SUPPLIER,0.634,SYNTHETIC_DEMO
NEWS00868,SUP00868,NEWS_MENTIONS_SUPPLIER,0.816,SYNTHETIC_DEMO
NEWS00869,SUP00869,NEWS_MENTIONS_SUPPLIER,0.7962,SYNTHETIC_DEMO
NEWS00870,SUP00870,NEWS_MENTIONS_SUPPLIER,0.5143,SYNTHETIC_DEMO
NEWS00871,SUP00871,NEWS_MENTIONS_SUPPLIER,0.9419,SYNTHETIC_DEMO
NEWS00872,SUP00872,NEWS_MENTIONS_SUPPLIER,0.7951,SYNTHETIC_DEMO
NEWS00873,SUP00873,NEWS_MENTIONS_SUPPLIER,0.5832,SYNTHETIC_DEMO
NEWS00874,SUP00874,NEWS_MENTIONS_SUPPLIER,0.8168,SYNTHETIC_DEMO
NEWS00875,SUP00875,NEWS_MENTIONS_SUPPLIER,0.8053,SYNTHETIC_DEMO
NEWS00876,SUP00876,NEWS_MENTIONS_SUPPLIER,0.6296,SYNTHETIC_DEMO
NEWS00877,SUP00877,NEWS_MENTIONS_SUPPLIER,0.5949,SYNTHETIC_DEMO
NEWS00878,SUP00878,NEWS_MENTIONS_SUPPLIER,0.7671,SYNTHETIC_DEMO
NEWS00879,SUP00879,NEWS_MENTIONS_SUPPLIER,0.5391,SYNTHETIC_DEMO
NEWS00880,SUP00880,NEWS_MENTIONS_SUPPLIER,0.8981,SYNTHETIC_DEMO
NEWS00881,SUP00881,NEWS_MENTIONS_SUPPLIER,0.6011,SYNTHETIC_DEMO
NEWS00882,SUP00882,NEWS_MENTIONS_SUPPLIER,0.8075,SYNTHETIC_DEMO
NEWS00883,SUP00883,NEWS_MENTIONS_SUPPLIER,0.6203,SYNTHETIC_DEMO
NEWS00884,SUP00884,NEWS_MENTIONS_SUPPLIER,0.945,SYNTHETIC_DEMO
NEWS00885,SUP00885,NEWS_MENTIONS_SUPPLIER,0.8252,SYNTHETIC_DEMO
NEWS00886,SUP00886,NEWS_MENTIONS_SUPPLIER,0.9497,SYNTHETIC_DEMO
NEWS00887,SUP00887,NEWS_MENTIONS_SUPPLIER,0.569,SYNTHETIC_DEMO
NEWS00888,SUP00888,NEWS_MENTIONS_SUPPLIER,0.7874,SYNTHETIC_DEMO
NEWS00889,SUP00889,NEWS_MENTIONS_SUPPLIER,0.948,SYNTHETIC_DEMO
NEWS00890,SUP00890,NEWS_MENTIONS_SUPPLIER,0.7621,SYNTHETIC_DEMO
NEWS00891,SUP00891,NEWS_MENTIONS_SUPPLIER,0.5046,SYNTHETIC_DEMO
NEWS00892,SUP00892,NEWS_MENTIONS_SUPPLIER,0.9496,SYNTHETIC_DEMO
NEWS00893,SUP00893,NEWS_MENTIONS_SUPPLIER,0.6929,SYNTHETIC_DEMO
NEWS00894,SUP00894,NEWS_MENTIONS_SUPPLIER,0.964,SYNTHETIC_DEMO
NEWS00895,SUP00895,NEWS_MENTIONS_SUPPLIER,0.8065,SYNTHETIC_DEMO
NEWS00896,SUP00896,NEWS_MENTIONS_SUPPLIER,0.7366,SYNTHETIC_DEMO
NEWS00897,SUP00897,NEWS_MENTIONS_SUPPLIER,0.7753,SYNTHETIC_DEMO
NEWS00898,SUP00898,NEWS_MENTIONS_SUPPLIER,0.6858,SYNTHETIC_DEMO
NEWS00899,SUP00899,NEWS_MENTIONS_SUPPLIER,0.8012,SYNTHETIC_DEMO
NEWS00900,SUP00900,NEWS_MENTIONS_SUPPLIER,0.691,SYNTHETIC_DEMO
NEWS00901,SUP00901,NEWS_MENTIONS_SUPPLIER,0.9597,SYNTHETIC_DEMO
NEWS00902,SUP00902,NEWS_MENTIONS_SUPPLIER,0.6453,SYNTHETIC_DEMO
NEWS00903,SUP00903,NEWS_MENTIONS_SUPPLIER,0.8439,SYNTHETIC_DEMO
NEWS00904,SUP00904,NEWS_MENTIONS_SUPPLIER,0.568,SYNTHETIC_DEMO
NEWS00905,SUP00905,NEWS_MENTIONS_SUPPLIER,0.985,SYNTHETIC_DEMO
NEWS00906,SUP00906,NEWS_MENTIONS_SUPPLIER,0.8682,SYNTHETIC_DEMO
NEWS00907,SUP00907,NEWS_MENTIONS_SUPPLIER,0.6745,SYNTHETIC_DEMO
NEWS00908,SUP00908,NEWS_MENTIONS_SUPPLIER,0.7893,SYNTHETIC_DEMO
NEWS00909,SUP00909,NEWS_MENTIONS_SUPPLIER,0.5031,SYNTHETIC_DEMO
NEWS00910,SUP00910,NEWS_MENTIONS_SUPPLIER,0.5874,SYNTHETIC_DEMO
NEWS00911,SUP00911,NEWS_MENTIONS_SUPPLIER,0.792,SYNTHETIC_DEMO
NEWS00912,SUP00912,NEWS_MENTIONS_SUPPLIER,0.5169,SYNTHETIC_DEMO
NEWS00913,SUP00913,NEWS_MENTIONS_SUPPLIER,0.5039,SYNTHETIC_DEMO
NEWS00914,SUP00914,NEWS_MENTIONS_SUPPLIER,0.7535,SYNTHETIC_DEMO
NEWS00915,SUP00915,NEWS_MENTIONS_SUPPLIER,0.9947,SYNTHETIC_DEMO
NEWS00916,SUP00916,NEWS_MENTIONS_SUPPLIER,0.9539,SYNTHETIC_DEMO
NEWS00917,SUP00917,NEWS_MENTIONS_SUPPLIER,0.7152,SYNTHETIC_DEMO
NEWS00918,SUP00918,NEWS_MENTIONS_SUPPLIER,0.84,SYNTHETIC_DEMO
NEWS00919,SUP00919,NEWS_MENTIONS_SUPPLIER,0.6363,SYNTHETIC_DEMO
NEWS00920,SUP00920,NEWS_MENTIONS_SUPPLIER,0.5323,SYNTHETIC_DEMO
NEWS00921,SUP00921,NEWS_MENTIONS_SUPPLIER,0.7799,SYNTHETIC_DEMO
NEWS00922,SUP00922,NEWS_MENTIONS_SUPPLIER,0.5878,SYNTHETIC_DEMO
NEWS00923,SUP00923,NEWS_MENTIONS_SUPPLIER,0.6945,SYNTHETIC_DEMO
NEWS00924,SUP00924,NEWS_MENTIONS_SUPPLIER,0.7828,SYNTHETIC_DEMO
NEWS00925,SUP00925,NEWS_MENTIONS_SUPPLIER,0.9746,SYNTHETIC_DEMO
NEWS00926,SUP00926,NEWS_MENTIONS_SUPPLIER,0.8482,SYNTHETIC_DEMO
NEWS00927,SUP00927,NEWS_MENTIONS_SUPPLIER,0.9338,SYNTHETIC_DEMO
NEWS00928,SUP00928,NEWS_MENTIONS_SUPPLIER,0.8442,SYNTHETIC_DEMO
NEWS00929,SUP00929,NEWS_MENTIONS_SUPPLIER,0.6207,SYNTHETIC_DEMO
NEWS00930,SUP00930,NEWS_MENTIONS_SUPPLIER,0.9937,SYNTHETIC_DEMO
NEWS00931,SUP00931,NEWS_MENTIONS_SUPPLIER,0.7916,SYNTHETIC_DEMO
NEWS00932,SUP00932,NEWS_MENTIONS_SUPPLIER,0.9543,SYNTHETIC_DEMO
NEWS00933,SUP00933,NEWS_MENTIONS_SUPPLIER,0.7054,SYNTHETIC_DEMO
NEWS00934,SUP00934,NEWS_MENTIONS_SUPPLIER,0.5813,SYNTHETIC_DEMO
NEWS00935,SUP00935,NEWS_MENTIONS_SUPPLIER,0.591,SYNTHETIC_DEMO
NEWS00936,SUP00936,NEWS_MENTIONS_SUPPLIER,0.9813,SYNTHETIC_DEMO
NEWS00937,SUP00937,NEWS_MENTIONS_SUPPLIER,0.7424,SYNTHETIC_DEMO
NEWS00938,SUP00938,NEWS_MENTIONS_SUPPLIER,0.5298,SYNTHETIC_DEMO
NEWS00939,SUP00939,NEWS_MENTIONS_SUPPLIER,0.8445,SYNTHETIC_DEMO
NEWS00940,SUP00940,NEWS_MENTIONS_SUPPLIER,0.9269,SYNTHETIC_DEMO
NEWS00941,SUP00941,NEWS_MENTIONS_SUPPLIER,0.7633,SYNTHETIC_DEMO
NEWS00942,SUP00942,NEWS_MENTIONS_SUPPLIER,0.7264,SYNTHETIC_DEMO
NEWS00943,SUP00943,NEWS_MENTIONS_SUPPLIER,0.5503,SYNTHETIC_DEMO
NEWS00944,SUP00944,NEWS_MENTIONS_SUPPLIER,0.9693,SYNTHETIC_DEMO
NEWS00945,SUP00945,NEWS_MENTIONS_SUPPLIER,0.9399,SYNTHETIC_DEMO
NEWS00946,SUP00946,NEWS_MENTIONS_SUPPLIER,0.5286,SYNTHETIC_DEMO
NEWS00947,SUP00947,NEWS_MENTIONS_SUPPLIER,0.9682,SYNTHETIC_DEMO
NEWS00948,SUP00948,NEWS_MENTIONS_SUPPLIER,0.87,SYNTHETIC_DEMO
NEWS00949,SUP00949,NEWS_MENTIONS_SUPPLIER,0.5568,SYNTHETIC_DEMO
NEWS00950,SUP00950,NEWS_MENTIONS_SUPPLIER,0.9269,SYNTHETIC_DEMO
NEWS00951,SUP00951,NEWS_MENTIONS_SUPPLIER,0.9588,SYNTHETIC_DEMO
NEWS00952,SUP00952,NEWS_MENTIONS_SUPPLIER,0.6228,SYNTHETIC_DEMO
NEWS00953,SUP00953,NEWS_MENTIONS_SUPPLIER,0.9587,SYNTHETIC_DEMO
NEWS00954,SUP00954,NEWS_MENTIONS_SUPPLIER,0.563,SYNTHETIC_DEMO
NEWS00955,SUP00955,NEWS_MENTIONS_SUPPLIER,0.9103,SYNTHETIC_DEMO
NEWS00956,SUP00956,NEWS_MENTIONS_SUPPLIER,0.5367,SYNTHETIC_DEMO
NEWS00957,SUP00957,NEWS_MENTIONS_SUPPLIER,0.6646,SYNTHETIC_DEMO
NEWS00958,SUP00958,NEWS_MENTIONS_SUPPLIER,0.7125,SYNTHETIC_DEMO
NEWS00959,SUP00959,NEWS_MENTIONS_SUPPLIER,0.8744,SYNTHETIC_DEMO
NEWS00960,SUP00960,NEWS_MENTIONS_SUPPLIER,0.561,SYNTHETIC_DEMO
NEWS00961,SUP00961,NEWS_MENTIONS_SUPPLIER,0.7488,SYNTHETIC_DEMO
NEWS00962,SUP00962,NEWS_MENTIONS_SUPPLIER,0.8707,SYNTHETIC_DEMO
NEWS00963,SUP00963,NEWS_MENTIONS_SUPPLIER,0.7412,SYNTHETIC_DEMO
NEWS00964,SUP00964,NEWS_MENTIONS_SUPPLIER,0.9113,SYNTHETIC_DEMO
NEWS00965,SUP00965,NEWS_MENTIONS_SUPPLIER,0.6895,SYNTHETIC_DEMO
NEWS00966,SUP00966,NEWS_MENTIONS_SUPPLIER,0.8241,SYNTHETIC_DEMO
NEWS00967,SUP00967,NEWS_MENTIONS_SUPPLIER,0.8535,SYNTHETIC_DEMO
NEWS00968,SUP00968,NEWS_MENTIONS_SUPPLIER,0.8706,SYNTHETIC_DEMO
NEWS00969,SUP00969,NEWS_MENTIONS_SUPPLIER,0.9497,SYNTHETIC_DEMO
NEWS00970,SUP00970,NEWS_MENTIONS_SUPPLIER,0.862,SYNTHETIC_DEMO
NEWS00971,SUP00971,NEWS_MENTIONS_SUPPLIER,0.5969,SYNTHETIC_DEMO
NEWS00972,SUP00972,NEWS_MENTIONS_SUPPLIER,0.9925,SYNTHETIC_DEMO
NEWS00973,SUP00973,NEWS_MENTIONS_SUPPLIER,0.7789,SYNTHETIC_DEMO
NEWS00974,SUP00974,NEWS_MENTIONS_SUPPLIER,0.7755,SYNTHETIC_DEMO
NEWS00975,SUP00975,NEWS_MENTIONS_SUPPLIER,0.7597,SYNTHETIC_DEMO
NEWS00976,SUP00976,NEWS_MENTIONS_SUPPLIER,0.732,SYNTHETIC_DEMO
NEWS00977,SUP00977,NEWS_MENTIONS_SUPPLIER,0.6574,SYNTHETIC_DEMO
NEWS00978,SUP00978,NEWS_MENTIONS_SUPPLIER,0.9226,SYNTHETIC_DEMO
NEWS00979,SUP00979,NEWS_MENTIONS_SUPPLIER,0.6098,SYNTHETIC_DEMO
NEWS00980,SUP00980,NEWS_MENTIONS_SUPPLIER,0.922,SYNTHETIC_DEMO
NEWS00981,SUP00981,NEWS_MENTIONS_SUPPLIER,0.722,SYNTHETIC_DEMO
NEWS00982,SUP00982,NEWS_MENTIONS_SUPPLIER,0.8807,SYNTHETIC_DEMO
NEWS00983,SUP00983,NEWS_MENTIONS_SUPPLIER,0.8035,SYNTHETIC_DEMO
NEWS00984,SUP00984,NEWS_MENTIONS_SUPPLIER,0.9503,SYNTHETIC_DEMO
NEWS00985,SUP00985,NEWS_MENTIONS_SUPPLIER,0.6475,SYNTHETIC_DEMO
NEWS00986,SUP00986,NEWS_MENTIONS_SUPPLIER,0.5682,SYNTHETIC_DEMO
NEWS00987,SUP00987,NEWS_MENTIONS_SUPPLIER,0.7433,SYNTHETIC_DEMO
NEWS00988,SUP00988,NEWS_MENTIONS_SUPPLIER,0.5903,SYNTHETIC_DEMO
NEWS00989,SUP00989,NEWS_MENTIONS_SUPPLIER,0.5989,SYNTHETIC_DEMO
NEWS00990,SUP00990,NEWS_MENTIONS_SUPPLIER,0.5636,SYNTHETIC_DEMO
NEWS00991,SUP00991,NEWS_MENTIONS_SUPPLIER,0.5201,SYNTHETIC_DEMO
NEWS00992,SUP00992,NEWS_MENTIONS_SUPPLIER,0.6489,SYNTHETIC_DEMO
NEWS00993,SUP00993,NEWS_MENTIONS_SUPPLIER,0.8091,SYNTHETIC_DEMO
NEWS00994,SUP00994,NEWS_MENTIONS_SUPPLIER,0.5661,SYNTHETIC_DEMO
NEWS00995,SUP00995,NEWS_MENTIONS_SUPPLIER,0.7732,SYNTHETIC_DEMO
NEWS00996,SUP00996,NEWS_MENTIONS_SUPPLIER,0.7354,SYNTHETIC_DEMO
NEWS00997,SUP00997,NEWS_MENTIONS_SUPPLIER,0.6325,SYNTHETIC_DEMO
NEWS00998,SUP00998,NEWS_MENTIONS_SUPPLIER,0.5091,SYNTHETIC_DEMO
NEWS00999,SUP00999,NEWS_MENTIONS_SUPPLIER,0.9255,SYNTHETIC_DEMO
NEWS01000,SUP01000,NEWS_MENTIONS_SUPPLIER,0.8114,SYNTHETIC_DEMO
NEWS00001,SUP00001,NEWS_MENTIONS_SUPPLIER,0.8732,SYNTHETIC_DEMO
NEWS00002,SUP00002,NEWS_MENTIONS_SUPPLIER,0.5274,SYNTHETIC_DEMO
NEWS00003,SUP00003,NEWS_MENTIONS_SUPPLIER,0.9398,SYNTHETIC_DEMO
NEWS00004,SUP00004,NEWS_MENTIONS_SUPPLIER,0.85,SYNTHETIC_DEMO
NEWS00005,SUP00005,NEWS_MENTIONS_SUPPLIER,0.6964,SYNTHETIC_DEMO
NEWS00006,SUP00006,NEWS_MENTIONS_SUPPLIER,0.5136,SYNTHETIC_DEMO
NEWS00007,SUP00007,NEWS_MENTIONS_SUPPLIER,0.7538,SYNTHETIC_DEMO
NEWS00008,SUP00008,NEWS_MENTIONS_SUPPLIER,0.6687,SYNTHETIC_DEMO
NEWS00009,SUP00009,NEWS_MENTIONS_SUPPLIER,0.7806,SYNTHETIC_DEMO
NEWS00010,SUP00010,NEWS_MENTIONS_SUPPLIER,0.5348,SYNTHETIC_DEMO
NEWS00011,SUP00011,NEWS_MENTIONS_SUPPLIER,0.5009,SYNTHETIC_DEMO
NEWS00012,SUP00012,NEWS_MENTIONS_SUPPLIER,0.5971,SYNTHETIC_DEMO
NEWS00013,SUP00013,NEWS_MENTIONS_SUPPLIER,0.7917,SYNTHETIC_DEMO
NEWS00014,SUP00014,NEWS_MENTIONS_SUPPLIER,0.7218,SYNTHETIC_DEMO
NEWS00015,SUP00015,NEWS_MENTIONS_SUPPLIER,0.6994,SYNTHETIC_DEMO
NEWS00016,SUP00016,NEWS_MENTIONS_SUPPLIER,0.9071,SYNTHETIC_DEMO
NEWS00017,SUP00017,NEWS_MENTIONS_SUPPLIER,0.9919,SYNTHETIC_DEMO
NEWS00018,SUP00018,NEWS_MENTIONS_SUPPLIER,0.9916,SYNTHETIC_DEMO
NEWS00019,SUP00019,NEWS_MENTIONS_SUPPLIER,0.9188,SYNTHETIC_DEMO
NEWS00020,SUP00020,NEWS_MENTIONS_SUPPLIER,0.9364,SYNTHETIC_DEMO
NEWS00021,SUP00021,NEWS_MENTIONS_SUPPLIER,0.7953,SYNTHETIC_DEMO
NEWS00022,SUP00022,NEWS_MENTIONS_SUPPLIER,0.9126,SYNTHETIC_DEMO
NEWS00023,SUP00023,NEWS_MENTIONS_SUPPLIER,0.7838,SYNTHETIC_DEMO
NEWS00024,SUP00024,NEWS_MENTIONS_SUPPLIER,0.7521,SYNTHETIC_DEMO
NEWS00025,SUP00025,NEWS_MENTIONS_SUPPLIER,0.5107,SYNTHETIC_DEMO
NEWS00026,SUP00026,NEWS_MENTIONS_SUPPLIER,0.5466,SYNTHETIC_DEMO
NEWS00027,SUP00027,NEWS_MENTIONS_SUPPLIER,0.5085,SYNTHETIC_DEMO
NEWS00028,SUP00028,NEWS_MENTIONS_SUPPLIER,0.6022,SYNTHETIC_DEMO
NEWS00029,SUP00029,NEWS_MENTIONS_SUPPLIER,0.9085,SYNTHETIC_DEMO
NEWS00030,SUP00030,NEWS_MENTIONS_SUPPLIER,0.5997,SYNTHETIC_DEMO
NEWS00031,SUP00031,NEWS_MENTIONS_SUPPLIER,0.8196,SYNTHETIC_DEMO
NEWS00032,SUP00032,NEWS_MENTIONS_SUPPLIER,0.9858,SYNTHETIC_DEMO
NEWS00033,SUP00033,NEWS_MENTIONS_SUPPLIER,0.9815,SYNTHETIC_DEMO
NEWS00034,SUP00034,NEWS_MENTIONS_SUPPLIER,0.8,SYNTHETIC_DEMO
NEWS00035,SUP00035,NEWS_MENTIONS_SUPPLIER,0.9505,SYNTHETIC_DEMO
NEWS00036,SUP00036,NEWS_MENTIONS_SUPPLIER,0.877,SYNTHETIC_DEMO
NEWS00037,SUP00037,NEWS_MENTIONS_SUPPLIER,0.8933,SYNTHETIC_DEMO
NEWS00038,SUP00038,NEWS_MENTIONS_SUPPLIER,0.761,SYNTHETIC_DEMO
NEWS00039,SUP00039,NEWS_MENTIONS_SUPPLIER,0.6546,SYNTHETIC_DEMO
NEWS00040,SUP00040,NEWS_MENTIONS_SUPPLIER,0.5598,SYNTHETIC_DEMO
NEWS00041,SUP00041,NEWS_MENTIONS_SUPPLIER,0.8553,SYNTHETIC_DEMO
NEWS00042,SUP00042,NEWS_MENTIONS_SUPPLIER,0.9096,SYNTHETIC_DEMO
NEWS00043,SUP00043,NEWS_MENTIONS_SUPPLIER,0.5632,SYNTHETIC_DEMO
NEWS00044,SUP00044,NEWS_MENTIONS_SUPPLIER,0.8099,SYNTHETIC_DEMO
NEWS00045,SUP00045,NEWS_MENTIONS_SUPPLIER,0.8685,SYNTHETIC_DEMO
NEWS00046,SUP00046,NEWS_MENTIONS_SUPPLIER,0.8974,SYNTHETIC_DEMO
NEWS00047,SUP00047,NEWS_MENTIONS_SUPPLIER,0.5718,SYNTHETIC_DEMO
NEWS00048,SUP00048,NEWS_MENTIONS_SUPPLIER,0.7028,SYNTHETIC_DEMO
NEWS00049,SUP00049,NEWS_MENTIONS_SUPPLIER,0.5199,SYNTHETIC_DEMO
NEWS00050,SUP00050,NEWS_MENTIONS_SUPPLIER,0.5815,SYNTHETIC_DEMO
NEWS00051,SUP00051,NEWS_MENTIONS_SUPPLIER,0.7361,SYNTHETIC_DEMO
NEWS00052,SUP00052,NEWS_MENTIONS_SUPPLIER,0.595,SYNTHETIC_DEMO
NEWS00053,SUP00053,NEWS_MENTIONS_SUPPLIER,0.7452,SYNTHETIC_DEMO
NEWS00054,SUP00054,NEWS_MENTIONS_SUPPLIER,0.5139,SYNTHETIC_DEMO
NEWS00055,SUP00055,NEWS_MENTIONS_SUPPLIER,0.5485,SYNTHETIC_DEMO
NEWS00056,SUP00056,NEWS_MENTIONS_SUPPLIER,0.8755,SYNTHETIC_DEMO
NEWS00057,SUP00057,NEWS_MENTIONS_SUPPLIER,0.7512,SYNTHETIC_DEMO
NEWS00058,SUP00058,NEWS_MENTIONS_SUPPLIER,0.6116,SYNTHETIC_DEMO
NEWS00059,SUP00059,NEWS_MENTIONS_SUPPLIER,0.5623,SYNTHETIC_DEMO
NEWS00060,SUP00060,NEWS_MENTIONS_SUPPLIER,0.6178,SYNTHETIC_DEMO
NEWS00061,SUP00061,NEWS_MENTIONS_SUPPLIER,0.8356,SYNTHETIC_DEMO
NEWS00062,SUP00062,NEWS_MENTIONS_SUPPLIER,0.8223,SYNTHETIC_DEMO
NEWS00063,SUP00063,NEWS_MENTIONS_SUPPLIER,0.6475,SYNTHETIC_DEMO
NEWS00064,SUP00064,NEWS_MENTIONS_SUPPLIER,0.9525,SYNTHETIC_DEMO
NEWS00065,SUP00065,NEWS_MENTIONS_SUPPLIER,0.9861,SYNTHETIC_DEMO
NEWS00066,SUP00066,NEWS_MENTIONS_SUPPLIER,0.5784,SYNTHETIC_DEMO
NEWS00067,SUP00067,NEWS_MENTIONS_SUPPLIER,0.9622,SYNTHETIC_DEMO
NEWS00068,SUP00068,NEWS_MENTIONS_SUPPLIER,0.6056,SYNTHETIC_DEMO
NEWS00069,SUP00069,NEWS_MENTIONS_SUPPLIER,0.882,SYNTHETIC_DEMO
NEWS00070,SUP00070,NEWS_MENTIONS_SUPPLIER,0.9221,SYNTHETIC_DEMO
NEWS00071,SUP00071,NEWS_MENTIONS_SUPPLIER,0.8482,SYNTHETIC_DEMO
NEWS00072,SUP00072,NEWS_MENTIONS_SUPPLIER,0.529,SYNTHETIC_DEMO
NEWS00073,SUP00073,NEWS_MENTIONS_SUPPLIER,0.9391,SYNTHETIC_DEMO
NEWS00074,SUP00074,NEWS_MENTIONS_SUPPLIER,0.9736,SYNTHETIC_DEMO
NEWS00075,SUP00075,NEWS_MENTIONS_SUPPLIER,0.681,SYNTHETIC_DEMO
NEWS00076,SUP00076,NEWS_MENTIONS_SUPPLIER,0.9063,SYNTHETIC_DEMO
NEWS00077,SUP00077,NEWS_MENTIONS_SUPPLIER,0.7778,SYNTHETIC_DEMO
NEWS00078,SUP00078,NEWS_MENTIONS_SUPPLIER,0.9283,SYNTHETIC_DEMO
NEWS00079,SUP00079,NEWS_MENTIONS_SUPPLIER,0.7257,SYNTHETIC_DEMO
NEWS00080,SUP00080,NEWS_MENTIONS_SUPPLIER,0.9483,SYNTHETIC_DEMO
NEWS00081,SUP00081,NEWS_MENTIONS_SUPPLIER,0.9874,SYNTHETIC_DEMO
NEWS00082,SUP00082,NEWS_MENTIONS_SUPPLIER,0.9819,SYNTHETIC_DEMO
NEWS00083,SUP00083,NEWS_MENTIONS_SUPPLIER,0.6254,SYNTHETIC_DEMO
NEWS00084,SUP00084,NEWS_MENTIONS_SUPPLIER,0.6533,SYNTHETIC_DEMO
NEWS00085,SUP00085,NEWS_MENTIONS_SUPPLIER,0.5188,SYNTHETIC_DEMO
NEWS00086,SUP00086,NEWS_MENTIONS_SUPPLIER,0.5633,SYNTHETIC_DEMO
NEWS00087,SUP00087,NEWS_MENTIONS_SUPPLIER,0.7858,SYNTHETIC_DEMO
NEWS00088,SUP00088,NEWS_MENTIONS_SUPPLIER,0.8687,SYNTHETIC_DEMO
NEWS00089,SUP00089,NEWS_MENTIONS_SUPPLIER,0.8414,SYNTHETIC_DEMO
NEWS00090,SUP00090,NEWS_MENTIONS_SUPPLIER,0.6586,SYNTHETIC_DEMO
NEWS00091,SUP00091,NEWS_MENTIONS_SUPPLIER,0.9061,SYNTHETIC_DEMO
NEWS00092,SUP00092,NEWS_MENTIONS_SUPPLIER,0.9133,SYNTHETIC_DEMO
NEWS00093,SUP00093,NEWS_MENTIONS_SUPPLIER,0.8868,SYNTHETIC_DEMO
NEWS00094,SUP00094,NEWS_MENTIONS_SUPPLIER,0.62,SYNTHETIC_DEMO
NEWS00095,SUP00095,NEWS_MENTIONS_SUPPLIER,0.7055,SYNTHETIC_DEMO
NEWS00096,SUP00096,NEWS_MENTIONS_SUPPLIER,0.8075,SYNTHETIC_DEMO
NEWS00097,SUP00097,NEWS_MENTIONS_SUPPLIER,0.9848,SYNTHETIC_DEMO
NEWS00098,SUP00098,NEWS_MENTIONS_SUPPLIER,0.5926,SYNTHETIC_DEMO
NEWS00099,SUP00099,NEWS_MENTIONS_SUPPLIER,0.8935,SYNTHETIC_DEMO
NEWS00100,SUP00100,NEWS_MENTIONS_SUPPLIER,0.6172,SYNTHETIC_DEMO
NEWS00101,SUP00101,NEWS_MENTIONS_SUPPLIER,0.9061,SYNTHETIC_DEMO
NEWS00102,SUP00102,NEWS_MENTIONS_SUPPLIER,0.7118,SYNTHETIC_DEMO
NEWS00103,SUP00103,NEWS_MENTIONS_SUPPLIER,0.8273,SYNTHETIC_DEMO
NEWS00104,SUP00104,NEWS_MENTIONS_SUPPLIER,0.7277,SYNTHETIC_DEMO
NEWS00105,SUP00105,NEWS_MENTIONS_SUPPLIER,0.992,SYNTHETIC_DEMO
NEWS00106,SUP00106,NEWS_MENTIONS_SUPPLIER,0.5155,SYNTHETIC_DEMO
NEWS00107,SUP00107,NEWS_MENTIONS_SUPPLIER,0.8699,SYNTHETIC_DEMO
NEWS00108,SUP00108,NEWS_MENTIONS_SUPPLIER,0.6427,SYNTHETIC_DEMO
NEWS00109,SUP00109,NEWS_MENTIONS_SUPPLIER,0.8031,SYNTHETIC_DEMO
NEWS00110,SUP00110,NEWS_MENTIONS_SUPPLIER,0.9776,SYNTHETIC_DEMO
NEWS00111,SUP00111,NEWS_MENTIONS_SUPPLIER,0.8928,SYNTHETIC_DEMO
NEWS00112,SUP00112,NEWS_MENTIONS_SUPPLIER,0.6811,SYNTHETIC_DEMO
NEWS00113,SUP00113,NEWS_MENTIONS_SUPPLIER,0.799,SYNTHETIC_DEMO
NEWS00114,SUP00114,NEWS_MENTIONS_SUPPLIER,0.5779,SYNTHETIC_DEMO
NEWS00115,SUP00115,NEWS_MENTIONS_SUPPLIER,0.5717,SYNTHETIC_DEMO
NEWS00116,SUP00116,NEWS_MENTIONS_SUPPLIER,0.8605,SYNTHETIC_DEMO
NEWS00117,SUP00117,NEWS_MENTIONS_SUPPLIER,0.9529,SYNTHETIC_DEMO
NEWS00118,SUP00118,NEWS_MENTIONS_SUPPLIER,0.9209,SYNTHETIC_DEMO
NEWS00119,SUP00119,NEWS_MENTIONS_SUPPLIER,0.5389,SYNTHETIC_DEMO
NEWS00120,SUP00120,NEWS_MENTIONS_SUPPLIER,0.7971,SYNTHETIC_DEMO
NEWS00121,SUP00121,NEWS_MENTIONS_SUPPLIER,0.9902,SYNTHETIC_DEMO
NEWS00122,SUP00122,NEWS_MENTIONS_SUPPLIER,0.9479,SYNTHETIC_DEMO
NEWS00123,SUP00123,NEWS_MENTIONS_SUPPLIER,0.6405,SYNTHETIC_DEMO
NEWS00124,SUP00124,NEWS_MENTIONS_SUPPLIER,0.5917,SYNTHETIC_DEMO
NEWS00125,SUP00125,NEWS_MENTIONS_SUPPLIER,0.7298,SYNTHETIC_DEMO
NEWS00126,SUP00126,NEWS_MENTIONS_SUPPLIER,0.9481,SYNTHETIC_DEMO
NEWS00127,SUP00127,NEWS_MENTIONS_SUPPLIER,0.9408,SYNTHETIC_DEMO
NEWS00128,SUP00128,NEWS_MENTIONS_SUPPLIER,0.7263,SYNTHETIC_DEMO
NEWS00129,SUP00129,NEWS_MENTIONS_SUPPLIER,0.5196,SYNTHETIC_DEMO
NEWS00130,SUP00130,NEWS_MENTIONS_SUPPLIER,0.8224,SYNTHETIC_DEMO
NEWS00131,SUP00131,NEWS_MENTIONS_SUPPLIER,0.9116,SYNTHETIC_DEMO
NEWS00132,SUP00132,NEWS_MENTIONS_SUPPLIER,0.7291,SYNTHETIC_DEMO
NEWS00133,SUP00133,NEWS_MENTIONS_SUPPLIER,0.5666,SYNTHETIC_DEMO
NEWS00134,SUP00134,NEWS_MENTIONS_SUPPLIER,0.8193,SYNTHETIC_DEMO
NEWS00135,SUP00135,NEWS_MENTIONS_SUPPLIER,0.7893,SYNTHETIC_DEMO
NEWS00136,SUP00136,NEWS_MENTIONS_SUPPLIER,0.9364,SYNTHETIC_DEMO
NEWS00137,SUP00137,NEWS_MENTIONS_SUPPLIER,0.6955,SYNTHETIC_DEMO
NEWS00138,SUP00138,NEWS_MENTIONS_SUPPLIER,0.515,SYNTHETIC_DEMO
NEWS00139,SUP00139,NEWS_MENTIONS_SUPPLIER,0.9788,SYNTHETIC_DEMO
NEWS00140,SUP00140,NEWS_MENTIONS_SUPPLIER,0.685,SYNTHETIC_DEMO
NEWS00141,SUP00141,NEWS_MENTIONS_SUPPLIER,0.822,SYNTHETIC_DEMO
NEWS00142,SUP00142,NEWS_MENTIONS_SUPPLIER,0.7242,SYNTHETIC_DEMO
NEWS00143,SUP00143,NEWS_MENTIONS_SUPPLIER,0.8389,SYNTHETIC_DEMO
NEWS00144,SUP00144,NEWS_MENTIONS_SUPPLIER,0.7531,SYNTHETIC_DEMO
NEWS00145,SUP00145,NEWS_MENTIONS_SUPPLIER,0.7864,SYNTHETIC_DEMO
NEWS00146,SUP00146,NEWS_MENTIONS_SUPPLIER,0.5374,SYNTHETIC_DEMO
NEWS00147,SUP00147,NEWS_MENTIONS_SUPPLIER,0.9754,SYNTHETIC_DEMO
NEWS00148,SUP00148,NEWS_MENTIONS_SUPPLIER,0.6171,SYNTHETIC_DEMO
NEWS00149,SUP00149,NEWS_MENTIONS_SUPPLIER,0.5314,SYNTHETIC_DEMO
NEWS00150,SUP00150,NEWS_MENTIONS_SUPPLIER,0.7629,SYNTHETIC_DEMO
NEWS00151,SUP00151,NEWS_MENTIONS_SUPPLIER,0.5238,SYNTHETIC_DEMO
NEWS00152,SUP00152,NEWS_MENTIONS_SUPPLIER,0.596,SYNTHETIC_DEMO
NEWS00153,SUP00153,NEWS_MENTIONS_SUPPLIER,0.5452,SYNTHETIC_DEMO
NEWS00154,SUP00154,NEWS_MENTIONS_SUPPLIER,0.5974,SYNTHETIC_DEMO
NEWS00155,SUP00155,NEWS_MENTIONS_SUPPLIER,0.5869,SYNTHETIC_DEMO
NEWS00156,SUP00156,NEWS_MENTIONS_SUPPLIER,0.6682,SYNTHETIC_DEMO
NEWS00157,SUP00157,NEWS_MENTIONS_SUPPLIER,0.6727,SYNTHETIC_DEMO
NEWS00158,SUP00158,NEWS_MENTIONS_SUPPLIER,0.6436,SYNTHETIC_DEMO
NEWS00159,SUP00159,NEWS_MENTIONS_SUPPLIER,0.8087,SYNTHETIC_DEMO
NEWS00160,SUP00160,NEWS_MENTIONS_SUPPLIER,0.5248,SYNTHETIC_DEMO
NEWS00161,SUP00161,NEWS_MENTIONS_SUPPLIER,0.5664,SYNTHETIC_DEMO
NEWS00162,SUP00162,NEWS_MENTIONS_SUPPLIER,0.9507,SYNTHETIC_DEMO
NEWS00163,SUP00163,NEWS_MENTIONS_SUPPLIER,0.6894,SYNTHETIC_DEMO
NEWS00164,SUP00164,NEWS_MENTIONS_SUPPLIER,0.6053,SYNTHETIC_DEMO
NEWS00165,SUP00165,NEWS_MENTIONS_SUPPLIER,0.778,SYNTHETIC_DEMO
NEWS00166,SUP00166,NEWS_MENTIONS_SUPPLIER,0.946,SYNTHETIC_DEMO
NEWS00167,SUP00167,NEWS_MENTIONS_SUPPLIER,0.7431,SYNTHETIC_DEMO
NEWS00168,SUP00168,NEWS_MENTIONS_SUPPLIER,0.7388,SYNTHETIC_DEMO
NEWS00169,SUP00169,NEWS_MENTIONS_SUPPLIER,0.8485,SYNTHETIC_DEMO
NEWS00170,SUP00170,NEWS_MENTIONS_SUPPLIER,0.6487,SYNTHETIC_DEMO
NEWS00171,SUP00171,NEWS_MENTIONS_SUPPLIER,0.6369,SYNTHETIC_DEMO
NEWS00172,SUP00172,NEWS_MENTIONS_SUPPLIER,0.7922,SYNTHETIC_DEMO
NEWS00173,SUP00173,NEWS_MENTIONS_SUPPLIER,0.6978,SYNTHETIC_DEMO
NEWS00174,SUP00174,NEWS_MENTIONS_SUPPLIER,0.9815,SYNTHETIC_DEMO
NEWS00175,SUP00175,NEWS_MENTIONS_SUPPLIER,0.7434,SYNTHETIC_DEMO
NEWS00176,SUP00176,NEWS_MENTIONS_SUPPLIER,0.7194,SYNTHETIC_DEMO
NEWS00177,SUP00177,NEWS_MENTIONS_SUPPLIER,0.7159,SYNTHETIC_DEMO
NEWS00178,SUP00178,NEWS_MENTIONS_SUPPLIER,0.9283,SYNTHETIC_DEMO
NEWS00179,SUP00179,NEWS_MENTIONS_SUPPLIER,0.9834,SYNTHETIC_DEMO
NEWS00180,SUP00180,NEWS_MENTIONS_SUPPLIER,0.669,SYNTHETIC_DEMO
NEWS00181,SUP00181,NEWS_MENTIONS_SUPPLIER,0.8189,SYNTHETIC_DEMO
NEWS00182,SUP00182,NEWS_MENTIONS_SUPPLIER,0.8729,SYNTHETIC_DEMO
NEWS00183,SUP00183,NEWS_MENTIONS_SUPPLIER,0.8062,SYNTHETIC_DEMO
NEWS00184,SUP00184,NEWS_MENTIONS_SUPPLIER,0.7246,SYNTHETIC_DEMO
NEWS00185,SUP00185,NEWS_MENTIONS_SUPPLIER,0.9051,SYNTHETIC_DEMO
NEWS00186,SUP00186,NEWS_MENTIONS_SUPPLIER,0.6465,SYNTHETIC_DEMO
NEWS00187,SUP00187,NEWS_MENTIONS_SUPPLIER,0.9937,SYNTHETIC_DEMO
NEWS00188,SUP00188,NEWS_MENTIONS_SUPPLIER,0.9432,SYNTHETIC_DEMO
NEWS00189,SUP00189,NEWS_MENTIONS_SUPPLIER,0.6343,SYNTHETIC_DEMO
NEWS00190,SUP00190,NEWS_MENTIONS_SUPPLIER,0.921,SYNTHETIC_DEMO
NEWS00191,SUP00191,NEWS_MENTIONS_SUPPLIER,0.9833,SYNTHETIC_DEMO
NEWS00192,SUP00192,NEWS_MENTIONS_SUPPLIER,0.981,SYNTHETIC_DEMO
NEWS00193,SUP00193,NEWS_MENTIONS_SUPPLIER,0.6711,SYNTHETIC_DEMO
NEWS00194,SUP00194,NEWS_MENTIONS_SUPPLIER,0.6002,SYNTHETIC_DEMO
NEWS00195,SUP00195,NEWS_MENTIONS_SUPPLIER,0.6119,SYNTHETIC_DEMO
NEWS00196,SUP00196,NEWS_MENTIONS_SUPPLIER,0.57,SYNTHETIC_DEMO
NEWS00197,SUP00197,NEWS_MENTIONS_SUPPLIER,0.8589,SYNTHETIC_DEMO
NEWS00198,SUP00198,NEWS_MENTIONS_SUPPLIER,0.6865,SYNTHETIC_DEMO
NEWS00199,SUP00199,NEWS_MENTIONS_SUPPLIER,0.7964,SYNTHETIC_DEMO
NEWS00200,SUP00200,NEWS_MENTIONS_SUPPLIER,0.8156,SYNTHETIC_DEMO
NEWS00201,SUP00201,NEWS_MENTIONS_SUPPLIER,0.5227,SYNTHETIC_DEMO
NEWS00202,SUP00202,NEWS_MENTIONS_SUPPLIER,0.6903,SYNTHETIC_DEMO
NEWS00203,SUP00203,NEWS_MENTIONS_SUPPLIER,0.968,SYNTHETIC_DEMO
NEWS00204,SUP00204,NEWS_MENTIONS_SUPPLIER,0.9352,SYNTHETIC_DEMO
NEWS00205,SUP00205,NEWS_MENTIONS_SUPPLIER,0.7608,SYNTHETIC_DEMO
NEWS00206,SUP00206,NEWS_MENTIONS_SUPPLIER,0.6273,SYNTHETIC_DEMO
NEWS00207,SUP00207,NEWS_MENTIONS_SUPPLIER,0.7881,SYNTHETIC_DEMO
NEWS00208,SUP00208,NEWS_MENTIONS_SUPPLIER,0.6909,SYNTHETIC_DEMO
NEWS00209,SUP00209,NEWS_MENTIONS_SUPPLIER,0.597,SYNTHETIC_DEMO
NEWS00210,SUP00210,NEWS_MENTIONS_SUPPLIER,0.7343,SYNTHETIC_DEMO
NEWS00211,SUP00211,NEWS_MENTIONS_SUPPLIER,0.6666,SYNTHETIC_DEMO
NEWS00212,SUP00212,NEWS_MENTIONS_SUPPLIER,0.7944,SYNTHETIC_DEMO
NEWS00213,SUP00213,NEWS_MENTIONS_SUPPLIER,0.6341,SYNTHETIC_DEMO
NEWS00214,SUP00214,NEWS_MENTIONS_SUPPLIER,0.8012,SYNTHETIC_DEMO
NEWS00215,SUP00215,NEWS_MENTIONS_SUPPLIER,0.6666,SYNTHETIC_DEMO
NEWS00216,SUP00216,NEWS_MENTIONS_SUPPLIER,0.6499,SYNTHETIC_DEMO
NEWS00217,SUP00217,NEWS_MENTIONS_SUPPLIER,0.8033,SYNTHETIC_DEMO
NEWS00218,SUP00218,NEWS_MENTIONS_SUPPLIER,0.5574,SYNTHETIC_DEMO
NEWS00219,SUP00219,NEWS_MENTIONS_SUPPLIER,0.7134,SYNTHETIC_DEMO
NEWS00220,SUP00220,NEWS_MENTIONS_SUPPLIER,0.9728,SYNTHETIC_DEMO
NEWS00221,SUP00221,NEWS_MENTIONS_SUPPLIER,0.6223,SYNTHETIC_DEMO
NEWS00222,SUP00222,NEWS_MENTIONS_SUPPLIER,0.7161,SYNTHETIC_DEMO
NEWS00223,SUP00223,NEWS_MENTIONS_SUPPLIER,0.546,SYNTHETIC_DEMO
NEWS00224,SUP00224,NEWS_MENTIONS_SUPPLIER,0.5953,SYNTHETIC_DEMO
NEWS00225,SUP00225,NEWS_MENTIONS_SUPPLIER,0.9442,SYNTHETIC_DEMO
NEWS00226,SUP00226,NEWS_MENTIONS_SUPPLIER,0.9218,SYNTHETIC_DEMO
NEWS00227,SUP00227,NEWS_MENTIONS_SUPPLIER,0.8636,SYNTHETIC_DEMO
NEWS00228,SUP00228,NEWS_MENTIONS_SUPPLIER,0.5302,SYNTHETIC_DEMO
NEWS00229,SUP00229,NEWS_MENTIONS_SUPPLIER,0.7863,SYNTHETIC_DEMO
NEWS00230,SUP00230,NEWS_MENTIONS_SUPPLIER,0.6262,SYNTHETIC_DEMO
NEWS00231,SUP00231,NEWS_MENTIONS_SUPPLIER,0.8128,SYNTHETIC_DEMO
NEWS00232,SUP00232,NEWS_MENTIONS_SUPPLIER,0.9549,SYNTHETIC_DEMO
NEWS00233,SUP00233,NEWS_MENTIONS_SUPPLIER,0.5442,SYNTHETIC_DEMO
NEWS00234,SUP00234,NEWS_MENTIONS_SUPPLIER,0.6836,SYNTHETIC_DEMO
NEWS00235,SUP00235,NEWS_MENTIONS_SUPPLIER,0.7946,SYNTHETIC_DEMO
NEWS00236,SUP00236,NEWS_MENTIONS_SUPPLIER,0.8027,SYNTHETIC_DEMO
NEWS00237,SUP00237,NEWS_MENTIONS_SUPPLIER,0.6806,SYNTHETIC_DEMO
NEWS00238,SUP00238,NEWS_MENTIONS_SUPPLIER,0.8034,SYNTHETIC_DEMO
NEWS00239,SUP00239,NEWS_MENTIONS_SUPPLIER,0.6926,SYNTHETIC_DEMO
NEWS00240,SUP00240,NEWS_MENTIONS_SUPPLIER,0.8389,SYNTHETIC_DEMO
NEWS00241,SUP00241,NEWS_MENTIONS_SUPPLIER,0.7743,SYNTHETIC_DEMO
NEWS00242,SUP00242,NEWS_MENTIONS_SUPPLIER,0.5598,SYNTHETIC_DEMO
NEWS00243,SUP00243,NEWS_MENTIONS_SUPPLIER,0.9224,SYNTHETIC_DEMO
NEWS00244,SUP00244,NEWS_MENTIONS_SUPPLIER,0.6871,SYNTHETIC_DEMO
NEWS00245,SUP00245,NEWS_MENTIONS_SUPPLIER,0.9591,SYNTHETIC_DEMO
NEWS00246,SUP00246,NEWS_MENTIONS_SUPPLIER,0.7759,SYNTHETIC_DEMO
NEWS00247,SUP00247,NEWS_MENTIONS_SUPPLIER,0.9461,SYNTHETIC_DEMO
NEWS00248,SUP00248,NEWS_MENTIONS_SUPPLIER,0.7401,SYNTHETIC_DEMO
NEWS00249,SUP00249,NEWS_MENTIONS_SUPPLIER,0.7534,SYNTHETIC_DEMO
NEWS00250,SUP00250,NEWS_MENTIONS_SUPPLIER,0.7876,SYNTHETIC_DEMO
NEWS00251,SUP00251,NEWS_MENTIONS_SUPPLIER,0.8422,SYNTHETIC_DEMO
NEWS00252,SUP00252,NEWS_MENTIONS_SUPPLIER,0.6747,SYNTHETIC_DEMO
NEWS00253,SUP00253,NEWS_MENTIONS_SUPPLIER,0.8931,SYNTHETIC_DEMO
NEWS00254,SUP00254,NEWS_MENTIONS_SUPPLIER,0.8736,SYNTHETIC_DEMO
NEWS00255,SUP00255,NEWS_MENTIONS_SUPPLIER,0.6525,SYNTHETIC_DEMO
NEWS00256,SUP00256,NEWS_MENTIONS_SUPPLIER,0.6141,SYNTHETIC_DEMO
NEWS00257,SUP00257,NEWS_MENTIONS_SUPPLIER,0.5715,SYNTHETIC_DEMO
NEWS00258,SUP00258,NEWS_MENTIONS_SUPPLIER,0.5567,SYNTHETIC_DEMO
NEWS00259,SUP00259,NEWS_MENTIONS_SUPPLIER,0.893,SYNTHETIC_DEMO
NEWS00260,SUP00260,NEWS_MENTIONS_SUPPLIER,0.7531,SYNTHETIC_DEMO
NEWS00261,SUP00261,NEWS_MENTIONS_SUPPLIER,0.5628,SYNTHETIC_DEMO
NEWS00262,SUP00262,NEWS_MENTIONS_SUPPLIER,0.763,SYNTHETIC_DEMO
NEWS00263,SUP00263,NEWS_MENTIONS_SUPPLIER,0.8919,SYNTHETIC_DEMO
NEWS00264,SUP00264,NEWS_MENTIONS_SUPPLIER,0.5357,SYNTHETIC_DEMO
NEWS00265,SUP00265,NEWS_MENTIONS_SUPPLIER,0.5505,SYNTHETIC_DEMO
NEWS00266,SUP00266,NEWS_MENTIONS_SUPPLIER,0.7309,SYNTHETIC_DEMO
NEWS00267,SUP00267,NEWS_MENTIONS_SUPPLIER,0.838,SYNTHETIC_DEMO
NEWS00268,SUP00268,NEWS_MENTIONS_SUPPLIER,0.801,SYNTHETIC_DEMO
NEWS00269,SUP00269,NEWS_MENTIONS_SUPPLIER,0.9846,SYNTHETIC_DEMO
NEWS00270,SUP00270,NEWS_MENTIONS_SUPPLIER,0.8517,SYNTHETIC_DEMO
NEWS00271,SUP00271,NEWS_MENTIONS_SUPPLIER,0.5671,SYNTHETIC_DEMO
NEWS00272,SUP00272,NEWS_MENTIONS_SUPPLIER,0.9111,SYNTHETIC_DEMO
NEWS00273,SUP00273,NEWS_MENTIONS_SUPPLIER,0.595,SYNTHETIC_DEMO
NEWS00274,SUP00274,NEWS_MENTIONS_SUPPLIER,0.7709,SYNTHETIC_DEMO
NEWS00275,SUP00275,NEWS_MENTIONS_SUPPLIER,0.7468,SYNTHETIC_DEMO
NEWS00276,SUP00276,NEWS_MENTIONS_SUPPLIER,0.7705,SYNTHETIC_DEMO
NEWS00277,SUP00277,NEWS_MENTIONS_SUPPLIER,0.6945,SYNTHETIC_DEMO
NEWS00278,SUP00278,NEWS_MENTIONS_SUPPLIER,0.5172,SYNTHETIC_DEMO
NEWS00279,SUP00279,NEWS_MENTIONS_SUPPLIER,0.731,SYNTHETIC_DEMO
NEWS00280,SUP00280,NEWS_MENTIONS_SUPPLIER,0.848,SYNTHETIC_DEMO
NEWS00281,SUP00281,NEWS_MENTIONS_SUPPLIER,0.9913,SYNTHETIC_DEMO
NEWS00282,SUP00282,NEWS_MENTIONS_SUPPLIER,0.8963,SYNTHETIC_DEMO
NEWS00283,SUP00283,NEWS_MENTIONS_SUPPLIER,0.7219,SYNTHETIC_DEMO
NEWS00284,SUP00284,NEWS_MENTIONS_SUPPLIER,0.8096,SYNTHETIC_DEMO
NEWS00285,SUP00285,NEWS_MENTIONS_SUPPLIER,0.9848,SYNTHETIC_DEMO
NEWS00286,SUP00286,NEWS_MENTIONS_SUPPLIER,0.5674,SYNTHETIC_DEMO
NEWS00287,SUP00287,NEWS_MENTIONS_SUPPLIER,0.6621,SYNTHETIC_DEMO
NEWS00288,SUP00288,NEWS_MENTIONS_SUPPLIER,0.6805,SYNTHETIC_DEMO
NEWS00289,SUP00289,NEWS_MENTIONS_SUPPLIER,0.6053,SYNTHETIC_DEMO
NEWS00290,SUP00290,NEWS_MENTIONS_SUPPLIER,0.5657,SYNTHETIC_DEMO
NEWS00291,SUP00291,NEWS_MENTIONS_SUPPLIER,0.9339,SYNTHETIC_DEMO
NEWS00292,SUP00292,NEWS_MENTIONS_SUPPLIER,0.8137,SYNTHETIC_DEMO
NEWS00293,SUP00293,NEWS_MENTIONS_SUPPLIER,0.7176,SYNTHETIC_DEMO
NEWS00294,SUP00294,NEWS_MENTIONS_SUPPLIER,0.7515,SYNTHETIC_DEMO
NEWS00295,SUP00295,NEWS_MENTIONS_SUPPLIER,0.9361,SYNTHETIC_DEMO
NEWS00296,SUP00296,NEWS_MENTIONS_SUPPLIER,0.9008,SYNTHETIC_DEMO
NEWS00297,SUP00297,NEWS_MENTIONS_SUPPLIER,0.8772,SYNTHETIC_DEMO
NEWS00298,SUP00298,NEWS_MENTIONS_SUPPLIER,0.7582,SYNTHETIC_DEMO
NEWS00299,SUP00299,NEWS_MENTIONS_SUPPLIER,0.7307,SYNTHETIC_DEMO
NEWS00300,SUP00300,NEWS_MENTIONS_SUPPLIER,0.8877,SYNTHETIC_DEMO
NEWS00301,SUP00301,NEWS_MENTIONS_SUPPLIER,0.7014,SYNTHETIC_DEMO
NEWS00302,SUP00302,NEWS_MENTIONS_SUPPLIER,0.513,SYNTHETIC_DEMO
NEWS00303,SUP00303,NEWS_MENTIONS_SUPPLIER,0.5685,SYNTHETIC_DEMO
NEWS00304,SUP00304,NEWS_MENTIONS_SUPPLIER,0.8567,SYNTHETIC_DEMO
NEWS00305,SUP00305,NEWS_MENTIONS_SUPPLIER,0.9014,SYNTHETIC_DEMO
NEWS00306,SUP00306,NEWS_MENTIONS_SUPPLIER,0.8285,SYNTHETIC_DEMO
NEWS00307,SUP00307,NEWS_MENTIONS_SUPPLIER,0.81,SYNTHETIC_DEMO
NEWS00308,SUP00308,NEWS_MENTIONS_SUPPLIER,0.8604,SYNTHETIC_DEMO
NEWS00309,SUP00309,NEWS_MENTIONS_SUPPLIER,0.9668,SYNTHETIC_DEMO
NEWS00310,SUP00310,NEWS_MENTIONS_SUPPLIER,0.6817,SYNTHETIC_DEMO
NEWS00311,SUP00311,NEWS_MENTIONS_SUPPLIER,0.8677,SYNTHETIC_DEMO
NEWS00312,SUP00312,NEWS_MENTIONS_SUPPLIER,0.969,SYNTHETIC_DEMO
NEWS00313,SUP00313,NEWS_MENTIONS_SUPPLIER,0.6451,SYNTHETIC_DEMO
NEWS00314,SUP00314,NEWS_MENTIONS_SUPPLIER,0.6348,SYNTHETIC_DEMO
NEWS00315,SUP00315,NEWS_MENTIONS_SUPPLIER,0.5557,SYNTHETIC_DEMO
NEWS00316,SUP00316,NEWS_MENTIONS_SUPPLIER,0.9932,SYNTHETIC_DEMO
NEWS00317,SUP00317,NEWS_MENTIONS_SUPPLIER,0.8494,SYNTHETIC_DEMO
NEWS00318,SUP00318,NEWS_MENTIONS_SUPPLIER,0.8427,SYNTHETIC_DEMO
NEWS00319,SUP00319,NEWS_MENTIONS_SUPPLIER,0.9009,SYNTHETIC_DEMO
NEWS00320,SUP00320,NEWS_MENTIONS_SUPPLIER,0.6872,SYNTHETIC_DEMO
NEWS00321,SUP00321,NEWS_MENTIONS_SUPPLIER,0.5393,SYNTHETIC_DEMO
NEWS00322,SUP00322,NEWS_MENTIONS_SUPPLIER,0.6736,SYNTHETIC_DEMO
NEWS00323,SUP00323,NEWS_MENTIONS_SUPPLIER,0.5767,SYNTHETIC_DEMO
NEWS00324,SUP00324,NEWS_MENTIONS_SUPPLIER,0.7773,SYNTHETIC_DEMO
NEWS00325,SUP00325,NEWS_MENTIONS_SUPPLIER,0.9122,SYNTHETIC_DEMO
NEWS00326,SUP00326,NEWS_MENTIONS_SUPPLIER,0.5236,SYNTHETIC_DEMO
NEWS00327,SUP00327,NEWS_MENTIONS_SUPPLIER,0.8273,SYNTHETIC_DEMO
NEWS00328,SUP00328,NEWS_MENTIONS_SUPPLIER,0.6195,SYNTHETIC_DEMO
NEWS00329,SUP00329,NEWS_MENTIONS_SUPPLIER,0.5412,SYNTHETIC_DEMO
NEWS00330,SUP00330,NEWS_MENTIONS_SUPPLIER,0.8969,SYNTHETIC_DEMO
NEWS00331,SUP00331,NEWS_MENTIONS_SUPPLIER,0.7864,SYNTHETIC_DEMO
NEWS00332,SUP00332,NEWS_MENTIONS_SUPPLIER,0.7954,SYNTHETIC_DEMO
NEWS00333,SUP00333,NEWS_MENTIONS_SUPPLIER,0.9258,SYNTHETIC_DEMO
NEWS00334,SUP00334,NEWS_MENTIONS_SUPPLIER,0.8223,SYNTHETIC_DEMO
NEWS00335,SUP00335,NEWS_MENTIONS_SUPPLIER,0.504,SYNTHETIC_DEMO
NEWS00336,SUP00336,NEWS_MENTIONS_SUPPLIER,0.757,SYNTHETIC_DEMO
NEWS00337,SUP00337,NEWS_MENTIONS_SUPPLIER,0.8003,SYNTHETIC_DEMO
NEWS00338,SUP00338,NEWS_MENTIONS_SUPPLIER,0.781,SYNTHETIC_DEMO
NEWS00339,SUP00339,NEWS_MENTIONS_SUPPLIER,0.5539,SYNTHETIC_DEMO
NEWS00340,SUP00340,NEWS_MENTIONS_SUPPLIER,0.5536,SYNTHETIC_DEMO
NEWS00341,SUP00341,NEWS_MENTIONS_SUPPLIER,0.9202,SYNTHETIC_DEMO
NEWS00342,SUP00342,NEWS_MENTIONS_SUPPLIER,0.9746,SYNTHETIC_DEMO
NEWS00343,SUP00343,NEWS_MENTIONS_SUPPLIER,0.5734,SYNTHETIC_DEMO
NEWS00344,SUP00344,NEWS_MENTIONS_SUPPLIER,0.5262,SYNTHETIC_DEMO
NEWS00345,SUP00345,NEWS_MENTIONS_SUPPLIER,0.6209,SYNTHETIC_DEMO
NEWS00346,SUP00346,NEWS_MENTIONS_SUPPLIER,0.5535,SYNTHETIC_DEMO
NEWS00347,SUP00347,NEWS_MENTIONS_SUPPLIER,0.8436,SYNTHETIC_DEMO
NEWS00348,SUP00348,NEWS_MENTIONS_SUPPLIER,0.8911,SYNTHETIC_DEMO
NEWS00349,SUP00349,NEWS_MENTIONS_SUPPLIER,0.6535,SYNTHETIC_DEMO
NEWS00350,SUP00350,NEWS_MENTIONS_SUPPLIER,0.9045,SYNTHETIC_DEMO
NEWS00351,SUP00351,NEWS_MENTIONS_SUPPLIER,0.9952,SYNTHETIC_DEMO
NEWS00352,SUP00352,NEWS_MENTIONS_SUPPLIER,0.5337,SYNTHETIC_DEMO
NEWS00353,SUP00353,NEWS_MENTIONS_SUPPLIER,0.702,SYNTHETIC_DEMO
NEWS00354,SUP00354,NEWS_MENTIONS_SUPPLIER,0.6065,SYNTHETIC_DEMO
NEWS00355,SUP00355,NEWS_MENTIONS_SUPPLIER,0.9773,SYNTHETIC_DEMO
NEWS00356,SUP00356,NEWS_MENTIONS_SUPPLIER,0.6377,SYNTHETIC_DEMO
NEWS00357,SUP00357,NEWS_MENTIONS_SUPPLIER,0.9727,SYNTHETIC_DEMO
NEWS00358,SUP00358,NEWS_MENTIONS_SUPPLIER,0.568,SYNTHETIC_DEMO
NEWS00359,SUP00359,NEWS_MENTIONS_SUPPLIER,0.9287,SYNTHETIC_DEMO
NEWS00360,SUP00360,NEWS_MENTIONS_SUPPLIER,0.8645,SYNTHETIC_DEMO
NEWS00361,SUP00361,NEWS_MENTIONS_SUPPLIER,0.9368,SYNTHETIC_DEMO
NEWS00362,SUP00362,NEWS_MENTIONS_SUPPLIER,0.6563,SYNTHETIC_DEMO
NEWS00363,SUP00363,NEWS_MENTIONS_SUPPLIER,0.8792,SYNTHETIC_DEMO
NEWS00364,SUP00364,NEWS_MENTIONS_SUPPLIER,0.778,SYNTHETIC_DEMO
NEWS00365,SUP00365,NEWS_MENTIONS_SUPPLIER,0.6801,SYNTHETIC_DEMO
NEWS00366,SUP00366,NEWS_MENTIONS_SUPPLIER,0.8929,SYNTHETIC_DEMO
NEWS00367,SUP00367,NEWS_MENTIONS_SUPPLIER,0.5356,SYNTHETIC_DEMO
NEWS00368,SUP00368,NEWS_MENTIONS_SUPPLIER,0.6151,SYNTHETIC_DEMO
NEWS00369,SUP00369,NEWS_MENTIONS_SUPPLIER,0.8176,SYNTHETIC_DEMO
NEWS00370,SUP00370,NEWS_MENTIONS_SUPPLIER,0.6687,SYNTHETIC_DEMO
NEWS00371,SUP00371,NEWS_MENTIONS_SUPPLIER,0.5815,SYNTHETIC_DEMO
NEWS00372,SUP00372,NEWS_MENTIONS_SUPPLIER,0.5985,SYNTHETIC_DEMO
NEWS00373,SUP00373,NEWS_MENTIONS_SUPPLIER,0.5481,SYNTHETIC_DEMO
NEWS00374,SUP00374,NEWS_MENTIONS_SUPPLIER,0.7924,SYNTHETIC_DEMO
NEWS00375,SUP00375,NEWS_MENTIONS_SUPPLIER,0.8584,SYNTHETIC_DEMO
NEWS00376,SUP00376,NEWS_MENTIONS_SUPPLIER,0.9298,SYNTHETIC_DEMO
NEWS00377,SUP00377,NEWS_MENTIONS_SUPPLIER,0.6041,SYNTHETIC_DEMO
NEWS00378,SUP00378,NEWS_MENTIONS_SUPPLIER,0.6842,SYNTHETIC_DEMO
NEWS00379,SUP00379,NEWS_MENTIONS_SUPPLIER,0.867,SYNTHETIC_DEMO
NEWS00380,SUP00380,NEWS_MENTIONS_SUPPLIER,0.6404,SYNTHETIC_DEMO
NEWS00381,SUP00381,NEWS_MENTIONS_SUPPLIER,0.9933,SYNTHETIC_DEMO
NEWS00382,SUP00382,NEWS_MENTIONS_SUPPLIER,0.8252,SYNTHETIC_DEMO
NEWS00383,SUP00383,NEWS_MENTIONS_SUPPLIER,0.6588,SYNTHETIC_DEMO
NEWS00384,SUP00384,NEWS_MENTIONS_SUPPLIER,0.6055,SYNTHETIC_DEMO
NEWS00385,SUP00385,NEWS_MENTIONS_SUPPLIER,0.9509,SYNTHETIC_DEMO
NEWS00386,SUP00386,NEWS_MENTIONS_SUPPLIER,0.9302,SYNTHETIC_DEMO
NEWS00387,SUP00387,NEWS_MENTIONS_SUPPLIER,0.669,SYNTHETIC_DEMO
NEWS00388,SUP00388,NEWS_MENTIONS_SUPPLIER,0.7904,SYNTHETIC_DEMO
NEWS00389,SUP00389,NEWS_MENTIONS_SUPPLIER,0.8375,SYNTHETIC_DEMO
NEWS00390,SUP00390,NEWS_MENTIONS_SUPPLIER,0.6807,SYNTHETIC_DEMO
NEWS00391,SUP00391,NEWS_MENTIONS_SUPPLIER,0.8891,SYNTHETIC_DEMO
NEWS00392,SUP00392,NEWS_MENTIONS_SUPPLIER,0.6822,SYNTHETIC_DEMO
NEWS00393,SUP00393,NEWS_MENTIONS_SUPPLIER,0.6166,SYNTHETIC_DEMO
NEWS00394,SUP00394,NEWS_MENTIONS_SUPPLIER,0.9385,SYNTHETIC_DEMO
NEWS00395,SUP00395,NEWS_MENTIONS_SUPPLIER,0.7433,SYNTHETIC_DEMO
NEWS00396,SUP00396,NEWS_MENTIONS_SUPPLIER,0.5978,SYNTHETIC_DEMO
NEWS00397,SUP00397,NEWS_MENTIONS_SUPPLIER,0.9159,SYNTHETIC_DEMO
NEWS00398,SUP00398,NEWS_MENTIONS_SUPPLIER,0.6182,SYNTHETIC_DEMO
NEWS00399,SUP00399,NEWS_MENTIONS_SUPPLIER,0.5985,SYNTHETIC_DEMO
NEWS00400,SUP00400,NEWS_MENTIONS_SUPPLIER,0.7743,SYNTHETIC_DEMO
NEWS00401,SUP00401,NEWS_MENTIONS_SUPPLIER,0.7182,SYNTHETIC_DEMO
NEWS00402,SUP00402,NEWS_MENTIONS_SUPPLIER,0.6464,SYNTHETIC_DEMO
NEWS00403,SUP00403,NEWS_MENTIONS_SUPPLIER,0.6781,SYNTHETIC_DEMO
NEWS00404,SUP00404,NEWS_MENTIONS_SUPPLIER,0.8151,SYNTHETIC_DEMO
NEWS00405,SUP00405,NEWS_MENTIONS_SUPPLIER,0.9864,SYNTHETIC_DEMO
NEWS00406,SUP00406,NEWS_MENTIONS_SUPPLIER,0.5716,SYNTHETIC_DEMO
NEWS00407,SUP00407,NEWS_MENTIONS_SUPPLIER,0.5408,SYNTHETIC_DEMO
NEWS00408,SUP00408,NEWS_MENTIONS_SUPPLIER,0.9312,SYNTHETIC_DEMO
NEWS00409,SUP00409,NEWS_MENTIONS_SUPPLIER,0.6247,SYNTHETIC_DEMO
NEWS00410,SUP00410,NEWS_MENTIONS_SUPPLIER,0.5493,SYNTHETIC_DEMO
NEWS00411,SUP00411,NEWS_MENTIONS_SUPPLIER,0.8084,SYNTHETIC_DEMO
NEWS00412,SUP00412,NEWS_MENTIONS_SUPPLIER,0.7358,SYNTHETIC_DEMO
NEWS00413,SUP00413,NEWS_MENTIONS_SUPPLIER,0.5328,SYNTHETIC_DEMO
NEWS00414,SUP00414,NEWS_MENTIONS_SUPPLIER,0.5527,SYNTHETIC_DEMO
NEWS00415,SUP00415,NEWS_MENTIONS_SUPPLIER,0.5225,SYNTHETIC_DEMO
NEWS00416,SUP00416,NEWS_MENTIONS_SUPPLIER,0.7569,SYNTHETIC_DEMO
NEWS00417,SUP00417,NEWS_MENTIONS_SUPPLIER,0.5849,SYNTHETIC_DEMO
NEWS00418,SUP00418,NEWS_MENTIONS_SUPPLIER,0.9132,SYNTHETIC_DEMO
NEWS00419,SUP00419,NEWS_MENTIONS_SUPPLIER,0.9305,SYNTHETIC_DEMO
NEWS00420,SUP00420,NEWS_MENTIONS_SUPPLIER,0.8865,SYNTHETIC_DEMO
NEWS00421,SUP00421,NEWS_MENTIONS_SUPPLIER,0.9661,SYNTHETIC_DEMO
NEWS00422,SUP00422,NEWS_MENTIONS_SUPPLIER,0.5335,SYNTHETIC_DEMO
NEWS00423,SUP00423,NEWS_MENTIONS_SUPPLIER,0.8249,SYNTHETIC_DEMO
NEWS00424,SUP00424,NEWS_MENTIONS_SUPPLIER,0.6865,SYNTHETIC_DEMO
NEWS00425,SUP00425,NEWS_MENTIONS_SUPPLIER,0.5343,SYNTHETIC_DEMO
NEWS00426,SUP00426,NEWS_MENTIONS_SUPPLIER,0.7369,SYNTHETIC_DEMO
NEWS00427,SUP00427,NEWS_MENTIONS_SUPPLIER,0.7699,SYNTHETIC_DEMO
NEWS00428,SUP00428,NEWS_MENTIONS_SUPPLIER,0.7807,SYNTHETIC_DEMO
NEWS00429,SUP00429,NEWS_MENTIONS_SUPPLIER,0.5085,SYNTHETIC_DEMO
NEWS00430,SUP00430,NEWS_MENTIONS_SUPPLIER,0.8418,SYNTHETIC_DEMO
NEWS00431,SUP00431,NEWS_MENTIONS_SUPPLIER,0.9944,SYNTHETIC_DEMO
NEWS00432,SUP00432,NEWS_MENTIONS_SUPPLIER,0.846,SYNTHETIC_DEMO
NEWS00433,SUP00433,NEWS_MENTIONS_SUPPLIER,0.659,SYNTHETIC_DEMO
NEWS00434,SUP00434,NEWS_MENTIONS_SUPPLIER,0.9895,SYNTHETIC_DEMO
NEWS00435,SUP00435,NEWS_MENTIONS_SUPPLIER,0.6441,SYNTHETIC_DEMO
NEWS00436,SUP00436,NEWS_MENTIONS_SUPPLIER,0.595,SYNTHETIC_DEMO
NEWS00437,SUP00437,NEWS_MENTIONS_SUPPLIER,0.5005,SYNTHETIC_DEMO
NEWS00438,SUP00438,NEWS_MENTIONS_SUPPLIER,0.8738,SYNTHETIC_DEMO
NEWS00439,SUP00439,NEWS_MENTIONS_SUPPLIER,0.8211,SYNTHETIC_DEMO
NEWS00440,SUP00440,NEWS_MENTIONS_SUPPLIER,0.8586,SYNTHETIC_DEMO
NEWS00441,SUP00441,NEWS_MENTIONS_SUPPLIER,0.9751,SYNTHETIC_DEMO
NEWS00442,SUP00442,NEWS_MENTIONS_SUPPLIER,0.8451,SYNTHETIC_DEMO
NEWS00443,SUP00443,NEWS_MENTIONS_SUPPLIER,0.5954,SYNTHETIC_DEMO
NEWS00444,SUP00444,NEWS_MENTIONS_SUPPLIER,0.6177,SYNTHETIC_DEMO
NEWS00445,SUP00445,NEWS_MENTIONS_SUPPLIER,0.8133,SYNTHETIC_DEMO
NEWS00446,SUP00446,NEWS_MENTIONS_SUPPLIER,0.7806,SYNTHETIC_DEMO
NEWS00447,SUP00447,NEWS_MENTIONS_SUPPLIER,0.5472,SYNTHETIC_DEMO
NEWS00448,SUP00448,NEWS_MENTIONS_SUPPLIER,0.8874,SYNTHETIC_DEMO
NEWS00449,SUP00449,NEWS_MENTIONS_SUPPLIER,0.9942,SYNTHETIC_DEMO
NEWS00450,SUP00450,NEWS_MENTIONS_SUPPLIER,0.9281,SYNTHETIC_DEMO
NEWS00451,SUP00451,NEWS_MENTIONS_SUPPLIER,0.8452,SYNTHETIC_DEMO
NEWS00452,SUP00452,NEWS_MENTIONS_SUPPLIER,0.6094,SYNTHETIC_DEMO
NEWS00453,SUP00453,NEWS_MENTIONS_SUPPLIER,0.6515,SYNTHETIC_DEMO
NEWS00454,SUP00454,NEWS_MENTIONS_SUPPLIER,0.6113,SYNTHETIC_DEMO
NEWS00455,SUP00455,NEWS_MENTIONS_SUPPLIER,0.5593,SYNTHETIC_DEMO
NEWS00456,SUP00456,NEWS_MENTIONS_SUPPLIER,0.6336,SYNTHETIC_DEMO
NEWS00457,SUP00457,NEWS_MENTIONS_SUPPLIER,0.5439,SYNTHETIC_DEMO
NEWS00458,SUP00458,NEWS_MENTIONS_SUPPLIER,0.7496,SYNTHETIC_DEMO
NEWS00459,SUP00459,NEWS_MENTIONS_SUPPLIER,0.7189,SYNTHETIC_DEMO
NEWS00460,SUP00460,NEWS_MENTIONS_SUPPLIER,0.68,SYNTHETIC_DEMO
NEWS00461,SUP00461,NEWS_MENTIONS_SUPPLIER,0.9748,SYNTHETIC_DEMO
NEWS00462,SUP00462,NEWS_MENTIONS_SUPPLIER,0.6117,SYNTHETIC_DEMO
NEWS00463,SUP00463,NEWS_MENTIONS_SUPPLIER,0.6279,SYNTHETIC_DEMO
NEWS00464,SUP00464,NEWS_MENTIONS_SUPPLIER,0.5141,SYNTHETIC_DEMO
NEWS00465,SUP00465,NEWS_MENTIONS_SUPPLIER,0.5676,SYNTHETIC_DEMO
NEWS00466,SUP00466,NEWS_MENTIONS_SUPPLIER,0.9171,SYNTHETIC_DEMO
NEWS00467,SUP00467,NEWS_MENTIONS_SUPPLIER,0.6007,SYNTHETIC_DEMO
NEWS00468,SUP00468,NEWS_MENTIONS_SUPPLIER,0.6314,SYNTHETIC_DEMO
NEWS00469,SUP00469,NEWS_MENTIONS_SUPPLIER,0.6476,SYNTHETIC_DEMO
NEWS00470,SUP00470,NEWS_MENTIONS_SUPPLIER,0.5094,SYNTHETIC_DEMO
NEWS00471,SUP00471,NEWS_MENTIONS_SUPPLIER,0.9931,SYNTHETIC_DEMO
NEWS00472,SUP00472,NEWS_MENTIONS_SUPPLIER,0.6597,SYNTHETIC_DEMO
NEWS00473,SUP00473,NEWS_MENTIONS_SUPPLIER,0.9386,SYNTHETIC_DEMO
NEWS00474,SUP00474,NEWS_MENTIONS_SUPPLIER,0.9811,SYNTHETIC_DEMO
NEWS00475,SUP00475,NEWS_MENTIONS_SUPPLIER,0.9966,SYNTHETIC_DEMO
NEWS00476,SUP00476,NEWS_MENTIONS_SUPPLIER,0.7782,SYNTHETIC_DEMO
NEWS00477,SUP00477,NEWS_MENTIONS_SUPPLIER,0.5241,SYNTHETIC_DEMO
NEWS00478,SUP00478,NEWS_MENTIONS_SUPPLIER,0.8626,SYNTHETIC_DEMO
NEWS00479,SUP00479,NEWS_MENTIONS_SUPPLIER,0.6092,SYNTHETIC_DEMO
NEWS00480,SUP00480,NEWS_MENTIONS_SUPPLIER,0.8024,SYNTHETIC_DEMO
NEWS00481,SUP00481,NEWS_MENTIONS_SUPPLIER,0.6794,SYNTHETIC_DEMO
NEWS00482,SUP00482,NEWS_MENTIONS_SUPPLIER,0.6944,SYNTHETIC_DEMO
NEWS00483,SUP00483,NEWS_MENTIONS_SUPPLIER,0.6315,SYNTHETIC_DEMO
NEWS00484,SUP00484,NEWS_MENTIONS_SUPPLIER,0.9379,SYNTHETIC_DEMO
NEWS00485,SUP00485,NEWS_MENTIONS_SUPPLIER,0.5407,SYNTHETIC_DEMO
NEWS00486,SUP00486,NEWS_MENTIONS_SUPPLIER,0.8383,SYNTHETIC_DEMO
NEWS00487,SUP00487,NEWS_MENTIONS_SUPPLIER,0.7774,SYNTHETIC_DEMO
NEWS00488,SUP00488,NEWS_MENTIONS_SUPPLIER,0.8448,SYNTHETIC_DEMO
NEWS00489,SUP00489,NEWS_MENTIONS_SUPPLIER,0.657,SYNTHETIC_DEMO
NEWS00490,SUP00490,NEWS_MENTIONS_SUPPLIER,0.5833,SYNTHETIC_DEMO
NEWS00491,SUP00491,NEWS_MENTIONS_SUPPLIER,0.6834,SYNTHETIC_DEMO
NEWS00492,SUP00492,NEWS_MENTIONS_SUPPLIER,0.7569,SYNTHETIC_DEMO
NEWS00493,SUP00493,NEWS_MENTIONS_SUPPLIER,0.8951,SYNTHETIC_DEMO
NEWS00494,SUP00494,NEWS_MENTIONS_SUPPLIER,0.6084,SYNTHETIC_DEMO
NEWS00495,SUP00495,NEWS_MENTIONS_SUPPLIER,0.6949,SYNTHETIC_DEMO
NEWS00496,SUP00496,NEWS_MENTIONS_SUPPLIER,0.5266,SYNTHETIC_DEMO
NEWS00497,SUP00497,NEWS_MENTIONS_SUPPLIER,0.7534,SYNTHETIC_DEMO
NEWS00498,SUP00498,NEWS_MENTIONS_SUPPLIER,0.7831,SYNTHETIC_DEMO
NEWS00499,SUP00499,NEWS_MENTIONS_SUPPLIER,0.6825,SYNTHETIC_DEMO
NEWS00500,SUP00500,NEWS_MENTIONS_SUPPLIER,0.5735,SYNTHETIC_DEMO
NEWS00501,SUP00501,NEWS_MENTIONS_SUPPLIER,0.597,SYNTHETIC_DEMO
NEWS00502,SUP00502,NEWS_MENTIONS_SUPPLIER,0.7788,SYNTHETIC_DEMO
NEWS00503,SUP00503,NEWS_MENTIONS_SUPPLIER,0.5107,SYNTHETIC_DEMO
NEWS00504,SUP00504,NEWS_MENTIONS_SUPPLIER,0.549,SYNTHETIC_DEMO
NEWS00505,SUP00505,NEWS_MENTIONS_SUPPLIER,0.9226,SYNTHETIC_DEMO
NEWS00506,SUP00506,NEWS_MENTIONS_SUPPLIER,0.7124,SYNTHETIC_DEMO
NEWS00507,SUP00507,NEWS_MENTIONS_SUPPLIER,0.9801,SYNTHETIC_DEMO
NEWS00508,SUP00508,NEWS_MENTIONS_SUPPLIER,0.7854,SYNTHETIC_DEMO
NEWS00509,SUP00509,NEWS_MENTIONS_SUPPLIER,0.6605,SYNTHETIC_DEMO
NEWS00510,SUP00510,NEWS_MENTIONS_SUPPLIER,0.7036,SYNTHETIC_DEMO
NEWS00511,SUP00511,NEWS_MENTIONS_SUPPLIER,0.7282,SYNTHETIC_DEMO
NEWS00512,SUP00512,NEWS_MENTIONS_SUPPLIER,0.5575,SYNTHETIC_DEMO
NEWS00513,SUP00513,NEWS_MENTIONS_SUPPLIER,0.9409,SYNTHETIC_DEMO
NEWS00514,SUP00514,NEWS_MENTIONS_SUPPLIER,0.5417,SYNTHETIC_DEMO
NEWS00515,SUP00515,NEWS_MENTIONS_SUPPLIER,0.8915,SYNTHETIC_DEMO
NEWS00516,SUP00516,NEWS_MENTIONS_SUPPLIER,0.9625,SYNTHETIC_DEMO
NEWS00517,SUP00517,NEWS_MENTIONS_SUPPLIER,0.7307,SYNTHETIC_DEMO
NEWS00518,SUP00518,NEWS_MENTIONS_SUPPLIER,0.6622,SYNTHETIC_DEMO
NEWS00519,SUP00519,NEWS_MENTIONS_SUPPLIER,0.6698,SYNTHETIC_DEMO
NEWS00520,SUP00520,NEWS_MENTIONS_SUPPLIER,0.8461,SYNTHETIC_DEMO
NEWS00521,SUP00521,NEWS_MENTIONS_SUPPLIER,0.8707,SYNTHETIC_DEMO
NEWS00522,SUP00522,NEWS_MENTIONS_SUPPLIER,0.5354,SYNTHETIC_DEMO
NEWS00523,SUP00523,NEWS_MENTIONS_SUPPLIER,0.6904,SYNTHETIC_DEMO
NEWS00524,SUP00524,NEWS_MENTIONS_SUPPLIER,0.6694,SYNTHETIC_DEMO
NEWS00525,SUP00525,NEWS_MENTIONS_SUPPLIER,0.7075,SYNTHETIC_DEMO
NEWS00526,SUP00526,NEWS_MENTIONS_SUPPLIER,0.6404,SYNTHETIC_DEMO
NEWS00527,SUP00527,NEWS_MENTIONS_SUPPLIER,0.9917,SYNTHETIC_DEMO
NEWS00528,SUP00528,NEWS_MENTIONS_SUPPLIER,0.926,SYNTHETIC_DEMO
NEWS00529,SUP00529,NEWS_MENTIONS_SUPPLIER,0.9218,SYNTHETIC_DEMO
NEWS00530,SUP00530,NEWS_MENTIONS_SUPPLIER,0.7327,SYNTHETIC_DEMO
NEWS00531,SUP00531,NEWS_MENTIONS_SUPPLIER,0.9825,SYNTHETIC_DEMO
NEWS00532,SUP00532,NEWS_MENTIONS_SUPPLIER,0.8156,SYNTHETIC_DEMO
NEWS00533,SUP00533,NEWS_MENTIONS_SUPPLIER,0.6221,SYNTHETIC_DEMO
NEWS00534,SUP00534,NEWS_MENTIONS_SUPPLIER,0.813,SYNTHETIC_DEMO
NEWS00535,SUP00535,NEWS_MENTIONS_SUPPLIER,0.7989,SYNTHETIC_DEMO
NEWS00536,SUP00536,NEWS_MENTIONS_SUPPLIER,0.5311,SYNTHETIC_DEMO
NEWS00537,SUP00537,NEWS_MENTIONS_SUPPLIER,0.5993,SYNTHETIC_DEMO
NEWS00538,SUP00538,NEWS_MENTIONS_SUPPLIER,0.7107,SYNTHETIC_DEMO
NEWS00539,SUP00539,NEWS_MENTIONS_SUPPLIER,0.725,SYNTHETIC_DEMO
NEWS00540,SUP00540,NEWS_MENTIONS_SUPPLIER,0.735,SYNTHETIC_DEMO
NEWS00541,SUP00541,NEWS_MENTIONS_SUPPLIER,0.8515,SYNTHETIC_DEMO
NEWS00542,SUP00542,NEWS_MENTIONS_SUPPLIER,0.758,SYNTHETIC_DEMO
NEWS00543,SUP00543,NEWS_MENTIONS_SUPPLIER,0.5697,SYNTHETIC_DEMO
NEWS00544,SUP00544,NEWS_MENTIONS_SUPPLIER,0.7357,SYNTHETIC_DEMO
NEWS00545,SUP00545,NEWS_MENTIONS_SUPPLIER,0.6335,SYNTHETIC_DEMO
NEWS00546,SUP00546,NEWS_MENTIONS_SUPPLIER,0.9936,SYNTHETIC_DEMO
NEWS00547,SUP00547,NEWS_MENTIONS_SUPPLIER,0.6399,SYNTHETIC_DEMO
NEWS00548,SUP00548,NEWS_MENTIONS_SUPPLIER,0.8076,SYNTHETIC_DEMO
NEWS00549,SUP00549,NEWS_MENTIONS_SUPPLIER,0.8701,SYNTHETIC_DEMO
NEWS00550,SUP00550,NEWS_MENTIONS_SUPPLIER,0.6905,SYNTHETIC_DEMO
NEWS00551,SUP00551,NEWS_MENTIONS_SUPPLIER,0.8878,SYNTHETIC_DEMO
NEWS00552,SUP00552,NEWS_MENTIONS_SUPPLIER,0.7657,SYNTHETIC_DEMO
NEWS00553,SUP00553,NEWS_MENTIONS_SUPPLIER,0.9341,SYNTHETIC_DEMO
NEWS00554,SUP00554,NEWS_MENTIONS_SUPPLIER,0.6691,SYNTHETIC_DEMO
NEWS00555,SUP00555,NEWS_MENTIONS_SUPPLIER,0.8397,SYNTHETIC_DEMO
NEWS00556,SUP00556,NEWS_MENTIONS_SUPPLIER,0.6554,SYNTHETIC_DEMO
NEWS00557,SUP00557,NEWS_MENTIONS_SUPPLIER,0.6236,SYNTHETIC_DEMO
NEWS00558,SUP00558,NEWS_MENTIONS_SUPPLIER,0.7316,SYNTHETIC_DEMO
NEWS00559,SUP00559,NEWS_MENTIONS_SUPPLIER,0.7035,SYNTHETIC_DEMO
NEWS00560,SUP00560,NEWS_MENTIONS_SUPPLIER,0.6311,SYNTHETIC_DEMO
NEWS00561,SUP00561,NEWS_MENTIONS_SUPPLIER,0.7157,SYNTHETIC_DEMO
NEWS00562,SUP00562,NEWS_MENTIONS_SUPPLIER,0.7907,SYNTHETIC_DEMO
NEWS00563,SUP00563,NEWS_MENTIONS_SUPPLIER,0.8667,SYNTHETIC_DEMO
NEWS00564,SUP00564,NEWS_MENTIONS_SUPPLIER,0.7403,SYNTHETIC_DEMO
NEWS00565,SUP00565,NEWS_MENTIONS_SUPPLIER,0.8116,SYNTHETIC_DEMO
NEWS00566,SUP00566,NEWS_MENTIONS_SUPPLIER,0.6715,SYNTHETIC_DEMO
NEWS00567,SUP00567,NEWS_MENTIONS_SUPPLIER,0.9975,SYNTHETIC_DEMO
NEWS00568,SUP00568,NEWS_MENTIONS_SUPPLIER,0.5665,SYNTHETIC_DEMO
NEWS00569,SUP00569,NEWS_MENTIONS_SUPPLIER,0.8635,SYNTHETIC_DEMO
NEWS00570,SUP00570,NEWS_MENTIONS_SUPPLIER,0.5444,SYNTHETIC_DEMO
NEWS00571,SUP00571,NEWS_MENTIONS_SUPPLIER,0.8957,SYNTHETIC_DEMO
NEWS00572,SUP00572,NEWS_MENTIONS_SUPPLIER,0.5392,SYNTHETIC_DEMO
NEWS00573,SUP00573,NEWS_MENTIONS_SUPPLIER,0.6112,SYNTHETIC_DEMO
NEWS00574,SUP00574,NEWS_MENTIONS_SUPPLIER,0.7652,SYNTHETIC_DEMO
NEWS00575,SUP00575,NEWS_MENTIONS_SUPPLIER,0.7493,SYNTHETIC_DEMO
NEWS00576,SUP00576,NEWS_MENTIONS_SUPPLIER,0.7279,SYNTHETIC_DEMO
NEWS00577,SUP00577,NEWS_MENTIONS_SUPPLIER,0.7627,SYNTHETIC_DEMO
NEWS00578,SUP00578,NEWS_MENTIONS_SUPPLIER,0.8512,SYNTHETIC_DEMO
NEWS00579,SUP00579,NEWS_MENTIONS_SUPPLIER,0.918,SYNTHETIC_DEMO
NEWS00580,SUP00580,NEWS_MENTIONS_SUPPLIER,0.708,SYNTHETIC_DEMO
NEWS00581,SUP00581,NEWS_MENTIONS_SUPPLIER,0.6787,SYNTHETIC_DEMO
NEWS00582,SUP00582,NEWS_MENTIONS_SUPPLIER,0.7799,SYNTHETIC_DEMO
NEWS00583,SUP00583,NEWS_MENTIONS_SUPPLIER,0.8216,SYNTHETIC_DEMO
NEWS00584,SUP00584,NEWS_MENTIONS_SUPPLIER,0.6441,SYNTHETIC_DEMO
NEWS00585,SUP00585,NEWS_MENTIONS_SUPPLIER,0.7978,SYNTHETIC_DEMO
NEWS00586,SUP00586,NEWS_MENTIONS_SUPPLIER,0.8686,SYNTHETIC_DEMO
NEWS00587,SUP00587,NEWS_MENTIONS_SUPPLIER,0.9751,SYNTHETIC_DEMO
NEWS00588,SUP00588,NEWS_MENTIONS_SUPPLIER,0.8465,SYNTHETIC_DEMO
NEWS00589,SUP00589,NEWS_MENTIONS_SUPPLIER,0.9711,SYNTHETIC_DEMO
NEWS00590,SUP00590,NEWS_MENTIONS_SUPPLIER,0.9506,SYNTHETIC_DEMO
NEWS00591,SUP00591,NEWS_MENTIONS_SUPPLIER,0.6761,SYNTHETIC_DEMO
NEWS00592,SUP00592,NEWS_MENTIONS_SUPPLIER,0.5293,SYNTHETIC_DEMO
NEWS00593,SUP00593,NEWS_MENTIONS_SUPPLIER,0.7306,SYNTHETIC_DEMO
NEWS00594,SUP00594,NEWS_MENTIONS_SUPPLIER,0.5268,SYNTHETIC_DEMO
NEWS00595,SUP00595,NEWS_MENTIONS_SUPPLIER,0.6748,SYNTHETIC_DEMO
NEWS00596,SUP00596,NEWS_MENTIONS_SUPPLIER,0.6795,SYNTHETIC_DEMO
NEWS00597,SUP00597,NEWS_MENTIONS_SUPPLIER,0.8688,SYNTHETIC_DEMO
NEWS00598,SUP00598,NEWS_MENTIONS_SUPPLIER,0.8974,SYNTHETIC_DEMO
NEWS00599,SUP00599,NEWS_MENTIONS_SUPPLIER,0.8058,SYNTHETIC_DEMO
NEWS00600,SUP00600,NEWS_MENTIONS_SUPPLIER,0.9303,SYNTHETIC_DEMO
NEWS00601,SUP00601,NEWS_MENTIONS_SUPPLIER,0.8428,SYNTHETIC_DEMO
NEWS00602,SUP00602,NEWS_MENTIONS_SUPPLIER,0.8775,SYNTHETIC_DEMO
NEWS00603,SUP00603,NEWS_MENTIONS_SUPPLIER,0.9469,SYNTHETIC_DEMO
NEWS00604,SUP00604,NEWS_MENTIONS_SUPPLIER,0.7171,SYNTHETIC_DEMO
NEWS00605,SUP00605,NEWS_MENTIONS_SUPPLIER,0.6254,SYNTHETIC_DEMO
NEWS00606,SUP00606,NEWS_MENTIONS_SUPPLIER,0.6101,SYNTHETIC_DEMO
NEWS00607,SUP00607,NEWS_MENTIONS_SUPPLIER,0.7111,SYNTHETIC_DEMO
NEWS00608,SUP00608,NEWS_MENTIONS_SUPPLIER,0.6638,SYNTHETIC_DEMO
NEWS00609,SUP00609,NEWS_MENTIONS_SUPPLIER,0.7333,SYNTHETIC_DEMO
NEWS00610,SUP00610,NEWS_MENTIONS_SUPPLIER,0.6654,SYNTHETIC_DEMO
NEWS00611,SUP00611,NEWS_MENTIONS_SUPPLIER,0.6079,SYNTHETIC_DEMO
NEWS00612,SUP00612,NEWS_MENTIONS_SUPPLIER,0.8964,SYNTHETIC_DEMO
NEWS00613,SUP00613,NEWS_MENTIONS_SUPPLIER,0.8351,SYNTHETIC_DEMO
NEWS00614,SUP00614,NEWS_MENTIONS_SUPPLIER,0.8417,SYNTHETIC_DEMO
NEWS00615,SUP00615,NEWS_MENTIONS_SUPPLIER,0.8457,SYNTHETIC_DEMO
NEWS00616,SUP00616,NEWS_MENTIONS_SUPPLIER,0.5128,SYNTHETIC_DEMO
NEWS00617,SUP00617,NEWS_MENTIONS_SUPPLIER,0.9269,SYNTHETIC_DEMO
NEWS00618,SUP00618,NEWS_MENTIONS_SUPPLIER,0.6689,SYNTHETIC_DEMO
NEWS00619,SUP00619,NEWS_MENTIONS_SUPPLIER,0.6557,SYNTHETIC_DEMO
NEWS00620,SUP00620,NEWS_MENTIONS_SUPPLIER,0.9725,SYNTHETIC_DEMO
NEWS00621,SUP00621,NEWS_MENTIONS_SUPPLIER,0.8312,SYNTHETIC_DEMO
NEWS00622,SUP00622,NEWS_MENTIONS_SUPPLIER,0.5512,SYNTHETIC_DEMO
NEWS00623,SUP00623,NEWS_MENTIONS_SUPPLIER,0.9459,SYNTHETIC_DEMO
NEWS00624,SUP00624,NEWS_MENTIONS_SUPPLIER,0.6828,SYNTHETIC_DEMO
NEWS00625,SUP00625,NEWS_MENTIONS_SUPPLIER,0.8345,SYNTHETIC_DEMO
NEWS00626,SUP00626,NEWS_MENTIONS_SUPPLIER,0.9927,SYNTHETIC_DEMO
NEWS00627,SUP00627,NEWS_MENTIONS_SUPPLIER,0.569,SYNTHETIC_DEMO
NEWS00628,SUP00628,NEWS_MENTIONS_SUPPLIER,0.5293,SYNTHETIC_DEMO
NEWS00629,SUP00629,NEWS_MENTIONS_SUPPLIER,0.5215,SYNTHETIC_DEMO
NEWS00630,SUP00630,NEWS_MENTIONS_SUPPLIER,0.7999,SYNTHETIC_DEMO
NEWS00631,SUP00631,NEWS_MENTIONS_SUPPLIER,0.9754,SYNTHETIC_DEMO
NEWS00632,SUP00632,NEWS_MENTIONS_SUPPLIER,0.8477,SYNTHETIC_DEMO
NEWS00633,SUP00633,NEWS_MENTIONS_SUPPLIER,0.8096,SYNTHETIC_DEMO
NEWS00634,SUP00634,NEWS_MENTIONS_SUPPLIER,0.8995,SYNTHETIC_DEMO
NEWS00635,SUP00635,NEWS_MENTIONS_SUPPLIER,0.7639,SYNTHETIC_DEMO
NEWS00636,SUP00636,NEWS_MENTIONS_SUPPLIER,0.987,SYNTHETIC_DEMO
NEWS00637,SUP00637,NEWS_MENTIONS_SUPPLIER,0.998,SYNTHETIC_DEMO
NEWS00638,SUP00638,NEWS_MENTIONS_SUPPLIER,0.642,SYNTHETIC_DEMO
NEWS00639,SUP00639,NEWS_MENTIONS_SUPPLIER,0.7864,SYNTHETIC_DEMO
NEWS00640,SUP00640,NEWS_MENTIONS_SUPPLIER,0.6633,SYNTHETIC_DEMO
NEWS00641,SUP00641,NEWS_MENTIONS_SUPPLIER,0.8855,SYNTHETIC_DEMO
NEWS00642,SUP00642,NEWS_MENTIONS_SUPPLIER,0.9438,SYNTHETIC_DEMO
NEWS00643,SUP00643,NEWS_MENTIONS_SUPPLIER,0.5445,SYNTHETIC_DEMO
NEWS00644,SUP00644,NEWS_MENTIONS_SUPPLIER,0.828,SYNTHETIC_DEMO
NEWS00645,SUP00645,NEWS_MENTIONS_SUPPLIER,0.6627,SYNTHETIC_DEMO
NEWS00646,SUP00646,NEWS_MENTIONS_SUPPLIER,0.9551,SYNTHETIC_DEMO
NEWS00647,SUP00647,NEWS_MENTIONS_SUPPLIER,0.6485,SYNTHETIC_DEMO
NEWS00648,SUP00648,NEWS_MENTIONS_SUPPLIER,0.5535,SYNTHETIC_DEMO
NEWS00649,SUP00649,NEWS_MENTIONS_SUPPLIER,0.7369,SYNTHETIC_DEMO
NEWS00650,SUP00650,NEWS_MENTIONS_SUPPLIER,0.9681,SYNTHETIC_DEMO
NEWS00651,SUP00651,NEWS_MENTIONS_SUPPLIER,0.5429,SYNTHETIC_DEMO
NEWS00652,SUP00652,NEWS_MENTIONS_SUPPLIER,0.9907,SYNTHETIC_DEMO
NEWS00653,SUP00653,NEWS_MENTIONS_SUPPLIER,0.875,SYNTHETIC_DEMO
NEWS00654,SUP00654,NEWS_MENTIONS_SUPPLIER,0.647,SYNTHETIC_DEMO
NEWS00655,SUP00655,NEWS_MENTIONS_SUPPLIER,0.5196,SYNTHETIC_DEMO
NEWS00656,SUP00656,NEWS_MENTIONS_SUPPLIER,0.7358,SYNTHETIC_DEMO
NEWS00657,SUP00657,NEWS_MENTIONS_SUPPLIER,0.9856,SYNTHETIC_DEMO
NEWS00658,SUP00658,NEWS_MENTIONS_SUPPLIER,0.5227,SYNTHETIC_DEMO
NEWS00659,SUP00659,NEWS_MENTIONS_SUPPLIER,0.8053,SYNTHETIC_DEMO
NEWS00660,SUP00660,NEWS_MENTIONS_SUPPLIER,0.8715,SYNTHETIC_DEMO
NEWS00661,SUP00661,NEWS_MENTIONS_SUPPLIER,0.683,SYNTHETIC_DEMO
NEWS00662,SUP00662,NEWS_MENTIONS_SUPPLIER,0.5547,SYNTHETIC_DEMO
NEWS00663,SUP00663,NEWS_MENTIONS_SUPPLIER,0.9781,SYNTHETIC_DEMO
NEWS00664,SUP00664,NEWS_MENTIONS_SUPPLIER,0.5458,SYNTHETIC_DEMO
NEWS00665,SUP00665,NEWS_MENTIONS_SUPPLIER,0.5862,SYNTHETIC_DEMO
NEWS00666,SUP00666,NEWS_MENTIONS_SUPPLIER,0.5701,SYNTHETIC_DEMO
NEWS00667,SUP00667,NEWS_MENTIONS_SUPPLIER,0.9334,SYNTHETIC_DEMO
NEWS00668,SUP00668,NEWS_MENTIONS_SUPPLIER,0.6116,SYNTHETIC_DEMO
NEWS00669,SUP00669,NEWS_MENTIONS_SUPPLIER,0.672,SYNTHETIC_DEMO
NEWS00670,SUP00670,NEWS_MENTIONS_SUPPLIER,0.5929,SYNTHETIC_DEMO
NEWS00671,SUP00671,NEWS_MENTIONS_SUPPLIER,0.8104,SYNTHETIC_DEMO
NEWS00672,SUP00672,NEWS_MENTIONS_SUPPLIER,0.6268,SYNTHETIC_DEMO
NEWS00673,SUP00673,NEWS_MENTIONS_SUPPLIER,0.6573,SYNTHETIC_DEMO
NEWS00674,SUP00674,NEWS_MENTIONS_SUPPLIER,0.5258,SYNTHETIC_DEMO
NEWS00675,SUP00675,NEWS_MENTIONS_SUPPLIER,0.6668,SYNTHETIC_DEMO
NEWS00676,SUP00676,NEWS_MENTIONS_SUPPLIER,0.5694,SYNTHETIC_DEMO
NEWS00677,SUP00677,NEWS_MENTIONS_SUPPLIER,0.54,SYNTHETIC_DEMO
NEWS00678,SUP00678,NEWS_MENTIONS_SUPPLIER,0.9821,SYNTHETIC_DEMO
NEWS00679,SUP00679,NEWS_MENTIONS_SUPPLIER,0.6721,SYNTHETIC_DEMO
NEWS00680,SUP00680,NEWS_MENTIONS_SUPPLIER,0.7315,SYNTHETIC_DEMO
NEWS00681,SUP00681,NEWS_MENTIONS_SUPPLIER,0.9149,SYNTHETIC_DEMO
NEWS00682,SUP00682,NEWS_MENTIONS_SUPPLIER,0.5348,SYNTHETIC_DEMO
NEWS00683,SUP00683,NEWS_MENTIONS_SUPPLIER,0.964,SYNTHETIC_DEMO
NEWS00684,SUP00684,NEWS_MENTIONS_SUPPLIER,0.7224,SYNTHETIC_DEMO
NEWS00685,SUP00685,NEWS_MENTIONS_SUPPLIER,0.6395,SYNTHETIC_DEMO
NEWS00686,SUP00686,NEWS_MENTIONS_SUPPLIER,0.7232,SYNTHETIC_DEMO
NEWS00687,SUP00687,NEWS_MENTIONS_SUPPLIER,0.8887,SYNTHETIC_DEMO
NEWS00688,SUP00688,NEWS_MENTIONS_SUPPLIER,0.6743,SYNTHETIC_DEMO
NEWS00689,SUP00689,NEWS_MENTIONS_SUPPLIER,0.5199,SYNTHETIC_DEMO
NEWS00690,SUP00690,NEWS_MENTIONS_SUPPLIER,0.5188,SYNTHETIC_DEMO
NEWS00691,SUP00691,NEWS_MENTIONS_SUPPLIER,0.5478,SYNTHETIC_DEMO
NEWS00692,SUP00692,NEWS_MENTIONS_SUPPLIER,0.6672,SYNTHETIC_DEMO
NEWS00693,SUP00693,NEWS_MENTIONS_SUPPLIER,0.857,SYNTHETIC_DEMO
NEWS00694,SUP00694,NEWS_MENTIONS_SUPPLIER,0.8557,SYNTHETIC_DEMO
NEWS00695,SUP00695,NEWS_MENTIONS_SUPPLIER,0.6026,SYNTHETIC_DEMO
NEWS00696,SUP00696,NEWS_MENTIONS_SUPPLIER,0.5272,SYNTHETIC_DEMO
NEWS00697,SUP00697,NEWS_MENTIONS_SUPPLIER,0.7359,SYNTHETIC_DEMO
NEWS00698,SUP00698,NEWS_MENTIONS_SUPPLIER,0.8216,SYNTHETIC_DEMO
NEWS00699,SUP00699,NEWS_MENTIONS_SUPPLIER,0.5184,SYNTHETIC_DEMO
NEWS00700,SUP00700,NEWS_MENTIONS_SUPPLIER,0.7238,SYNTHETIC_DEMO
NEWS00701,SUP00701,NEWS_MENTIONS_SUPPLIER,0.7382,SYNTHETIC_DEMO
NEWS00702,SUP00702,NEWS_MENTIONS_SUPPLIER,0.5592,SYNTHETIC_DEMO
NEWS00703,SUP00703,NEWS_MENTIONS_SUPPLIER,0.632,SYNTHETIC_DEMO
NEWS00704,SUP00704,NEWS_MENTIONS_SUPPLIER,0.6675,SYNTHETIC_DEMO
NEWS00705,SUP00705,NEWS_MENTIONS_SUPPLIER,0.745,SYNTHETIC_DEMO
NEWS00706,SUP00706,NEWS_MENTIONS_SUPPLIER,0.9878,SYNTHETIC_DEMO
NEWS00707,SUP00707,NEWS_MENTIONS_SUPPLIER,0.8317,SYNTHETIC_DEMO
NEWS00708,SUP00708,NEWS_MENTIONS_SUPPLIER,0.5767,SYNTHETIC_DEMO
NEWS00709,SUP00709,NEWS_MENTIONS_SUPPLIER,0.6173,SYNTHETIC_DEMO
NEWS00710,SUP00710,NEWS_MENTIONS_SUPPLIER,0.9399,SYNTHETIC_DEMO
NEWS00711,SUP00711,NEWS_MENTIONS_SUPPLIER,0.5185,SYNTHETIC_DEMO
NEWS00712,SUP00712,NEWS_MENTIONS_SUPPLIER,0.9701,SYNTHETIC_DEMO
NEWS00713,SUP00713,NEWS_MENTIONS_SUPPLIER,0.8174,SYNTHETIC_DEMO
NEWS00714,SUP00714,NEWS_MENTIONS_SUPPLIER,0.6374,SYNTHETIC_DEMO
NEWS00715,SUP00715,NEWS_MENTIONS_SUPPLIER,0.7377,SYNTHETIC_DEMO
NEWS00716,SUP00716,NEWS_MENTIONS_SUPPLIER,0.6118,SYNTHETIC_DEMO
NEWS00717,SUP00717,NEWS_MENTIONS_SUPPLIER,0.7188,SYNTHETIC_DEMO
NEWS00718,SUP00718,NEWS_MENTIONS_SUPPLIER,0.9176,SYNTHETIC_DEMO
NEWS00719,SUP00719,NEWS_MENTIONS_SUPPLIER,0.6272,SYNTHETIC_DEMO
NEWS00720,SUP00720,NEWS_MENTIONS_SUPPLIER,0.9641,SYNTHETIC_DEMO
NEWS00721,SUP00721,NEWS_MENTIONS_SUPPLIER,0.9132,SYNTHETIC_DEMO
NEWS00722,SUP00722,NEWS_MENTIONS_SUPPLIER,0.689,SYNTHETIC_DEMO
NEWS00723,SUP00723,NEWS_MENTIONS_SUPPLIER,0.982,SYNTHETIC_DEMO
NEWS00724,SUP00724,NEWS_MENTIONS_SUPPLIER,0.5872,SYNTHETIC_DEMO
NEWS00725,SUP00725,NEWS_MENTIONS_SUPPLIER,0.6869,SYNTHETIC_DEMO
NEWS00726,SUP00726,NEWS_MENTIONS_SUPPLIER,0.9989,SYNTHETIC_DEMO
NEWS00727,SUP00727,NEWS_MENTIONS_SUPPLIER,0.9486,SYNTHETIC_DEMO
NEWS00728,SUP00728,NEWS_MENTIONS_SUPPLIER,0.6389,SYNTHETIC_DEMO
NEWS00729,SUP00729,NEWS_MENTIONS_SUPPLIER,0.6587,SYNTHETIC_DEMO
NEWS00730,SUP00730,NEWS_MENTIONS_SUPPLIER,0.697,SYNTHETIC_DEMO
NEWS00731,SUP00731,NEWS_MENTIONS_SUPPLIER,0.5103,SYNTHETIC_DEMO
NEWS00732,SUP00732,NEWS_MENTIONS_SUPPLIER,0.5132,SYNTHETIC_DEMO
NEWS00733,SUP00733,NEWS_MENTIONS_SUPPLIER,0.949,SYNTHETIC_DEMO
NEWS00734,SUP00734,NEWS_MENTIONS_SUPPLIER,0.8729,SYNTHETIC_DEMO
NEWS00735,SUP00735,NEWS_MENTIONS_SUPPLIER,0.9603,SYNTHETIC_DEMO
NEWS00736,SUP00736,NEWS_MENTIONS_SUPPLIER,0.6624,SYNTHETIC_DEMO
NEWS00737,SUP00737,NEWS_MENTIONS_SUPPLIER,0.9102,SYNTHETIC_DEMO
NEWS00738,SUP00738,NEWS_MENTIONS_SUPPLIER,0.684,SYNTHETIC_DEMO
NEWS00739,SUP00739,NEWS_MENTIONS_SUPPLIER,0.7746,SYNTHETIC_DEMO
NEWS00740,SUP00740,NEWS_MENTIONS_SUPPLIER,0.9811,SYNTHETIC_DEMO
NEWS00741,SUP00741,NEWS_MENTIONS_SUPPLIER,0.5088,SYNTHETIC_DEMO
NEWS00742,SUP00742,NEWS_MENTIONS_SUPPLIER,0.7692,SYNTHETIC_DEMO
NEWS00743,SUP00743,NEWS_MENTIONS_SUPPLIER,0.7134,SYNTHETIC_DEMO
NEWS00744,SUP00744,NEWS_MENTIONS_SUPPLIER,0.7985,SYNTHETIC_DEMO
NEWS00745,SUP00745,NEWS_MENTIONS_SUPPLIER,0.5825,SYNTHETIC_DEMO
NEWS00746,SUP00746,NEWS_MENTIONS_SUPPLIER,0.8283,SYNTHETIC_DEMO
NEWS00747,SUP00747,NEWS_MENTIONS_SUPPLIER,0.6622,SYNTHETIC_DEMO
NEWS00748,SUP00748,NEWS_MENTIONS_SUPPLIER,0.7163,SYNTHETIC_DEMO
NEWS00749,SUP00749,NEWS_MENTIONS_SUPPLIER,0.907,SYNTHETIC_DEMO
NEWS00750,SUP00750,NEWS_MENTIONS_SUPPLIER,0.5475,SYNTHETIC_DEMO
NEWS00751,SUP00751,NEWS_MENTIONS_SUPPLIER,0.8259,SYNTHETIC_DEMO
NEWS00752,SUP00752,NEWS_MENTIONS_SUPPLIER,0.6641,SYNTHETIC_DEMO
NEWS00753,SUP00753,NEWS_MENTIONS_SUPPLIER,0.6961,SYNTHETIC_DEMO
NEWS00754,SUP00754,NEWS_MENTIONS_SUPPLIER,0.8272,SYNTHETIC_DEMO
NEWS00755,SUP00755,NEWS_MENTIONS_SUPPLIER,0.9504,SYNTHETIC_DEMO
NEWS00756,SUP00756,NEWS_MENTIONS_SUPPLIER,0.8635,SYNTHETIC_DEMO
NEWS00757,SUP00757,NEWS_MENTIONS_SUPPLIER,0.7944,SYNTHETIC_DEMO
NEWS00758,SUP00758,NEWS_MENTIONS_SUPPLIER,0.8158,SYNTHETIC_DEMO
NEWS00759,SUP00759,NEWS_MENTIONS_SUPPLIER,0.6414,SYNTHETIC_DEMO
NEWS00760,SUP00760,NEWS_MENTIONS_SUPPLIER,0.8967,SYNTHETIC_DEMO
NEWS00761,SUP00761,NEWS_MENTIONS_SUPPLIER,0.5596,SYNTHETIC_DEMO
NEWS00762,SUP00762,NEWS_MENTIONS_SUPPLIER,0.9306,SYNTHETIC_DEMO
NEWS00763,SUP00763,NEWS_MENTIONS_SUPPLIER,0.7056,SYNTHETIC_DEMO
NEWS00764,SUP00764,NEWS_MENTIONS_SUPPLIER,0.7126,SYNTHETIC_DEMO
NEWS00765,SUP00765,NEWS_MENTIONS_SUPPLIER,0.5837,SYNTHETIC_DEMO
NEWS00766,SUP00766,NEWS_MENTIONS_SUPPLIER,0.9313,SYNTHETIC_DEMO
NEWS00767,SUP00767,NEWS_MENTIONS_SUPPLIER,0.7239,SYNTHETIC_DEMO
NEWS00768,SUP00768,NEWS_MENTIONS_SUPPLIER,0.9906,SYNTHETIC_DEMO
NEWS00769,SUP00769,NEWS_MENTIONS_SUPPLIER,0.6837,SYNTHETIC_DEMO
NEWS00770,SUP00770,NEWS_MENTIONS_SUPPLIER,0.8866,SYNTHETIC_DEMO
NEWS00771,SUP00771,NEWS_MENTIONS_SUPPLIER,0.8871,SYNTHETIC_DEMO
NEWS00772,SUP00772,NEWS_MENTIONS_SUPPLIER,0.9069,SYNTHETIC_DEMO
NEWS00773,SUP00773,NEWS_MENTIONS_SUPPLIER,0.9336,SYNTHETIC_DEMO
NEWS00774,SUP00774,NEWS_MENTIONS_SUPPLIER,0.6523,SYNTHETIC_DEMO
NEWS00775,SUP00775,NEWS_MENTIONS_SUPPLIER,0.98,SYNTHETIC_DEMO
NEWS00776,SUP00776,NEWS_MENTIONS_SUPPLIER,0.6627,SYNTHETIC_DEMO
NEWS00777,SUP00777,NEWS_MENTIONS_SUPPLIER,0.5787,SYNTHETIC_DEMO
NEWS00778,SUP00778,NEWS_MENTIONS_SUPPLIER,0.9381,SYNTHETIC_DEMO
NEWS00779,SUP00779,NEWS_MENTIONS_SUPPLIER,0.8009,SYNTHETIC_DEMO
NEWS00780,SUP00780,NEWS_MENTIONS_SUPPLIER,0.594,SYNTHETIC_DEMO
NEWS00781,SUP00781,NEWS_MENTIONS_SUPPLIER,0.9528,SYNTHETIC_DEMO
NEWS00782,SUP00782,NEWS_MENTIONS_SUPPLIER,0.603,SYNTHETIC_DEMO
NEWS00783,SUP00783,NEWS_MENTIONS_SUPPLIER,0.6464,SYNTHETIC_DEMO
NEWS00784,SUP00784,NEWS_MENTIONS_SUPPLIER,0.6501,SYNTHETIC_DEMO
NEWS00785,SUP00785,NEWS_MENTIONS_SUPPLIER,0.7363,SYNTHETIC_DEMO
NEWS00786,SUP00786,NEWS_MENTIONS_SUPPLIER,0.6606,SYNTHETIC_DEMO
NEWS00787,SUP00787,NEWS_MENTIONS_SUPPLIER,0.979,SYNTHETIC_DEMO
NEWS00788,SUP00788,NEWS_MENTIONS_SUPPLIER,0.536,SYNTHETIC_DEMO
NEWS00789,SUP00789,NEWS_MENTIONS_SUPPLIER,0.5488,SYNTHETIC_DEMO
NEWS00790,SUP00790,NEWS_MENTIONS_SUPPLIER,0.7485,SYNTHETIC_DEMO
NEWS00791,SUP00791,NEWS_MENTIONS_SUPPLIER,0.5709,SYNTHETIC_DEMO
NEWS00792,SUP00792,NEWS_MENTIONS_SUPPLIER,0.6902,SYNTHETIC_DEMO
NEWS00793,SUP00793,NEWS_MENTIONS_SUPPLIER,0.6557,SYNTHETIC_DEMO
NEWS00794,SUP00794,NEWS_MENTIONS_SUPPLIER,0.5808,SYNTHETIC_DEMO
NEWS00795,SUP00795,NEWS_MENTIONS_SUPPLIER,0.7285,SYNTHETIC_DEMO
NEWS00796,SUP00796,NEWS_MENTIONS_SUPPLIER,0.5703,SYNTHETIC_DEMO
NEWS00797,SUP00797,NEWS_MENTIONS_SUPPLIER,0.9251,SYNTHETIC_DEMO
NEWS00798,SUP00798,NEWS_MENTIONS_SUPPLIER,0.6741,SYNTHETIC_DEMO
NEWS00799,SUP00799,NEWS_MENTIONS_SUPPLIER,0.955,SYNTHETIC_DEMO
NEWS00800,SUP00800,NEWS_MENTIONS_SUPPLIER,0.5203,SYNTHETIC_DEMO
NEWS00801,SUP00801,NEWS_MENTIONS_SUPPLIER,0.7048,SYNTHETIC_DEMO
NEWS00802,SUP00802,NEWS_MENTIONS_SUPPLIER,0.7222,SYNTHETIC_DEMO
NEWS00803,SUP00803,NEWS_MENTIONS_SUPPLIER,0.8759,SYNTHETIC_DEMO
NEWS00804,SUP00804,NEWS_MENTIONS_SUPPLIER,0.5854,SYNTHETIC_DEMO
NEWS00805,SUP00805,NEWS_MENTIONS_SUPPLIER,0.9572,SYNTHETIC_DEMO
NEWS00806,SUP00806,NEWS_MENTIONS_SUPPLIER,0.9639,SYNTHETIC_DEMO
NEWS00807,SUP00807,NEWS_MENTIONS_SUPPLIER,0.9674,SYNTHETIC_DEMO
NEWS00808,SUP00808,NEWS_MENTIONS_SUPPLIER,0.6495,SYNTHETIC_DEMO
NEWS00809,SUP00809,NEWS_MENTIONS_SUPPLIER,0.9118,SYNTHETIC_DEMO
NEWS00810,SUP00810,NEWS_MENTIONS_SUPPLIER,0.5668,SYNTHETIC_DEMO
NEWS00811,SUP00811,NEWS_MENTIONS_SUPPLIER,0.7729,SYNTHETIC_DEMO
NEWS00812,SUP00812,NEWS_MENTIONS_SUPPLIER,0.8928,SYNTHETIC_DEMO
NEWS00813,SUP00813,NEWS_MENTIONS_SUPPLIER,0.6663,SYNTHETIC_DEMO
NEWS00814,SUP00814,NEWS_MENTIONS_SUPPLIER,0.8291,SYNTHETIC_DEMO
NEWS00815,SUP00815,NEWS_MENTIONS_SUPPLIER,0.6574,SYNTHETIC_DEMO
NEWS00816,SUP00816,NEWS_MENTIONS_SUPPLIER,0.8484,SYNTHETIC_DEMO
NEWS00817,SUP00817,NEWS_MENTIONS_SUPPLIER,0.5195,SYNTHETIC_DEMO
NEWS00818,SUP00818,NEWS_MENTIONS_SUPPLIER,0.9343,SYNTHETIC_DEMO
NEWS00819,SUP00819,NEWS_MENTIONS_SUPPLIER,0.641,SYNTHETIC_DEMO
NEWS00820,SUP00820,NEWS_MENTIONS_SUPPLIER,0.6582,SYNTHETIC_DEMO
NEWS00821,SUP00821,NEWS_MENTIONS_SUPPLIER,0.8572,SYNTHETIC_DEMO
NEWS00822,SUP00822,NEWS_MENTIONS_SUPPLIER,0.9097,SYNTHETIC_DEMO
NEWS00823,SUP00823,NEWS_MENTIONS_SUPPLIER,0.9623,SYNTHETIC_DEMO
NEWS00824,SUP00824,NEWS_MENTIONS_SUPPLIER,0.7195,SYNTHETIC_DEMO
NEWS00825,SUP00825,NEWS_MENTIONS_SUPPLIER,0.9898,SYNTHETIC_DEMO
NEWS00826,SUP00826,NEWS_MENTIONS_SUPPLIER,0.76,SYNTHETIC_DEMO
NEWS00827,SUP00827,NEWS_MENTIONS_SUPPLIER,0.793,SYNTHETIC_DEMO
NEWS00828,SUP00828,NEWS_MENTIONS_SUPPLIER,0.7898,SYNTHETIC_DEMO
NEWS00829,SUP00829,NEWS_MENTIONS_SUPPLIER,0.7918,SYNTHETIC_DEMO
NEWS00830,SUP00830,NEWS_MENTIONS_SUPPLIER,0.736,SYNTHETIC_DEMO
NEWS00831,SUP00831,NEWS_MENTIONS_SUPPLIER,0.7869,SYNTHETIC_DEMO
NEWS00832,SUP00832,NEWS_MENTIONS_SUPPLIER,0.5336,SYNTHETIC_DEMO
NEWS00833,SUP00833,NEWS_MENTIONS_SUPPLIER,0.5261,SYNTHETIC_DEMO
NEWS00834,SUP00834,NEWS_MENTIONS_SUPPLIER,0.6276,SYNTHETIC_DEMO
NEWS00835,SUP00835,NEWS_MENTIONS_SUPPLIER,0.9738,SYNTHETIC_DEMO
NEWS00836,SUP00836,NEWS_MENTIONS_SUPPLIER,0.8809,SYNTHETIC_DEMO
NEWS00837,SUP00837,NEWS_MENTIONS_SUPPLIER,0.6248,SYNTHETIC_DEMO
NEWS00838,SUP00838,NEWS_MENTIONS_SUPPLIER,0.7302,SYNTHETIC_DEMO
NEWS00839,SUP00839,NEWS_MENTIONS_SUPPLIER,0.7153,SYNTHETIC_DEMO
NEWS00840,SUP00840,NEWS_MENTIONS_SUPPLIER,0.6177,SYNTHETIC_DEMO
NEWS00841,SUP00841,NEWS_MENTIONS_SUPPLIER,0.6695,SYNTHETIC_DEMO
NEWS00842,SUP00842,NEWS_MENTIONS_SUPPLIER,0.9867,SYNTHETIC_DEMO
NEWS00843,SUP00843,NEWS_MENTIONS_SUPPLIER,0.5535,SYNTHETIC_DEMO
NEWS00844,SUP00844,NEWS_MENTIONS_SUPPLIER,0.9117,SYNTHETIC_DEMO
NEWS00845,SUP00845,NEWS_MENTIONS_SUPPLIER,0.5624,SYNTHETIC_DEMO
NEWS00846,SUP00846,NEWS_MENTIONS_SUPPLIER,0.5605,SYNTHETIC_DEMO
NEWS00847,SUP00847,NEWS_MENTIONS_SUPPLIER,0.5751,SYNTHETIC_DEMO
NEWS00848,SUP00848,NEWS_MENTIONS_SUPPLIER,0.6234,SYNTHETIC_DEMO
NEWS00849,SUP00849,NEWS_MENTIONS_SUPPLIER,0.9488,SYNTHETIC_DEMO
NEWS00850,SUP00850,NEWS_MENTIONS_SUPPLIER,0.9135,SYNTHETIC_DEMO
NEWS00851,SUP00851,NEWS_MENTIONS_SUPPLIER,0.8109,SYNTHETIC_DEMO
NEWS00852,SUP00852,NEWS_MENTIONS_SUPPLIER,0.6693,SYNTHETIC_DEMO
NEWS00853,SUP00853,NEWS_MENTIONS_SUPPLIER,0.9614,SYNTHETIC_DEMO
NEWS00854,SUP00854,NEWS_MENTIONS_SUPPLIER,0.5529,SYNTHETIC_DEMO
NEWS00855,SUP00855,NEWS_MENTIONS_SUPPLIER,0.84,SYNTHETIC_DEMO
NEWS00856,SUP00856,NEWS_MENTIONS_SUPPLIER,0.7242,SYNTHETIC_DEMO
NEWS00857,SUP00857,NEWS_MENTIONS_SUPPLIER,0.6092,SYNTHETIC_DEMO
NEWS00858,SUP00858,NEWS_MENTIONS_SUPPLIER,0.7067,SYNTHETIC_DEMO
NEWS00859,SUP00859,NEWS_MENTIONS_SUPPLIER,0.9576,SYNTHETIC_DEMO
NEWS00860,SUP00860,NEWS_MENTIONS_SUPPLIER,0.9148,SYNTHETIC_DEMO
NEWS00861,SUP00861,NEWS_MENTIONS_SUPPLIER,0.6648,SYNTHETIC_DEMO
NEWS00862,SUP00862,NEWS_MENTIONS_SUPPLIER,0.5652,SYNTHETIC_DEMO
NEWS00863,SUP00863,NEWS_MENTIONS_SUPPLIER,0.7693,SYNTHETIC_DEMO
NEWS00864,SUP00864,NEWS_MENTIONS_SUPPLIER,0.6128,SYNTHETIC_DEMO
NEWS00865,SUP00865,NEWS_MENTIONS_SUPPLIER,0.781,SYNTHETIC_DEMO
NEWS00866,SUP00866,NEWS_MENTIONS_SUPPLIER,0.8356,SYNTHETIC_DEMO
NEWS00867,SUP00867,NEWS_MENTIONS_SUPPLIER,0.7946,SYNTHETIC_DEMO
NEWS00868,SUP00868,NEWS_MENTIONS_SUPPLIER,0.9623,SYNTHETIC_DEMO
NEWS00869,SUP00869,NEWS_MENTIONS_SUPPLIER,0.9007,SYNTHETIC_DEMO
NEWS00870,SUP00870,NEWS_MENTIONS_SUPPLIER,0.6613,SYNTHETIC_DEMO
NEWS00871,SUP00871,NEWS_MENTIONS_SUPPLIER,0.7097,SYNTHETIC_DEMO
NEWS00872,SUP00872,NEWS_MENTIONS_SUPPLIER,0.5912,SYNTHETIC_DEMO
NEWS00873,SUP00873,NEWS_MENTIONS_SUPPLIER,0.6742,SYNTHETIC_DEMO
NEWS00874,SUP00874,NEWS_MENTIONS_SUPPLIER,0.9939,SYNTHETIC_DEMO
NEWS00875,SUP00875,NEWS_MENTIONS_SUPPLIER,0.7826,SYNTHETIC_DEMO
NEWS00876,SUP00876,NEWS_MENTIONS_SUPPLIER,0.9422,SYNTHETIC_DEMO
NEWS00877,SUP00877,NEWS_MENTIONS_SUPPLIER,0.55,SYNTHETIC_DEMO
NEWS00878,SUP00878,NEWS_MENTIONS_SUPPLIER,0.9184,SYNTHETIC_DEMO
NEWS00879,SUP00879,NEWS_MENTIONS_SUPPLIER,0.9231,SYNTHETIC_DEMO
NEWS00880,SUP00880,NEWS_MENTIONS_SUPPLIER,0.615,SYNTHETIC_DEMO
NEWS00881,SUP00881,NEWS_MENTIONS_SUPPLIER,0.9524,SYNTHETIC_DEMO
NEWS00882,SUP00882,NEWS_MENTIONS_SUPPLIER,0.8575,SYNTHETIC_DEMO
NEWS00883,SUP00883,NEWS_MENTIONS_SUPPLIER,0.7279,SYNTHETIC_DEMO
NEWS00884,SUP00884,NEWS_MENTIONS_SUPPLIER,0.5592,SYNTHETIC_DEMO
NEWS00885,SUP00885,NEWS_MENTIONS_SUPPLIER,0.6578,SYNTHETIC_DEMO
NEWS00886,SUP00886,NEWS_MENTIONS_SUPPLIER,0.6792,SYNTHETIC_DEMO
NEWS00887,SUP00887,NEWS_MENTIONS_SUPPLIER,0.5653,SYNTHETIC_DEMO
NEWS00888,SUP00888,NEWS_MENTIONS_SUPPLIER,0.5333,SYNTHETIC_DEMO
NEWS00889,SUP00889,NEWS_MENTIONS_SUPPLIER,0.7233,SYNTHETIC_DEMO
NEWS00890,SUP00890,NEWS_MENTIONS_SUPPLIER,0.5216,SYNTHETIC_DEMO
NEWS00891,SUP00891,NEWS_MENTIONS_SUPPLIER,0.6923,SYNTHETIC_DEMO
NEWS00892,SUP00892,NEWS_MENTIONS_SUPPLIER,0.9429,SYNTHETIC_DEMO
NEWS00893,SUP00893,NEWS_MENTIONS_SUPPLIER,0.628,SYNTHETIC_DEMO
NEWS00894,SUP00894,NEWS_MENTIONS_SUPPLIER,0.9199,SYNTHETIC_DEMO
NEWS00895,SUP00895,NEWS_MENTIONS_SUPPLIER,0.5237,SYNTHETIC_DEMO
NEWS00896,SUP00896,NEWS_MENTIONS_SUPPLIER,0.5541,SYNTHETIC_DEMO
NEWS00897,SUP00897,NEWS_MENTIONS_SUPPLIER,0.6138,SYNTHETIC_DEMO
NEWS00898,SUP00898,NEWS_MENTIONS_SUPPLIER,0.5541,SYNTHETIC_DEMO
NEWS00899,SUP00899,NEWS_MENTIONS_SUPPLIER,0.7419,SYNTHETIC_DEMO
NEWS00900,SUP00900,NEWS_MENTIONS_SUPPLIER,0.8319,SYNTHETIC_DEMO
NEWS00901,SUP00901,NEWS_MENTIONS_SUPPLIER,0.5605,SYNTHETIC_DEMO
NEWS00902,SUP00902,NEWS_MENTIONS_SUPPLIER,0.6681,SYNTHETIC_DEMO
NEWS00903,SUP00903,NEWS_MENTIONS_SUPPLIER,0.8677,SYNTHETIC_DEMO
NEWS00904,SUP00904,NEWS_MENTIONS_SUPPLIER,0.5558,SYNTHETIC_DEMO
NEWS00905,SUP00905,NEWS_MENTIONS_SUPPLIER,0.8932,SYNTHETIC_DEMO
NEWS00906,SUP00906,NEWS_MENTIONS_SUPPLIER,0.6019,SYNTHETIC_DEMO
NEWS00907,SUP00907,NEWS_MENTIONS_SUPPLIER,0.5905,SYNTHETIC_DEMO
NEWS00908,SUP00908,NEWS_MENTIONS_SUPPLIER,0.8672,SYNTHETIC_DEMO
NEWS00909,SUP00909,NEWS_MENTIONS_SUPPLIER,0.7368,SYNTHETIC_DEMO
NEWS00910,SUP00910,NEWS_MENTIONS_SUPPLIER,0.7253,SYNTHETIC_DEMO
NEWS00911,SUP00911,NEWS_MENTIONS_SUPPLIER,0.561,SYNTHETIC_DEMO
NEWS00912,SUP00912,NEWS_MENTIONS_SUPPLIER,0.8273,SYNTHETIC_DEMO
NEWS00913,SUP00913,NEWS_MENTIONS_SUPPLIER,0.829,SYNTHETIC_DEMO
NEWS00914,SUP00914,NEWS_MENTIONS_SUPPLIER,0.8688,SYNTHETIC_DEMO
NEWS00915,SUP00915,NEWS_MENTIONS_SUPPLIER,0.7034,SYNTHETIC_DEMO
NEWS00916,SUP00916,NEWS_MENTIONS_SUPPLIER,0.8885,SYNTHETIC_DEMO
NEWS00917,SUP00917,NEWS_MENTIONS_SUPPLIER,0.9918,SYNTHETIC_DEMO
NEWS00918,SUP00918,NEWS_MENTIONS_SUPPLIER,0.9795,SYNTHETIC_DEMO
NEWS00919,SUP00919,NEWS_MENTIONS_SUPPLIER,0.5831,SYNTHETIC_DEMO
NEWS00920,SUP00920,NEWS_MENTIONS_SUPPLIER,0.8276,SYNTHETIC_DEMO
NEWS00921,SUP00921,NEWS_MENTIONS_SUPPLIER,0.7512,SYNTHETIC_DEMO
NEWS00922,SUP00922,NEWS_MENTIONS_SUPPLIER,0.6802,SYNTHETIC_DEMO
NEWS00923,SUP00923,NEWS_MENTIONS_SUPPLIER,0.7735,SYNTHETIC_DEMO
NEWS00924,SUP00924,NEWS_MENTIONS_SUPPLIER,0.9783,SYNTHETIC_DEMO
NEWS00925,SUP00925,NEWS_MENTIONS_SUPPLIER,0.7161,SYNTHETIC_DEMO
NEWS00926,SUP00926,NEWS_MENTIONS_SUPPLIER,0.5317,SYNTHETIC_DEMO
NEWS00927,SUP00927,NEWS_MENTIONS_SUPPLIER,0.5229,SYNTHETIC_DEMO
NEWS00928,SUP00928,NEWS_MENTIONS_SUPPLIER,0.6237,SYNTHETIC_DEMO
NEWS00929,SUP00929,NEWS_MENTIONS_SUPPLIER,0.9169,SYNTHETIC_DEMO
NEWS00930,SUP00930,NEWS_MENTIONS_SUPPLIER,0.8379,SYNTHETIC_DEMO
NEWS00931,SUP00931,NEWS_MENTIONS_SUPPLIER,0.5241,SYNTHETIC_DEMO
NEWS00932,SUP00932,NEWS_MENTIONS_SUPPLIER,0.8429,SYNTHETIC_DEMO
NEWS00933,SUP00933,NEWS_MENTIONS_SUPPLIER,0.7998,SYNTHETIC_DEMO
NEWS00934,SUP00934,NEWS_MENTIONS_SUPPLIER,0.9524,SYNTHETIC_DEMO
NEWS00935,SUP00935,NEWS_MENTIONS_SUPPLIER,0.7134,SYNTHETIC_DEMO
NEWS00936,SUP00936,NEWS_MENTIONS_SUPPLIER,0.6581,SYNTHETIC_DEMO
NEWS00937,SUP00937,NEWS_MENTIONS_SUPPLIER,0.5327,SYNTHETIC_DEMO
NEWS00938,SUP00938,NEWS_MENTIONS_SUPPLIER,0.6583,SYNTHETIC_DEMO
NEWS00939,SUP00939,NEWS_MENTIONS_SUPPLIER,0.9957,SYNTHETIC_DEMO
NEWS00940,SUP00940,NEWS_MENTIONS_SUPPLIER,0.9036,SYNTHETIC_DEMO
NEWS00941,SUP00941,NEWS_MENTIONS_SUPPLIER,0.9703,SYNTHETIC_DEMO
NEWS00942,SUP00942,NEWS_MENTIONS_SUPPLIER,0.5476,SYNTHETIC_DEMO
NEWS00943,SUP00943,NEWS_MENTIONS_SUPPLIER,0.6297,SYNTHETIC_DEMO
NEWS00944,SUP00944,NEWS_MENTIONS_SUPPLIER,0.8398,SYNTHETIC_DEMO
NEWS00945,SUP00945,NEWS_MENTIONS_SUPPLIER,0.5054,SYNTHETIC_DEMO
NEWS00946,SUP00946,NEWS_MENTIONS_SUPPLIER,0.7452,SYNTHETIC_DEMO
NEWS00947,SUP00947,NEWS_MENTIONS_SUPPLIER,0.8457,SYNTHETIC_DEMO
NEWS00948,SUP00948,NEWS_MENTIONS_SUPPLIER,0.9707,SYNTHETIC_DEMO
NEWS00949,SUP00949,NEWS_MENTIONS_SUPPLIER,0.5556,SYNTHETIC_DEMO
NEWS00950,SUP00950,NEWS_MENTIONS_SUPPLIER,0.7905,SYNTHETIC_DEMO
NEWS00951,SUP00951,NEWS_MENTIONS_SUPPLIER,0.7542,SYNTHETIC_DEMO
NEWS00952,SUP00952,NEWS_MENTIONS_SUPPLIER,0.8572,SYNTHETIC_DEMO
NEWS00953,SUP00953,NEWS_MENTIONS_SUPPLIER,0.9178,SYNTHETIC_DEMO
NEWS00954,SUP00954,NEWS_MENTIONS_SUPPLIER,0.9768,SYNTHETIC_DEMO
NEWS00955,SUP00955,NEWS_MENTIONS_SUPPLIER,0.5853,SYNTHETIC_DEMO
NEWS00956,SUP00956,NEWS_MENTIONS_SUPPLIER,0.8994,SYNTHETIC_DEMO
NEWS00957,SUP00957,NEWS_MENTIONS_SUPPLIER,0.507,SYNTHETIC_DEMO
NEWS00958,SUP00958,NEWS_MENTIONS_SUPPLIER,0.7874,SYNTHETIC_DEMO
NEWS00959,SUP00959,NEWS_MENTIONS_SUPPLIER,0.5396,SYNTHETIC_DEMO
NEWS00960,SUP00960,NEWS_MENTIONS_SUPPLIER,0.6723,SYNTHETIC_DEMO
NEWS00961,SUP00961,NEWS_MENTIONS_SUPPLIER,0.8856,SYNTHETIC_DEMO
NEWS00962,SUP00962,NEWS_MENTIONS_SUPPLIER,0.7728,SYNTHETIC_DEMO
NEWS00963,SUP00963,NEWS_MENTIONS_SUPPLIER,0.6578,SYNTHETIC_DEMO
NEWS00964,SUP00964,NEWS_MENTIONS_SUPPLIER,0.7082,SYNTHETIC_DEMO
NEWS00965,SUP00965,NEWS_MENTIONS_SUPPLIER,0.5719,SYNTHETIC_DEMO
NEWS00966,SUP00966,NEWS_MENTIONS_SUPPLIER,0.9945,SYNTHETIC_DEMO
NEWS00967,SUP00967,NEWS_MENTIONS_SUPPLIER,0.7881,SYNTHETIC_DEMO
NEWS00968,SUP00968,NEWS_MENTIONS_SUPPLIER,0.6196,SYNTHETIC_DEMO
NEWS00969,SUP00969,NEWS_MENTIONS_SUPPLIER,0.8473,SYNTHETIC_DEMO
NEWS00970,SUP00970,NEWS_MENTIONS_SUPPLIER,0.5617,SYNTHETIC_DEMO
NEWS00971,SUP00971,NEWS_MENTIONS_SUPPLIER,0.6992,SYNTHETIC_DEMO
NEWS00972,SUP00972,NEWS_MENTIONS_SUPPLIER,0.9756,SYNTHETIC_DEMO
NEWS00973,SUP00973,NEWS_MENTIONS_SUPPLIER,0.6061,SYNTHETIC_DEMO
NEWS00974,SUP00974,NEWS_MENTIONS_SUPPLIER,0.8767,SYNTHETIC_DEMO
NEWS00975,SUP00975,NEWS_MENTIONS_SUPPLIER,0.7216,SYNTHETIC_DEMO
NEWS00976,SUP00976,NEWS_MENTIONS_SUPPLIER,0.9893,SYNTHETIC_DEMO
NEWS00977,SUP00977,NEWS_MENTIONS_SUPPLIER,0.8559,SYNTHETIC_DEMO
NEWS00978,SUP00978,NEWS_MENTIONS_SUPPLIER,0.6541,SYNTHETIC_DEMO
NEWS00979,SUP00979,NEWS_MENTIONS_SUPPLIER,0.8579,SYNTHETIC_DEMO
NEWS00980,SUP00980,NEWS_MENTIONS_SUPPLIER,0.8445,SYNTHETIC_DEMO
NEWS00981,SUP00981,NEWS_MENTIONS_SUPPLIER,0.7096,SYNTHETIC_DEMO
NEWS00982,SUP00982,NEWS_MENTIONS_SUPPLIER,0.6239,SYNTHETIC_DEMO
NEWS00983,SUP00983,NEWS_MENTIONS_SUPPLIER,0.9728,SYNTHETIC_DEMO
NEWS00984,SUP00984,NEWS_MENTIONS_SUPPLIER,0.7917,SYNTHETIC_DEMO
NEWS00985,SUP00985,NEWS_MENTIONS_SUPPLIER,0.6538,SYNTHETIC_DEMO
NEWS00986,SUP00986,NEWS_MENTIONS_SUPPLIER,0.6357,SYNTHETIC_DEMO
NEWS00987,SUP00987,NEWS_MENTIONS_SUPPLIER,0.657,SYNTHETIC_DEMO
NEWS00988,SUP00988,NEWS_MENTIONS_SUPPLIER,0.6349,SYNTHETIC_DEMO
NEWS00989,SUP00989,NEWS_MENTIONS_SUPPLIER,0.7717,SYNTHETIC_DEMO
NEWS00990,SUP00990,NEWS_MENTIONS_SUPPLIER,0.5979,SYNTHETIC_DEMO
NEWS00991,SUP00991,NEWS_MENTIONS_SUPPLIER,0.9244,SYNTHETIC_DEMO
NEWS00992,SUP00992,NEWS_MENTIONS_SUPPLIER,0.7196,SYNTHETIC_DEMO
NEWS00993,SUP00993,NEWS_MENTIONS_SUPPLIER,0.7988,SYNTHETIC_DEMO
NEWS00994,SUP00994,NEWS_MENTIONS_SUPPLIER,0.7423,SYNTHETIC_DEMO
NEWS00995,SUP00995,NEWS_MENTIONS_SUPPLIER,0.5847,SYNTHETIC_DEMO
NEWS00996,SUP00996,NEWS_MENTIONS_SUPPLIER,0.7572,SYNTHETIC_DEMO
NEWS00997,SUP00997,NEWS_MENTIONS_SUPPLIER,0.6865,SYNTHETIC_DEMO
NEWS00998,SUP00998,NEWS_MENTIONS_SUPPLIER,0.5278,SYNTHETIC_DEMO
NEWS00999,SUP00999,NEWS_MENTIONS_SUPPLIER,0.7279,SYNTHETIC_DEMO
NEWS01000,SUP01000,NEWS_MENTIONS_SUPPLIER,0.9816,SYNTHETIC_DEMO
NEWS00001,SUP00001,NEWS_MENTIONS_SUPPLIER,0.6942,SYNTHETIC_DEMO
LOC00002,SUP00002,LOCATION_AFFECTS_SUPPLIER,0.4203,SYNTHETIC_DEMO
LOC00003,SUP00003,LOCATION_AFFECTS_SUPPLIER,0.6412,SYNTHETIC_DEMO
LOC00004,SUP00004,LOCATION_AFFECTS_SUPPLIER,0.9007,SYNTHETIC_DEMO
LOC00005,SUP00005,LOCATION_AFFECTS_SUPPLIER,0.7067,SYNTHETIC_DEMO
LOC00006,SUP00006,LOCATION_AFFECTS_SUPPLIER,0.4242,SYNTHETIC_DEMO
LOC00007,SUP00007,LOCATION_AFFECTS_SUPPLIER,0.6354,SYNTHETIC_DEMO
LOC00008,SUP00008,LOCATION_AFFECTS_SUPPLIER,0.4675,SYNTHETIC_DEMO
LOC00009,SUP00009,LOCATION_AFFECTS_SUPPLIER,0.7932,SYNTHETIC_DEMO
LOC00010,SUP00010,LOCATION_AFFECTS_SUPPLIER,0.4649,SYNTHETIC_DEMO
LOC00011,SUP00011,LOCATION_AFFECTS_SUPPLIER,0.829,SYNTHETIC_DEMO
LOC00012,SUP00012,LOCATION_AFFECTS_SUPPLIER,0.882,SYNTHETIC_DEMO
LOC00013,SUP00013,LOCATION_AFFECTS_SUPPLIER,0.6066,SYNTHETIC_DEMO
LOC00014,SUP00014,LOCATION_AFFECTS_SUPPLIER,0.5849,SYNTHETIC_DEMO
LOC00015,SUP00015,LOCATION_AFFECTS_SUPPLIER,0.6392,SYNTHETIC_DEMO
LOC00016,SUP00016,LOCATION_AFFECTS_SUPPLIER,0.9363,SYNTHETIC_DEMO
LOC00017,SUP00017,LOCATION_AFFECTS_SUPPLIER,0.6348,SYNTHETIC_DEMO
LOC00018,SUP00018,LOCATION_AFFECTS_SUPPLIER,0.9511,SYNTHETIC_DEMO
LOC00019,SUP00019,LOCATION_AFFECTS_SUPPLIER,0.9556,SYNTHETIC_DEMO
LOC00020,SUP00020,LOCATION_AFFECTS_SUPPLIER,0.7469,SYNTHETIC_DEMO
LOC00021,SUP00021,LOCATION_AFFECTS_SUPPLIER,0.95,SYNTHETIC_DEMO
LOC00022,SUP00022,LOCATION_AFFECTS_SUPPLIER,0.4753,SYNTHETIC_DEMO
LOC00023,SUP00023,LOCATION_AFFECTS_SUPPLIER,0.7521,SYNTHETIC_DEMO
LOC00024,SUP00024,LOCATION_AFFECTS_SUPPLIER,0.8874,SYNTHETIC_DEMO
LOC00025,SUP00025,LOCATION_AFFECTS_SUPPLIER,0.6021,SYNTHETIC_DEMO
LOC00026,SUP00026,LOCATION_AFFECTS_SUPPLIER,0.5515,SYNTHETIC_DEMO
LOC00027,SUP00027,LOCATION_AFFECTS_SUPPLIER,0.8794,SYNTHETIC_DEMO
LOC00028,SUP00028,LOCATION_AFFECTS_SUPPLIER,0.8827,SYNTHETIC_DEMO
LOC00029,SUP00029,LOCATION_AFFECTS_SUPPLIER,0.5971,SYNTHETIC_DEMO
LOC00030,SUP00030,LOCATION_AFFECTS_SUPPLIER,0.9706,SYNTHETIC_DEMO
LOC00031,SUP00031,LOCATION_AFFECTS_SUPPLIER,0.8361,SYNTHETIC_DEMO
LOC00032,SUP00032,LOCATION_AFFECTS_SUPPLIER,0.7923,SYNTHETIC_DEMO
LOC00033,SUP00033,LOCATION_AFFECTS_SUPPLIER,0.7635,SYNTHETIC_DEMO
LOC00034,SUP00034,LOCATION_AFFECTS_SUPPLIER,0.7128,SYNTHETIC_DEMO
LOC00035,SUP00035,LOCATION_AFFECTS_SUPPLIER,0.5019,SYNTHETIC_DEMO
LOC00036,SUP00036,LOCATION_AFFECTS_SUPPLIER,0.83,SYNTHETIC_DEMO
LOC00037,SUP00037,LOCATION_AFFECTS_SUPPLIER,0.8628,SYNTHETIC_DEMO
LOC00038,SUP00038,LOCATION_AFFECTS_SUPPLIER,0.928,SYNTHETIC_DEMO
LOC00039,SUP00039,LOCATION_AFFECTS_SUPPLIER,0.514,SYNTHETIC_DEMO
LOC00040,SUP00040,LOCATION_AFFECTS_SUPPLIER,0.5764,SYNTHETIC_DEMO
LOC00041,SUP00041,LOCATION_AFFECTS_SUPPLIER,0.5432,SYNTHETIC_DEMO
LOC00042,SUP00042,LOCATION_AFFECTS_SUPPLIER,0.6221,SYNTHETIC_DEMO
LOC00043,SUP00043,LOCATION_AFFECTS_SUPPLIER,0.7675,SYNTHETIC_DEMO
LOC00044,SUP00044,LOCATION_AFFECTS_SUPPLIER,0.5038,SYNTHETIC_DEMO
LOC00045,SUP00045,LOCATION_AFFECTS_SUPPLIER,0.4927,SYNTHETIC_DEMO
LOC00046,SUP00046,LOCATION_AFFECTS_SUPPLIER,0.9442,SYNTHETIC_DEMO
LOC00047,SUP00047,LOCATION_AFFECTS_SUPPLIER,0.8074,SYNTHETIC_DEMO
LOC00048,SUP00048,LOCATION_AFFECTS_SUPPLIER,0.8636,SYNTHETIC_DEMO
LOC00049,SUP00049,LOCATION_AFFECTS_SUPPLIER,0.6883,SYNTHETIC_DEMO
LOC00050,SUP00050,LOCATION_AFFECTS_SUPPLIER,0.9225,SYNTHETIC_DEMO
LOC00051,SUP00051,LOCATION_AFFECTS_SUPPLIER,0.6092,SYNTHETIC_DEMO
LOC00052,SUP00052,LOCATION_AFFECTS_SUPPLIER,0.643,SYNTHETIC_DEMO
LOC00053,SUP00053,LOCATION_AFFECTS_SUPPLIER,0.5199,SYNTHETIC_DEMO
LOC00054,SUP00054,LOCATION_AFFECTS_SUPPLIER,0.7075,SYNTHETIC_DEMO
LOC00055,SUP00055,LOCATION_AFFECTS_SUPPLIER,0.7201,SYNTHETIC_DEMO
LOC00056,SUP00056,LOCATION_AFFECTS_SUPPLIER,0.8673,SYNTHETIC_DEMO
LOC00057,SUP00057,LOCATION_AFFECTS_SUPPLIER,0.4458,SYNTHETIC_DEMO
LOC00058,SUP00058,LOCATION_AFFECTS_SUPPLIER,0.9106,SYNTHETIC_DEMO
LOC00059,SUP00059,LOCATION_AFFECTS_SUPPLIER,0.4931,SYNTHETIC_DEMO
LOC00060,SUP00060,LOCATION_AFFECTS_SUPPLIER,0.612,SYNTHETIC_DEMO
LOC00061,SUP00061,LOCATION_AFFECTS_SUPPLIER,0.535,SYNTHETIC_DEMO
LOC00062,SUP00062,LOCATION_AFFECTS_SUPPLIER,0.4159,SYNTHETIC_DEMO
LOC00063,SUP00063,LOCATION_AFFECTS_SUPPLIER,0.8319,SYNTHETIC_DEMO
LOC00064,SUP00064,LOCATION_AFFECTS_SUPPLIER,0.8937,SYNTHETIC_DEMO
LOC00065,SUP00065,LOCATION_AFFECTS_SUPPLIER,0.4013,SYNTHETIC_DEMO
LOC00066,SUP00066,LOCATION_AFFECTS_SUPPLIER,0.8698,SYNTHETIC_DEMO
LOC00067,SUP00067,LOCATION_AFFECTS_SUPPLIER,0.4952,SYNTHETIC_DEMO
LOC00068,SUP00068,LOCATION_AFFECTS_SUPPLIER,0.6663,SYNTHETIC_DEMO
LOC00069,SUP00069,LOCATION_AFFECTS_SUPPLIER,0.8794,SYNTHETIC_DEMO
LOC00070,SUP00070,LOCATION_AFFECTS_SUPPLIER,0.6102,SYNTHETIC_DEMO
LOC00071,SUP00071,LOCATION_AFFECTS_SUPPLIER,0.835,SYNTHETIC_DEMO
LOC00072,SUP00072,LOCATION_AFFECTS_SUPPLIER,0.9538,SYNTHETIC_DEMO
LOC00073,SUP00073,LOCATION_AFFECTS_SUPPLIER,0.8731,SYNTHETIC_DEMO
LOC00074,SUP00074,LOCATION_AFFECTS_SUPPLIER,0.9251,SYNTHETIC_DEMO
LOC00075,SUP00075,LOCATION_AFFECTS_SUPPLIER,0.446,SYNTHETIC_DEMO
LOC00076,SUP00076,LOCATION_AFFECTS_SUPPLIER,0.487,SYNTHETIC_DEMO
LOC00077,SUP00077,LOCATION_AFFECTS_SUPPLIER,0.6891,SYNTHETIC_DEMO
LOC00078,SUP00078,LOCATION_AFFECTS_SUPPLIER,0.8972,SYNTHETIC_DEMO
LOC00079,SUP00079,LOCATION_AFFECTS_SUPPLIER,0.6579,SYNTHETIC_DEMO
LOC00080,SUP00080,LOCATION_AFFECTS_SUPPLIER,0.8852,SYNTHETIC_DEMO
LOC00081,SUP00081,LOCATION_AFFECTS_SUPPLIER,0.7911,SYNTHETIC_DEMO
LOC00082,SUP00082,LOCATION_AFFECTS_SUPPLIER,0.8102,SYNTHETIC_DEMO
LOC00083,SUP00083,LOCATION_AFFECTS_SUPPLIER,0.8952,SYNTHETIC_DEMO
LOC00084,SUP00084,LOCATION_AFFECTS_SUPPLIER,0.7409,SYNTHETIC_DEMO
LOC00085,SUP00085,LOCATION_AFFECTS_SUPPLIER,0.7344,SYNTHETIC_DEMO
LOC00086,SUP00086,LOCATION_AFFECTS_SUPPLIER,0.6422,SYNTHETIC_DEMO
LOC00087,SUP00087,LOCATION_AFFECTS_SUPPLIER,0.8938,SYNTHETIC_DEMO
LOC00088,SUP00088,LOCATION_AFFECTS_SUPPLIER,0.6339,SYNTHETIC_DEMO
LOC00089,SUP00089,LOCATION_AFFECTS_SUPPLIER,0.7459,SYNTHETIC_DEMO
LOC00090,SUP00090,LOCATION_AFFECTS_SUPPLIER,0.6093,SYNTHETIC_DEMO
LOC00091,SUP00091,LOCATION_AFFECTS_SUPPLIER,0.6705,SYNTHETIC_DEMO
LOC00092,SUP00092,LOCATION_AFFECTS_SUPPLIER,0.7795,SYNTHETIC_DEMO
LOC00093,SUP00093,LOCATION_AFFECTS_SUPPLIER,0.9528,SYNTHETIC_DEMO
LOC00094,SUP00094,LOCATION_AFFECTS_SUPPLIER,0.6051,SYNTHETIC_DEMO
LOC00095,SUP00095,LOCATION_AFFECTS_SUPPLIER,0.6985,SYNTHETIC_DEMO
LOC00096,SUP00096,LOCATION_AFFECTS_SUPPLIER,0.6865,SYNTHETIC_DEMO
LOC00097,SUP00097,LOCATION_AFFECTS_SUPPLIER,0.5081,SYNTHETIC_DEMO
LOC00098,SUP00098,LOCATION_AFFECTS_SUPPLIER,0.6835,SYNTHETIC_DEMO
LOC00099,SUP00099,LOCATION_AFFECTS_SUPPLIER,0.9507,SYNTHETIC_DEMO
LOC00100,SUP00100,LOCATION_AFFECTS_SUPPLIER,0.8366,SYNTHETIC_DEMO
LOC00101,SUP00101,LOCATION_AFFECTS_SUPPLIER,0.5313,SYNTHETIC_DEMO
LOC00102,SUP00102,LOCATION_AFFECTS_SUPPLIER,0.9283,SYNTHETIC_DEMO
LOC00103,SUP00103,LOCATION_AFFECTS_SUPPLIER,0.6141,SYNTHETIC_DEMO
LOC00104,SUP00104,LOCATION_AFFECTS_SUPPLIER,0.4121,SYNTHETIC_DEMO
LOC00105,SUP00105,LOCATION_AFFECTS_SUPPLIER,0.9552,SYNTHETIC_DEMO
LOC00106,SUP00106,LOCATION_AFFECTS_SUPPLIER,0.8971,SYNTHETIC_DEMO
LOC00107,SUP00107,LOCATION_AFFECTS_SUPPLIER,0.7661,SYNTHETIC_DEMO
LOC00108,SUP00108,LOCATION_AFFECTS_SUPPLIER,0.7143,SYNTHETIC_DEMO
LOC00109,SUP00109,LOCATION_AFFECTS_SUPPLIER,0.6545,SYNTHETIC_DEMO
LOC00110,SUP00110,LOCATION_AFFECTS_SUPPLIER,0.9559,SYNTHETIC_DEMO
LOC00111,SUP00111,LOCATION_AFFECTS_SUPPLIER,0.8804,SYNTHETIC_DEMO
LOC00112,SUP00112,LOCATION_AFFECTS_SUPPLIER,0.558,SYNTHETIC_DEMO
LOC00113,SUP00113,LOCATION_AFFECTS_SUPPLIER,0.4587,SYNTHETIC_DEMO
LOC00114,SUP00114,LOCATION_AFFECTS_SUPPLIER,0.4809,SYNTHETIC_DEMO
LOC00115,SUP00115,LOCATION_AFFECTS_SUPPLIER,0.533,SYNTHETIC_DEMO
LOC00116,SUP00116,LOCATION_AFFECTS_SUPPLIER,0.4921,SYNTHETIC_DEMO
LOC00117,SUP00117,LOCATION_AFFECTS_SUPPLIER,0.6959,SYNTHETIC_DEMO
LOC00118,SUP00118,LOCATION_AFFECTS_SUPPLIER,0.565,SYNTHETIC_DEMO
LOC00119,SUP00119,LOCATION_AFFECTS_SUPPLIER,0.9065,SYNTHETIC_DEMO
LOC00120,SUP00120,LOCATION_AFFECTS_SUPPLIER,0.5147,SYNTHETIC_DEMO
LOC00121,SUP00121,LOCATION_AFFECTS_SUPPLIER,0.7231,SYNTHETIC_DEMO
LOC00122,SUP00122,LOCATION_AFFECTS_SUPPLIER,0.4298,SYNTHETIC_DEMO
LOC00123,SUP00123,LOCATION_AFFECTS_SUPPLIER,0.5215,SYNTHETIC_DEMO
LOC00124,SUP00124,LOCATION_AFFECTS_SUPPLIER,0.932,SYNTHETIC_DEMO
LOC00125,SUP00125,LOCATION_AFFECTS_SUPPLIER,0.5498,SYNTHETIC_DEMO
LOC00126,SUP00126,LOCATION_AFFECTS_SUPPLIER,0.625,SYNTHETIC_DEMO
LOC00127,SUP00127,LOCATION_AFFECTS_SUPPLIER,0.4413,SYNTHETIC_DEMO
LOC00128,SUP00128,LOCATION_AFFECTS_SUPPLIER,0.6616,SYNTHETIC_DEMO
LOC00129,SUP00129,LOCATION_AFFECTS_SUPPLIER,0.9492,SYNTHETIC_DEMO
LOC00130,SUP00130,LOCATION_AFFECTS_SUPPLIER,0.687,SYNTHETIC_DEMO
LOC00131,SUP00131,LOCATION_AFFECTS_SUPPLIER,0.8106,SYNTHETIC_DEMO
LOC00132,SUP00132,LOCATION_AFFECTS_SUPPLIER,0.6163,SYNTHETIC_DEMO
LOC00133,SUP00133,LOCATION_AFFECTS_SUPPLIER,0.923,SYNTHETIC_DEMO
LOC00134,SUP00134,LOCATION_AFFECTS_SUPPLIER,0.8794,SYNTHETIC_DEMO
LOC00135,SUP00135,LOCATION_AFFECTS_SUPPLIER,0.8393,SYNTHETIC_DEMO
LOC00136,SUP00136,LOCATION_AFFECTS_SUPPLIER,0.9807,SYNTHETIC_DEMO
LOC00137,SUP00137,LOCATION_AFFECTS_SUPPLIER,0.8749,SYNTHETIC_DEMO
LOC00138,SUP00138,LOCATION_AFFECTS_SUPPLIER,0.9635,SYNTHETIC_DEMO
LOC00139,SUP00139,LOCATION_AFFECTS_SUPPLIER,0.8674,SYNTHETIC_DEMO
LOC00140,SUP00140,LOCATION_AFFECTS_SUPPLIER,0.544,SYNTHETIC_DEMO
LOC00141,SUP00141,LOCATION_AFFECTS_SUPPLIER,0.54,SYNTHETIC_DEMO
LOC00142,SUP00142,LOCATION_AFFECTS_SUPPLIER,0.8936,SYNTHETIC_DEMO
LOC00143,SUP00143,LOCATION_AFFECTS_SUPPLIER,0.5141,SYNTHETIC_DEMO
LOC00144,SUP00144,LOCATION_AFFECTS_SUPPLIER,0.7838,SYNTHETIC_DEMO
LOC00145,SUP00145,LOCATION_AFFECTS_SUPPLIER,0.7525,SYNTHETIC_DEMO
LOC00146,SUP00146,LOCATION_AFFECTS_SUPPLIER,0.4138,SYNTHETIC_DEMO
LOC00147,SUP00147,LOCATION_AFFECTS_SUPPLIER,0.7963,SYNTHETIC_DEMO
LOC00148,SUP00148,LOCATION_AFFECTS_SUPPLIER,0.5833,SYNTHETIC_DEMO
LOC00149,SUP00149,LOCATION_AFFECTS_SUPPLIER,0.9893,SYNTHETIC_DEMO
LOC00150,SUP00150,LOCATION_AFFECTS_SUPPLIER,0.4714,SYNTHETIC_DEMO
LOC00151,SUP00151,LOCATION_AFFECTS_SUPPLIER,0.6766,SYNTHETIC_DEMO
LOC00152,SUP00152,LOCATION_AFFECTS_SUPPLIER,0.8528,SYNTHETIC_DEMO
LOC00153,SUP00153,LOCATION_AFFECTS_SUPPLIER,0.7134,SYNTHETIC_DEMO
LOC00154,SUP00154,LOCATION_AFFECTS_SUPPLIER,0.6148,SYNTHETIC_DEMO
LOC00155,SUP00155,LOCATION_AFFECTS_SUPPLIER,0.5664,SYNTHETIC_DEMO
LOC00156,SUP00156,LOCATION_AFFECTS_SUPPLIER,0.5238,SYNTHETIC_DEMO
LOC00157,SUP00157,LOCATION_AFFECTS_SUPPLIER,0.5269,SYNTHETIC_DEMO
LOC00158,SUP00158,LOCATION_AFFECTS_SUPPLIER,0.5745,SYNTHETIC_DEMO
LOC00159,SUP00159,LOCATION_AFFECTS_SUPPLIER,0.7768,SYNTHETIC_DEMO
LOC00160,SUP00160,LOCATION_AFFECTS_SUPPLIER,0.8921,SYNTHETIC_DEMO
LOC00161,SUP00161,LOCATION_AFFECTS_SUPPLIER,0.8762,SYNTHETIC_DEMO
LOC00162,SUP00162,LOCATION_AFFECTS_SUPPLIER,0.637,SYNTHETIC_DEMO
LOC00163,SUP00163,LOCATION_AFFECTS_SUPPLIER,0.729,SYNTHETIC_DEMO
LOC00164,SUP00164,LOCATION_AFFECTS_SUPPLIER,0.4706,SYNTHETIC_DEMO
LOC00165,SUP00165,LOCATION_AFFECTS_SUPPLIER,0.9824,SYNTHETIC_DEMO
LOC00166,SUP00166,LOCATION_AFFECTS_SUPPLIER,0.8173,SYNTHETIC_DEMO
LOC00167,SUP00167,LOCATION_AFFECTS_SUPPLIER,0.8214,SYNTHETIC_DEMO
LOC00168,SUP00168,LOCATION_AFFECTS_SUPPLIER,0.8246,SYNTHETIC_DEMO
LOC00169,SUP00169,LOCATION_AFFECTS_SUPPLIER,0.5465,SYNTHETIC_DEMO
LOC00170,SUP00170,LOCATION_AFFECTS_SUPPLIER,0.8405,SYNTHETIC_DEMO
LOC00171,SUP00171,LOCATION_AFFECTS_SUPPLIER,0.555,SYNTHETIC_DEMO
LOC00172,SUP00172,LOCATION_AFFECTS_SUPPLIER,0.4811,SYNTHETIC_DEMO
LOC00173,SUP00173,LOCATION_AFFECTS_SUPPLIER,0.7519,SYNTHETIC_DEMO
LOC00174,SUP00174,LOCATION_AFFECTS_SUPPLIER,0.6764,SYNTHETIC_DEMO
LOC00175,SUP00175,LOCATION_AFFECTS_SUPPLIER,0.9692,SYNTHETIC_DEMO
LOC00176,SUP00176,LOCATION_AFFECTS_SUPPLIER,0.8417,SYNTHETIC_DEMO
LOC00177,SUP00177,LOCATION_AFFECTS_SUPPLIER,0.8085,SYNTHETIC_DEMO
LOC00178,SUP00178,LOCATION_AFFECTS_SUPPLIER,0.8633,SYNTHETIC_DEMO
LOC00179,SUP00179,LOCATION_AFFECTS_SUPPLIER,0.6229,SYNTHETIC_DEMO
LOC00180,SUP00180,LOCATION_AFFECTS_SUPPLIER,0.5508,SYNTHETIC_DEMO
LOC00181,SUP00181,LOCATION_AFFECTS_SUPPLIER,0.8875,SYNTHETIC_DEMO
LOC00182,SUP00182,LOCATION_AFFECTS_SUPPLIER,0.9181,SYNTHETIC_DEMO
LOC00183,SUP00183,LOCATION_AFFECTS_SUPPLIER,0.6745,SYNTHETIC_DEMO
LOC00184,SUP00184,LOCATION_AFFECTS_SUPPLIER,0.4304,SYNTHETIC_DEMO
LOC00185,SUP00185,LOCATION_AFFECTS_SUPPLIER,0.7803,SYNTHETIC_DEMO
LOC00186,SUP00186,LOCATION_AFFECTS_SUPPLIER,0.6,SYNTHETIC_DEMO
LOC00187,SUP00187,LOCATION_AFFECTS_SUPPLIER,0.8826,SYNTHETIC_DEMO
LOC00188,SUP00188,LOCATION_AFFECTS_SUPPLIER,0.6549,SYNTHETIC_DEMO
LOC00189,SUP00189,LOCATION_AFFECTS_SUPPLIER,0.7331,SYNTHETIC_DEMO
LOC00190,SUP00190,LOCATION_AFFECTS_SUPPLIER,0.828,SYNTHETIC_DEMO
LOC00191,SUP00191,LOCATION_AFFECTS_SUPPLIER,0.6021,SYNTHETIC_DEMO
LOC00192,SUP00192,LOCATION_AFFECTS_SUPPLIER,0.4596,SYNTHETIC_DEMO
LOC00193,SUP00193,LOCATION_AFFECTS_SUPPLIER,0.5852,SYNTHETIC_DEMO
LOC00194,SUP00194,LOCATION_AFFECTS_SUPPLIER,0.7207,SYNTHETIC_DEMO
LOC00195,SUP00195,LOCATION_AFFECTS_SUPPLIER,0.7272,SYNTHETIC_DEMO
LOC00196,SUP00196,LOCATION_AFFECTS_SUPPLIER,0.6898,SYNTHETIC_DEMO
LOC00197,SUP00197,LOCATION_AFFECTS_SUPPLIER,0.6324,SYNTHETIC_DEMO
LOC00198,SUP00198,LOCATION_AFFECTS_SUPPLIER,0.4008,SYNTHETIC_DEMO
LOC00199,SUP00199,LOCATION_AFFECTS_SUPPLIER,0.7553,SYNTHETIC_DEMO
LOC00200,SUP00200,LOCATION_AFFECTS_SUPPLIER,0.6048,SYNTHETIC_DEMO
LOC00201,SUP00201,LOCATION_AFFECTS_SUPPLIER,0.5754,SYNTHETIC_DEMO
LOC00202,SUP00202,LOCATION_AFFECTS_SUPPLIER,0.7758,SYNTHETIC_DEMO
LOC00203,SUP00203,LOCATION_AFFECTS_SUPPLIER,0.4853,SYNTHETIC_DEMO
LOC00204,SUP00204,LOCATION_AFFECTS_SUPPLIER,0.588,SYNTHETIC_DEMO
LOC00205,SUP00205,LOCATION_AFFECTS_SUPPLIER,0.9807,SYNTHETIC_DEMO
LOC00206,SUP00206,LOCATION_AFFECTS_SUPPLIER,0.4122,SYNTHETIC_DEMO
LOC00207,SUP00207,LOCATION_AFFECTS_SUPPLIER,0.9497,SYNTHETIC_DEMO
LOC00208,SUP00208,LOCATION_AFFECTS_SUPPLIER,0.9242,SYNTHETIC_DEMO
LOC00209,SUP00209,LOCATION_AFFECTS_SUPPLIER,0.4847,SYNTHETIC_DEMO
LOC00210,SUP00210,LOCATION_AFFECTS_SUPPLIER,0.7299,SYNTHETIC_DEMO
LOC00211,SUP00211,LOCATION_AFFECTS_SUPPLIER,0.8062,SYNTHETIC_DEMO
LOC00212,SUP00212,LOCATION_AFFECTS_SUPPLIER,0.8669,SYNTHETIC_DEMO
LOC00213,SUP00213,LOCATION_AFFECTS_SUPPLIER,0.7493,SYNTHETIC_DEMO
LOC00214,SUP00214,LOCATION_AFFECTS_SUPPLIER,0.4679,SYNTHETIC_DEMO
LOC00215,SUP00215,LOCATION_AFFECTS_SUPPLIER,0.5875,SYNTHETIC_DEMO
LOC00216,SUP00216,LOCATION_AFFECTS_SUPPLIER,0.8186,SYNTHETIC_DEMO
LOC00217,SUP00217,LOCATION_AFFECTS_SUPPLIER,0.4085,SYNTHETIC_DEMO
LOC00218,SUP00218,LOCATION_AFFECTS_SUPPLIER,0.5248,SYNTHETIC_DEMO
LOC00219,SUP00219,LOCATION_AFFECTS_SUPPLIER,0.5006,SYNTHETIC_DEMO
LOC00220,SUP00220,LOCATION_AFFECTS_SUPPLIER,0.4755,SYNTHETIC_DEMO
LOC00221,SUP00221,LOCATION_AFFECTS_SUPPLIER,0.9313,SYNTHETIC_DEMO
LOC00222,SUP00222,LOCATION_AFFECTS_SUPPLIER,0.458,SYNTHETIC_DEMO
LOC00223,SUP00223,LOCATION_AFFECTS_SUPPLIER,0.7314,SYNTHETIC_DEMO
LOC00224,SUP00224,LOCATION_AFFECTS_SUPPLIER,0.6206,SYNTHETIC_DEMO
LOC00225,SUP00225,LOCATION_AFFECTS_SUPPLIER,0.7501,SYNTHETIC_DEMO
LOC00226,SUP00226,LOCATION_AFFECTS_SUPPLIER,0.7579,SYNTHETIC_DEMO
LOC00227,SUP00227,LOCATION_AFFECTS_SUPPLIER,0.6616,SYNTHETIC_DEMO
LOC00228,SUP00228,LOCATION_AFFECTS_SUPPLIER,0.9046,SYNTHETIC_DEMO
LOC00229,SUP00229,LOCATION_AFFECTS_SUPPLIER,0.8138,SYNTHETIC_DEMO
LOC00230,SUP00230,LOCATION_AFFECTS_SUPPLIER,0.7355,SYNTHETIC_DEMO
LOC00231,SUP00231,LOCATION_AFFECTS_SUPPLIER,0.6779,SYNTHETIC_DEMO
LOC00232,SUP00232,LOCATION_AFFECTS_SUPPLIER,0.4458,SYNTHETIC_DEMO
LOC00233,SUP00233,LOCATION_AFFECTS_SUPPLIER,0.5052,SYNTHETIC_DEMO
LOC00234,SUP00234,LOCATION_AFFECTS_SUPPLIER,0.8142,SYNTHETIC_DEMO
LOC00235,SUP00235,LOCATION_AFFECTS_SUPPLIER,0.4658,SYNTHETIC_DEMO
LOC00236,SUP00236,LOCATION_AFFECTS_SUPPLIER,0.6662,SYNTHETIC_DEMO
LOC00237,SUP00237,LOCATION_AFFECTS_SUPPLIER,0.9833,SYNTHETIC_DEMO
LOC00238,SUP00238,LOCATION_AFFECTS_SUPPLIER,0.4427,SYNTHETIC_DEMO
LOC00239,SUP00239,LOCATION_AFFECTS_SUPPLIER,0.9479,SYNTHETIC_DEMO
LOC00240,SUP00240,LOCATION_AFFECTS_SUPPLIER,0.7178,SYNTHETIC_DEMO
LOC00241,SUP00241,LOCATION_AFFECTS_SUPPLIER,0.7886,SYNTHETIC_DEMO
LOC00242,SUP00242,LOCATION_AFFECTS_SUPPLIER,0.954,SYNTHETIC_DEMO
LOC00243,SUP00243,LOCATION_AFFECTS_SUPPLIER,0.7676,SYNTHETIC_DEMO
LOC00244,SUP00244,LOCATION_AFFECTS_SUPPLIER,0.8851,SYNTHETIC_DEMO
LOC00245,SUP00245,LOCATION_AFFECTS_SUPPLIER,0.6558,SYNTHETIC_DEMO
LOC00246,SUP00246,LOCATION_AFFECTS_SUPPLIER,0.6368,SYNTHETIC_DEMO
LOC00247,SUP00247,LOCATION_AFFECTS_SUPPLIER,0.8344,SYNTHETIC_DEMO
LOC00248,SUP00248,LOCATION_AFFECTS_SUPPLIER,0.6649,SYNTHETIC_DEMO
LOC00249,SUP00249,LOCATION_AFFECTS_SUPPLIER,0.9686,SYNTHETIC_DEMO
LOC00250,SUP00250,LOCATION_AFFECTS_SUPPLIER,0.4706,SYNTHETIC_DEMO
LOC00251,SUP00251,LOCATION_AFFECTS_SUPPLIER,0.948,SYNTHETIC_DEMO
LOC00252,SUP00252,LOCATION_AFFECTS_SUPPLIER,0.8457,SYNTHETIC_DEMO
LOC00253,SUP00253,LOCATION_AFFECTS_SUPPLIER,0.7402,SYNTHETIC_DEMO
LOC00254,SUP00254,LOCATION_AFFECTS_SUPPLIER,0.8264,SYNTHETIC_DEMO
LOC00255,SUP00255,LOCATION_AFFECTS_SUPPLIER,0.5557,SYNTHETIC_DEMO
LOC00256,SUP00256,LOCATION_AFFECTS_SUPPLIER,0.8415,SYNTHETIC_DEMO
LOC00257,SUP00257,LOCATION_AFFECTS_SUPPLIER,0.9434,SYNTHETIC_DEMO
LOC00258,SUP00258,LOCATION_AFFECTS_SUPPLIER,0.5478,SYNTHETIC_DEMO
LOC00259,SUP00259,LOCATION_AFFECTS_SUPPLIER,0.736,SYNTHETIC_DEMO
LOC00260,SUP00260,LOCATION_AFFECTS_SUPPLIER,0.9666,SYNTHETIC_DEMO
LOC00261,SUP00261,LOCATION_AFFECTS_SUPPLIER,0.8053,SYNTHETIC_DEMO
LOC00262,SUP00262,LOCATION_AFFECTS_SUPPLIER,0.5467,SYNTHETIC_DEMO
LOC00263,SUP00263,LOCATION_AFFECTS_SUPPLIER,0.948,SYNTHETIC_DEMO
LOC00264,SUP00264,LOCATION_AFFECTS_SUPPLIER,0.8567,SYNTHETIC_DEMO
LOC00265,SUP00265,LOCATION_AFFECTS_SUPPLIER,0.4329,SYNTHETIC_DEMO
LOC00266,SUP00266,LOCATION_AFFECTS_SUPPLIER,0.6515,SYNTHETIC_DEMO
LOC00267,SUP00267,LOCATION_AFFECTS_SUPPLIER,0.6265,SYNTHETIC_DEMO
LOC00268,SUP00268,LOCATION_AFFECTS_SUPPLIER,0.889,SYNTHETIC_DEMO
LOC00269,SUP00269,LOCATION_AFFECTS_SUPPLIER,0.9458,SYNTHETIC_DEMO
LOC00270,SUP00270,LOCATION_AFFECTS_SUPPLIER,0.8729,SYNTHETIC_DEMO
LOC00271,SUP00271,LOCATION_AFFECTS_SUPPLIER,0.959,SYNTHETIC_DEMO
LOC00272,SUP00272,LOCATION_AFFECTS_SUPPLIER,0.8773,SYNTHETIC_DEMO
LOC00273,SUP00273,LOCATION_AFFECTS_SUPPLIER,0.643,SYNTHETIC_DEMO
LOC00274,SUP00274,LOCATION_AFFECTS_SUPPLIER,0.9039,SYNTHETIC_DEMO
LOC00275,SUP00275,LOCATION_AFFECTS_SUPPLIER,0.9825,SYNTHETIC_DEMO
LOC00276,SUP00276,LOCATION_AFFECTS_SUPPLIER,0.4797,SYNTHETIC_DEMO
LOC00277,SUP00277,LOCATION_AFFECTS_SUPPLIER,0.5952,SYNTHETIC_DEMO
LOC00278,SUP00278,LOCATION_AFFECTS_SUPPLIER,0.819,SYNTHETIC_DEMO
LOC00279,SUP00279,LOCATION_AFFECTS_SUPPLIER,0.5141,SYNTHETIC_DEMO
LOC00280,SUP00280,LOCATION_AFFECTS_SUPPLIER,0.7826,SYNTHETIC_DEMO
LOC00281,SUP00281,LOCATION_AFFECTS_SUPPLIER,0.7373,SYNTHETIC_DEMO
LOC00282,SUP00282,LOCATION_AFFECTS_SUPPLIER,0.5411,SYNTHETIC_DEMO
LOC00283,SUP00283,LOCATION_AFFECTS_SUPPLIER,0.8466,SYNTHETIC_DEMO
LOC00284,SUP00284,LOCATION_AFFECTS_SUPPLIER,0.4614,SYNTHETIC_DEMO
LOC00285,SUP00285,LOCATION_AFFECTS_SUPPLIER,0.9969,SYNTHETIC_DEMO
LOC00286,SUP00286,LOCATION_AFFECTS_SUPPLIER,0.9426,SYNTHETIC_DEMO
LOC00287,SUP00287,LOCATION_AFFECTS_SUPPLIER,0.615,SYNTHETIC_DEMO
LOC00288,SUP00288,LOCATION_AFFECTS_SUPPLIER,0.9322,SYNTHETIC_DEMO
LOC00289,SUP00289,LOCATION_AFFECTS_SUPPLIER,0.9242,SYNTHETIC_DEMO
LOC00290,SUP00290,LOCATION_AFFECTS_SUPPLIER,0.9276,SYNTHETIC_DEMO
LOC00291,SUP00291,LOCATION_AFFECTS_SUPPLIER,0.4608,SYNTHETIC_DEMO
LOC00292,SUP00292,LOCATION_AFFECTS_SUPPLIER,0.4895,SYNTHETIC_DEMO
LOC00293,SUP00293,LOCATION_AFFECTS_SUPPLIER,0.9778,SYNTHETIC_DEMO
LOC00294,SUP00294,LOCATION_AFFECTS_SUPPLIER,0.8695,SYNTHETIC_DEMO
LOC00295,SUP00295,LOCATION_AFFECTS_SUPPLIER,0.9367,SYNTHETIC_DEMO
LOC00296,SUP00296,LOCATION_AFFECTS_SUPPLIER,0.809,SYNTHETIC_DEMO
LOC00297,SUP00297,LOCATION_AFFECTS_SUPPLIER,0.5203,SYNTHETIC_DEMO
LOC00298,SUP00298,LOCATION_AFFECTS_SUPPLIER,0.5298,SYNTHETIC_DEMO
LOC00299,SUP00299,LOCATION_AFFECTS_SUPPLIER,0.9359,SYNTHETIC_DEMO
LOC00300,SUP00300,LOCATION_AFFECTS_SUPPLIER,0.7243,SYNTHETIC_DEMO
LOC00301,SUP00301,LOCATION_AFFECTS_SUPPLIER,0.6807,SYNTHETIC_DEMO
LOC00302,SUP00302,LOCATION_AFFECTS_SUPPLIER,0.6249,SYNTHETIC_DEMO
LOC00303,SUP00303,LOCATION_AFFECTS_SUPPLIER,0.8817,SYNTHETIC_DEMO
LOC00304,SUP00304,LOCATION_AFFECTS_SUPPLIER,0.4221,SYNTHETIC_DEMO
LOC00305,SUP00305,LOCATION_AFFECTS_SUPPLIER,0.8314,SYNTHETIC_DEMO
LOC00306,SUP00306,LOCATION_AFFECTS_SUPPLIER,0.9738,SYNTHETIC_DEMO
LOC00307,SUP00307,LOCATION_AFFECTS_SUPPLIER,0.7555,SYNTHETIC_DEMO
LOC00308,SUP00308,LOCATION_AFFECTS_SUPPLIER,0.9843,SYNTHETIC_DEMO
LOC00309,SUP00309,LOCATION_AFFECTS_SUPPLIER,0.4202,SYNTHETIC_DEMO
LOC00310,SUP00310,LOCATION_AFFECTS_SUPPLIER,0.8083,SYNTHETIC_DEMO
LOC00311,SUP00311,LOCATION_AFFECTS_SUPPLIER,0.9225,SYNTHETIC_DEMO
LOC00312,SUP00312,LOCATION_AFFECTS_SUPPLIER,0.448,SYNTHETIC_DEMO
LOC00313,SUP00313,LOCATION_AFFECTS_SUPPLIER,0.4752,SYNTHETIC_DEMO
LOC00314,SUP00314,LOCATION_AFFECTS_SUPPLIER,0.7531,SYNTHETIC_DEMO
LOC00315,SUP00315,LOCATION_AFFECTS_SUPPLIER,0.5471,SYNTHETIC_DEMO
LOC00316,SUP00316,LOCATION_AFFECTS_SUPPLIER,0.9139,SYNTHETIC_DEMO
LOC00317,SUP00317,LOCATION_AFFECTS_SUPPLIER,0.6062,SYNTHETIC_DEMO
LOC00318,SUP00318,LOCATION_AFFECTS_SUPPLIER,0.4212,SYNTHETIC_DEMO
LOC00319,SUP00319,LOCATION_AFFECTS_SUPPLIER,0.6888,SYNTHETIC_DEMO
LOC00320,SUP00320,LOCATION_AFFECTS_SUPPLIER,0.8985,SYNTHETIC_DEMO
LOC00321,SUP00321,LOCATION_AFFECTS_SUPPLIER,0.8869,SYNTHETIC_DEMO
LOC00322,SUP00322,LOCATION_AFFECTS_SUPPLIER,0.5874,SYNTHETIC_DEMO
LOC00323,SUP00323,LOCATION_AFFECTS_SUPPLIER,0.8661,SYNTHETIC_DEMO
LOC00324,SUP00324,LOCATION_AFFECTS_SUPPLIER,0.6,SYNTHETIC_DEMO
LOC00325,SUP00325,LOCATION_AFFECTS_SUPPLIER,0.9664,SYNTHETIC_DEMO
LOC00326,SUP00326,LOCATION_AFFECTS_SUPPLIER,0.5002,SYNTHETIC_DEMO
LOC00327,SUP00327,LOCATION_AFFECTS_SUPPLIER,0.9907,SYNTHETIC_DEMO
LOC00328,SUP00328,LOCATION_AFFECTS_SUPPLIER,0.5006,SYNTHETIC_DEMO
LOC00329,SUP00329,LOCATION_AFFECTS_SUPPLIER,0.5791,SYNTHETIC_DEMO
LOC00330,SUP00330,LOCATION_AFFECTS_SUPPLIER,0.9331,SYNTHETIC_DEMO
LOC00331,SUP00331,LOCATION_AFFECTS_SUPPLIER,0.9187,SYNTHETIC_DEMO
LOC00332,SUP00332,LOCATION_AFFECTS_SUPPLIER,0.911,SYNTHETIC_DEMO
LOC00333,SUP00333,LOCATION_AFFECTS_SUPPLIER,0.9871,SYNTHETIC_DEMO
LOC00334,SUP00334,LOCATION_AFFECTS_SUPPLIER,0.8057,SYNTHETIC_DEMO
LOC00335,SUP00335,LOCATION_AFFECTS_SUPPLIER,0.9597,SYNTHETIC_DEMO
LOC00336,SUP00336,LOCATION_AFFECTS_SUPPLIER,0.4904,SYNTHETIC_DEMO
LOC00337,SUP00337,LOCATION_AFFECTS_SUPPLIER,0.7034,SYNTHETIC_DEMO
LOC00338,SUP00338,LOCATION_AFFECTS_SUPPLIER,0.5948,SYNTHETIC_DEMO
LOC00339,SUP00339,LOCATION_AFFECTS_SUPPLIER,0.8457,SYNTHETIC_DEMO
LOC00340,SUP00340,LOCATION_AFFECTS_SUPPLIER,0.7403,SYNTHETIC_DEMO
LOC00341,SUP00341,LOCATION_AFFECTS_SUPPLIER,0.4056,SYNTHETIC_DEMO
LOC00342,SUP00342,LOCATION_AFFECTS_SUPPLIER,0.4368,SYNTHETIC_DEMO
LOC00343,SUP00343,LOCATION_AFFECTS_SUPPLIER,0.7439,SYNTHETIC_DEMO
LOC00344,SUP00344,LOCATION_AFFECTS_SUPPLIER,0.6752,SYNTHETIC_DEMO
LOC00345,SUP00345,LOCATION_AFFECTS_SUPPLIER,0.7326,SYNTHETIC_DEMO
LOC00346,SUP00346,LOCATION_AFFECTS_SUPPLIER,0.5325,SYNTHETIC_DEMO
LOC00347,SUP00347,LOCATION_AFFECTS_SUPPLIER,0.9683,SYNTHETIC_DEMO
LOC00348,SUP00348,LOCATION_AFFECTS_SUPPLIER,0.6156,SYNTHETIC_DEMO
LOC00349,SUP00349,LOCATION_AFFECTS_SUPPLIER,0.4535,SYNTHETIC_DEMO
LOC00350,SUP00350,LOCATION_AFFECTS_SUPPLIER,0.596,SYNTHETIC_DEMO
LOC00351,SUP00351,LOCATION_AFFECTS_SUPPLIER,0.8291,SYNTHETIC_DEMO
LOC00352,SUP00352,LOCATION_AFFECTS_SUPPLIER,0.7849,SYNTHETIC_DEMO
LOC00353,SUP00353,LOCATION_AFFECTS_SUPPLIER,0.4668,SYNTHETIC_DEMO
LOC00354,SUP00354,LOCATION_AFFECTS_SUPPLIER,0.8901,SYNTHETIC_DEMO
LOC00355,SUP00355,LOCATION_AFFECTS_SUPPLIER,0.7133,SYNTHETIC_DEMO
LOC00356,SUP00356,LOCATION_AFFECTS_SUPPLIER,0.7294,SYNTHETIC_DEMO
LOC00357,SUP00357,LOCATION_AFFECTS_SUPPLIER,0.6113,SYNTHETIC_DEMO
LOC00358,SUP00358,LOCATION_AFFECTS_SUPPLIER,0.6477,SYNTHETIC_DEMO
LOC00359,SUP00359,LOCATION_AFFECTS_SUPPLIER,0.6078,SYNTHETIC_DEMO
LOC00360,SUP00360,LOCATION_AFFECTS_SUPPLIER,0.7637,SYNTHETIC_DEMO
LOC00361,SUP00361,LOCATION_AFFECTS_SUPPLIER,0.5646,SYNTHETIC_DEMO
LOC00362,SUP00362,LOCATION_AFFECTS_SUPPLIER,0.4916,SYNTHETIC_DEMO
LOC00363,SUP00363,LOCATION_AFFECTS_SUPPLIER,0.6233,SYNTHETIC_DEMO
LOC00364,SUP00364,LOCATION_AFFECTS_SUPPLIER,0.543,SYNTHETIC_DEMO
LOC00365,SUP00365,LOCATION_AFFECTS_SUPPLIER,0.4703,SYNTHETIC_DEMO
LOC00366,SUP00366,LOCATION_AFFECTS_SUPPLIER,0.9131,SYNTHETIC_DEMO
LOC00367,SUP00367,LOCATION_AFFECTS_SUPPLIER,0.7186,SYNTHETIC_DEMO
LOC00368,SUP00368,LOCATION_AFFECTS_SUPPLIER,0.9919,SYNTHETIC_DEMO
LOC00369,SUP00369,LOCATION_AFFECTS_SUPPLIER,0.6286,SYNTHETIC_DEMO
LOC00370,SUP00370,LOCATION_AFFECTS_SUPPLIER,0.4752,SYNTHETIC_DEMO
LOC00371,SUP00371,LOCATION_AFFECTS_SUPPLIER,0.7183,SYNTHETIC_DEMO
LOC00372,SUP00372,LOCATION_AFFECTS_SUPPLIER,0.9533,SYNTHETIC_DEMO
LOC00373,SUP00373,LOCATION_AFFECTS_SUPPLIER,0.9506,SYNTHETIC_DEMO
LOC00374,SUP00374,LOCATION_AFFECTS_SUPPLIER,0.4923,SYNTHETIC_DEMO
LOC00375,SUP00375,LOCATION_AFFECTS_SUPPLIER,0.9839,SYNTHETIC_DEMO
LOC00376,SUP00376,LOCATION_AFFECTS_SUPPLIER,0.4315,SYNTHETIC_DEMO
LOC00377,SUP00377,LOCATION_AFFECTS_SUPPLIER,0.838,SYNTHETIC_DEMO
LOC00378,SUP00378,LOCATION_AFFECTS_SUPPLIER,0.9783,SYNTHETIC_DEMO
LOC00379,SUP00379,LOCATION_AFFECTS_SUPPLIER,0.9695,SYNTHETIC_DEMO
LOC00380,SUP00380,LOCATION_AFFECTS_SUPPLIER,0.7498,SYNTHETIC_DEMO
LOC00381,SUP00381,LOCATION_AFFECTS_SUPPLIER,0.6871,SYNTHETIC_DEMO
LOC00382,SUP00382,LOCATION_AFFECTS_SUPPLIER,0.4052,SYNTHETIC_DEMO
LOC00383,SUP00383,LOCATION_AFFECTS_SUPPLIER,0.6253,SYNTHETIC_DEMO
LOC00384,SUP00384,LOCATION_AFFECTS_SUPPLIER,0.8208,SYNTHETIC_DEMO
LOC00385,SUP00385,LOCATION_AFFECTS_SUPPLIER,0.6949,SYNTHETIC_DEMO
LOC00386,SUP00386,LOCATION_AFFECTS_SUPPLIER,0.6292,SYNTHETIC_DEMO
LOC00387,SUP00387,LOCATION_AFFECTS_SUPPLIER,0.8775,SYNTHETIC_DEMO
LOC00388,SUP00388,LOCATION_AFFECTS_SUPPLIER,0.5959,SYNTHETIC_DEMO
LOC00389,SUP00389,LOCATION_AFFECTS_SUPPLIER,0.6621,SYNTHETIC_DEMO
LOC00390,SUP00390,LOCATION_AFFECTS_SUPPLIER,0.7902,SYNTHETIC_DEMO
LOC00391,SUP00391,LOCATION_AFFECTS_SUPPLIER,0.8864,SYNTHETIC_DEMO
LOC00392,SUP00392,LOCATION_AFFECTS_SUPPLIER,0.5865,SYNTHETIC_DEMO
LOC00393,SUP00393,LOCATION_AFFECTS_SUPPLIER,0.8074,SYNTHETIC_DEMO
LOC00394,SUP00394,LOCATION_AFFECTS_SUPPLIER,0.6277,SYNTHETIC_DEMO
LOC00395,SUP00395,LOCATION_AFFECTS_SUPPLIER,0.5437,SYNTHETIC_DEMO
LOC00396,SUP00396,LOCATION_AFFECTS_SUPPLIER,0.8383,SYNTHETIC_DEMO
LOC00397,SUP00397,LOCATION_AFFECTS_SUPPLIER,0.7435,SYNTHETIC_DEMO
LOC00398,SUP00398,LOCATION_AFFECTS_SUPPLIER,0.4191,SYNTHETIC_DEMO
LOC00399,SUP00399,LOCATION_AFFECTS_SUPPLIER,0.7709,SYNTHETIC_DEMO
LOC00400,SUP00400,LOCATION_AFFECTS_SUPPLIER,0.9434,SYNTHETIC_DEMO
LOC00401,SUP00401,LOCATION_AFFECTS_SUPPLIER,0.7094,SYNTHETIC_DEMO
LOC00402,SUP00402,LOCATION_AFFECTS_SUPPLIER,0.8658,SYNTHETIC_DEMO
LOC00403,SUP00403,LOCATION_AFFECTS_SUPPLIER,0.6573,SYNTHETIC_DEMO
LOC00404,SUP00404,LOCATION_AFFECTS_SUPPLIER,0.9643,SYNTHETIC_DEMO
LOC00405,SUP00405,LOCATION_AFFECTS_SUPPLIER,0.842,SYNTHETIC_DEMO
LOC00406,SUP00406,LOCATION_AFFECTS_SUPPLIER,0.9171,SYNTHETIC_DEMO
LOC00407,SUP00407,LOCATION_AFFECTS_SUPPLIER,0.5111,SYNTHETIC_DEMO
LOC00408,SUP00408,LOCATION_AFFECTS_SUPPLIER,0.9416,SYNTHETIC_DEMO
LOC00409,SUP00409,LOCATION_AFFECTS_SUPPLIER,0.7638,SYNTHETIC_DEMO
LOC00410,SUP00410,LOCATION_AFFECTS_SUPPLIER,0.843,SYNTHETIC_DEMO
LOC00411,SUP00411,LOCATION_AFFECTS_SUPPLIER,0.9967,SYNTHETIC_DEMO
LOC00412,SUP00412,LOCATION_AFFECTS_SUPPLIER,0.9847,SYNTHETIC_DEMO
LOC00413,SUP00413,LOCATION_AFFECTS_SUPPLIER,0.6309,SYNTHETIC_DEMO
LOC00414,SUP00414,LOCATION_AFFECTS_SUPPLIER,0.6371,SYNTHETIC_DEMO
LOC00415,SUP00415,LOCATION_AFFECTS_SUPPLIER,0.5464,SYNTHETIC_DEMO
LOC00416,SUP00416,LOCATION_AFFECTS_SUPPLIER,0.9089,SYNTHETIC_DEMO
LOC00417,SUP00417,LOCATION_AFFECTS_SUPPLIER,0.7456,SYNTHETIC_DEMO
LOC00418,SUP00418,LOCATION_AFFECTS_SUPPLIER,0.4141,SYNTHETIC_DEMO
LOC00419,SUP00419,LOCATION_AFFECTS_SUPPLIER,0.4838,SYNTHETIC_DEMO
LOC00420,SUP00420,LOCATION_AFFECTS_SUPPLIER,0.5477,SYNTHETIC_DEMO
LOC00421,SUP00421,LOCATION_AFFECTS_SUPPLIER,0.8728,SYNTHETIC_DEMO
LOC00422,SUP00422,LOCATION_AFFECTS_SUPPLIER,0.7454,SYNTHETIC_DEMO
LOC00423,SUP00423,LOCATION_AFFECTS_SUPPLIER,0.468,SYNTHETIC_DEMO
LOC00424,SUP00424,LOCATION_AFFECTS_SUPPLIER,0.8843,SYNTHETIC_DEMO
LOC00425,SUP00425,LOCATION_AFFECTS_SUPPLIER,0.529,SYNTHETIC_DEMO
LOC00426,SUP00426,LOCATION_AFFECTS_SUPPLIER,0.92,SYNTHETIC_DEMO
LOC00427,SUP00427,LOCATION_AFFECTS_SUPPLIER,0.9018,SYNTHETIC_DEMO
LOC00428,SUP00428,LOCATION_AFFECTS_SUPPLIER,0.6913,SYNTHETIC_DEMO
LOC00429,SUP00429,LOCATION_AFFECTS_SUPPLIER,0.9091,SYNTHETIC_DEMO
LOC00430,SUP00430,LOCATION_AFFECTS_SUPPLIER,0.8723,SYNTHETIC_DEMO
LOC00431,SUP00431,LOCATION_AFFECTS_SUPPLIER,0.414,SYNTHETIC_DEMO
LOC00432,SUP00432,LOCATION_AFFECTS_SUPPLIER,0.7492,SYNTHETIC_DEMO
LOC00433,SUP00433,LOCATION_AFFECTS_SUPPLIER,0.4001,SYNTHETIC_DEMO
LOC00434,SUP00434,LOCATION_AFFECTS_SUPPLIER,0.6635,SYNTHETIC_DEMO
LOC00435,SUP00435,LOCATION_AFFECTS_SUPPLIER,0.7152,SYNTHETIC_DEMO
LOC00436,SUP00436,LOCATION_AFFECTS_SUPPLIER,0.5027,SYNTHETIC_DEMO
LOC00437,SUP00437,LOCATION_AFFECTS_SUPPLIER,0.5392,SYNTHETIC_DEMO
LOC00438,SUP00438,LOCATION_AFFECTS_SUPPLIER,0.9705,SYNTHETIC_DEMO
LOC00439,SUP00439,LOCATION_AFFECTS_SUPPLIER,0.7496,SYNTHETIC_DEMO
LOC00440,SUP00440,LOCATION_AFFECTS_SUPPLIER,0.544,SYNTHETIC_DEMO
LOC00441,SUP00441,LOCATION_AFFECTS_SUPPLIER,0.5178,SYNTHETIC_DEMO
LOC00442,SUP00442,LOCATION_AFFECTS_SUPPLIER,0.6543,SYNTHETIC_DEMO
LOC00443,SUP00443,LOCATION_AFFECTS_SUPPLIER,0.6628,SYNTHETIC_DEMO
LOC00444,SUP00444,LOCATION_AFFECTS_SUPPLIER,0.4924,SYNTHETIC_DEMO
LOC00445,SUP00445,LOCATION_AFFECTS_SUPPLIER,0.6131,SYNTHETIC_DEMO
LOC00446,SUP00446,LOCATION_AFFECTS_SUPPLIER,0.7165,SYNTHETIC_DEMO
LOC00447,SUP00447,LOCATION_AFFECTS_SUPPLIER,0.6832,SYNTHETIC_DEMO
LOC00448,SUP00448,LOCATION_AFFECTS_SUPPLIER,0.4705,SYNTHETIC_DEMO
LOC00449,SUP00449,LOCATION_AFFECTS_SUPPLIER,0.8751,SYNTHETIC_DEMO
LOC00450,SUP00450,LOCATION_AFFECTS_SUPPLIER,0.9617,SYNTHETIC_DEMO
LOC00451,SUP00451,LOCATION_AFFECTS_SUPPLIER,0.6061,SYNTHETIC_DEMO
LOC00452,SUP00452,LOCATION_AFFECTS_SUPPLIER,0.9481,SYNTHETIC_DEMO
LOC00453,SUP00453,LOCATION_AFFECTS_SUPPLIER,0.6468,SYNTHETIC_DEMO
LOC00454,SUP00454,LOCATION_AFFECTS_SUPPLIER,0.7328,SYNTHETIC_DEMO
LOC00455,SUP00455,LOCATION_AFFECTS_SUPPLIER,0.4452,SYNTHETIC_DEMO
LOC00456,SUP00456,LOCATION_AFFECTS_SUPPLIER,0.8378,SYNTHETIC_DEMO
LOC00457,SUP00457,LOCATION_AFFECTS_SUPPLIER,0.8265,SYNTHETIC_DEMO
LOC00458,SUP00458,LOCATION_AFFECTS_SUPPLIER,0.5593,SYNTHETIC_DEMO
LOC00459,SUP00459,LOCATION_AFFECTS_SUPPLIER,0.6162,SYNTHETIC_DEMO
LOC00460,SUP00460,LOCATION_AFFECTS_SUPPLIER,0.8121,SYNTHETIC_DEMO
LOC00461,SUP00461,LOCATION_AFFECTS_SUPPLIER,0.9714,SYNTHETIC_DEMO
LOC00462,SUP00462,LOCATION_AFFECTS_SUPPLIER,0.8116,SYNTHETIC_DEMO
LOC00463,SUP00463,LOCATION_AFFECTS_SUPPLIER,0.9691,SYNTHETIC_DEMO
LOC00464,SUP00464,LOCATION_AFFECTS_SUPPLIER,0.7477,SYNTHETIC_DEMO
LOC00465,SUP00465,LOCATION_AFFECTS_SUPPLIER,0.5066,SYNTHETIC_DEMO
LOC00466,SUP00466,LOCATION_AFFECTS_SUPPLIER,0.9227,SYNTHETIC_DEMO
LOC00467,SUP00467,LOCATION_AFFECTS_SUPPLIER,0.7139,SYNTHETIC_DEMO
LOC00468,SUP00468,LOCATION_AFFECTS_SUPPLIER,0.9777,SYNTHETIC_DEMO
LOC00469,SUP00469,LOCATION_AFFECTS_SUPPLIER,0.7803,SYNTHETIC_DEMO
LOC00470,SUP00470,LOCATION_AFFECTS_SUPPLIER,0.4622,SYNTHETIC_DEMO
LOC00471,SUP00471,LOCATION_AFFECTS_SUPPLIER,0.8472,SYNTHETIC_DEMO
LOC00472,SUP00472,LOCATION_AFFECTS_SUPPLIER,0.9519,SYNTHETIC_DEMO
LOC00473,SUP00473,LOCATION_AFFECTS_SUPPLIER,0.4747,SYNTHETIC_DEMO
LOC00474,SUP00474,LOCATION_AFFECTS_SUPPLIER,0.4262,SYNTHETIC_DEMO
LOC00475,SUP00475,LOCATION_AFFECTS_SUPPLIER,0.4382,SYNTHETIC_DEMO
LOC00476,SUP00476,LOCATION_AFFECTS_SUPPLIER,0.9054,SYNTHETIC_DEMO
LOC00477,SUP00477,LOCATION_AFFECTS_SUPPLIER,0.615,SYNTHETIC_DEMO
LOC00478,SUP00478,LOCATION_AFFECTS_SUPPLIER,0.8106,SYNTHETIC_DEMO
LOC00479,SUP00479,LOCATION_AFFECTS_SUPPLIER,0.664,SYNTHETIC_DEMO
LOC00480,SUP00480,LOCATION_AFFECTS_SUPPLIER,0.8138,SYNTHETIC_DEMO
LOC00481,SUP00481,LOCATION_AFFECTS_SUPPLIER,0.9674,SYNTHETIC_DEMO
LOC00482,SUP00482,LOCATION_AFFECTS_SUPPLIER,0.8212,SYNTHETIC_DEMO
LOC00483,SUP00483,LOCATION_AFFECTS_SUPPLIER,0.9724,SYNTHETIC_DEMO
LOC00484,SUP00484,LOCATION_AFFECTS_SUPPLIER,0.9602,SYNTHETIC_DEMO
LOC00485,SUP00485,LOCATION_AFFECTS_SUPPLIER,0.7772,SYNTHETIC_DEMO
LOC00486,SUP00486,LOCATION_AFFECTS_SUPPLIER,0.8001,SYNTHETIC_DEMO
LOC00487,SUP00487,LOCATION_AFFECTS_SUPPLIER,0.4458,SYNTHETIC_DEMO
LOC00488,SUP00488,LOCATION_AFFECTS_SUPPLIER,0.4343,SYNTHETIC_DEMO
LOC00489,SUP00489,LOCATION_AFFECTS_SUPPLIER,0.641,SYNTHETIC_DEMO
LOC00490,SUP00490,LOCATION_AFFECTS_SUPPLIER,0.5483,SYNTHETIC_DEMO
LOC00491,SUP00491,LOCATION_AFFECTS_SUPPLIER,0.9045,SYNTHETIC_DEMO
LOC00492,SUP00492,LOCATION_AFFECTS_SUPPLIER,0.6809,SYNTHETIC_DEMO
LOC00493,SUP00493,LOCATION_AFFECTS_SUPPLIER,0.547,SYNTHETIC_DEMO
LOC00494,SUP00494,LOCATION_AFFECTS_SUPPLIER,0.768,SYNTHETIC_DEMO
LOC00495,SUP00495,LOCATION_AFFECTS_SUPPLIER,0.7555,SYNTHETIC_DEMO
LOC00496,SUP00496,LOCATION_AFFECTS_SUPPLIER,0.6501,SYNTHETIC_DEMO
LOC00497,SUP00497,LOCATION_AFFECTS_SUPPLIER,0.47,SYNTHETIC_DEMO
LOC00498,SUP00498,LOCATION_AFFECTS_SUPPLIER,0.9131,SYNTHETIC_DEMO
LOC00499,SUP00499,LOCATION_AFFECTS_SUPPLIER,0.7714,SYNTHETIC_DEMO
LOC00500,SUP00500,LOCATION_AFFECTS_SUPPLIER,0.5226,SYNTHETIC_DEMO
LOC00501,SUP00501,LOCATION_AFFECTS_SUPPLIER,0.7007,SYNTHETIC_DEMO
LOC00502,SUP00502,LOCATION_AFFECTS_SUPPLIER,0.5856,SYNTHETIC_DEMO
LOC00503,SUP00503,LOCATION_AFFECTS_SUPPLIER,0.9838,SYNTHETIC_DEMO
LOC00504,SUP00504,LOCATION_AFFECTS_SUPPLIER,0.5224,SYNTHETIC_DEMO
LOC00505,SUP00505,LOCATION_AFFECTS_SUPPLIER,0.4601,SYNTHETIC_DEMO
LOC00506,SUP00506,LOCATION_AFFECTS_SUPPLIER,0.4896,SYNTHETIC_DEMO
LOC00507,SUP00507,LOCATION_AFFECTS_SUPPLIER,0.8206,SYNTHETIC_DEMO
LOC00508,SUP00508,LOCATION_AFFECTS_SUPPLIER,0.8021,SYNTHETIC_DEMO
LOC00509,SUP00509,LOCATION_AFFECTS_SUPPLIER,0.7915,SYNTHETIC_DEMO
LOC00510,SUP00510,LOCATION_AFFECTS_SUPPLIER,0.8001,SYNTHETIC_DEMO
LOC00511,SUP00511,LOCATION_AFFECTS_SUPPLIER,0.6569,SYNTHETIC_DEMO
LOC00512,SUP00512,LOCATION_AFFECTS_SUPPLIER,0.5672,SYNTHETIC_DEMO
LOC00513,SUP00513,LOCATION_AFFECTS_SUPPLIER,0.6025,SYNTHETIC_DEMO
LOC00514,SUP00514,LOCATION_AFFECTS_SUPPLIER,0.7373,SYNTHETIC_DEMO
LOC00515,SUP00515,LOCATION_AFFECTS_SUPPLIER,0.7033,SYNTHETIC_DEMO
LOC00516,SUP00516,LOCATION_AFFECTS_SUPPLIER,0.8715,SYNTHETIC_DEMO
LOC00517,SUP00517,LOCATION_AFFECTS_SUPPLIER,0.7829,SYNTHETIC_DEMO
LOC00518,SUP00518,LOCATION_AFFECTS_SUPPLIER,0.6639,SYNTHETIC_DEMO
LOC00519,SUP00519,LOCATION_AFFECTS_SUPPLIER,0.9769,SYNTHETIC_DEMO
LOC00520,SUP00520,LOCATION_AFFECTS_SUPPLIER,0.8555,SYNTHETIC_DEMO
LOC00521,SUP00521,LOCATION_AFFECTS_SUPPLIER,0.8587,SYNTHETIC_DEMO
LOC00522,SUP00522,LOCATION_AFFECTS_SUPPLIER,0.8618,SYNTHETIC_DEMO
LOC00523,SUP00523,LOCATION_AFFECTS_SUPPLIER,0.9699,SYNTHETIC_DEMO
LOC00524,SUP00524,LOCATION_AFFECTS_SUPPLIER,0.5416,SYNTHETIC_DEMO
LOC00525,SUP00525,LOCATION_AFFECTS_SUPPLIER,0.6838,SYNTHETIC_DEMO
LOC00526,SUP00526,LOCATION_AFFECTS_SUPPLIER,0.5735,SYNTHETIC_DEMO
LOC00527,SUP00527,LOCATION_AFFECTS_SUPPLIER,0.6498,SYNTHETIC_DEMO
LOC00528,SUP00528,LOCATION_AFFECTS_SUPPLIER,0.7547,SYNTHETIC_DEMO
LOC00529,SUP00529,LOCATION_AFFECTS_SUPPLIER,0.5634,SYNTHETIC_DEMO
LOC00530,SUP00530,LOCATION_AFFECTS_SUPPLIER,0.8961,SYNTHETIC_DEMO
LOC00531,SUP00531,LOCATION_AFFECTS_SUPPLIER,0.7119,SYNTHETIC_DEMO
LOC00532,SUP00532,LOCATION_AFFECTS_SUPPLIER,0.8529,SYNTHETIC_DEMO
LOC00533,SUP00533,LOCATION_AFFECTS_SUPPLIER,0.4796,SYNTHETIC_DEMO
LOC00534,SUP00534,LOCATION_AFFECTS_SUPPLIER,0.5967,SYNTHETIC_DEMO
LOC00535,SUP00535,LOCATION_AFFECTS_SUPPLIER,0.6184,SYNTHETIC_DEMO
LOC00536,SUP00536,LOCATION_AFFECTS_SUPPLIER,0.7235,SYNTHETIC_DEMO
LOC00537,SUP00537,LOCATION_AFFECTS_SUPPLIER,0.7273,SYNTHETIC_DEMO
LOC00538,SUP00538,LOCATION_AFFECTS_SUPPLIER,0.421,SYNTHETIC_DEMO
LOC00539,SUP00539,LOCATION_AFFECTS_SUPPLIER,0.8018,SYNTHETIC_DEMO
LOC00540,SUP00540,LOCATION_AFFECTS_SUPPLIER,0.7969,SYNTHETIC_DEMO
LOC00541,SUP00541,LOCATION_AFFECTS_SUPPLIER,0.9742,SYNTHETIC_DEMO
LOC00542,SUP00542,LOCATION_AFFECTS_SUPPLIER,0.9679,SYNTHETIC_DEMO
LOC00543,SUP00543,LOCATION_AFFECTS_SUPPLIER,0.8433,SYNTHETIC_DEMO
LOC00544,SUP00544,LOCATION_AFFECTS_SUPPLIER,0.7084,SYNTHETIC_DEMO
LOC00545,SUP00545,LOCATION_AFFECTS_SUPPLIER,0.9163,SYNTHETIC_DEMO
LOC00546,SUP00546,LOCATION_AFFECTS_SUPPLIER,0.8036,SYNTHETIC_DEMO
LOC00547,SUP00547,LOCATION_AFFECTS_SUPPLIER,0.5659,SYNTHETIC_DEMO
LOC00548,SUP00548,LOCATION_AFFECTS_SUPPLIER,0.4969,SYNTHETIC_DEMO
LOC00549,SUP00549,LOCATION_AFFECTS_SUPPLIER,0.7319,SYNTHETIC_DEMO
LOC00550,SUP00550,LOCATION_AFFECTS_SUPPLIER,0.4149,SYNTHETIC_DEMO
LOC00551,SUP00551,LOCATION_AFFECTS_SUPPLIER,0.4926,SYNTHETIC_DEMO
LOC00552,SUP00552,LOCATION_AFFECTS_SUPPLIER,0.5187,SYNTHETIC_DEMO
LOC00553,SUP00553,LOCATION_AFFECTS_SUPPLIER,0.6041,SYNTHETIC_DEMO
LOC00554,SUP00554,LOCATION_AFFECTS_SUPPLIER,0.7352,SYNTHETIC_DEMO
LOC00555,SUP00555,LOCATION_AFFECTS_SUPPLIER,0.5818,SYNTHETIC_DEMO
LOC00556,SUP00556,LOCATION_AFFECTS_SUPPLIER,0.7471,SYNTHETIC_DEMO
LOC00557,SUP00557,LOCATION_AFFECTS_SUPPLIER,0.7971,SYNTHETIC_DEMO
LOC00558,SUP00558,LOCATION_AFFECTS_SUPPLIER,0.9862,SYNTHETIC_DEMO
LOC00559,SUP00559,LOCATION_AFFECTS_SUPPLIER,0.7542,SYNTHETIC_DEMO
LOC00560,SUP00560,LOCATION_AFFECTS_SUPPLIER,0.9199,SYNTHETIC_DEMO
LOC00561,SUP00561,LOCATION_AFFECTS_SUPPLIER,0.8153,SYNTHETIC_DEMO
LOC00562,SUP00562,LOCATION_AFFECTS_SUPPLIER,0.9698,SYNTHETIC_DEMO
LOC00563,SUP00563,LOCATION_AFFECTS_SUPPLIER,0.6287,SYNTHETIC_DEMO
LOC00564,SUP00564,LOCATION_AFFECTS_SUPPLIER,0.8636,SYNTHETIC_DEMO
LOC00565,SUP00565,LOCATION_AFFECTS_SUPPLIER,0.8447,SYNTHETIC_DEMO
LOC00566,SUP00566,LOCATION_AFFECTS_SUPPLIER,0.4299,SYNTHETIC_DEMO
LOC00567,SUP00567,LOCATION_AFFECTS_SUPPLIER,0.4294,SYNTHETIC_DEMO
LOC00568,SUP00568,LOCATION_AFFECTS_SUPPLIER,0.576,SYNTHETIC_DEMO
LOC00569,SUP00569,LOCATION_AFFECTS_SUPPLIER,0.6219,SYNTHETIC_DEMO
LOC00570,SUP00570,LOCATION_AFFECTS_SUPPLIER,0.6994,SYNTHETIC_DEMO
LOC00571,SUP00571,LOCATION_AFFECTS_SUPPLIER,0.8588,SYNTHETIC_DEMO
LOC00572,SUP00572,LOCATION_AFFECTS_SUPPLIER,0.7681,SYNTHETIC_DEMO
LOC00573,SUP00573,LOCATION_AFFECTS_SUPPLIER,0.6834,SYNTHETIC_DEMO
LOC00574,SUP00574,LOCATION_AFFECTS_SUPPLIER,0.6939,SYNTHETIC_DEMO
LOC00575,SUP00575,LOCATION_AFFECTS_SUPPLIER,0.487,SYNTHETIC_DEMO
LOC00576,SUP00576,LOCATION_AFFECTS_SUPPLIER,0.4724,SYNTHETIC_DEMO
LOC00577,SUP00577,LOCATION_AFFECTS_SUPPLIER,0.7902,SYNTHETIC_DEMO
LOC00578,SUP00578,LOCATION_AFFECTS_SUPPLIER,0.5182,SYNTHETIC_DEMO
LOC00579,SUP00579,LOCATION_AFFECTS_SUPPLIER,0.6645,SYNTHETIC_DEMO
LOC00580,SUP00580,LOCATION_AFFECTS_SUPPLIER,0.8012,SYNTHETIC_DEMO
LOC00581,SUP00581,LOCATION_AFFECTS_SUPPLIER,0.4474,SYNTHETIC_DEMO
LOC00582,SUP00582,LOCATION_AFFECTS_SUPPLIER,0.5485,SYNTHETIC_DEMO
LOC00583,SUP00583,LOCATION_AFFECTS_SUPPLIER,0.437,SYNTHETIC_DEMO
LOC00584,SUP00584,LOCATION_AFFECTS_SUPPLIER,0.7744,SYNTHETIC_DEMO
LOC00585,SUP00585,LOCATION_AFFECTS_SUPPLIER,0.978,SYNTHETIC_DEMO
LOC00586,SUP00586,LOCATION_AFFECTS_SUPPLIER,0.6983,SYNTHETIC_DEMO
LOC00587,SUP00587,LOCATION_AFFECTS_SUPPLIER,0.7708,SYNTHETIC_DEMO
LOC00588,SUP00588,LOCATION_AFFECTS_SUPPLIER,0.9135,SYNTHETIC_DEMO
LOC00589,SUP00589,LOCATION_AFFECTS_SUPPLIER,0.8875,SYNTHETIC_DEMO
LOC00590,SUP00590,LOCATION_AFFECTS_SUPPLIER,0.9484,SYNTHETIC_DEMO
LOC00591,SUP00591,LOCATION_AFFECTS_SUPPLIER,0.9111,SYNTHETIC_DEMO
LOC00592,SUP00592,LOCATION_AFFECTS_SUPPLIER,0.545,SYNTHETIC_DEMO
LOC00593,SUP00593,LOCATION_AFFECTS_SUPPLIER,0.5383,SYNTHETIC_DEMO
LOC00594,SUP00594,LOCATION_AFFECTS_SUPPLIER,0.6963,SYNTHETIC_DEMO
LOC00595,SUP00595,LOCATION_AFFECTS_SUPPLIER,0.8282,SYNTHETIC_DEMO
LOC00596,SUP00596,LOCATION_AFFECTS_SUPPLIER,0.6305,SYNTHETIC_DEMO
LOC00597,SUP00597,LOCATION_AFFECTS_SUPPLIER,0.8877,SYNTHETIC_DEMO
LOC00598,SUP00598,LOCATION_AFFECTS_SUPPLIER,0.8663,SYNTHETIC_DEMO
LOC00599,SUP00599,LOCATION_AFFECTS_SUPPLIER,0.6384,SYNTHETIC_DEMO
LOC00600,SUP00600,LOCATION_AFFECTS_SUPPLIER,0.4178,SYNTHETIC_DEMO
LOC00601,SUP00601,LOCATION_AFFECTS_SUPPLIER,0.9401,SYNTHETIC_DEMO
LOC00602,SUP00602,LOCATION_AFFECTS_SUPPLIER,0.5147,SYNTHETIC_DEMO
LOC00603,SUP00603,LOCATION_AFFECTS_SUPPLIER,0.4085,SYNTHETIC_DEMO
LOC00604,SUP00604,LOCATION_AFFECTS_SUPPLIER,0.7532,SYNTHETIC_DEMO
LOC00605,SUP00605,LOCATION_AFFECTS_SUPPLIER,0.6997,SYNTHETIC_DEMO
LOC00606,SUP00606,LOCATION_AFFECTS_SUPPLIER,0.7894,SYNTHETIC_DEMO
LOC00607,SUP00607,LOCATION_AFFECTS_SUPPLIER,0.7887,SYNTHETIC_DEMO
LOC00608,SUP00608,LOCATION_AFFECTS_SUPPLIER,0.6325,SYNTHETIC_DEMO
LOC00609,SUP00609,LOCATION_AFFECTS_SUPPLIER,0.5532,SYNTHETIC_DEMO
LOC00610,SUP00610,LOCATION_AFFECTS_SUPPLIER,0.7627,SYNTHETIC_DEMO
LOC00611,SUP00611,LOCATION_AFFECTS_SUPPLIER,0.9655,SYNTHETIC_DEMO
LOC00612,SUP00612,LOCATION_AFFECTS_SUPPLIER,0.8426,SYNTHETIC_DEMO
LOC00613,SUP00613,LOCATION_AFFECTS_SUPPLIER,0.9419,SYNTHETIC_DEMO
LOC00614,SUP00614,LOCATION_AFFECTS_SUPPLIER,0.9057,SYNTHETIC_DEMO
LOC00615,SUP00615,LOCATION_AFFECTS_SUPPLIER,0.4792,SYNTHETIC_DEMO
LOC00616,SUP00616,LOCATION_AFFECTS_SUPPLIER,0.483,SYNTHETIC_DEMO
LOC00617,SUP00617,LOCATION_AFFECTS_SUPPLIER,0.6732,SYNTHETIC_DEMO
LOC00618,SUP00618,LOCATION_AFFECTS_SUPPLIER,0.8914,SYNTHETIC_DEMO
LOC00619,SUP00619,LOCATION_AFFECTS_SUPPLIER,0.9807,SYNTHETIC_DEMO
LOC00620,SUP00620,LOCATION_AFFECTS_SUPPLIER,0.4466,SYNTHETIC_DEMO
LOC00621,SUP00621,LOCATION_AFFECTS_SUPPLIER,0.4417,SYNTHETIC_DEMO
LOC00622,SUP00622,LOCATION_AFFECTS_SUPPLIER,0.6512,SYNTHETIC_DEMO
LOC00623,SUP00623,LOCATION_AFFECTS_SUPPLIER,0.9892,SYNTHETIC_DEMO
LOC00624,SUP00624,LOCATION_AFFECTS_SUPPLIER,0.7601,SYNTHETIC_DEMO
LOC00625,SUP00625,LOCATION_AFFECTS_SUPPLIER,0.712,SYNTHETIC_DEMO
LOC00626,SUP00626,LOCATION_AFFECTS_SUPPLIER,0.4873,SYNTHETIC_DEMO
LOC00627,SUP00627,LOCATION_AFFECTS_SUPPLIER,0.9189,SYNTHETIC_DEMO
LOC00628,SUP00628,LOCATION_AFFECTS_SUPPLIER,0.6833,SYNTHETIC_DEMO
LOC00629,SUP00629,LOCATION_AFFECTS_SUPPLIER,0.5014,SYNTHETIC_DEMO
LOC00630,SUP00630,LOCATION_AFFECTS_SUPPLIER,0.4935,SYNTHETIC_DEMO
LOC00631,SUP00631,LOCATION_AFFECTS_SUPPLIER,0.5571,SYNTHETIC_DEMO
LOC00632,SUP00632,LOCATION_AFFECTS_SUPPLIER,0.763,SYNTHETIC_DEMO
LOC00633,SUP00633,LOCATION_AFFECTS_SUPPLIER,0.8213,SYNTHETIC_DEMO
LOC00634,SUP00634,LOCATION_AFFECTS_SUPPLIER,0.8499,SYNTHETIC_DEMO
LOC00635,SUP00635,LOCATION_AFFECTS_SUPPLIER,0.8265,SYNTHETIC_DEMO
LOC00636,SUP00636,LOCATION_AFFECTS_SUPPLIER,0.8839,SYNTHETIC_DEMO
LOC00637,SUP00637,LOCATION_AFFECTS_SUPPLIER,0.5203,SYNTHETIC_DEMO
LOC00638,SUP00638,LOCATION_AFFECTS_SUPPLIER,0.8183,SYNTHETIC_DEMO
LOC00639,SUP00639,LOCATION_AFFECTS_SUPPLIER,0.6983,SYNTHETIC_DEMO
LOC00640,SUP00640,LOCATION_AFFECTS_SUPPLIER,0.8365,SYNTHETIC_DEMO
LOC00641,SUP00641,LOCATION_AFFECTS_SUPPLIER,0.6372,SYNTHETIC_DEMO
LOC00642,SUP00642,LOCATION_AFFECTS_SUPPLIER,0.4407,SYNTHETIC_DEMO
LOC00643,SUP00643,LOCATION_AFFECTS_SUPPLIER,0.9033,SYNTHETIC_DEMO
LOC00644,SUP00644,LOCATION_AFFECTS_SUPPLIER,0.8919,SYNTHETIC_DEMO
LOC00645,SUP00645,LOCATION_AFFECTS_SUPPLIER,0.8747,SYNTHETIC_DEMO
LOC00646,SUP00646,LOCATION_AFFECTS_SUPPLIER,0.709,SYNTHETIC_DEMO
LOC00647,SUP00647,LOCATION_AFFECTS_SUPPLIER,0.4686,SYNTHETIC_DEMO
LOC00648,SUP00648,LOCATION_AFFECTS_SUPPLIER,0.4714,SYNTHETIC_DEMO
LOC00649,SUP00649,LOCATION_AFFECTS_SUPPLIER,0.8534,SYNTHETIC_DEMO
LOC00650,SUP00650,LOCATION_AFFECTS_SUPPLIER,0.8056,SYNTHETIC_DEMO
LOC00651,SUP00651,LOCATION_AFFECTS_SUPPLIER,0.745,SYNTHETIC_DEMO
LOC00652,SUP00652,LOCATION_AFFECTS_SUPPLIER,0.4738,SYNTHETIC_DEMO
LOC00653,SUP00653,LOCATION_AFFECTS_SUPPLIER,0.4186,SYNTHETIC_DEMO
LOC00654,SUP00654,LOCATION_AFFECTS_SUPPLIER,0.6341,SYNTHETIC_DEMO
LOC00655,SUP00655,LOCATION_AFFECTS_SUPPLIER,0.8748,SYNTHETIC_DEMO
LOC00656,SUP00656,LOCATION_AFFECTS_SUPPLIER,0.515,SYNTHETIC_DEMO
LOC00657,SUP00657,LOCATION_AFFECTS_SUPPLIER,0.6337,SYNTHETIC_DEMO
LOC00658,SUP00658,LOCATION_AFFECTS_SUPPLIER,0.9707,SYNTHETIC_DEMO
LOC00659,SUP00659,LOCATION_AFFECTS_SUPPLIER,0.6833,SYNTHETIC_DEMO
LOC00660,SUP00660,LOCATION_AFFECTS_SUPPLIER,0.4321,SYNTHETIC_DEMO
LOC00661,SUP00661,LOCATION_AFFECTS_SUPPLIER,0.8512,SYNTHETIC_DEMO
LOC00662,SUP00662,LOCATION_AFFECTS_SUPPLIER,0.4095,SYNTHETIC_DEMO
LOC00663,SUP00663,LOCATION_AFFECTS_SUPPLIER,0.7522,SYNTHETIC_DEMO
LOC00664,SUP00664,LOCATION_AFFECTS_SUPPLIER,0.8677,SYNTHETIC_DEMO
LOC00665,SUP00665,LOCATION_AFFECTS_SUPPLIER,0.7222,SYNTHETIC_DEMO
LOC00666,SUP00666,LOCATION_AFFECTS_SUPPLIER,0.6417,SYNTHETIC_DEMO
LOC00667,SUP00667,LOCATION_AFFECTS_SUPPLIER,0.5165,SYNTHETIC_DEMO
LOC00668,SUP00668,LOCATION_AFFECTS_SUPPLIER,0.787,SYNTHETIC_DEMO
LOC00669,SUP00669,LOCATION_AFFECTS_SUPPLIER,0.6153,SYNTHETIC_DEMO
LOC00670,SUP00670,LOCATION_AFFECTS_SUPPLIER,0.6469,SYNTHETIC_DEMO
LOC00671,SUP00671,LOCATION_AFFECTS_SUPPLIER,0.6965,SYNTHETIC_DEMO
LOC00672,SUP00672,LOCATION_AFFECTS_SUPPLIER,0.9603,SYNTHETIC_DEMO
LOC00673,SUP00673,LOCATION_AFFECTS_SUPPLIER,0.7642,SYNTHETIC_DEMO
LOC00674,SUP00674,LOCATION_AFFECTS_SUPPLIER,0.73,SYNTHETIC_DEMO
LOC00675,SUP00675,LOCATION_AFFECTS_SUPPLIER,0.7893,SYNTHETIC_DEMO
LOC00676,SUP00676,LOCATION_AFFECTS_SUPPLIER,0.6645,SYNTHETIC_DEMO
LOC00677,SUP00677,LOCATION_AFFECTS_SUPPLIER,0.9666,SYNTHETIC_DEMO
LOC00678,SUP00678,LOCATION_AFFECTS_SUPPLIER,0.4394,SYNTHETIC_DEMO
LOC00679,SUP00679,LOCATION_AFFECTS_SUPPLIER,0.4408,SYNTHETIC_DEMO
LOC00680,SUP00680,LOCATION_AFFECTS_SUPPLIER,0.5224,SYNTHETIC_DEMO
LOC00681,SUP00681,LOCATION_AFFECTS_SUPPLIER,0.5199,SYNTHETIC_DEMO
LOC00682,SUP00682,LOCATION_AFFECTS_SUPPLIER,0.9369,SYNTHETIC_DEMO
LOC00683,SUP00683,LOCATION_AFFECTS_SUPPLIER,0.7412,SYNTHETIC_DEMO
LOC00684,SUP00684,LOCATION_AFFECTS_SUPPLIER,0.452,SYNTHETIC_DEMO
LOC00685,SUP00685,LOCATION_AFFECTS_SUPPLIER,0.812,SYNTHETIC_DEMO
LOC00686,SUP00686,LOCATION_AFFECTS_SUPPLIER,0.485,SYNTHETIC_DEMO
LOC00687,SUP00687,LOCATION_AFFECTS_SUPPLIER,0.5882,SYNTHETIC_DEMO
LOC00688,SUP00688,LOCATION_AFFECTS_SUPPLIER,0.5792,SYNTHETIC_DEMO
LOC00689,SUP00689,LOCATION_AFFECTS_SUPPLIER,0.7892,SYNTHETIC_DEMO
LOC00690,SUP00690,LOCATION_AFFECTS_SUPPLIER,0.4279,SYNTHETIC_DEMO
LOC00691,SUP00691,LOCATION_AFFECTS_SUPPLIER,0.5896,SYNTHETIC_DEMO
LOC00692,SUP00692,LOCATION_AFFECTS_SUPPLIER,0.8515,SYNTHETIC_DEMO
LOC00693,SUP00693,LOCATION_AFFECTS_SUPPLIER,0.897,SYNTHETIC_DEMO
LOC00694,SUP00694,LOCATION_AFFECTS_SUPPLIER,0.7949,SYNTHETIC_DEMO
LOC00695,SUP00695,LOCATION_AFFECTS_SUPPLIER,0.6717,SYNTHETIC_DEMO
LOC00696,SUP00696,LOCATION_AFFECTS_SUPPLIER,0.5037,SYNTHETIC_DEMO
LOC00697,SUP00697,LOCATION_AFFECTS_SUPPLIER,0.7277,SYNTHETIC_DEMO
LOC00698,SUP00698,LOCATION_AFFECTS_SUPPLIER,0.5233,SYNTHETIC_DEMO
LOC00699,SUP00699,LOCATION_AFFECTS_SUPPLIER,0.5165,SYNTHETIC_DEMO
LOC00700,SUP00700,LOCATION_AFFECTS_SUPPLIER,0.8099,SYNTHETIC_DEMO
LOC00701,SUP00701,LOCATION_AFFECTS_SUPPLIER,0.7339,SYNTHETIC_DEMO
LOC00702,SUP00702,LOCATION_AFFECTS_SUPPLIER,0.4668,SYNTHETIC_DEMO
LOC00703,SUP00703,LOCATION_AFFECTS_SUPPLIER,0.8347,SYNTHETIC_DEMO
LOC00704,SUP00704,LOCATION_AFFECTS_SUPPLIER,0.7105,SYNTHETIC_DEMO
LOC00705,SUP00705,LOCATION_AFFECTS_SUPPLIER,0.6243,SYNTHETIC_DEMO
LOC00706,SUP00706,LOCATION_AFFECTS_SUPPLIER,0.6534,SYNTHETIC_DEMO
LOC00707,SUP00707,LOCATION_AFFECTS_SUPPLIER,0.8994,SYNTHETIC_DEMO
LOC00708,SUP00708,LOCATION_AFFECTS_SUPPLIER,0.9916,SYNTHETIC_DEMO
LOC00709,SUP00709,LOCATION_AFFECTS_SUPPLIER,0.8574,SYNTHETIC_DEMO
LOC00710,SUP00710,LOCATION_AFFECTS_SUPPLIER,0.6969,SYNTHETIC_DEMO
LOC00711,SUP00711,LOCATION_AFFECTS_SUPPLIER,0.6083,SYNTHETIC_DEMO
LOC00712,SUP00712,LOCATION_AFFECTS_SUPPLIER,0.7143,SYNTHETIC_DEMO
LOC00713,SUP00713,LOCATION_AFFECTS_SUPPLIER,0.8955,SYNTHETIC_DEMO
LOC00714,SUP00714,LOCATION_AFFECTS_SUPPLIER,0.6898,SYNTHETIC_DEMO
LOC00715,SUP00715,LOCATION_AFFECTS_SUPPLIER,0.4159,SYNTHETIC_DEMO
LOC00716,SUP00716,LOCATION_AFFECTS_SUPPLIER,0.6325,SYNTHETIC_DEMO
LOC00717,SUP00717,LOCATION_AFFECTS_SUPPLIER,0.9683,SYNTHETIC_DEMO
LOC00718,SUP00718,LOCATION_AFFECTS_SUPPLIER,0.4645,SYNTHETIC_DEMO
LOC00719,SUP00719,LOCATION_AFFECTS_SUPPLIER,0.8478,SYNTHETIC_DEMO
LOC00720,SUP00720,LOCATION_AFFECTS_SUPPLIER,0.4721,SYNTHETIC_DEMO
LOC00721,SUP00721,LOCATION_AFFECTS_SUPPLIER,0.7342,SYNTHETIC_DEMO
LOC00722,SUP00722,LOCATION_AFFECTS_SUPPLIER,0.8955,SYNTHETIC_DEMO
LOC00723,SUP00723,LOCATION_AFFECTS_SUPPLIER,0.4132,SYNTHETIC_DEMO
LOC00724,SUP00724,LOCATION_AFFECTS_SUPPLIER,0.5465,SYNTHETIC_DEMO
LOC00725,SUP00725,LOCATION_AFFECTS_SUPPLIER,0.7977,SYNTHETIC_DEMO
LOC00726,SUP00726,LOCATION_AFFECTS_SUPPLIER,0.4617,SYNTHETIC_DEMO
LOC00727,SUP00727,LOCATION_AFFECTS_SUPPLIER,0.8848,SYNTHETIC_DEMO
LOC00728,SUP00728,LOCATION_AFFECTS_SUPPLIER,0.6662,SYNTHETIC_DEMO
LOC00729,SUP00729,LOCATION_AFFECTS_SUPPLIER,0.6467,SYNTHETIC_DEMO
LOC00730,SUP00730,LOCATION_AFFECTS_SUPPLIER,0.8995,SYNTHETIC_DEMO
LOC00731,SUP00731,LOCATION_AFFECTS_SUPPLIER,0.5459,SYNTHETIC_DEMO
LOC00732,SUP00732,LOCATION_AFFECTS_SUPPLIER,0.6315,SYNTHETIC_DEMO
LOC00733,SUP00733,LOCATION_AFFECTS_SUPPLIER,0.4394,SYNTHETIC_DEMO
LOC00734,SUP00734,LOCATION_AFFECTS_SUPPLIER,0.5645,SYNTHETIC_DEMO
LOC00735,SUP00735,LOCATION_AFFECTS_SUPPLIER,0.6381,SYNTHETIC_DEMO
LOC00736,SUP00736,LOCATION_AFFECTS_SUPPLIER,0.8246,SYNTHETIC_DEMO
LOC00737,SUP00737,LOCATION_AFFECTS_SUPPLIER,0.5628,SYNTHETIC_DEMO
LOC00738,SUP00738,LOCATION_AFFECTS_SUPPLIER,0.6195,SYNTHETIC_DEMO
LOC00739,SUP00739,LOCATION_AFFECTS_SUPPLIER,0.5095,SYNTHETIC_DEMO
LOC00740,SUP00740,LOCATION_AFFECTS_SUPPLIER,0.5898,SYNTHETIC_DEMO
LOC00741,SUP00741,LOCATION_AFFECTS_SUPPLIER,0.7412,SYNTHETIC_DEMO
LOC00742,SUP00742,LOCATION_AFFECTS_SUPPLIER,0.5084,SYNTHETIC_DEMO
LOC00743,SUP00743,LOCATION_AFFECTS_SUPPLIER,0.9991,SYNTHETIC_DEMO
LOC00744,SUP00744,LOCATION_AFFECTS_SUPPLIER,0.6035,SYNTHETIC_DEMO
LOC00745,SUP00745,LOCATION_AFFECTS_SUPPLIER,0.6273,SYNTHETIC_DEMO
LOC00746,SUP00746,LOCATION_AFFECTS_SUPPLIER,0.477,SYNTHETIC_DEMO
LOC00747,SUP00747,LOCATION_AFFECTS_SUPPLIER,0.8754,SYNTHETIC_DEMO
LOC00748,SUP00748,LOCATION_AFFECTS_SUPPLIER,0.7791,SYNTHETIC_DEMO
LOC00749,SUP00749,LOCATION_AFFECTS_SUPPLIER,0.416,SYNTHETIC_DEMO
LOC00750,SUP00750,LOCATION_AFFECTS_SUPPLIER,0.5504,SYNTHETIC_DEMO
LOC00751,SUP00751,LOCATION_AFFECTS_SUPPLIER,0.4283,SYNTHETIC_DEMO
LOC00752,SUP00752,LOCATION_AFFECTS_SUPPLIER,0.5649,SYNTHETIC_DEMO
LOC00753,SUP00753,LOCATION_AFFECTS_SUPPLIER,0.5485,SYNTHETIC_DEMO
LOC00754,SUP00754,LOCATION_AFFECTS_SUPPLIER,0.9378,SYNTHETIC_DEMO
LOC00755,SUP00755,LOCATION_AFFECTS_SUPPLIER,0.7131,SYNTHETIC_DEMO
LOC00756,SUP00756,LOCATION_AFFECTS_SUPPLIER,0.9405,SYNTHETIC_DEMO
LOC00757,SUP00757,LOCATION_AFFECTS_SUPPLIER,0.4071,SYNTHETIC_DEMO
LOC00758,SUP00758,LOCATION_AFFECTS_SUPPLIER,0.7298,SYNTHETIC_DEMO
LOC00759,SUP00759,LOCATION_AFFECTS_SUPPLIER,0.4554,SYNTHETIC_DEMO
LOC00760,SUP00760,LOCATION_AFFECTS_SUPPLIER,0.4796,SYNTHETIC_DEMO
LOC00761,SUP00761,LOCATION_AFFECTS_SUPPLIER,0.8877,SYNTHETIC_DEMO
LOC00762,SUP00762,LOCATION_AFFECTS_SUPPLIER,0.809,SYNTHETIC_DEMO
LOC00763,SUP00763,LOCATION_AFFECTS_SUPPLIER,0.9934,SYNTHETIC_DEMO
LOC00764,SUP00764,LOCATION_AFFECTS_SUPPLIER,0.9624,SYNTHETIC_DEMO
LOC00765,SUP00765,LOCATION_AFFECTS_SUPPLIER,0.403,SYNTHETIC_DEMO
LOC00766,SUP00766,LOCATION_AFFECTS_SUPPLIER,0.5308,SYNTHETIC_DEMO
LOC00767,SUP00767,LOCATION_AFFECTS_SUPPLIER,0.4831,SYNTHETIC_DEMO
LOC00768,SUP00768,LOCATION_AFFECTS_SUPPLIER,0.5785,SYNTHETIC_DEMO
LOC00769,SUP00769,LOCATION_AFFECTS_SUPPLIER,0.9349,SYNTHETIC_DEMO
LOC00770,SUP00770,LOCATION_AFFECTS_SUPPLIER,0.5092,SYNTHETIC_DEMO
LOC00771,SUP00771,LOCATION_AFFECTS_SUPPLIER,0.6918,SYNTHETIC_DEMO
LOC00772,SUP00772,LOCATION_AFFECTS_SUPPLIER,0.899,SYNTHETIC_DEMO
LOC00773,SUP00773,LOCATION_AFFECTS_SUPPLIER,0.6487,SYNTHETIC_DEMO
LOC00774,SUP00774,LOCATION_AFFECTS_SUPPLIER,0.9136,SYNTHETIC_DEMO
LOC00775,SUP00775,LOCATION_AFFECTS_SUPPLIER,0.6408,SYNTHETIC_DEMO
LOC00776,SUP00776,LOCATION_AFFECTS_SUPPLIER,0.9894,SYNTHETIC_DEMO
LOC00777,SUP00777,LOCATION_AFFECTS_SUPPLIER,0.5732,SYNTHETIC_DEMO
LOC00778,SUP00778,LOCATION_AFFECTS_SUPPLIER,0.931,SYNTHETIC_DEMO
LOC00779,SUP00779,LOCATION_AFFECTS_SUPPLIER,0.512,SYNTHETIC_DEMO
LOC00780,SUP00780,LOCATION_AFFECTS_SUPPLIER,0.5208,SYNTHETIC_DEMO
LOC00781,SUP00781,LOCATION_AFFECTS_SUPPLIER,0.763,SYNTHETIC_DEMO
LOC00782,SUP00782,LOCATION_AFFECTS_SUPPLIER,0.7977,SYNTHETIC_DEMO
LOC00783,SUP00783,LOCATION_AFFECTS_SUPPLIER,0.7707,SYNTHETIC_DEMO
LOC00784,SUP00784,LOCATION_AFFECTS_SUPPLIER,0.642,SYNTHETIC_DEMO
LOC00785,SUP00785,LOCATION_AFFECTS_SUPPLIER,0.945,SYNTHETIC_DEMO
LOC00786,SUP00786,LOCATION_AFFECTS_SUPPLIER,0.6825,SYNTHETIC_DEMO
LOC00787,SUP00787,LOCATION_AFFECTS_SUPPLIER,0.4304,SYNTHETIC_DEMO
LOC00788,SUP00788,LOCATION_AFFECTS_SUPPLIER,0.5233,SYNTHETIC_DEMO
LOC00789,SUP00789,LOCATION_AFFECTS_SUPPLIER,0.4649,SYNTHETIC_DEMO
LOC00790,SUP00790,LOCATION_AFFECTS_SUPPLIER,0.4995,SYNTHETIC_DEMO
LOC00791,SUP00791,LOCATION_AFFECTS_SUPPLIER,0.9335,SYNTHETIC_DEMO
LOC00792,SUP00792,LOCATION_AFFECTS_SUPPLIER,0.7173,SYNTHETIC_DEMO
LOC00793,SUP00793,LOCATION_AFFECTS_SUPPLIER,0.6446,SYNTHETIC_DEMO
LOC00794,SUP00794,LOCATION_AFFECTS_SUPPLIER,0.9165,SYNTHETIC_DEMO
LOC00795,SUP00795,LOCATION_AFFECTS_SUPPLIER,0.6285,SYNTHETIC_DEMO
LOC00796,SUP00796,LOCATION_AFFECTS_SUPPLIER,0.7782,SYNTHETIC_DEMO
LOC00797,SUP00797,LOCATION_AFFECTS_SUPPLIER,0.6989,SYNTHETIC_DEMO
LOC00798,SUP00798,LOCATION_AFFECTS_SUPPLIER,0.6162,SYNTHETIC_DEMO
LOC00799,SUP00799,LOCATION_AFFECTS_SUPPLIER,0.9801,SYNTHETIC_DEMO
LOC00800,SUP00800,LOCATION_AFFECTS_SUPPLIER,0.5071,SYNTHETIC_DEMO
LOC00801,SUP00801,LOCATION_AFFECTS_SUPPLIER,0.4214,SYNTHETIC_DEMO
LOC00802,SUP00802,LOCATION_AFFECTS_SUPPLIER,0.6035,SYNTHETIC_DEMO
LOC00803,SUP00803,LOCATION_AFFECTS_SUPPLIER,0.5537,SYNTHETIC_DEMO
LOC00804,SUP00804,LOCATION_AFFECTS_SUPPLIER,0.9771,SYNTHETIC_DEMO
LOC00805,SUP00805,LOCATION_AFFECTS_SUPPLIER,0.8264,SYNTHETIC_DEMO
LOC00806,SUP00806,LOCATION_AFFECTS_SUPPLIER,0.9685,SYNTHETIC_DEMO
LOC00807,SUP00807,LOCATION_AFFECTS_SUPPLIER,0.5363,SYNTHETIC_DEMO
LOC00808,SUP00808,LOCATION_AFFECTS_SUPPLIER,0.7981,SYNTHETIC_DEMO
LOC00809,SUP00809,LOCATION_AFFECTS_SUPPLIER,0.4816,SYNTHETIC_DEMO
LOC00810,SUP00810,LOCATION_AFFECTS_SUPPLIER,0.4256,SYNTHETIC_DEMO
LOC00811,SUP00811,LOCATION_AFFECTS_SUPPLIER,0.6999,SYNTHETIC_DEMO
LOC00812,SUP00812,LOCATION_AFFECTS_SUPPLIER,0.4569,SYNTHETIC_DEMO
LOC00813,SUP00813,LOCATION_AFFECTS_SUPPLIER,0.733,SYNTHETIC_DEMO
LOC00814,SUP00814,LOCATION_AFFECTS_SUPPLIER,0.7992,SYNTHETIC_DEMO
LOC00815,SUP00815,LOCATION_AFFECTS_SUPPLIER,0.5801,SYNTHETIC_DEMO
LOC00816,SUP00816,LOCATION_AFFECTS_SUPPLIER,0.5107,SYNTHETIC_DEMO
LOC00817,SUP00817,LOCATION_AFFECTS_SUPPLIER,0.6733,SYNTHETIC_DEMO
LOC00818,SUP00818,LOCATION_AFFECTS_SUPPLIER,0.9214,SYNTHETIC_DEMO
LOC00819,SUP00819,LOCATION_AFFECTS_SUPPLIER,0.5286,SYNTHETIC_DEMO
LOC00820,SUP00820,LOCATION_AFFECTS_SUPPLIER,0.5438,SYNTHETIC_DEMO
LOC00821,SUP00821,LOCATION_AFFECTS_SUPPLIER,0.7898,SYNTHETIC_DEMO
LOC00822,SUP00822,LOCATION_AFFECTS_SUPPLIER,0.6008,SYNTHETIC_DEMO
LOC00823,SUP00823,LOCATION_AFFECTS_SUPPLIER,0.7538,SYNTHETIC_DEMO
LOC00824,SUP00824,LOCATION_AFFECTS_SUPPLIER,0.6358,SYNTHETIC_DEMO
LOC00825,SUP00825,LOCATION_AFFECTS_SUPPLIER,0.6295,SYNTHETIC_DEMO
LOC00826,SUP00826,LOCATION_AFFECTS_SUPPLIER,0.579,SYNTHETIC_DEMO
LOC00827,SUP00827,LOCATION_AFFECTS_SUPPLIER,0.8982,SYNTHETIC_DEMO
LOC00828,SUP00828,LOCATION_AFFECTS_SUPPLIER,0.5185,SYNTHETIC_DEMO
LOC00829,SUP00829,LOCATION_AFFECTS_SUPPLIER,0.8153,SYNTHETIC_DEMO
LOC00830,SUP00830,LOCATION_AFFECTS_SUPPLIER,0.5542,SYNTHETIC_DEMO
LOC00831,SUP00831,LOCATION_AFFECTS_SUPPLIER,0.9004,SYNTHETIC_DEMO
LOC00832,SUP00832,LOCATION_AFFECTS_SUPPLIER,0.971,SYNTHETIC_DEMO
LOC00833,SUP00833,LOCATION_AFFECTS_SUPPLIER,0.4571,SYNTHETIC_DEMO
LOC00834,SUP00834,LOCATION_AFFECTS_SUPPLIER,0.6811,SYNTHETIC_DEMO
LOC00835,SUP00835,LOCATION_AFFECTS_SUPPLIER,0.9368,SYNTHETIC_DEMO
LOC00836,SUP00836,LOCATION_AFFECTS_SUPPLIER,0.7148,SYNTHETIC_DEMO
LOC00837,SUP00837,LOCATION_AFFECTS_SUPPLIER,0.8476,SYNTHETIC_DEMO
LOC00838,SUP00838,LOCATION_AFFECTS_SUPPLIER,0.8748,SYNTHETIC_DEMO
LOC00839,SUP00839,LOCATION_AFFECTS_SUPPLIER,0.7908,SYNTHETIC_DEMO
LOC00840,SUP00840,LOCATION_AFFECTS_SUPPLIER,0.53,SYNTHETIC_DEMO
LOC00841,SUP00841,LOCATION_AFFECTS_SUPPLIER,0.6931,SYNTHETIC_DEMO
LOC00842,SUP00842,LOCATION_AFFECTS_SUPPLIER,0.5622,SYNTHETIC_DEMO
LOC00843,SUP00843,LOCATION_AFFECTS_SUPPLIER,0.5657,SYNTHETIC_DEMO
LOC00844,SUP00844,LOCATION_AFFECTS_SUPPLIER,0.4562,SYNTHETIC_DEMO
LOC00845,SUP00845,LOCATION_AFFECTS_SUPPLIER,0.5034,SYNTHETIC_DEMO
LOC00846,SUP00846,LOCATION_AFFECTS_SUPPLIER,0.4007,SYNTHETIC_DEMO
LOC00847,SUP00847,LOCATION_AFFECTS_SUPPLIER,0.4847,SYNTHETIC_DEMO
LOC00848,SUP00848,LOCATION_AFFECTS_SUPPLIER,0.5173,SYNTHETIC_DEMO
LOC00849,SUP00849,LOCATION_AFFECTS_SUPPLIER,0.7716,SYNTHETIC_DEMO
LOC00850,SUP00850,LOCATION_AFFECTS_SUPPLIER,0.412,SYNTHETIC_DEMO
LOC00851,SUP00851,LOCATION_AFFECTS_SUPPLIER,0.8697,SYNTHETIC_DEMO
LOC00852,SUP00852,LOCATION_AFFECTS_SUPPLIER,0.685,SYNTHETIC_DEMO
LOC00853,SUP00853,LOCATION_AFFECTS_SUPPLIER,0.8055,SYNTHETIC_DEMO
LOC00854,SUP00854,LOCATION_AFFECTS_SUPPLIER,0.7725,SYNTHETIC_DEMO
LOC00855,SUP00855,LOCATION_AFFECTS_SUPPLIER,0.6866,SYNTHETIC_DEMO
LOC00856,SUP00856,LOCATION_AFFECTS_SUPPLIER,0.6652,SYNTHETIC_DEMO
LOC00857,SUP00857,LOCATION_AFFECTS_SUPPLIER,0.7308,SYNTHETIC_DEMO
LOC00858,SUP00858,LOCATION_AFFECTS_SUPPLIER,0.6373,SYNTHETIC_DEMO
LOC00859,SUP00859,LOCATION_AFFECTS_SUPPLIER,0.7012,SYNTHETIC_DEMO
LOC00860,SUP00860,LOCATION_AFFECTS_SUPPLIER,0.7535,SYNTHETIC_DEMO
LOC00861,SUP00861,LOCATION_AFFECTS_SUPPLIER,0.8213,SYNTHETIC_DEMO
LOC00862,SUP00862,LOCATION_AFFECTS_SUPPLIER,0.5649,SYNTHETIC_DEMO
LOC00863,SUP00863,LOCATION_AFFECTS_SUPPLIER,0.7319,SYNTHETIC_DEMO
LOC00864,SUP00864,LOCATION_AFFECTS_SUPPLIER,0.5453,SYNTHETIC_DEMO
LOC00865,SUP00865,LOCATION_AFFECTS_SUPPLIER,0.9601,SYNTHETIC_DEMO
LOC00866,SUP00866,LOCATION_AFFECTS_SUPPLIER,0.5021,SYNTHETIC_DEMO
LOC00867,SUP00867,LOCATION_AFFECTS_SUPPLIER,0.4154,SYNTHETIC_DEMO
LOC00868,SUP00868,LOCATION_AFFECTS_SUPPLIER,0.4371,SYNTHETIC_DEMO
LOC00869,SUP00869,LOCATION_AFFECTS_SUPPLIER,0.9265,SYNTHETIC_DEMO
LOC00870,SUP00870,LOCATION_AFFECTS_SUPPLIER,0.7428,SYNTHETIC_DEMO
LOC00871,SUP00871,LOCATION_AFFECTS_SUPPLIER,0.9016,SYNTHETIC_DEMO
LOC00872,SUP00872,LOCATION_AFFECTS_SUPPLIER,0.4876,SYNTHETIC_DEMO
LOC00873,SUP00873,LOCATION_AFFECTS_SUPPLIER,0.595,SYNTHETIC_DEMO
LOC00874,SUP00874,LOCATION_AFFECTS_SUPPLIER,0.8733,SYNTHETIC_DEMO
LOC00875,SUP00875,LOCATION_AFFECTS_SUPPLIER,0.601,SYNTHETIC_DEMO
LOC00876,SUP00876,LOCATION_AFFECTS_SUPPLIER,0.6575,SYNTHETIC_DEMO
LOC00877,SUP00877,LOCATION_AFFECTS_SUPPLIER,0.8318,SYNTHETIC_DEMO
LOC00878,SUP00878,LOCATION_AFFECTS_SUPPLIER,0.8933,SYNTHETIC_DEMO
LOC00879,SUP00879,LOCATION_AFFECTS_SUPPLIER,0.9483,SYNTHETIC_DEMO
LOC00880,SUP00880,LOCATION_AFFECTS_SUPPLIER,0.6323,SYNTHETIC_DEMO
LOC00881,SUP00881,LOCATION_AFFECTS_SUPPLIER,0.9009,SYNTHETIC_DEMO
LOC00882,SUP00882,LOCATION_AFFECTS_SUPPLIER,0.4487,SYNTHETIC_DEMO
LOC00883,SUP00883,LOCATION_AFFECTS_SUPPLIER,0.595,SYNTHETIC_DEMO
LOC00884,SUP00884,LOCATION_AFFECTS_SUPPLIER,0.5269,SYNTHETIC_DEMO
LOC00885,SUP00885,LOCATION_AFFECTS_SUPPLIER,0.689,SYNTHETIC_DEMO
LOC00886,SUP00886,LOCATION_AFFECTS_SUPPLIER,0.4081,SYNTHETIC_DEMO
LOC00887,SUP00887,LOCATION_AFFECTS_SUPPLIER,0.5315,SYNTHETIC_DEMO
LOC00888,SUP00888,LOCATION_AFFECTS_SUPPLIER,0.7277,SYNTHETIC_DEMO
LOC00889,SUP00889,LOCATION_AFFECTS_SUPPLIER,0.9017,SYNTHETIC_DEMO
LOC00890,SUP00890,LOCATION_AFFECTS_SUPPLIER,0.7878,SYNTHETIC_DEMO
LOC00891,SUP00891,LOCATION_AFFECTS_SUPPLIER,0.6088,SYNTHETIC_DEMO
LOC00892,SUP00892,LOCATION_AFFECTS_SUPPLIER,0.4176,SYNTHETIC_DEMO
LOC00893,SUP00893,LOCATION_AFFECTS_SUPPLIER,0.5487,SYNTHETIC_DEMO
LOC00894,SUP00894,LOCATION_AFFECTS_SUPPLIER,0.8978,SYNTHETIC_DEMO
LOC00895,SUP00895,LOCATION_AFFECTS_SUPPLIER,0.8203,SYNTHETIC_DEMO
LOC00896,SUP00896,LOCATION_AFFECTS_SUPPLIER,0.5034,SYNTHETIC_DEMO
LOC00897,SUP00897,LOCATION_AFFECTS_SUPPLIER,0.7171,SYNTHETIC_DEMO
LOC00898,SUP00898,LOCATION_AFFECTS_SUPPLIER,0.5528,SYNTHETIC_DEMO
LOC00899,SUP00899,LOCATION_AFFECTS_SUPPLIER,0.751,SYNTHETIC_DEMO
LOC00900,SUP00900,LOCATION_AFFECTS_SUPPLIER,0.9049,SYNTHETIC_DEMO
LOC00901,SUP00901,LOCATION_AFFECTS_SUPPLIER,0.9142,SYNTHETIC_DEMO
LOC00902,SUP00902,LOCATION_AFFECTS_SUPPLIER,0.8207,SYNTHETIC_DEMO
LOC00903,SUP00903,LOCATION_AFFECTS_SUPPLIER,0.563,SYNTHETIC_DEMO
LOC00904,SUP00904,LOCATION_AFFECTS_SUPPLIER,0.8733,SYNTHETIC_DEMO
LOC00905,SUP00905,LOCATION_AFFECTS_SUPPLIER,0.9156,SYNTHETIC_DEMO
LOC00906,SUP00906,LOCATION_AFFECTS_SUPPLIER,0.7352,SYNTHETIC_DEMO
LOC00907,SUP00907,LOCATION_AFFECTS_SUPPLIER,0.5448,SYNTHETIC_DEMO
LOC00908,SUP00908,LOCATION_AFFECTS_SUPPLIER,0.5303,SYNTHETIC_DEMO
LOC00909,SUP00909,LOCATION_AFFECTS_SUPPLIER,0.908,SYNTHETIC_DEMO
LOC00910,SUP00910,LOCATION_AFFECTS_SUPPLIER,0.8568,SYNTHETIC_DEMO
LOC00911,SUP00911,LOCATION_AFFECTS_SUPPLIER,0.7687,SYNTHETIC_DEMO
LOC00912,SUP00912,LOCATION_AFFECTS_SUPPLIER,0.6698,SYNTHETIC_DEMO
LOC00913,SUP00913,LOCATION_AFFECTS_SUPPLIER,0.7009,SYNTHETIC_DEMO
LOC00914,SUP00914,LOCATION_AFFECTS_SUPPLIER,0.9944,SYNTHETIC_DEMO
LOC00915,SUP00915,LOCATION_AFFECTS_SUPPLIER,0.574,SYNTHETIC_DEMO
LOC00916,SUP00916,LOCATION_AFFECTS_SUPPLIER,0.9052,SYNTHETIC_DEMO
LOC00917,SUP00917,LOCATION_AFFECTS_SUPPLIER,0.9139,SYNTHETIC_DEMO
LOC00918,SUP00918,LOCATION_AFFECTS_SUPPLIER,0.984,SYNTHETIC_DEMO
LOC00919,SUP00919,LOCATION_AFFECTS_SUPPLIER,0.7535,SYNTHETIC_DEMO
LOC00920,SUP00920,LOCATION_AFFECTS_SUPPLIER,0.7862,SYNTHETIC_DEMO
LOC00921,SUP00921,LOCATION_AFFECTS_SUPPLIER,0.5794,SYNTHETIC_DEMO
LOC00922,SUP00922,LOCATION_AFFECTS_SUPPLIER,0.9645,SYNTHETIC_DEMO
LOC00923,SUP00923,LOCATION_AFFECTS_SUPPLIER,0.4763,SYNTHETIC_DEMO
LOC00924,SUP00924,LOCATION_AFFECTS_SUPPLIER,0.4232,SYNTHETIC_DEMO
LOC00925,SUP00925,LOCATION_AFFECTS_SUPPLIER,0.6875,SYNTHETIC_DEMO
LOC00926,SUP00926,LOCATION_AFFECTS_SUPPLIER,0.7264,SYNTHETIC_DEMO
LOC00927,SUP00927,LOCATION_AFFECTS_SUPPLIER,0.9155,SYNTHETIC_DEMO
LOC00928,SUP00928,LOCATION_AFFECTS_SUPPLIER,0.8788,SYNTHETIC_DEMO
LOC00929,SUP00929,LOCATION_AFFECTS_SUPPLIER,0.4713,SYNTHETIC_DEMO
LOC00930,SUP00930,LOCATION_AFFECTS_SUPPLIER,0.4636,SYNTHETIC_DEMO
LOC00931,SUP00931,LOCATION_AFFECTS_SUPPLIER,0.6641,SYNTHETIC_DEMO
LOC00932,SUP00932,LOCATION_AFFECTS_SUPPLIER,0.4466,SYNTHETIC_DEMO
LOC00933,SUP00933,LOCATION_AFFECTS_SUPPLIER,0.6622,SYNTHETIC_DEMO
LOC00934,SUP00934,LOCATION_AFFECTS_SUPPLIER,0.8159,SYNTHETIC_DEMO
LOC00935,SUP00935,LOCATION_AFFECTS_SUPPLIER,0.8986,SYNTHETIC_DEMO
LOC00936,SUP00936,LOCATION_AFFECTS_SUPPLIER,0.6816,SYNTHETIC_DEMO
LOC00937,SUP00937,LOCATION_AFFECTS_SUPPLIER,0.6936,SYNTHETIC_DEMO
LOC00938,SUP00938,LOCATION_AFFECTS_SUPPLIER,0.9119,SYNTHETIC_DEMO
LOC00939,SUP00939,LOCATION_AFFECTS_SUPPLIER,0.7323,SYNTHETIC_DEMO
LOC00940,SUP00940,LOCATION_AFFECTS_SUPPLIER,0.7164,SYNTHETIC_DEMO
LOC00941,SUP00941,LOCATION_AFFECTS_SUPPLIER,0.6234,SYNTHETIC_DEMO
LOC00942,SUP00942,LOCATION_AFFECTS_SUPPLIER,0.566,SYNTHETIC_DEMO
LOC00943,SUP00943,LOCATION_AFFECTS_SUPPLIER,0.4549,SYNTHETIC_DEMO
LOC00944,SUP00944,LOCATION_AFFECTS_SUPPLIER,0.8667,SYNTHETIC_DEMO
LOC00945,SUP00945,LOCATION_AFFECTS_SUPPLIER,0.4456,SYNTHETIC_DEMO
LOC00946,SUP00946,LOCATION_AFFECTS_SUPPLIER,0.8633,SYNTHETIC_DEMO
LOC00947,SUP00947,LOCATION_AFFECTS_SUPPLIER,0.8548,SYNTHETIC_DEMO
LOC00948,SUP00948,LOCATION_AFFECTS_SUPPLIER,0.8861,SYNTHETIC_DEMO
LOC00949,SUP00949,LOCATION_AFFECTS_SUPPLIER,0.756,SYNTHETIC_DEMO
LOC00950,SUP00950,LOCATION_AFFECTS_SUPPLIER,0.7762,SYNTHETIC_DEMO
LOC00951,SUP00951,LOCATION_AFFECTS_SUPPLIER,0.4548,SYNTHETIC_DEMO
LOC00952,SUP00952,LOCATION_AFFECTS_SUPPLIER,0.4897,SYNTHETIC_DEMO
LOC00953,SUP00953,LOCATION_AFFECTS_SUPPLIER,0.821,SYNTHETIC_DEMO
LOC00954,SUP00954,LOCATION_AFFECTS_SUPPLIER,0.8719,SYNTHETIC_DEMO
LOC00955,SUP00955,LOCATION_AFFECTS_SUPPLIER,0.9255,SYNTHETIC_DEMO
LOC00956,SUP00956,LOCATION_AFFECTS_SUPPLIER,0.6612,SYNTHETIC_DEMO
LOC00957,SUP00957,LOCATION_AFFECTS_SUPPLIER,0.9506,SYNTHETIC_DEMO
LOC00958,SUP00958,LOCATION_AFFECTS_SUPPLIER,0.8589,SYNTHETIC_DEMO
LOC00959,SUP00959,LOCATION_AFFECTS_SUPPLIER,0.643,SYNTHETIC_DEMO
LOC00960,SUP00960,LOCATION_AFFECTS_SUPPLIER,0.6068,SYNTHETIC_DEMO
LOC00961,SUP00961,LOCATION_AFFECTS_SUPPLIER,0.5717,SYNTHETIC_DEMO
LOC00962,SUP00962,LOCATION_AFFECTS_SUPPLIER,0.9159,SYNTHETIC_DEMO
LOC00963,SUP00963,LOCATION_AFFECTS_SUPPLIER,0.5452,SYNTHETIC_DEMO
LOC00964,SUP00964,LOCATION_AFFECTS_SUPPLIER,0.8424,SYNTHETIC_DEMO
LOC00965,SUP00965,LOCATION_AFFECTS_SUPPLIER,0.6803,SYNTHETIC_DEMO
LOC00966,SUP00966,LOCATION_AFFECTS_SUPPLIER,0.5777,SYNTHETIC_DEMO
LOC00967,SUP00967,LOCATION_AFFECTS_SUPPLIER,0.8928,SYNTHETIC_DEMO
LOC00968,SUP00968,LOCATION_AFFECTS_SUPPLIER,0.8841,SYNTHETIC_DEMO
LOC00969,SUP00969,LOCATION_AFFECTS_SUPPLIER,0.4672,SYNTHETIC_DEMO
LOC00970,SUP00970,LOCATION_AFFECTS_SUPPLIER,0.8219,SYNTHETIC_DEMO
LOC00971,SUP00971,LOCATION_AFFECTS_SUPPLIER,0.4093,SYNTHETIC_DEMO
LOC00972,SUP00972,LOCATION_AFFECTS_SUPPLIER,0.6041,SYNTHETIC_DEMO
LOC00973,SUP00973,LOCATION_AFFECTS_SUPPLIER,0.8244,SYNTHETIC_DEMO
LOC00974,SUP00974,LOCATION_AFFECTS_SUPPLIER,0.6296,SYNTHETIC_DEMO
LOC00975,SUP00975,LOCATION_AFFECTS_SUPPLIER,0.7474,SYNTHETIC_DEMO
LOC00976,SUP00976,LOCATION_AFFECTS_SUPPLIER,0.42,SYNTHETIC_DEMO
LOC00977,SUP00977,LOCATION_AFFECTS_SUPPLIER,0.9493,SYNTHETIC_DEMO
LOC00978,SUP00978,LOCATION_AFFECTS_SUPPLIER,0.685,SYNTHETIC_DEMO
LOC00979,SUP00979,LOCATION_AFFECTS_SUPPLIER,0.6177,SYNTHETIC_DEMO
LOC00980,SUP00980,LOCATION_AFFECTS_SUPPLIER,0.8795,SYNTHETIC_DEMO
LOC00981,SUP00981,LOCATION_AFFECTS_SUPPLIER,0.4818,SYNTHETIC_DEMO
LOC00982,SUP00982,LOCATION_AFFECTS_SUPPLIER,0.7864,SYNTHETIC_DEMO
LOC00983,SUP00983,LOCATION_AFFECTS_SUPPLIER,0.6039,SYNTHETIC_DEMO
LOC00984,SUP00984,LOCATION_AFFECTS_SUPPLIER,0.7315,SYNTHETIC_DEMO
LOC00985,SUP00985,LOCATION_AFFECTS_SUPPLIER,0.6715,SYNTHETIC_DEMO
LOC00986,SUP00986,LOCATION_AFFECTS_SUPPLIER,0.7322,SYNTHETIC_DEMO
LOC00987,SUP00987,LOCATION_AFFECTS_SUPPLIER,0.8677,SYNTHETIC_DEMO
LOC00988,SUP00988,LOCATION_AFFECTS_SUPPLIER,0.4244,SYNTHETIC_DEMO
LOC00989,SUP00989,LOCATION_AFFECTS_SUPPLIER,0.6556,SYNTHETIC_DEMO
LOC00990,SUP00990,LOCATION_AFFECTS_SUPPLIER,0.5423,SYNTHETIC_DEMO
LOC00991,SUP00991,LOCATION_AFFECTS_SUPPLIER,0.6157,SYNTHETIC_DEMO
LOC00992,SUP00992,LOCATION_AFFECTS_SUPPLIER,0.7556,SYNTHETIC_DEMO
LOC00993,SUP00993,LOCATION_AFFECTS_SUPPLIER,0.991,SYNTHETIC_DEMO
LOC00994,SUP00994,LOCATION_AFFECTS_SUPPLIER,0.9864,SYNTHETIC_DEMO
LOC00995,SUP00995,LOCATION_AFFECTS_SUPPLIER,0.4661,SYNTHETIC_DEMO
LOC00996,SUP00996,LOCATION_AFFECTS_SUPPLIER,0.8839,SYNTHETIC_DEMO
LOC00997,SUP00997,LOCATION_AFFECTS_SUPPLIER,0.6822,SYNTHETIC_DEMO
LOC00998,SUP00998,LOCATION_AFFECTS_SUPPLIER,0.7007,SYNTHETIC_DEMO
LOC00999,SUP00999,LOCATION_AFFECTS_SUPPLIER,0.4199,SYNTHETIC_DEMO
LOC01000,SUP01000,LOCATION_AFFECTS_SUPPLIER,0.9887,SYNTHETIC_DEMO
LOC00001,SUP00001,LOCATION_AFFECTS_SUPPLIER,0.5095,SYNTHETIC_DEMO
LOC00002,SUP00002,LOCATION_AFFECTS_SUPPLIER,0.893,SYNTHETIC_DEMO
LOC00003,SUP00003,LOCATION_AFFECTS_SUPPLIER,0.579,SYNTHETIC_DEMO
LOC00004,SUP00004,LOCATION_AFFECTS_SUPPLIER,0.5813,SYNTHETIC_DEMO
LOC00005,SUP00005,LOCATION_AFFECTS_SUPPLIER,0.9181,SYNTHETIC_DEMO
LOC00006,SUP00006,LOCATION_AFFECTS_SUPPLIER,0.7139,SYNTHETIC_DEMO
LOC00007,SUP00007,LOCATION_AFFECTS_SUPPLIER,0.6422,SYNTHETIC_DEMO
LOC00008,SUP00008,LOCATION_AFFECTS_SUPPLIER,0.9022,SYNTHETIC_DEMO
LOC00009,SUP00009,LOCATION_AFFECTS_SUPPLIER,0.8509,SYNTHETIC_DEMO
LOC00010,SUP00010,LOCATION_AFFECTS_SUPPLIER,0.536,SYNTHETIC_DEMO
LOC00011,SUP00011,LOCATION_AFFECTS_SUPPLIER,0.651,SYNTHETIC_DEMO
LOC00012,SUP00012,LOCATION_AFFECTS_SUPPLIER,0.6455,SYNTHETIC_DEMO
LOC00013,SUP00013,LOCATION_AFFECTS_SUPPLIER,0.6159,SYNTHETIC_DEMO
LOC00014,SUP00014,LOCATION_AFFECTS_SUPPLIER,0.9472,SYNTHETIC_DEMO
LOC00015,SUP00015,LOCATION_AFFECTS_SUPPLIER,0.4157,SYNTHETIC_DEMO
LOC00016,SUP00016,LOCATION_AFFECTS_SUPPLIER,0.8416,SYNTHETIC_DEMO
LOC00017,SUP00017,LOCATION_AFFECTS_SUPPLIER,0.78,SYNTHETIC_DEMO
LOC00018,SUP00018,LOCATION_AFFECTS_SUPPLIER,0.6248,SYNTHETIC_DEMO
LOC00019,SUP00019,LOCATION_AFFECTS_SUPPLIER,0.6845,SYNTHETIC_DEMO
LOC00020,SUP00020,LOCATION_AFFECTS_SUPPLIER,0.4738,SYNTHETIC_DEMO
LOC00021,SUP00021,LOCATION_AFFECTS_SUPPLIER,0.5082,SYNTHETIC_DEMO
LOC00022,SUP00022,LOCATION_AFFECTS_SUPPLIER,0.8403,SYNTHETIC_DEMO
LOC00023,SUP00023,LOCATION_AFFECTS_SUPPLIER,0.5204,SYNTHETIC_DEMO
LOC00024,SUP00024,LOCATION_AFFECTS_SUPPLIER,0.9883,SYNTHETIC_DEMO
LOC00025,SUP00025,LOCATION_AFFECTS_SUPPLIER,0.876,SYNTHETIC_DEMO
LOC00026,SUP00026,LOCATION_AFFECTS_SUPPLIER,0.8782,SYNTHETIC_DEMO
LOC00027,SUP00027,LOCATION_AFFECTS_SUPPLIER,0.5313,SYNTHETIC_DEMO
LOC00028,SUP00028,LOCATION_AFFECTS_SUPPLIER,0.9359,SYNTHETIC_DEMO
LOC00029,SUP00029,LOCATION_AFFECTS_SUPPLIER,0.6291,SYNTHETIC_DEMO
LOC00030,SUP00030,LOCATION_AFFECTS_SUPPLIER,0.8482,SYNTHETIC_DEMO
LOC00031,SUP00031,LOCATION_AFFECTS_SUPPLIER,0.453,SYNTHETIC_DEMO
LOC00032,SUP00032,LOCATION_AFFECTS_SUPPLIER,0.6565,SYNTHETIC_DEMO
LOC00033,SUP00033,LOCATION_AFFECTS_SUPPLIER,0.6396,SYNTHETIC_DEMO
LOC00034,SUP00034,LOCATION_AFFECTS_SUPPLIER,0.9708,SYNTHETIC_DEMO
LOC00035,SUP00035,LOCATION_AFFECTS_SUPPLIER,0.5416,SYNTHETIC_DEMO
LOC00036,SUP00036,LOCATION_AFFECTS_SUPPLIER,0.915,SYNTHETIC_DEMO
LOC00037,SUP00037,LOCATION_AFFECTS_SUPPLIER,0.6888,SYNTHETIC_DEMO
LOC00038,SUP00038,LOCATION_AFFECTS_SUPPLIER,0.7816,SYNTHETIC_DEMO
LOC00039,SUP00039,LOCATION_AFFECTS_SUPPLIER,0.909,SYNTHETIC_DEMO
LOC00040,SUP00040,LOCATION_AFFECTS_SUPPLIER,0.488,SYNTHETIC_DEMO
LOC00041,SUP00041,LOCATION_AFFECTS_SUPPLIER,0.6065,SYNTHETIC_DEMO
LOC00042,SUP00042,LOCATION_AFFECTS_SUPPLIER,0.4466,SYNTHETIC_DEMO
LOC00043,SUP00043,LOCATION_AFFECTS_SUPPLIER,0.996,SYNTHETIC_DEMO
LOC00044,SUP00044,LOCATION_AFFECTS_SUPPLIER,0.6143,SYNTHETIC_DEMO
LOC00045,SUP00045,LOCATION_AFFECTS_SUPPLIER,0.867,SYNTHETIC_DEMO
LOC00046,SUP00046,LOCATION_AFFECTS_SUPPLIER,0.8644,SYNTHETIC_DEMO
LOC00047,SUP00047,LOCATION_AFFECTS_SUPPLIER,0.6826,SYNTHETIC_DEMO
LOC00048,SUP00048,LOCATION_AFFECTS_SUPPLIER,0.4121,SYNTHETIC_DEMO
LOC00049,SUP00049,LOCATION_AFFECTS_SUPPLIER,0.4933,SYNTHETIC_DEMO
LOC00050,SUP00050,LOCATION_AFFECTS_SUPPLIER,0.4282,SYNTHETIC_DEMO
LOC00051,SUP00051,LOCATION_AFFECTS_SUPPLIER,0.7702,SYNTHETIC_DEMO
LOC00052,SUP00052,LOCATION_AFFECTS_SUPPLIER,0.987,SYNTHETIC_DEMO
LOC00053,SUP00053,LOCATION_AFFECTS_SUPPLIER,0.5025,SYNTHETIC_DEMO
LOC00054,SUP00054,LOCATION_AFFECTS_SUPPLIER,0.8579,SYNTHETIC_DEMO
LOC00055,SUP00055,LOCATION_AFFECTS_SUPPLIER,0.8121,SYNTHETIC_DEMO
LOC00056,SUP00056,LOCATION_AFFECTS_SUPPLIER,0.5783,SYNTHETIC_DEMO
LOC00057,SUP00057,LOCATION_AFFECTS_SUPPLIER,0.7173,SYNTHETIC_DEMO
LOC00058,SUP00058,LOCATION_AFFECTS_SUPPLIER,0.796,SYNTHETIC_DEMO
LOC00059,SUP00059,LOCATION_AFFECTS_SUPPLIER,0.9483,SYNTHETIC_DEMO
LOC00060,SUP00060,LOCATION_AFFECTS_SUPPLIER,0.6985,SYNTHETIC_DEMO
LOC00061,SUP00061,LOCATION_AFFECTS_SUPPLIER,0.7831,SYNTHETIC_DEMO
LOC00062,SUP00062,LOCATION_AFFECTS_SUPPLIER,0.4609,SYNTHETIC_DEMO
LOC00063,SUP00063,LOCATION_AFFECTS_SUPPLIER,0.706,SYNTHETIC_DEMO
LOC00064,SUP00064,LOCATION_AFFECTS_SUPPLIER,0.4599,SYNTHETIC_DEMO
LOC00065,SUP00065,LOCATION_AFFECTS_SUPPLIER,0.9146,SYNTHETIC_DEMO
LOC00066,SUP00066,LOCATION_AFFECTS_SUPPLIER,0.6647,SYNTHETIC_DEMO
LOC00067,SUP00067,LOCATION_AFFECTS_SUPPLIER,0.7658,SYNTHETIC_DEMO
LOC00068,SUP00068,LOCATION_AFFECTS_SUPPLIER,0.8717,SYNTHETIC_DEMO
LOC00069,SUP00069,LOCATION_AFFECTS_SUPPLIER,0.8607,SYNTHETIC_DEMO
LOC00070,SUP00070,LOCATION_AFFECTS_SUPPLIER,0.9847,SYNTHETIC_DEMO
LOC00071,SUP00071,LOCATION_AFFECTS_SUPPLIER,0.5343,SYNTHETIC_DEMO
LOC00072,SUP00072,LOCATION_AFFECTS_SUPPLIER,0.8698,SYNTHETIC_DEMO
LOC00073,SUP00073,LOCATION_AFFECTS_SUPPLIER,0.9706,SYNTHETIC_DEMO
LOC00074,SUP00074,LOCATION_AFFECTS_SUPPLIER,0.7218,SYNTHETIC_DEMO
LOC00075,SUP00075,LOCATION_AFFECTS_SUPPLIER,0.4654,SYNTHETIC_DEMO
LOC00076,SUP00076,LOCATION_AFFECTS_SUPPLIER,0.5419,SYNTHETIC_DEMO
LOC00077,SUP00077,LOCATION_AFFECTS_SUPPLIER,0.9889,SYNTHETIC_DEMO
LOC00078,SUP00078,LOCATION_AFFECTS_SUPPLIER,0.8313,SYNTHETIC_DEMO
LOC00079,SUP00079,LOCATION_AFFECTS_SUPPLIER,0.5381,SYNTHETIC_DEMO
LOC00080,SUP00080,LOCATION_AFFECTS_SUPPLIER,0.5274,SYNTHETIC_DEMO
LOC00081,SUP00081,LOCATION_AFFECTS_SUPPLIER,0.9088,SYNTHETIC_DEMO
LOC00082,SUP00082,LOCATION_AFFECTS_SUPPLIER,0.5616,SYNTHETIC_DEMO
LOC00083,SUP00083,LOCATION_AFFECTS_SUPPLIER,0.673,SYNTHETIC_DEMO
LOC00084,SUP00084,LOCATION_AFFECTS_SUPPLIER,0.4949,SYNTHETIC_DEMO
LOC00085,SUP00085,LOCATION_AFFECTS_SUPPLIER,0.6831,SYNTHETIC_DEMO
LOC00086,SUP00086,LOCATION_AFFECTS_SUPPLIER,0.8043,SYNTHETIC_DEMO
LOC00087,SUP00087,LOCATION_AFFECTS_SUPPLIER,0.7939,SYNTHETIC_DEMO
LOC00088,SUP00088,LOCATION_AFFECTS_SUPPLIER,0.4497,SYNTHETIC_DEMO
LOC00089,SUP00089,LOCATION_AFFECTS_SUPPLIER,0.9408,SYNTHETIC_DEMO
LOC00090,SUP00090,LOCATION_AFFECTS_SUPPLIER,0.7795,SYNTHETIC_DEMO
LOC00091,SUP00091,LOCATION_AFFECTS_SUPPLIER,0.7415,SYNTHETIC_DEMO
LOC00092,SUP00092,LOCATION_AFFECTS_SUPPLIER,0.7203,SYNTHETIC_DEMO
LOC00093,SUP00093,LOCATION_AFFECTS_SUPPLIER,0.6084,SYNTHETIC_DEMO
LOC00094,SUP00094,LOCATION_AFFECTS_SUPPLIER,0.5386,SYNTHETIC_DEMO
LOC00095,SUP00095,LOCATION_AFFECTS_SUPPLIER,0.4961,SYNTHETIC_DEMO
LOC00096,SUP00096,LOCATION_AFFECTS_SUPPLIER,0.7359,SYNTHETIC_DEMO
LOC00097,SUP00097,LOCATION_AFFECTS_SUPPLIER,0.9531,SYNTHETIC_DEMO
LOC00098,SUP00098,LOCATION_AFFECTS_SUPPLIER,0.9342,SYNTHETIC_DEMO
LOC00099,SUP00099,LOCATION_AFFECTS_SUPPLIER,0.9211,SYNTHETIC_DEMO
LOC00100,SUP00100,LOCATION_AFFECTS_SUPPLIER,0.5111,SYNTHETIC_DEMO
LOC00101,SUP00101,LOCATION_AFFECTS_SUPPLIER,0.7479,SYNTHETIC_DEMO
LOC00102,SUP00102,LOCATION_AFFECTS_SUPPLIER,0.6324,SYNTHETIC_DEMO
LOC00103,SUP00103,LOCATION_AFFECTS_SUPPLIER,0.5795,SYNTHETIC_DEMO
LOC00104,SUP00104,LOCATION_AFFECTS_SUPPLIER,0.7067,SYNTHETIC_DEMO
LOC00105,SUP00105,LOCATION_AFFECTS_SUPPLIER,0.4525,SYNTHETIC_DEMO
LOC00106,SUP00106,LOCATION_AFFECTS_SUPPLIER,0.8476,SYNTHETIC_DEMO
LOC00107,SUP00107,LOCATION_AFFECTS_SUPPLIER,0.9286,SYNTHETIC_DEMO
LOC00108,SUP00108,LOCATION_AFFECTS_SUPPLIER,0.9162,SYNTHETIC_DEMO
LOC00109,SUP00109,LOCATION_AFFECTS_SUPPLIER,0.4784,SYNTHETIC_DEMO
LOC00110,SUP00110,LOCATION_AFFECTS_SUPPLIER,0.6006,SYNTHETIC_DEMO
LOC00111,SUP00111,LOCATION_AFFECTS_SUPPLIER,0.5845,SYNTHETIC_DEMO
LOC00112,SUP00112,LOCATION_AFFECTS_SUPPLIER,0.6821,SYNTHETIC_DEMO
LOC00113,SUP00113,LOCATION_AFFECTS_SUPPLIER,0.6141,SYNTHETIC_DEMO
LOC00114,SUP00114,LOCATION_AFFECTS_SUPPLIER,0.6626,SYNTHETIC_DEMO
LOC00115,SUP00115,LOCATION_AFFECTS_SUPPLIER,0.8384,SYNTHETIC_DEMO
LOC00116,SUP00116,LOCATION_AFFECTS_SUPPLIER,0.6329,SYNTHETIC_DEMO
LOC00117,SUP00117,LOCATION_AFFECTS_SUPPLIER,0.458,SYNTHETIC_DEMO
LOC00118,SUP00118,LOCATION_AFFECTS_SUPPLIER,0.4993,SYNTHETIC_DEMO
LOC00119,SUP00119,LOCATION_AFFECTS_SUPPLIER,0.6542,SYNTHETIC_DEMO
LOC00120,SUP00120,LOCATION_AFFECTS_SUPPLIER,0.7274,SYNTHETIC_DEMO
LOC00121,SUP00121,LOCATION_AFFECTS_SUPPLIER,0.832,SYNTHETIC_DEMO
LOC00122,SUP00122,LOCATION_AFFECTS_SUPPLIER,0.836,SYNTHETIC_DEMO
LOC00123,SUP00123,LOCATION_AFFECTS_SUPPLIER,0.8741,SYNTHETIC_DEMO
LOC00124,SUP00124,LOCATION_AFFECTS_SUPPLIER,0.9666,SYNTHETIC_DEMO
LOC00125,SUP00125,LOCATION_AFFECTS_SUPPLIER,0.4247,SYNTHETIC_DEMO
LOC00126,SUP00126,LOCATION_AFFECTS_SUPPLIER,0.6867,SYNTHETIC_DEMO
LOC00127,SUP00127,LOCATION_AFFECTS_SUPPLIER,0.8697,SYNTHETIC_DEMO
LOC00128,SUP00128,LOCATION_AFFECTS_SUPPLIER,0.5549,SYNTHETIC_DEMO
LOC00129,SUP00129,LOCATION_AFFECTS_SUPPLIER,0.8889,SYNTHETIC_DEMO
LOC00130,SUP00130,LOCATION_AFFECTS_SUPPLIER,0.7643,SYNTHETIC_DEMO
LOC00131,SUP00131,LOCATION_AFFECTS_SUPPLIER,0.7033,SYNTHETIC_DEMO
LOC00132,SUP00132,LOCATION_AFFECTS_SUPPLIER,0.4914,SYNTHETIC_DEMO
LOC00133,SUP00133,LOCATION_AFFECTS_SUPPLIER,0.8049,SYNTHETIC_DEMO
LOC00134,SUP00134,LOCATION_AFFECTS_SUPPLIER,0.6554,SYNTHETIC_DEMO
LOC00135,SUP00135,LOCATION_AFFECTS_SUPPLIER,0.4993,SYNTHETIC_DEMO
LOC00136,SUP00136,LOCATION_AFFECTS_SUPPLIER,0.4372,SYNTHETIC_DEMO
LOC00137,SUP00137,LOCATION_AFFECTS_SUPPLIER,0.7718,SYNTHETIC_DEMO
LOC00138,SUP00138,LOCATION_AFFECTS_SUPPLIER,0.7102,SYNTHETIC_DEMO
LOC00139,SUP00139,LOCATION_AFFECTS_SUPPLIER,0.4262,SYNTHETIC_DEMO
LOC00140,SUP00140,LOCATION_AFFECTS_SUPPLIER,0.887,SYNTHETIC_DEMO
LOC00141,SUP00141,LOCATION_AFFECTS_SUPPLIER,0.4469,SYNTHETIC_DEMO
LOC00142,SUP00142,LOCATION_AFFECTS_SUPPLIER,0.9921,SYNTHETIC_DEMO
LOC00143,SUP00143,LOCATION_AFFECTS_SUPPLIER,0.9903,SYNTHETIC_DEMO
LOC00144,SUP00144,LOCATION_AFFECTS_SUPPLIER,0.4959,SYNTHETIC_DEMO
LOC00145,SUP00145,LOCATION_AFFECTS_SUPPLIER,0.4547,SYNTHETIC_DEMO
LOC00146,SUP00146,LOCATION_AFFECTS_SUPPLIER,0.475,SYNTHETIC_DEMO
LOC00147,SUP00147,LOCATION_AFFECTS_SUPPLIER,0.996,SYNTHETIC_DEMO
LOC00148,SUP00148,LOCATION_AFFECTS_SUPPLIER,0.5701,SYNTHETIC_DEMO
LOC00149,SUP00149,LOCATION_AFFECTS_SUPPLIER,0.4656,SYNTHETIC_DEMO
LOC00150,SUP00150,LOCATION_AFFECTS_SUPPLIER,0.5641,SYNTHETIC_DEMO
LOC00151,SUP00151,LOCATION_AFFECTS_SUPPLIER,0.7913,SYNTHETIC_DEMO
LOC00152,SUP00152,LOCATION_AFFECTS_SUPPLIER,0.9518,SYNTHETIC_DEMO
LOC00153,SUP00153,LOCATION_AFFECTS_SUPPLIER,0.5581,SYNTHETIC_DEMO
LOC00154,SUP00154,LOCATION_AFFECTS_SUPPLIER,0.9779,SYNTHETIC_DEMO
LOC00155,SUP00155,LOCATION_AFFECTS_SUPPLIER,0.5643,SYNTHETIC_DEMO
LOC00156,SUP00156,LOCATION_AFFECTS_SUPPLIER,0.4889,SYNTHETIC_DEMO
LOC00157,SUP00157,LOCATION_AFFECTS_SUPPLIER,0.4309,SYNTHETIC_DEMO
LOC00158,SUP00158,LOCATION_AFFECTS_SUPPLIER,0.4204,SYNTHETIC_DEMO
LOC00159,SUP00159,LOCATION_AFFECTS_SUPPLIER,0.542,SYNTHETIC_DEMO
LOC00160,SUP00160,LOCATION_AFFECTS_SUPPLIER,0.4985,SYNTHETIC_DEMO
LOC00161,SUP00161,LOCATION_AFFECTS_SUPPLIER,0.6154,SYNTHETIC_DEMO
LOC00162,SUP00162,LOCATION_AFFECTS_SUPPLIER,0.4401,SYNTHETIC_DEMO
LOC00163,SUP00163,LOCATION_AFFECTS_SUPPLIER,0.9292,SYNTHETIC_DEMO
LOC00164,SUP00164,LOCATION_AFFECTS_SUPPLIER,0.9229,SYNTHETIC_DEMO
LOC00165,SUP00165,LOCATION_AFFECTS_SUPPLIER,0.4004,SYNTHETIC_DEMO
LOC00166,SUP00166,LOCATION_AFFECTS_SUPPLIER,0.7768,SYNTHETIC_DEMO
LOC00167,SUP00167,LOCATION_AFFECTS_SUPPLIER,0.7632,SYNTHETIC_DEMO
LOC00168,SUP00168,LOCATION_AFFECTS_SUPPLIER,0.6617,SYNTHETIC_DEMO
LOC00169,SUP00169,LOCATION_AFFECTS_SUPPLIER,0.8513,SYNTHETIC_DEMO
LOC00170,SUP00170,LOCATION_AFFECTS_SUPPLIER,0.6862,SYNTHETIC_DEMO
LOC00171,SUP00171,LOCATION_AFFECTS_SUPPLIER,0.6844,SYNTHETIC_DEMO
LOC00172,SUP00172,LOCATION_AFFECTS_SUPPLIER,0.781,SYNTHETIC_DEMO
LOC00173,SUP00173,LOCATION_AFFECTS_SUPPLIER,0.4519,SYNTHETIC_DEMO
LOC00174,SUP00174,LOCATION_AFFECTS_SUPPLIER,0.5196,SYNTHETIC_DEMO
LOC00175,SUP00175,LOCATION_AFFECTS_SUPPLIER,0.7813,SYNTHETIC_DEMO
LOC00176,SUP00176,LOCATION_AFFECTS_SUPPLIER,0.7514,SYNTHETIC_DEMO
LOC00177,SUP00177,LOCATION_AFFECTS_SUPPLIER,0.7227,SYNTHETIC_DEMO
LOC00178,SUP00178,LOCATION_AFFECTS_SUPPLIER,0.8647,SYNTHETIC_DEMO
LOC00179,SUP00179,LOCATION_AFFECTS_SUPPLIER,0.4243,SYNTHETIC_DEMO
LOC00180,SUP00180,LOCATION_AFFECTS_SUPPLIER,0.4313,SYNTHETIC_DEMO
LOC00181,SUP00181,LOCATION_AFFECTS_SUPPLIER,0.6757,SYNTHETIC_DEMO
LOC00182,SUP00182,LOCATION_AFFECTS_SUPPLIER,0.9573,SYNTHETIC_DEMO
LOC00183,SUP00183,LOCATION_AFFECTS_SUPPLIER,0.9452,SYNTHETIC_DEMO
LOC00184,SUP00184,LOCATION_AFFECTS_SUPPLIER,0.928,SYNTHETIC_DEMO
LOC00185,SUP00185,LOCATION_AFFECTS_SUPPLIER,0.8715,SYNTHETIC_DEMO
LOC00186,SUP00186,LOCATION_AFFECTS_SUPPLIER,0.5435,SYNTHETIC_DEMO
LOC00187,SUP00187,LOCATION_AFFECTS_SUPPLIER,0.7132,SYNTHETIC_DEMO
LOC00188,SUP00188,LOCATION_AFFECTS_SUPPLIER,0.9993,SYNTHETIC_DEMO
LOC00189,SUP00189,LOCATION_AFFECTS_SUPPLIER,0.7103,SYNTHETIC_DEMO
LOC00190,SUP00190,LOCATION_AFFECTS_SUPPLIER,0.8615,SYNTHETIC_DEMO
LOC00191,SUP00191,LOCATION_AFFECTS_SUPPLIER,0.8451,SYNTHETIC_DEMO
LOC00192,SUP00192,LOCATION_AFFECTS_SUPPLIER,0.5224,SYNTHETIC_DEMO
LOC00193,SUP00193,LOCATION_AFFECTS_SUPPLIER,0.6783,SYNTHETIC_DEMO
LOC00194,SUP00194,LOCATION_AFFECTS_SUPPLIER,0.6185,SYNTHETIC_DEMO
LOC00195,SUP00195,LOCATION_AFFECTS_SUPPLIER,0.9417,SYNTHETIC_DEMO
LOC00196,SUP00196,LOCATION_AFFECTS_SUPPLIER,0.9324,SYNTHETIC_DEMO
LOC00197,SUP00197,LOCATION_AFFECTS_SUPPLIER,0.4798,SYNTHETIC_DEMO
LOC00198,SUP00198,LOCATION_AFFECTS_SUPPLIER,0.4275,SYNTHETIC_DEMO
LOC00199,SUP00199,LOCATION_AFFECTS_SUPPLIER,0.5297,SYNTHETIC_DEMO
LOC00200,SUP00200,LOCATION_AFFECTS_SUPPLIER,0.799,SYNTHETIC_DEMO
LOC00201,SUP00201,LOCATION_AFFECTS_SUPPLIER,0.8559,SYNTHETIC_DEMO
LOC00202,SUP00202,LOCATION_AFFECTS_SUPPLIER,0.7068,SYNTHETIC_DEMO
LOC00203,SUP00203,LOCATION_AFFECTS_SUPPLIER,0.4862,SYNTHETIC_DEMO
LOC00204,SUP00204,LOCATION_AFFECTS_SUPPLIER,0.7091,SYNTHETIC_DEMO
LOC00205,SUP00205,LOCATION_AFFECTS_SUPPLIER,0.6768,SYNTHETIC_DEMO
LOC00206,SUP00206,LOCATION_AFFECTS_SUPPLIER,0.4968,SYNTHETIC_DEMO
LOC00207,SUP00207,LOCATION_AFFECTS_SUPPLIER,0.9173,SYNTHETIC_DEMO
LOC00208,SUP00208,LOCATION_AFFECTS_SUPPLIER,0.918,SYNTHETIC_DEMO
LOC00209,SUP00209,LOCATION_AFFECTS_SUPPLIER,0.6882,SYNTHETIC_DEMO
LOC00210,SUP00210,LOCATION_AFFECTS_SUPPLIER,0.9063,SYNTHETIC_DEMO
LOC00211,SUP00211,LOCATION_AFFECTS_SUPPLIER,0.6205,SYNTHETIC_DEMO
LOC00212,SUP00212,LOCATION_AFFECTS_SUPPLIER,0.8587,SYNTHETIC_DEMO
LOC00213,SUP00213,LOCATION_AFFECTS_SUPPLIER,0.6492,SYNTHETIC_DEMO
LOC00214,SUP00214,LOCATION_AFFECTS_SUPPLIER,0.4754,SYNTHETIC_DEMO
LOC00215,SUP00215,LOCATION_AFFECTS_SUPPLIER,0.7254,SYNTHETIC_DEMO
LOC00216,SUP00216,LOCATION_AFFECTS_SUPPLIER,0.7367,SYNTHETIC_DEMO
LOC00217,SUP00217,LOCATION_AFFECTS_SUPPLIER,0.5439,SYNTHETIC_DEMO
LOC00218,SUP00218,LOCATION_AFFECTS_SUPPLIER,0.5198,SYNTHETIC_DEMO
LOC00219,SUP00219,LOCATION_AFFECTS_SUPPLIER,0.7179,SYNTHETIC_DEMO
LOC00220,SUP00220,LOCATION_AFFECTS_SUPPLIER,0.8663,SYNTHETIC_DEMO
LOC00221,SUP00221,LOCATION_AFFECTS_SUPPLIER,0.4359,SYNTHETIC_DEMO
LOC00222,SUP00222,LOCATION_AFFECTS_SUPPLIER,0.8422,SYNTHETIC_DEMO
LOC00223,SUP00223,LOCATION_AFFECTS_SUPPLIER,0.4597,SYNTHETIC_DEMO
LOC00224,SUP00224,LOCATION_AFFECTS_SUPPLIER,0.4233,SYNTHETIC_DEMO
LOC00225,SUP00225,LOCATION_AFFECTS_SUPPLIER,0.4247,SYNTHETIC_DEMO
LOC00226,SUP00226,LOCATION_AFFECTS_SUPPLIER,0.9871,SYNTHETIC_DEMO
LOC00227,SUP00227,LOCATION_AFFECTS_SUPPLIER,0.4167,SYNTHETIC_DEMO
LOC00228,SUP00228,LOCATION_AFFECTS_SUPPLIER,0.5206,SYNTHETIC_DEMO
LOC00229,SUP00229,LOCATION_AFFECTS_SUPPLIER,0.9406,SYNTHETIC_DEMO
LOC00230,SUP00230,LOCATION_AFFECTS_SUPPLIER,0.7922,SYNTHETIC_DEMO
LOC00231,SUP00231,LOCATION_AFFECTS_SUPPLIER,0.9439,SYNTHETIC_DEMO
LOC00232,SUP00232,LOCATION_AFFECTS_SUPPLIER,0.5106,SYNTHETIC_DEMO
LOC00233,SUP00233,LOCATION_AFFECTS_SUPPLIER,0.7726,SYNTHETIC_DEMO
LOC00234,SUP00234,LOCATION_AFFECTS_SUPPLIER,0.6392,SYNTHETIC_DEMO
LOC00235,SUP00235,LOCATION_AFFECTS_SUPPLIER,0.6111,SYNTHETIC_DEMO
LOC00236,SUP00236,LOCATION_AFFECTS_SUPPLIER,0.7015,SYNTHETIC_DEMO
LOC00237,SUP00237,LOCATION_AFFECTS_SUPPLIER,0.585,SYNTHETIC_DEMO
LOC00238,SUP00238,LOCATION_AFFECTS_SUPPLIER,0.4831,SYNTHETIC_DEMO
LOC00239,SUP00239,LOCATION_AFFECTS_SUPPLIER,0.743,SYNTHETIC_DEMO
LOC00240,SUP00240,LOCATION_AFFECTS_SUPPLIER,0.5802,SYNTHETIC_DEMO
LOC00241,SUP00241,LOCATION_AFFECTS_SUPPLIER,0.5893,SYNTHETIC_DEMO
LOC00242,SUP00242,LOCATION_AFFECTS_SUPPLIER,0.542,SYNTHETIC_DEMO
LOC00243,SUP00243,LOCATION_AFFECTS_SUPPLIER,0.975,SYNTHETIC_DEMO
LOC00244,SUP00244,LOCATION_AFFECTS_SUPPLIER,0.7234,SYNTHETIC_DEMO
LOC00245,SUP00245,LOCATION_AFFECTS_SUPPLIER,0.5176,SYNTHETIC_DEMO
LOC00246,SUP00246,LOCATION_AFFECTS_SUPPLIER,0.5896,SYNTHETIC_DEMO
LOC00247,SUP00247,LOCATION_AFFECTS_SUPPLIER,0.871,SYNTHETIC_DEMO
LOC00248,SUP00248,LOCATION_AFFECTS_SUPPLIER,0.4541,SYNTHETIC_DEMO
LOC00249,SUP00249,LOCATION_AFFECTS_SUPPLIER,0.7039,SYNTHETIC_DEMO
LOC00250,SUP00250,LOCATION_AFFECTS_SUPPLIER,0.5243,SYNTHETIC_DEMO
LOC00251,SUP00251,LOCATION_AFFECTS_SUPPLIER,0.6615,SYNTHETIC_DEMO
LOC00252,SUP00252,LOCATION_AFFECTS_SUPPLIER,0.9218,SYNTHETIC_DEMO
LOC00253,SUP00253,LOCATION_AFFECTS_SUPPLIER,0.481,SYNTHETIC_DEMO
LOC00254,SUP00254,LOCATION_AFFECTS_SUPPLIER,0.8805,SYNTHETIC_DEMO
LOC00255,SUP00255,LOCATION_AFFECTS_SUPPLIER,0.8705,SYNTHETIC_DEMO
LOC00256,SUP00256,LOCATION_AFFECTS_SUPPLIER,0.6647,SYNTHETIC_DEMO
LOC00257,SUP00257,LOCATION_AFFECTS_SUPPLIER,0.6803,SYNTHETIC_DEMO
LOC00258,SUP00258,LOCATION_AFFECTS_SUPPLIER,0.8191,SYNTHETIC_DEMO
LOC00259,SUP00259,LOCATION_AFFECTS_SUPPLIER,0.4156,SYNTHETIC_DEMO
LOC00260,SUP00260,LOCATION_AFFECTS_SUPPLIER,0.7496,SYNTHETIC_DEMO
LOC00261,SUP00261,LOCATION_AFFECTS_SUPPLIER,0.4169,SYNTHETIC_DEMO
LOC00262,SUP00262,LOCATION_AFFECTS_SUPPLIER,0.5638,SYNTHETIC_DEMO
LOC00263,SUP00263,LOCATION_AFFECTS_SUPPLIER,0.9653,SYNTHETIC_DEMO
LOC00264,SUP00264,LOCATION_AFFECTS_SUPPLIER,0.8886,SYNTHETIC_DEMO
LOC00265,SUP00265,LOCATION_AFFECTS_SUPPLIER,0.7819,SYNTHETIC_DEMO
LOC00266,SUP00266,LOCATION_AFFECTS_SUPPLIER,0.6145,SYNTHETIC_DEMO
LOC00267,SUP00267,LOCATION_AFFECTS_SUPPLIER,0.8481,SYNTHETIC_DEMO
LOC00268,SUP00268,LOCATION_AFFECTS_SUPPLIER,0.8455,SYNTHETIC_DEMO
LOC00269,SUP00269,LOCATION_AFFECTS_SUPPLIER,0.5614,SYNTHETIC_DEMO
LOC00270,SUP00270,LOCATION_AFFECTS_SUPPLIER,0.5418,SYNTHETIC_DEMO
LOC00271,SUP00271,LOCATION_AFFECTS_SUPPLIER,0.8762,SYNTHETIC_DEMO
LOC00272,SUP00272,LOCATION_AFFECTS_SUPPLIER,0.5096,SYNTHETIC_DEMO
LOC00273,SUP00273,LOCATION_AFFECTS_SUPPLIER,0.6559,SYNTHETIC_DEMO
LOC00274,SUP00274,LOCATION_AFFECTS_SUPPLIER,0.8237,SYNTHETIC_DEMO
LOC00275,SUP00275,LOCATION_AFFECTS_SUPPLIER,0.7441,SYNTHETIC_DEMO
LOC00276,SUP00276,LOCATION_AFFECTS_SUPPLIER,0.7978,SYNTHETIC_DEMO
LOC00277,SUP00277,LOCATION_AFFECTS_SUPPLIER,0.5728,SYNTHETIC_DEMO
LOC00278,SUP00278,LOCATION_AFFECTS_SUPPLIER,0.9996,SYNTHETIC_DEMO
LOC00279,SUP00279,LOCATION_AFFECTS_SUPPLIER,0.921,SYNTHETIC_DEMO
LOC00280,SUP00280,LOCATION_AFFECTS_SUPPLIER,0.9837,SYNTHETIC_DEMO
LOC00281,SUP00281,LOCATION_AFFECTS_SUPPLIER,0.7112,SYNTHETIC_DEMO
LOC00282,SUP00282,LOCATION_AFFECTS_SUPPLIER,0.4105,SYNTHETIC_DEMO
LOC00283,SUP00283,LOCATION_AFFECTS_SUPPLIER,0.9465,SYNTHETIC_DEMO
LOC00284,SUP00284,LOCATION_AFFECTS_SUPPLIER,0.6033,SYNTHETIC_DEMO
LOC00285,SUP00285,LOCATION_AFFECTS_SUPPLIER,0.8371,SYNTHETIC_DEMO
LOC00286,SUP00286,LOCATION_AFFECTS_SUPPLIER,0.7564,SYNTHETIC_DEMO
LOC00287,SUP00287,LOCATION_AFFECTS_SUPPLIER,0.8189,SYNTHETIC_DEMO
LOC00288,SUP00288,LOCATION_AFFECTS_SUPPLIER,0.4158,SYNTHETIC_DEMO
LOC00289,SUP00289,LOCATION_AFFECTS_SUPPLIER,0.7276,SYNTHETIC_DEMO
LOC00290,SUP00290,LOCATION_AFFECTS_SUPPLIER,0.7844,SYNTHETIC_DEMO
LOC00291,SUP00291,LOCATION_AFFECTS_SUPPLIER,0.9132,SYNTHETIC_DEMO
LOC00292,SUP00292,LOCATION_AFFECTS_SUPPLIER,0.923,SYNTHETIC_DEMO
LOC00293,SUP00293,LOCATION_AFFECTS_SUPPLIER,0.4704,SYNTHETIC_DEMO
LOC00294,SUP00294,LOCATION_AFFECTS_SUPPLIER,0.6198,SYNTHETIC_DEMO
LOC00295,SUP00295,LOCATION_AFFECTS_SUPPLIER,0.6659,SYNTHETIC_DEMO
LOC00296,SUP00296,LOCATION_AFFECTS_SUPPLIER,0.9816,SYNTHETIC_DEMO
LOC00297,SUP00297,LOCATION_AFFECTS_SUPPLIER,0.7629,SYNTHETIC_DEMO
LOC00298,SUP00298,LOCATION_AFFECTS_SUPPLIER,0.447,SYNTHETIC_DEMO
LOC00299,SUP00299,LOCATION_AFFECTS_SUPPLIER,0.7695,SYNTHETIC_DEMO
LOC00300,SUP00300,LOCATION_AFFECTS_SUPPLIER,0.7295,SYNTHETIC_DEMO
LOC00301,SUP00301,LOCATION_AFFECTS_SUPPLIER,0.8975,SYNTHETIC_DEMO
LOC00302,SUP00302,LOCATION_AFFECTS_SUPPLIER,0.7139,SYNTHETIC_DEMO
LOC00303,SUP00303,LOCATION_AFFECTS_SUPPLIER,0.8369,SYNTHETIC_DEMO
LOC00304,SUP00304,LOCATION_AFFECTS_SUPPLIER,0.879,SYNTHETIC_DEMO
LOC00305,SUP00305,LOCATION_AFFECTS_SUPPLIER,0.4746,SYNTHETIC_DEMO
LOC00306,SUP00306,LOCATION_AFFECTS_SUPPLIER,0.885,SYNTHETIC_DEMO
LOC00307,SUP00307,LOCATION_AFFECTS_SUPPLIER,0.7395,SYNTHETIC_DEMO
LOC00308,SUP00308,LOCATION_AFFECTS_SUPPLIER,0.9035,SYNTHETIC_DEMO
LOC00309,SUP00309,LOCATION_AFFECTS_SUPPLIER,0.5662,SYNTHETIC_DEMO
LOC00310,SUP00310,LOCATION_AFFECTS_SUPPLIER,0.7355,SYNTHETIC_DEMO
LOC00311,SUP00311,LOCATION_AFFECTS_SUPPLIER,0.413,SYNTHETIC_DEMO
LOC00312,SUP00312,LOCATION_AFFECTS_SUPPLIER,0.9383,SYNTHETIC_DEMO
LOC00313,SUP00313,LOCATION_AFFECTS_SUPPLIER,0.9526,SYNTHETIC_DEMO
LOC00314,SUP00314,LOCATION_AFFECTS_SUPPLIER,0.9986,SYNTHETIC_DEMO
LOC00315,SUP00315,LOCATION_AFFECTS_SUPPLIER,0.4397,SYNTHETIC_DEMO
LOC00316,SUP00316,LOCATION_AFFECTS_SUPPLIER,0.8144,SYNTHETIC_DEMO
LOC00317,SUP00317,LOCATION_AFFECTS_SUPPLIER,0.5528,SYNTHETIC_DEMO
LOC00318,SUP00318,LOCATION_AFFECTS_SUPPLIER,0.8181,SYNTHETIC_DEMO
LOC00319,SUP00319,LOCATION_AFFECTS_SUPPLIER,0.9478,SYNTHETIC_DEMO
LOC00320,SUP00320,LOCATION_AFFECTS_SUPPLIER,0.8654,SYNTHETIC_DEMO
LOC00321,SUP00321,LOCATION_AFFECTS_SUPPLIER,0.9754,SYNTHETIC_DEMO
LOC00322,SUP00322,LOCATION_AFFECTS_SUPPLIER,0.6687,SYNTHETIC_DEMO
LOC00323,SUP00323,LOCATION_AFFECTS_SUPPLIER,0.9567,SYNTHETIC_DEMO
LOC00324,SUP00324,LOCATION_AFFECTS_SUPPLIER,0.9944,SYNTHETIC_DEMO
LOC00325,SUP00325,LOCATION_AFFECTS_SUPPLIER,0.8266,SYNTHETIC_DEMO
LOC00326,SUP00326,LOCATION_AFFECTS_SUPPLIER,0.4215,SYNTHETIC_DEMO
LOC00327,SUP00327,LOCATION_AFFECTS_SUPPLIER,0.9544,SYNTHETIC_DEMO
LOC00328,SUP00328,LOCATION_AFFECTS_SUPPLIER,0.6122,SYNTHETIC_DEMO
LOC00329,SUP00329,LOCATION_AFFECTS_SUPPLIER,0.4131,SYNTHETIC_DEMO
LOC00330,SUP00330,LOCATION_AFFECTS_SUPPLIER,0.4522,SYNTHETIC_DEMO
LOC00331,SUP00331,LOCATION_AFFECTS_SUPPLIER,0.8853,SYNTHETIC_DEMO
LOC00332,SUP00332,LOCATION_AFFECTS_SUPPLIER,0.9011,SYNTHETIC_DEMO
LOC00333,SUP00333,LOCATION_AFFECTS_SUPPLIER,0.8752,SYNTHETIC_DEMO
LOC00334,SUP00334,LOCATION_AFFECTS_SUPPLIER,0.5296,SYNTHETIC_DEMO
LOC00335,SUP00335,LOCATION_AFFECTS_SUPPLIER,0.7728,SYNTHETIC_DEMO
LOC00336,SUP00336,LOCATION_AFFECTS_SUPPLIER,0.916,SYNTHETIC_DEMO
LOC00337,SUP00337,LOCATION_AFFECTS_SUPPLIER,0.7185,SYNTHETIC_DEMO
LOC00338,SUP00338,LOCATION_AFFECTS_SUPPLIER,0.7328,SYNTHETIC_DEMO
LOC00339,SUP00339,LOCATION_AFFECTS_SUPPLIER,0.7529,SYNTHETIC_DEMO
LOC00340,SUP00340,LOCATION_AFFECTS_SUPPLIER,0.6989,SYNTHETIC_DEMO
LOC00341,SUP00341,LOCATION_AFFECTS_SUPPLIER,0.5338,SYNTHETIC_DEMO
LOC00342,SUP00342,LOCATION_AFFECTS_SUPPLIER,0.8834,SYNTHETIC_DEMO
LOC00343,SUP00343,LOCATION_AFFECTS_SUPPLIER,0.9179,SYNTHETIC_DEMO
LOC00344,SUP00344,LOCATION_AFFECTS_SUPPLIER,0.8605,SYNTHETIC_DEMO
LOC00345,SUP00345,LOCATION_AFFECTS_SUPPLIER,0.7013,SYNTHETIC_DEMO
LOC00346,SUP00346,LOCATION_AFFECTS_SUPPLIER,0.5156,SYNTHETIC_DEMO
LOC00347,SUP00347,LOCATION_AFFECTS_SUPPLIER,0.5103,SYNTHETIC_DEMO
LOC00348,SUP00348,LOCATION_AFFECTS_SUPPLIER,0.5959,SYNTHETIC_DEMO
LOC00349,SUP00349,LOCATION_AFFECTS_SUPPLIER,0.573,SYNTHETIC_DEMO
LOC00350,SUP00350,LOCATION_AFFECTS_SUPPLIER,0.9422,SYNTHETIC_DEMO
LOC00351,SUP00351,LOCATION_AFFECTS_SUPPLIER,0.8976,SYNTHETIC_DEMO
LOC00352,SUP00352,LOCATION_AFFECTS_SUPPLIER,0.6371,SYNTHETIC_DEMO
LOC00353,SUP00353,LOCATION_AFFECTS_SUPPLIER,0.4815,SYNTHETIC_DEMO
LOC00354,SUP00354,LOCATION_AFFECTS_SUPPLIER,0.6415,SYNTHETIC_DEMO
LOC00355,SUP00355,LOCATION_AFFECTS_SUPPLIER,0.4101,SYNTHETIC_DEMO
LOC00356,SUP00356,LOCATION_AFFECTS_SUPPLIER,0.8901,SYNTHETIC_DEMO
LOC00357,SUP00357,LOCATION_AFFECTS_SUPPLIER,0.5029,SYNTHETIC_DEMO
LOC00358,SUP00358,LOCATION_AFFECTS_SUPPLIER,0.9797,SYNTHETIC_DEMO
LOC00359,SUP00359,LOCATION_AFFECTS_SUPPLIER,0.8642,SYNTHETIC_DEMO
LOC00360,SUP00360,LOCATION_AFFECTS_SUPPLIER,0.9167,SYNTHETIC_DEMO
LOC00361,SUP00361,LOCATION_AFFECTS_SUPPLIER,0.5854,SYNTHETIC_DEMO
LOC00362,SUP00362,LOCATION_AFFECTS_SUPPLIER,0.5025,SYNTHETIC_DEMO
LOC00363,SUP00363,LOCATION_AFFECTS_SUPPLIER,0.9185,SYNTHETIC_DEMO
LOC00364,SUP00364,LOCATION_AFFECTS_SUPPLIER,0.8109,SYNTHETIC_DEMO
LOC00365,SUP00365,LOCATION_AFFECTS_SUPPLIER,0.5263,SYNTHETIC_DEMO
LOC00366,SUP00366,LOCATION_AFFECTS_SUPPLIER,0.9867,SYNTHETIC_DEMO
LOC00367,SUP00367,LOCATION_AFFECTS_SUPPLIER,0.5717,SYNTHETIC_DEMO
LOC00368,SUP00368,LOCATION_AFFECTS_SUPPLIER,0.4167,SYNTHETIC_DEMO
LOC00369,SUP00369,LOCATION_AFFECTS_SUPPLIER,0.8614,SYNTHETIC_DEMO
LOC00370,SUP00370,LOCATION_AFFECTS_SUPPLIER,0.4825,SYNTHETIC_DEMO
LOC00371,SUP00371,LOCATION_AFFECTS_SUPPLIER,0.5969,SYNTHETIC_DEMO
LOC00372,SUP00372,LOCATION_AFFECTS_SUPPLIER,0.5445,SYNTHETIC_DEMO
LOC00373,SUP00373,LOCATION_AFFECTS_SUPPLIER,0.9597,SYNTHETIC_DEMO
LOC00374,SUP00374,LOCATION_AFFECTS_SUPPLIER,0.6053,SYNTHETIC_DEMO
LOC00375,SUP00375,LOCATION_AFFECTS_SUPPLIER,0.9804,SYNTHETIC_DEMO
LOC00376,SUP00376,LOCATION_AFFECTS_SUPPLIER,0.7998,SYNTHETIC_DEMO
LOC00377,SUP00377,LOCATION_AFFECTS_SUPPLIER,0.8792,SYNTHETIC_DEMO
LOC00378,SUP00378,LOCATION_AFFECTS_SUPPLIER,0.5207,SYNTHETIC_DEMO
LOC00379,SUP00379,LOCATION_AFFECTS_SUPPLIER,0.405,SYNTHETIC_DEMO
LOC00380,SUP00380,LOCATION_AFFECTS_SUPPLIER,0.5841,SYNTHETIC_DEMO
LOC00381,SUP00381,LOCATION_AFFECTS_SUPPLIER,0.4793,SYNTHETIC_DEMO
LOC00382,SUP00382,LOCATION_AFFECTS_SUPPLIER,0.4872,SYNTHETIC_DEMO
LOC00383,SUP00383,LOCATION_AFFECTS_SUPPLIER,0.6457,SYNTHETIC_DEMO
LOC00384,SUP00384,LOCATION_AFFECTS_SUPPLIER,0.9203,SYNTHETIC_DEMO
LOC00385,SUP00385,LOCATION_AFFECTS_SUPPLIER,0.8638,SYNTHETIC_DEMO
LOC00386,SUP00386,LOCATION_AFFECTS_SUPPLIER,0.8333,SYNTHETIC_DEMO
LOC00387,SUP00387,LOCATION_AFFECTS_SUPPLIER,0.9958,SYNTHETIC_DEMO
LOC00388,SUP00388,LOCATION_AFFECTS_SUPPLIER,0.7125,SYNTHETIC_DEMO
LOC00389,SUP00389,LOCATION_AFFECTS_SUPPLIER,0.738,SYNTHETIC_DEMO
LOC00390,SUP00390,LOCATION_AFFECTS_SUPPLIER,0.986,SYNTHETIC_DEMO
LOC00391,SUP00391,LOCATION_AFFECTS_SUPPLIER,0.4504,SYNTHETIC_DEMO
LOC00392,SUP00392,LOCATION_AFFECTS_SUPPLIER,0.9553,SYNTHETIC_DEMO
LOC00393,SUP00393,LOCATION_AFFECTS_SUPPLIER,0.9585,SYNTHETIC_DEMO
LOC00394,SUP00394,LOCATION_AFFECTS_SUPPLIER,0.8852,SYNTHETIC_DEMO
LOC00395,SUP00395,LOCATION_AFFECTS_SUPPLIER,0.9814,SYNTHETIC_DEMO
LOC00396,SUP00396,LOCATION_AFFECTS_SUPPLIER,0.7067,SYNTHETIC_DEMO
LOC00397,SUP00397,LOCATION_AFFECTS_SUPPLIER,0.9114,SYNTHETIC_DEMO
LOC00398,SUP00398,LOCATION_AFFECTS_SUPPLIER,0.9142,SYNTHETIC_DEMO
LOC00399,SUP00399,LOCATION_AFFECTS_SUPPLIER,0.9802,SYNTHETIC_DEMO
LOC00400,SUP00400,LOCATION_AFFECTS_SUPPLIER,0.6912,SYNTHETIC_DEMO
LOC00401,SUP00401,LOCATION_AFFECTS_SUPPLIER,0.4808,SYNTHETIC_DEMO
LOC00402,SUP00402,LOCATION_AFFECTS_SUPPLIER,0.791,SYNTHETIC_DEMO
LOC00403,SUP00403,LOCATION_AFFECTS_SUPPLIER,0.7079,SYNTHETIC_DEMO
LOC00404,SUP00404,LOCATION_AFFECTS_SUPPLIER,0.4185,SYNTHETIC_DEMO
LOC00405,SUP00405,LOCATION_AFFECTS_SUPPLIER,0.4887,SYNTHETIC_DEMO
LOC00406,SUP00406,LOCATION_AFFECTS_SUPPLIER,0.8583,SYNTHETIC_DEMO
LOC00407,SUP00407,LOCATION_AFFECTS_SUPPLIER,0.7123,SYNTHETIC_DEMO
LOC00408,SUP00408,LOCATION_AFFECTS_SUPPLIER,0.7537,SYNTHETIC_DEMO
LOC00409,SUP00409,LOCATION_AFFECTS_SUPPLIER,0.8674,SYNTHETIC_DEMO
LOC00410,SUP00410,LOCATION_AFFECTS_SUPPLIER,0.9994,SYNTHETIC_DEMO
LOC00411,SUP00411,LOCATION_AFFECTS_SUPPLIER,0.8595,SYNTHETIC_DEMO
LOC00412,SUP00412,LOCATION_AFFECTS_SUPPLIER,0.9651,SYNTHETIC_DEMO
LOC00413,SUP00413,LOCATION_AFFECTS_SUPPLIER,0.5864,SYNTHETIC_DEMO
LOC00414,SUP00414,LOCATION_AFFECTS_SUPPLIER,0.8224,SYNTHETIC_DEMO
LOC00415,SUP00415,LOCATION_AFFECTS_SUPPLIER,0.4658,SYNTHETIC_DEMO
LOC00416,SUP00416,LOCATION_AFFECTS_SUPPLIER,0.5767,SYNTHETIC_DEMO
LOC00417,SUP00417,LOCATION_AFFECTS_SUPPLIER,0.9165,SYNTHETIC_DEMO
LOC00418,SUP00418,LOCATION_AFFECTS_SUPPLIER,0.8943,SYNTHETIC_DEMO
LOC00419,SUP00419,LOCATION_AFFECTS_SUPPLIER,0.4705,SYNTHETIC_DEMO
LOC00420,SUP00420,LOCATION_AFFECTS_SUPPLIER,0.6094,SYNTHETIC_DEMO
LOC00421,SUP00421,LOCATION_AFFECTS_SUPPLIER,0.472,SYNTHETIC_DEMO
LOC00422,SUP00422,LOCATION_AFFECTS_SUPPLIER,0.6658,SYNTHETIC_DEMO
LOC00423,SUP00423,LOCATION_AFFECTS_SUPPLIER,0.5472,SYNTHETIC_DEMO
LOC00424,SUP00424,LOCATION_AFFECTS_SUPPLIER,0.6025,SYNTHETIC_DEMO
LOC00425,SUP00425,LOCATION_AFFECTS_SUPPLIER,0.7209,SYNTHETIC_DEMO
LOC00426,SUP00426,LOCATION_AFFECTS_SUPPLIER,0.5174,SYNTHETIC_DEMO
LOC00427,SUP00427,LOCATION_AFFECTS_SUPPLIER,0.5997,SYNTHETIC_DEMO
LOC00428,SUP00428,LOCATION_AFFECTS_SUPPLIER,0.8474,SYNTHETIC_DEMO
LOC00429,SUP00429,LOCATION_AFFECTS_SUPPLIER,0.9567,SYNTHETIC_DEMO
LOC00430,SUP00430,LOCATION_AFFECTS_SUPPLIER,0.4747,SYNTHETIC_DEMO
LOC00431,SUP00431,LOCATION_AFFECTS_SUPPLIER,0.6497,SYNTHETIC_DEMO
LOC00432,SUP00432,LOCATION_AFFECTS_SUPPLIER,0.7551,SYNTHETIC_DEMO
LOC00433,SUP00433,LOCATION_AFFECTS_SUPPLIER,0.6506,SYNTHETIC_DEMO
LOC00434,SUP00434,LOCATION_AFFECTS_SUPPLIER,0.4282,SYNTHETIC_DEMO
LOC00435,SUP00435,LOCATION_AFFECTS_SUPPLIER,0.9666,SYNTHETIC_DEMO
LOC00436,SUP00436,LOCATION_AFFECTS_SUPPLIER,0.8284,SYNTHETIC_DEMO
LOC00437,SUP00437,LOCATION_AFFECTS_SUPPLIER,0.4653,SYNTHETIC_DEMO
LOC00438,SUP00438,LOCATION_AFFECTS_SUPPLIER,0.7567,SYNTHETIC_DEMO
LOC00439,SUP00439,LOCATION_AFFECTS_SUPPLIER,0.5749,SYNTHETIC_DEMO
LOC00440,SUP00440,LOCATION_AFFECTS_SUPPLIER,0.508,SYNTHETIC_DEMO
LOC00441,SUP00441,LOCATION_AFFECTS_SUPPLIER,0.4977,SYNTHETIC_DEMO
LOC00442,SUP00442,LOCATION_AFFECTS_SUPPLIER,0.6077,SYNTHETIC_DEMO
LOC00443,SUP00443,LOCATION_AFFECTS_SUPPLIER,0.8018,SYNTHETIC_DEMO
LOC00444,SUP00444,LOCATION_AFFECTS_SUPPLIER,0.9615,SYNTHETIC_DEMO
LOC00445,SUP00445,LOCATION_AFFECTS_SUPPLIER,0.8713,SYNTHETIC_DEMO
LOC00446,SUP00446,LOCATION_AFFECTS_SUPPLIER,0.5308,SYNTHETIC_DEMO
LOC00447,SUP00447,LOCATION_AFFECTS_SUPPLIER,0.7703,SYNTHETIC_DEMO
LOC00448,SUP00448,LOCATION_AFFECTS_SUPPLIER,0.9032,SYNTHETIC_DEMO
LOC00449,SUP00449,LOCATION_AFFECTS_SUPPLIER,0.5634,SYNTHETIC_DEMO
LOC00450,SUP00450,LOCATION_AFFECTS_SUPPLIER,0.4626,SYNTHETIC_DEMO
LOC00451,SUP00451,LOCATION_AFFECTS_SUPPLIER,0.5788,SYNTHETIC_DEMO
LOC00452,SUP00452,LOCATION_AFFECTS_SUPPLIER,0.5158,SYNTHETIC_DEMO
LOC00453,SUP00453,LOCATION_AFFECTS_SUPPLIER,0.5207,SYNTHETIC_DEMO
LOC00454,SUP00454,LOCATION_AFFECTS_SUPPLIER,0.929,SYNTHETIC_DEMO
LOC00455,SUP00455,LOCATION_AFFECTS_SUPPLIER,0.987,SYNTHETIC_DEMO
LOC00456,SUP00456,LOCATION_AFFECTS_SUPPLIER,0.8633,SYNTHETIC_DEMO
LOC00457,SUP00457,LOCATION_AFFECTS_SUPPLIER,0.8896,SYNTHETIC_DEMO
LOC00458,SUP00458,LOCATION_AFFECTS_SUPPLIER,0.769,SYNTHETIC_DEMO
LOC00459,SUP00459,LOCATION_AFFECTS_SUPPLIER,0.8261,SYNTHETIC_DEMO
LOC00460,SUP00460,LOCATION_AFFECTS_SUPPLIER,0.8867,SYNTHETIC_DEMO
LOC00461,SUP00461,LOCATION_AFFECTS_SUPPLIER,0.6211,SYNTHETIC_DEMO
LOC00462,SUP00462,LOCATION_AFFECTS_SUPPLIER,0.4952,SYNTHETIC_DEMO
LOC00463,SUP00463,LOCATION_AFFECTS_SUPPLIER,0.5186,SYNTHETIC_DEMO
LOC00464,SUP00464,LOCATION_AFFECTS_SUPPLIER,0.9001,SYNTHETIC_DEMO
LOC00465,SUP00465,LOCATION_AFFECTS_SUPPLIER,0.6951,SYNTHETIC_DEMO
LOC00466,SUP00466,LOCATION_AFFECTS_SUPPLIER,0.4839,SYNTHETIC_DEMO
LOC00467,SUP00467,LOCATION_AFFECTS_SUPPLIER,0.427,SYNTHETIC_DEMO
LOC00468,SUP00468,LOCATION_AFFECTS_SUPPLIER,0.5206,SYNTHETIC_DEMO
LOC00469,SUP00469,LOCATION_AFFECTS_SUPPLIER,0.8653,SYNTHETIC_DEMO
LOC00470,SUP00470,LOCATION_AFFECTS_SUPPLIER,0.4269,SYNTHETIC_DEMO
LOC00471,SUP00471,LOCATION_AFFECTS_SUPPLIER,0.9911,SYNTHETIC_DEMO
LOC00472,SUP00472,LOCATION_AFFECTS_SUPPLIER,0.7626,SYNTHETIC_DEMO
LOC00473,SUP00473,LOCATION_AFFECTS_SUPPLIER,0.6976,SYNTHETIC_DEMO
LOC00474,SUP00474,LOCATION_AFFECTS_SUPPLIER,0.8043,SYNTHETIC_DEMO
LOC00475,SUP00475,LOCATION_AFFECTS_SUPPLIER,0.6218,SYNTHETIC_DEMO
LOC00476,SUP00476,LOCATION_AFFECTS_SUPPLIER,0.8717,SYNTHETIC_DEMO
LOC00477,SUP00477,LOCATION_AFFECTS_SUPPLIER,0.4201,SYNTHETIC_DEMO
LOC00478,SUP00478,LOCATION_AFFECTS_SUPPLIER,0.6611,SYNTHETIC_DEMO
LOC00479,SUP00479,LOCATION_AFFECTS_SUPPLIER,0.4529,SYNTHETIC_DEMO
LOC00480,SUP00480,LOCATION_AFFECTS_SUPPLIER,0.506,SYNTHETIC_DEMO
LOC00481,SUP00481,LOCATION_AFFECTS_SUPPLIER,0.7449,SYNTHETIC_DEMO
LOC00482,SUP00482,LOCATION_AFFECTS_SUPPLIER,0.6937,SYNTHETIC_DEMO
LOC00483,SUP00483,LOCATION_AFFECTS_SUPPLIER,0.5161,SYNTHETIC_DEMO
LOC00484,SUP00484,LOCATION_AFFECTS_SUPPLIER,0.7263,SYNTHETIC_DEMO
LOC00485,SUP00485,LOCATION_AFFECTS_SUPPLIER,0.9659,SYNTHETIC_DEMO
LOC00486,SUP00486,LOCATION_AFFECTS_SUPPLIER,0.5016,SYNTHETIC_DEMO
LOC00487,SUP00487,LOCATION_AFFECTS_SUPPLIER,0.525,SYNTHETIC_DEMO
LOC00488,SUP00488,LOCATION_AFFECTS_SUPPLIER,0.4746,SYNTHETIC_DEMO
LOC00489,SUP00489,LOCATION_AFFECTS_SUPPLIER,0.7073,SYNTHETIC_DEMO
LOC00490,SUP00490,LOCATION_AFFECTS_SUPPLIER,0.6927,SYNTHETIC_DEMO
LOC00491,SUP00491,LOCATION_AFFECTS_SUPPLIER,0.6287,SYNTHETIC_DEMO
LOC00492,SUP00492,LOCATION_AFFECTS_SUPPLIER,0.6344,SYNTHETIC_DEMO
LOC00493,SUP00493,LOCATION_AFFECTS_SUPPLIER,0.4349,SYNTHETIC_DEMO
LOC00494,SUP00494,LOCATION_AFFECTS_SUPPLIER,0.6687,SYNTHETIC_DEMO
LOC00495,SUP00495,LOCATION_AFFECTS_SUPPLIER,0.5427,SYNTHETIC_DEMO
LOC00496,SUP00496,LOCATION_AFFECTS_SUPPLIER,0.5416,SYNTHETIC_DEMO
LOC00497,SUP00497,LOCATION_AFFECTS_SUPPLIER,0.4642,SYNTHETIC_DEMO
LOC00498,SUP00498,LOCATION_AFFECTS_SUPPLIER,0.8654,SYNTHETIC_DEMO
LOC00499,SUP00499,LOCATION_AFFECTS_SUPPLIER,0.6951,SYNTHETIC_DEMO
LOC00500,SUP00500,LOCATION_AFFECTS_SUPPLIER,0.6123,SYNTHETIC_DEMO
LOC00501,SUP00501,LOCATION_AFFECTS_SUPPLIER,0.9699,SYNTHETIC_DEMO
LOC00502,SUP00502,LOCATION_AFFECTS_SUPPLIER,0.6904,SYNTHETIC_DEMO
LOC00503,SUP00503,LOCATION_AFFECTS_SUPPLIER,0.8165,SYNTHETIC_DEMO
LOC00504,SUP00504,LOCATION_AFFECTS_SUPPLIER,0.8426,SYNTHETIC_DEMO
LOC00505,SUP00505,LOCATION_AFFECTS_SUPPLIER,0.46,SYNTHETIC_DEMO
LOC00506,SUP00506,LOCATION_AFFECTS_SUPPLIER,0.8124,SYNTHETIC_DEMO
LOC00507,SUP00507,LOCATION_AFFECTS_SUPPLIER,0.4786,SYNTHETIC_DEMO
LOC00508,SUP00508,LOCATION_AFFECTS_SUPPLIER,0.7937,SYNTHETIC_DEMO
LOC00509,SUP00509,LOCATION_AFFECTS_SUPPLIER,0.4893,SYNTHETIC_DEMO
LOC00510,SUP00510,LOCATION_AFFECTS_SUPPLIER,0.5848,SYNTHETIC_DEMO
LOC00511,SUP00511,LOCATION_AFFECTS_SUPPLIER,0.6241,SYNTHETIC_DEMO
LOC00512,SUP00512,LOCATION_AFFECTS_SUPPLIER,0.9613,SYNTHETIC_DEMO
LOC00513,SUP00513,LOCATION_AFFECTS_SUPPLIER,0.9219,SYNTHETIC_DEMO
LOC00514,SUP00514,LOCATION_AFFECTS_SUPPLIER,0.4286,SYNTHETIC_DEMO
LOC00515,SUP00515,LOCATION_AFFECTS_SUPPLIER,0.7355,SYNTHETIC_DEMO
LOC00516,SUP00516,LOCATION_AFFECTS_SUPPLIER,0.5092,SYNTHETIC_DEMO
LOC00517,SUP00517,LOCATION_AFFECTS_SUPPLIER,0.7675,SYNTHETIC_DEMO
LOC00518,SUP00518,LOCATION_AFFECTS_SUPPLIER,0.7822,SYNTHETIC_DEMO
LOC00519,SUP00519,LOCATION_AFFECTS_SUPPLIER,0.899,SYNTHETIC_DEMO
LOC00520,SUP00520,LOCATION_AFFECTS_SUPPLIER,0.9502,SYNTHETIC_DEMO
LOC00521,SUP00521,LOCATION_AFFECTS_SUPPLIER,0.7778,SYNTHETIC_DEMO
LOC00522,SUP00522,LOCATION_AFFECTS_SUPPLIER,0.5036,SYNTHETIC_DEMO
LOC00523,SUP00523,LOCATION_AFFECTS_SUPPLIER,0.416,SYNTHETIC_DEMO
LOC00524,SUP00524,LOCATION_AFFECTS_SUPPLIER,0.591,SYNTHETIC_DEMO
LOC00525,SUP00525,LOCATION_AFFECTS_SUPPLIER,0.5555,SYNTHETIC_DEMO
LOC00526,SUP00526,LOCATION_AFFECTS_SUPPLIER,0.4556,SYNTHETIC_DEMO
LOC00527,SUP00527,LOCATION_AFFECTS_SUPPLIER,0.8126,SYNTHETIC_DEMO
LOC00528,SUP00528,LOCATION_AFFECTS_SUPPLIER,0.8004,SYNTHETIC_DEMO
LOC00529,SUP00529,LOCATION_AFFECTS_SUPPLIER,0.8154,SYNTHETIC_DEMO
LOC00530,SUP00530,LOCATION_AFFECTS_SUPPLIER,0.7079,SYNTHETIC_DEMO
LOC00531,SUP00531,LOCATION_AFFECTS_SUPPLIER,0.7026,SYNTHETIC_DEMO
LOC00532,SUP00532,LOCATION_AFFECTS_SUPPLIER,0.542,SYNTHETIC_DEMO
LOC00533,SUP00533,LOCATION_AFFECTS_SUPPLIER,0.4197,SYNTHETIC_DEMO
LOC00534,SUP00534,LOCATION_AFFECTS_SUPPLIER,0.4497,SYNTHETIC_DEMO
LOC00535,SUP00535,LOCATION_AFFECTS_SUPPLIER,0.7738,SYNTHETIC_DEMO
LOC00536,SUP00536,LOCATION_AFFECTS_SUPPLIER,0.9793,SYNTHETIC_DEMO
LOC00537,SUP00537,LOCATION_AFFECTS_SUPPLIER,0.4366,SYNTHETIC_DEMO
LOC00538,SUP00538,LOCATION_AFFECTS_SUPPLIER,0.7685,SYNTHETIC_DEMO
LOC00539,SUP00539,LOCATION_AFFECTS_SUPPLIER,0.788,SYNTHETIC_DEMO
LOC00540,SUP00540,LOCATION_AFFECTS_SUPPLIER,0.8117,SYNTHETIC_DEMO
LOC00541,SUP00541,LOCATION_AFFECTS_SUPPLIER,0.7573,SYNTHETIC_DEMO
LOC00542,SUP00542,LOCATION_AFFECTS_SUPPLIER,0.4334,SYNTHETIC_DEMO
LOC00543,SUP00543,LOCATION_AFFECTS_SUPPLIER,0.968,SYNTHETIC_DEMO
LOC00544,SUP00544,LOCATION_AFFECTS_SUPPLIER,0.4441,SYNTHETIC_DEMO
LOC00545,SUP00545,LOCATION_AFFECTS_SUPPLIER,0.9765,SYNTHETIC_DEMO
LOC00546,SUP00546,LOCATION_AFFECTS_SUPPLIER,0.4701,SYNTHETIC_DEMO
LOC00547,SUP00547,LOCATION_AFFECTS_SUPPLIER,0.6119,SYNTHETIC_DEMO
LOC00548,SUP00548,LOCATION_AFFECTS_SUPPLIER,0.8364,SYNTHETIC_DEMO
LOC00549,SUP00549,LOCATION_AFFECTS_SUPPLIER,0.7972,SYNTHETIC_DEMO
LOC00550,SUP00550,LOCATION_AFFECTS_SUPPLIER,0.5718,SYNTHETIC_DEMO
LOC00551,SUP00551,LOCATION_AFFECTS_SUPPLIER,0.5443,SYNTHETIC_DEMO
LOC00552,SUP00552,LOCATION_AFFECTS_SUPPLIER,0.5801,SYNTHETIC_DEMO
LOC00553,SUP00553,LOCATION_AFFECTS_SUPPLIER,0.5895,SYNTHETIC_DEMO
LOC00554,SUP00554,LOCATION_AFFECTS_SUPPLIER,0.7714,SYNTHETIC_DEMO
LOC00555,SUP00555,LOCATION_AFFECTS_SUPPLIER,0.6509,SYNTHETIC_DEMO
LOC00556,SUP00556,LOCATION_AFFECTS_SUPPLIER,0.8618,SYNTHETIC_DEMO
LOC00557,SUP00557,LOCATION_AFFECTS_SUPPLIER,0.45,SYNTHETIC_DEMO
LOC00558,SUP00558,LOCATION_AFFECTS_SUPPLIER,0.7063,SYNTHETIC_DEMO
LOC00559,SUP00559,LOCATION_AFFECTS_SUPPLIER,0.8877,SYNTHETIC_DEMO
LOC00560,SUP00560,LOCATION_AFFECTS_SUPPLIER,0.4653,SYNTHETIC_DEMO
LOC00561,SUP00561,LOCATION_AFFECTS_SUPPLIER,0.4368,SYNTHETIC_DEMO
LOC00562,SUP00562,LOCATION_AFFECTS_SUPPLIER,0.4967,SYNTHETIC_DEMO
LOC00563,SUP00563,LOCATION_AFFECTS_SUPPLIER,0.9095,SYNTHETIC_DEMO
LOC00564,SUP00564,LOCATION_AFFECTS_SUPPLIER,0.8975,SYNTHETIC_DEMO
LOC00565,SUP00565,LOCATION_AFFECTS_SUPPLIER,0.9487,SYNTHETIC_DEMO
LOC00566,SUP00566,LOCATION_AFFECTS_SUPPLIER,0.632,SYNTHETIC_DEMO
LOC00567,SUP00567,LOCATION_AFFECTS_SUPPLIER,0.7658,SYNTHETIC_DEMO
LOC00568,SUP00568,LOCATION_AFFECTS_SUPPLIER,0.7107,SYNTHETIC_DEMO
LOC00569,SUP00569,LOCATION_AFFECTS_SUPPLIER,0.4885,SYNTHETIC_DEMO
LOC00570,SUP00570,LOCATION_AFFECTS_SUPPLIER,0.6551,SYNTHETIC_DEMO
LOC00571,SUP00571,LOCATION_AFFECTS_SUPPLIER,0.4148,SYNTHETIC_DEMO
LOC00572,SUP00572,LOCATION_AFFECTS_SUPPLIER,0.463,SYNTHETIC_DEMO
LOC00573,SUP00573,LOCATION_AFFECTS_SUPPLIER,0.8729,SYNTHETIC_DEMO
LOC00574,SUP00574,LOCATION_AFFECTS_SUPPLIER,0.5087,SYNTHETIC_DEMO
LOC00575,SUP00575,LOCATION_AFFECTS_SUPPLIER,0.8935,SYNTHETIC_DEMO
LOC00576,SUP00576,LOCATION_AFFECTS_SUPPLIER,0.7269,SYNTHETIC_DEMO
LOC00577,SUP00577,LOCATION_AFFECTS_SUPPLIER,0.7403,SYNTHETIC_DEMO
LOC00578,SUP00578,LOCATION_AFFECTS_SUPPLIER,0.7785,SYNTHETIC_DEMO
LOC00579,SUP00579,LOCATION_AFFECTS_SUPPLIER,0.8541,SYNTHETIC_DEMO
LOC00580,SUP00580,LOCATION_AFFECTS_SUPPLIER,0.5421,SYNTHETIC_DEMO
LOC00581,SUP00581,LOCATION_AFFECTS_SUPPLIER,0.8509,SYNTHETIC_DEMO
LOC00582,SUP00582,LOCATION_AFFECTS_SUPPLIER,0.8291,SYNTHETIC_DEMO
LOC00583,SUP00583,LOCATION_AFFECTS_SUPPLIER,0.9189,SYNTHETIC_DEMO
LOC00584,SUP00584,LOCATION_AFFECTS_SUPPLIER,0.6369,SYNTHETIC_DEMO
LOC00585,SUP00585,LOCATION_AFFECTS_SUPPLIER,0.9694,SYNTHETIC_DEMO
LOC00586,SUP00586,LOCATION_AFFECTS_SUPPLIER,0.7741,SYNTHETIC_DEMO
LOC00587,SUP00587,LOCATION_AFFECTS_SUPPLIER,0.5535,SYNTHETIC_DEMO
LOC00588,SUP00588,LOCATION_AFFECTS_SUPPLIER,0.9361,SYNTHETIC_DEMO
LOC00589,SUP00589,LOCATION_AFFECTS_SUPPLIER,0.4362,SYNTHETIC_DEMO
LOC00590,SUP00590,LOCATION_AFFECTS_SUPPLIER,0.7791,SYNTHETIC_DEMO
LOC00591,SUP00591,LOCATION_AFFECTS_SUPPLIER,0.8979,SYNTHETIC_DEMO
LOC00592,SUP00592,LOCATION_AFFECTS_SUPPLIER,0.9368,SYNTHETIC_DEMO
LOC00593,SUP00593,LOCATION_AFFECTS_SUPPLIER,0.9956,SYNTHETIC_DEMO
LOC00594,SUP00594,LOCATION_AFFECTS_SUPPLIER,0.5049,SYNTHETIC_DEMO
LOC00595,SUP00595,LOCATION_AFFECTS_SUPPLIER,0.4062,SYNTHETIC_DEMO
LOC00596,SUP00596,LOCATION_AFFECTS_SUPPLIER,0.5092,SYNTHETIC_DEMO
LOC00597,SUP00597,LOCATION_AFFECTS_SUPPLIER,0.7937,SYNTHETIC_DEMO
LOC00598,SUP00598,LOCATION_AFFECTS_SUPPLIER,0.5396,SYNTHETIC_DEMO
LOC00599,SUP00599,LOCATION_AFFECTS_SUPPLIER,0.7244,SYNTHETIC_DEMO
LOC00600,SUP00600,LOCATION_AFFECTS_SUPPLIER,0.968,SYNTHETIC_DEMO
LOC00601,SUP00601,LOCATION_AFFECTS_SUPPLIER,0.8222,SYNTHETIC_DEMO
LOC00602,SUP00602,LOCATION_AFFECTS_SUPPLIER,0.8266,SYNTHETIC_DEMO
LOC00603,SUP00603,LOCATION_AFFECTS_SUPPLIER,0.9985,SYNTHETIC_DEMO
LOC00604,SUP00604,LOCATION_AFFECTS_SUPPLIER,0.8477,SYNTHETIC_DEMO
LOC00605,SUP00605,LOCATION_AFFECTS_SUPPLIER,0.936,SYNTHETIC_DEMO
LOC00606,SUP00606,LOCATION_AFFECTS_SUPPLIER,0.7107,SYNTHETIC_DEMO
LOC00607,SUP00607,LOCATION_AFFECTS_SUPPLIER,0.9963,SYNTHETIC_DEMO
LOC00608,SUP00608,LOCATION_AFFECTS_SUPPLIER,0.7674,SYNTHETIC_DEMO
LOC00609,SUP00609,LOCATION_AFFECTS_SUPPLIER,0.7613,SYNTHETIC_DEMO
LOC00610,SUP00610,LOCATION_AFFECTS_SUPPLIER,0.8438,SYNTHETIC_DEMO
LOC00611,SUP00611,LOCATION_AFFECTS_SUPPLIER,0.7221,SYNTHETIC_DEMO
LOC00612,SUP00612,LOCATION_AFFECTS_SUPPLIER,0.8468,SYNTHETIC_DEMO
LOC00613,SUP00613,LOCATION_AFFECTS_SUPPLIER,0.4021,SYNTHETIC_DEMO
LOC00614,SUP00614,LOCATION_AFFECTS_SUPPLIER,0.71,SYNTHETIC_DEMO
LOC00615,SUP00615,LOCATION_AFFECTS_SUPPLIER,0.7901,SYNTHETIC_DEMO
LOC00616,SUP00616,LOCATION_AFFECTS_SUPPLIER,0.6265,SYNTHETIC_DEMO
LOC00617,SUP00617,LOCATION_AFFECTS_SUPPLIER,0.5187,SYNTHETIC_DEMO
LOC00618,SUP00618,LOCATION_AFFECTS_SUPPLIER,0.7457,SYNTHETIC_DEMO
LOC00619,SUP00619,LOCATION_AFFECTS_SUPPLIER,0.9709,SYNTHETIC_DEMO
LOC00620,SUP00620,LOCATION_AFFECTS_SUPPLIER,0.6034,SYNTHETIC_DEMO
LOC00621,SUP00621,LOCATION_AFFECTS_SUPPLIER,0.8657,SYNTHETIC_DEMO
LOC00622,SUP00622,LOCATION_AFFECTS_SUPPLIER,0.4002,SYNTHETIC_DEMO
LOC00623,SUP00623,LOCATION_AFFECTS_SUPPLIER,0.6303,SYNTHETIC_DEMO
LOC00624,SUP00624,LOCATION_AFFECTS_SUPPLIER,0.8489,SYNTHETIC_DEMO
LOC00625,SUP00625,LOCATION_AFFECTS_SUPPLIER,0.7602,SYNTHETIC_DEMO
LOC00626,SUP00626,LOCATION_AFFECTS_SUPPLIER,0.8394,SYNTHETIC_DEMO
LOC00627,SUP00627,LOCATION_AFFECTS_SUPPLIER,0.5777,SYNTHETIC_DEMO
LOC00628,SUP00628,LOCATION_AFFECTS_SUPPLIER,0.6442,SYNTHETIC_DEMO
LOC00629,SUP00629,LOCATION_AFFECTS_SUPPLIER,0.6627,SYNTHETIC_DEMO
LOC00630,SUP00630,LOCATION_AFFECTS_SUPPLIER,0.9257,SYNTHETIC_DEMO
LOC00631,SUP00631,LOCATION_AFFECTS_SUPPLIER,0.565,SYNTHETIC_DEMO
LOC00632,SUP00632,LOCATION_AFFECTS_SUPPLIER,0.6254,SYNTHETIC_DEMO
LOC00633,SUP00633,LOCATION_AFFECTS_SUPPLIER,0.6805,SYNTHETIC_DEMO
LOC00634,SUP00634,LOCATION_AFFECTS_SUPPLIER,0.7907,SYNTHETIC_DEMO
LOC00635,SUP00635,LOCATION_AFFECTS_SUPPLIER,0.8334,SYNTHETIC_DEMO
LOC00636,SUP00636,LOCATION_AFFECTS_SUPPLIER,0.4543,SYNTHETIC_DEMO
LOC00637,SUP00637,LOCATION_AFFECTS_SUPPLIER,0.9299,SYNTHETIC_DEMO
LOC00638,SUP00638,LOCATION_AFFECTS_SUPPLIER,0.4796,SYNTHETIC_DEMO
LOC00639,SUP00639,LOCATION_AFFECTS_SUPPLIER,0.6693,SYNTHETIC_DEMO
LOC00640,SUP00640,LOCATION_AFFECTS_SUPPLIER,0.4859,SYNTHETIC_DEMO
LOC00641,SUP00641,LOCATION_AFFECTS_SUPPLIER,0.9019,SYNTHETIC_DEMO
LOC00642,SUP00642,LOCATION_AFFECTS_SUPPLIER,0.7373,SYNTHETIC_DEMO
LOC00643,SUP00643,LOCATION_AFFECTS_SUPPLIER,0.5581,SYNTHETIC_DEMO
LOC00644,SUP00644,LOCATION_AFFECTS_SUPPLIER,0.6369,SYNTHETIC_DEMO
LOC00645,SUP00645,LOCATION_AFFECTS_SUPPLIER,0.8584,SYNTHETIC_DEMO
LOC00646,SUP00646,LOCATION_AFFECTS_SUPPLIER,0.9101,SYNTHETIC_DEMO
LOC00647,SUP00647,LOCATION_AFFECTS_SUPPLIER,0.6038,SYNTHETIC_DEMO
LOC00648,SUP00648,LOCATION_AFFECTS_SUPPLIER,0.842,SYNTHETIC_DEMO
LOC00649,SUP00649,LOCATION_AFFECTS_SUPPLIER,0.8851,SYNTHETIC_DEMO
LOC00650,SUP00650,LOCATION_AFFECTS_SUPPLIER,0.8914,SYNTHETIC_DEMO
LOC00651,SUP00651,LOCATION_AFFECTS_SUPPLIER,0.7747,SYNTHETIC_DEMO
LOC00652,SUP00652,LOCATION_AFFECTS_SUPPLIER,0.6762,SYNTHETIC_DEMO
LOC00653,SUP00653,LOCATION_AFFECTS_SUPPLIER,0.5656,SYNTHETIC_DEMO
LOC00654,SUP00654,LOCATION_AFFECTS_SUPPLIER,0.6608,SYNTHETIC_DEMO
LOC00655,SUP00655,LOCATION_AFFECTS_SUPPLIER,0.6787,SYNTHETIC_DEMO
LOC00656,SUP00656,LOCATION_AFFECTS_SUPPLIER,0.9985,SYNTHETIC_DEMO
LOC00657,SUP00657,LOCATION_AFFECTS_SUPPLIER,0.9222,SYNTHETIC_DEMO
LOC00658,SUP00658,LOCATION_AFFECTS_SUPPLIER,0.538,SYNTHETIC_DEMO
LOC00659,SUP00659,LOCATION_AFFECTS_SUPPLIER,0.6237,SYNTHETIC_DEMO
LOC00660,SUP00660,LOCATION_AFFECTS_SUPPLIER,0.571,SYNTHETIC_DEMO
LOC00661,SUP00661,LOCATION_AFFECTS_SUPPLIER,0.842,SYNTHETIC_DEMO
LOC00662,SUP00662,LOCATION_AFFECTS_SUPPLIER,0.6113,SYNTHETIC_DEMO
LOC00663,SUP00663,LOCATION_AFFECTS_SUPPLIER,0.9686,SYNTHETIC_DEMO
LOC00664,SUP00664,LOCATION_AFFECTS_SUPPLIER,0.6415,SYNTHETIC_DEMO
LOC00665,SUP00665,LOCATION_AFFECTS_SUPPLIER,0.5299,SYNTHETIC_DEMO
LOC00666,SUP00666,LOCATION_AFFECTS_SUPPLIER,0.9992,SYNTHETIC_DEMO
LOC00667,SUP00667,LOCATION_AFFECTS_SUPPLIER,0.9251,SYNTHETIC_DEMO
LOC00668,SUP00668,LOCATION_AFFECTS_SUPPLIER,0.7969,SYNTHETIC_DEMO
LOC00669,SUP00669,LOCATION_AFFECTS_SUPPLIER,0.9934,SYNTHETIC_DEMO
LOC00670,SUP00670,LOCATION_AFFECTS_SUPPLIER,0.9651,SYNTHETIC_DEMO
LOC00671,SUP00671,LOCATION_AFFECTS_SUPPLIER,0.5544,SYNTHETIC_DEMO
LOC00672,SUP00672,LOCATION_AFFECTS_SUPPLIER,0.513,SYNTHETIC_DEMO
LOC00673,SUP00673,LOCATION_AFFECTS_SUPPLIER,0.8656,SYNTHETIC_DEMO
LOC00674,SUP00674,LOCATION_AFFECTS_SUPPLIER,0.5827,SYNTHETIC_DEMO
LOC00675,SUP00675,LOCATION_AFFECTS_SUPPLIER,0.6854,SYNTHETIC_DEMO
LOC00676,SUP00676,LOCATION_AFFECTS_SUPPLIER,0.4443,SYNTHETIC_DEMO
LOC00677,SUP00677,LOCATION_AFFECTS_SUPPLIER,0.533,SYNTHETIC_DEMO
LOC00678,SUP00678,LOCATION_AFFECTS_SUPPLIER,0.6005,SYNTHETIC_DEMO
LOC00679,SUP00679,LOCATION_AFFECTS_SUPPLIER,0.4328,SYNTHETIC_DEMO
LOC00680,SUP00680,LOCATION_AFFECTS_SUPPLIER,0.7016,SYNTHETIC_DEMO
LOC00681,SUP00681,LOCATION_AFFECTS_SUPPLIER,0.4447,SYNTHETIC_DEMO
LOC00682,SUP00682,LOCATION_AFFECTS_SUPPLIER,0.9941,SYNTHETIC_DEMO
LOC00683,SUP00683,LOCATION_AFFECTS_SUPPLIER,0.8558,SYNTHETIC_DEMO
LOC00684,SUP00684,LOCATION_AFFECTS_SUPPLIER,0.6102,SYNTHETIC_DEMO
LOC00685,SUP00685,LOCATION_AFFECTS_SUPPLIER,0.7098,SYNTHETIC_DEMO
LOC00686,SUP00686,LOCATION_AFFECTS_SUPPLIER,0.6073,SYNTHETIC_DEMO
LOC00687,SUP00687,LOCATION_AFFECTS_SUPPLIER,0.9535,SYNTHETIC_DEMO
LOC00688,SUP00688,LOCATION_AFFECTS_SUPPLIER,0.4121,SYNTHETIC_DEMO
LOC00689,SUP00689,LOCATION_AFFECTS_SUPPLIER,0.9107,SYNTHETIC_DEMO
LOC00690,SUP00690,LOCATION_AFFECTS_SUPPLIER,0.539,SYNTHETIC_DEMO
LOC00691,SUP00691,LOCATION_AFFECTS_SUPPLIER,0.7962,SYNTHETIC_DEMO
LOC00692,SUP00692,LOCATION_AFFECTS_SUPPLIER,0.499,SYNTHETIC_DEMO
LOC00693,SUP00693,LOCATION_AFFECTS_SUPPLIER,0.6092,SYNTHETIC_DEMO
LOC00694,SUP00694,LOCATION_AFFECTS_SUPPLIER,0.474,SYNTHETIC_DEMO
LOC00695,SUP00695,LOCATION_AFFECTS_SUPPLIER,0.7977,SYNTHETIC_DEMO
LOC00696,SUP00696,LOCATION_AFFECTS_SUPPLIER,0.7902,SYNTHETIC_DEMO
LOC00697,SUP00697,LOCATION_AFFECTS_SUPPLIER,0.7256,SYNTHETIC_DEMO
LOC00698,SUP00698,LOCATION_AFFECTS_SUPPLIER,0.4405,SYNTHETIC_DEMO
LOC00699,SUP00699,LOCATION_AFFECTS_SUPPLIER,0.4631,SYNTHETIC_DEMO
LOC00700,SUP00700,LOCATION_AFFECTS_SUPPLIER,0.4881,SYNTHETIC_DEMO
LOC00701,SUP00701,LOCATION_AFFECTS_SUPPLIER,0.9471,SYNTHETIC_DEMO
LOC00702,SUP00702,LOCATION_AFFECTS_SUPPLIER,0.6573,SYNTHETIC_DEMO
LOC00703,SUP00703,LOCATION_AFFECTS_SUPPLIER,0.61,SYNTHETIC_DEMO
LOC00704,SUP00704,LOCATION_AFFECTS_SUPPLIER,0.5777,SYNTHETIC_DEMO
LOC00705,SUP00705,LOCATION_AFFECTS_SUPPLIER,0.7846,SYNTHETIC_DEMO
LOC00706,SUP00706,LOCATION_AFFECTS_SUPPLIER,0.6726,SYNTHETIC_DEMO
LOC00707,SUP00707,LOCATION_AFFECTS_SUPPLIER,0.6506,SYNTHETIC_DEMO
LOC00708,SUP00708,LOCATION_AFFECTS_SUPPLIER,0.6476,SYNTHETIC_DEMO
LOC00709,SUP00709,LOCATION_AFFECTS_SUPPLIER,0.9848,SYNTHETIC_DEMO
LOC00710,SUP00710,LOCATION_AFFECTS_SUPPLIER,0.4592,SYNTHETIC_DEMO
LOC00711,SUP00711,LOCATION_AFFECTS_SUPPLIER,0.8874,SYNTHETIC_DEMO
LOC00712,SUP00712,LOCATION_AFFECTS_SUPPLIER,0.7975,SYNTHETIC_DEMO
LOC00713,SUP00713,LOCATION_AFFECTS_SUPPLIER,0.9954,SYNTHETIC_DEMO
LOC00714,SUP00714,LOCATION_AFFECTS_SUPPLIER,0.5704,SYNTHETIC_DEMO
LOC00715,SUP00715,LOCATION_AFFECTS_SUPPLIER,0.9705,SYNTHETIC_DEMO
LOC00716,SUP00716,LOCATION_AFFECTS_SUPPLIER,0.7982,SYNTHETIC_DEMO
LOC00717,SUP00717,LOCATION_AFFECTS_SUPPLIER,0.7884,SYNTHETIC_DEMO
LOC00718,SUP00718,LOCATION_AFFECTS_SUPPLIER,0.674,SYNTHETIC_DEMO
LOC00719,SUP00719,LOCATION_AFFECTS_SUPPLIER,0.6687,SYNTHETIC_DEMO
LOC00720,SUP00720,LOCATION_AFFECTS_SUPPLIER,0.5071,SYNTHETIC_DEMO
LOC00721,SUP00721,LOCATION_AFFECTS_SUPPLIER,0.9195,SYNTHETIC_DEMO
LOC00722,SUP00722,LOCATION_AFFECTS_SUPPLIER,0.7587,SYNTHETIC_DEMO
LOC00723,SUP00723,LOCATION_AFFECTS_SUPPLIER,0.6214,SYNTHETIC_DEMO
LOC00724,SUP00724,LOCATION_AFFECTS_SUPPLIER,0.602,SYNTHETIC_DEMO
LOC00725,SUP00725,LOCATION_AFFECTS_SUPPLIER,0.6702,SYNTHETIC_DEMO
LOC00726,SUP00726,LOCATION_AFFECTS_SUPPLIER,0.6622,SYNTHETIC_DEMO
LOC00727,SUP00727,LOCATION_AFFECTS_SUPPLIER,0.9696,SYNTHETIC_DEMO
LOC00728,SUP00728,LOCATION_AFFECTS_SUPPLIER,0.8409,SYNTHETIC_DEMO
LOC00729,SUP00729,LOCATION_AFFECTS_SUPPLIER,0.6646,SYNTHETIC_DEMO
LOC00730,SUP00730,LOCATION_AFFECTS_SUPPLIER,0.9658,SYNTHETIC_DEMO
LOC00731,SUP00731,LOCATION_AFFECTS_SUPPLIER,0.677,SYNTHETIC_DEMO
LOC00732,SUP00732,LOCATION_AFFECTS_SUPPLIER,0.5445,SYNTHETIC_DEMO
LOC00733,SUP00733,LOCATION_AFFECTS_SUPPLIER,0.6884,SYNTHETIC_DEMO
LOC00734,SUP00734,LOCATION_AFFECTS_SUPPLIER,0.89,SYNTHETIC_DEMO
LOC00735,SUP00735,LOCATION_AFFECTS_SUPPLIER,0.4917,SYNTHETIC_DEMO
LOC00736,SUP00736,LOCATION_AFFECTS_SUPPLIER,0.8966,SYNTHETIC_DEMO
LOC00737,SUP00737,LOCATION_AFFECTS_SUPPLIER,0.5312,SYNTHETIC_DEMO
LOC00738,SUP00738,LOCATION_AFFECTS_SUPPLIER,0.8216,SYNTHETIC_DEMO
LOC00739,SUP00739,LOCATION_AFFECTS_SUPPLIER,0.5038,SYNTHETIC_DEMO
LOC00740,SUP00740,LOCATION_AFFECTS_SUPPLIER,0.5428,SYNTHETIC_DEMO
LOC00741,SUP00741,LOCATION_AFFECTS_SUPPLIER,0.9967,SYNTHETIC_DEMO
LOC00742,SUP00742,LOCATION_AFFECTS_SUPPLIER,0.7475,SYNTHETIC_DEMO
LOC00743,SUP00743,LOCATION_AFFECTS_SUPPLIER,0.4357,SYNTHETIC_DEMO
LOC00744,SUP00744,LOCATION_AFFECTS_SUPPLIER,0.6294,SYNTHETIC_DEMO
LOC00745,SUP00745,LOCATION_AFFECTS_SUPPLIER,0.6362,SYNTHETIC_DEMO
LOC00746,SUP00746,LOCATION_AFFECTS_SUPPLIER,0.6784,SYNTHETIC_DEMO
LOC00747,SUP00747,LOCATION_AFFECTS_SUPPLIER,1.0,SYNTHETIC_DEMO
LOC00748,SUP00748,LOCATION_AFFECTS_SUPPLIER,0.4718,SYNTHETIC_DEMO
LOC00749,SUP00749,LOCATION_AFFECTS_SUPPLIER,0.4421,SYNTHETIC_DEMO
LOC00750,SUP00750,LOCATION_AFFECTS_SUPPLIER,0.9765,SYNTHETIC_DEMO
LOC00751,SUP00751,LOCATION_AFFECTS_SUPPLIER,0.8397,SYNTHETIC_DEMO
LOC00752,SUP00752,LOCATION_AFFECTS_SUPPLIER,0.7987,SYNTHETIC_DEMO
LOC00753,SUP00753,LOCATION_AFFECTS_SUPPLIER,0.7831,SYNTHETIC_DEMO
LOC00754,SUP00754,LOCATION_AFFECTS_SUPPLIER,0.9578,SYNTHETIC_DEMO
LOC00755,SUP00755,LOCATION_AFFECTS_SUPPLIER,0.5753,SYNTHETIC_DEMO
LOC00756,SUP00756,LOCATION_AFFECTS_SUPPLIER,0.4213,SYNTHETIC_DEMO
LOC00757,SUP00757,LOCATION_AFFECTS_SUPPLIER,0.9168,SYNTHETIC_DEMO
LOC00758,SUP00758,LOCATION_AFFECTS_SUPPLIER,0.989,SYNTHETIC_DEMO
LOC00759,SUP00759,LOCATION_AFFECTS_SUPPLIER,0.4313,SYNTHETIC_DEMO
LOC00760,SUP00760,LOCATION_AFFECTS_SUPPLIER,0.9901,SYNTHETIC_DEMO
LOC00761,SUP00761,LOCATION_AFFECTS_SUPPLIER,0.7521,SYNTHETIC_DEMO
LOC00762,SUP00762,LOCATION_AFFECTS_SUPPLIER,0.6294,SYNTHETIC_DEMO
LOC00763,SUP00763,LOCATION_AFFECTS_SUPPLIER,0.9155,SYNTHETIC_DEMO
LOC00764,SUP00764,LOCATION_AFFECTS_SUPPLIER,0.6265,SYNTHETIC_DEMO
LOC00765,SUP00765,LOCATION_AFFECTS_SUPPLIER,0.9334,SYNTHETIC_DEMO
LOC00766,SUP00766,LOCATION_AFFECTS_SUPPLIER,0.9308,SYNTHETIC_DEMO
LOC00767,SUP00767,LOCATION_AFFECTS_SUPPLIER,0.5421,SYNTHETIC_DEMO
LOC00768,SUP00768,LOCATION_AFFECTS_SUPPLIER,0.589,SYNTHETIC_DEMO
LOC00769,SUP00769,LOCATION_AFFECTS_SUPPLIER,0.6256,SYNTHETIC_DEMO
LOC00770,SUP00770,LOCATION_AFFECTS_SUPPLIER,0.8335,SYNTHETIC_DEMO
LOC00771,SUP00771,LOCATION_AFFECTS_SUPPLIER,0.8024,SYNTHETIC_DEMO
LOC00772,SUP00772,LOCATION_AFFECTS_SUPPLIER,0.541,SYNTHETIC_DEMO
LOC00773,SUP00773,LOCATION_AFFECTS_SUPPLIER,0.939,SYNTHETIC_DEMO
LOC00774,SUP00774,LOCATION_AFFECTS_SUPPLIER,0.405,SYNTHETIC_DEMO
LOC00775,SUP00775,LOCATION_AFFECTS_SUPPLIER,0.6375,SYNTHETIC_DEMO
LOC00776,SUP00776,LOCATION_AFFECTS_SUPPLIER,0.6534,SYNTHETIC_DEMO
LOC00777,SUP00777,LOCATION_AFFECTS_SUPPLIER,0.7729,SYNTHETIC_DEMO
LOC00778,SUP00778,LOCATION_AFFECTS_SUPPLIER,0.4505,SYNTHETIC_DEMO
LOC00779,SUP00779,LOCATION_AFFECTS_SUPPLIER,0.4427,SYNTHETIC_DEMO
LOC00780,SUP00780,LOCATION_AFFECTS_SUPPLIER,0.9044,SYNTHETIC_DEMO
LOC00781,SUP00781,LOCATION_AFFECTS_SUPPLIER,0.6178,SYNTHETIC_DEMO
LOC00782,SUP00782,LOCATION_AFFECTS_SUPPLIER,0.8902,SYNTHETIC_DEMO
LOC00783,SUP00783,LOCATION_AFFECTS_SUPPLIER,0.9907,SYNTHETIC_DEMO
LOC00784,SUP00784,LOCATION_AFFECTS_SUPPLIER,0.4326,SYNTHETIC_DEMO
LOC00785,SUP00785,LOCATION_AFFECTS_SUPPLIER,0.8887,SYNTHETIC_DEMO
LOC00786,SUP00786,LOCATION_AFFECTS_SUPPLIER,0.6583,SYNTHETIC_DEMO
LOC00787,SUP00787,LOCATION_AFFECTS_SUPPLIER,0.721,SYNTHETIC_DEMO
LOC00788,SUP00788,LOCATION_AFFECTS_SUPPLIER,0.4732,SYNTHETIC_DEMO
LOC00789,SUP00789,LOCATION_AFFECTS_SUPPLIER,0.839,SYNTHETIC_DEMO
LOC00790,SUP00790,LOCATION_AFFECTS_SUPPLIER,0.9468,SYNTHETIC_DEMO
LOC00791,SUP00791,LOCATION_AFFECTS_SUPPLIER,0.9648,SYNTHETIC_DEMO
LOC00792,SUP00792,LOCATION_AFFECTS_SUPPLIER,0.9265,SYNTHETIC_DEMO
LOC00793,SUP00793,LOCATION_AFFECTS_SUPPLIER,0.7969,SYNTHETIC_DEMO
LOC00794,SUP00794,LOCATION_AFFECTS_SUPPLIER,0.9478,SYNTHETIC_DEMO
LOC00795,SUP00795,LOCATION_AFFECTS_SUPPLIER,0.6724,SYNTHETIC_DEMO
LOC00796,SUP00796,LOCATION_AFFECTS_SUPPLIER,0.4703,SYNTHETIC_DEMO
LOC00797,SUP00797,LOCATION_AFFECTS_SUPPLIER,0.4114,SYNTHETIC_DEMO
LOC00798,SUP00798,LOCATION_AFFECTS_SUPPLIER,0.7731,SYNTHETIC_DEMO
LOC00799,SUP00799,LOCATION_AFFECTS_SUPPLIER,0.5621,SYNTHETIC_DEMO
LOC00800,SUP00800,LOCATION_AFFECTS_SUPPLIER,0.8323,SYNTHETIC_DEMO
LOC00801,SUP00801,LOCATION_AFFECTS_SUPPLIER,0.9919,SYNTHETIC_DEMO
LOC00802,SUP00802,LOCATION_AFFECTS_SUPPLIER,0.7228,SYNTHETIC_DEMO
LOC00803,SUP00803,LOCATION_AFFECTS_SUPPLIER,0.9231,SYNTHETIC_DEMO
LOC00804,SUP00804,LOCATION_AFFECTS_SUPPLIER,0.7118,SYNTHETIC_DEMO
LOC00805,SUP00805,LOCATION_AFFECTS_SUPPLIER,0.5046,SYNTHETIC_DEMO
LOC00806,SUP00806,LOCATION_AFFECTS_SUPPLIER,0.8896,SYNTHETIC_DEMO
LOC00807,SUP00807,LOCATION_AFFECTS_SUPPLIER,0.9632,SYNTHETIC_DEMO
LOC00808,SUP00808,LOCATION_AFFECTS_SUPPLIER,0.8045,SYNTHETIC_DEMO
LOC00809,SUP00809,LOCATION_AFFECTS_SUPPLIER,0.5699,SYNTHETIC_DEMO
LOC00810,SUP00810,LOCATION_AFFECTS_SUPPLIER,0.6573,SYNTHETIC_DEMO
LOC00811,SUP00811,LOCATION_AFFECTS_SUPPLIER,0.6017,SYNTHETIC_DEMO
LOC00812,SUP00812,LOCATION_AFFECTS_SUPPLIER,0.5442,SYNTHETIC_DEMO
LOC00813,SUP00813,LOCATION_AFFECTS_SUPPLIER,0.5425,SYNTHETIC_DEMO
LOC00814,SUP00814,LOCATION_AFFECTS_SUPPLIER,0.6906,SYNTHETIC_DEMO
LOC00815,SUP00815,LOCATION_AFFECTS_SUPPLIER,0.4123,SYNTHETIC_DEMO
LOC00816,SUP00816,LOCATION_AFFECTS_SUPPLIER,0.7264,SYNTHETIC_DEMO
LOC00817,SUP00817,LOCATION_AFFECTS_SUPPLIER,0.413,SYNTHETIC_DEMO
LOC00818,SUP00818,LOCATION_AFFECTS_SUPPLIER,0.5123,SYNTHETIC_DEMO
LOC00819,SUP00819,LOCATION_AFFECTS_SUPPLIER,0.5366,SYNTHETIC_DEMO
LOC00820,SUP00820,LOCATION_AFFECTS_SUPPLIER,0.4868,SYNTHETIC_DEMO
LOC00821,SUP00821,LOCATION_AFFECTS_SUPPLIER,0.4869,SYNTHETIC_DEMO
LOC00822,SUP00822,LOCATION_AFFECTS_SUPPLIER,0.4142,SYNTHETIC_DEMO
LOC00823,SUP00823,LOCATION_AFFECTS_SUPPLIER,0.6215,SYNTHETIC_DEMO
LOC00824,SUP00824,LOCATION_AFFECTS_SUPPLIER,0.7847,SYNTHETIC_DEMO
LOC00825,SUP00825,LOCATION_AFFECTS_SUPPLIER,0.8874,SYNTHETIC_DEMO
LOC00826,SUP00826,LOCATION_AFFECTS_SUPPLIER,0.6321,SYNTHETIC_DEMO
LOC00827,SUP00827,LOCATION_AFFECTS_SUPPLIER,0.6839,SYNTHETIC_DEMO
LOC00828,SUP00828,LOCATION_AFFECTS_SUPPLIER,0.7684,SYNTHETIC_DEMO
LOC00829,SUP00829,LOCATION_AFFECTS_SUPPLIER,0.6355,SYNTHETIC_DEMO
LOC00830,SUP00830,LOCATION_AFFECTS_SUPPLIER,0.741,SYNTHETIC_DEMO
LOC00831,SUP00831,LOCATION_AFFECTS_SUPPLIER,0.4947,SYNTHETIC_DEMO
LOC00832,SUP00832,LOCATION_AFFECTS_SUPPLIER,0.7495,SYNTHETIC_DEMO
LOC00833,SUP00833,LOCATION_AFFECTS_SUPPLIER,0.7001,SYNTHETIC_DEMO
LOC00834,SUP00834,LOCATION_AFFECTS_SUPPLIER,0.6892,SYNTHETIC_DEMO
LOC00835,SUP00835,LOCATION_AFFECTS_SUPPLIER,0.9162,SYNTHETIC_DEMO
LOC00836,SUP00836,LOCATION_AFFECTS_SUPPLIER,0.4108,SYNTHETIC_DEMO
LOC00837,SUP00837,LOCATION_AFFECTS_SUPPLIER,0.9337,SYNTHETIC_DEMO
LOC00838,SUP00838,LOCATION_AFFECTS_SUPPLIER,0.5107,SYNTHETIC_DEMO
LOC00839,SUP00839,LOCATION_AFFECTS_SUPPLIER,0.6685,SYNTHETIC_DEMO
LOC00840,SUP00840,LOCATION_AFFECTS_SUPPLIER,0.4134,SYNTHETIC_DEMO
LOC00841,SUP00841,LOCATION_AFFECTS_SUPPLIER,0.6937,SYNTHETIC_DEMO
LOC00842,SUP00842,LOCATION_AFFECTS_SUPPLIER,0.6007,SYNTHETIC_DEMO
LOC00843,SUP00843,LOCATION_AFFECTS_SUPPLIER,0.4789,SYNTHETIC_DEMO
LOC00844,SUP00844,LOCATION_AFFECTS_SUPPLIER,0.7298,SYNTHETIC_DEMO
LOC00845,SUP00845,LOCATION_AFFECTS_SUPPLIER,0.5939,SYNTHETIC_DEMO
LOC00846,SUP00846,LOCATION_AFFECTS_SUPPLIER,0.5543,SYNTHETIC_DEMO
LOC00847,SUP00847,LOCATION_AFFECTS_SUPPLIER,0.9373,SYNTHETIC_DEMO
LOC00848,SUP00848,LOCATION_AFFECTS_SUPPLIER,0.5532,SYNTHETIC_DEMO
LOC00849,SUP00849,LOCATION_AFFECTS_SUPPLIER,0.8296,SYNTHETIC_DEMO
LOC00850,SUP00850,LOCATION_AFFECTS_SUPPLIER,0.4478,SYNTHETIC_DEMO
LOC00851,SUP00851,LOCATION_AFFECTS_SUPPLIER,0.9231,SYNTHETIC_DEMO
LOC00852,SUP00852,LOCATION_AFFECTS_SUPPLIER,0.749,SYNTHETIC_DEMO
LOC00853,SUP00853,LOCATION_AFFECTS_SUPPLIER,0.9035,SYNTHETIC_DEMO
LOC00854,SUP00854,LOCATION_AFFECTS_SUPPLIER,0.97,SYNTHETIC_DEMO
LOC00855,SUP00855,LOCATION_AFFECTS_SUPPLIER,0.803,SYNTHETIC_DEMO
LOC00856,SUP00856,LOCATION_AFFECTS_SUPPLIER,0.795,SYNTHETIC_DEMO
LOC00857,SUP00857,LOCATION_AFFECTS_SUPPLIER,0.4999,SYNTHETIC_DEMO
LOC00858,SUP00858,LOCATION_AFFECTS_SUPPLIER,0.626,SYNTHETIC_DEMO
LOC00859,SUP00859,LOCATION_AFFECTS_SUPPLIER,0.9805,SYNTHETIC_DEMO
LOC00860,SUP00860,LOCATION_AFFECTS_SUPPLIER,0.9506,SYNTHETIC_DEMO
LOC00861,SUP00861,LOCATION_AFFECTS_SUPPLIER,0.7919,SYNTHETIC_DEMO
LOC00862,SUP00862,LOCATION_AFFECTS_SUPPLIER,0.6517,SYNTHETIC_DEMO
LOC00863,SUP00863,LOCATION_AFFECTS_SUPPLIER,0.4643,SYNTHETIC_DEMO
LOC00864,SUP00864,LOCATION_AFFECTS_SUPPLIER,0.5502,SYNTHETIC_DEMO
LOC00865,SUP00865,LOCATION_AFFECTS_SUPPLIER,0.7073,SYNTHETIC_DEMO
LOC00866,SUP00866,LOCATION_AFFECTS_SUPPLIER,0.6431,SYNTHETIC_DEMO
LOC00867,SUP00867,LOCATION_AFFECTS_SUPPLIER,0.7791,SYNTHETIC_DEMO
LOC00868,SUP00868,LOCATION_AFFECTS_SUPPLIER,0.8524,SYNTHETIC_DEMO
LOC00869,SUP00869,LOCATION_AFFECTS_SUPPLIER,0.595,SYNTHETIC_DEMO
LOC00870,SUP00870,LOCATION_AFFECTS_SUPPLIER,0.632,SYNTHETIC_DEMO
LOC00871,SUP00871,LOCATION_AFFECTS_SUPPLIER,0.8512,SYNTHETIC_DEMO
LOC00872,SUP00872,LOCATION_AFFECTS_SUPPLIER,0.632,SYNTHETIC_DEMO
LOC00873,SUP00873,LOCATION_AFFECTS_SUPPLIER,0.7015,SYNTHETIC_DEMO
LOC00874,SUP00874,LOCATION_AFFECTS_SUPPLIER,0.697,SYNTHETIC_DEMO
LOC00875,SUP00875,LOCATION_AFFECTS_SUPPLIER,0.648,SYNTHETIC_DEMO
LOC00876,SUP00876,LOCATION_AFFECTS_SUPPLIER,0.7779,SYNTHETIC_DEMO
LOC00877,SUP00877,LOCATION_AFFECTS_SUPPLIER,0.8664,SYNTHETIC_DEMO
LOC00878,SUP00878,LOCATION_AFFECTS_SUPPLIER,0.6662,SYNTHETIC_DEMO
LOC00879,SUP00879,LOCATION_AFFECTS_SUPPLIER,0.4573,SYNTHETIC_DEMO
LOC00880,SUP00880,LOCATION_AFFECTS_SUPPLIER,0.6794,SYNTHETIC_DEMO
LOC00881,SUP00881,LOCATION_AFFECTS_SUPPLIER,0.9661,SYNTHETIC_DEMO
LOC00882,SUP00882,LOCATION_AFFECTS_SUPPLIER,0.9982,SYNTHETIC_DEMO
LOC00883,SUP00883,LOCATION_AFFECTS_SUPPLIER,0.4083,SYNTHETIC_DEMO
LOC00884,SUP00884,LOCATION_AFFECTS_SUPPLIER,0.7691,SYNTHETIC_DEMO
LOC00885,SUP00885,LOCATION_AFFECTS_SUPPLIER,0.7582,SYNTHETIC_DEMO
LOC00886,SUP00886,LOCATION_AFFECTS_SUPPLIER,0.6357,SYNTHETIC_DEMO
LOC00887,SUP00887,LOCATION_AFFECTS_SUPPLIER,0.8429,SYNTHETIC_DEMO
LOC00888,SUP00888,LOCATION_AFFECTS_SUPPLIER,0.6434,SYNTHETIC_DEMO
LOC00889,SUP00889,LOCATION_AFFECTS_SUPPLIER,0.9706,SYNTHETIC_DEMO
LOC00890,SUP00890,LOCATION_AFFECTS_SUPPLIER,0.4743,SYNTHETIC_DEMO
LOC00891,SUP00891,LOCATION_AFFECTS_SUPPLIER,0.8588,SYNTHETIC_DEMO
LOC00892,SUP00892,LOCATION_AFFECTS_SUPPLIER,0.7388,SYNTHETIC_DEMO
LOC00893,SUP00893,LOCATION_AFFECTS_SUPPLIER,0.9514,SYNTHETIC_DEMO
LOC00894,SUP00894,LOCATION_AFFECTS_SUPPLIER,0.609,SYNTHETIC_DEMO
LOC00895,SUP00895,LOCATION_AFFECTS_SUPPLIER,0.6425,SYNTHETIC_DEMO
LOC00896,SUP00896,LOCATION_AFFECTS_SUPPLIER,0.4585,SYNTHETIC_DEMO
LOC00897,SUP00897,LOCATION_AFFECTS_SUPPLIER,0.9159,SYNTHETIC_DEMO
LOC00898,SUP00898,LOCATION_AFFECTS_SUPPLIER,0.7298,SYNTHETIC_DEMO
LOC00899,SUP00899,LOCATION_AFFECTS_SUPPLIER,0.5231,SYNTHETIC_DEMO
LOC00900,SUP00900,LOCATION_AFFECTS_SUPPLIER,0.8884,SYNTHETIC_DEMO
LOC00901,SUP00901,LOCATION_AFFECTS_SUPPLIER,0.4745,SYNTHETIC_DEMO
LOC00902,SUP00902,LOCATION_AFFECTS_SUPPLIER,0.4695,SYNTHETIC_DEMO
LOC00903,SUP00903,LOCATION_AFFECTS_SUPPLIER,0.9797,SYNTHETIC_DEMO
LOC00904,SUP00904,LOCATION_AFFECTS_SUPPLIER,0.7795,SYNTHETIC_DEMO
LOC00905,SUP00905,LOCATION_AFFECTS_SUPPLIER,0.9374,SYNTHETIC_DEMO
LOC00906,SUP00906,LOCATION_AFFECTS_SUPPLIER,0.5808,SYNTHETIC_DEMO
LOC00907,SUP00907,LOCATION_AFFECTS_SUPPLIER,0.6946,SYNTHETIC_DEMO
LOC00908,SUP00908,LOCATION_AFFECTS_SUPPLIER,0.9061,SYNTHETIC_DEMO
LOC00909,SUP00909,LOCATION_AFFECTS_SUPPLIER,0.4788,SYNTHETIC_DEMO
LOC00910,SUP00910,LOCATION_AFFECTS_SUPPLIER,0.7798,SYNTHETIC_DEMO
LOC00911,SUP00911,LOCATION_AFFECTS_SUPPLIER,0.8838,SYNTHETIC_DEMO
LOC00912,SUP00912,LOCATION_AFFECTS_SUPPLIER,0.6469,SYNTHETIC_DEMO
LOC00913,SUP00913,LOCATION_AFFECTS_SUPPLIER,0.5655,SYNTHETIC_DEMO
LOC00914,SUP00914,LOCATION_AFFECTS_SUPPLIER,0.7781,SYNTHETIC_DEMO
LOC00915,SUP00915,LOCATION_AFFECTS_SUPPLIER,0.8249,SYNTHETIC_DEMO
LOC00916,SUP00916,LOCATION_AFFECTS_SUPPLIER,0.6282,SYNTHETIC_DEMO
LOC00917,SUP00917,LOCATION_AFFECTS_SUPPLIER,0.5166,SYNTHETIC_DEMO
LOC00918,SUP00918,LOCATION_AFFECTS_SUPPLIER,0.5028,SYNTHETIC_DEMO
LOC00919,SUP00919,LOCATION_AFFECTS_SUPPLIER,0.9156,SYNTHETIC_DEMO
LOC00920,SUP00920,LOCATION_AFFECTS_SUPPLIER,0.7042,SYNTHETIC_DEMO
LOC00921,SUP00921,LOCATION_AFFECTS_SUPPLIER,0.7381,SYNTHETIC_DEMO
LOC00922,SUP00922,LOCATION_AFFECTS_SUPPLIER,0.9567,SYNTHETIC_DEMO
LOC00923,SUP00923,LOCATION_AFFECTS_SUPPLIER,0.6933,SYNTHETIC_DEMO
LOC00924,SUP00924,LOCATION_AFFECTS_SUPPLIER,0.5254,SYNTHETIC_DEMO
LOC00925,SUP00925,LOCATION_AFFECTS_SUPPLIER,0.7646,SYNTHETIC_DEMO
LOC00926,SUP00926,LOCATION_AFFECTS_SUPPLIER,0.9649,SYNTHETIC_DEMO
LOC00927,SUP00927,LOCATION_AFFECTS_SUPPLIER,0.729,SYNTHETIC_DEMO
LOC00928,SUP00928,LOCATION_AFFECTS_SUPPLIER,0.4085,SYNTHETIC_DEMO
LOC00929,SUP00929,LOCATION_AFFECTS_SUPPLIER,0.8767,SYNTHETIC_DEMO
LOC00930,SUP00930,LOCATION_AFFECTS_SUPPLIER,0.5801,SYNTHETIC_DEMO
LOC00931,SUP00931,LOCATION_AFFECTS_SUPPLIER,0.7658,SYNTHETIC_DEMO
LOC00932,SUP00932,LOCATION_AFFECTS_SUPPLIER,0.6671,SYNTHETIC_DEMO
LOC00933,SUP00933,LOCATION_AFFECTS_SUPPLIER,0.9969,SYNTHETIC_DEMO
LOC00934,SUP00934,LOCATION_AFFECTS_SUPPLIER,0.4335,SYNTHETIC_DEMO
LOC00935,SUP00935,LOCATION_AFFECTS_SUPPLIER,0.7193,SYNTHETIC_DEMO
LOC00936,SUP00936,LOCATION_AFFECTS_SUPPLIER,0.7671,SYNTHETIC_DEMO
LOC00937,SUP00937,LOCATION_AFFECTS_SUPPLIER,0.4602,SYNTHETIC_DEMO
LOC00938,SUP00938,LOCATION_AFFECTS_SUPPLIER,0.9993,SYNTHETIC_DEMO
LOC00939,SUP00939,LOCATION_AFFECTS_SUPPLIER,0.7208,SYNTHETIC_DEMO
LOC00940,SUP00940,LOCATION_AFFECTS_SUPPLIER,0.5402,SYNTHETIC_DEMO
LOC00941,SUP00941,LOCATION_AFFECTS_SUPPLIER,0.9144,SYNTHETIC_DEMO
LOC00942,SUP00942,LOCATION_AFFECTS_SUPPLIER,0.7395,SYNTHETIC_DEMO
LOC00943,SUP00943,LOCATION_AFFECTS_SUPPLIER,0.7358,SYNTHETIC_DEMO
LOC00944,SUP00944,LOCATION_AFFECTS_SUPPLIER,0.4967,SYNTHETIC_DEMO
LOC00945,SUP00945,LOCATION_AFFECTS_SUPPLIER,0.4831,SYNTHETIC_DEMO
LOC00946,SUP00946,LOCATION_AFFECTS_SUPPLIER,0.8387,SYNTHETIC_DEMO
LOC00947,SUP00947,LOCATION_AFFECTS_SUPPLIER,0.5523,SYNTHETIC_DEMO
LOC00948,SUP00948,LOCATION_AFFECTS_SUPPLIER,0.7263,SYNTHETIC_DEMO
LOC00949,SUP00949,LOCATION_AFFECTS_SUPPLIER,0.9975,SYNTHETIC_DEMO
LOC00950,SUP00950,LOCATION_AFFECTS_SUPPLIER,0.4695,SYNTHETIC_DEMO
LOC00951,SUP00951,LOCATION_AFFECTS_SUPPLIER,0.7999,SYNTHETIC_DEMO
LOC00952,SUP00952,LOCATION_AFFECTS_SUPPLIER,0.6451,SYNTHETIC_DEMO
LOC00953,SUP00953,LOCATION_AFFECTS_SUPPLIER,0.566,SYNTHETIC_DEMO
LOC00954,SUP00954,LOCATION_AFFECTS_SUPPLIER,0.9543,SYNTHETIC_DEMO
LOC00955,SUP00955,LOCATION_AFFECTS_SUPPLIER,0.5824,SYNTHETIC_DEMO
LOC00956,SUP00956,LOCATION_AFFECTS_SUPPLIER,0.6274,SYNTHETIC_DEMO
LOC00957,SUP00957,LOCATION_AFFECTS_SUPPLIER,0.5864,SYNTHETIC_DEMO
LOC00958,SUP00958,LOCATION_AFFECTS_SUPPLIER,0.694,SYNTHETIC_DEMO
LOC00959,SUP00959,LOCATION_AFFECTS_SUPPLIER,0.4613,SYNTHETIC_DEMO
LOC00960,SUP00960,LOCATION_AFFECTS_SUPPLIER,0.8595,SYNTHETIC_DEMO
LOC00961,SUP00961,LOCATION_AFFECTS_SUPPLIER,0.948,SYNTHETIC_DEMO
LOC00962,SUP00962,LOCATION_AFFECTS_SUPPLIER,0.5757,SYNTHETIC_DEMO
LOC00963,SUP00963,LOCATION_AFFECTS_SUPPLIER,0.4277,SYNTHETIC_DEMO
LOC00964,SUP00964,LOCATION_AFFECTS_SUPPLIER,0.6477,SYNTHETIC_DEMO
LOC00965,SUP00965,LOCATION_AFFECTS_SUPPLIER,0.6873,SYNTHETIC_DEMO
LOC00966,SUP00966,LOCATION_AFFECTS_SUPPLIER,0.7181,SYNTHETIC_DEMO
LOC00967,SUP00967,LOCATION_AFFECTS_SUPPLIER,0.7614,SYNTHETIC_DEMO
LOC00968,SUP00968,LOCATION_AFFECTS_SUPPLIER,0.5993,SYNTHETIC_DEMO
LOC00969,SUP00969,LOCATION_AFFECTS_SUPPLIER,0.694,SYNTHETIC_DEMO
LOC00970,SUP00970,LOCATION_AFFECTS_SUPPLIER,0.6764,SYNTHETIC_DEMO
LOC00971,SUP00971,LOCATION_AFFECTS_SUPPLIER,0.4684,SYNTHETIC_DEMO
LOC00972,SUP00972,LOCATION_AFFECTS_SUPPLIER,0.7806,SYNTHETIC_DEMO
LOC00973,SUP00973,LOCATION_AFFECTS_SUPPLIER,0.6244,SYNTHETIC_DEMO
LOC00974,SUP00974,LOCATION_AFFECTS_SUPPLIER,0.5143,SYNTHETIC_DEMO
LOC00975,SUP00975,LOCATION_AFFECTS_SUPPLIER,0.9865,SYNTHETIC_DEMO
LOC00976,SUP00976,LOCATION_AFFECTS_SUPPLIER,0.8307,SYNTHETIC_DEMO
LOC00977,SUP00977,LOCATION_AFFECTS_SUPPLIER,0.6893,SYNTHETIC_DEMO
LOC00978,SUP00978,LOCATION_AFFECTS_SUPPLIER,0.9549,SYNTHETIC_DEMO
LOC00979,SUP00979,LOCATION_AFFECTS_SUPPLIER,0.9372,SYNTHETIC_DEMO
LOC00980,SUP00980,LOCATION_AFFECTS_SUPPLIER,0.5176,SYNTHETIC_DEMO
LOC00981,SUP00981,LOCATION_AFFECTS_SUPPLIER,0.4355,SYNTHETIC_DEMO
LOC00982,SUP00982,LOCATION_AFFECTS_SUPPLIER,0.5343,SYNTHETIC_DEMO
LOC00983,SUP00983,LOCATION_AFFECTS_SUPPLIER,0.8051,SYNTHETIC_DEMO
LOC00984,SUP00984,LOCATION_AFFECTS_SUPPLIER,0.498,SYNTHETIC_DEMO
LOC00985,SUP00985,LOCATION_AFFECTS_SUPPLIER,0.6978,SYNTHETIC_DEMO
LOC00986,SUP00986,LOCATION_AFFECTS_SUPPLIER,0.6629,SYNTHETIC_DEMO
LOC00987,SUP00987,LOCATION_AFFECTS_SUPPLIER,0.8792,SYNTHETIC_DEMO
LOC00988,SUP00988,LOCATION_AFFECTS_SUPPLIER,0.7365,SYNTHETIC_DEMO
LOC00989,SUP00989,LOCATION_AFFECTS_SUPPLIER,0.5552,SYNTHETIC_DEMO
LOC00990,SUP00990,LOCATION_AFFECTS_SUPPLIER,0.806,SYNTHETIC_DEMO
LOC00991,SUP00991,LOCATION_AFFECTS_SUPPLIER,0.4267,SYNTHETIC_DEMO
LOC00992,SUP00992,LOCATION_AFFECTS_SUPPLIER,0.7805,SYNTHETIC_DEMO
LOC00993,SUP00993,LOCATION_AFFECTS_SUPPLIER,0.6187,SYNTHETIC_DEMO
LOC00994,SUP00994,LOCATION_AFFECTS_SUPPLIER,0.6961,SYNTHETIC_DEMO
LOC00995,SUP00995,LOCATION_AFFECTS_SUPPLIER,0.5575,SYNTHETIC_DEMO
LOC00996,SUP00996,LOCATION_AFFECTS_SUPPLIER,0.7683,SYNTHETIC_DEMO
LOC00997,SUP00997,LOCATION_AFFECTS_SUPPLIER,0.4638,SYNTHETIC_DEMO
LOC00998,SUP00998,LOCATION_AFFECTS_SUPPLIER,0.8014,SYNTHETIC_DEMO
LOC00999,SUP00999,LOCATION_AFFECTS_SUPPLIER,0.6254,SYNTHETIC_DEMO
LOC01000,SUP01000,LOCATION_AFFECTS_SUPPLIER,0.8687,SYNTHETIC_DEMO
LOC00001,SUP00001,LOCATION_AFFECTS_SUPPLIER,0.6544,SYNTHETIC_DEMO
