node_id,node_type,label,source,data_status
SUP00001,SUPPLIER,Apparel Supplier 0001,PROJECT_DEMO_EXPANSION,SYNTHETIC_DEMO
SUP00002,SUPPLIER,Electronics Supplier 0002,PROJECT_DEMO_EXPANSION,SYNTHETIC_DEMO
SUP00003,SUPPLIER,Automotive Supplier 0003,PROJECT_DEMO_EXPANSION,SYNTHETIC_DEMO
SUP00004,SUPPLIER,Pharma Supplier 0004,PROJECT_DEMO_EXPANSION,SYNTHETIC_DEMO
SUP00005,SUPPLIER,Chemicals Supplier 0005,PROJECT_DEMO_EXPANSION,SYNTHETIC_DEMO
SUP00006,SUPPLIER,Food Supplier 0006,PROJECT_DEMO_EXPANSION,SYNTHETIC_DEMO
SUP00007,SUPPLIER,Semiconductors Supplier 0007,PROJECT_DEMO_EXPANSION,SYNTHETIC_DEMO
SUP00008,SUPPLIER,Logistics Supplier 0008,PROJECT_DEMO_EXPANSION,SYNTHETIC_DEMO
SUP00009,SUPPLIER,Industrial Equipment Supplier 0009,PROJECT_DEMO_EXPANSION,SYNTHETIC_DEMO
SUP00010,SUPPLIER,Packaging Supplier 0010,PROJECT_DEMO_EXPANSION,SYNTHETIC_DEMO
SUP00011,SUPPLIER,Apparel Supplier 0011,PROJECT_DEMO_EXPANSION,SYNTHETIC_DEMO
SUP00012,SUPPLIER,Electronics Supplier 0012,PROJECT_DEMO_EXPANSION,SYNTHETIC_DEMO
SUP00013,SUPPLIER,Automotive Supplier 0013,PROJECT_DEMO_EXPANSION,SYNTHETIC_DEMO
SUP00014,SUPPLIER,Pharma Supplier 0014,PROJECT_DEMO_EXPANSION,SYNTHETIC_DEMO
SUP00015,SUPPLIER,Chemicals Supplier 0015,PROJECT_DEMO_EXPANSION,SYNTHETIC_DEMO
SUP00016,SUPPLIER,Food Supplier 0016,PROJECT_DEMO_EXPANSION,SYNTHETIC_DEMO
SUP00017,SUPPLIER,Semiconductors Supplier 0017,PROJECT_DEMO_EXPANSION,SYNTHETIC_DEMO
SUP00018,SUPPLIER,Logistics Supplier 0018,PROJECT_DEMO_EXPANSION,SYNTHETIC_DEMO
SUP00019,SUPPLIER,Industrial Equipment Supplier 0019,PROJECT_DEMO_EXPANSION,SYNTHETIC_DEMO
SUP00020,SUPPLIER,Packaging Supplier 0020,PROJECT_DEMO_EXPANSION,SYNTHETIC_DEMO
SUP00021,SUPPLIER,Apparel Supplier 0021,PROJECT_DEMO_EXPANSION,SYNTHETIC_DEMO
SUP00022,SUPPLIER,Electronics Supplier 0022,PROJECT_DEMO_EXPANSION,SYNTHETIC_DEMO
SUP00023,SUPPLIER,Automotive Supplier 0023,PROJECT_DEMO_EXPANSION,SYNTHETIC_DEMO
SUP00024,SUPPLIER,Pharma Supplier 0024,PROJECT_DEMO_EXPANSION,SYNTHETIC_DEMO
SUP00025,SUPPLIER,Chemicals Supplier 0025,PROJECT_DEMO_EXPANSION,SYNTHETIC_DEMO
SUP00026,SUPPLIER,Food Supplier 0026,PROJECT_DEMO_EXPANSION,SYNTHETIC_DEMO
SUP00027,SUPPLIER,Semiconductors Supplier 0027,PROJECT_DEMO_EXPANSION,SYNTHETIC_DEMO
SUP00028,SUPPLIER,Logistics Supplier 0028,PROJECT_DEMO_EXPANSION,SYNTHETIC_DEMO
SUP00029,SUPPLIER,Industrial Equipment Supplier 0029,PROJECT_DEMO_EXPANSION,SYNTHETIC_DEMO
SUP00030,SUPPLIER,Packaging Supplier 0030,PROJECT_DEMO_EXPANSION,SYNTHETIC_DEMO
SUP00031,SUPPLIER,Apparel Supplier 0031,PROJECT_DEMO_EXPANSION,SYNTHETIC_DEMO
SUP00032,SUPPLIER,Electronics Supplier 0032,PROJECT_DEMO_EXPANSION,SYNTHETIC_DEMO
SUP00033,SUPPLIER,Automotive Supplier 0033,PROJECT_DEMO_EXPANSION,SYNTHETIC_DEMO
SUP00034,SUPPLIER,Pharma Supplier 0034,PROJECT_DEMO_EXPANSION,SYNTHETIC_DEMO
SUP00035,SUPPLIER,Chemicals Supplier 0035,PROJECT_DEMO_EXPANSION,SYNTHETIC_DEMO
SUP00036,SUPPLIER,Food Supplier 0036,PROJECT_DEMO_EXPANSION,SYNTHETIC_DEMO
SUP00037,SUPPLIER,Semiconductors Supplier 0037,PROJECT_DEMO_EXPANSION,SYNTHETIC_DEMO
SUP00038,SUPPLIER,Logistics Supplier 0038,PROJECT_DEMO_EXPANSION,SYNTHETIC_DEMO
SUP00039,SUPPLIER,Industrial Equipment Supplier 0039,PROJECT_DEMO_EXPANSION,SYNTHETIC_DEMO
SUP00040,SUPPLIER,Packaging Supplier 0040,PROJECT_DEMO_EXPANSION,SYNTHETIC_DEMO
SUP00041,SUPPLIER,Apparel Supplier 0041,PROJECT_DEMO_EXPANSION,SYNTHETIC_DEMO
SUP00042,SUPPLIER,Electronics Supplier 0042,PROJECT_DEMO_EXPANSION,SYNTHETIC_DEMO
SUP00043,SUPPLIER,Automotive Supplier 0043,PROJECT_DEMO_EXPANSION,SYNTHETIC_DEMO
SUP00044,SUPPLIER,Pharma Supplier 0044,PROJECT_DEMO_EXPANSION,SYNTHETIC_DEMO
SUP00045,SUPPLIER,Chemicals Supplier 0045,PROJECT_DEMO_EXPANSION,SYNTHETIC_DEMO
SUP00046,SUPPLIER,Food Supplier 0046,PROJECT_DEMO_EXPANSION,SYNTHETIC_DEMO
SUP00047,SUPPLIER,Semiconductors Supplier 0047,PROJECT_DEMO_EXPANSION,SYNTHETIC_DEMO
SUP00048,SUPPLIER,Logistics Supplier 0048,PROJECT_DEMO_EXPANSION,SYNTHETIC_DEMO
SUP00049,SUPPLIER,Industrial Equipment Supplier 0049,PROJECT_DEMO_EXPANSION,SYNTHETIC_DEMO
SUP00050,SUPPLIER,Packaging Supplier 0050,PROJECT_DEMO_EXPANSION,SYNTHETIC_DEMO
SUP00051,SUPPLIER,Apparel Supplier 0051,PROJECT_DEMO_EXPANSION,SYNTHETIC_DEMO
SUP00052,SUPPLIER,Electronics Supplier 0052,PROJECT_DEMO_EXPANSION,SYNTHETIC_DEMO
SUP00053,SUPPLIER,Automotive Supplier 0053,PROJECT_DEMO_EXPANSION,SYNTHETIC_DEMO
SUP00054,SUPPLIER,Pharma Supplier 0054,PROJECT_DEMO_EXPANSION,SYNTHETIC_DEMO
SUP00055,SUPPLIER,Chemicals Supplier 0055,PROJECT_DEMO_EXPANSION,SYNTHETIC_DEMO
SUP00056,SUPPLIER,Food Supplier 0056,PROJECT_DEMO_EXPANSION,SYNTHETIC_DEMO
SUP00057,SUPPLIER,Semiconductors Supplier 0057,PROJECT_DEMO_EXPANSION,SYNTHETIC_DEMO
SUP00058,SUPPLIER,Logistics Supplier 0058,PROJECT_DEMO_EXPANSION,SYNTHETIC_DEMO
SUP00059,SUPPLIER,Industrial Equipment Supplier 0059,PROJECT_DEMO_EXPANSION,SYNTHETIC_DEMO
SUP00060,SUPPLIER,Packaging Supplier 0060,PROJECT_DEMO_EXPANSION,SYNTHETIC_DEMO
SUP00061,SUPPLIER,Apparel Supplier 0061,PROJECT_DEMO_EXPANSION,SYNTHETIC_DEMO
SUP00062,SUPPLIER,Electronics Supplier 0062,PROJECT_DEMO_EXPANSION,SYNTHETIC_DEMO
SUP00063,SUPPLIER,Automotive Supplier 0063,PROJECT_DEMO_EXPANSION,SYNTHETIC_DEMO
SUP00064,SUPPLIER,Pharma Supplier 0064,PROJECT_DEMO_EXPANSION,SYNTHETIC_DEMO
SUP00065,SUPPLIER,Chemicals Supplier 0065,PROJECT_DEMO_EXPANSION,SYNTHETIC_DEMO
SUP00066,SUPPLIER,Food Supplier 0066,PROJECT_DEMO_EXPANSION,SYNTHETIC_DEMO
SUP00067,SUPPLIER,Semiconductors Supplier 0067,PROJECT_DEMO_EXPANSION,SYNTHETIC_DEMO
SUP00068,SUPPLIER,Logistics Supplier 0068,PROJECT_DEMO_EXPANSION,SYNTHETIC_DEMO
SUP00069,SUPPLIER,Industrial Equipment Supplier 0069,PROJECT_DEMO_EXPANSION,SYNTHETIC_DEMO
SUP00070,SUPPLIER,Packaging Supplier 0070,PROJECT_DEMO_EXPANSION,SYNTHETIC_DEMO
SUP00071,SUPPLIER,Apparel Supplier 0071,PROJECT_DEMO_EXPANSION,SYNTHETIC_DEMO
SUP00072,SUPPLIER,Electronics Supplier 0072,PROJECT_DEMO_EXPANSION,SYNTHETIC_DEMO
SUP00073,SUPPLIER,Automotive Supplier 0073,PROJECT_DEMO_EXPANSION,SYNTHETIC_DEMO
SUP00074,SUPPLIER,Pharma Supplier 0074,PROJECT_DEMO_EXPANSION,SYNTHETIC_DEMO
SUP00075,SUPPLIER,Chemicals Supplier 0075,PROJECT_DEMO_EXPANSION,SYNTHETIC_DEMO
SUP00076,SUPPLIER,Food Supplier 0076,PROJECT_DEMO_EXPANSION,SYNTHETIC_DEMO
SUP00077,SUPPLIER,Semiconductors Supplier 0077,PROJECT_DEMO_EXPANSION,SYNTHETIC_DEMO
SUP00078,SUPPLIER,Logistics Supplier 0078,PROJECT_DEMO_EXPANSION,SYNTHETIC_DEMO
SUP00079,SUPPLIER,Industrial Equipment Supplier 0079,PROJECT_DEMO_EXPANSION,SYNTHETIC_DEMO
SUP00080,SUPPLIER,Packaging Supplier 0080,PROJECT_DEMO_EXPANSION,SYNTHETIC_DEMO
SUP00081,SUPPLIER,Apparel Supplier 0081,PROJECT_DEMO_EXPANSION,SYNTHETIC_DEMO
SUP00082,SUPPLIER,Electronics Supplier 0082,PROJECT_DEMO_EXPANSION,SYNTHETIC_DEMO
SUP00083,SUPPLIER,Automotive Supplier 0083,PROJECT_DEMO_EXPANSION,SYNTHETIC_DEMO
SUP00084,SUPPLIER,Pharma Supplier 0084,PROJECT_DEMO_EXPANSION,SYNTHETIC_DEMO
SUP00085,SUPPLIER,Chemicals Supplier 0085,PROJECT_DEMO_EXPANSION,SYNTHETIC_DEMO
SUP00086,SUPPLIER,Food Supplier 0086,PROJECT_DEMO_EXPANSION,SYNTHETIC_DEMO
SUP00087,SUPPLIER,Semiconductors Supplier 0087,PROJECT_DEMO_EXPANSION,SYNTHETIC_DEMO
SUP00088,SUPPLIER,Logistics Supplier 0088,PROJECT_DEMO_EXPANSION,SYNTHETIC_DEMO
SUP00089,SUPPLIER,Industrial Equipment Supplier 0089,PROJECT_DEMO_EXPANSION,SYNTHETIC_DEMO
SUP00090,SUPPLIER,Packaging Supplier 0090,PROJECT_DEMO_EXPANSION,SYNTHETIC_DEMO
SUP00091,SUPPLIER,Apparel Supplier 0091,PROJECT_DEMO_EXPANSION,SYNTHETIC_DEMO
SUP00092,SUPPLIER,Electronics Supplier 0092,PROJECT_DEMO_EXPANSION,SYNTHETIC_DEMO
SUP00093,SUPPLIER,Automotive Supplier 0093,PROJECT_DEMO_EXPANSION,SYNTHETIC_DEMO
SUP00094,SUPPLIER,Pharma Supplier 0094,PROJECT_DEMO_EXPANSION,SYNTHETIC_DEMO
SUP00095,SUPPLIER,Chemicals Supplier 0095,PROJECT_DEMO_EXPANSION,SYNTHETIC_DEMO
SUP00096,SUPPLIER,Food Supplier 0096,PROJECT_DEMO_EXPANSION,SYNTHETIC_DEMO
SUP00097,SUPPLIER,Semiconductors Supplier 0097,PROJECT_DEMO_EXPANSION,SYNTHETIC_DEMO
SUP00098,SUPPLIER,Logistics Supplier 0098,PROJECT_DEMO_EXPANSION,SYNTHETIC_DEMO
SUP00099,SUPPLIER,Industrial Equipment Supplier 0099,PROJECT_DEMO_EXPANSION,SYNTHETIC_DEMO
SUP00100,SUPPLIER,Packaging Supplier 0100,PROJECT_DEMO_EXPANSION,SYNTHETIC_DEMO
SUP00101,SUPPLIER,Apparel Supplier 0101,PROJECT_DEMO_EXPANSION,SYNTHETIC_DEMO
SUP00102,SUPPLIER,Electronics Supplier 0102,PROJECT_DEMO_EXPANSION,SYNTHETIC_DEMO
SUP00103,SUPPLIER,Automotive Supplier 0103,PROJECT_DEMO_EXPANSION,SYNTHETIC_DEMO
SUP00104,SUPPLIER,Pharma Supplier 0104,PROJECT_DEMO_EXPANSION,SYNTHETIC_DEMO
SUP00105,SUPPLIER,Chemicals Supplier 0105,PROJECT_DEMO_EXPANSION,SYNTHETIC_DEMO
SUP00106,SUPPLIER,Food Supplier 0106,PROJECT_DEMO_EXPANSION,SYNTHETIC_DEMO
SUP00107,SUPPLIER,Semiconductors Supplier 0107,PROJECT_DEMO_EXPANSION,SYNTHETIC_DEMO
SUP00108,SUPPLIER,Logistics Supplier 0108,PROJECT_DEMO_EXPANSION,SYNTHETIC_DEMO
SUP00109,SUPPLIER,Industrial Equipment Supplier 0109,PROJECT_DEMO_EXPANSION,SYNTHETIC_DEMO
SUP00110,SUPPLIER,Packaging Supplier 0110,PROJECT_DEMO_EXPANSION,SYNTHETIC_DEMO
SUP00111,SUPPLIER,Apparel Supplier 0111,PROJECT_DEMO_EXPANSION,SYNTHETIC_DEMO
SUP00112,SUPPLIER,Electronics Supplier 0112,PROJECT_DEMO_EXPANSION,SYNTHETIC_DEMO
SUP00113,SUPPLIER,Automotive Supplier 0113,PROJECT_DEMO_EXPANSION,SYNTHETIC_DEMO
SUP00114,SUPPLIER,Pharma Supplier 0114,PROJECT_DEMO_EXPANSION,SYNTHETIC_DEMO
SUP00115,SUPPLIER,Chemicals Supplier 0115,PROJECT_DEMO_EXPANSION,SYNTHETIC_DEMO
SUP00116,SUPPLIER,Food Supplier 0116,PROJECT_DEMO_EXPANSION,SYNTHETIC_DEMO
SUP00117,SUPPLIER,Semiconductors Supplier 0117,PROJECT_DEMO_EXPANSION,SYNTHETIC_DEMO
SUP00118,SUPPLIER,Logistics Supplier 0118,PROJECT_DEMO_EXPANSION,SYNTHETIC_DEMO
SUP00119,SUPPLIER,Industrial Equipment Supplier 0119,PROJECT_DEMO_EXPANSION,SYNTHETIC_DEMO
SUP00120,SUPPLIER,Packaging Supplier 0120,PROJECT_DEMO_EXPANSION,SYNTHETIC_DEMO
SUP00121,SUPPLIER,Apparel Supplier 0121,PROJECT_DEMO_EXPANSION,SYNTHETIC_DEMO
SUP00122,SUPPLIER,Electronics Supplier 0122,PROJECT_DEMO_EXPANSION,SYNTHETIC_DEMO
SUP00123,SUPPLIER,Automotive Supplier 0123,PROJECT_DEMO_EXPANSION,SYNTHETIC_DEMO
SUP00124,SUPPLIER,Pharma Supplier 0124,PROJECT_DEMO_EXPANSION,SYNTHETIC_DEMO
SUP00125,SUPPLIER,Chemicals Supplier 0125,PROJECT_DEMO_EXPANSION,SYNTHETIC_DEMO
SUP00126,SUPPLIER,Food Supplier 0126,PROJECT_DEMO_EXPANSION,SYNTHETIC_DEMO
SUP00127,SUPPLIER,Semiconductors Supplier 0127,PROJECT_DEMO_EXPANSION,SYNTHETIC_DEMO
SUP00128,SUPPLIER,Logistics Supplier 0128,PROJECT_DEMO_EXPANSION,SYNTHETIC_DEMO
SUP00129,SUPPLIER,Industrial Equipment Supplier 0129,PROJECT_DEMO_EXPANSION,SYNTHETIC_DEMO
SUP00130,SUPPLIER,Packaging Supplier 0130,PROJECT_DEMO_EXPANSION,SYNTHETIC_DEMO
SUP00131,SUPPLIER,Apparel Supplier 0131,PROJECT_DEMO_EXPANSION,SYNTHETIC_DEMO
SUP00132,SUPPLIER,Electronics Supplier 0132,PROJECT_DEMO_EXPANSION,SYNTHETIC_DEMO
SUP00133,SUPPLIER,Automotive Supplier 0133,PROJECT_DEMO_EXPANSION,SYNTHETIC_DEMO
SUP00134,SUPPLIER,Pharma Supplier 0134,PROJECT_DEMO_EXPANSION,SYNTHETIC_DEMO
SUP00135,SUPPLIER,Chemicals Supplier 0135,PROJECT_DEMO_EXPANSION,SYNTHETIC_DEMO
SUP00136,SUPPLIER,Food Supplier 0136,PROJECT_DEMO_EXPANSION,SYNTHETIC_DEMO
SUP00137,SUPPLIER,Semiconductors Supplier 0137,PROJECT_DEMO_EXPANSION,SYNTHETIC_DEMO
SUP00138,SUPPLIER,Logistics Supplier 0138,PROJECT_DEMO_EXPANSION,SYNTHETIC_DEMO
SUP00139,SUPPLIER,Industrial Equipment Supplier 0139,PROJECT_DEMO_EXPANSION,SYNTHETIC_DEMO
SUP00140,SUPPLIER,Packaging Supplier 0140,PROJECT_DEMO_EXPANSION,SYNTHETIC_DEMO
SUP00141,SUPPLIER,Apparel Supplier 0141,PROJECT_DEMO_EXPANSION,SYNTHETIC_DEMO
SUP00142,SUPPLIER,Electronics Supplier 0142,PROJECT_DEMO_EXPANSION,SYNTHETIC_DEMO
SUP00143,SUPPLIER,Automotive Supplier 0143,PROJECT_DEMO_EXPANSION,SYNTHETIC_DEMO
SUP00144,SUPPLIER,Pharma Supplier 0144,PROJECT_DEMO_EXPANSION,SYNTHETIC_DEMO
SUP00145,SUPPLIER,Chemicals Supplier 0145,PROJECT_DEMO_EXPANSION,SYNTHETIC_DEMO
SUP00146,SUPPLIER,Food Supplier 0146,PROJECT_DEMO_EXPANSION,SYNTHETIC_DEMO
SUP00147,SUPPLIER,Semiconductors Supplier 0147,PROJECT_DEMO_EXPANSION,SYNTHETIC_DEMO
SUP00148,SUPPLIER,Logistics Supplier 0148,PROJECT_DEMO_EXPANSION,SYNTHETIC_DEMO
SUP00149,SUPPLIER,Industrial Equipment Supplier 0149,PROJECT_DEMO_EXPANSION,SYNTHETIC_DEMO
SUP00150,SUPPLIER,Packaging Supplier 0150,PROJECT_DEMO_EXPANSION,SYNTHETIC_DEMO
SUP00151,SUPPLIER,Apparel Supplier 0151,PROJECT_DEMO_EXPANSION,SYNTHETIC_DEMO
SUP00152,SUPPLIER,Electronics Supplier 0152,PROJECT_DEMO_EXPANSION,SYNTHETIC_DEMO
SUP00153,SUPPLIER,Automotive Supplier 0153,PROJECT_DEMO_EXPANSION,SYNTHETIC_DEMO
SUP00154,SUPPLIER,Pharma Supplier 0154,PROJECT_DEMO_EXPANSION,SYNTHETIC_DEMO
SUP00155,SUPPLIER,Chemicals Supplier 0155,PROJECT_DEMO_EXPANSION,SYNTHETIC_DEMO
SUP00156,SUPPLIER,Food Supplier 0156,PROJECT_DEMO_EXPANSION,SYNTHETIC_DEMO
SUP00157,SUPPLIER,Semiconductors Supplier 0157,PROJECT_DEMO_EXPANSION,SYNTHETIC_DEMO
SUP00158,SUPPLIER,Logistics Supplier 0158,PROJECT_DEMO_EXPANSION,SYNTHETIC_DEMO
SUP00159,SUPPLIER,Industrial Equipment Supplier 0159,PROJECT_DEMO_EXPANSION,SYNTHETIC_DEMO
SUP00160,SUPPLIER,Packaging Supplier 0160,PROJECT_DEMO_EXPANSION,SYNTHETIC_DEMO
SUP00161,SUPPLIER,Apparel Supplier 0161,PROJECT_DEMO_EXPANSION,SYNTHETIC_DEMO
SUP00162,SUPPLIER,Electronics Supplier 0162,PROJECT_DEMO_EXPANSION,SYNTHETIC_DEMO
SUP00163,SUPPLIER,Automotive Supplier 0163,PROJECT_DEMO_EXPANSION,SYNTHETIC_DEMO
SUP00164,SUPPLIER,Pharma Supplier 0164,PROJECT_DEMO_EXPANSION,SYNTHETIC_DEMO
SUP00165,SUPPLIER,Chemicals Supplier 0165,PROJECT_DEMO_EXPANSION,SYNTHETIC_DEMO
SUP00166,SUPPLIER,Food Supplier 0166,PROJECT_DEMO_EXPANSION,SYNTHETIC_DEMO
SUP00167,SUPPLIER,Semiconductors Supplier 0167,PROJECT_DEMO_EXPANSION,SYNTHETIC_DEMO
SUP00168,SUPPLIER,Logistics Supplier 0168,PROJECT_DEMO_EXPANSION,SYNTHETIC_DEMO
SUP00169,SUPPLIER,Industrial Equipment Supplier 0169,PROJECT_DEMO_EXPANSION,SYNTHETIC_DEMO
SUP00170,SUPPLIER,Packaging Supplier 0170,PROJECT_DEMO_EXPANSION,SYNTHETIC_DEMO
SUP00171,SUPPLIER,Apparel Supplier 0171,PROJECT_DEMO_EXPANSION,SYNTHETIC_DEMO
SUP00172,SUPPLIER,Electronics Supplier 0172,PROJECT_DEMO_EXPANSION,SYNTHETIC_DEMO
SUP00173,SUPPLIER,Automotive Supplier 0173,PROJECT_DEMO_EXPANSION,SYNTHETIC_DEMO
SUP00174,SUPPLIER,Pharma Supplier 0174,PROJECT_DEMO_EXPANSION,SYNTHETIC_DEMO
SUP00175,SUPPLIER,Chemicals Supplier 0175,PROJECT_DEMO_EXPANSION,SYNTHETIC_DEMO
SUP00176,SUPPLIER,Food Supplier 0176,PROJECT_DEMO_EXPANSION,SYNTHETIC_DEMO
SUP00177,SUPPLIER,Semiconductors Supplier 0177,PROJECT_DEMO_EXPANSION,SYNTHETIC_DEMO
SUP00178,SUPPLIER,Logistics Supplier 0178,PROJECT_DEMO_EXPANSION,SYNTHETIC_DEMO
SUP00179,SUPPLIER,Industrial Equipment Supplier 0179,PROJECT_DEMO_EXPANSION,SYNTHETIC_DEMO
SUP00180,SUPPLIER,Packaging Supplier 0180,PROJECT_DEMO_EXPANSION,SYNTHETIC_DEMO
SUP00181,SUPPLIER,Apparel Supplier 0181,PROJECT_DEMO_EXPANSION,SYNTHETIC_DEMO
SUP00182,SUPPLIER,Electronics Supplier 0182,PROJECT_DEMO_EXPANSION,SYNTHETIC_DEMO
SUP00183,SUPPLIER,Automotive Supplier 0183,PROJECT_DEMO_EXPANSION,SYNTHETIC_DEMO
SUP00184,SUPPLIER,Pharma Supplier 0184,PROJECT_DEMO_EXPANSION,SYNTHETIC_DEMO
SUP00185,SUPPLIER,Chemicals Supplier 0185,PROJECT_DEMO_EXPANSION,SYNTHETIC_DEMO
SUP00186,SUPPLIER,Food Supplier 0186,PROJECT_DEMO_EXPANSION,SYNTHETIC_DEMO
SUP00187,SUPPLIER,Semiconductors Supplier 0187,PROJECT_DEMO_EXPANSION,SYNTHETIC_DEMO
SUP00188,SUPPLIER,Logistics Supplier 0188,PROJECT_DEMO_EXPANSION,SYNTHETIC_DEMO
SUP00189,SUPPLIER,Industrial Equipment Supplier 0189,PROJECT_DEMO_EXPANSION,SYNTHETIC_DEMO
SUP00190,SUPPLIER,Packaging Supplier 0190,PROJECT_DEMO_EXPANSION,SYNTHETIC_DEMO
SUP00191,SUPPLIER,Apparel Supplier 0191,PROJECT_DEMO_EXPANSION,SYNTHETIC_DEMO
SUP00192,SUPPLIER,Electronics Supplier 0192,PROJECT_DEMO_EXPANSION,SYNTHETIC_DEMO
SUP00193,SUPPLIER,Automotive Supplier 0193,PROJECT_DEMO_EXPANSION,SYNTHETIC_DEMO
SUP00194,SUPPLIER,Pharma Supplier 0194,PROJECT_DEMO_EXPANSION,SYNTHETIC_DEMO
SUP00195,SUPPLIER,Chemicals Supplier 0195,PROJECT_DEMO_EXPANSION,SYNTHETIC_DEMO
SUP00196,SUPPLIER,Food Supplier 0196,PROJECT_DEMO_EXPANSION,SYNTHETIC_DEMO
SUP00197,SUPPLIER,Semiconductors Supplier 0197,PROJECT_DEMO_EXPANSION,SYNTHETIC_DEMO
SUP00198,SUPPLIER,Logistics Supplier 0198,PROJECT_DEMO_EXPANSION,SYNTHETIC_DEMO
SUP00199,SUPPLIER,Industrial Equipment Supplier 0199,PROJECT_DEMO_EXPANSION,SYNTHETIC_DEMO
SUP00200,SUPPLIER,Packaging Supplier 0200,PROJECT_DEMO_EXPANSION,SYNTHETIC_DEMO
SUP00201,SUPPLIER,Apparel Supplier 0201,PROJECT_DEMO_EXPANSION,SYNTHETIC_DEMO
SUP00202,SUPPLIER,Electronics Supplier 0202,PROJECT_DEMO_EXPANSION,SYNTHETIC_DEMO
SUP00203,SUPPLIER,Automotive Supplier 0203,PROJECT_DEMO_EXPANSION,SYNTHETIC_DEMO
SUP00204,SUPPLIER,Pharma Supplier 0204,PROJECT_DEMO_EXPANSION,SYNTHETIC_DEMO
SUP00205,SUPPLIER,Chemicals Supplier 0205,PROJECT_DEMO_EXPANSION,SYNTHETIC_DEMO
SUP00206,SUPPLIER,Food Supplier 0206,PROJECT_DEMO_EXPANSION,SYNTHETIC_DEMO
SUP00207,SUPPLIER,Semiconductors Supplier 0207,PROJECT_DEMO_EXPANSION,SYNTHETIC_DEMO
SUP00208,SUPPLIER,Logistics Supplier 0208,PROJECT_DEMO_EXPANSION,SYNTHETIC_DEMO
SUP00209,SUPPLIER,Industrial Equipment Supplier 0209,PROJECT_DEMO_EXPANSION,SYNTHETIC_DEMO
SUP00210,SUPPLIER,Packaging Supplier 0210,PROJECT_DEMO_EXPANSION,SYNTHETIC_DEMO
SUP00211,SUPPLIER,Apparel Supplier 0211,PROJECT_DEMO_EXPANSION,SYNTHETIC_DEMO
SUP00212,SUPPLIER,Electronics Supplier 0212,PROJECT_DEMO_EXPANSION,SYNTHETIC_DEMO
SUP00213,SUPPLIER,Automotive Supplier 0213,PROJECT_DEMO_EXPANSION,SYNTHETIC_DEMO
SUP00214,SUPPLIER,Pharma Supplier 0214,PROJECT_DEMO_EXPANSION,SYNTHETIC_DEMO
SUP00215,SUPPLIER,Chemicals Supplier 0215,PROJECT_DEMO_EXPANSION,SYNTHETIC_DEMO
SUP00216,SUPPLIER,Food Supplier 0216,PROJECT_DEMO_EXPANSION,SYNTHETIC_DEMO
SUP00217,SUPPLIER,Semiconductors Supplier 0217,PROJECT_DEMO_EXPANSION,SYNTHETIC_DEMO
SUP00218,SUPPLIER,Logistics Supplier 0218,PROJECT_DEMO_EXPANSION,SYNTHETIC_DEMO
SUP00219,SUPPLIER,Industrial Equipment Supplier 0219,PROJECT_DEMO_EXPANSION,SYNTHETIC_DEMO
SUP00220,SUPPLIER,Packaging Supplier 0220,PROJECT_DEMO_EXPANSION,SYNTHETIC_DEMO
SUP00221,SUPPLIER,Apparel Supplier 0221,PROJECT_DEMO_EXPANSION,SYNTHETIC_DEMO
SUP00222,SUPPLIER,Electronics Supplier 0222,PROJECT_DEMO_EXPANSION,SYNTHETIC_DEMO
SUP00223,SUPPLIER,Automotive Supplier 0223,PROJECT_DEMO_EXPANSION,SYNTHETIC_DEMO
SUP00224,SUPPLIER,Pharma Supplier 0224,PROJECT_DEMO_EXPANSION,SYNTHETIC_DEMO
SUP00225,SUPPLIER,Chemicals Supplier 0225,PROJECT_DEMO_EXPANSION,SYNTHETIC_DEMO
SUP00226,SUPPLIER,Food Supplier 0226,PROJECT_DEMO_EXPANSION,SYNTHETIC_DEMO
SUP00227,SUPPLIER,Semiconductors Supplier 0227,PROJECT_DEMO_EXPANSION,SYNTHETIC_DEMO
SUP00228,SUPPLIER,Logistics Supplier 0228,PROJECT_DEMO_EXPANSION,SYNTHETIC_DEMO
SUP00229,SUPPLIER,Industrial Equipment Supplier 0229,PROJECT_DEMO_EXPANSION,SYNTHETIC_DEMO
SUP00230,SUPPLIER,Packaging Supplier 0230,PROJECT_DEMO_EXPANSION,SYNTHETIC_DEMO
SUP00231,SUPPLIER,Apparel Supplier 0231,PROJECT_DEMO_EXPANSION,SYNTHETIC_DEMO
SUP00232,SUPPLIER,Electronics Supplier 0232,PROJECT_DEMO_EXPANSION,SYNTHETIC_DEMO
SUP00233,SUPPLIER,Automotive Supplier 0233,PROJECT_DEMO_EXPANSION,SYNTHETIC_DEMO
SUP00234,SUPPLIER,Pharma Supplier 0234,PROJECT_DEMO_EXPANSION,SYNTHETIC_DEMO
SUP00235,SUPPLIER,Chemicals Supplier 0235,PROJECT_DEMO_EXPANSION,SYNTHETIC_DEMO
SUP00236,SUPPLIER,Food Supplier 0236,PROJECT_DEMO_EXPANSION,SYNTHETIC_DEMO
SUP00237,SUPPLIER,Semiconductors Supplier 0237,PROJECT_DEMO_EXPANSION,SYNTHETIC_DEMO
SUP00238,SUPPLIER,Logistics Supplier 0238,PROJECT_DEMO_EXPANSION,SYNTHETIC_DEMO
SUP00239,SUPPLIER,Industrial Equipment Supplier 0239,PROJECT_DEMO_EXPANSION,SYNTHETIC_DEMO
SUP00240,SUPPLIER,Packaging Supplier 0240,PROJECT_DEMO_EXPANSION,SYNTHETIC_DEMO
SUP00241,SUPPLIER,Apparel Supplier 0241,PROJECT_DEMO_EXPANSION,SYNTHETIC_DEMO
SUP00242,SUPPLIER,Electronics Supplier 0242,PROJECT_DEMO_EXPANSION,SYNTHETIC_DEMO
SUP00243,SUPPLIER,Automotive Supplier 0243,PROJECT_DEMO_EXPANSION,SYNTHETIC_DEMO
SUP00244,SUPPLIER,Pharma Supplier 0244,PROJECT_DEMO_EXPANSION,SYNTHETIC_DEMO
SUP00245,SUPPLIER,Chemicals Supplier 0245,PROJECT_DEMO_EXPANSION,SYNTHETIC_DEMO
SUP00246,SUPPLIER,Food Supplier 0246,PROJECT_DEMO_EXPANSION,SYNTHETIC_DEMO
SUP00247,SUPPLIER,Semiconductors Supplier 0247,PROJECT_DEMO_EXPANSION,SYNTHETIC_DEMO
SUP00248,SUPPLIER,Logistics Supplier 0248,PROJECT_DEMO_EXPANSION,SYNTHETIC_DEMO
SUP00249,SUPPLIER,Industrial Equipment Supplier 0249,PROJECT_DEMO_EXPANSION,SYNTHETIC_DEMO
SUP00250,SUPPLIER,Packaging Supplier 0250,PROJECT_DEMO_EXPANSION,SYNTHETIC_DEMO
SUP00251,SUPPLIER,Apparel Supplier 0251,PROJECT_DEMO_EXPANSION,SYNTHETIC_DEMO
SUP00252,SUPPLIER,Electronics Supplier 0252,PROJECT_DEMO_EXPANSION,SYNTHETIC_DEMO
SUP00253,SUPPLIER,Automotive Supplier 0253,PROJECT_DEMO_EXPANSION,SYNTHETIC_DEMO
SUP00254,SUPPLIER,Pharma Supplier 0254,PROJECT_DEMO_EXPANSION,SYNTHETIC_DEMO
SUP00255,SUPPLIER,Chemicals Supplier 0255,PROJECT_DEMO_EXPANSION,SYNTHETIC_DEMO
SUP00256,SUPPLIER,Food Supplier 0256,PROJECT_DEMO_EXPANSION,SYNTHETIC_DEMO
SUP00257,SUPPLIER,Semiconductors Supplier 0257,PROJECT_DEMO_EXPANSION,SYNTHETIC_DEMO
SUP00258,SUPPLIER,Logistics Supplier 0258,PROJECT_DEMO_EXPANSION,SYNTHETIC_DEMO
SUP00259,SUPPLIER,Industrial Equipment Supplier 0259,PROJECT_DEMO_EXPANSION,SYNTHETIC_DEMO
SUP00260,SUPPLIER,Packaging Supplier 0260,PROJECT_DEMO_EXPANSION,SYNTHETIC_DEMO
SUP00261,SUPPLIER,Apparel Supplier 0261,PROJECT_DEMO_EXPANSION,SYNTHETIC_DEMO
SUP00262,SUPPLIER,Electronics Supplier 0262,PROJECT_DEMO_EXPANSION,SYNTHETIC_DEMO
SUP00263,SUPPLIER,Automotive Supplier 0263,PROJECT_DEMO_EXPANSION,SYNTHETIC_DEMO
SUP00264,SUPPLIER,Pharma Supplier 0264,PROJECT_DEMO_EXPANSION,SYNTHETIC_DEMO
SUP00265,SUPPLIER,Chemicals Supplier 0265,PROJECT_DEMO_EXPANSION,SYNTHETIC_DEMO
SUP00266,SUPPLIER,Food Supplier 0266,PROJECT_DEMO_EXPANSION,SYNTHETIC_DEMO
SUP00267,SUPPLIER,Semiconductors Supplier 0267,PROJECT_DEMO_EXPANSION,SYNTHETIC_DEMO
SUP00268,SUPPLIER,Logistics Supplier 0268,PROJECT_DEMO_EXPANSION,SYNTHETIC_DEMO
SUP00269,SUPPLIER,Industrial Equipment Supplier 0269,PROJECT_DEMO_EXPANSION,SYNTHETIC_DEMO
SUP00270,SUPPLIER,Packaging Supplier 0270,PROJECT_DEMO_EXPANSION,SYNTHETIC_DEMO
SUP00271,SUPPLIER,Apparel Supplier 0271,PROJECT_DEMO_EXPANSION,SYNTHETIC_DEMO
SUP00272,SUPPLIER,Electronics Supplier 0272,PROJECT_DEMO_EXPANSION,SYNTHETIC_DEMO
SUP00273,SUPPLIER,Automotive Supplier 0273,PROJECT_DEMO_EXPANSION,SYNTHETIC_DEMO
SUP00274,SUPPLIER,Pharma Supplier 0274,PROJECT_DEMO_EXPANSION,SYNTHETIC_DEMO
SUP00275,SUPPLIER,Chemicals Supplier 0275,PROJECT_DEMO_EXPANSION,SYNTHETIC_DEMO
SUP00276,SUPPLIER,Food Supplier 0276,PROJECT_DEMO_EXPANSION,SYNTHETIC_DEMO
SUP00277,SUPPLIER,Semiconductors Supplier 0277,PROJECT_DEMO_EXPANSION,SYNTHETIC_DEMO
SUP00278,SUPPLIER,Logistics Supplier 0278,PROJECT_DEMO_EXPANSION,SYNTHETIC_DEMO
SUP00279,SUPPLIER,Industrial Equipment Supplier 0279,PROJECT_DEMO_EXPANSION,SYNTHETIC_DEMO
SUP00280,SUPPLIER,Packaging Supplier 0280,PROJECT_DEMO_EXPANSION,SYNTHETIC_DEMO
SUP00281,SUPPLIER,Apparel Supplier 0281,PROJECT_DEMO_EXPANSION,SYNTHETIC_DEMO
SUP00282,SUPPLIER,Electronics Supplier 0282,PROJECT_DEMO_EXPANSION,SYNTHETIC_DEMO
SUP00283,SUPPLIER,Automotive Supplier 0283,PROJECT_DEMO_EXPANSION,SYNTHETIC_DEMO
SUP00284,SUPPLIER,Pharma Supplier 0284,PROJECT_DEMO_EXPANSION,SYNTHETIC_DEMO
SUP00285,SUPPLIER,Chemicals Supplier 0285,PROJECT_DEMO_EXPANSION,SYNTHETIC_DEMO
SUP00286,SUPPLIER,Food Supplier 0286,PROJECT_DEMO_EXPANSION,SYNTHETIC_DEMO
SUP00287,SUPPLIER,Semiconductors Supplier 0287,PROJECT_DEMO_EXPANSION,SYNTHETIC_DEMO
SUP00288,SUPPLIER,Logistics Supplier 0288,PROJECT_DEMO_EXPANSION,SYNTHETIC_DEMO
SUP00289,SUPPLIER,Industrial Equipment Supplier 0289,PROJECT_DEMO_EXPANSION,SYNTHETIC_DEMO
SUP00290,SUPPLIER,Packaging Supplier 0290,PROJECT_DEMO_EXPANSION,SYNTHETIC_DEMO
SUP00291,SUPPLIER,Apparel Supplier 0291,PROJECT_DEMO_EXPANSION,SYNTHETIC_DEMO
SUP00292,SUPPLIER,Electronics Supplier 0292,PROJECT_DEMO_EXPANSION,SYNTHETIC_DEMO
SUP00293,SUPPLIER,Automotive Supplier 0293,PROJECT_DEMO_EXPANSION,SYNTHETIC_DEMO
SUP00294,SUPPLIER,Pharma Supplier 0294,PROJECT_DEMO_EXPANSION,SYNTHETIC_DEMO
SUP00295,SUPPLIER,Chemicals Supplier 0295,PROJECT_DEMO_EXPANSION,SYNTHETIC_DEMO
SUP00296,SUPPLIER,Food Supplier 0296,PROJECT_DEMO_EXPANSION,SYNTHETIC_DEMO
SUP00297,SUPPLIER,Semiconductors Supplier 0297,PROJECT_DEMO_EXPANSION,SYNTHETIC_DEMO
SUP00298,SUPPLIER,Logistics Supplier 0298,PROJECT_DEMO_EXPANSION,SYNTHETIC_DEMO
SUP00299,SUPPLIER,Industrial Equipment Supplier 0299,PROJECT_DEMO_EXPANSION,SYNTHETIC_DEMO
SUP00300,SUPPLIER,Packaging Supplier 0300,PROJECT_DEMO_EXPANSION,SYNTHETIC_DEMO
SUP00301,SUPPLIER,Apparel Supplier 0301,PROJECT_DEMO_EXPANSION,SYNTHETIC_DEMO
SUP00302,SUPPLIER,Electronics Supplier 0302,PROJECT_DEMO_EXPANSION,SYNTHETIC_DEMO
SUP00303,SUPPLIER,Automotive Supplier 0303,PROJECT_DEMO_EXPANSION,SYNTHETIC_DEMO
SUP00304,SUPPLIER,Pharma Supplier 0304,PROJECT_DEMO_EXPANSION,SYNTHETIC_DEMO
SUP00305,SUPPLIER,Chemicals Supplier 0305,PROJECT_DEMO_EXPANSION,SYNTHETIC_DEMO
SUP00306,SUPPLIER,Food Supplier 0306,PROJECT_DEMO_EXPANSION,SYNTHETIC_DEMO
SUP00307,SUPPLIER,Semiconductors Supplier 0307,PROJECT_DEMO_EXPANSION,SYNTHETIC_DEMO
SUP00308,SUPPLIER,Logistics Supplier 0308,PROJECT_DEMO_EXPANSION,SYNTHETIC_DEMO
SUP00309,SUPPLIER,Industrial Equipment Supplier 0309,PROJECT_DEMO_EXPANSION,SYNTHETIC_DEMO
SUP00310,SUPPLIER,Packaging Supplier 0310,PROJECT_DEMO_EXPANSION,SYNTHETIC_DEMO
SUP00311,SUPPLIER,Apparel Supplier 0311,PROJECT_DEMO_EXPANSION,SYNTHETIC_DEMO
SUP00312,SUPPLIER,Electronics Supplier 0312,PROJECT_DEMO_EXPANSION,SYNTHETIC_DEMO
SUP00313,SUPPLIER,Automotive Supplier 0313,PROJECT_DEMO_EXPANSION,SYNTHETIC_DEMO
SUP00314,SUPPLIER,Pharma Supplier 0314,PROJECT_DEMO_EXPANSION,SYNTHETIC_DEMO
SUP00315,SUPPLIER,Chemicals Supplier 0315,PROJECT_DEMO_EXPANSION,SYNTHETIC_DEMO
SUP00316,SUPPLIER,Food Supplier 0316,PROJECT_DEMO_EXPANSION,SYNTHETIC_DEMO
SUP00317,SUPPLIER,Semiconductors Supplier 0317,PROJECT_DEMO_EXPANSION,SYNTHETIC_DEMO
SUP00318,SUPPLIER,Logistics Supplier 0318,PROJECT_DEMO_EXPANSION,SYNTHETIC_DEMO
SUP00319,SUPPLIER,Industrial Equipment Supplier 0319,PROJECT_DEMO_EXPANSION,SYNTHETIC_DEMO
SUP00320,SUPPLIER,Packaging Supplier 0320,PROJECT_DEMO_EXPANSION,SYNTHETIC_DEMO
SUP00321,SUPPLIER,Apparel Supplier 0321,PROJECT_DEMO_EXPANSION,SYNTHETIC_DEMO
SUP00322,SUPPLIER,Electronics Supplier 0322,PROJECT_DEMO_EXPANSION,SYNTHETIC_DEMO
SUP00323,SUPPLIER,Automotive Supplier 0323,PROJECT_DEMO_EXPANSION,SYNTHETIC_DEMO
SUP00324,SUPPLIER,Pharma Supplier 0324,PROJECT_DEMO_EXPANSION,SYNTHETIC_DEMO
SUP00325,SUPPLIER,Chemicals Supplier 0325,PROJECT_DEMO_EXPANSION,SYNTHETIC_DEMO
SUP00326,SUPPLIER,Food Supplier 0326,PROJECT_DEMO_EXPANSION,SYNTHETIC_DEMO
SUP00327,SUPPLIER,Semiconductors Supplier 0327,PROJECT_DEMO_EXPANSION,SYNTHETIC_DEMO
SUP00328,SUPPLIER,Logistics Supplier 0328,PROJECT_DEMO_EXPANSION,SYNTHETIC_DEMO
SUP00329,SUPPLIER,Industrial Equipment Supplier 0329,PROJECT_DEMO_EXPANSION,SYNTHETIC_DEMO
SUP00330,SUPPLIER,Packaging Supplier 0330,PROJECT_DEMO_EXPANSION,SYNTHETIC_DEMO
SUP00331,SUPPLIER,Apparel Supplier 0331,PROJECT_DEMO_EXPANSION,SYNTHETIC_DEMO
SUP00332,SUPPLIER,Electronics Supplier 0332,PROJECT_DEMO_EXPANSION,SYNTHETIC_DEMO
SUP00333,SUPPLIER,Automotive Supplier 0333,PROJECT_DEMO_EXPANSION,SYNTHETIC_DEMO
SUP00334,SUPPLIER,Pharma Supplier 0334,PROJECT_DEMO_EXPANSION,SYNTHETIC_DEMO
SUP00335,SUPPLIER,Chemicals Supplier 0335,PROJECT_DEMO_EXPANSION,SYNTHETIC_DEMO
SUP00336,SUPPLIER,Food Supplier 0336,PROJECT_DEMO_EXPANSION,SYNTHETIC_DEMO
SUP00337,SUPPLIER,Semiconductors Supplier 0337,PROJECT_DEMO_EXPANSION,SYNTHETIC_DEMO
SUP00338,SUPPLIER,Logistics Supplier 0338,PROJECT_DEMO_EXPANSION,SYNTHETIC_DEMO
SUP00339,SUPPLIER,Industrial Equipment Supplier 0339,PROJECT_DEMO_EXPANSION,SYNTHETIC_DEMO
SUP00340,SUPPLIER,Packaging Supplier 0340,PROJECT_DEMO_EXPANSION,SYNTHETIC_DEMO
SUP00341,SUPPLIER,Apparel Supplier 0341,PROJECT_DEMO_EXPANSION,SYNTHETIC_DEMO
SUP00342,SUPPLIER,Electronics Supplier 0342,PROJECT_DEMO_EXPANSION,SYNTHETIC_DEMO
SUP00343,SUPPLIER,Automotive Supplier 0343,PROJECT_DEMO_EXPANSION,SYNTHETIC_DEMO
SUP00344,SUPPLIER,Pharma Supplier 0344,PROJECT_DEMO_EXPANSION,SYNTHETIC_DEMO
SUP00345,SUPPLIER,Chemicals Supplier 0345,PROJECT_DEMO_EXPANSION,SYNTHETIC_DEMO
SUP00346,SUPPLIER,Food Supplier 0346,PROJECT_DEMO_EXPANSION,SYNTHETIC_DEMO
SUP00347,SUPPLIER,Semiconductors Supplier 0347,PROJECT_DEMO_EXPANSION,SYNTHETIC_DEMO
SUP00348,SUPPLIER,Logistics Supplier 0348,PROJECT_DEMO_EXPANSION,SYNTHETIC_DEMO
SUP00349,SUPPLIER,Industrial Equipment Supplier 0349,PROJECT_DEMO_EXPANSION,SYNTHETIC_DEMO
SUP00350,SUPPLIER,Packaging Supplier 0350,PROJECT_DEMO_EXPANSION,SYNTHETIC_DEMO
SUP00351,SUPPLIER,Apparel Supplier 0351,PROJECT_DEMO_EXPANSION,SYNTHETIC_DEMO
SUP00352,SUPPLIER,Electronics Supplier 0352,PROJECT_DEMO_EXPANSION,SYNTHETIC_DEMO
SUP00353,SUPPLIER,Automotive Supplier 0353,PROJECT_DEMO_EXPANSION,SYNTHETIC_DEMO
SUP00354,SUPPLIER,Pharma Supplier 0354,PROJECT_DEMO_EXPANSION,SYNTHETIC_DEMO
SUP00355,SUPPLIER,Chemicals Supplier 0355,PROJECT_DEMO_EXPANSION,SYNTHETIC_DEMO
SUP00356,SUPPLIER,Food Supplier 0356,PROJECT_DEMO_EXPANSION,SYNTHETIC_DEMO
SUP00357,SUPPLIER,Semiconductors Supplier 0357,PROJECT_DEMO_EXPANSION,SYNTHETIC_DEMO
SUP00358,SUPPLIER,Logistics Supplier 0358,PROJECT_DEMO_EXPANSION,SYNTHETIC_DEMO
SUP00359,SUPPLIER,Industrial Equipment Supplier 0359,PROJECT_DEMO_EXPANSION,SYNTHETIC_DEMO
SUP00360,SUPPLIER,Packaging Supplier 0360,PROJECT_DEMO_EXPANSION,SYNTHETIC_DEMO
SUP00361,SUPPLIER,Apparel Supplier 0361,PROJECT_DEMO_EXPANSION,SYNTHETIC_DEMO
SUP00362,SUPPLIER,Electronics Supplier 0362,PROJECT_DEMO_EXPANSION,SYNTHETIC_DEMO
SUP00363,SUPPLIER,Automotive Supplier 0363,PROJECT_DEMO_EXPANSION,SYNTHETIC_DEMO
SUP00364,SUPPLIER,Pharma Supplier 0364,PROJECT_DEMO_EXPANSION,SYNTHETIC_DEMO
SUP00365,SUPPLIER,Chemicals Supplier 0365,PROJECT_DEMO_EXPANSION,SYNTHETIC_DEMO
SUP00366,SUPPLIER,Food Supplier 0366,PROJECT_DEMO_EXPANSION,SYNTHETIC_DEMO
SUP00367,SUPPLIER,Semiconductors Supplier 0367,PROJECT_DEMO_EXPANSION,SYNTHETIC_DEMO
SUP00368,SUPPLIER,Logistics Supplier 0368,PROJECT_DEMO_EXPANSION,SYNTHETIC_DEMO
SUP00369,SUPPLIER,Industrial Equipment Supplier 0369,PROJECT_DEMO_EXPANSION,SYNTHETIC_DEMO
SUP00370,SUPPLIER,Packaging Supplier 0370,PROJECT_DEMO_EXPANSION,SYNTHETIC_DEMO
SUP00371,SUPPLIER,Apparel Supplier 0371,PROJECT_DEMO_EXPANSION,SYNTHETIC_DEMO
SUP00372,SUPPLIER,Electronics Supplier 0372,PROJECT_DEMO_EXPANSION,SYNTHETIC_DEMO
SUP00373,SUPPLIER,Automotive Supplier 0373,PROJECT_DEMO_EXPANSION,SYNTHETIC_DEMO
SUP00374,SUPPLIER,Pharma Supplier 0374,PROJECT_DEMO_EXPANSION,SYNTHETIC_DEMO
SUP00375,SUPPLIER,Chemicals Supplier 0375,PROJECT_DEMO_EXPANSION,SYNTHETIC_DEMO
SUP00376,SUPPLIER,Food Supplier 0376,PROJECT_DEMO_EXPANSION,SYNTHETIC_DEMO
SUP00377,SUPPLIER,Semiconductors Supplier 0377,PROJECT_DEMO_EXPANSION,SYNTHETIC_DEMO
SUP00378,SUPPLIER,Logistics Supplier 0378,PROJECT_DEMO_EXPANSION,SYNTHETIC_DEMO
SUP00379,SUPPLIER,Industrial Equipment Supplier 0379,PROJECT_DEMO_EXPANSION,SYNTHETIC_DEMO
SUP00380,SUPPLIER,Packaging Supplier 0380,PROJECT_DEMO_EXPANSION,SYNTHETIC_DEMO
SUP00381,SUPPLIER,Apparel Supplier 0381,PROJECT_DEMO_EXPANSION,SYNTHETIC_DEMO
SUP00382,SUPPLIER,Electronics Supplier 0382,PROJECT_DEMO_EXPANSION,SYNTHETIC_DEMO
SUP00383,SUPPLIER,Automotive Supplier 0383,PROJECT_DEMO_EXPANSION,SYNTHETIC_DEMO
SUP00384,SUPPLIER,Pharma Supplier 0384,PROJECT_DEMO_EXPANSION,SYNTHETIC_DEMO
SUP00385,SUPPLIER,Chemicals Supplier 0385,PROJECT_DEMO_EXPANSION,SYNTHETIC_DEMO
SUP00386,SUPPLIER,Food Supplier 0386,PROJECT_DEMO_EXPANSION,SYNTHETIC_DEMO
SUP00387,SUPPLIER,Semiconductors Supplier 0387,PROJECT_DEMO_EXPANSION,SYNTHETIC_DEMO
SUP00388,SUPPLIER,Logistics Supplier 0388,PROJECT_DEMO_EXPANSION,SYNTHETIC_DEMO
SUP00389,SUPPLIER,Industrial Equipment Supplier 0389,PROJECT_DEMO_EXPANSION,SYNTHETIC_DEMO
SUP00390,SUPPLIER,Packaging Supplier 0390,PROJECT_DEMO_EXPANSION,SYNTHETIC_DEMO
SUP00391,SUPPLIER,Apparel Supplier 0391,PROJECT_DEMO_EXPANSION,SYNTHETIC_DEMO
SUP00392,SUPPLIER,Electronics Supplier 0392,PROJECT_DEMO_EXPANSION,SYNTHETIC_DEMO
SUP00393,SUPPLIER,Automotive Supplier 0393,PROJECT_DEMO_EXPANSION,SYNTHETIC_DEMO
SUP00394,SUPPLIER,Pharma Supplier 0394,PROJECT_DEMO_EXPANSION,SYNTHETIC_DEMO
SUP00395,SUPPLIER,Chemicals Supplier 0395,PROJECT_DEMO_EXPANSION,SYNTHETIC_DEMO
SUP00396,SUPPLIER,Food Supplier 0396,PROJECT_DEMO_EXPANSION,SYNTHETIC_DEMO
SUP00397,SUPPLIER,Semiconductors Supplier 0397,PROJECT_DEMO_EXPANSION,SYNTHETIC_DEMO
SUP00398,SUPPLIER,Logistics Supplier 0398,PROJECT_DEMO_EXPANSION,SYNTHETIC_DEMO
SUP00399,SUPPLIER,Industrial Equipment Supplier 0399,PROJECT_DEMO_EXPANSION,SYNTHETIC_DEMO
SUP00400,SUPPLIER,Packaging Supplier 0400,PROJECT_DEMO_EXPANSION,SYNTHETIC_DEMO
SUP00401,SUPPLIER,Apparel Supplier 0401,PROJECT_DEMO_EXPANSION,SYNTHETIC_DEMO
SUP00402,SUPPLIER,Electronics Supplier 0402,PROJECT_DEMO_EXPANSION,SYNTHETIC_DEMO
SUP00403,SUPPLIER,Automotive Supplier 0403,PROJECT_DEMO_EXPANSION,SYNTHETIC_DEMO
SUP00404,SUPPLIER,Pharma Supplier 0404,PROJECT_DEMO_EXPANSION,SYNTHETIC_DEMO
SUP00405,SUPPLIER,Chemicals Supplier 0405,PROJECT_DEMO_EXPANSION,SYNTHETIC_DEMO
SUP00406,SUPPLIER,Food Supplier 0406,PROJECT_DEMO_EXPANSION,SYNTHETIC_DEMO
SUP00407,SUPPLIER,Semiconductors Supplier 0407,PROJECT_DEMO_EXPANSION,SYNTHETIC_DEMO
SUP00408,SUPPLIER,Logistics Supplier 0408,PROJECT_DEMO_EXPANSION,SYNTHETIC_DEMO
SUP00409,SUPPLIER,Industrial Equipment Supplier 0409,PROJECT_DEMO_EXPANSION,SYNTHETIC_DEMO
SUP00410,SUPPLIER,Packaging Supplier 0410,PROJECT_DEMO_EXPANSION,SYNTHETIC_DEMO
SUP00411,SUPPLIER,Apparel Supplier 0411,PROJECT_DEMO_EXPANSION,SYNTHETIC_DEMO
SUP00412,SUPPLIER,Electronics Supplier 0412,PROJECT_DEMO_EXPANSION,SYNTHETIC_DEMO
SUP00413,SUPPLIER,Automotive Supplier 0413,PROJECT_DEMO_EXPANSION,SYNTHETIC_DEMO
SUP00414,SUPPLIER,Pharma Supplier 0414,PROJECT_DEMO_EXPANSION,SYNTHETIC_DEMO
SUP00415,SUPPLIER,Chemicals Supplier 0415,PROJECT_DEMO_EXPANSION,SYNTHETIC_DEMO
SUP00416,SUPPLIER,Food Supplier 0416,PROJECT_DEMO_EXPANSION,SYNTHETIC_DEMO
SUP00417,SUPPLIER,Semiconductors Supplier 0417,PROJECT_DEMO_EXPANSION,SYNTHETIC_DEMO
SUP00418,SUPPLIER,Logistics Supplier 0418,PROJECT_DEMO_EXPANSION,SYNTHETIC_DEMO
SUP00419,SUPPLIER,Industrial Equipment Supplier 0419,PROJECT_DEMO_EXPANSION,SYNTHETIC_DEMO
SUP00420,SUPPLIER,Packaging Supplier 0420,PROJECT_DEMO_EXPANSION,SYNTHETIC_DEMO
SUP00421,SUPPLIER,Apparel Supplier 0421,PROJECT_DEMO_EXPANSION,SYNTHETIC_DEMO
SUP00422,SUPPLIER,Electronics Supplier 0422,PROJECT_DEMO_EXPANSION,SYNTHETIC_DEMO
SUP00423,SUPPLIER,Automotive Supplier 0423,PROJECT_DEMO_EXPANSION,SYNTHETIC_DEMO
SUP00424,SUPPLIER,Pharma Supplier 0424,PROJECT_DEMO_EXPANSION,SYNTHETIC_DEMO
SUP00425,SUPPLIER,Chemicals Supplier 0425,PROJECT_DEMO_EXPANSION,SYNTHETIC_DEMO
SUP00426,SUPPLIER,Food Supplier 0426,PROJECT_DEMO_EXPANSION,SYNTHETIC_DEMO
SUP00427,SUPPLIER,Semiconductors Supplier 0427,PROJECT_DEMO_EXPANSION,SYNTHETIC_DEMO
SUP00428,SUPPLIER,Logistics Supplier 0428,PROJECT_DEMO_EXPANSION,SYNTHETIC_DEMO
SUP00429,SUPPLIER,Industrial Equipment Supplier 0429,PROJECT_DEMO_EXPANSION,SYNTHETIC_DEMO
SUP00430,SUPPLIER,Packaging Supplier 0430,PROJECT_DEMO_EXPANSION,SYNTHETIC_DEMO
SUP00431,SUPPLIER,Apparel Supplier 0431,PROJECT_DEMO_EXPANSION,SYNTHETIC_DEMO
SUP00432,SUPPLIER,Electronics Supplier 0432,PROJECT_DEMO_EXPANSION,SYNTHETIC_DEMO
SUP00433,SUPPLIER,Automotive Supplier 0433,PROJECT_DEMO_EXPANSION,SYNTHETIC_DEMO
SUP00434,SUPPLIER,Pharma Supplier 0434,PROJECT_DEMO_EXPANSION,SYNTHETIC_DEMO
SUP00435,SUPPLIER,Chemicals Supplier 0435,PROJECT_DEMO_EXPANSION,SYNTHETIC_DEMO
SUP00436,SUPPLIER,Food Supplier 0436,PROJECT_DEMO_EXPANSION,SYNTHETIC_DEMO
SUP00437,SUPPLIER,Semiconductors Supplier 0437,PROJECT_DEMO_EXPANSION,SYNTHETIC_DEMO
SUP00438,SUPPLIER,Logistics Supplier 0438,PROJECT_DEMO_EXPANSION,SYNTHETIC_DEMO
SUP00439,SUPPLIER,Industrial Equipment Supplier 0439,PROJECT_DEMO_EXPANSION,SYNTHETIC_DEMO
SUP00440,SUPPLIER,Packaging Supplier 0440,PROJECT_DEMO_EXPANSION,SYNTHETIC_DEMO
SUP00441,SUPPLIER,Apparel Supplier 0441,PROJECT_DEMO_EXPANSION,SYNTHETIC_DEMO
SUP00442,SUPPLIER,Electronics Supplier 0442,PROJECT_DEMO_EXPANSION,SYNTHETIC_DEMO
SUP00443,SUPPLIER,Automotive Supplier 0443,PROJECT_DEMO_EXPANSION,SYNTHETIC_DEMO
SUP00444,SUPPLIER,Pharma Supplier 0444,PROJECT_DEMO_EXPANSION,SYNTHETIC_DEMO
SUP00445,SUPPLIER,Chemicals Supplier 0445,PROJECT_DEMO_EXPANSION,SYNTHETIC_DEMO
SUP00446,SUPPLIER,Food Supplier 0446,PROJECT_DEMO_EXPANSION,SYNTHETIC_DEMO
SUP00447,SUPPLIER,Semiconductors Supplier 0447,PROJECT_DEMO_EXPANSION,SYNTHETIC_DEMO
SUP00448,SUPPLIER,Logistics Supplier 0448,PROJECT_DEMO_EXPANSION,SYNTHETIC_DEMO
SUP00449,SUPPLIER,Industrial Equipment Supplier 0449,PROJECT_DEMO_EXPANSION,SYNTHETIC_DEMO
SUP00450,SUPPLIER,Packaging Supplier 0450,PROJECT_DEMO_EXPANSION,SYNTHETIC_DEMO
SUP00451,SUPPLIER,Apparel Supplier 0451,PROJECT_DEMO_EXPANSION,SYNTHETIC_DEMO
SUP00452,SUPPLIER,Electronics Supplier 0452,PROJECT_DEMO_EXPANSION,SYNTHETIC_DEMO
SUP00453,SUPPLIER,Automotive Supplier 0453,PROJECT_DEMO_EXPANSION,SYNTHETIC_DEMO
SUP00454,SUPPLIER,Pharma Supplier 0454,PROJECT_DEMO_EXPANSION,SYNTHETIC_DEMO
SUP00455,SUPPLIER,Chemicals Supplier 0455,PROJECT_DEMO_EXPANSION,SYNTHETIC_DEMO
SUP00456,SUPPLIER,Food Supplier 0456,PROJECT_DEMO_EXPANSION,SYNTHETIC_DEMO
SUP00457,SUPPLIER,Semiconductors Supplier 0457,PROJECT_DEMO_EXPANSION,SYNTHETIC_DEMO
SUP00458,SUPPLIER,Logistics Supplier 0458,PROJECT_DEMO_EXPANSION,SYNTHETIC_DEMO
SUP00459,SUPPLIER,Industrial Equipment Supplier 0459,PROJECT_DEMO_EXPANSION,SYNTHETIC_DEMO
SUP00460,SUPPLIER,Packaging Supplier 0460,PROJECT_DEMO_EXPANSION,SYNTHETIC_DEMO
SUP00461,SUPPLIER,Apparel Supplier 0461,PROJECT_DEMO_EXPANSION,SYNTHETIC_DEMO
SUP00462,SUPPLIER,Electronics Supplier 0462,PROJECT_DEMO_EXPANSION,SYNTHETIC_DEMO
SUP00463,SUPPLIER,Automotive Supplier 0463,PROJECT_DEMO_EXPANSION,SYNTHETIC_DEMO
SUP00464,SUPPLIER,Pharma Supplier 0464,PROJECT_DEMO_EXPANSION,SYNTHETIC_DEMO
SUP00465,SUPPLIER,Chemicals Supplier 0465,PROJECT_DEMO_EXPANSION,SYNTHETIC_DEMO
SUP00466,SUPPLIER,Food Supplier 0466,PROJECT_DEMO_EXPANSION,SYNTHETIC_DEMO
SUP00467,SUPPLIER,Semiconductors Supplier 0467,PROJECT_DEMO_EXPANSION,SYNTHETIC_DEMO
SUP00468,SUPPLIER,Logistics Supplier 0468,PROJECT_DEMO_EXPANSION,SYNTHETIC_DEMO
SUP00469,SUPPLIER,Industrial Equipment Supplier 0469,PROJECT_DEMO_EXPANSION,SYNTHETIC_DEMO
SUP00470,SUPPLIER,Packaging Supplier 0470,PROJECT_DEMO_EXPANSION,SYNTHETIC_DEMO
SUP00471,SUPPLIER,Apparel Supplier 0471,PROJECT_DEMO_EXPANSION,SYNTHETIC_DEMO
SUP00472,SUPPLIER,Electronics Supplier 0472,PROJECT_DEMO_EXPANSION,SYNTHETIC_DEMO
SUP00473,SUPPLIER,Automotive Supplier 0473,PROJECT_DEMO_EXPANSION,SYNTHETIC_DEMO
SUP00474,SUPPLIER,Pharma Supplier 0474,PROJECT_DEMO_EXPANSION,SYNTHETIC_DEMO
SUP00475,SUPPLIER,Chemicals Supplier 0475,PROJECT_DEMO_EXPANSION,SYNTHETIC_DEMO
SUP00476,SUPPLIER,Food Supplier 0476,PROJECT_DEMO_EXPANSION,SYNTHETIC_DEMO
SUP00477,SUPPLIER,Semiconductors Supplier 0477,PROJECT_DEMO_EXPANSION,SYNTHETIC_DEMO
SUP00478,SUPPLIER,Logistics Supplier 0478,PROJECT_DEMO_EXPANSION,SYNTHETIC_DEMO
SUP00479,SUPPLIER,Industrial Equipment Supplier 0479,PROJECT_DEMO_EXPANSION,SYNTHETIC_DEMO
SUP00480,SUPPLIER,Packaging Supplier 0480,PROJECT_DEMO_EXPANSION,SYNTHETIC_DEMO
SUP00481,SUPPLIER,Apparel Supplier 0481,PROJECT_DEMO_EXPANSION,SYNTHETIC_DEMO
SUP00482,SUPPLIER,Electronics Supplier 0482,PROJECT_DEMO_EXPANSION,SYNTHETIC_DEMO
SUP00483,SUPPLIER,Automotive Supplier 0483,PROJECT_DEMO_EXPANSION,SYNTHETIC_DEMO
SUP00484,SUPPLIER,Pharma Supplier 0484,PROJECT_DEMO_EXPANSION,SYNTHETIC_DEMO
SUP00485,SUPPLIER,Chemicals Supplier 0485,PROJECT_DEMO_EXPANSION,SYNTHETIC_DEMO
SUP00486,SUPPLIER,Food Supplier 0486,PROJECT_DEMO_EXPANSION,SYNTHETIC_DEMO
SUP00487,SUPPLIER,Semiconductors Supplier 0487,PROJECT_DEMO_EXPANSION,SYNTHETIC_DEMO
SUP00488,SUPPLIER,Logistics Supplier 0488,PROJECT_DEMO_EXPANSION,SYNTHETIC_DEMO
SUP00489,SUPPLIER,Industrial Equipment Supplier 0489,PROJECT_DEMO_EXPANSION,SYNTHETIC_DEMO
SUP00490,SUPPLIER,Packaging Supplier 0490,PROJECT_DEMO_EXPANSION,SYNTHETIC_DEMO
SUP00491,SUPPLIER,Apparel Supplier 0491,PROJECT_DEMO_EXPANSION,SYNTHETIC_DEMO
SUP00492,SUPPLIER,Electronics Supplier 0492,PROJECT_DEMO_EXPANSION,SYNTHETIC_DEMO
SUP00493,SUPPLIER,Automotive Supplier 0493,PROJECT_DEMO_EXPANSION,SYNTHETIC_DEMO
SUP00494,SUPPLIER,Pharma Supplier 0494,PROJECT_DEMO_EXPANSION,SYNTHETIC_DEMO
SUP00495,SUPPLIER,Chemicals Supplier 0495,PROJECT_DEMO_EXPANSION,SYNTHETIC_DEMO
SUP00496,SUPPLIER,Food Supplier 0496,PROJECT_DEMO_EXPANSION,SYNTHETIC_DEMO
SUP00497,SUPPLIER,Semiconductors Supplier 0497,PROJECT_DEMO_EXPANSION,SYNTHETIC_DEMO
SUP00498,SUPPLIER,Logistics Supplier 0498,PROJECT_DEMO_EXPANSION,SYNTHETIC_DEMO
SUP00499,SUPPLIER,Industrial Equipment Supplier 0499,PROJECT_DEMO_EXPANSION,SYNTHETIC_DEMO
SUP00500,SUPPLIER,Packaging Supplier 0500,PROJECT_DEMO_EXPANSION,SYNTHETIC_DEMO
SUP00501,SUPPLIER,Apparel Supplier 0501,PROJECT_DEMO_EXPANSION,SYNTHETIC_DEMO
SUP00502,SUPPLIER,Electronics Supplier 0502,PROJECT_DEMO_EXPANSION,SYNTHETIC_DEMO
SUP00503,SUPPLIER,Automotive Supplier 0503,PROJECT_DEMO_EXPANSION,SYNTHETIC_DEMO
SUP00504,SUPPLIER,Pharma Supplier 0504,PROJECT_DEMO_EXPANSION,SYNTHETIC_DEMO
SUP00505,SUPPLIER,Chemicals Supplier 0505,PROJECT_DEMO_EXPANSION,SYNTHETIC_DEMO
SUP00506,SUPPLIER,Food Supplier 0506,PROJECT_DEMO_EXPANSION,SYNTHETIC_DEMO
SUP00507,SUPPLIER,Semiconductors Supplier 0507,PROJECT_DEMO_EXPANSION,SYNTHETIC_DEMO
SUP00508,SUPPLIER,Logistics Supplier 0508,PROJECT_DEMO_EXPANSION,SYNTHETIC_DEMO
SUP00509,SUPPLIER,Industrial Equipment Supplier 0509,PROJECT_DEMO_EXPANSION,SYNTHETIC_DEMO
SUP00510,SUPPLIER,Packaging Supplier 0510,PROJECT_DEMO_EXPANSION,SYNTHETIC_DEMO
SUP00511,SUPPLIER,Apparel Supplier 0511,PROJECT_DEMO_EXPANSION,SYNTHETIC_DEMO
SUP00512,SUPPLIER,Electronics Supplier 0512,PROJECT_DEMO_EXPANSION,SYNTHETIC_DEMO
SUP00513,SUPPLIER,Automotive Supplier 0513,PROJECT_DEMO_EXPANSION,SYNTHETIC_DEMO
SUP00514,SUPPLIER,Pharma Supplier 0514,PROJECT_DEMO_EXPANSION,SYNTHETIC_DEMO
SUP00515,SUPPLIER,Chemicals Supplier 0515,PROJECT_DEMO_EXPANSION,SYNTHETIC_DEMO
SUP00516,SUPPLIER,Food Supplier 0516,PROJECT_DEMO_EXPANSION,SYNTHETIC_DEMO
SUP00517,SUPPLIER,Semiconductors Supplier 0517,PROJECT_DEMO_EXPANSION,SYNTHETIC_DEMO
SUP00518,SUPPLIER,Logistics Supplier 0518,PROJECT_DEMO_EXPANSION,SYNTHETIC_DEMO
SUP00519,SUPPLIER,Industrial Equipment Supplier 0519,PROJECT_DEMO_EXPANSION,SYNTHETIC_DEMO
SUP00520,SUPPLIER,Packaging Supplier 0520,PROJECT_DEMO_EXPANSION,SYNTHETIC_DEMO
SUP00521,SUPPLIER,Apparel Supplier 0521,PROJECT_DEMO_EXPANSION,SYNTHETIC_DEMO
SUP00522,SUPPLIER,Electronics Supplier 0522,PROJECT_DEMO_EXPANSION,SYNTHETIC_DEMO
SUP00523,SUPPLIER,Automotive Supplier 0523,PROJECT_DEMO_EXPANSION,SYNTHETIC_DEMO
SUP00524,SUPPLIER,Pharma Supplier 0524,PROJECT_DEMO_EXPANSION,SYNTHETIC_DEMO
SUP00525,SUPPLIER,Chemicals Supplier 0525,PROJECT_DEMO_EXPANSION,SYNTHETIC_DEMO
SUP00526,SUPPLIER,Food Supplier 0526,PROJECT_DEMO_EXPANSION,SYNTHETIC_DEMO
SUP00527,SUPPLIER,Semiconductors Supplier 0527,PROJECT_DEMO_EXPANSION,SYNTHETIC_DEMO
SUP00528,SUPPLIER,Logistics Supplier 0528,PROJECT_DEMO_EXPANSION,SYNTHETIC_DEMO
SUP00529,SUPPLIER,Industrial Equipment Supplier 0529,PROJECT_DEMO_EXPANSION,SYNTHETIC_DEMO
SUP00530,SUPPLIER,Packaging Supplier 0530,PROJECT_DEMO_EXPANSION,SYNTHETIC_DEMO
SUP00531,SUPPLIER,Apparel Supplier 0531,PROJECT_DEMO_EXPANSION,SYNTHETIC_DEMO
SUP00532,SUPPLIER,Electronics Supplier 0532,PROJECT_DEMO_EXPANSION,SYNTHETIC_DEMO
SUP00533,SUPPLIER,Automotive Supplier 0533,PROJECT_DEMO_EXPANSION,SYNTHETIC_DEMO
SUP00534,SUPPLIER,Pharma Supplier 0534,PROJECT_DEMO_EXPANSION,SYNTHETIC_DEMO
SUP00535,SUPPLIER,Chemicals Supplier 0535,PROJECT_DEMO_EXPANSION,SYNTHETIC_DEMO
SUP00536,SUPPLIER,Food Supplier 0536,PROJECT_DEMO_EXPANSION,SYNTHETIC_DEMO
SUP00537,SUPPLIER,Semiconductors Supplier 0537,PROJECT_DEMO_EXPANSION,SYNTHETIC_DEMO
SUP00538,SUPPLIER,Logistics Supplier 0538,PROJECT_DEMO_EXPANSION,SYNTHETIC_DEMO
SUP00539,SUPPLIER,Industrial Equipment Supplier 0539,PROJECT_DEMO_EXPANSION,SYNTHETIC_DEMO
SUP00540,SUPPLIER,Packaging Supplier 0540,PROJECT_DEMO_EXPANSION,SYNTHETIC_DEMO
SUP00541,SUPPLIER,Apparel Supplier 0541,PROJECT_DEMO_EXPANSION,SYNTHETIC_DEMO
SUP00542,SUPPLIER,Electronics Supplier 0542,PROJECT_DEMO_EXPANSION,SYNTHETIC_DEMO
SUP00543,SUPPLIER,Automotive Supplier 0543,PROJECT_DEMO_EXPANSION,SYNTHETIC_DEMO
SUP00544,SUPPLIER,Pharma Supplier 0544,PROJECT_DEMO_EXPANSION,SYNTHETIC_DEMO
SUP00545,SUPPLIER,Chemicals Supplier 0545,PROJECT_DEMO_EXPANSION,SYNTHETIC_DEMO
SUP00546,SUPPLIER,Food Supplier 0546,PROJECT_DEMO_EXPANSION,SYNTHETIC_DEMO
SUP00547,SUPPLIER,Semiconductors Supplier 0547,PROJECT_DEMO_EXPANSION,SYNTHETIC_DEMO
SUP00548,SUPPLIER,Logistics Supplier 0548,PROJECT_DEMO_EXPANSION,SYNTHETIC_DEMO
SUP00549,SUPPLIER,Industrial Equipment Supplier 0549,PROJECT_DEMO_EXPANSION,SYNTHETIC_DEMO
SUP00550,SUPPLIER,Packaging Supplier 0550,PROJECT_DEMO_EXPANSION,SYNTHETIC_DEMO
SUP00551,SUPPLIER,Apparel Supplier 0551,PROJECT_DEMO_EXPANSION,SYNTHETIC_DEMO
SUP00552,SUPPLIER,Electronics Supplier 0552,PROJECT_DEMO_EXPANSION,SYNTHETIC_DEMO
SUP00553,SUPPLIER,Automotive Supplier 0553,PROJECT_DEMO_EXPANSION,SYNTHETIC_DEMO
SUP00554,SUPPLIER,Pharma Supplier 0554,PROJECT_DEMO_EXPANSION,SYNTHETIC_DEMO
SUP00555,SUPPLIER,Chemicals Supplier 0555,PROJECT_DEMO_EXPANSION,SYNTHETIC_DEMO
SUP00556,SUPPLIER,Food Supplier 0556,PROJECT_DEMO_EXPANSION,SYNTHETIC_DEMO
SUP00557,SUPPLIER,Semiconductors Supplier 0557,PROJECT_DEMO_EXPANSION,SYNTHETIC_DEMO
SUP00558,SUPPLIER,Logistics Supplier 0558,PROJECT_DEMO_EXPANSION,SYNTHETIC_DEMO
SUP00559,SUPPLIER,Industrial Equipment Supplier 0559,PROJECT_DEMO_EXPANSION,SYNTHETIC_DEMO
SUP00560,SUPPLIER,Packaging Supplier 0560,PROJECT_DEMO_EXPANSION,SYNTHETIC_DEMO
SUP00561,SUPPLIER,Apparel Supplier 0561,PROJECT_DEMO_EXPANSION,SYNTHETIC_DEMO
SUP00562,SUPPLIER,Electronics Supplier 0562,PROJECT_DEMO_EXPANSION,SYNTHETIC_DEMO
SUP00563,SUPPLIER,Automotive Supplier 0563,PROJECT_DEMO_EXPANSION,SYNTHETIC_DEMO
SUP00564,SUPPLIER,Pharma Supplier 0564,PROJECT_DEMO_EXPANSION,SYNTHETIC_DEMO
SUP00565,SUPPLIER,Chemicals Supplier 0565,PROJECT_DEMO_EXPANSION,SYNTHETIC_DEMO
SUP00566,SUPPLIER,Food Supplier 0566,PROJECT_DEMO_EXPANSION,SYNTHETIC_DEMO
SUP00567,SUPPLIER,Semiconductors Supplier 0567,PROJECT_DEMO_EXPANSION,SYNTHETIC_DEMO
SUP00568,SUPPLIER,Logistics Supplier 0568,PROJECT_DEMO_EXPANSION,SYNTHETIC_DEMO
SUP00569,SUPPLIER,Industrial Equipment Supplier 0569,PROJECT_DEMO_EXPANSION,SYNTHETIC_DEMO
SUP00570,SUPPLIER,Packaging Supplier 0570,PROJECT_DEMO_EXPANSION,SYNTHETIC_DEMO
SUP00571,SUPPLIER,Apparel Supplier 0571,PROJECT_DEMO_EXPANSION,SYNTHETIC_DEMO
SUP00572,SUPPLIER,Electronics Supplier 0572,PROJECT_DEMO_EXPANSION,SYNTHETIC_DEMO
SUP00573,SUPPLIER,Automotive Supplier 0573,PROJECT_DEMO_EXPANSION,SYNTHETIC_DEMO
SUP00574,SUPPLIER,Pharma Supplier 0574,PROJECT_DEMO_EXPANSION,SYNTHETIC_DEMO
SUP00575,SUPPLIER,Chemicals Supplier 0575,PROJECT_DEMO_EXPANSION,SYNTHETIC_DEMO
SUP00576,SUPPLIER,Food Supplier 0576,PROJECT_DEMO_EXPANSION,SYNTHETIC_DEMO
SUP00577,SUPPLIER,Semiconductors Supplier 0577,PROJECT_DEMO_EXPANSION,SYNTHETIC_DEMO
SUP00578,SUPPLIER,Logistics Supplier 0578,PROJECT_DEMO_EXPANSION,SYNTHETIC_DEMO
SUP00579,SUPPLIER,Industrial Equipment Supplier 0579,PROJECT_DEMO_EXPANSION,SYNTHETIC_DEMO
SUP00580,SUPPLIER,Packaging Supplier 0580,PROJECT_DEMO_EXPANSION,SYNTHETIC_DEMO
SUP00581,SUPPLIER,Apparel Supplier 0581,PROJECT_DEMO_EXPANSION,SYNTHETIC_DEMO
SUP00582,SUPPLIER,Electronics Supplier 0582,PROJECT_DEMO_EXPANSION,SYNTHETIC_DEMO
SUP00583,SUPPLIER,Automotive Supplier 0583,PROJECT_DEMO_EXPANSION,SYNTHETIC_DEMO
SUP00584,SUPPLIER,Pharma Supplier 0584,PROJECT_DEMO_EXPANSION,SYNTHETIC_DEMO
SUP00585,SUPPLIER,Chemicals Supplier 0585,PROJECT_DEMO_EXPANSION,SYNTHETIC_DEMO
SUP00586,SUPPLIER,Food Supplier 0586,PROJECT_DEMO_EXPANSION,SYNTHETIC_DEMO
SUP00587,SUPPLIER,Semiconductors Supplier 0587,PROJECT_DEMO_EXPANSION,SYNTHETIC_DEMO
SUP00588,SUPPLIER,Logistics Supplier 0588,PROJECT_DEMO_EXPANSION,SYNTHETIC_DEMO
SUP00589,SUPPLIER,Industrial Equipment Supplier 0589,PROJECT_DEMO_EXPANSION,SYNTHETIC_DEMO
SUP00590,SUPPLIER,Packaging Supplier 0590,PROJECT_DEMO_EXPANSION,SYNTHETIC_DEMO
SUP00591,SUPPLIER,Apparel Supplier 0591,PROJECT_DEMO_EXPANSION,SYNTHETIC_DEMO
SUP00592,SUPPLIER,Electronics Supplier 0592,PROJECT_DEMO_EXPANSION,SYNTHETIC_DEMO
SUP00593,SUPPLIER,Automotive Supplier 0593,PROJECT_DEMO_EXPANSION,SYNTHETIC_DEMO
SUP00594,SUPPLIER,Pharma Supplier 0594,PROJECT_DEMO_EXPANSION,SYNTHETIC_DEMO
SUP00595,SUPPLIER,Chemicals Supplier 0595,PROJECT_DEMO_EXPANSION,SYNTHETIC_DEMO
SUP00596,SUPPLIER,Food Supplier 0596,PROJECT_DEMO_EXPANSION,SYNTHETIC_DEMO
SUP00597,SUPPLIER,Semiconductors Supplier 0597,PROJECT_DEMO_EXPANSION,SYNTHETIC_DEMO
SUP00598,SUPPLIER,Logistics Supplier 0598,PROJECT_DEMO_EXPANSION,SYNTHETIC_DEMO
SUP00599,SUPPLIER,Industrial Equipment Supplier 0599,PROJECT_DEMO_EXPANSION,SYNTHETIC_DEMO
SUP00600,SUPPLIER,Packaging Supplier 0600,PROJECT_DEMO_EXPANSION,SYNTHETIC_DEMO
SUP00601,SUPPLIER,Apparel Supplier 0601,PROJECT_DEMO_EXPANSION,SYNTHETIC_DEMO
SUP00602,SUPPLIER,Electronics Supplier 0602,PROJECT_DEMO_EXPANSION,SYNTHETIC_DEMO
SUP00603,SUPPLIER,Automotive Supplier 0603,PROJECT_DEMO_EXPANSION,SYNTHETIC_DEMO
SUP00604,SUPPLIER,Pharma Supplier 0604,PROJECT_DEMO_EXPANSION,SYNTHETIC_DEMO
SUP00605,SUPPLIER,Chemicals Supplier 0605,PROJECT_DEMO_EXPANSION,SYNTHETIC_DEMO
SUP00606,SUPPLIER,Food Supplier 0606,PROJECT_DEMO_EXPANSION,SYNTHETIC_DEMO
SUP00607,SUPPLIER,Semiconductors Supplier 0607,PROJECT_DEMO_EXPANSION,SYNTHETIC_DEMO
SUP00608,SUPPLIER,Logistics Supplier 0608,PROJECT_DEMO_EXPANSION,SYNTHETIC_DEMO
SUP00609,SUPPLIER,Industrial Equipment Supplier 0609,PROJECT_DEMO_EXPANSION,SYNTHETIC_DEMO
SUP00610,SUPPLIER,Packaging Supplier 0610,PROJECT_DEMO_EXPANSION,SYNTHETIC_DEMO
SUP00611,SUPPLIER,Apparel Supplier 0611,PROJECT_DEMO_EXPANSION,SYNTHETIC_DEMO
SUP00612,SUPPLIER,Electronics Supplier 0612,PROJECT_DEMO_EXPANSION,SYNTHETIC_DEMO
SUP00613,SUPPLIER,Automotive Supplier 0613,PROJECT_DEMO_EXPANSION,SYNTHETIC_DEMO
SUP00614,SUPPLIER,Pharma Supplier 0614,PROJECT_DEMO_EXPANSION,SYNTHETIC_DEMO
SUP00615,SUPPLIER,Chemicals Supplier 0615,PROJECT_DEMO_EXPANSION,SYNTHETIC_DEMO
SUP00616,SUPPLIER,Food Supplier 0616,PROJECT_DEMO_EXPANSION,SYNTHETIC_DEMO
SUP00617,SUPPLIER,Semiconductors Supplier 0617,PROJECT_DEMO_EXPANSION,SYNTHETIC_DEMO
SUP00618,SUPPLIER,Logistics Supplier 0618,PROJECT_DEMO_EXPANSION,SYNTHETIC_DEMO
SUP00619,SUPPLIER,Industrial Equipment Supplier 0619,PROJECT_DEMO_EXPANSION,SYNTHETIC_DEMO
SUP00620,SUPPLIER,Packaging Supplier 0620,PROJECT_DEMO_EXPANSION,SYNTHETIC_DEMO
SUP00621,SUPPLIER,Apparel Supplier 0621,PROJECT_DEMO_EXPANSION,SYNTHETIC_DEMO
SUP00622,SUPPLIER,Electronics Supplier 0622,PROJECT_DEMO_EXPANSION,SYNTHETIC_DEMO
SUP00623,SUPPLIER,Automotive Supplier 0623,PROJECT_DEMO_EXPANSION,SYNTHETIC_DEMO
SUP00624,SUPPLIER,Pharma Supplier 0624,PROJECT_DEMO_EXPANSION,SYNTHETIC_DEMO
SUP00625,SUPPLIER,Chemicals Supplier 0625,PROJECT_DEMO_EXPANSION,SYNTHETIC_DEMO
SUP00626,SUPPLIER,Food Supplier 0626,PROJECT_DEMO_EXPANSION,SYNTHETIC_DEMO
SUP00627,SUPPLIER,Semiconductors Supplier 0627,PROJECT_DEMO_EXPANSION,SYNTHETIC_DEMO
SUP00628,SUPPLIER,Logistics Supplier 0628,PROJECT_DEMO_EXPANSION,SYNTHETIC_DEMO
SUP00629,SUPPLIER,Industrial Equipment Supplier 0629,PROJECT_DEMO_EXPANSION,SYNTHETIC_DEMO
SUP00630,SUPPLIER,Packaging Supplier 0630,PROJECT_DEMO_EXPANSION,SYNTHETIC_DEMO
SUP00631,SUPPLIER,Apparel Supplier 0631,PROJECT_DEMO_EXPANSION,SYNTHETIC_DEMO
SUP00632,SUPPLIER,Electronics Supplier 0632,PROJECT_DEMO_EXPANSION,SYNTHETIC_DEMO
SUP00633,SUPPLIER,Automotive Supplier 0633,PROJECT_DEMO_EXPANSION,SYNTHETIC_DEMO
SUP00634,SUPPLIER,Pharma Supplier 0634,PROJECT_DEMO_EXPANSION,SYNTHETIC_DEMO
SUP00635,SUPPLIER,Chemicals Supplier 0635,PROJECT_DEMO_EXPANSION,SYNTHETIC_DEMO
SUP00636,SUPPLIER,Food Supplier 0636,PROJECT_DEMO_EXPANSION,SYNTHETIC_DEMO
SUP00637,SUPPLIER,Semiconductors Supplier 0637,PROJECT_DEMO_EXPANSION,SYNTHETIC_DEMO
SUP00638,SUPPLIER,Logistics Supplier 0638,PROJECT_DEMO_EXPANSION,SYNTHETIC_DEMO
SUP00639,SUPPLIER,Industrial Equipment Supplier 0639,PROJECT_DEMO_EXPANSION,SYNTHETIC_DEMO
SUP00640,SUPPLIER,Packaging Supplier 0640,PROJECT_DEMO_EXPANSION,SYNTHETIC_DEMO
SUP00641,SUPPLIER,Apparel Supplier 0641,PROJECT_DEMO_EXPANSION,SYNTHETIC_DEMO
SUP00642,SUPPLIER,Electronics Supplier 0642,PROJECT_DEMO_EXPANSION,SYNTHETIC_DEMO
SUP00643,SUPPLIER,Automotive Supplier 0643,PROJECT_DEMO_EXPANSION,SYNTHETIC_DEMO
SUP00644,SUPPLIER,Pharma Supplier 0644,PROJECT_DEMO_EXPANSION,SYNTHETIC_DEMO
SUP00645,SUPPLIER,Chemicals Supplier 0645,PROJECT_DEMO_EXPANSION,SYNTHETIC_DEMO
SUP00646,SUPPLIER,Food Supplier 0646,PROJECT_DEMO_EXPANSION,SYNTHETIC_DEMO
SUP00647,SUPPLIER,Semiconductors Supplier 0647,PROJECT_DEMO_EXPANSION,SYNTHETIC_DEMO
SUP00648,SUPPLIER,Logistics Supplier 0648,PROJECT_DEMO_EXPANSION,SYNTHETIC_DEMO
SUP00649,SUPPLIER,Industrial Equipment Supplier 0649,PROJECT_DEMO_EXPANSION,SYNTHETIC_DEMO
SUP00650,SUPPLIER,Packaging Supplier 0650,PROJECT_DEMO_EXPANSION,SYNTHETIC_DEMO
SUP00651,SUPPLIER,Apparel Supplier 0651,PROJECT_DEMO_EXPANSION,SYNTHETIC_DEMO
SUP00652,SUPPLIER,Electronics Supplier 0652,PROJECT_DEMO_EXPANSION,SYNTHETIC_DEMO
SUP00653,SUPPLIER,Automotive Supplier 0653,PROJECT_DEMO_EXPANSION,SYNTHETIC_DEMO
SUP00654,SUPPLIER,Pharma Supplier 0654,PROJECT_DEMO_EXPANSION,SYNTHETIC_DEMO
SUP00655,SUPPLIER,Chemicals Supplier 0655,PROJECT_DEMO_EXPANSION,SYNTHETIC_DEMO
SUP00656,SUPPLIER,Food Supplier 0656,PROJECT_DEMO_EXPANSION,SYNTHETIC_DEMO
SUP00657,SUPPLIER,Semiconductors Supplier 0657,PROJECT_DEMO_EXPANSION,SYNTHETIC_DEMO
SUP00658,SUPPLIER,Logistics Supplier 0658,PROJECT_DEMO_EXPANSION,SYNTHETIC_DEMO
SUP00659,SUPPLIER,Industrial Equipment Supplier 0659,PROJECT_DEMO_EXPANSION,SYNTHETIC_DEMO
SUP00660,SUPPLIER,Packaging Supplier 0660,PROJECT_DEMO_EXPANSION,SYNTHETIC_DEMO
SUP00661,SUPPLIER,Apparel Supplier 0661,PROJECT_DEMO_EXPANSION,SYNTHETIC_DEMO
SUP00662,SUPPLIER,Electronics Supplier 0662,PROJECT_DEMO_EXPANSION,SYNTHETIC_DEMO
SUP00663,SUPPLIER,Automotive Supplier 0663,PROJECT_DEMO_EXPANSION,SYNTHETIC_DEMO
SUP00664,SUPPLIER,Pharma Supplier 0664,PROJECT_DEMO_EXPANSION,SYNTHETIC_DEMO
SUP00665,SUPPLIER,Chemicals Supplier 0665,PROJECT_DEMO_EXPANSION,SYNTHETIC_DEMO
SUP00666,SUPPLIER,Food Supplier 0666,PROJECT_DEMO_EXPANSION,SYNTHETIC_DEMO
SUP00667,SUPPLIER,Semiconductors Supplier 0667,PROJECT_DEMO_EXPANSION,SYNTHETIC_DEMO
SUP00668,SUPPLIER,Logistics Supplier 0668,PROJECT_DEMO_EXPANSION,SYNTHETIC_DEMO
SUP00669,SUPPLIER,Industrial Equipment Supplier 0669,PROJECT_DEMO_EXPANSION,SYNTHETIC_DEMO
SUP00670,SUPPLIER,Packaging Supplier 0670,PROJECT_DEMO_EXPANSION,SYNTHETIC_DEMO
SUP00671,SUPPLIER,Apparel Supplier 0671,PROJECT_DEMO_EXPANSION,SYNTHETIC_DEMO
SUP00672,SUPPLIER,Electronics Supplier 0672,PROJECT_DEMO_EXPANSION,SYNTHETIC_DEMO
SUP00673,SUPPLIER,Automotive Supplier 0673,PROJECT_DEMO_EXPANSION,SYNTHETIC_DEMO
SUP00674,SUPPLIER,Pharma Supplier 0674,PROJECT_DEMO_EXPANSION,SYNTHETIC_DEMO
SUP00675,SUPPLIER,Chemicals Supplier 0675,PROJECT_DEMO_EXPANSION,SYNTHETIC_DEMO
SUP00676,SUPPLIER,Food Supplier 0676,PROJECT_DEMO_EXPANSION,SYNTHETIC_DEMO
SUP00677,SUPPLIER,Semiconductors Supplier 0677,PROJECT_DEMO_EXPANSION,SYNTHETIC_DEMO
SUP00678,SUPPLIER,Logistics Supplier 0678,PROJECT_DEMO_EXPANSION,SYNTHETIC_DEMO
SUP00679,SUPPLIER,Industrial Equipment Supplier 0679,PROJECT_DEMO_EXPANSION,SYNTHETIC_DEMO
SUP00680,SUPPLIER,Packaging Supplier 0680,PROJECT_DEMO_EXPANSION,SYNTHETIC_DEMO
SUP00681,SUPPLIER,Apparel Supplier 0681,PROJECT_DEMO_EXPANSION,SYNTHETIC_DEMO
SUP00682,SUPPLIER,Electronics Supplier 0682,PROJECT_DEMO_EXPANSION,SYNTHETIC_DEMO
SUP00683,SUPPLIER,Automotive Supplier 0683,PROJECT_DEMO_EXPANSION,SYNTHETIC_DEMO
SUP00684,SUPPLIER,Pharma Supplier 0684,PROJECT_DEMO_EXPANSION,SYNTHETIC_DEMO
SUP00685,SUPPLIER,Chemicals Supplier 0685,PROJECT_DEMO_EXPANSION,SYNTHETIC_DEMO
SUP00686,SUPPLIER,Food Supplier 0686,PROJECT_DEMO_EXPANSION,SYNTHETIC_DEMO
SUP00687,SUPPLIER,Semiconductors Supplier 0687,PROJECT_DEMO_EXPANSION,SYNTHETIC_DEMO
SUP00688,SUPPLIER,Logistics Supplier 0688,PROJECT_DEMO_EXPANSION,SYNTHETIC_DEMO
SUP00689,SUPPLIER,Industrial Equipment Supplier 0689,PROJECT_DEMO_EXPANSION,SYNTHETIC_DEMO
SUP00690,SUPPLIER,Packaging Supplier 0690,PROJECT_DEMO_EXPANSION,SYNTHETIC_DEMO
SUP00691,SUPPLIER,Apparel Supplier 0691,PROJECT_DEMO_EXPANSION,SYNTHETIC_DEMO
SUP00692,SUPPLIER,Electronics Supplier 0692,PROJECT_DEMO_EXPANSION,SYNTHETIC_DEMO
SUP00693,SUPPLIER,Automotive Supplier 0693,PROJECT_DEMO_EXPANSION,SYNTHETIC_DEMO
SUP00694,SUPPLIER,Pharma Supplier 0694,PROJECT_DEMO_EXPANSION,SYNTHETIC_DEMO
SUP00695,SUPPLIER,Chemicals Supplier 0695,PROJECT_DEMO_EXPANSION,SYNTHETIC_DEMO
SUP00696,SUPPLIER,Food Supplier 0696,PROJECT_DEMO_EXPANSION,SYNTHETIC_DEMO
SUP00697,SUPPLIER,Semiconductors Supplier 0697,PROJECT_DEMO_EXPANSION,SYNTHETIC_DEMO
SUP00698,SUPPLIER,Logistics Supplier 0698,PROJECT_DEMO_EXPANSION,SYNTHETIC_DEMO
SUP00699,SUPPLIER,Industrial Equipment Supplier 0699,PROJECT_DEMO_EXPANSION,SYNTHETIC_DEMO
SUP00700,SUPPLIER,Packaging Supplier 0700,PROJECT_DEMO_EXPANSION,SYNTHETIC_DEMO
SUP00701,SUPPLIER,Apparel Supplier 0701,PROJECT_DEMO_EXPANSION,SYNTHETIC_DEMO
SUP00702,SUPPLIER,Electronics Supplier 0702,PROJECT_DEMO_EXPANSION,SYNTHETIC_DEMO
SUP00703,SUPPLIER,Automotive Supplier 0703,PROJECT_DEMO_EXPANSION,SYNTHETIC_DEMO
SUP00704,SUPPLIER,Pharma Supplier 0704,PROJECT_DEMO_EXPANSION,SYNTHETIC_DEMO
SUP00705,SUPPLIER,Chemicals Supplier 0705,PROJECT_DEMO_EXPANSION,SYNTHETIC_DEMO
SUP00706,SUPPLIER,Food Supplier 0706,PROJECT_DEMO_EXPANSION,SYNTHETIC_DEMO
SUP00707,SUPPLIER,Semiconductors Supplier 0707,PROJECT_DEMO_EXPANSION,SYNTHETIC_DEMO
SUP00708,SUPPLIER,Logistics Supplier 0708,PROJECT_DEMO_EXPANSION,SYNTHETIC_DEMO
SUP00709,SUPPLIER,Industrial Equipment Supplier 0709,PROJECT_DEMO_EXPANSION,SYNTHETIC_DEMO
SUP00710,SUPPLIER,Packaging Supplier 0710,PROJECT_DEMO_EXPANSION,SYNTHETIC_DEMO
SUP00711,SUPPLIER,Apparel Supplier 0711,PROJECT_DEMO_EXPANSION,SYNTHETIC_DEMO
SUP00712,SUPPLIER,Electronics Supplier 0712,PROJECT_DEMO_EXPANSION,SYNTHETIC_DEMO
SUP00713,SUPPLIER,Automotive Supplier 0713,PROJECT_DEMO_EXPANSION,SYNTHETIC_DEMO
SUP00714,SUPPLIER,Pharma Supplier 0714,PROJECT_DEMO_EXPANSION,SYNTHETIC_DEMO
SUP00715,SUPPLIER,Chemicals Supplier 0715,PROJECT_DEMO_EXPANSION,SYNTHETIC_DEMO
SUP00716,SUPPLIER,Food Supplier 0716,PROJECT_DEMO_EXPANSION,SYNTHETIC_DEMO
SUP00717,SUPPLIER,Semiconductors Supplier 0717,PROJECT_DEMO_EXPANSION,SYNTHETIC_DEMO
SUP00718,SUPPLIER,Logistics Supplier 0718,PROJECT_DEMO_EXPANSION,SYNTHETIC_DEMO
SUP00719,SUPPLIER,Industrial Equipment Supplier 0719,PROJECT_DEMO_EXPANSION,SYNTHETIC_DEMO
SUP00720,SUPPLIER,Packaging Supplier 0720,PROJECT_DEMO_EXPANSION,SYNTHETIC_DEMO
SUP00721,SUPPLIER,Apparel Supplier 0721,PROJECT_DEMO_EXPANSION,SYNTHETIC_DEMO
SUP00722,SUPPLIER,Electronics Supplier 0722,PROJECT_DEMO_EXPANSION,SYNTHETIC_DEMO
SUP00723,SUPPLIER,Automotive Supplier 0723,PROJECT_DEMO_EXPANSION,SYNTHETIC_DEMO
SUP00724,SUPPLIER,Pharma Supplier 0724,PROJECT_DEMO_EXPANSION,SYNTHETIC_DEMO
SUP00725,SUPPLIER,Chemicals Supplier 0725,PROJECT_DEMO_EXPANSION,SYNTHETIC_DEMO
SUP00726,SUPPLIER,Food Supplier 0726,PROJECT_DEMO_EXPANSION,SYNTHETIC_DEMO
SUP00727,SUPPLIER,Semiconductors Supplier 0727,PROJECT_DEMO_EXPANSION,SYNTHETIC_DEMO
SUP00728,SUPPLIER,Logistics Supplier 0728,PROJECT_DEMO_EXPANSION,SYNTHETIC_DEMO
SUP00729,SUPPLIER,Industrial Equipment Supplier 0729,PROJECT_DEMO_EXPANSION,SYNTHETIC_DEMO
SUP00730,SUPPLIER,Packaging Supplier 0730,PROJECT_DEMO_EXPANSION,SYNTHETIC_DEMO
SUP00731,SUPPLIER,Apparel Supplier 0731,PROJECT_DEMO_EXPANSION,SYNTHETIC_DEMO
SUP00732,SUPPLIER,Electronics Supplier 0732,PROJECT_DEMO_EXPANSION,SYNTHETIC_DEMO
SUP00733,SUPPLIER,Automotive Supplier 0733,PROJECT_DEMO_EXPANSION,SYNTHETIC_DEMO
SUP00734,SUPPLIER,Pharma Supplier 0734,PROJECT_DEMO_EXPANSION,SYNTHETIC_DEMO
SUP00735,SUPPLIER,Chemicals Supplier 0735,PROJECT_DEMO_EXPANSION,SYNTHETIC_DEMO
SUP00736,SUPPLIER,Food Supplier 0736,PROJECT_DEMO_EXPANSION,SYNTHETIC_DEMO
SUP00737,SUPPLIER,Semiconductors Supplier 0737,PROJECT_DEMO_EXPANSION,SYNTHETIC_DEMO
SUP00738,SUPPLIER,Logistics Supplier 0738,PROJECT_DEMO_EXPANSION,SYNTHETIC_DEMO
SUP00739,SUPPLIER,Industrial Equipment Supplier 0739,PROJECT_DEMO_EXPANSION,SYNTHETIC_DEMO
SUP00740,SUPPLIER,Packaging Supplier 0740,PROJECT_DEMO_EXPANSION,SYNTHETIC_DEMO
SUP00741,SUPPLIER,Apparel Supplier 0741,PROJECT_DEMO_EXPANSION,SYNTHETIC_DEMO
SUP00742,SUPPLIER,Electronics Supplier 0742,PROJECT_DEMO_EXPANSION,SYNTHETIC_DEMO
SUP00743,SUPPLIER,Automotive Supplier 0743,PROJECT_DEMO_EXPANSION,SYNTHETIC_DEMO
SUP00744,SUPPLIER,Pharma Supplier 0744,PROJECT_DEMO_EXPANSION,SYNTHETIC_DEMO
SUP00745,SUPPLIER,Chemicals Supplier 0745,PROJECT_DEMO_EXPANSION,SYNTHETIC_DEMO
SUP00746,SUPPLIER,Food Supplier 0746,PROJECT_DEMO_EXPANSION,SYNTHETIC_DEMO
SUP00747,SUPPLIER,Semiconductors Supplier 0747,PROJECT_DEMO_EXPANSION,SYNTHETIC_DEMO
SUP00748,SUPPLIER,Logistics Supplier 0748,PROJECT_DEMO_EXPANSION,SYNTHETIC_DEMO
SUP00749,SUPPLIER,Industrial Equipment Supplier 0749,PROJECT_DEMO_EXPANSION,SYNTHETIC_DEMO
SUP00750,SUPPLIER,Packaging Supplier 0750,PROJECT_DEMO_EXPANSION,SYNTHETIC_DEMO
SUP00751,SUPPLIER,Apparel Supplier 0751,PROJECT_DEMO_EXPANSION,SYNTHETIC_DEMO
SUP00752,SUPPLIER,Electronics Supplier 0752,PROJECT_DEMO_EXPANSION,SYNTHETIC_DEMO
SUP00753,SUPPLIER,Automotive Supplier 0753,PROJECT_DEMO_EXPANSION,SYNTHETIC_DEMO
SUP00754,SUPPLIER,Pharma Supplier 0754,PROJECT_DEMO_EXPANSION,SYNTHETIC_DEMO
SUP00755,SUPPLIER,Chemicals Supplier 0755,PROJECT_DEMO_EXPANSION,SYNTHETIC_DEMO
SUP00756,SUPPLIER,Food Supplier 0756,PROJECT_DEMO_EXPANSION,SYNTHETIC_DEMO
SUP00757,SUPPLIER,Semiconductors Supplier 0757,PROJECT_DEMO_EXPANSION,SYNTHETIC_DEMO
SUP00758,SUPPLIER,Logistics Supplier 0758,PROJECT_DEMO_EXPANSION,SYNTHETIC_DEMO
SUP00759,SUPPLIER,Industrial Equipment Supplier 0759,PROJECT_DEMO_EXPANSION,SYNTHETIC_DEMO
SUP00760,SUPPLIER,Packaging Supplier 0760,PROJECT_DEMO_EXPANSION,SYNTHETIC_DEMO
SUP00761,SUPPLIER,Apparel Supplier 0761,PROJECT_DEMO_EXPANSION,SYNTHETIC_DEMO
SUP00762,SUPPLIER,Electronics Supplier 0762,PROJECT_DEMO_EXPANSION,SYNTHETIC_DEMO
SUP00763,SUPPLIER,Automotive Supplier 0763,PROJECT_DEMO_EXPANSION,SYNTHETIC_DEMO
SUP00764,SUPPLIER,Pharma Supplier 0764,PROJECT_DEMO_EXPANSION,SYNTHETIC_DEMO
SUP00765,SUPPLIER,Chemicals Supplier 0765,PROJECT_DEMO_EXPANSION,SYNTHETIC_DEMO
SUP00766,SUPPLIER,Food Supplier 0766,PROJECT_DEMO_EXPANSION,SYNTHETIC_DEMO
SUP00767,SUPPLIER,Semiconductors Supplier 0767,PROJECT_DEMO_EXPANSION,SYNTHETIC_DEMO
SUP00768,SUPPLIER,Logistics Supplier 0768,PROJECT_DEMO_EXPANSION,SYNTHETIC_DEMO
SUP00769,SUPPLIER,Industrial Equipment Supplier 0769,PROJECT_DEMO_EXPANSION,SYNTHETIC_DEMO
SUP00770,SUPPLIER,Packaging Supplier 0770,PROJECT_DEMO_EXPANSION,SYNTHETIC_DEMO
SUP00771,SUPPLIER,Apparel Supplier 0771,PROJECT_DEMO_EXPANSION,SYNTHETIC_DEMO
SUP00772,SUPPLIER,Electronics Supplier 0772,PROJECT_DEMO_EXPANSION,SYNTHETIC_DEMO
SUP00773,SUPPLIER,Automotive Supplier 0773,PROJECT_DEMO_EXPANSION,SYNTHETIC_DEMO
SUP00774,SUPPLIER,Pharma Supplier 0774,PROJECT_DEMO_EXPANSION,SYNTHETIC_DEMO
SUP00775,SUPPLIER,Chemicals Supplier 0775,PROJECT_DEMO_EXPANSION,SYNTHETIC_DEMO
SUP00776,SUPPLIER,Food Supplier 0776,PROJECT_DEMO_EXPANSION,SYNTHETIC_DEMO
SUP00777,SUPPLIER,Semiconductors Supplier 0777,PROJECT_DEMO_EXPANSION,SYNTHETIC_DEMO
SUP00778,SUPPLIER,Logistics Supplier 0778,PROJECT_DEMO_EXPANSION,SYNTHETIC_DEMO
SUP00779,SUPPLIER,Industrial Equipment Supplier 0779,PROJECT_DEMO_EXPANSION,SYNTHETIC_DEMO
SUP00780,SUPPLIER,Packaging Supplier 0780,PROJECT_DEMO_EXPANSION,SYNTHETIC_DEMO
SUP00781,SUPPLIER,Apparel Supplier 0781,PROJECT_DEMO_EXPANSION,SYNTHETIC_DEMO
SUP00782,SUPPLIER,Electronics Supplier 0782,PROJECT_DEMO_EXPANSION,SYNTHETIC_DEMO
SUP00783,SUPPLIER,Automotive Supplier 0783,PROJECT_DEMO_EXPANSION,SYNTHETIC_DEMO
SUP00784,SUPPLIER,Pharma Supplier 0784,PROJECT_DEMO_EXPANSION,SYNTHETIC_DEMO
SUP00785,SUPPLIER,Chemicals Supplier 0785,PROJECT_DEMO_EXPANSION,SYNTHETIC_DEMO
SUP00786,SUPPLIER,Food Supplier 0786,PROJECT_DEMO_EXPANSION,SYNTHETIC_DEMO
SUP00787,SUPPLIER,Semiconductors Supplier 0787,PROJECT_DEMO_EXPANSION,SYNTHETIC_DEMO
SUP00788,SUPPLIER,Logistics Supplier 0788,PROJECT_DEMO_EXPANSION,SYNTHETIC_DEMO
SUP00789,SUPPLIER,Industrial Equipment Supplier 0789,PROJECT_DEMO_EXPANSION,SYNTHETIC_DEMO
SUP00790,SUPPLIER,Packaging Supplier 0790,PROJECT_DEMO_EXPANSION,SYNTHETIC_DEMO
SUP00791,SUPPLIER,Apparel Supplier 0791,PROJECT_DEMO_EXPANSION,SYNTHETIC_DEMO
SUP00792,SUPPLIER,Electronics Supplier 0792,PROJECT_DEMO_EXPANSION,SYNTHETIC_DEMO
SUP00793,SUPPLIER,Automotive Supplier 0793,PROJECT_DEMO_EXPANSION,SYNTHETIC_DEMO
SUP00794,SUPPLIER,Pharma Supplier 0794,PROJECT_DEMO_EXPANSION,SYNTHETIC_DEMO
SUP00795,SUPPLIER,Chemicals Supplier 0795,PROJECT_DEMO_EXPANSION,SYNTHETIC_DEMO
SUP00796,SUPPLIER,Food Supplier 0796,PROJECT_DEMO_EXPANSION,SYNTHETIC_DEMO
SUP00797,SUPPLIER,Semiconductors Supplier 0797,PROJECT_DEMO_EXPANSION,SYNTHETIC_DEMO
SUP00798,SUPPLIER,Logistics Supplier 0798,PROJECT_DEMO_EXPANSION,SYNTHETIC_DEMO
SUP00799,SUPPLIER,Industrial Equipment Supplier 0799,PROJECT_DEMO_EXPANSION,SYNTHETIC_DEMO
SUP00800,SUPPLIER,Packaging Supplier 0800,PROJECT_DEMO_EXPANSION,SYNTHETIC_DEMO
SUP00801,SUPPLIER,Apparel Supplier 0801,PROJECT_DEMO_EXPANSION,SYNTHETIC_DEMO
SUP00802,SUPPLIER,Electronics Supplier 0802,PROJECT_DEMO_EXPANSION,SYNTHETIC_DEMO
SUP00803,SUPPLIER,Automotive Supplier 0803,PROJECT_DEMO_EXPANSION,SYNTHETIC_DEMO
SUP00804,SUPPLIER,Pharma Supplier 0804,PROJECT_DEMO_EXPANSION,SYNTHETIC_DEMO
SUP00805,SUPPLIER,Chemicals Supplier 0805,PROJECT_DEMO_EXPANSION,SYNTHETIC_DEMO
SUP00806,SUPPLIER,Food Supplier 0806,PROJECT_DEMO_EXPANSION,SYNTHETIC_DEMO
SUP00807,SUPPLIER,Semiconductors Supplier 0807,PROJECT_DEMO_EXPANSION,SYNTHETIC_DEMO
SUP00808,SUPPLIER,Logistics Supplier 0808,PROJECT_DEMO_EXPANSION,SYNTHETIC_DEMO
SUP00809,SUPPLIER,Industrial Equipment Supplier 0809,PROJECT_DEMO_EXPANSION,SYNTHETIC_DEMO
SUP00810,SUPPLIER,Packaging Supplier 0810,PROJECT_DEMO_EXPANSION,SYNTHETIC_DEMO
SUP00811,SUPPLIER,Apparel Supplier 0811,PROJECT_DEMO_EXPANSION,SYNTHETIC_DEMO
SUP00812,SUPPLIER,Electronics Supplier 0812,PROJECT_DEMO_EXPANSION,SYNTHETIC_DEMO
SUP00813,SUPPLIER,Automotive Supplier 0813,PROJECT_DEMO_EXPANSION,SYNTHETIC_DEMO
SUP00814,SUPPLIER,Pharma Supplier 0814,PROJECT_DEMO_EXPANSION,SYNTHETIC_DEMO
SUP00815,SUPPLIER,Chemicals Supplier 0815,PROJECT_DEMO_EXPANSION,SYNTHETIC_DEMO
SUP00816,SUPPLIER,Food Supplier 0816,PROJECT_DEMO_EXPANSION,SYNTHETIC_DEMO
SUP00817,SUPPLIER,Semiconductors Supplier 0817,PROJECT_DEMO_EXPANSION,SYNTHETIC_DEMO
SUP00818,SUPPLIER,Logistics Supplier 0818,PROJECT_DEMO_EXPANSION,SYNTHETIC_DEMO
SUP00819,SUPPLIER,Industrial Equipment Supplier 0819,PROJECT_DEMO_EXPANSION,SYNTHETIC_DEMO
SUP00820,SUPPLIER,Packaging Supplier 0820,PROJECT_DEMO_EXPANSION,SYNTHETIC_DEMO
SUP00821,SUPPLIER,Apparel Supplier 0821,PROJECT_DEMO_EXPANSION,SYNTHETIC_DEMO
SUP00822,SUPPLIER,Electronics Supplier 0822,PROJECT_DEMO_EXPANSION,SYNTHETIC_DEMO
SUP00823,SUPPLIER,Automotive Supplier 0823,PROJECT_DEMO_EXPANSION,SYNTHETIC_DEMO
SUP00824,SUPPLIER,Pharma Supplier 0824,PROJECT_DEMO_EXPANSION,SYNTHETIC_DEMO
SUP00825,SUPPLIER,Chemicals Supplier 0825,PROJECT_DEMO_EXPANSION,SYNTHETIC_DEMO
SUP00826,SUPPLIER,Food Supplier 0826,PROJECT_DEMO_EXPANSION,SYNTHETIC_DEMO
SUP00827,SUPPLIER,Semiconductors Supplier 0827,PROJECT_DEMO_EXPANSION,SYNTHETIC_DEMO
SUP00828,SUPPLIER,Logistics Supplier 0828,PROJECT_DEMO_EXPANSION,SYNTHETIC_DEMO
SUP00829,SUPPLIER,Industrial Equipment Supplier 0829,PROJECT_DEMO_EXPANSION,SYNTHETIC_DEMO
SUP00830,SUPPLIER,Packaging Supplier 0830,PROJECT_DEMO_EXPANSION,SYNTHETIC_DEMO
SUP00831,SUPPLIER,Apparel Supplier 0831,PROJECT_DEMO_EXPANSION,SYNTHETIC_DEMO
SUP00832,SUPPLIER,Electronics Supplier 0832,PROJECT_DEMO_EXPANSION,SYNTHETIC_DEMO
SUP00833,SUPPLIER,Automotive Supplier 0833,PROJECT_DEMO_EXPANSION,SYNTHETIC_DEMO
SUP00834,SUPPLIER,Pharma Supplier 0834,PROJECT_DEMO_EXPANSION,SYNTHETIC_DEMO
SUP00835,SUPPLIER,Chemicals Supplier 0835,PROJECT_DEMO_EXPANSION,SYNTHETIC_DEMO
SUP00836,SUPPLIER,Food Supplier 0836,PROJECT_DEMO_EXPANSION,SYNTHETIC_DEMO
SUP00837,SUPPLIER,Semiconductors Supplier 0837,PROJECT_DEMO_EXPANSION,SYNTHETIC_DEMO
SUP00838,SUPPLIER,Logistics Supplier 0838,PROJECT_DEMO_EXPANSION,SYNTHETIC_DEMO
SUP00839,SUPPLIER,Industrial Equipment Supplier 0839,PROJECT_DEMO_EXPANSION,SYNTHETIC_DEMO
SUP00840,SUPPLIER,Packaging Supplier 0840,PROJECT_DEMO_EXPANSION,SYNTHETIC_DEMO
SUP00841,SUPPLIER,Apparel Supplier 0841,PROJECT_DEMO_EXPANSION,SYNTHETIC_DEMO
SUP00842,SUPPLIER,Electronics Supplier 0842,PROJECT_DEMO_EXPANSION,SYNTHETIC_DEMO
SUP00843,SUPPLIER,Automotive Supplier 0843,PROJECT_DEMO_EXPANSION,SYNTHETIC_DEMO
SUP00844,SUPPLIER,Pharma Supplier 0844,PROJECT_DEMO_EXPANSION,SYNTHETIC_DEMO
SUP00845,SUPPLIER,Chemicals Supplier 0845,PROJECT_DEMO_EXPANSION,SYNTHETIC_DEMO
SUP00846,SUPPLIER,Food Supplier 0846,PROJECT_DEMO_EXPANSION,SYNTHETIC_DEMO
SUP00847,SUPPLIER,Semiconductors Supplier 0847,PROJECT_DEMO_EXPANSION,SYNTHETIC_DEMO
SUP00848,SUPPLIER,Logistics Supplier 0848,PROJECT_DEMO_EXPANSION,SYNTHETIC_DEMO
SUP00849,SUPPLIER,Industrial Equipment Supplier 0849,PROJECT_DEMO_EXPANSION,SYNTHETIC_DEMO
SUP00850,SUPPLIER,Packaging Supplier 0850,PROJECT_DEMO_EXPANSION,SYNTHETIC_DEMO
SUP00851,SUPPLIER,Apparel Supplier 0851,PROJECT_DEMO_EXPANSION,SYNTHETIC_DEMO
SUP00852,SUPPLIER,Electronics Supplier 0852,PROJECT_DEMO_EXPANSION,SYNTHETIC_DEMO
SUP00853,SUPPLIER,Automotive Supplier 0853,PROJECT_DEMO_EXPANSION,SYNTHETIC_DEMO
SUP00854,SUPPLIER,Pharma Supplier 0854,PROJECT_DEMO_EXPANSION,SYNTHETIC_DEMO
SUP00855,SUPPLIER,Chemicals Supplier 0855,PROJECT_DEMO_EXPANSION,SYNTHETIC_DEMO
SUP00856,SUPPLIER,Food Supplier 0856,PROJECT_DEMO_EXPANSION,SYNTHETIC_DEMO
SUP00857,SUPPLIER,Semiconductors Supplier 0857,PROJECT_DEMO_EXPANSION,SYNTHETIC_DEMO
SUP00858,SUPPLIER,Logistics Supplier 0858,PROJECT_DEMO_EXPANSION,SYNTHETIC_DEMO
SUP00859,SUPPLIER,Industrial Equipment Supplier 0859,PROJECT_DEMO_EXPANSION,SYNTHETIC_DEMO
SUP00860,SUPPLIER,Packaging Supplier 0860,PROJECT_DEMO_EXPANSION,SYNTHETIC_DEMO
SUP00861,SUPPLIER,Apparel Supplier 0861,PROJECT_DEMO_EXPANSION,SYNTHETIC_DEMO
SUP00862,SUPPLIER,Electronics Supplier 0862,PROJECT_DEMO_EXPANSION,SYNTHETIC_DEMO
SUP00863,SUPPLIER,Automotive Supplier 0863,PROJECT_DEMO_EXPANSION,SYNTHETIC_DEMO
SUP00864,SUPPLIER,Pharma Supplier 0864,PROJECT_DEMO_EXPANSION,SYNTHETIC_DEMO
SUP00865,SUPPLIER,Chemicals Supplier 0865,PROJECT_DEMO_EXPANSION,SYNTHETIC_DEMO
SUP00866,SUPPLIER,Food Supplier 0866,PROJECT_DEMO_EXPANSION,SYNTHETIC_DEMO
SUP00867,SUPPLIER,Semiconductors Supplier 0867,PROJECT_DEMO_EXPANSION,SYNTHETIC_DEMO
SUP00868,SUPPLIER,Logistics Supplier 0868,PROJECT_DEMO_EXPANSION,SYNTHETIC_DEMO
SUP00869,SUPPLIER,Industrial Equipment Supplier 0869,PROJECT_DEMO_EXPANSION,SYNTHETIC_DEMO
SUP00870,SUPPLIER,Packaging Supplier 0870,PROJECT_DEMO_EXPANSION,SYNTHETIC_DEMO
SUP00871,SUPPLIER,Apparel Supplier 0871,PROJECT_DEMO_EXPANSION,SYNTHETIC_DEMO
SUP00872,SUPPLIER,Electronics Supplier 0872,PROJECT_DEMO_EXPANSION,SYNTHETIC_DEMO
SUP00873,SUPPLIER,Automotive Supplier 0873,PROJECT_DEMO_EXPANSION,SYNTHETIC_DEMO
SUP00874,SUPPLIER,Pharma Supplier 0874,PROJECT_DEMO_EXPANSION,SYNTHETIC_DEMO
SUP00875,SUPPLIER,Chemicals Supplier 0875,PROJECT_DEMO_EXPANSION,SYNTHETIC_DEMO
SUP00876,SUPPLIER,Food Supplier 0876,PROJECT_DEMO_EXPANSION,SYNTHETIC_DEMO
SUP00877,SUPPLIER,Semiconductors Supplier 0877,PROJECT_DEMO_EXPANSION,SYNTHETIC_DEMO
SUP00878,SUPPLIER,Logistics Supplier 0878,PROJECT_DEMO_EXPANSION,SYNTHETIC_DEMO
SUP00879,SUPPLIER,Industrial Equipment Supplier 0879,PROJECT_DEMO_EXPANSION,SYNTHETIC_DEMO
SUP00880,SUPPLIER,Packaging Supplier 0880,PROJECT_DEMO_EXPANSION,SYNTHETIC_DEMO
SUP00881,SUPPLIER,Apparel Supplier 0881,PROJECT_DEMO_EXPANSION,SYNTHETIC_DEMO
SUP00882,SUPPLIER,Electronics Supplier 0882,PROJECT_DEMO_EXPANSION,SYNTHETIC_DEMO
SUP00883,SUPPLIER,Automotive Supplier 0883,PROJECT_DEMO_EXPANSION,SYNTHETIC_DEMO
SUP00884,SUPPLIER,Pharma Supplier 0884,PROJECT_DEMO_EXPANSION,SYNTHETIC_DEMO
SUP00885,SUPPLIER,Chemicals Supplier 0885,PROJECT_DEMO_EXPANSION,SYNTHETIC_DEMO
SUP00886,SUPPLIER,Food Supplier 0886,PROJECT_DEMO_EXPANSION,SYNTHETIC_DEMO
SUP00887,SUPPLIER,Semiconductors Supplier 0887,PROJECT_DEMO_EXPANSION,SYNTHETIC_DEMO
SUP00888,SUPPLIER,Logistics Supplier 0888,PROJECT_DEMO_EXPANSION,SYNTHETIC_DEMO
SUP00889,SUPPLIER,Industrial Equipment Supplier 0889,PROJECT_DEMO_EXPANSION,SYNTHETIC_DEMO
SUP00890,SUPPLIER,Packaging Supplier 0890,PROJECT_DEMO_EXPANSION,SYNTHETIC_DEMO
SUP00891,SUPPLIER,Apparel Supplier 0891,PROJECT_DEMO_EXPANSION,SYNTHETIC_DEMO
SUP00892,SUPPLIER,Electronics Supplier 0892,PROJECT_DEMO_EXPANSION,SYNTHETIC_DEMO
SUP00893,SUPPLIER,Automotive Supplier 0893,PROJECT_DEMO_EXPANSION,SYNTHETIC_DEMO
SUP00894,SUPPLIER,Pharma Supplier 0894,PROJECT_DEMO_EXPANSION,SYNTHETIC_DEMO
SUP00895,SUPPLIER,Chemicals Supplier 0895,PROJECT_DEMO_EXPANSION,SYNTHETIC_DEMO
SUP00896,SUPPLIER,Food Supplier 0896,PROJECT_DEMO_EXPANSION,SYNTHETIC_DEMO
SUP00897,SUPPLIER,Semiconductors Supplier 0897,PROJECT_DEMO_EXPANSION,SYNTHETIC_DEMO
SUP00898,SUPPLIER,Logistics Supplier 0898,PROJECT_DEMO_EXPANSION,SYNTHETIC_DEMO
SUP00899,SUPPLIER,Industrial Equipment Supplier 0899,PROJECT_DEMO_EXPANSION,SYNTHETIC_DEMO
SUP00900,SUPPLIER,Packaging Supplier 0900,PROJECT_DEMO_EXPANSION,SYNTHETIC_DEMO
SUP00901,SUPPLIER,Apparel Supplier 0901,PROJECT_DEMO_EXPANSION,SYNTHETIC_DEMO
SUP00902,SUPPLIER,Electronics Supplier 0902,PROJECT_DEMO_EXPANSION,SYNTHETIC_DEMO
SUP00903,SUPPLIER,Automotive Supplier 0903,PROJECT_DEMO_EXPANSION,SYNTHETIC_DEMO
SUP00904,SUPPLIER,Pharma Supplier 0904,PROJECT_DEMO_EXPANSION,SYNTHETIC_DEMO
SUP00905,SUPPLIER,Chemicals Supplier 0905,PROJECT_DEMO_EXPANSION,SYNTHETIC_DEMO
SUP00906,SUPPLIER,Food Supplier 0906,PROJECT_DEMO_EXPANSION,SYNTHETIC_DEMO
SUP00907,SUPPLIER,Semiconductors Supplier 0907,PROJECT_DEMO_EXPANSION,SYNTHETIC_DEMO
SUP00908,SUPPLIER,Logistics Supplier 0908,PROJECT_DEMO_EXPANSION,SYNTHETIC_DEMO
SUP00909,SUPPLIER,Industrial Equipment Supplier 0909,PROJECT_DEMO_EXPANSION,SYNTHETIC_DEMO
SUP00910,SUPPLIER,Packaging Supplier 0910,PROJECT_DEMO_EXPANSION,SYNTHETIC_DEMO
SUP00911,SUPPLIER,Apparel Supplier 0911,PROJECT_DEMO_EXPANSION,SYNTHETIC_DEMO
SUP00912,SUPPLIER,Electronics Supplier 0912,PROJECT_DEMO_EXPANSION,SYNTHETIC_DEMO
SUP00913,SUPPLIER,Automotive Supplier 0913,PROJECT_DEMO_EXPANSION,SYNTHETIC_DEMO
SUP00914,SUPPLIER,Pharma Supplier 0914,PROJECT_DEMO_EXPANSION,SYNTHETIC_DEMO
SUP00915,SUPPLIER,Chemicals Supplier 0915,PROJECT_DEMO_EXPANSION,SYNTHETIC_DEMO
SUP00916,SUPPLIER,Food Supplier 0916,PROJECT_DEMO_EXPANSION,SYNTHETIC_DEMO
SUP00917,SUPPLIER,Semiconductors Supplier 0917,PROJECT_DEMO_EXPANSION,SYNTHETIC_DEMO
SUP00918,SUPPLIER,Logistics Supplier 0918,PROJECT_DEMO_EXPANSION,SYNTHETIC_DEMO
SUP00919,SUPPLIER,Industrial Equipment Supplier 0919,PROJECT_DEMO_EXPANSION,SYNTHETIC_DEMO
SUP00920,SUPPLIER,Packaging Supplier 0920,PROJECT_DEMO_EXPANSION,SYNTHETIC_DEMO
SUP00921,SUPPLIER,Apparel Supplier 0921,PROJECT_DEMO_EXPANSION,SYNTHETIC_DEMO
SUP00922,SUPPLIER,Electronics Supplier 0922,PROJECT_DEMO_EXPANSION,SYNTHETIC_DEMO
SUP00923,SUPPLIER,Automotive Supplier 0923,PROJECT_DEMO_EXPANSION,SYNTHETIC_DEMO
SUP00924,SUPPLIER,Pharma Supplier 0924,PROJECT_DEMO_EXPANSION,SYNTHETIC_DEMO
SUP00925,SUPPLIER,Chemicals Supplier 0925,PROJECT_DEMO_EXPANSION,SYNTHETIC_DEMO
SUP00926,SUPPLIER,Food Supplier 0926,PROJECT_DEMO_EXPANSION,SYNTHETIC_DEMO
SUP00927,SUPPLIER,Semiconductors Supplier 0927,PROJECT_DEMO_EXPANSION,SYNTHETIC_DEMO
SUP00928,SUPPLIER,Logistics Supplier 0928,PROJECT_DEMO_EXPANSION,SYNTHETIC_DEMO
SUP00929,SUPPLIER,Industrial Equipment Supplier 0929,PROJECT_DEMO_EXPANSION,SYNTHETIC_DEMO
SUP00930,SUPPLIER,Packaging Supplier 0930,PROJECT_DEMO_EXPANSION,SYNTHETIC_DEMO
SUP00931,SUPPLIER,Apparel Supplier 0931,PROJECT_DEMO_EXPANSION,SYNTHETIC_DEMO
SUP00932,SUPPLIER,Electronics Supplier 0932,PROJECT_DEMO_EXPANSION,SYNTHETIC_DEMO
SUP00933,SUPPLIER,Automotive Supplier 0933,PROJECT_DEMO_EXPANSION,SYNTHETIC_DEMO
SUP00934,SUPPLIER,Pharma Supplier 0934,PROJECT_DEMO_EXPANSION,SYNTHETIC_DEMO
SUP00935,SUPPLIER,Chemicals Supplier 0935,PROJECT_DEMO_EXPANSION,SYNTHETIC_DEMO
SUP00936,SUPPLIER,Food Supplier 0936,PROJECT_DEMO_EXPANSION,SYNTHETIC_DEMO
SUP00937,SUPPLIER,Semiconductors Supplier 0937,PROJECT_DEMO_EXPANSION,SYNTHETIC_DEMO
SUP00938,SUPPLIER,Logistics Supplier 0938,PROJECT_DEMO_EXPANSION,SYNTHETIC_DEMO
SUP00939,SUPPLIER,Industrial Equipment Supplier 0939,PROJECT_DEMO_EXPANSION,SYNTHETIC_DEMO
SUP00940,SUPPLIER,Packaging Supplier 0940,PROJECT_DEMO_EXPANSION,SYNTHETIC_DEMO
SUP00941,SUPPLIER,Apparel Supplier 0941,PROJECT_DEMO_EXPANSION,SYNTHETIC_DEMO
SUP00942,SUPPLIER,Electronics Supplier 0942,PROJECT_DEMO_EXPANSION,SYNTHETIC_DEMO
SUP00943,SUPPLIER,Automotive Supplier 0943,PROJECT_DEMO_EXPANSION,SYNTHETIC_DEMO
SUP00944,SUPPLIER,Pharma Supplier 0944,PROJECT_DEMO_EXPANSION,SYNTHETIC_DEMO
SUP00945,SUPPLIER,Chemicals Supplier 0945,PROJECT_DEMO_EXPANSION,SYNTHETIC_DEMO
SUP00946,SUPPLIER,Food Supplier 0946,PROJECT_DEMO_EXPANSION,SYNTHETIC_DEMO
SUP00947,SUPPLIER,Semiconductors Supplier 0947,PROJECT_DEMO_EXPANSION,SYNTHETIC_DEMO
SUP00948,SUPPLIER,Logistics Supplier 0948,PROJECT_DEMO_EXPANSION,SYNTHETIC_DEMO
SUP00949,SUPPLIER,Industrial Equipment Supplier 0949,PROJECT_DEMO_EXPANSION,SYNTHETIC_DEMO
SUP00950,SUPPLIER,Packaging Supplier 0950,PROJECT_DEMO_EXPANSION,SYNTHETIC_DEMO
SUP00951,SUPPLIER,Apparel Supplier 0951,PROJECT_DEMO_EXPANSION,SYNTHETIC_DEMO
SUP00952,SUPPLIER,Electronics Supplier 0952,PROJECT_DEMO_EXPANSION,SYNTHETIC_DEMO
SUP00953,SUPPLIER,Automotive Supplier 0953,PROJECT_DEMO_EXPANSION,SYNTHETIC_DEMO
SUP00954,SUPPLIER,Pharma Supplier 0954,PROJECT_DEMO_EXPANSION,SYNTHETIC_DEMO
SUP00955,SUPPLIER,Chemicals Supplier 0955,PROJECT_DEMO_EXPANSION,SYNTHETIC_DEMO
SUP00956,SUPPLIER,Food Supplier 0956,PROJECT_DEMO_EXPANSION,SYNTHETIC_DEMO
SUP00957,SUPPLIER,Semiconductors Supplier 0957,PROJECT_DEMO_EXPANSION,SYNTHETIC_DEMO
SUP00958,SUPPLIER,Logistics Supplier 0958,PROJECT_DEMO_EXPANSION,SYNTHETIC_DEMO
SUP00959,SUPPLIER,Industrial Equipment Supplier 0959,PROJECT_DEMO_EXPANSION,SYNTHETIC_DEMO
SUP00960,SUPPLIER,Packaging Supplier 0960,PROJECT_DEMO_EXPANSION,SYNTHETIC_DEMO
SUP00961,SUPPLIER,Apparel Supplier 0961,PROJECT_DEMO_EXPANSION,SYNTHETIC_DEMO
SUP00962,SUPPLIER,Electronics Supplier 0962,PROJECT_DEMO_EXPANSION,SYNTHETIC_DEMO
SUP00963,SUPPLIER,Automotive Supplier 0963,PROJECT_DEMO_EXPANSION,SYNTHETIC_DEMO
SUP00964,SUPPLIER,Pharma Supplier 0964,PROJECT_DEMO_EXPANSION,SYNTHETIC_DEMO
SUP00965,SUPPLIER,Chemicals Supplier 0965,PROJECT_DEMO_EXPANSION,SYNTHETIC_DEMO
SUP00966,SUPPLIER,Food Supplier 0966,PROJECT_DEMO_EXPANSION,SYNTHETIC_DEMO
SUP00967,SUPPLIER,Semiconductors Supplier 0967,PROJECT_DEMO_EXPANSION,SYNTHETIC_DEMO
SUP00968,SUPPLIER,Logistics Supplier 0968,PROJECT_DEMO_EXPANSION,SYNTHETIC_DEMO
SUP00969,SUPPLIER,Industrial Equipment Supplier 0969,PROJECT_DEMO_EXPANSION,SYNTHETIC_DEMO
SUP00970,SUPPLIER,Packaging Supplier 0970,PROJECT_DEMO_EXPANSION,SYNTHETIC_DEMO
SUP00971,SUPPLIER,Apparel Supplier 0971,PROJECT_DEMO_EXPANSION,SYNTHETIC_DEMO
SUP00972,SUPPLIER,Electronics Supplier 0972,PROJECT_DEMO_EXPANSION,SYNTHETIC_DEMO
SUP00973,SUPPLIER,Automotive Supplier 0973,PROJECT_DEMO_EXPANSION,SYNTHETIC_DEMO
SUP00974,SUPPLIER,Pharma Supplier 0974,PROJECT_DEMO_EXPANSION,SYNTHETIC_DEMO
SUP00975,SUPPLIER,Chemicals Supplier 0975,PROJECT_DEMO_EXPANSION,SYNTHETIC_DEMO
SUP00976,SUPPLIER,Food Supplier 0976,PROJECT_DEMO_EXPANSION,SYNTHETIC_DEMO
SUP00977,SUPPLIER,Semiconductors Supplier 0977,PROJECT_DEMO_EXPANSION,SYNTHETIC_DEMO
SUP00978,SUPPLIER,Logistics Supplier 0978,PROJECT_DEMO_EXPANSION,SYNTHETIC_DEMO
SUP00979,SUPPLIER,Industrial Equipment Supplier 0979,PROJECT_DEMO_EXPANSION,SYNTHETIC_DEMO
SUP00980,SUPPLIER,Packaging Supplier 0980,PROJECT_DEMO_EXPANSION,SYNTHETIC_DEMO
SUP00981,SUPPLIER,Apparel Supplier 0981,PROJECT_DEMO_EXPANSION,SYNTHETIC_DEMO
SUP00982,SUPPLIER,Electronics Supplier 0982,PROJECT_DEMO_EXPANSION,SYNTHETIC_DEMO
SUP00983,SUPPLIER,Automotive Supplier 0983,PROJECT_DEMO_EXPANSION,SYNTHETIC_DEMO
SUP00984,SUPPLIER,Pharma Supplier 0984,PROJECT_DEMO_EXPANSION,SYNTHETIC_DEMO
SUP00985,SUPPLIER,Chemicals Supplier 0985,PROJECT_DEMO_EXPANSION,SYNTHETIC_DEMO
SUP00986,SUPPLIER,Food Supplier 0986,PROJECT_DEMO_EXPANSION,SYNTHETIC_DEMO
SUP00987,SUPPLIER,Semiconductors Supplier 0987,PROJECT_DEMO_EXPANSION,SYNTHETIC_DEMO
SUP00988,SUPPLIER,Logistics Supplier 0988,PROJECT_DEMO_EXPANSION,SYNTHETIC_DEMO
SUP00989,SUPPLIER,Industrial Equipment Supplier 0989,PROJECT_DEMO_EXPANSION,SYNTHETIC_DEMO
SUP00990,SUPPLIER,Packaging Supplier 0990,PROJECT_DEMO_EXPANSION,SYNTHETIC_DEMO
SUP00991,SUPPLIER,Apparel Supplier 0991,PROJECT_DEMO_EXPANSION,SYNTHETIC_DEMO
SUP00992,SUPPLIER,Electronics Supplier 0992,PROJECT_DEMO_EXPANSION,SYNTHETIC_DEMO
SUP00993,SUPPLIER,Automotive Supplier 0993,PROJECT_DEMO_EXPANSION,SYNTHETIC_DEMO
SUP00994,SUPPLIER,Pharma Supplier 0994,PROJECT_DEMO_EXPANSION,SYNTHETIC_DEMO
SUP00995,SUPPLIER,Chemicals Supplier 0995,PROJECT_DEMO_EXPANSION,SYNTHETIC_DEMO
SUP00996,SUPPLIER,Food Supplier 0996,PROJECT_DEMO_EXPANSION,SYNTHETIC_DEMO
SUP00997,SUPPLIER,Semiconductors Supplier 0997,PROJECT_DEMO_EXPANSION,SYNTHETIC_DEMO
SUP00998,SUPPLIER,Logistics Supplier 0998,PROJECT_DEMO_EXPANSION,SYNTHETIC_DEMO
SUP00999,SUPPLIER,Industrial Equipment Supplier 0999,PROJECT_DEMO_EXPANSION,SYNTHETIC_DEMO
SUP01000,SUPPLIER,Packaging Supplier 1000,PROJECT_DEMO_EXPANSION,SYNTHETIC_DEMO
PROD00001,PRODUCT,Cotton knitwear 0001,PROJECT_DEMO_EXPANSION,SYNTHETIC_DEMO
PROD00002,PRODUCT,PCB assembly 0002,PROJECT_DEMO_EXPANSION,SYNTHETIC_DEMO
PROD00003,PRODUCT,Powertrain component 0003,PROJECT_DEMO_EXPANSION,SYNTHETIC_DEMO
PROD00004,PRODUCT,Vial 0004,PROJECT_DEMO_EXPANSION,SYNTHETIC_DEMO
PROD00005,PRODUCT,Industrial resin 0005,PROJECT_DEMO_EXPANSION,SYNTHETIC_DEMO
PROD00006,PRODUCT,Packaging material 0006,PROJECT_DEMO_EXPANSION,SYNTHETIC_DEMO
PROD00007,PRODUCT,Power semiconductor 0007,PROJECT_DEMO_EXPANSION,SYNTHETIC_DEMO
PROD00008,PRODUCT,Port handling 0008,PROJECT_DEMO_EXPANSION,SYNTHETIC_DEMO
PROD00009,PRODUCT,Pump assembly 0009,PROJECT_DEMO_EXPANSION,SYNTHETIC_DEMO
PROD00010,PRODUCT,Flexible packaging 0010,PROJECT_DEMO_EXPANSION,SYNTHETIC_DEMO
PROD00011,PRODUCT,Garment accessories 0011,PROJECT_DEMO_EXPANSION,SYNTHETIC_DEMO
PROD00012,PRODUCT,Sensors 0012,PROJECT_DEMO_EXPANSION,SYNTHETIC_DEMO
PROD00013,PRODUCT,Brake component 0013,PROJECT_DEMO_EXPANSION,SYNTHETIC_DEMO
PROD00014,PRODUCT,Tablet excipient 0014,PROJECT_DEMO_EXPANSION,SYNTHETIC_DEMO
PROD00015,PRODUCT,Adhesive 0015,PROJECT_DEMO_EXPANSION,SYNTHETIC_DEMO
PROD00016,PRODUCT,Cold-chain product 0016,PROJECT_DEMO_EXPANSION,SYNTHETIC_DEMO
PROD00017,PRODUCT,Memory chip 0017,PROJECT_DEMO_EXPANSION,SYNTHETIC_DEMO
PROD00018,PRODUCT,Freight forwarding 0018,PROJECT_DEMO_EXPANSION,SYNTHETIC_DEMO
PROD00019,PRODUCT,Valve 0019,PROJECT_DEMO_EXPANSION,SYNTHETIC_DEMO
PROD00020,PRODUCT,Label material 0020,PROJECT_DEMO_EXPANSION,SYNTHETIC_DEMO
PROD00021,PRODUCT,Cotton knitwear 0021,PROJECT_DEMO_EXPANSION,SYNTHETIC_DEMO
PROD00022,PRODUCT,PCB assembly 0022,PROJECT_DEMO_EXPANSION,SYNTHETIC_DEMO
PROD00023,PRODUCT,Powertrain component 0023,PROJECT_DEMO_EXPANSION,SYNTHETIC_DEMO
PROD00024,PRODUCT,Vial 0024,PROJECT_DEMO_EXPANSION,SYNTHETIC_DEMO
PROD00025,PRODUCT,Industrial resin 0025,PROJECT_DEMO_EXPANSION,SYNTHETIC_DEMO
PROD00026,PRODUCT,Packaging material 0026,PROJECT_DEMO_EXPANSION,SYNTHETIC_DEMO
PROD00027,PRODUCT,Power semiconductor 0027,PROJECT_DEMO_EXPANSION,SYNTHETIC_DEMO
PROD00028,PRODUCT,Port handling 0028,PROJECT_DEMO_EXPANSION,SYNTHETIC_DEMO
PROD00029,PRODUCT,Pump assembly 0029,PROJECT_DEMO_EXPANSION,SYNTHETIC_DEMO
PROD00030,PRODUCT,Flexible packaging 0030,PROJECT_DEMO_EXPANSION,SYNTHETIC_DEMO
PROD00031,PRODUCT,Garment accessories 0031,PROJECT_DEMO_EXPANSION,SYNTHETIC_DEMO
PROD00032,PRODUCT,Sensors 0032,PROJECT_DEMO_EXPANSION,SYNTHETIC_DEMO
PROD00033,PRODUCT,Brake component 0033,PROJECT_DEMO_EXPANSION,SYNTHETIC_DEMO
PROD00034,PRODUCT,Tablet excipient 0034,PROJECT_DEMO_EXPANSION,SYNTHETIC_DEMO
PROD00035,PRODUCT,Adhesive 0035,PROJECT_DEMO_EXPANSION,SYNTHETIC_DEMO
PROD00036,PRODUCT,Cold-chain product 0036,PROJECT_DEMO_EXPANSION,SYNTHETIC_DEMO
PROD00037,PRODUCT,Memory chip 0037,PROJECT_DEMO_EXPANSION,SYNTHETIC_DEMO
PROD00038,PRODUCT,Freight forwarding 0038,PROJECT_DEMO_EXPANSION,SYNTHETIC_DEMO
PROD00039,PRODUCT,Valve 0039,PROJECT_DEMO_EXPANSION,SYNTHETIC_DEMO
PROD00040,PRODUCT,Label material 0040,PROJECT_DEMO_EXPANSION,SYNTHETIC_DEMO
PROD00041,PRODUCT,Cotton knitwear 0041,PROJECT_DEMO_EXPANSION,SYNTHETIC_DEMO
PROD00042,PRODUCT,PCB assembly 0042,PROJECT_DEMO_EXPANSION,SYNTHETIC_DEMO
PROD00043,PRODUCT,Powertrain component 0043,PROJECT_DEMO_EXPANSION,SYNTHETIC_DEMO
PROD00044,PRODUCT,Vial 0044,PROJECT_DEMO_EXPANSION,SYNTHETIC_DEMO
PROD00045,PRODUCT,Industrial resin 0045,PROJECT_DEMO_EXPANSION,SYNTHETIC_DEMO
PROD00046,PRODUCT,Packaging material 0046,PROJECT_DEMO_EXPANSION,SYNTHETIC_DEMO
PROD00047,PRODUCT,Power semiconductor 0047,PROJECT_DEMO_EXPANSION,SYNTHETIC_DEMO
PROD00048,PRODUCT,Port handling 0048,PROJECT_DEMO_EXPANSION,SYNTHETIC_DEMO
PROD00049,PRODUCT,Pump assembly 0049,PROJECT_DEMO_EXPANSION,SYNTHETIC_DEMO
PROD00050,PRODUCT,Flexible packaging 0050,PROJECT_DEMO_EXPANSION,SYNTHETIC_DEMO
PROD00051,PRODUCT,Garment accessories 0051,PROJECT_DEMO_EXPANSION,SYNTHETIC_DEMO
PROD00052,PRODUCT,Sensors 0052,PROJECT_DEMO_EXPANSION,SYNTHETIC_DEMO
PROD00053,PRODUCT,Brake component 0053,PROJECT_DEMO_EXPANSION,SYNTHETIC_DEMO
PROD00054,PRODUCT,Tablet excipient 0054,PROJECT_DEMO_EXPANSION,SYNTHETIC_DEMO
PROD00055,PRODUCT,Adhesive 0055,PROJECT_DEMO_EXPANSION,SYNTHETIC_DEMO
PROD00056,PRODUCT,Cold-chain product 0056,PROJECT_DEMO_EXPANSION,SYNTHETIC_DEMO
PROD00057,PRODUCT,Memory chip 0057,PROJECT_DEMO_EXPANSION,SYNTHETIC_DEMO
PROD00058,PRODUCT,Freight forwarding 0058,PROJECT_DEMO_EXPANSION,SYNTHETIC_DEMO
PROD00059,PRODUCT,Valve 0059,PROJECT_DEMO_EXPANSION,SYNTHETIC_DEMO
PROD00060,PRODUCT,Label material 0060,PROJECT_DEMO_EXPANSION,SYNTHETIC_DEMO
PROD00061,PRODUCT,Cotton knitwear 0061,PROJECT_DEMO_EXPANSION,SYNTHETIC_DEMO
PROD00062,PRODUCT,PCB assembly 0062,PROJECT_DEMO_EXPANSION,SYNTHETIC_DEMO
PROD00063,PRODUCT,Powertrain component 0063,PROJECT_DEMO_EXPANSION,SYNTHETIC_DEMO
PROD00064,PRODUCT,Vial 0064,PROJECT_DEMO_EXPANSION,SYNTHETIC_DEMO
PROD00065,PRODUCT,Industrial resin 0065,PROJECT_DEMO_EXPANSION,SYNTHETIC_DEMO
PROD00066,PRODUCT,Packaging material 0066,PROJECT_DEMO_EXPANSION,SYNTHETIC_DEMO
PROD00067,PRODUCT,Power semiconductor 0067,PROJECT_DEMO_EXPANSION,SYNTHETIC_DEMO
PROD00068,PRODUCT,Port handling 0068,PROJECT_DEMO_EXPANSION,SYNTHETIC_DEMO
PROD00069,PRODUCT,Pump assembly 0069,PROJECT_DEMO_EXPANSION,SYNTHETIC_DEMO
PROD00070,PRODUCT,Flexible packaging 0070,PROJECT_DEMO_EXPANSION,SYNTHETIC_DEMO
PROD00071,PRODUCT,Garment accessories 0071,PROJECT_DEMO_EXPANSION,SYNTHETIC_DEMO
PROD00072,PRODUCT,Sensors 0072,PROJECT_DEMO_EXPANSION,SYNTHETIC_DEMO
PROD00073,PRODUCT,Brake component 0073,PROJECT_DEMO_EXPANSION,SYNTHETIC_DEMO
PROD00074,PRODUCT,Tablet excipient 0074,PROJECT_DEMO_EXPANSION,SYNTHETIC_DEMO
PROD00075,PRODUCT,Adhesive 0075,PROJECT_DEMO_EXPANSION,SYNTHETIC_DEMO
PROD00076,PRODUCT,Cold-chain product 0076,PROJECT_DEMO_EXPANSION,SYNTHETIC_DEMO
PROD00077,PRODUCT,Memory chip 0077,PROJECT_DEMO_EXPANSION,SYNTHETIC_DEMO
PROD00078,PRODUCT,Freight forwarding 0078,PROJECT_DEMO_EXPANSION,SYNTHETIC_DEMO
PROD00079,PRODUCT,Valve 0079,PROJECT_DEMO_EXPANSION,SYNTHETIC_DEMO
PROD00080,PRODUCT,Label material 0080,PROJECT_DEMO_EXPANSION,SYNTHETIC_DEMO
PROD00081,PRODUCT,Cotton knitwear 0081,PROJECT_DEMO_EXPANSION,SYNTHETIC_DEMO
PROD00082,PRODUCT,PCB assembly 0082,PROJECT_DEMO_EXPANSION,SYNTHETIC_DEMO
PROD00083,PRODUCT,Powertrain component 0083,PROJECT_DEMO_EXPANSION,SYNTHETIC_DEMO
PROD00084,PRODUCT,Vial 0084,PROJECT_DEMO_EXPANSION,SYNTHETIC_DEMO
PROD00085,PRODUCT,Industrial resin 0085,PROJECT_DEMO_EXPANSION,SYNTHETIC_DEMO
PROD00086,PRODUCT,Packaging material 0086,PROJECT_DEMO_EXPANSION,SYNTHETIC_DEMO
PROD00087,PRODUCT,Power semiconductor 0087,PROJECT_DEMO_EXPANSION,SYNTHETIC_DEMO
PROD00088,PRODUCT,Port handling 0088,PROJECT_DEMO_EXPANSION,SYNTHETIC_DEMO
PROD00089,PRODUCT,Pump assembly 0089,PROJECT_DEMO_EXPANSION,SYNTHETIC_DEMO
PROD00090,PRODUCT,Flexible packaging 0090,PROJECT_DEMO_EXPANSION,SYNTHETIC_DEMO
PROD00091,PRODUCT,Garment accessories 0091,PROJECT_DEMO_EXPANSION,SYNTHETIC_DEMO
PROD00092,PRODUCT,Sensors 0092,PROJECT_DEMO_EXPANSION,SYNTHETIC_DEMO
PROD00093,PRODUCT,Brake component 0093,PROJECT_DEMO_EXPANSION,SYNTHETIC_DEMO
PROD00094,PRODUCT,Tablet excipient 0094,PROJECT_DEMO_EXPANSION,SYNTHETIC_DEMO
PROD00095,PRODUCT,Adhesive 0095,PROJECT_DEMO_EXPANSION,SYNTHETIC_DEMO
PROD00096,PRODUCT,Cold-chain product 0096,PROJECT_DEMO_EXPANSION,SYNTHETIC_DEMO
PROD00097,PRODUCT,Memory chip 0097,PROJECT_DEMO_EXPANSION,SYNTHETIC_DEMO
PROD00098,PRODUCT,Freight forwarding 0098,PROJECT_DEMO_EXPANSION,SYNTHETIC_DEMO
PROD00099,PRODUCT,Valve 0099,PROJECT_DEMO_EXPANSION,SYNTHETIC_DEMO
PROD00100,PRODUCT,Label material 0100,PROJECT_DEMO_EXPANSION,SYNTHETIC_DEMO
PROD00101,PRODUCT,Cotton knitwear 0101,PROJECT_DEMO_EXPANSION,SYNTHETIC_DEMO
PROD00102,PRODUCT,PCB assembly 0102,PROJECT_DEMO_EXPANSION,SYNTHETIC_DEMO
PROD00103,PRODUCT,Powertrain component 0103,PROJECT_DEMO_EXPANSION,SYNTHETIC_DEMO
PROD00104,PRODUCT,Vial 0104,PROJECT_DEMO_EXPANSION,SYNTHETIC_DEMO
PROD00105,PRODUCT,Industrial resin 0105,PROJECT_DEMO_EXPANSION,SYNTHETIC_DEMO
PROD00106,PRODUCT,Packaging material 0106,PROJECT_DEMO_EXPANSION,SYNTHETIC_DEMO
PROD00107,PRODUCT,Power semiconductor 0107,PROJECT_DEMO_EXPANSION,SYNTHETIC_DEMO
PROD00108,PRODUCT,Port handling 0108,PROJECT_DEMO_EXPANSION,SYNTHETIC_DEMO
PROD00109,PRODUCT,Pump assembly 0109,PROJECT_DEMO_EXPANSION,SYNTHETIC_DEMO
PROD00110,PRODUCT,Flexible packaging 0110,PROJECT_DEMO_EXPANSION,SYNTHETIC_DEMO
PROD00111,PRODUCT,Garment accessories 0111,PROJECT_DEMO_EXPANSION,SYNTHETIC_DEMO
PROD00112,PRODUCT,Sensors 0112,PROJECT_DEMO_EXPANSION,SYNTHETIC_DEMO
PROD00113,PRODUCT,Brake component 0113,PROJECT_DEMO_EXPANSION,SYNTHETIC_DEMO
PROD00114,PRODUCT,Tablet excipient 0114,PROJECT_DEMO_EXPANSION,SYNTHETIC_DEMO
PROD00115,PRODUCT,Adhesive 0115,PROJECT_DEMO_EXPANSION,SYNTHETIC_DEMO
PROD00116,PRODUCT,Cold-chain product 0116,PROJECT_DEMO_EXPANSION,SYNTHETIC_DEMO
PROD00117,PRODUCT,Memory chip 0117,PROJECT_DEMO_EXPANSION,SYNTHETIC_DEMO
PROD00118,PRODUCT,Freight forwarding 0118,PROJECT_DEMO_EXPANSION,SYNTHETIC_DEMO
PROD00119,PRODUCT,Valve 0119,PROJECT_DEMO_EXPANSION,SYNTHETIC_DEMO
PROD00120,PRODUCT,Label material 0120,PROJECT_DEMO_EXPANSION,SYNTHETIC_DEMO
PROD00121,PRODUCT,Cotton knitwear 0121,PROJECT_DEMO_EXPANSION,SYNTHETIC_DEMO
PROD00122,PRODUCT,PCB assembly 0122,PROJECT_DEMO_EXPANSION,SYNTHETIC_DEMO
PROD00123,PRODUCT,Powertrain component 0123,PROJECT_DEMO_EXPANSION,SYNTHETIC_DEMO
PROD00124,PRODUCT,Vial 0124,PROJECT_DEMO_EXPANSION,SYNTHETIC_DEMO
PROD00125,PRODUCT,Industrial resin 0125,PROJECT_DEMO_EXPANSION,SYNTHETIC_DEMO
PROD00126,PRODUCT,Packaging material 0126,PROJECT_DEMO_EXPANSION,SYNTHETIC_DEMO
PROD00127,PRODUCT,Power semiconductor 0127,PROJECT_DEMO_EXPANSION,SYNTHETIC_DEMO
PROD00128,PRODUCT,Port handling 0128,PROJECT_DEMO_EXPANSION,SYNTHETIC_DEMO
PROD00129,PRODUCT,Pump assembly 0129,PROJECT_DEMO_EXPANSION,SYNTHETIC_DEMO
PROD00130,PRODUCT,Flexible packaging 0130,PROJECT_DEMO_EXPANSION,SYNTHETIC_DEMO
PROD00131,PRODUCT,Garment accessories 0131,PROJECT_DEMO_EXPANSION,SYNTHETIC_DEMO
PROD00132,PRODUCT,Sensors 0132,PROJECT_DEMO_EXPANSION,SYNTHETIC_DEMO
PROD00133,PRODUCT,Brake component 0133,PROJECT_DEMO_EXPANSION,SYNTHETIC_DEMO
PROD00134,PRODUCT,Tablet excipient 0134,PROJECT_DEMO_EXPANSION,SYNTHETIC_DEMO
PROD00135,PRODUCT,Adhesive 0135,PROJECT_DEMO_EXPANSION,SYNTHETIC_DEMO
PROD00136,PRODUCT,Cold-chain product 0136,PROJECT_DEMO_EXPANSION,SYNTHETIC_DEMO
PROD00137,PRODUCT,Memory chip 0137,PROJECT_DEMO_EXPANSION,SYNTHETIC_DEMO
PROD00138,PRODUCT,Freight forwarding 0138,PROJECT_DEMO_EXPANSION,SYNTHETIC_DEMO
PROD00139,PRODUCT,Valve 0139,PROJECT_DEMO_EXPANSION,SYNTHETIC_DEMO
PROD00140,PRODUCT,Label material 0140,PROJECT_DEMO_EXPANSION,SYNTHETIC_DEMO
PROD00141,PRODUCT,Cotton knitwear 0141,PROJECT_DEMO_EXPANSION,SYNTHETIC_DEMO
PROD00142,PRODUCT,PCB assembly 0142,PROJECT_DEMO_EXPANSION,SYNTHETIC_DEMO
PROD00143,PRODUCT,Powertrain component 0143,PROJECT_DEMO_EXPANSION,SYNTHETIC_DEMO
PROD00144,PRODUCT,Vial 0144,PROJECT_DEMO_EXPANSION,SYNTHETIC_DEMO
PROD00145,PRODUCT,Industrial resin 0145,PROJECT_DEMO_EXPANSION,SYNTHETIC_DEMO
PROD00146,PRODUCT,Packaging material 0146,PROJECT_DEMO_EXPANSION,SYNTHETIC_DEMO
PROD00147,PRODUCT,Power semiconductor 0147,PROJECT_DEMO_EXPANSION,SYNTHETIC_DEMO
PROD00148,PRODUCT,Port handling 0148,PROJECT_DEMO_EXPANSION,SYNTHETIC_DEMO
PROD00149,PRODUCT,Pump assembly 0149,PROJECT_DEMO_EXPANSION,SYNTHETIC_DEMO
PROD00150,PRODUCT,Flexible packaging 0150,PROJECT_DEMO_EXPANSION,SYNTHETIC_DEMO
PROD00151,PRODUCT,Garment accessories 0151,PROJECT_DEMO_EXPANSION,SYNTHETIC_DEMO
PROD00152,PRODUCT,Sensors 0152,PROJECT_DEMO_EXPANSION,SYNTHETIC_DEMO
PROD00153,PRODUCT,Brake component 0153,PROJECT_DEMO_EXPANSION,SYNTHETIC_DEMO
PROD00154,PRODUCT,Tablet excipient 0154,PROJECT_DEMO_EXPANSION,SYNTHETIC_DEMO
PROD00155,PRODUCT,Adhesive 0155,PROJECT_DEMO_EXPANSION,SYNTHETIC_DEMO
PROD00156,PRODUCT,Cold-chain product 0156,PROJECT_DEMO_EXPANSION,SYNTHETIC_DEMO
PROD00157,PRODUCT,Memory chip 0157,PROJECT_DEMO_EXPANSION,SYNTHETIC_DEMO
PROD00158,PRODUCT,Freight forwarding 0158,PROJECT_DEMO_EXPANSION,SYNTHETIC_DEMO
PROD00159,PRODUCT,Valve 0159,PROJECT_DEMO_EXPANSION,SYNTHETIC_DEMO
PROD00160,PRODUCT,Label material 0160,PROJECT_DEMO_EXPANSION,SYNTHETIC_DEMO
PROD00161,PRODUCT,Cotton knitwear 0161,PROJECT_DEMO_EXPANSION,SYNTHETIC_DEMO
PROD00162,PRODUCT,PCB assembly 0162,PROJECT_DEMO_EXPANSION,SYNTHETIC_DEMO
PROD00163,PRODUCT,Powertrain component 0163,PROJECT_DEMO_EXPANSION,SYNTHETIC_DEMO
PROD00164,PRODUCT,Vial 0164,PROJECT_DEMO_EXPANSION,SYNTHETIC_DEMO
PROD00165,PRODUCT,Industrial resin 0165,PROJECT_DEMO_EXPANSION,SYNTHETIC_DEMO
PROD00166,PRODUCT,Packaging material 0166,PROJECT_DEMO_EXPANSION,SYNTHETIC_DEMO
PROD00167,PRODUCT,Power semiconductor 0167,PROJECT_DEMO_EXPANSION,SYNTHETIC_DEMO
PROD00168,PRODUCT,Port handling 0168,PROJECT_DEMO_EXPANSION,SYNTHETIC_DEMO
PROD00169,PRODUCT,Pump assembly 0169,PROJECT_DEMO_EXPANSION,SYNTHETIC_DEMO
PROD00170,PRODUCT,Flexible packaging 0170,PROJECT_DEMO_EXPANSION,SYNTHETIC_DEMO
PROD00171,PRODUCT,Garment accessories 0171,PROJECT_DEMO_EXPANSION,SYNTHETIC_DEMO
PROD00172,PRODUCT,Sensors 0172,PROJECT_DEMO_EXPANSION,SYNTHETIC_DEMO
PROD00173,PRODUCT,Brake component 0173,PROJECT_DEMO_EXPANSION,SYNTHETIC_DEMO
PROD00174,PRODUCT,Tablet excipient 0174,PROJECT_DEMO_EXPANSION,SYNTHETIC_DEMO
PROD00175,PRODUCT,Adhesive 0175,PROJECT_DEMO_EXPANSION,SYNTHETIC_DEMO
PROD00176,PRODUCT,Cold-chain product 0176,PROJECT_DEMO_EXPANSION,SYNTHETIC_DEMO
PROD00177,PRODUCT,Memory chip 0177,PROJECT_DEMO_EXPANSION,SYNTHETIC_DEMO
PROD00178,PRODUCT,Freight forwarding 0178,PROJECT_DEMO_EXPANSION,SYNTHETIC_DEMO
PROD00179,PRODUCT,Valve 0179,PROJECT_DEMO_EXPANSION,SYNTHETIC_DEMO
PROD00180,PRODUCT,Label material 0180,PROJECT_DEMO_EXPANSION,SYNTHETIC_DEMO
PROD00181,PRODUCT,Cotton knitwear 0181,PROJECT_DEMO_EXPANSION,SYNTHETIC_DEMO
PROD00182,PRODUCT,PCB assembly 0182,PROJECT_DEMO_EXPANSION,SYNTHETIC_DEMO
PROD00183,PRODUCT,Powertrain component 0183,PROJECT_DEMO_EXPANSION,SYNTHETIC_DEMO
PROD00184,PRODUCT,Vial 0184,PROJECT_DEMO_EXPANSION,SYNTHETIC_DEMO
PROD00185,PRODUCT,Industrial resin 0185,PROJECT_DEMO_EXPANSION,SYNTHETIC_DEMO
PROD00186,PRODUCT,Packaging material 0186,PROJECT_DEMO_EXPANSION,SYNTHETIC_DEMO
PROD00187,PRODUCT,Power semiconductor 0187,PROJECT_DEMO_EXPANSION,SYNTHETIC_DEMO
PROD00188,PRODUCT,Port handling 0188,PROJECT_DEMO_EXPANSION,SYNTHETIC_DEMO
PROD00189,PRODUCT,Pump assembly 0189,PROJECT_DEMO_EXPANSION,SYNTHETIC_DEMO
PROD00190,PRODUCT,Flexible packaging 0190,PROJECT_DEMO_EXPANSION,SYNTHETIC_DEMO
PROD00191,PRODUCT,Garment accessories 0191,PROJECT_DEMO_EXPANSION,SYNTHETIC_DEMO
PROD00192,PRODUCT,Sensors 0192,PROJECT_DEMO_EXPANSION,SYNTHETIC_DEMO
PROD00193,PRODUCT,Brake component 0193,PROJECT_DEMO_EXPANSION,SYNTHETIC_DEMO
PROD00194,PRODUCT,Tablet excipient 0194,PROJECT_DEMO_EXPANSION,SYNTHETIC_DEMO
PROD00195,PRODUCT,Adhesive 0195,PROJECT_DEMO_EXPANSION,SYNTHETIC_DEMO
PROD00196,PRODUCT,Cold-chain product 0196,PROJECT_DEMO_EXPANSION,SYNTHETIC_DEMO
PROD00197,PRODUCT,Memory chip 0197,PROJECT_DEMO_EXPANSION,SYNTHETIC_DEMO
PROD00198,PRODUCT,Freight forwarding 0198,PROJECT_DEMO_EXPANSION,SYNTHETIC_DEMO
PROD00199,PRODUCT,Valve 0199,PROJECT_DEMO_EXPANSION,SYNTHETIC_DEMO
PROD00200,PRODUCT,Label material 0200,PROJECT_DEMO_EXPANSION,SYNTHETIC_DEMO
PROD00201,PRODUCT,Cotton knitwear 0201,PROJECT_DEMO_EXPANSION,SYNTHETIC_DEMO
PROD00202,PRODUCT,PCB assembly 0202,PROJECT_DEMO_EXPANSION,SYNTHETIC_DEMO
PROD00203,PRODUCT,Powertrain component 0203,PROJECT_DEMO_EXPANSION,SYNTHETIC_DEMO
PROD00204,PRODUCT,Vial 0204,PROJECT_DEMO_EXPANSION,SYNTHETIC_DEMO
PROD00205,PRODUCT,Industrial resin 0205,PROJECT_DEMO_EXPANSION,SYNTHETIC_DEMO
PROD00206,PRODUCT,Packaging material 0206,PROJECT_DEMO_EXPANSION,SYNTHETIC_DEMO
PROD00207,PRODUCT,Power semiconductor 0207,PROJECT_DEMO_EXPANSION,SYNTHETIC_DEMO
PROD00208,PRODUCT,Port handling 0208,PROJECT_DEMO_EXPANSION,SYNTHETIC_DEMO
PROD00209,PRODUCT,Pump assembly 0209,PROJECT_DEMO_EXPANSION,SYNTHETIC_DEMO
PROD00210,PRODUCT,Flexible packaging 0210,PROJECT_DEMO_EXPANSION,SYNTHETIC_DEMO
PROD00211,PRODUCT,Garment accessories 0211,PROJECT_DEMO_EXPANSION,SYNTHETIC_DEMO
PROD00212,PRODUCT,Sensors 0212,PROJECT_DEMO_EXPANSION,SYNTHETIC_DEMO
PROD00213,PRODUCT,Brake component 0213,PROJECT_DEMO_EXPANSION,SYNTHETIC_DEMO
PROD00214,PRODUCT,Tablet excipient 0214,PROJECT_DEMO_EXPANSION,SYNTHETIC_DEMO
PROD00215,PRODUCT,Adhesive 0215,PROJECT_DEMO_EXPANSION,SYNTHETIC_DEMO
PROD00216,PRODUCT,Cold-chain product 0216,PROJECT_DEMO_EXPANSION,SYNTHETIC_DEMO
PROD00217,PRODUCT,Memory chip 0217,PROJECT_DEMO_EXPANSION,SYNTHETIC_DEMO
PROD00218,PRODUCT,Freight forwarding 0218,PROJECT_DEMO_EXPANSION,SYNTHETIC_DEMO
PROD00219,PRODUCT,Valve 0219,PROJECT_DEMO_EXPANSION,SYNTHETIC_DEMO
PROD00220,PRODUCT,Label material 0220,PROJECT_DEMO_EXPANSION,SYNTHETIC_DEMO
PROD00221,PRODUCT,Cotton knitwear 0221,PROJECT_DEMO_EXPANSION,SYNTHETIC_DEMO
PROD00222,PRODUCT,PCB assembly 0222,PROJECT_DEMO_EXPANSION,SYNTHETIC_DEMO
PROD00223,PRODUCT,Powertrain component 0223,PROJECT_DEMO_EXPANSION,SYNTHETIC_DEMO
PROD00224,PRODUCT,Vial 0224,PROJECT_DEMO_EXPANSION,SYNTHETIC_DEMO
PROD00225,PRODUCT,Industrial resin 0225,PROJECT_DEMO_EXPANSION,SYNTHETIC_DEMO
PROD00226,PRODUCT,Packaging material 0226,PROJECT_DEMO_EXPANSION,SYNTHETIC_DEMO
PROD00227,PRODUCT,Power semiconductor 0227,PROJECT_DEMO_EXPANSION,SYNTHETIC_DEMO
PROD00228,PRODUCT,Port handling 0228,PROJECT_DEMO_EXPANSION,SYNTHETIC_DEMO
PROD00229,PRODUCT,Pump assembly 0229,PROJECT_DEMO_EXPANSION,SYNTHETIC_DEMO
PROD00230,PRODUCT,Flexible packaging 0230,PROJECT_DEMO_EXPANSION,SYNTHETIC_DEMO
PROD00231,PRODUCT,Garment accessories 0231,PROJECT_DEMO_EXPANSION,SYNTHETIC_DEMO
PROD00232,PRODUCT,Sensors 0232,PROJECT_DEMO_EXPANSION,SYNTHETIC_DEMO
PROD00233,PRODUCT,Brake component 0233,PROJECT_DEMO_EXPANSION,SYNTHETIC_DEMO
PROD00234,PRODUCT,Tablet excipient 0234,PROJECT_DEMO_EXPANSION,SYNTHETIC_DEMO
PROD00235,PRODUCT,Adhesive 0235,PROJECT_DEMO_EXPANSION,SYNTHETIC_DEMO
PROD00236,PRODUCT,Cold-chain product 0236,PROJECT_DEMO_EXPANSION,SYNTHETIC_DEMO
PROD00237,PRODUCT,Memory chip 0237,PROJECT_DEMO_EXPANSION,SYNTHETIC_DEMO
PROD00238,PRODUCT,Freight forwarding 0238,PROJECT_DEMO_EXPANSION,SYNTHETIC_DEMO
PROD00239,PRODUCT,Valve 0239,PROJECT_DEMO_EXPANSION,SYNTHETIC_DEMO
PROD00240,PRODUCT,Label material 0240,PROJECT_DEMO_EXPANSION,SYNTHETIC_DEMO
PROD00241,PRODUCT,Cotton knitwear 0241,PROJECT_DEMO_EXPANSION,SYNTHETIC_DEMO
PROD00242,PRODUCT,PCB assembly 0242,PROJECT_DEMO_EXPANSION,SYNTHETIC_DEMO
PROD00243,PRODUCT,Powertrain component 0243,PROJECT_DEMO_EXPANSION,SYNTHETIC_DEMO
PROD00244,PRODUCT,Vial 0244,PROJECT_DEMO_EXPANSION,SYNTHETIC_DEMO
PROD00245,PRODUCT,Industrial resin 0245,PROJECT_DEMO_EXPANSION,SYNTHETIC_DEMO
PROD00246,PRODUCT,Packaging material 0246,PROJECT_DEMO_EXPANSION,SYNTHETIC_DEMO
PROD00247,PRODUCT,Power semiconductor 0247,PROJECT_DEMO_EXPANSION,SYNTHETIC_DEMO
PROD00248,PRODUCT,Port handling 0248,PROJECT_DEMO_EXPANSION,SYNTHETIC_DEMO
PROD00249,PRODUCT,Pump assembly 0249,PROJECT_DEMO_EXPANSION,SYNTHETIC_DEMO
PROD00250,PRODUCT,Flexible packaging 0250,PROJECT_DEMO_EXPANSION,SYNTHETIC_DEMO
PROD00251,PRODUCT,Garment accessories 0251,PROJECT_DEMO_EXPANSION,SYNTHETIC_DEMO
PROD00252,PRODUCT,Sensors 0252,PROJECT_DEMO_EXPANSION,SYNTHETIC_DEMO
PROD00253,PRODUCT,Brake component 0253,PROJECT_DEMO_EXPANSION,SYNTHETIC_DEMO
PROD00254,PRODUCT,Tablet excipient 0254,PROJECT_DEMO_EXPANSION,SYNTHETIC_DEMO
PROD00255,PRODUCT,Adhesive 0255,PROJECT_DEMO_EXPANSION,SYNTHETIC_DEMO
PROD00256,PRODUCT,Cold-chain product 0256,PROJECT_DEMO_EXPANSION,SYNTHETIC_DEMO
PROD00257,PRODUCT,Memory chip 0257,PROJECT_DEMO_EXPANSION,SYNTHETIC_DEMO
PROD00258,PRODUCT,Freight forwarding 0258,PROJECT_DEMO_EXPANSION,SYNTHETIC_DEMO
PROD00259,PRODUCT,Valve 0259,PROJECT_DEMO_EXPANSION,SYNTHETIC_DEMO
PROD00260,PRODUCT,Label material 0260,PROJECT_DEMO_EXPANSION,SYNTHETIC_DEMO
PROD00261,PRODUCT,Cotton knitwear 0261,PROJECT_DEMO_EXPANSION,SYNTHETIC_DEMO
PROD00262,PRODUCT,PCB assembly 0262,PROJECT_DEMO_EXPANSION,SYNTHETIC_DEMO
PROD00263,PRODUCT,Powertrain component 0263,PROJECT_DEMO_EXPANSION,SYNTHETIC_DEMO
PROD00264,PRODUCT,Vial 0264,PROJECT_DEMO_EXPANSION,SYNTHETIC_DEMO
PROD00265,PRODUCT,Industrial resin 0265,PROJECT_DEMO_EXPANSION,SYNTHETIC_DEMO
PROD00266,PRODUCT,Packaging material 0266,PROJECT_DEMO_EXPANSION,SYNTHETIC_DEMO
PROD00267,PRODUCT,Power semiconductor 0267,PROJECT_DEMO_EXPANSION,SYNTHETIC_DEMO
PROD00268,PRODUCT,Port handling 0268,PROJECT_DEMO_EXPANSION,SYNTHETIC_DEMO
PROD00269,PRODUCT,Pump assembly 0269,PROJECT_DEMO_EXPANSION,SYNTHETIC_DEMO
PROD00270,PRODUCT,Flexible packaging 0270,PROJECT_DEMO_EXPANSION,SYNTHETIC_DEMO
PROD00271,PRODUCT,Garment accessories 0271,PROJECT_DEMO_EXPANSION,SYNTHETIC_DEMO
PROD00272,PRODUCT,Sensors 0272,PROJECT_DEMO_EXPANSION,SYNTHETIC_DEMO
PROD00273,PRODUCT,Brake component 0273,PROJECT_DEMO_EXPANSION,SYNTHETIC_DEMO
PROD00274,PRODUCT,Tablet excipient 0274,PROJECT_DEMO_EXPANSION,SYNTHETIC_DEMO
PROD00275,PRODUCT,Adhesive 0275,PROJECT_DEMO_EXPANSION,SYNTHETIC_DEMO
PROD00276,PRODUCT,Cold-chain product 0276,PROJECT_DEMO_EXPANSION,SYNTHETIC_DEMO
PROD00277,PRODUCT,Memory chip 0277,PROJECT_DEMO_EXPANSION,SYNTHETIC_DEMO
PROD00278,PRODUCT,Freight forwarding 0278,PROJECT_DEMO_EXPANSION,SYNTHETIC_DEMO
PROD00279,PRODUCT,Valve 0279,PROJECT_DEMO_EXPANSION,SYNTHETIC_DEMO
PROD00280,PRODUCT,Label material 0280,PROJECT_DEMO_EXPANSION,SYNTHETIC_DEMO
PROD00281,PRODUCT,Cotton knitwear 0281,PROJECT_DEMO_EXPANSION,SYNTHETIC_DEMO
PROD00282,PRODUCT,PCB assembly 0282,PROJECT_DEMO_EXPANSION,SYNTHETIC_DEMO
PROD00283,PRODUCT,Powertrain component 0283,PROJECT_DEMO_EXPANSION,SYNTHETIC_DEMO
PROD00284,PRODUCT,Vial 0284,PROJECT_DEMO_EXPANSION,SYNTHETIC_DEMO
PROD00285,PRODUCT,Industrial resin 0285,PROJECT_DEMO_EXPANSION,SYNTHETIC_DEMO
PROD00286,PRODUCT,Packaging material 0286,PROJECT_DEMO_EXPANSION,SYNTHETIC_DEMO
PROD00287,PRODUCT,Power semiconductor 0287,PROJECT_DEMO_EXPANSION,SYNTHETIC_DEMO
PROD00288,PRODUCT,Port handling 0288,PROJECT_DEMO_EXPANSION,SYNTHETIC_DEMO
PROD00289,PRODUCT,Pump assembly 0289,PROJECT_DEMO_EXPANSION,SYNTHETIC_DEMO
PROD00290,PRODUCT,Flexible packaging 0290,PROJECT_DEMO_EXPANSION,SYNTHETIC_DEMO
PROD00291,PRODUCT,Garment accessories 0291,PROJECT_DEMO_EXPANSION,SYNTHETIC_DEMO
PROD00292,PRODUCT,Sensors 0292,PROJECT_DEMO_EXPANSION,SYNTHETIC_DEMO
PROD00293,PRODUCT,Brake component 0293,PROJECT_DEMO_EXPANSION,SYNTHETIC_DEMO
PROD00294,PRODUCT,Tablet excipient 0294,PROJECT_DEMO_EXPANSION,SYNTHETIC_DEMO
PROD00295,PRODUCT,Adhesive 0295,PROJECT_DEMO_EXPANSION,SYNTHETIC_DEMO
PROD00296,PRODUCT,Cold-chain product 0296,PROJECT_DEMO_EXPANSION,SYNTHETIC_DEMO
PROD00297,PRODUCT,Memory chip 0297,PROJECT_DEMO_EXPANSION,SYNTHETIC_DEMO
PROD00298,PRODUCT,Freight forwarding 0298,PROJECT_DEMO_EXPANSION,SYNTHETIC_DEMO
PROD00299,PRODUCT,Valve 0299,PROJECT_DEMO_EXPANSION,SYNTHETIC_DEMO
PROD00300,PRODUCT,Label material 0300,PROJECT_DEMO_EXPANSION,SYNTHETIC_DEMO
PROD00301,PRODUCT,Cotton knitwear 0301,PROJECT_DEMO_EXPANSION,SYNTHETIC_DEMO
PROD00302,PRODUCT,PCB assembly 0302,PROJECT_DEMO_EXPANSION,SYNTHETIC_DEMO
PROD00303,PRODUCT,Powertrain component 0303,PROJECT_DEMO_EXPANSION,SYNTHETIC_DEMO
PROD00304,PRODUCT,Vial 0304,PROJECT_DEMO_EXPANSION,SYNTHETIC_DEMO
PROD00305,PRODUCT,Industrial resin 0305,PROJECT_DEMO_EXPANSION,SYNTHETIC_DEMO
PROD00306,PRODUCT,Packaging material 0306,PROJECT_DEMO_EXPANSION,SYNTHETIC_DEMO
PROD00307,PRODUCT,Power semiconductor 0307,PROJECT_DEMO_EXPANSION,SYNTHETIC_DEMO
PROD00308,PRODUCT,Port handling 0308,PROJECT_DEMO_EXPANSION,SYNTHETIC_DEMO
PROD00309,PRODUCT,Pump assembly 0309,PROJECT_DEMO_EXPANSION,SYNTHETIC_DEMO
PROD00310,PRODUCT,Flexible packaging 0310,PROJECT_DEMO_EXPANSION,SYNTHETIC_DEMO
PROD00311,PRODUCT,Garment accessories 0311,PROJECT_DEMO_EXPANSION,SYNTHETIC_DEMO
PROD00312,PRODUCT,Sensors 0312,PROJECT_DEMO_EXPANSION,SYNTHETIC_DEMO
PROD00313,PRODUCT,Brake component 0313,PROJECT_DEMO_EXPANSION,SYNTHETIC_DEMO
PROD00314,PRODUCT,Tablet excipient 0314,PROJECT_DEMO_EXPANSION,SYNTHETIC_DEMO
PROD00315,PRODUCT,Adhesive 0315,PROJECT_DEMO_EXPANSION,SYNTHETIC_DEMO
PROD00316,PRODUCT,Cold-chain product 0316,PROJECT_DEMO_EXPANSION,SYNTHETIC_DEMO
PROD00317,PRODUCT,Memory chip 0317,PROJECT_DEMO_EXPANSION,SYNTHETIC_DEMO
PROD00318,PRODUCT,Freight forwarding 0318,PROJECT_DEMO_EXPANSION,SYNTHETIC_DEMO
PROD00319,PRODUCT,Valve 0319,PROJECT_DEMO_EXPANSION,SYNTHETIC_DEMO
PROD00320,PRODUCT,Label material 0320,PROJECT_DEMO_EXPANSION,SYNTHETIC_DEMO
PROD00321,PRODUCT,Cotton knitwear 0321,PROJECT_DEMO_EXPANSION,SYNTHETIC_DEMO
PROD00322,PRODUCT,PCB assembly 0322,PROJECT_DEMO_EXPANSION,SYNTHETIC_DEMO
PROD00323,PRODUCT,Powertrain component 0323,PROJECT_DEMO_EXPANSION,SYNTHETIC_DEMO
PROD00324,PRODUCT,Vial 0324,PROJECT_DEMO_EXPANSION,SYNTHETIC_DEMO
PROD00325,PRODUCT,Industrial resin 0325,PROJECT_DEMO_EXPANSION,SYNTHETIC_DEMO
PROD00326,PRODUCT,Packaging material 0326,PROJECT_DEMO_EXPANSION,SYNTHETIC_DEMO
PROD00327,PRODUCT,Power semiconductor 0327,PROJECT_DEMO_EXPANSION,SYNTHETIC_DEMO
PROD00328,PRODUCT,Port handling 0328,PROJECT_DEMO_EXPANSION,SYNTHETIC_DEMO
PROD00329,PRODUCT,Pump assembly 0329,PROJECT_DEMO_EXPANSION,SYNTHETIC_DEMO
PROD00330,PRODUCT,Flexible packaging 0330,PROJECT_DEMO_EXPANSION,SYNTHETIC_DEMO
PROD00331,PRODUCT,Garment accessories 0331,PROJECT_DEMO_EXPANSION,SYNTHETIC_DEMO
PROD00332,PRODUCT,Sensors 0332,PROJECT_DEMO_EXPANSION,SYNTHETIC_DEMO
PROD00333,PRODUCT,Brake component 0333,PROJECT_DEMO_EXPANSION,SYNTHETIC_DEMO
PROD00334,PRODUCT,Tablet excipient 0334,PROJECT_DEMO_EXPANSION,SYNTHETIC_DEMO
PROD00335,PRODUCT,Adhesive 0335,PROJECT_DEMO_EXPANSION,SYNTHETIC_DEMO
PROD00336,PRODUCT,Cold-chain product 0336,PROJECT_DEMO_EXPANSION,SYNTHETIC_DEMO
PROD00337,PRODUCT,Memory chip 0337,PROJECT_DEMO_EXPANSION,SYNTHETIC_DEMO
PROD00338,PRODUCT,Freight forwarding 0338,PROJECT_DEMO_EXPANSION,SYNTHETIC_DEMO
PROD00339,PRODUCT,Valve 0339,PROJECT_DEMO_EXPANSION,SYNTHETIC_DEMO
PROD00340,PRODUCT,Label material 0340,PROJECT_DEMO_EXPANSION,SYNTHETIC_DEMO
PROD00341,PRODUCT,Cotton knitwear 0341,PROJECT_DEMO_EXPANSION,SYNTHETIC_DEMO
PROD00342,PRODUCT,PCB assembly 0342,PROJECT_DEMO_EXPANSION,SYNTHETIC_DEMO
PROD00343,PRODUCT,Powertrain component 0343,PROJECT_DEMO_EXPANSION,SYNTHETIC_DEMO
PROD00344,PRODUCT,Vial 0344,PROJECT_DEMO_EXPANSION,SYNTHETIC_DEMO
PROD00345,PRODUCT,Industrial resin 0345,PROJECT_DEMO_EXPANSION,SYNTHETIC_DEMO
PROD00346,PRODUCT,Packaging material 0346,PROJECT_DEMO_EXPANSION,SYNTHETIC_DEMO
PROD00347,PRODUCT,Power semiconductor 0347,PROJECT_DEMO_EXPANSION,SYNTHETIC_DEMO
PROD00348,PRODUCT,Port handling 0348,PROJECT_DEMO_EXPANSION,SYNTHETIC_DEMO
PROD00349,PRODUCT,Pump assembly 0349,PROJECT_DEMO_EXPANSION,SYNTHETIC_DEMO
PROD00350,PRODUCT,Flexible packaging 0350,PROJECT_DEMO_EXPANSION,SYNTHETIC_DEMO
PROD00351,PRODUCT,Garment accessories 0351,PROJECT_DEMO_EXPANSION,SYNTHETIC_DEMO
PROD00352,PRODUCT,Sensors 0352,PROJECT_DEMO_EXPANSION,SYNTHETIC_DEMO
PROD00353,PRODUCT,Brake component 0353,PROJECT_DEMO_EXPANSION,SYNTHETIC_DEMO
PROD00354,PRODUCT,Tablet excipient 0354,PROJECT_DEMO_EXPANSION,SYNTHETIC_DEMO
PROD00355,PRODUCT,Adhesive 0355,PROJECT_DEMO_EXPANSION,SYNTHETIC_DEMO
PROD00356,PRODUCT,Cold-chain product 0356,PROJECT_DEMO_EXPANSION,SYNTHETIC_DEMO
PROD00357,PRODUCT,Memory chip 0357,PROJECT_DEMO_EXPANSION,SYNTHETIC_DEMO
PROD00358,PRODUCT,Freight forwarding 0358,PROJECT_DEMO_EXPANSION,SYNTHETIC_DEMO
PROD00359,PRODUCT,Valve 0359,PROJECT_DEMO_EXPANSION,SYNTHETIC_DEMO
PROD00360,PRODUCT,Label material 0360,PROJECT_DEMO_EXPANSION,SYNTHETIC_DEMO
PROD00361,PRODUCT,Cotton knitwear 0361,PROJECT_DEMO_EXPANSION,SYNTHETIC_DEMO
PROD00362,PRODUCT,PCB assembly 0362,PROJECT_DEMO_EXPANSION,SYNTHETIC_DEMO
PROD00363,PRODUCT,Powertrain component 0363,PROJECT_DEMO_EXPANSION,SYNTHETIC_DEMO
PROD00364,PRODUCT,Vial 0364,PROJECT_DEMO_EXPANSION,SYNTHETIC_DEMO
PROD00365,PRODUCT,Industrial resin 0365,PROJECT_DEMO_EXPANSION,SYNTHETIC_DEMO
PROD00366,PRODUCT,Packaging material 0366,PROJECT_DEMO_EXPANSION,SYNTHETIC_DEMO
PROD00367,PRODUCT,Power semiconductor 0367,PROJECT_DEMO_EXPANSION,SYNTHETIC_DEMO
PROD00368,PRODUCT,Port handling 0368,PROJECT_DEMO_EXPANSION,SYNTHETIC_DEMO
PROD00369,PRODUCT,Pump assembly 0369,PROJECT_DEMO_EXPANSION,SYNTHETIC_DEMO
PROD00370,PRODUCT,Flexible packaging 0370,PROJECT_DEMO_EXPANSION,SYNTHETIC_DEMO
PROD00371,PRODUCT,Garment accessories 0371,PROJECT_DEMO_EXPANSION,SYNTHETIC_DEMO
PROD00372,PRODUCT,Sensors 0372,PROJECT_DEMO_EXPANSION,SYNTHETIC_DEMO
PROD00373,PRODUCT,Brake component 0373,PROJECT_DEMO_EXPANSION,SYNTHETIC_DEMO
PROD00374,PRODUCT,Tablet excipient 0374,PROJECT_DEMO_EXPANSION,SYNTHETIC_DEMO
PROD00375,PRODUCT,Adhesive 0375,PROJECT_DEMO_EXPANSION,SYNTHETIC_DEMO
PROD00376,PRODUCT,Cold-chain product 0376,PROJECT_DEMO_EXPANSION,SYNTHETIC_DEMO
PROD00377,PRODUCT,Memory chip 0377,PROJECT_DEMO_EXPANSION,SYNTHETIC_DEMO
PROD00378,PRODUCT,Freight forwarding 0378,PROJECT_DEMO_EXPANSION,SYNTHETIC_DEMO
PROD00379,PRODUCT,Valve 0379,PROJECT_DEMO_EXPANSION,SYNTHETIC_DEMO
PROD00380,PRODUCT,Label material 0380,PROJECT_DEMO_EXPANSION,SYNTHETIC_DEMO
PROD00381,PRODUCT,Cotton knitwear 0381,PROJECT_DEMO_EXPANSION,SYNTHETIC_DEMO
PROD00382,PRODUCT,PCB assembly 0382,PROJECT_DEMO_EXPANSION,SYNTHETIC_DEMO
PROD00383,PRODUCT,Powertrain component 0383,PROJECT_DEMO_EXPANSION,SYNTHETIC_DEMO
PROD00384,PRODUCT,Vial 0384,PROJECT_DEMO_EXPANSION,SYNTHETIC_DEMO
PROD00385,PRODUCT,Industrial resin 0385,PROJECT_DEMO_EXPANSION,SYNTHETIC_DEMO
PROD00386,PRODUCT,Packaging material 0386,PROJECT_DEMO_EXPANSION,SYNTHETIC_DEMO
PROD00387,PRODUCT,Power semiconductor 0387,PROJECT_DEMO_EXPANSION,SYNTHETIC_DEMO
PROD00388,PRODUCT,Port handling 0388,PROJECT_DEMO_EXPANSION,SYNTHETIC_DEMO
PROD00389,PRODUCT,Pump assembly 0389,PROJECT_DEMO_EXPANSION,SYNTHETIC_DEMO
PROD00390,PRODUCT,Flexible packaging 0390,PROJECT_DEMO_EXPANSION,SYNTHETIC_DEMO
PROD00391,PRODUCT,Garment accessories 0391,PROJECT_DEMO_EXPANSION,SYNTHETIC_DEMO
PROD00392,PRODUCT,Sensors 0392,PROJECT_DEMO_EXPANSION,SYNTHETIC_DEMO
PROD00393,PRODUCT,Brake component 0393,PROJECT_DEMO_EXPANSION,SYNTHETIC_DEMO
PROD00394,PRODUCT,Tablet excipient 0394,PROJECT_DEMO_EXPANSION,SYNTHETIC_DEMO
PROD00395,PRODUCT,Adhesive 0395,PROJECT_DEMO_EXPANSION,SYNTHETIC_DEMO
PROD00396,PRODUCT,Cold-chain product 0396,PROJECT_DEMO_EXPANSION,SYNTHETIC_DEMO
PROD00397,PRODUCT,Memory chip 0397,PROJECT_DEMO_EXPANSION,SYNTHETIC_DEMO
PROD00398,PRODUCT,Freight forwarding 0398,PROJECT_DEMO_EXPANSION,SYNTHETIC_DEMO
PROD00399,PRODUCT,Valve 0399,PROJECT_DEMO_EXPANSION,SYNTHETIC_DEMO
PROD00400,PRODUCT,Label material 0400,PROJECT_DEMO_EXPANSION,SYNTHETIC_DEMO
PROD00401,PRODUCT,Cotton knitwear 0401,PROJECT_DEMO_EXPANSION,SYNTHETIC_DEMO
PROD00402,PRODUCT,PCB assembly 0402,PROJECT_DEMO_EXPANSION,SYNTHETIC_DEMO
PROD00403,PRODUCT,Powertrain component 0403,PROJECT_DEMO_EXPANSION,SYNTHETIC_DEMO
PROD00404,PRODUCT,Vial 0404,PROJECT_DEMO_EXPANSION,SYNTHETIC_DEMO
PROD00405,PRODUCT,Industrial resin 0405,PROJECT_DEMO_EXPANSION,SYNTHETIC_DEMO
PROD00406,PRODUCT,Packaging material 0406,PROJECT_DEMO_EXPANSION,SYNTHETIC_DEMO
PROD00407,PRODUCT,Power semiconductor 0407,PROJECT_DEMO_EXPANSION,SYNTHETIC_DEMO
PROD00408,PRODUCT,Port handling 0408,PROJECT_DEMO_EXPANSION,SYNTHETIC_DEMO
PROD00409,PRODUCT,Pump assembly 0409,PROJECT_DEMO_EXPANSION,SYNTHETIC_DEMO
PROD00410,PRODUCT,Flexible packaging 0410,PROJECT_DEMO_EXPANSION,SYNTHETIC_DEMO
PROD00411,PRODUCT,Garment accessories 0411,PROJECT_DEMO_EXPANSION,SYNTHETIC_DEMO
PROD00412,PRODUCT,Sensors 0412,PROJECT_DEMO_EXPANSION,SYNTHETIC_DEMO
PROD00413,PRODUCT,Brake component 0413,PROJECT_DEMO_EXPANSION,SYNTHETIC_DEMO
PROD00414,PRODUCT,Tablet excipient 0414,PROJECT_DEMO_EXPANSION,SYNTHETIC_DEMO
PROD00415,PRODUCT,Adhesive 0415,PROJECT_DEMO_EXPANSION,SYNTHETIC_DEMO
PROD00416,PRODUCT,Cold-chain product 0416,PROJECT_DEMO_EXPANSION,SYNTHETIC_DEMO
PROD00417,PRODUCT,Memory chip 0417,PROJECT_DEMO_EXPANSION,SYNTHETIC_DEMO
PROD00418,PRODUCT,Freight forwarding 0418,PROJECT_DEMO_EXPANSION,SYNTHETIC_DEMO
PROD00419,PRODUCT,Valve 0419,PROJECT_DEMO_EXPANSION,SYNTHETIC_DEMO
PROD00420,PRODUCT,Label material 0420,PROJECT_DEMO_EXPANSION,SYNTHETIC_DEMO
PROD00421,PRODUCT,Cotton knitwear 0421,PROJECT_DEMO_EXPANSION,SYNTHETIC_DEMO
PROD00422,PRODUCT,PCB assembly 0422,PROJECT_DEMO_EXPANSION,SYNTHETIC_DEMO
PROD00423,PRODUCT,Powertrain component 0423,PROJECT_DEMO_EXPANSION,SYNTHETIC_DEMO
PROD00424,PRODUCT,Vial 0424,PROJECT_DEMO_EXPANSION,SYNTHETIC_DEMO
PROD00425,PRODUCT,Industrial resin 0425,PROJECT_DEMO_EXPANSION,SYNTHETIC_DEMO
PROD00426,PRODUCT,Packaging material 0426,PROJECT_DEMO_EXPANSION,SYNTHETIC_DEMO
PROD00427,PRODUCT,Power semiconductor 0427,PROJECT_DEMO_EXPANSION,SYNTHETIC_DEMO
PROD00428,PRODUCT,Port handling 0428,PROJECT_DEMO_EXPANSION,SYNTHETIC_DEMO
PROD00429,PRODUCT,Pump assembly 0429,PROJECT_DEMO_EXPANSION,SYNTHETIC_DEMO
PROD00430,PRODUCT,Flexible packaging 0430,PROJECT_DEMO_EXPANSION,SYNTHETIC_DEMO
PROD00431,PRODUCT,Garment accessories 0431,PROJECT_DEMO_EXPANSION,SYNTHETIC_DEMO
PROD00432,PRODUCT,Sensors 0432,PROJECT_DEMO_EXPANSION,SYNTHETIC_DEMO
PROD00433,PRODUCT,Brake component 0433,PROJECT_DEMO_EXPANSION,SYNTHETIC_DEMO
PROD00434,PRODUCT,Tablet excipient 0434,PROJECT_DEMO_EXPANSION,SYNTHETIC_DEMO
PROD00435,PRODUCT,Adhesive 0435,PROJECT_DEMO_EXPANSION,SYNTHETIC_DEMO
PROD00436,PRODUCT,Cold-chain product 0436,PROJECT_DEMO_EXPANSION,SYNTHETIC_DEMO
PROD00437,PRODUCT,Memory chip 0437,PROJECT_DEMO_EXPANSION,SYNTHETIC_DEMO
PROD00438,PRODUCT,Freight forwarding 0438,PROJECT_DEMO_EXPANSION,SYNTHETIC_DEMO
PROD00439,PRODUCT,Valve 0439,PROJECT_DEMO_EXPANSION,SYNTHETIC_DEMO
PROD00440,PRODUCT,Label material 0440,PROJECT_DEMO_EXPANSION,SYNTHETIC_DEMO
PROD00441,PRODUCT,Cotton knitwear 0441,PROJECT_DEMO_EXPANSION,SYNTHETIC_DEMO
PROD00442,PRODUCT,PCB assembly 0442,PROJECT_DEMO_EXPANSION,SYNTHETIC_DEMO
PROD00443,PRODUCT,Powertrain component 0443,PROJECT_DEMO_EXPANSION,SYNTHETIC_DEMO
PROD00444,PRODUCT,Vial 0444,PROJECT_DEMO_EXPANSION,SYNTHETIC_DEMO
PROD00445,PRODUCT,Industrial resin 0445,PROJECT_DEMO_EXPANSION,SYNTHETIC_DEMO
PROD00446,PRODUCT,Packaging material 0446,PROJECT_DEMO_EXPANSION,SYNTHETIC_DEMO
PROD00447,PRODUCT,Power semiconductor 0447,PROJECT_DEMO_EXPANSION,SYNTHETIC_DEMO
PROD00448,PRODUCT,Port handling 0448,PROJECT_DEMO_EXPANSION,SYNTHETIC_DEMO
PROD00449,PRODUCT,Pump assembly 0449,PROJECT_DEMO_EXPANSION,SYNTHETIC_DEMO
PROD00450,PRODUCT,Flexible packaging 0450,PROJECT_DEMO_EXPANSION,SYNTHETIC_DEMO
PROD00451,PRODUCT,Garment accessories 0451,PROJECT_DEMO_EXPANSION,SYNTHETIC_DEMO
PROD00452,PRODUCT,Sensors 0452,PROJECT_DEMO_EXPANSION,SYNTHETIC_DEMO
PROD00453,PRODUCT,Brake component 0453,PROJECT_DEMO_EXPANSION,SYNTHETIC_DEMO
PROD00454,PRODUCT,Tablet excipient 0454,PROJECT_DEMO_EXPANSION,SYNTHETIC_DEMO
PROD00455,PRODUCT,Adhesive 0455,PROJECT_DEMO_EXPANSION,SYNTHETIC_DEMO
PROD00456,PRODUCT,Cold-chain product 0456,PROJECT_DEMO_EXPANSION,SYNTHETIC_DEMO
PROD00457,PRODUCT,Memory chip 0457,PROJECT_DEMO_EXPANSION,SYNTHETIC_DEMO
PROD00458,PRODUCT,Freight forwarding 0458,PROJECT_DEMO_EXPANSION,SYNTHETIC_DEMO
PROD00459,PRODUCT,Valve 0459,PROJECT_DEMO_EXPANSION,SYNTHETIC_DEMO
PROD00460,PRODUCT,Label material 0460,PROJECT_DEMO_EXPANSION,SYNTHETIC_DEMO
PROD00461,PRODUCT,Cotton knitwear 0461,PROJECT_DEMO_EXPANSION,SYNTHETIC_DEMO
PROD00462,PRODUCT,PCB assembly 0462,PROJECT_DEMO_EXPANSION,SYNTHETIC_DEMO
PROD00463,PRODUCT,Powertrain component 0463,PROJECT_DEMO_EXPANSION,SYNTHETIC_DEMO
PROD00464,PRODUCT,Vial 0464,PROJECT_DEMO_EXPANSION,SYNTHETIC_DEMO
PROD00465,PRODUCT,Industrial resin 0465,PROJECT_DEMO_EXPANSION,SYNTHETIC_DEMO
PROD00466,PRODUCT,Packaging material 0466,PROJECT_DEMO_EXPANSION,SYNTHETIC_DEMO
PROD00467,PRODUCT,Power semiconductor 0467,PROJECT_DEMO_EXPANSION,SYNTHETIC_DEMO
PROD00468,PRODUCT,Port handling 0468,PROJECT_DEMO_EXPANSION,SYNTHETIC_DEMO
PROD00469,PRODUCT,Pump assembly 0469,PROJECT_DEMO_EXPANSION,SYNTHETIC_DEMO
PROD00470,PRODUCT,Flexible packaging 0470,PROJECT_DEMO_EXPANSION,SYNTHETIC_DEMO
PROD00471,PRODUCT,Garment accessories 0471,PROJECT_DEMO_EXPANSION,SYNTHETIC_DEMO
PROD00472,PRODUCT,Sensors 0472,PROJECT_DEMO_EXPANSION,SYNTHETIC_DEMO
PROD00473,PRODUCT,Brake component 0473,PROJECT_DEMO_EXPANSION,SYNTHETIC_DEMO
PROD00474,PRODUCT,Tablet excipient 0474,PROJECT_DEMO_EXPANSION,SYNTHETIC_DEMO
PROD00475,PRODUCT,Adhesive 0475,PROJECT_DEMO_EXPANSION,SYNTHETIC_DEMO
PROD00476,PRODUCT,Cold-chain product 0476,PROJECT_DEMO_EXPANSION,SYNTHETIC_DEMO
PROD00477,PRODUCT,Memory chip 0477,PROJECT_DEMO_EXPANSION,SYNTHETIC_DEMO
PROD00478,PRODUCT,Freight forwarding 0478,PROJECT_DEMO_EXPANSION,SYNTHETIC_DEMO
PROD00479,PRODUCT,Valve 0479,PROJECT_DEMO_EXPANSION,SYNTHETIC_DEMO
PROD00480,PRODUCT,Label material 0480,PROJECT_DEMO_EXPANSION,SYNTHETIC_DEMO
PROD00481,PRODUCT,Cotton knitwear 0481,PROJECT_DEMO_EXPANSION,SYNTHETIC_DEMO
PROD00482,PRODUCT,PCB assembly 0482,PROJECT_DEMO_EXPANSION,SYNTHETIC_DEMO
PROD00483,PRODUCT,Powertrain component 0483,PROJECT_DEMO_EXPANSION,SYNTHETIC_DEMO
PROD00484,PRODUCT,Vial 0484,PROJECT_DEMO_EXPANSION,SYNTHETIC_DEMO
PROD00485,PRODUCT,Industrial resin 0485,PROJECT_DEMO_EXPANSION,SYNTHETIC_DEMO
PROD00486,PRODUCT,Packaging material 0486,PROJECT_DEMO_EXPANSION,SYNTHETIC_DEMO
PROD00487,PRODUCT,Power semiconductor 0487,PROJECT_DEMO_EXPANSION,SYNTHETIC_DEMO
PROD00488,PRODUCT,Port handling 0488,PROJECT_DEMO_EXPANSION,SYNTHETIC_DEMO
PROD00489,PRODUCT,Pump assembly 0489,PROJECT_DEMO_EXPANSION,SYNTHETIC_DEMO
PROD00490,PRODUCT,Flexible packaging 0490,PROJECT_DEMO_EXPANSION,SYNTHETIC_DEMO
PROD00491,PRODUCT,Garment accessories 0491,PROJECT_DEMO_EXPANSION,SYNTHETIC_DEMO
PROD00492,PRODUCT,Sensors 0492,PROJECT_DEMO_EXPANSION,SYNTHETIC_DEMO
PROD00493,PRODUCT,Brake component 0493,PROJECT_DEMO_EXPANSION,SYNTHETIC_DEMO
PROD00494,PRODUCT,Tablet excipient 0494,PROJECT_DEMO_EXPANSION,SYNTHETIC_DEMO
PROD00495,PRODUCT,Adhesive 0495,PROJECT_DEMO_EXPANSION,SYNTHETIC_DEMO
PROD00496,PRODUCT,Cold-chain product 0496,PROJECT_DEMO_EXPANSION,SYNTHETIC_DEMO
PROD00497,PRODUCT,Memory chip 0497,PROJECT_DEMO_EXPANSION,SYNTHETIC_DEMO
PROD00498,PRODUCT,Freight forwarding 0498,PROJECT_DEMO_EXPANSION,SYNTHETIC_DEMO
PROD00499,PRODUCT,Valve 0499,PROJECT_DEMO_EXPANSION,SYNTHETIC_DEMO
PROD00500,PRODUCT,Label material 0500,PROJECT_DEMO_EXPANSION,SYNTHETIC_DEMO
PROD00501,PRODUCT,Cotton knitwear 0501,PROJECT_DEMO_EXPANSION,SYNTHETIC_DEMO
PROD00502,PRODUCT,PCB assembly 0502,PROJECT_DEMO_EXPANSION,SYNTHETIC_DEMO
PROD00503,PRODUCT,Powertrain component 0503,PROJECT_DEMO_EXPANSION,SYNTHETIC_DEMO
PROD00504,PRODUCT,Vial 0504,PROJECT_DEMO_EXPANSION,SYNTHETIC_DEMO
PROD00505,PRODUCT,Industrial resin 0505,PROJECT_DEMO_EXPANSION,SYNTHETIC_DEMO
PROD00506,PRODUCT,Packaging material 0506,PROJECT_DEMO_EXPANSION,SYNTHETIC_DEMO
PROD00507,PRODUCT,Power semiconductor 0507,PROJECT_DEMO_EXPANSION,SYNTHETIC_DEMO
PROD00508,PRODUCT,Port handling 0508,PROJECT_DEMO_EXPANSION,SYNTHETIC_DEMO
PROD00509,PRODUCT,Pump assembly 0509,PROJECT_DEMO_EXPANSION,SYNTHETIC_DEMO
PROD00510,PRODUCT,Flexible packaging 0510,PROJECT_DEMO_EXPANSION,SYNTHETIC_DEMO
PROD00511,PRODUCT,Garment accessories 0511,PROJECT_DEMO_EXPANSION,SYNTHETIC_DEMO
PROD00512,PRODUCT,Sensors 0512,PROJECT_DEMO_EXPANSION,SYNTHETIC_DEMO
PROD00513,PRODUCT,Brake component 0513,PROJECT_DEMO_EXPANSION,SYNTHETIC_DEMO
PROD00514,PRODUCT,Tablet excipient 0514,PROJECT_DEMO_EXPANSION,SYNTHETIC_DEMO
PROD00515,PRODUCT,Adhesive 0515,PROJECT_DEMO_EXPANSION,SYNTHETIC_DEMO
PROD00516,PRODUCT,Cold-chain product 0516,PROJECT_DEMO_EXPANSION,SYNTHETIC_DEMO
PROD00517,PRODUCT,Memory chip 0517,PROJECT_DEMO_EXPANSION,SYNTHETIC_DEMO
PROD00518,PRODUCT,Freight forwarding 0518,PROJECT_DEMO_EXPANSION,SYNTHETIC_DEMO
PROD00519,PRODUCT,Valve 0519,PROJECT_DEMO_EXPANSION,SYNTHETIC_DEMO
PROD00520,PRODUCT,Label material 0520,PROJECT_DEMO_EXPANSION,SYNTHETIC_DEMO
PROD00521,PRODUCT,Cotton knitwear 0521,PROJECT_DEMO_EXPANSION,SYNTHETIC_DEMO
PROD00522,PRODUCT,PCB assembly 0522,PROJECT_DEMO_EXPANSION,SYNTHETIC_DEMO
PROD00523,PRODUCT,Powertrain component 0523,PROJECT_DEMO_EXPANSION,SYNTHETIC_DEMO
PROD00524,PRODUCT,Vial 0524,PROJECT_DEMO_EXPANSION,SYNTHETIC_DEMO
PROD00525,PRODUCT,Industrial resin 0525,PROJECT_DEMO_EXPANSION,SYNTHETIC_DEMO
PROD00526,PRODUCT,Packaging material 0526,PROJECT_DEMO_EXPANSION,SYNTHETIC_DEMO
PROD00527,PRODUCT,Power semiconductor 0527,PROJECT_DEMO_EXPANSION,SYNTHETIC_DEMO
PROD00528,PRODUCT,Port handling 0528,PROJECT_DEMO_EXPANSION,SYNTHETIC_DEMO
PROD00529,PRODUCT,Pump assembly 0529,PROJECT_DEMO_EXPANSION,SYNTHETIC_DEMO
PROD00530,PRODUCT,Flexible packaging 0530,PROJECT_DEMO_EXPANSION,SYNTHETIC_DEMO
PROD00531,PRODUCT,Garment accessories 0531,PROJECT_DEMO_EXPANSION,SYNTHETIC_DEMO
PROD00532,PRODUCT,Sensors 0532,PROJECT_DEMO_EXPANSION,SYNTHETIC_DEMO
PROD00533,PRODUCT,Brake component 0533,PROJECT_DEMO_EXPANSION,SYNTHETIC_DEMO
PROD00534,PRODUCT,Tablet excipient 0534,PROJECT_DEMO_EXPANSION,SYNTHETIC_DEMO
PROD00535,PRODUCT,Adhesive 0535,PROJECT_DEMO_EXPANSION,SYNTHETIC_DEMO
PROD00536,PRODUCT,Cold-chain product 0536,PROJECT_DEMO_EXPANSION,SYNTHETIC_DEMO
PROD00537,PRODUCT,Memory chip 0537,PROJECT_DEMO_EXPANSION,SYNTHETIC_DEMO
PROD00538,PRODUCT,Freight forwarding 0538,PROJECT_DEMO_EXPANSION,SYNTHETIC_DEMO
PROD00539,PRODUCT,Valve 0539,PROJECT_DEMO_EXPANSION,SYNTHETIC_DEMO
PROD00540,PRODUCT,Label material 0540,PROJECT_DEMO_EXPANSION,SYNTHETIC_DEMO
PROD00541,PRODUCT,Cotton knitwear 0541,PROJECT_DEMO_EXPANSION,SYNTHETIC_DEMO
PROD00542,PRODUCT,PCB assembly 0542,PROJECT_DEMO_EXPANSION,SYNTHETIC_DEMO
PROD00543,PRODUCT,Powertrain component 0543,PROJECT_DEMO_EXPANSION,SYNTHETIC_DEMO
PROD00544,PRODUCT,Vial 0544,PROJECT_DEMO_EXPANSION,SYNTHETIC_DEMO
PROD00545,PRODUCT,Industrial resin 0545,PROJECT_DEMO_EXPANSION,SYNTHETIC_DEMO
PROD00546,PRODUCT,Packaging material 0546,PROJECT_DEMO_EXPANSION,SYNTHETIC_DEMO
PROD00547,PRODUCT,Power semiconductor 0547,PROJECT_DEMO_EXPANSION,SYNTHETIC_DEMO
PROD00548,PRODUCT,Port handling 0548,PROJECT_DEMO_EXPANSION,SYNTHETIC_DEMO
PROD00549,PRODUCT,Pump assembly 0549,PROJECT_DEMO_EXPANSION,SYNTHETIC_DEMO
PROD00550,PRODUCT,Flexible packaging 0550,PROJECT_DEMO_EXPANSION,SYNTHETIC_DEMO
PROD00551,PRODUCT,Garment accessories 0551,PROJECT_DEMO_EXPANSION,SYNTHETIC_DEMO
PROD00552,PRODUCT,Sensors 0552,PROJECT_DEMO_EXPANSION,SYNTHETIC_DEMO
PROD00553,PRODUCT,Brake component 0553,PROJECT_DEMO_EXPANSION,SYNTHETIC_DEMO
PROD00554,PRODUCT,Tablet excipient 0554,PROJECT_DEMO_EXPANSION,SYNTHETIC_DEMO
PROD00555,PRODUCT,Adhesive 0555,PROJECT_DEMO_EXPANSION,SYNTHETIC_DEMO
PROD00556,PRODUCT,Cold-chain product 0556,PROJECT_DEMO_EXPANSION,SYNTHETIC_DEMO
PROD00557,PRODUCT,Memory chip 0557,PROJECT_DEMO_EXPANSION,SYNTHETIC_DEMO
PROD00558,PRODUCT,Freight forwarding 0558,PROJECT_DEMO_EXPANSION,SYNTHETIC_DEMO
PROD00559,PRODUCT,Valve 0559,PROJECT_DEMO_EXPANSION,SYNTHETIC_DEMO
PROD00560,PRODUCT,Label material 0560,PROJECT_DEMO_EXPANSION,SYNTHETIC_DEMO
PROD00561,PRODUCT,Cotton knitwear 0561,PROJECT_DEMO_EXPANSION,SYNTHETIC_DEMO
PROD00562,PRODUCT,PCB assembly 0562,PROJECT_DEMO_EXPANSION,SYNTHETIC_DEMO
PROD00563,PRODUCT,Powertrain component 0563,PROJECT_DEMO_EXPANSION,SYNTHETIC_DEMO
PROD00564,PRODUCT,Vial 0564,PROJECT_DEMO_EXPANSION,SYNTHETIC_DEMO
PROD00565,PRODUCT,Industrial resin 0565,PROJECT_DEMO_EXPANSION,SYNTHETIC_DEMO
PROD00566,PRODUCT,Packaging material 0566,PROJECT_DEMO_EXPANSION,SYNTHETIC_DEMO
PROD00567,PRODUCT,Power semiconductor 0567,PROJECT_DEMO_EXPANSION,SYNTHETIC_DEMO
PROD00568,PRODUCT,Port handling 0568,PROJECT_DEMO_EXPANSION,SYNTHETIC_DEMO
PROD00569,PRODUCT,Pump assembly 0569,PROJECT_DEMO_EXPANSION,SYNTHETIC_DEMO
PROD00570,PRODUCT,Flexible packaging 0570,PROJECT_DEMO_EXPANSION,SYNTHETIC_DEMO
PROD00571,PRODUCT,Garment accessories 0571,PROJECT_DEMO_EXPANSION,SYNTHETIC_DEMO
PROD00572,PRODUCT,Sensors 0572,PROJECT_DEMO_EXPANSION,SYNTHETIC_DEMO
PROD00573,PRODUCT,Brake component 0573,PROJECT_DEMO_EXPANSION,SYNTHETIC_DEMO
PROD00574,PRODUCT,Tablet excipient 0574,PROJECT_DEMO_EXPANSION,SYNTHETIC_DEMO
PROD00575,PRODUCT,Adhesive 0575,PROJECT_DEMO_EXPANSION,SYNTHETIC_DEMO
PROD00576,PRODUCT,Cold-chain product 0576,PROJECT_DEMO_EXPANSION,SYNTHETIC_DEMO
PROD00577,PRODUCT,Memory chip 0577,PROJECT_DEMO_EXPANSION,SYNTHETIC_DEMO
PROD00578,PRODUCT,Freight forwarding 0578,PROJECT_DEMO_EXPANSION,SYNTHETIC_DEMO
PROD00579,PRODUCT,Valve 0579,PROJECT_DEMO_EXPANSION,SYNTHETIC_DEMO
PROD00580,PRODUCT,Label material 0580,PROJECT_DEMO_EXPANSION,SYNTHETIC_DEMO
PROD00581,PRODUCT,Cotton knitwear 0581,PROJECT_DEMO_EXPANSION,SYNTHETIC_DEMO
PROD00582,PRODUCT,PCB assembly 0582,PROJECT_DEMO_EXPANSION,SYNTHETIC_DEMO
PROD00583,PRODUCT,Powertrain component 0583,PROJECT_DEMO_EXPANSION,SYNTHETIC_DEMO
PROD00584,PRODUCT,Vial 0584,PROJECT_DEMO_EXPANSION,SYNTHETIC_DEMO
PROD00585,PRODUCT,Industrial resin 0585,PROJECT_DEMO_EXPANSION,SYNTHETIC_DEMO
PROD00586,PRODUCT,Packaging material 0586,PROJECT_DEMO_EXPANSION,SYNTHETIC_DEMO
PROD00587,PRODUCT,Power semiconductor 0587,PROJECT_DEMO_EXPANSION,SYNTHETIC_DEMO
PROD00588,PRODUCT,Port handling 0588,PROJECT_DEMO_EXPANSION,SYNTHETIC_DEMO
PROD00589,PRODUCT,Pump assembly 0589,PROJECT_DEMO_EXPANSION,SYNTHETIC_DEMO
PROD00590,PRODUCT,Flexible packaging 0590,PROJECT_DEMO_EXPANSION,SYNTHETIC_DEMO
PROD00591,PRODUCT,Garment accessories 0591,PROJECT_DEMO_EXPANSION,SYNTHETIC_DEMO
PROD00592,PRODUCT,Sensors 0592,PROJECT_DEMO_EXPANSION,SYNTHETIC_DEMO
PROD00593,PRODUCT,Brake component 0593,PROJECT_DEMO_EXPANSION,SYNTHETIC_DEMO
PROD00594,PRODUCT,Tablet excipient 0594,PROJECT_DEMO_EXPANSION,SYNTHETIC_DEMO
PROD00595,PRODUCT,Adhesive 0595,PROJECT_DEMO_EXPANSION,SYNTHETIC_DEMO
PROD00596,PRODUCT,Cold-chain product 0596,PROJECT_DEMO_EXPANSION,SYNTHETIC_DEMO
PROD00597,PRODUCT,Memory chip 0597,PROJECT_DEMO_EXPANSION,SYNTHETIC_DEMO
PROD00598,PRODUCT,Freight forwarding 0598,PROJECT_DEMO_EXPANSION,SYNTHETIC_DEMO
PROD00599,PRODUCT,Valve 0599,PROJECT_DEMO_EXPANSION,SYNTHETIC_DEMO
PROD00600,PRODUCT,Label material 0600,PROJECT_DEMO_EXPANSION,SYNTHETIC_DEMO
PROD00601,PRODUCT,Cotton knitwear 0601,PROJECT_DEMO_EXPANSION,SYNTHETIC_DEMO
PROD00602,PRODUCT,PCB assembly 0602,PROJECT_DEMO_EXPANSION,SYNTHETIC_DEMO
PROD00603,PRODUCT,Powertrain component 0603,PROJECT_DEMO_EXPANSION,SYNTHETIC_DEMO
PROD00604,PRODUCT,Vial 0604,PROJECT_DEMO_EXPANSION,SYNTHETIC_DEMO
PROD00605,PRODUCT,Industrial resin 0605,PROJECT_DEMO_EXPANSION,SYNTHETIC_DEMO
PROD00606,PRODUCT,Packaging material 0606,PROJECT_DEMO_EXPANSION,SYNTHETIC_DEMO
PROD00607,PRODUCT,Power semiconductor 0607,PROJECT_DEMO_EXPANSION,SYNTHETIC_DEMO
PROD00608,PRODUCT,Port handling 0608,PROJECT_DEMO_EXPANSION,SYNTHETIC_DEMO
PROD00609,PRODUCT,Pump assembly 0609,PROJECT_DEMO_EXPANSION,SYNTHETIC_DEMO
PROD00610,PRODUCT,Flexible packaging 0610,PROJECT_DEMO_EXPANSION,SYNTHETIC_DEMO
PROD00611,PRODUCT,Garment accessories 0611,PROJECT_DEMO_EXPANSION,SYNTHETIC_DEMO
PROD00612,PRODUCT,Sensors 0612,PROJECT_DEMO_EXPANSION,SYNTHETIC_DEMO
PROD00613,PRODUCT,Brake component 0613,PROJECT_DEMO_EXPANSION,SYNTHETIC_DEMO
PROD00614,PRODUCT,Tablet excipient 0614,PROJECT_DEMO_EXPANSION,SYNTHETIC_DEMO
PROD00615,PRODUCT,Adhesive 0615,PROJECT_DEMO_EXPANSION,SYNTHETIC_DEMO
PROD00616,PRODUCT,Cold-chain product 0616,PROJECT_DEMO_EXPANSION,SYNTHETIC_DEMO
PROD00617,PRODUCT,Memory chip 0617,PROJECT_DEMO_EXPANSION,SYNTHETIC_DEMO
PROD00618,PRODUCT,Freight forwarding 0618,PROJECT_DEMO_EXPANSION,SYNTHETIC_DEMO
PROD00619,PRODUCT,Valve 0619,PROJECT_DEMO_EXPANSION,SYNTHETIC_DEMO
PROD00620,PRODUCT,Label material 0620,PROJECT_DEMO_EXPANSION,SYNTHETIC_DEMO
PROD00621,PRODUCT,Cotton knitwear 0621,PROJECT_DEMO_EXPANSION,SYNTHETIC_DEMO
PROD00622,PRODUCT,PCB assembly 0622,PROJECT_DEMO_EXPANSION,SYNTHETIC_DEMO
PROD00623,PRODUCT,Powertrain component 0623,PROJECT_DEMO_EXPANSION,SYNTHETIC_DEMO
PROD00624,PRODUCT,Vial 0624,PROJECT_DEMO_EXPANSION,SYNTHETIC_DEMO
PROD00625,PRODUCT,Industrial resin 0625,PROJECT_DEMO_EXPANSION,SYNTHETIC_DEMO
PROD00626,PRODUCT,Packaging material 0626,PROJECT_DEMO_EXPANSION,SYNTHETIC_DEMO
PROD00627,PRODUCT,Power semiconductor 0627,PROJECT_DEMO_EXPANSION,SYNTHETIC_DEMO
PROD00628,PRODUCT,Port handling 0628,PROJECT_DEMO_EXPANSION,SYNTHETIC_DEMO
PROD00629,PRODUCT,Pump assembly 0629,PROJECT_DEMO_EXPANSION,SYNTHETIC_DEMO
PROD00630,PRODUCT,Flexible packaging 0630,PROJECT_DEMO_EXPANSION,SYNTHETIC_DEMO
PROD00631,PRODUCT,Garment accessories 0631,PROJECT_DEMO_EXPANSION,SYNTHETIC_DEMO
PROD00632,PRODUCT,Sensors 0632,PROJECT_DEMO_EXPANSION,SYNTHETIC_DEMO
PROD00633,PRODUCT,Brake component 0633,PROJECT_DEMO_EXPANSION,SYNTHETIC_DEMO
PROD00634,PRODUCT,Tablet excipient 0634,PROJECT_DEMO_EXPANSION,SYNTHETIC_DEMO
PROD00635,PRODUCT,Adhesive 0635,PROJECT_DEMO_EXPANSION,SYNTHETIC_DEMO
PROD00636,PRODUCT,Cold-chain product 0636,PROJECT_DEMO_EXPANSION,SYNTHETIC_DEMO
PROD00637,PRODUCT,Memory chip 0637,PROJECT_DEMO_EXPANSION,SYNTHETIC_DEMO
PROD00638,PRODUCT,Freight forwarding 0638,PROJECT_DEMO_EXPANSION,SYNTHETIC_DEMO
PROD00639,PRODUCT,Valve 0639,PROJECT_DEMO_EXPANSION,SYNTHETIC_DEMO
PROD00640,PRODUCT,Label material 0640,PROJECT_DEMO_EXPANSION,SYNTHETIC_DEMO
PROD00641,PRODUCT,Cotton knitwear 0641,PROJECT_DEMO_EXPANSION,SYNTHETIC_DEMO
PROD00642,PRODUCT,PCB assembly 0642,PROJECT_DEMO_EXPANSION,SYNTHETIC_DEMO
PROD00643,PRODUCT,Powertrain component 0643,PROJECT_DEMO_EXPANSION,SYNTHETIC_DEMO
PROD00644,PRODUCT,Vial 0644,PROJECT_DEMO_EXPANSION,SYNTHETIC_DEMO
PROD00645,PRODUCT,Industrial resin 0645,PROJECT_DEMO_EXPANSION,SYNTHETIC_DEMO
PROD00646,PRODUCT,Packaging material 0646,PROJECT_DEMO_EXPANSION,SYNTHETIC_DEMO
PROD00647,PRODUCT,Power semiconductor 0647,PROJECT_DEMO_EXPANSION,SYNTHETIC_DEMO
PROD00648,PRODUCT,Port handling 0648,PROJECT_DEMO_EXPANSION,SYNTHETIC_DEMO
PROD00649,PRODUCT,Pump assembly 0649,PROJECT_DEMO_EXPANSION,SYNTHETIC_DEMO
PROD00650,PRODUCT,Flexible packaging 0650,PROJECT_DEMO_EXPANSION,SYNTHETIC_DEMO
PROD00651,PRODUCT,Garment accessories 0651,PROJECT_DEMO_EXPANSION,SYNTHETIC_DEMO
PROD00652,PRODUCT,Sensors 0652,PROJECT_DEMO_EXPANSION,SYNTHETIC_DEMO
PROD00653,PRODUCT,Brake component 0653,PROJECT_DEMO_EXPANSION,SYNTHETIC_DEMO
PROD00654,PRODUCT,Tablet excipient 0654,PROJECT_DEMO_EXPANSION,SYNTHETIC_DEMO
PROD00655,PRODUCT,Adhesive 0655,PROJECT_DEMO_EXPANSION,SYNTHETIC_DEMO
PROD00656,PRODUCT,Cold-chain product 0656,PROJECT_DEMO_EXPANSION,SYNTHETIC_DEMO
PROD00657,PRODUCT,Memory chip 0657,PROJECT_DEMO_EXPANSION,SYNTHETIC_DEMO
PROD00658,PRODUCT,Freight forwarding 0658,PROJECT_DEMO_EXPANSION,SYNTHETIC_DEMO
PROD00659,PRODUCT,Valve 0659,PROJECT_DEMO_EXPANSION,SYNTHETIC_DEMO
PROD00660,PRODUCT,Label material 0660,PROJECT_DEMO_EXPANSION,SYNTHETIC_DEMO
PROD00661,PRODUCT,Cotton knitwear 0661,PROJECT_DEMO_EXPANSION,SYNTHETIC_DEMO
PROD00662,PRODUCT,PCB assembly 0662,PROJECT_DEMO_EXPANSION,SYNTHETIC_DEMO
PROD00663,PRODUCT,Powertrain component 0663,PROJECT_DEMO_EXPANSION,SYNTHETIC_DEMO
PROD00664,PRODUCT,Vial 0664,PROJECT_DEMO_EXPANSION,SYNTHETIC_DEMO
PROD00665,PRODUCT,Industrial resin 0665,PROJECT_DEMO_EXPANSION,SYNTHETIC_DEMO
PROD00666,PRODUCT,Packaging material 0666,PROJECT_DEMO_EXPANSION,SYNTHETIC_DEMO
PROD00667,PRODUCT,Power semiconductor 0667,PROJECT_DEMO_EXPANSION,SYNTHETIC_DEMO
PROD00668,PRODUCT,Port handling 0668,PROJECT_DEMO_EXPANSION,SYNTHETIC_DEMO
PROD00669,PRODUCT,Pump assembly 0669,PROJECT_DEMO_EXPANSION,SYNTHETIC_DEMO
PROD00670,PRODUCT,Flexible packaging 0670,PROJECT_DEMO_EXPANSION,SYNTHETIC_DEMO
PROD00671,PRODUCT,Garment accessories 0671,PROJECT_DEMO_EXPANSION,SYNTHETIC_DEMO
PROD00672,PRODUCT,Sensors 0672,PROJECT_DEMO_EXPANSION,SYNTHETIC_DEMO
PROD00673,PRODUCT,Brake component 0673,PROJECT_DEMO_EXPANSION,SYNTHETIC_DEMO
PROD00674,PRODUCT,Tablet excipient 0674,PROJECT_DEMO_EXPANSION,SYNTHETIC_DEMO
PROD00675,PRODUCT,Adhesive 0675,PROJECT_DEMO_EXPANSION,SYNTHETIC_DEMO
PROD00676,PRODUCT,Cold-chain product 0676,PROJECT_DEMO_EXPANSION,SYNTHETIC_DEMO
PROD00677,PRODUCT,Memory chip 0677,PROJECT_DEMO_EXPANSION,SYNTHETIC_DEMO
PROD00678,PRODUCT,Freight forwarding 0678,PROJECT_DEMO_EXPANSION,SYNTHETIC_DEMO
PROD00679,PRODUCT,Valve 0679,PROJECT_DEMO_EXPANSION,SYNTHETIC_DEMO
PROD00680,PRODUCT,Label material 0680,PROJECT_DEMO_EXPANSION,SYNTHETIC_DEMO
PROD00681,PRODUCT,Cotton knitwear 0681,PROJECT_DEMO_EXPANSION,SYNTHETIC_DEMO
PROD00682,PRODUCT,PCB assembly 0682,PROJECT_DEMO_EXPANSION,SYNTHETIC_DEMO
PROD00683,PRODUCT,Powertrain component 0683,PROJECT_DEMO_EXPANSION,SYNTHETIC_DEMO
PROD00684,PRODUCT,Vial 0684,PROJECT_DEMO_EXPANSION,SYNTHETIC_DEMO
PROD00685,PRODUCT,Industrial resin 0685,PROJECT_DEMO_EXPANSION,SYNTHETIC_DEMO
PROD00686,PRODUCT,Packaging material 0686,PROJECT_DEMO_EXPANSION,SYNTHETIC_DEMO
PROD00687,PRODUCT,Power semiconductor 0687,PROJECT_DEMO_EXPANSION,SYNTHETIC_DEMO
PROD00688,PRODUCT,Port handling 0688,PROJECT_DEMO_EXPANSION,SYNTHETIC_DEMO
PROD00689,PRODUCT,Pump assembly 0689,PROJECT_DEMO_EXPANSION,SYNTHETIC_DEMO
PROD00690,PRODUCT,Flexible packaging 0690,PROJECT_DEMO_EXPANSION,SYNTHETIC_DEMO
PROD00691,PRODUCT,Garment accessories 0691,PROJECT_DEMO_EXPANSION,SYNTHETIC_DEMO
PROD00692,PRODUCT,Sensors 0692,PROJECT_DEMO_EXPANSION,SYNTHETIC_DEMO
PROD00693,PRODUCT,Brake component 0693,PROJECT_DEMO_EXPANSION,SYNTHETIC_DEMO
PROD00694,PRODUCT,Tablet excipient 0694,PROJECT_DEMO_EXPANSION,SYNTHETIC_DEMO
PROD00695,PRODUCT,Adhesive 0695,PROJECT_DEMO_EXPANSION,SYNTHETIC_DEMO
PROD00696,PRODUCT,Cold-chain product 0696,PROJECT_DEMO_EXPANSION,SYNTHETIC_DEMO
PROD00697,PRODUCT,Memory chip 0697,PROJECT_DEMO_EXPANSION,SYNTHETIC_DEMO
PROD00698,PRODUCT,Freight forwarding 0698,PROJECT_DEMO_EXPANSION,SYNTHETIC_DEMO
PROD00699,PRODUCT,Valve 0699,PROJECT_DEMO_EXPANSION,SYNTHETIC_DEMO
PROD00700,PRODUCT,Label material 0700,PROJECT_DEMO_EXPANSION,SYNTHETIC_DEMO
PROD00701,PRODUCT,Cotton knitwear 0701,PROJECT_DEMO_EXPANSION,SYNTHETIC_DEMO
PROD00702,PRODUCT,PCB assembly 0702,PROJECT_DEMO_EXPANSION,SYNTHETIC_DEMO
PROD00703,PRODUCT,Powertrain component 0703,PROJECT_DEMO_EXPANSION,SYNTHETIC_DEMO
PROD00704,PRODUCT,Vial 0704,PROJECT_DEMO_EXPANSION,SYNTHETIC_DEMO
PROD00705,PRODUCT,Industrial resin 0705,PROJECT_DEMO_EXPANSION,SYNTHETIC_DEMO
PROD00706,PRODUCT,Packaging material 0706,PROJECT_DEMO_EXPANSION,SYNTHETIC_DEMO
PROD00707,PRODUCT,Power semiconductor 0707,PROJECT_DEMO_EXPANSION,SYNTHETIC_DEMO
PROD00708,PRODUCT,Port handling 0708,PROJECT_DEMO_EXPANSION,SYNTHETIC_DEMO
PROD00709,PRODUCT,Pump assembly 0709,PROJECT_DEMO_EXPANSION,SYNTHETIC_DEMO
PROD00710,PRODUCT,Flexible packaging 0710,PROJECT_DEMO_EXPANSION,SYNTHETIC_DEMO
PROD00711,PRODUCT,Garment accessories 0711,PROJECT_DEMO_EXPANSION,SYNTHETIC_DEMO
PROD00712,PRODUCT,Sensors 0712,PROJECT_DEMO_EXPANSION,SYNTHETIC_DEMO
PROD00713,PRODUCT,Brake component 0713,PROJECT_DEMO_EXPANSION,SYNTHETIC_DEMO
PROD00714,PRODUCT,Tablet excipient 0714,PROJECT_DEMO_EXPANSION,SYNTHETIC_DEMO
PROD00715,PRODUCT,Adhesive 0715,PROJECT_DEMO_EXPANSION,SYNTHETIC_DEMO
PROD00716,PRODUCT,Cold-chain product 0716,PROJECT_DEMO_EXPANSION,SYNTHETIC_DEMO
PROD00717,PRODUCT,Memory chip 0717,PROJECT_DEMO_EXPANSION,SYNTHETIC_DEMO
PROD00718,PRODUCT,Freight forwarding 0718,PROJECT_DEMO_EXPANSION,SYNTHETIC_DEMO
PROD00719,PRODUCT,Valve 0719,PROJECT_DEMO_EXPANSION,SYNTHETIC_DEMO
PROD00720,PRODUCT,Label material 0720,PROJECT_DEMO_EXPANSION,SYNTHETIC_DEMO
PROD00721,PRODUCT,Cotton knitwear 0721,PROJECT_DEMO_EXPANSION,SYNTHETIC_DEMO
PROD00722,PRODUCT,PCB assembly 0722,PROJECT_DEMO_EXPANSION,SYNTHETIC_DEMO
PROD00723,PRODUCT,Powertrain component 0723,PROJECT_DEMO_EXPANSION,SYNTHETIC_DEMO
PROD00724,PRODUCT,Vial 0724,PROJECT_DEMO_EXPANSION,SYNTHETIC_DEMO
PROD00725,PRODUCT,Industrial resin 0725,PROJECT_DEMO_EXPANSION,SYNTHETIC_DEMO
PROD00726,PRODUCT,Packaging material 0726,PROJECT_DEMO_EXPANSION,SYNTHETIC_DEMO
PROD00727,PRODUCT,Power semiconductor 0727,PROJECT_DEMO_EXPANSION,SYNTHETIC_DEMO
PROD00728,PRODUCT,Port handling 0728,PROJECT_DEMO_EXPANSION,SYNTHETIC_DEMO
PROD00729,PRODUCT,Pump assembly 0729,PROJECT_DEMO_EXPANSION,SYNTHETIC_DEMO
PROD00730,PRODUCT,Flexible packaging 0730,PROJECT_DEMO_EXPANSION,SYNTHETIC_DEMO
PROD00731,PRODUCT,Garment accessories 0731,PROJECT_DEMO_EXPANSION,SYNTHETIC_DEMO
PROD00732,PRODUCT,Sensors 0732,PROJECT_DEMO_EXPANSION,SYNTHETIC_DEMO
PROD00733,PRODUCT,Brake component 0733,PROJECT_DEMO_EXPANSION,SYNTHETIC_DEMO
PROD00734,PRODUCT,Tablet excipient 0734,PROJECT_DEMO_EXPANSION,SYNTHETIC_DEMO
PROD00735,PRODUCT,Adhesive 0735,PROJECT_DEMO_EXPANSION,SYNTHETIC_DEMO
PROD00736,PRODUCT,Cold-chain product 0736,PROJECT_DEMO_EXPANSION,SYNTHETIC_DEMO
PROD00737,PRODUCT,Memory chip 0737,PROJECT_DEMO_EXPANSION,SYNTHETIC_DEMO
PROD00738,PRODUCT,Freight forwarding 0738,PROJECT_DEMO_EXPANSION,SYNTHETIC_DEMO
PROD00739,PRODUCT,Valve 0739,PROJECT_DEMO_EXPANSION,SYNTHETIC_DEMO
PROD00740,PRODUCT,Label material 0740,PROJECT_DEMO_EXPANSION,SYNTHETIC_DEMO
PROD00741,PRODUCT,Cotton knitwear 0741,PROJECT_DEMO_EXPANSION,SYNTHETIC_DEMO
PROD00742,PRODUCT,PCB assembly 0742,PROJECT_DEMO_EXPANSION,SYNTHETIC_DEMO
PROD00743,PRODUCT,Powertrain component 0743,PROJECT_DEMO_EXPANSION,SYNTHETIC_DEMO
PROD00744,PRODUCT,Vial 0744,PROJECT_DEMO_EXPANSION,SYNTHETIC_DEMO
PROD00745,PRODUCT,Industrial resin 0745,PROJECT_DEMO_EXPANSION,SYNTHETIC_DEMO
PROD00746,PRODUCT,Packaging material 0746,PROJECT_DEMO_EXPANSION,SYNTHETIC_DEMO
PROD00747,PRODUCT,Power semiconductor 0747,PROJECT_DEMO_EXPANSION,SYNTHETIC_DEMO
PROD00748,PRODUCT,Port handling 0748,PROJECT_DEMO_EXPANSION,SYNTHETIC_DEMO
PROD00749,PRODUCT,Pump assembly 0749,PROJECT_DEMO_EXPANSION,SYNTHETIC_DEMO
PROD00750,PRODUCT,Flexible packaging 0750,PROJECT_DEMO_EXPANSION,SYNTHETIC_DEMO
PROD00751,PRODUCT,Garment accessories 0751,PROJECT_DEMO_EXPANSION,SYNTHETIC_DEMO
PROD00752,PRODUCT,Sensors 0752,PROJECT_DEMO_EXPANSION,SYNTHETIC_DEMO
PROD00753,PRODUCT,Brake component 0753,PROJECT_DEMO_EXPANSION,SYNTHETIC_DEMO
PROD00754,PRODUCT,Tablet excipient 0754,PROJECT_DEMO_EXPANSION,SYNTHETIC_DEMO
PROD00755,PRODUCT,Adhesive 0755,PROJECT_DEMO_EXPANSION,SYNTHETIC_DEMO
PROD00756,PRODUCT,Cold-chain product 0756,PROJECT_DEMO_EXPANSION,SYNTHETIC_DEMO
PROD00757,PRODUCT,Memory chip 0757,PROJECT_DEMO_EXPANSION,SYNTHETIC_DEMO
PROD00758,PRODUCT,Freight forwarding 0758,PROJECT_DEMO_EXPANSION,SYNTHETIC_DEMO
PROD00759,PRODUCT,Valve 0759,PROJECT_DEMO_EXPANSION,SYNTHETIC_DEMO
PROD00760,PRODUCT,Label material 0760,PROJECT_DEMO_EXPANSION,SYNTHETIC_DEMO
PROD00761,PRODUCT,Cotton knitwear 0761,PROJECT_DEMO_EXPANSION,SYNTHETIC_DEMO
PROD00762,PRODUCT,PCB assembly 0762,PROJECT_DEMO_EXPANSION,SYNTHETIC_DEMO
PROD00763,PRODUCT,Powertrain component 0763,PROJECT_DEMO_EXPANSION,SYNTHETIC_DEMO
PROD00764,PRODUCT,Vial 0764,PROJECT_DEMO_EXPANSION,SYNTHETIC_DEMO
PROD00765,PRODUCT,Industrial resin 0765,PROJECT_DEMO_EXPANSION,SYNTHETIC_DEMO
PROD00766,PRODUCT,Packaging material 0766,PROJECT_DEMO_EXPANSION,SYNTHETIC_DEMO
PROD00767,PRODUCT,Power semiconductor 0767,PROJECT_DEMO_EXPANSION,SYNTHETIC_DEMO
PROD00768,PRODUCT,Port handling 0768,PROJECT_DEMO_EXPANSION,SYNTHETIC_DEMO
PROD00769,PRODUCT,Pump assembly 0769,PROJECT_DEMO_EXPANSION,SYNTHETIC_DEMO
PROD00770,PRODUCT,Flexible packaging 0770,PROJECT_DEMO_EXPANSION,SYNTHETIC_DEMO
PROD00771,PRODUCT,Garment accessories 0771,PROJECT_DEMO_EXPANSION,SYNTHETIC_DEMO
PROD00772,PRODUCT,Sensors 0772,PROJECT_DEMO_EXPANSION,SYNTHETIC_DEMO
PROD00773,PRODUCT,Brake component 0773,PROJECT_DEMO_EXPANSION,SYNTHETIC_DEMO
PROD00774,PRODUCT,Tablet excipient 0774,PROJECT_DEMO_EXPANSION,SYNTHETIC_DEMO
PROD00775,PRODUCT,Adhesive 0775,PROJECT_DEMO_EXPANSION,SYNTHETIC_DEMO
PROD00776,PRODUCT,Cold-chain product 0776,PROJECT_DEMO_EXPANSION,SYNTHETIC_DEMO
PROD00777,PRODUCT,Memory chip 0777,PROJECT_DEMO_EXPANSION,SYNTHETIC_DEMO
PROD00778,PRODUCT,Freight forwarding 0778,PROJECT_DEMO_EXPANSION,SYNTHETIC_DEMO
PROD00779,PRODUCT,Valve 0779,PROJECT_DEMO_EXPANSION,SYNTHETIC_DEMO
PROD00780,PRODUCT,Label material 0780,PROJECT_DEMO_EXPANSION,SYNTHETIC_DEMO
PROD00781,PRODUCT,Cotton knitwear 0781,PROJECT_DEMO_EXPANSION,SYNTHETIC_DEMO
PROD00782,PRODUCT,PCB assembly 0782,PROJECT_DEMO_EXPANSION,SYNTHETIC_DEMO
PROD00783,PRODUCT,Powertrain component 0783,PROJECT_DEMO_EXPANSION,SYNTHETIC_DEMO
PROD00784,PRODUCT,Vial 0784,PROJECT_DEMO_EXPANSION,SYNTHETIC_DEMO
PROD00785,PRODUCT,Industrial resin 0785,PROJECT_DEMO_EXPANSION,SYNTHETIC_DEMO
PROD00786,PRODUCT,Packaging material 0786,PROJECT_DEMO_EXPANSION,SYNTHETIC_DEMO
PROD00787,PRODUCT,Power semiconductor 0787,PROJECT_DEMO_EXPANSION,SYNTHETIC_DEMO
PROD00788,PRODUCT,Port handling 0788,PROJECT_DEMO_EXPANSION,SYNTHETIC_DEMO
PROD00789,PRODUCT,Pump assembly 0789,PROJECT_DEMO_EXPANSION,SYNTHETIC_DEMO
PROD00790,PRODUCT,Flexible packaging 0790,PROJECT_DEMO_EXPANSION,SYNTHETIC_DEMO
PROD00791,PRODUCT,Garment accessories 0791,PROJECT_DEMO_EXPANSION,SYNTHETIC_DEMO
PROD00792,PRODUCT,Sensors 0792,PROJECT_DEMO_EXPANSION,SYNTHETIC_DEMO
PROD00793,PRODUCT,Brake component 0793,PROJECT_DEMO_EXPANSION,SYNTHETIC_DEMO
PROD00794,PRODUCT,Tablet excipient 0794,PROJECT_DEMO_EXPANSION,SYNTHETIC_DEMO
PROD00795,PRODUCT,Adhesive 0795,PROJECT_DEMO_EXPANSION,SYNTHETIC_DEMO
PROD00796,PRODUCT,Cold-chain product 0796,PROJECT_DEMO_EXPANSION,SYNTHETIC_DEMO
PROD00797,PRODUCT,Memory chip 0797,PROJECT_DEMO_EXPANSION,SYNTHETIC_DEMO
PROD00798,PRODUCT,Freight forwarding 0798,PROJECT_DEMO_EXPANSION,SYNTHETIC_DEMO
PROD00799,PRODUCT,Valve 0799,PROJECT_DEMO_EXPANSION,SYNTHETIC_DEMO
PROD00800,PRODUCT,Label material 0800,PROJECT_DEMO_EXPANSION,SYNTHETIC_DEMO
PROD00801,PRODUCT,Cotton knitwear 0801,PROJECT_DEMO_EXPANSION,SYNTHETIC_DEMO
PROD00802,PRODUCT,PCB assembly 0802,PROJECT_DEMO_EXPANSION,SYNTHETIC_DEMO
PROD00803,PRODUCT,Powertrain component 0803,PROJECT_DEMO_EXPANSION,SYNTHETIC_DEMO
PROD00804,PRODUCT,Vial 0804,PROJECT_DEMO_EXPANSION,SYNTHETIC_DEMO
PROD00805,PRODUCT,Industrial resin 0805,PROJECT_DEMO_EXPANSION,SYNTHETIC_DEMO
PROD00806,PRODUCT,Packaging material 0806,PROJECT_DEMO_EXPANSION,SYNTHETIC_DEMO
PROD00807,PRODUCT,Power semiconductor 0807,PROJECT_DEMO_EXPANSION,SYNTHETIC_DEMO
PROD00808,PRODUCT,Port handling 0808,PROJECT_DEMO_EXPANSION,SYNTHETIC_DEMO
PROD00809,PRODUCT,Pump assembly 0809,PROJECT_DEMO_EXPANSION,SYNTHETIC_DEMO
PROD00810,PRODUCT,Flexible packaging 0810,PROJECT_DEMO_EXPANSION,SYNTHETIC_DEMO
PROD00811,PRODUCT,Garment accessories 0811,PROJECT_DEMO_EXPANSION,SYNTHETIC_DEMO
PROD00812,PRODUCT,Sensors 0812,PROJECT_DEMO_EXPANSION,SYNTHETIC_DEMO
PROD00813,PRODUCT,Brake component 0813,PROJECT_DEMO_EXPANSION,SYNTHETIC_DEMO
PROD00814,PRODUCT,Tablet excipient 0814,PROJECT_DEMO_EXPANSION,SYNTHETIC_DEMO
PROD00815,PRODUCT,Adhesive 0815,PROJECT_DEMO_EXPANSION,SYNTHETIC_DEMO
PROD00816,PRODUCT,Cold-chain product 0816,PROJECT_DEMO_EXPANSION,SYNTHETIC_DEMO
PROD00817,PRODUCT,Memory chip 0817,PROJECT_DEMO_EXPANSION,SYNTHETIC_DEMO
PROD00818,PRODUCT,Freight forwarding 0818,PROJECT_DEMO_EXPANSION,SYNTHETIC_DEMO
PROD00819,PRODUCT,Valve 0819,PROJECT_DEMO_EXPANSION,SYNTHETIC_DEMO
PROD00820,PRODUCT,Label material 0820,PROJECT_DEMO_EXPANSION,SYNTHETIC_DEMO
PROD00821,PRODUCT,Cotton knitwear 0821,PROJECT_DEMO_EXPANSION,SYNTHETIC_DEMO
PROD00822,PRODUCT,PCB assembly 0822,PROJECT_DEMO_EXPANSION,SYNTHETIC_DEMO
PROD00823,PRODUCT,Powertrain component 0823,PROJECT_DEMO_EXPANSION,SYNTHETIC_DEMO
PROD00824,PRODUCT,Vial 0824,PROJECT_DEMO_EXPANSION,SYNTHETIC_DEMO
PROD00825,PRODUCT,Industrial resin 0825,PROJECT_DEMO_EXPANSION,SYNTHETIC_DEMO
PROD00826,PRODUCT,Packaging material 0826,PROJECT_DEMO_EXPANSION,SYNTHETIC_DEMO
PROD00827,PRODUCT,Power semiconductor 0827,PROJECT_DEMO_EXPANSION,SYNTHETIC_DEMO
PROD00828,PRODUCT,Port handling 0828,PROJECT_DEMO_EXPANSION,SYNTHETIC_DEMO
PROD00829,PRODUCT,Pump assembly 0829,PROJECT_DEMO_EXPANSION,SYNTHETIC_DEMO
PROD00830,PRODUCT,Flexible packaging 0830,PROJECT_DEMO_EXPANSION,SYNTHETIC_DEMO
PROD00831,PRODUCT,Garment accessories 0831,PROJECT_DEMO_EXPANSION,SYNTHETIC_DEMO
PROD00832,PRODUCT,Sensors 0832,PROJECT_DEMO_EXPANSION,SYNTHETIC_DEMO
PROD00833,PRODUCT,Brake component 0833,PROJECT_DEMO_EXPANSION,SYNTHETIC_DEMO
PROD00834,PRODUCT,Tablet excipient 0834,PROJECT_DEMO_EXPANSION,SYNTHETIC_DEMO
PROD00835,PRODUCT,Adhesive 0835,PROJECT_DEMO_EXPANSION,SYNTHETIC_DEMO
PROD00836,PRODUCT,Cold-chain product 0836,PROJECT_DEMO_EXPANSION,SYNTHETIC_DEMO
PROD00837,PRODUCT,Memory chip 0837,PROJECT_DEMO_EXPANSION,SYNTHETIC_DEMO
PROD00838,PRODUCT,Freight forwarding 0838,PROJECT_DEMO_EXPANSION,SYNTHETIC_DEMO
PROD00839,PRODUCT,Valve 0839,PROJECT_DEMO_EXPANSION,SYNTHETIC_DEMO
PROD00840,PRODUCT,Label material 0840,PROJECT_DEMO_EXPANSION,SYNTHETIC_DEMO
PROD00841,PRODUCT,Cotton knitwear 0841,PROJECT_DEMO_EXPANSION,SYNTHETIC_DEMO
PROD00842,PRODUCT,PCB assembly 0842,PROJECT_DEMO_EXPANSION,SYNTHETIC_DEMO
PROD00843,PRODUCT,Powertrain component 0843,PROJECT_DEMO_EXPANSION,SYNTHETIC_DEMO
PROD00844,PRODUCT,Vial 0844,PROJECT_DEMO_EXPANSION,SYNTHETIC_DEMO
PROD00845,PRODUCT,Industrial resin 0845,PROJECT_DEMO_EXPANSION,SYNTHETIC_DEMO
PROD00846,PRODUCT,Packaging material 0846,PROJECT_DEMO_EXPANSION,SYNTHETIC_DEMO
PROD00847,PRODUCT,Power semiconductor 0847,PROJECT_DEMO_EXPANSION,SYNTHETIC_DEMO
PROD00848,PRODUCT,Port handling 0848,PROJECT_DEMO_EXPANSION,SYNTHETIC_DEMO
PROD00849,PRODUCT,Pump assembly 0849,PROJECT_DEMO_EXPANSION,SYNTHETIC_DEMO
PROD00850,PRODUCT,Flexible packaging 0850,PROJECT_DEMO_EXPANSION,SYNTHETIC_DEMO
PROD00851,PRODUCT,Garment accessories 0851,PROJECT_DEMO_EXPANSION,SYNTHETIC_DEMO
PROD00852,PRODUCT,Sensors 0852,PROJECT_DEMO_EXPANSION,SYNTHETIC_DEMO
PROD00853,PRODUCT,Brake component 0853,PROJECT_DEMO_EXPANSION,SYNTHETIC_DEMO
PROD00854,PRODUCT,Tablet excipient 0854,PROJECT_DEMO_EXPANSION,SYNTHETIC_DEMO
PROD00855,PRODUCT,Adhesive 0855,PROJECT_DEMO_EXPANSION,SYNTHETIC_DEMO
PROD00856,PRODUCT,Cold-chain product 0856,PROJECT_DEMO_EXPANSION,SYNTHETIC_DEMO
PROD00857,PRODUCT,Memory chip 0857,PROJECT_DEMO_EXPANSION,SYNTHETIC_DEMO
PROD00858,PRODUCT,Freight forwarding 0858,PROJECT_DEMO_EXPANSION,SYNTHETIC_DEMO
PROD00859,PRODUCT,Valve 0859,PROJECT_DEMO_EXPANSION,SYNTHETIC_DEMO
PROD00860,PRODUCT,Label material 0860,PROJECT_DEMO_EXPANSION,SYNTHETIC_DEMO
PROD00861,PRODUCT,Cotton knitwear 0861,PROJECT_DEMO_EXPANSION,SYNTHETIC_DEMO
PROD00862,PRODUCT,PCB assembly 0862,PROJECT_DEMO_EXPANSION,SYNTHETIC_DEMO
PROD00863,PRODUCT,Powertrain component 0863,PROJECT_DEMO_EXPANSION,SYNTHETIC_DEMO
PROD00864,PRODUCT,Vial 0864,PROJECT_DEMO_EXPANSION,SYNTHETIC_DEMO
PROD00865,PRODUCT,Industrial resin 0865,PROJECT_DEMO_EXPANSION,SYNTHETIC_DEMO
PROD00866,PRODUCT,Packaging material 0866,PROJECT_DEMO_EXPANSION,SYNTHETIC_DEMO
PROD00867,PRODUCT,Power semiconductor 0867,PROJECT_DEMO_EXPANSION,SYNTHETIC_DEMO
PROD00868,PRODUCT,Port handling 0868,PROJECT_DEMO_EXPANSION,SYNTHETIC_DEMO
PROD00869,PRODUCT,Pump assembly 0869,PROJECT_DEMO_EXPANSION,SYNTHETIC_DEMO
PROD00870,PRODUCT,Flexible packaging 0870,PROJECT_DEMO_EXPANSION,SYNTHETIC_DEMO
PROD00871,PRODUCT,Garment accessories 0871,PROJECT_DEMO_EXPANSION,SYNTHETIC_DEMO
PROD00872,PRODUCT,Sensors 0872,PROJECT_DEMO_EXPANSION,SYNTHETIC_DEMO
PROD00873,PRODUCT,Brake component 0873,PROJECT_DEMO_EXPANSION,SYNTHETIC_DEMO
PROD00874,PRODUCT,Tablet excipient 0874,PROJECT_DEMO_EXPANSION,SYNTHETIC_DEMO
PROD00875,PRODUCT,Adhesive 0875,PROJECT_DEMO_EXPANSION,SYNTHETIC_DEMO
PROD00876,PRODUCT,Cold-chain product 0876,PROJECT_DEMO_EXPANSION,SYNTHETIC_DEMO
PROD00877,PRODUCT,Memory chip 0877,PROJECT_DEMO_EXPANSION,SYNTHETIC_DEMO
PROD00878,PRODUCT,Freight forwarding 0878,PROJECT_DEMO_EXPANSION,SYNTHETIC_DEMO
PROD00879,PRODUCT,Valve 0879,PROJECT_DEMO_EXPANSION,SYNTHETIC_DEMO
PROD00880,PRODUCT,Label material 0880,PROJECT_DEMO_EXPANSION,SYNTHETIC_DEMO
PROD00881,PRODUCT,Cotton knitwear 0881,PROJECT_DEMO_EXPANSION,SYNTHETIC_DEMO
PROD00882,PRODUCT,PCB assembly 0882,PROJECT_DEMO_EXPANSION,SYNTHETIC_DEMO
PROD00883,PRODUCT,Powertrain component 0883,PROJECT_DEMO_EXPANSION,SYNTHETIC_DEMO
PROD00884,PRODUCT,Vial 0884,PROJECT_DEMO_EXPANSION,SYNTHETIC_DEMO
PROD00885,PRODUCT,Industrial resin 0885,PROJECT_DEMO_EXPANSION,SYNTHETIC_DEMO
PROD00886,PRODUCT,Packaging material 0886,PROJECT_DEMO_EXPANSION,SYNTHETIC_DEMO
PROD00887,PRODUCT,Power semiconductor 0887,PROJECT_DEMO_EXPANSION,SYNTHETIC_DEMO
PROD00888,PRODUCT,Port handling 0888,PROJECT_DEMO_EXPANSION,SYNTHETIC_DEMO
PROD00889,PRODUCT,Pump assembly 0889,PROJECT_DEMO_EXPANSION,SYNTHETIC_DEMO
PROD00890,PRODUCT,Flexible packaging 0890,PROJECT_DEMO_EXPANSION,SYNTHETIC_DEMO
PROD00891,PRODUCT,Garment accessories 0891,PROJECT_DEMO_EXPANSION,SYNTHETIC_DEMO
PROD00892,PRODUCT,Sensors 0892,PROJECT_DEMO_EXPANSION,SYNTHETIC_DEMO
PROD00893,PRODUCT,Brake component 0893,PROJECT_DEMO_EXPANSION,SYNTHETIC_DEMO
PROD00894,PRODUCT,Tablet excipient 0894,PROJECT_DEMO_EXPANSION,SYNTHETIC_DEMO
PROD00895,PRODUCT,Adhesive 0895,PROJECT_DEMO_EXPANSION,SYNTHETIC_DEMO
PROD00896,PRODUCT,Cold-chain product 0896,PROJECT_DEMO_EXPANSION,SYNTHETIC_DEMO
PROD00897,PRODUCT,Memory chip 0897,PROJECT_DEMO_EXPANSION,SYNTHETIC_DEMO
PROD00898,PRODUCT,Freight forwarding 0898,PROJECT_DEMO_EXPANSION,SYNTHETIC_DEMO
PROD00899,PRODUCT,Valve 0899,PROJECT_DEMO_EXPANSION,SYNTHETIC_DEMO
PROD00900,PRODUCT,Label material 0900,PROJECT_DEMO_EXPANSION,SYNTHETIC_DEMO
PROD00901,PRODUCT,Cotton knitwear 0901,PROJECT_DEMO_EXPANSION,SYNTHETIC_DEMO
PROD00902,PRODUCT,PCB assembly 0902,PROJECT_DEMO_EXPANSION,SYNTHETIC_DEMO
PROD00903,PRODUCT,Powertrain component 0903,PROJECT_DEMO_EXPANSION,SYNTHETIC_DEMO
PROD00904,PRODUCT,Vial 0904,PROJECT_DEMO_EXPANSION,SYNTHETIC_DEMO
PROD00905,PRODUCT,Industrial resin 0905,PROJECT_DEMO_EXPANSION,SYNTHETIC_DEMO
PROD00906,PRODUCT,Packaging material 0906,PROJECT_DEMO_EXPANSION,SYNTHETIC_DEMO
PROD00907,PRODUCT,Power semiconductor 0907,PROJECT_DEMO_EXPANSION,SYNTHETIC_DEMO
PROD00908,PRODUCT,Port handling 0908,PROJECT_DEMO_EXPANSION,SYNTHETIC_DEMO
PROD00909,PRODUCT,Pump assembly 0909,PROJECT_DEMO_EXPANSION,SYNTHETIC_DEMO
PROD00910,PRODUCT,Flexible packaging 0910,PROJECT_DEMO_EXPANSION,SYNTHETIC_DEMO
PROD00911,PRODUCT,Garment accessories 0911,PROJECT_DEMO_EXPANSION,SYNTHETIC_DEMO
PROD00912,PRODUCT,Sensors 0912,PROJECT_DEMO_EXPANSION,SYNTHETIC_DEMO
PROD00913,PRODUCT,Brake component 0913,PROJECT_DEMO_EXPANSION,SYNTHETIC_DEMO
PROD00914,PRODUCT,Tablet excipient 0914,PROJECT_DEMO_EXPANSION,SYNTHETIC_DEMO
PROD00915,PRODUCT,Adhesive 0915,PROJECT_DEMO_EXPANSION,SYNTHETIC_DEMO
PROD00916,PRODUCT,Cold-chain product 0916,PROJECT_DEMO_EXPANSION,SYNTHETIC_DEMO
PROD00917,PRODUCT,Memory chip 0917,PROJECT_DEMO_EXPANSION,SYNTHETIC_DEMO
PROD00918,PRODUCT,Freight forwarding 0918,PROJECT_DEMO_EXPANSION,SYNTHETIC_DEMO
PROD00919,PRODUCT,Valve 0919,PROJECT_DEMO_EXPANSION,SYNTHETIC_DEMO
PROD00920,PRODUCT,Label material 0920,PROJECT_DEMO_EXPANSION,SYNTHETIC_DEMO
PROD00921,PRODUCT,Cotton knitwear 0921,PROJECT_DEMO_EXPANSION,SYNTHETIC_DEMO
PROD00922,PRODUCT,PCB assembly 0922,PROJECT_DEMO_EXPANSION,SYNTHETIC_DEMO
PROD00923,PRODUCT,Powertrain component 0923,PROJECT_DEMO_EXPANSION,SYNTHETIC_DEMO
PROD00924,PRODUCT,Vial 0924,PROJECT_DEMO_EXPANSION,SYNTHETIC_DEMO
PROD00925,PRODUCT,Industrial resin 0925,PROJECT_DEMO_EXPANSION,SYNTHETIC_DEMO
PROD00926,PRODUCT,Packaging material 0926,PROJECT_DEMO_EXPANSION,SYNTHETIC_DEMO
PROD00927,PRODUCT,Power semiconductor 0927,PROJECT_DEMO_EXPANSION,SYNTHETIC_DEMO
PROD00928,PRODUCT,Port handling 0928,PROJECT_DEMO_EXPANSION,SYNTHETIC_DEMO
PROD00929,PRODUCT,Pump assembly 0929,PROJECT_DEMO_EXPANSION,SYNTHETIC_DEMO
PROD00930,PRODUCT,Flexible packaging 0930,PROJECT_DEMO_EXPANSION,SYNTHETIC_DEMO
PROD00931,PRODUCT,Garment accessories 0931,PROJECT_DEMO_EXPANSION,SYNTHETIC_DEMO
PROD00932,PRODUCT,Sensors 0932,PROJECT_DEMO_EXPANSION,SYNTHETIC_DEMO
PROD00933,PRODUCT,Brake component 0933,PROJECT_DEMO_EXPANSION,SYNTHETIC_DEMO
PROD00934,PRODUCT,Tablet excipient 0934,PROJECT_DEMO_EXPANSION,SYNTHETIC_DEMO
PROD00935,PRODUCT,Adhesive 0935,PROJECT_DEMO_EXPANSION,SYNTHETIC_DEMO
PROD00936,PRODUCT,Cold-chain product 0936,PROJECT_DEMO_EXPANSION,SYNTHETIC_DEMO
PROD00937,PRODUCT,Memory chip 0937,PROJECT_DEMO_EXPANSION,SYNTHETIC_DEMO
PROD00938,PRODUCT,Freight forwarding 0938,PROJECT_DEMO_EXPANSION,SYNTHETIC_DEMO
PROD00939,PRODUCT,Valve 0939,PROJECT_DEMO_EXPANSION,SYNTHETIC_DEMO
PROD00940,PRODUCT,Label material 0940,PROJECT_DEMO_EXPANSION,SYNTHETIC_DEMO
PROD00941,PRODUCT,Cotton knitwear 0941,PROJECT_DEMO_EXPANSION,SYNTHETIC_DEMO
PROD00942,PRODUCT,PCB assembly 0942,PROJECT_DEMO_EXPANSION,SYNTHETIC_DEMO
PROD00943,PRODUCT,Powertrain component 0943,PROJECT_DEMO_EXPANSION,SYNTHETIC_DEMO
PROD00944,PRODUCT,Vial 0944,PROJECT_DEMO_EXPANSION,SYNTHETIC_DEMO
PROD00945,PRODUCT,Industrial resin 0945,PROJECT_DEMO_EXPANSION,SYNTHETIC_DEMO
PROD00946,PRODUCT,Packaging material 0946,PROJECT_DEMO_EXPANSION,SYNTHETIC_DEMO
PROD00947,PRODUCT,Power semiconductor 0947,PROJECT_DEMO_EXPANSION,SYNTHETIC_DEMO
PROD00948,PRODUCT,Port handling 0948,PROJECT_DEMO_EXPANSION,SYNTHETIC_DEMO
PROD00949,PRODUCT,Pump assembly 0949,PROJECT_DEMO_EXPANSION,SYNTHETIC_DEMO
PROD00950,PRODUCT,Flexible packaging 0950,PROJECT_DEMO_EXPANSION,SYNTHETIC_DEMO
PROD00951,PRODUCT,Garment accessories 0951,PROJECT_DEMO_EXPANSION,SYNTHETIC_DEMO
PROD00952,PRODUCT,Sensors 0952,PROJECT_DEMO_EXPANSION,SYNTHETIC_DEMO
PROD00953,PRODUCT,Brake component 0953,PROJECT_DEMO_EXPANSION,SYNTHETIC_DEMO
PROD00954,PRODUCT,Tablet excipient 0954,PROJECT_DEMO_EXPANSION,SYNTHETIC_DEMO
PROD00955,PRODUCT,Adhesive 0955,PROJECT_DEMO_EXPANSION,SYNTHETIC_DEMO
PROD00956,PRODUCT,Cold-chain product 0956,PROJECT_DEMO_EXPANSION,SYNTHETIC_DEMO
PROD00957,PRODUCT,Memory chip 0957,PROJECT_DEMO_EXPANSION,SYNTHETIC_DEMO
PROD00958,PRODUCT,Freight forwarding 0958,PROJECT_DEMO_EXPANSION,SYNTHETIC_DEMO
PROD00959,PRODUCT,Valve 0959,PROJECT_DEMO_EXPANSION,SYNTHETIC_DEMO
PROD00960,PRODUCT,Label material 0960,PROJECT_DEMO_EXPANSION,SYNTHETIC_DEMO
PROD00961,PRODUCT,Cotton knitwear 0961,PROJECT_DEMO_EXPANSION,SYNTHETIC_DEMO
PROD00962,PRODUCT,PCB assembly 0962,PROJECT_DEMO_EXPANSION,SYNTHETIC_DEMO
PROD00963,PRODUCT,Powertrain component 0963,PROJECT_DEMO_EXPANSION,SYNTHETIC_DEMO
PROD00964,PRODUCT,Vial 0964,PROJECT_DEMO_EXPANSION,SYNTHETIC_DEMO
PROD00965,PRODUCT,Industrial resin 0965,PROJECT_DEMO_EXPANSION,SYNTHETIC_DEMO
PROD00966,PRODUCT,Packaging material 0966,PROJECT_DEMO_EXPANSION,SYNTHETIC_DEMO
PROD00967,PRODUCT,Power semiconductor 0967,PROJECT_DEMO_EXPANSION,SYNTHETIC_DEMO
PROD00968,PRODUCT,Port handling 0968,PROJECT_DEMO_EXPANSION,SYNTHETIC_DEMO
PROD00969,PRODUCT,Pump assembly 0969,PROJECT_DEMO_EXPANSION,SYNTHETIC_DEMO
PROD00970,PRODUCT,Flexible packaging 0970,PROJECT_DEMO_EXPANSION,SYNTHETIC_DEMO
PROD00971,PRODUCT,Garment accessories 0971,PROJECT_DEMO_EXPANSION,SYNTHETIC_DEMO
PROD00972,PRODUCT,Sensors 0972,PROJECT_DEMO_EXPANSION,SYNTHETIC_DEMO
PROD00973,PRODUCT,Brake component 0973,PROJECT_DEMO_EXPANSION,SYNTHETIC_DEMO
PROD00974,PRODUCT,Tablet excipient 0974,PROJECT_DEMO_EXPANSION,SYNTHETIC_DEMO
PROD00975,PRODUCT,Adhesive 0975,PROJECT_DEMO_EXPANSION,SYNTHETIC_DEMO
PROD00976,PRODUCT,Cold-chain product 0976,PROJECT_DEMO_EXPANSION,SYNTHETIC_DEMO
PROD00977,PRODUCT,Memory chip 0977,PROJECT_DEMO_EXPANSION,SYNTHETIC_DEMO
PROD00978,PRODUCT,Freight forwarding 0978,PROJECT_DEMO_EXPANSION,SYNTHETIC_DEMO
PROD00979,PRODUCT,Valve 0979,PROJECT_DEMO_EXPANSION,SYNTHETIC_DEMO
PROD00980,PRODUCT,Label material 0980,PROJECT_DEMO_EXPANSION,SYNTHETIC_DEMO
PROD00981,PRODUCT,Cotton knitwear 0981,PROJECT_DEMO_EXPANSION,SYNTHETIC_DEMO
PROD00982,PRODUCT,PCB assembly 0982,PROJECT_DEMO_EXPANSION,SYNTHETIC_DEMO
PROD00983,PRODUCT,Powertrain component 0983,PROJECT_DEMO_EXPANSION,SYNTHETIC_DEMO
PROD00984,PRODUCT,Vial 0984,PROJECT_DEMO_EXPANSION,SYNTHETIC_DEMO
PROD00985,PRODUCT,Industrial resin 0985,PROJECT_DEMO_EXPANSION,SYNTHETIC_DEMO
PROD00986,PRODUCT,Packaging material 0986,PROJECT_DEMO_EXPANSION,SYNTHETIC_DEMO
PROD00987,PRODUCT,Power semiconductor 0987,PROJECT_DEMO_EXPANSION,SYNTHETIC_DEMO
PROD00988,PRODUCT,Port handling 0988,PROJECT_DEMO_EXPANSION,SYNTHETIC_DEMO
PROD00989,PRODUCT,Pump assembly 0989,PROJECT_DEMO_EXPANSION,SYNTHETIC_DEMO
PROD00990,PRODUCT,Flexible packaging 0990,PROJECT_DEMO_EXPANSION,SYNTHETIC_DEMO
PROD00991,PRODUCT,Garment accessories 0991,PROJECT_DEMO_EXPANSION,SYNTHETIC_DEMO
PROD00992,PRODUCT,Sensors 0992,PROJECT_DEMO_EXPANSION,SYNTHETIC_DEMO
PROD00993,PRODUCT,Brake component 0993,PROJECT_DEMO_EXPANSION,SYNTHETIC_DEMO
PROD00994,PRODUCT,Tablet excipient 0994,PROJECT_DEMO_EXPANSION,SYNTHETIC_DEMO
PROD00995,PRODUCT,Adhesive 0995,PROJECT_DEMO_EXPANSION,SYNTHETIC_DEMO
PROD00996,PRODUCT,Cold-chain product 0996,PROJECT_DEMO_EXPANSION,SYNTHETIC_DEMO
PROD00997,PRODUCT,Memory chip 0997,PROJECT_DEMO_EXPANSION,SYNTHETIC_DEMO
PROD00998,PRODUCT,Freight forwarding 0998,PROJECT_DEMO_EXPANSION,SYNTHETIC_DEMO
PROD00999,PRODUCT,Valve 0999,PROJECT_DEMO_EXPANSION,SYNTHETIC_DEMO
PROD01000,PRODUCT,Label material 1000,PROJECT_DEMO_EXPANSION,SYNTHETIC_DEMO
LOC00001,LOCATION,Mumbai Industrial Location 0001,PROJECT_DEMO_EXPANSION,SYNTHETIC_DEMO
LOC00002,LOCATION,Bengaluru Industrial Location 0002,PROJECT_DEMO_EXPANSION,SYNTHETIC_DEMO
LOC00003,LOCATION,Noida Industrial Location 0003,PROJECT_DEMO_EXPANSION,SYNTHETIC_DEMO
LOC00004,LOCATION,Gurugram Industrial Location 0004,PROJECT_DEMO_EXPANSION,SYNTHETIC_DEMO
LOC00005,LOCATION,Chennai Industrial Location 0005,PROJECT_DEMO_EXPANSION,SYNTHETIC_DEMO
LOC00006,LOCATION,Hyderabad Industrial Location 0006,PROJECT_DEMO_EXPANSION,SYNTHETIC_DEMO
LOC00007,LOCATION,Pune Industrial Location 0007,PROJECT_DEMO_EXPANSION,SYNTHETIC_DEMO
LOC00008,LOCATION,Dhaka Industrial Location 0008,PROJECT_DEMO_EXPANSION,SYNTHETIC_DEMO
LOC00009,LOCATION,Ho Chi Minh City Industrial Location 0009,PROJECT_DEMO_EXPANSION,SYNTHETIC_DEMO
LOC00010,LOCATION,Shenzhen Industrial Location 0010,PROJECT_DEMO_EXPANSION,SYNTHETIC_DEMO
LOC00011,LOCATION,Hsinchu Industrial Location 0011,PROJECT_DEMO_EXPANSION,SYNTHETIC_DEMO
LOC00012,LOCATION,Tokyo Industrial Location 0012,PROJECT_DEMO_EXPANSION,SYNTHETIC_DEMO
LOC00013,LOCATION,Munich Industrial Location 0013,PROJECT_DEMO_EXPANSION,SYNTHETIC_DEMO
LOC00014,LOCATION,Austin Industrial Location 0014,PROJECT_DEMO_EXPANSION,SYNTHETIC_DEMO
LOC00015,LOCATION,Monterrey Industrial Location 0015,PROJECT_DEMO_EXPANSION,SYNTHETIC_DEMO
LOC00016,LOCATION,Mumbai Industrial Location 0016,PROJECT_DEMO_EXPANSION,SYNTHETIC_DEMO
LOC00017,LOCATION,Bengaluru Industrial Location 0017,PROJECT_DEMO_EXPANSION,SYNTHETIC_DEMO
LOC00018,LOCATION,Noida Industrial Location 0018,PROJECT_DEMO_EXPANSION,SYNTHETIC_DEMO
LOC00019,LOCATION,Gurugram Industrial Location 0019,PROJECT_DEMO_EXPANSION,SYNTHETIC_DEMO
LOC00020,LOCATION,Chennai Industrial Location 0020,PROJECT_DEMO_EXPANSION,SYNTHETIC_DEMO
LOC00021,LOCATION,Hyderabad Industrial Location 0021,PROJECT_DEMO_EXPANSION,SYNTHETIC_DEMO
LOC00022,LOCATION,Pune Industrial Location 0022,PROJECT_DEMO_EXPANSION,SYNTHETIC_DEMO
LOC00023,LOCATION,Dhaka Industrial Location 0023,PROJECT_DEMO_EXPANSION,SYNTHETIC_DEMO
LOC00024,LOCATION,Ho Chi Minh City Industrial Location 0024,PROJECT_DEMO_EXPANSION,SYNTHETIC_DEMO
LOC00025,LOCATION,Shenzhen Industrial Location 0025,PROJECT_DEMO_EXPANSION,SYNTHETIC_DEMO
LOC00026,LOCATION,Hsinchu Industrial Location 0026,PROJECT_DEMO_EXPANSION,SYNTHETIC_DEMO
LOC00027,LOCATION,Tokyo Industrial Location 0027,PROJECT_DEMO_EXPANSION,SYNTHETIC_DEMO
LOC00028,LOCATION,Munich Industrial Location 0028,PROJECT_DEMO_EXPANSION,SYNTHETIC_DEMO
LOC00029,LOCATION,Austin Industrial Location 0029,PROJECT_DEMO_EXPANSION,SYNTHETIC_DEMO
LOC00030,LOCATION,Monterrey Industrial Location 0030,PROJECT_DEMO_EXPANSION,SYNTHETIC_DEMO
LOC00031,LOCATION,Mumbai Industrial Location 0031,PROJECT_DEMO_EXPANSION,SYNTHETIC_DEMO
LOC00032,LOCATION,Bengaluru Industrial Location 0032,PROJECT_DEMO_EXPANSION,SYNTHETIC_DEMO
LOC00033,LOCATION,Noida Industrial Location 0033,PROJECT_DEMO_EXPANSION,SYNTHETIC_DEMO
LOC00034,LOCATION,Gurugram Industrial Location 0034,PROJECT_DEMO_EXPANSION,SYNTHETIC_DEMO
LOC00035,LOCATION,Chennai Industrial Location 0035,PROJECT_DEMO_EXPANSION,SYNTHETIC_DEMO
LOC00036,LOCATION,Hyderabad Industrial Location 0036,PROJECT_DEMO_EXPANSION,SYNTHETIC_DEMO
LOC00037,LOCATION,Pune Industrial Location 0037,PROJECT_DEMO_EXPANSION,SYNTHETIC_DEMO
LOC00038,LOCATION,Dhaka Industrial Location 0038,PROJECT_DEMO_EXPANSION,SYNTHETIC_DEMO
LOC00039,LOCATION,Ho Chi Minh City Industrial Location 0039,PROJECT_DEMO_EXPANSION,SYNTHETIC_DEMO
LOC00040,LOCATION,Shenzhen Industrial Location 0040,PROJECT_DEMO_EXPANSION,SYNTHETIC_DEMO
LOC00041,LOCATION,Hsinchu Industrial Location 0041,PROJECT_DEMO_EXPANSION,SYNTHETIC_DEMO
LOC00042,LOCATION,Tokyo Industrial Location 0042,PROJECT_DEMO_EXPANSION,SYNTHETIC_DEMO
LOC00043,LOCATION,Munich Industrial Location 0043,PROJECT_DEMO_EXPANSION,SYNTHETIC_DEMO
LOC00044,LOCATION,Austin Industrial Location 0044,PROJECT_DEMO_EXPANSION,SYNTHETIC_DEMO
LOC00045,LOCATION,Monterrey Industrial Location 0045,PROJECT_DEMO_EXPANSION,SYNTHETIC_DEMO
LOC00046,LOCATION,Mumbai Industrial Location 0046,PROJECT_DEMO_EXPANSION,SYNTHETIC_DEMO
LOC00047,LOCATION,Bengaluru Industrial Location 0047,PROJECT_DEMO_EXPANSION,SYNTHETIC_DEMO
LOC00048,LOCATION,Noida Industrial Location 0048,PROJECT_DEMO_EXPANSION,SYNTHETIC_DEMO
LOC00049,LOCATION,Gurugram Industrial Location 0049,PROJECT_DEMO_EXPANSION,SYNTHETIC_DEMO
LOC00050,LOCATION,Chennai Industrial Location 0050,PROJECT_DEMO_EXPANSION,SYNTHETIC_DEMO
LOC00051,LOCATION,Hyderabad Industrial Location 0051,PROJECT_DEMO_EXPANSION,SYNTHETIC_DEMO
LOC00052,LOCATION,Pune Industrial Location 0052,PROJECT_DEMO_EXPANSION,SYNTHETIC_DEMO
LOC00053,LOCATION,Dhaka Industrial Location 0053,PROJECT_DEMO_EXPANSION,SYNTHETIC_DEMO
LOC00054,LOCATION,Ho Chi Minh City Industrial Location 0054,PROJECT_DEMO_EXPANSION,SYNTHETIC_DEMO
LOC00055,LOCATION,Shenzhen Industrial Location 0055,PROJECT_DEMO_EXPANSION,SYNTHETIC_DEMO
LOC00056,LOCATION,Hsinchu Industrial Location 0056,PROJECT_DEMO_EXPANSION,SYNTHETIC_DEMO
LOC00057,LOCATION,Tokyo Industrial Location 0057,PROJECT_DEMO_EXPANSION,SYNTHETIC_DEMO
LOC00058,LOCATION,Munich Industrial Location 0058,PROJECT_DEMO_EXPANSION,SYNTHETIC_DEMO
LOC00059,LOCATION,Austin Industrial Location 0059,PROJECT_DEMO_EXPANSION,SYNTHETIC_DEMO
LOC00060,LOCATION,Monterrey Industrial Location 0060,PROJECT_DEMO_EXPANSION,SYNTHETIC_DEMO
LOC00061,LOCATION,Mumbai Industrial Location 0061,PROJECT_DEMO_EXPANSION,SYNTHETIC_DEMO
LOC00062,LOCATION,Bengaluru Industrial Location 0062,PROJECT_DEMO_EXPANSION,SYNTHETIC_DEMO
LOC00063,LOCATION,Noida Industrial Location 0063,PROJECT_DEMO_EXPANSION,SYNTHETIC_DEMO
LOC00064,LOCATION,Gurugram Industrial Location 0064,PROJECT_DEMO_EXPANSION,SYNTHETIC_DEMO
LOC00065,LOCATION,Chennai Industrial Location 0065,PROJECT_DEMO_EXPANSION,SYNTHETIC_DEMO
LOC00066,LOCATION,Hyderabad Industrial Location 0066,PROJECT_DEMO_EXPANSION,SYNTHETIC_DEMO
LOC00067,LOCATION,Pune Industrial Location 0067,PROJECT_DEMO_EXPANSION,SYNTHETIC_DEMO
LOC00068,LOCATION,Dhaka Industrial Location 0068,PROJECT_DEMO_EXPANSION,SYNTHETIC_DEMO
LOC00069,LOCATION,Ho Chi Minh City Industrial Location 0069,PROJECT_DEMO_EXPANSION,SYNTHETIC_DEMO
LOC00070,LOCATION,Shenzhen Industrial Location 0070,PROJECT_DEMO_EXPANSION,SYNTHETIC_DEMO
LOC00071,LOCATION,Hsinchu Industrial Location 0071,PROJECT_DEMO_EXPANSION,SYNTHETIC_DEMO
LOC00072,LOCATION,Tokyo Industrial Location 0072,PROJECT_DEMO_EXPANSION,SYNTHETIC_DEMO
LOC00073,LOCATION,Munich Industrial Location 0073,PROJECT_DEMO_EXPANSION,SYNTHETIC_DEMO
LOC00074,LOCATION,Austin Industrial Location 0074,PROJECT_DEMO_EXPANSION,SYNTHETIC_DEMO
LOC00075,LOCATION,Monterrey Industrial Location 0075,PROJECT_DEMO_EXPANSION,SYNTHETIC_DEMO
LOC00076,LOCATION,Mumbai Industrial Location 0076,PROJECT_DEMO_EXPANSION,SYNTHETIC_DEMO
LOC00077,LOCATION,Bengaluru Industrial Location 0077,PROJECT_DEMO_EXPANSION,SYNTHETIC_DEMO
LOC00078,LOCATION,Noida Industrial Location 0078,PROJECT_DEMO_EXPANSION,SYNTHETIC_DEMO
LOC00079,LOCATION,Gurugram Industrial Location 0079,PROJECT_DEMO_EXPANSION,SYNTHETIC_DEMO
LOC00080,LOCATION,Chennai Industrial Location 0080,PROJECT_DEMO_EXPANSION,SYNTHETIC_DEMO
LOC00081,LOCATION,Hyderabad Industrial Location 0081,PROJECT_DEMO_EXPANSION,SYNTHETIC_DEMO
LOC00082,LOCATION,Pune Industrial Location 0082,PROJECT_DEMO_EXPANSION,SYNTHETIC_DEMO
LOC00083,LOCATION,Dhaka Industrial Location 0083,PROJECT_DEMO_EXPANSION,SYNTHETIC_DEMO
LOC00084,LOCATION,Ho Chi Minh City Industrial Location 0084,PROJECT_DEMO_EXPANSION,SYNTHETIC_DEMO
LOC00085,LOCATION,Shenzhen Industrial Location 0085,PROJECT_DEMO_EXPANSION,SYNTHETIC_DEMO
LOC00086,LOCATION,Hsinchu Industrial Location 0086,PROJECT_DEMO_EXPANSION,SYNTHETIC_DEMO
LOC00087,LOCATION,Tokyo Industrial Location 0087,PROJECT_DEMO_EXPANSION,SYNTHETIC_DEMO
LOC00088,LOCATION,Munich Industrial Location 0088,PROJECT_DEMO_EXPANSION,SYNTHETIC_DEMO
LOC00089,LOCATION,Austin Industrial Location 0089,PROJECT_DEMO_EXPANSION,SYNTHETIC_DEMO
LOC00090,LOCATION,Monterrey Industrial Location 0090,PROJECT_DEMO_EXPANSION,SYNTHETIC_DEMO
LOC00091,LOCATION,Mumbai Industrial Location 0091,PROJECT_DEMO_EXPANSION,SYNTHETIC_DEMO
LOC00092,LOCATION,Bengaluru Industrial Location 0092,PROJECT_DEMO_EXPANSION,SYNTHETIC_DEMO
LOC00093,LOCATION,Noida Industrial Location 0093,PROJECT_DEMO_EXPANSION,SYNTHETIC_DEMO
LOC00094,LOCATION,Gurugram Industrial Location 0094,PROJECT_DEMO_EXPANSION,SYNTHETIC_DEMO
LOC00095,LOCATION,Chennai Industrial Location 0095,PROJECT_DEMO_EXPANSION,SYNTHETIC_DEMO
LOC00096,LOCATION,Hyderabad Industrial Location 0096,PROJECT_DEMO_EXPANSION,SYNTHETIC_DEMO
LOC00097,LOCATION,Pune Industrial Location 0097,PROJECT_DEMO_EXPANSION,SYNTHETIC_DEMO
LOC00098,LOCATION,Dhaka Industrial Location 0098,PROJECT_DEMO_EXPANSION,SYNTHETIC_DEMO
LOC00099,LOCATION,Ho Chi Minh City Industrial Location 0099,PROJECT_DEMO_EXPANSION,SYNTHETIC_DEMO
LOC00100,LOCATION,Shenzhen Industrial Location 0100,PROJECT_DEMO_EXPANSION,SYNTHETIC_DEMO
LOC00101,LOCATION,Hsinchu Industrial Location 0101,PROJECT_DEMO_EXPANSION,SYNTHETIC_DEMO
LOC00102,LOCATION,Tokyo Industrial Location 0102,PROJECT_DEMO_EXPANSION,SYNTHETIC_DEMO
LOC00103,LOCATION,Munich Industrial Location 0103,PROJECT_DEMO_EXPANSION,SYNTHETIC_DEMO
LOC00104,LOCATION,Austin Industrial Location 0104,PROJECT_DEMO_EXPANSION,SYNTHETIC_DEMO
LOC00105,LOCATION,Monterrey Industrial Location 0105,PROJECT_DEMO_EXPANSION,SYNTHETIC_DEMO
LOC00106,LOCATION,Mumbai Industrial Location 0106,PROJECT_DEMO_EXPANSION,SYNTHETIC_DEMO
LOC00107,LOCATION,Bengaluru Industrial Location 0107,PROJECT_DEMO_EXPANSION,SYNTHETIC_DEMO
LOC00108,LOCATION,Noida Industrial Location 0108,PROJECT_DEMO_EXPANSION,SYNTHETIC_DEMO
LOC00109,LOCATION,Gurugram Industrial Location 0109,PROJECT_DEMO_EXPANSION,SYNTHETIC_DEMO
LOC00110,LOCATION,Chennai Industrial Location 0110,PROJECT_DEMO_EXPANSION,SYNTHETIC_DEMO
LOC00111,LOCATION,Hyderabad Industrial Location 0111,PROJECT_DEMO_EXPANSION,SYNTHETIC_DEMO
LOC00112,LOCATION,Pune Industrial Location 0112,PROJECT_DEMO_EXPANSION,SYNTHETIC_DEMO
LOC00113,LOCATION,Dhaka Industrial Location 0113,PROJECT_DEMO_EXPANSION,SYNTHETIC_DEMO
LOC00114,LOCATION,Ho Chi Minh City Industrial Location 0114,PROJECT_DEMO_EXPANSION,SYNTHETIC_DEMO
LOC00115,LOCATION,Shenzhen Industrial Location 0115,PROJECT_DEMO_EXPANSION,SYNTHETIC_DEMO
LOC00116,LOCATION,Hsinchu Industrial Location 0116,PROJECT_DEMO_EXPANSION,SYNTHETIC_DEMO
LOC00117,LOCATION,Tokyo Industrial Location 0117,PROJECT_DEMO_EXPANSION,SYNTHETIC_DEMO
LOC00118,LOCATION,Munich Industrial Location 0118,PROJECT_DEMO_EXPANSION,SYNTHETIC_DEMO
LOC00119,LOCATION,Austin Industrial Location 0119,PROJECT_DEMO_EXPANSION,SYNTHETIC_DEMO
LOC00120,LOCATION,Monterrey Industrial Location 0120,PROJECT_DEMO_EXPANSION,SYNTHETIC_DEMO
LOC00121,LOCATION,Mumbai Industrial Location 0121,PROJECT_DEMO_EXPANSION,SYNTHETIC_DEMO
LOC00122,LOCATION,Bengaluru Industrial Location 0122,PROJECT_DEMO_EXPANSION,SYNTHETIC_DEMO
LOC00123,LOCATION,Noida Industrial Location 0123,PROJECT_DEMO_EXPANSION,SYNTHETIC_DEMO
LOC00124,LOCATION,Gurugram Industrial Location 0124,PROJECT_DEMO_EXPANSION,SYNTHETIC_DEMO
LOC00125,LOCATION,Chennai Industrial Location 0125,PROJECT_DEMO_EXPANSION,SYNTHETIC_DEMO
LOC00126,LOCATION,Hyderabad Industrial Location 0126,PROJECT_DEMO_EXPANSION,SYNTHETIC_DEMO
LOC00127,LOCATION,Pune Industrial Location 0127,PROJECT_DEMO_EXPANSION,SYNTHETIC_DEMO
LOC00128,LOCATION,Dhaka Industrial Location 0128,PROJECT_DEMO_EXPANSION,SYNTHETIC_DEMO
LOC00129,LOCATION,Ho Chi Minh City Industrial Location 0129,PROJECT_DEMO_EXPANSION,SYNTHETIC_DEMO
LOC00130,LOCATION,Shenzhen Industrial Location 0130,PROJECT_DEMO_EXPANSION,SYNTHETIC_DEMO
LOC00131,LOCATION,Hsinchu Industrial Location 0131,PROJECT_DEMO_EXPANSION,SYNTHETIC_DEMO
LOC00132,LOCATION,Tokyo Industrial Location 0132,PROJECT_DEMO_EXPANSION,SYNTHETIC_DEMO
LOC00133,LOCATION,Munich Industrial Location 0133,PROJECT_DEMO_EXPANSION,SYNTHETIC_DEMO
LOC00134,LOCATION,Austin Industrial Location 0134,PROJECT_DEMO_EXPANSION,SYNTHETIC_DEMO
LOC00135,LOCATION,Monterrey Industrial Location 0135,PROJECT_DEMO_EXPANSION,SYNTHETIC_DEMO
LOC00136,LOCATION,Mumbai Industrial Location 0136,PROJECT_DEMO_EXPANSION,SYNTHETIC_DEMO
LOC00137,LOCATION,Bengaluru Industrial Location 0137,PROJECT_DEMO_EXPANSION,SYNTHETIC_DEMO
LOC00138,LOCATION,Noida Industrial Location 0138,PROJECT_DEMO_EXPANSION,SYNTHETIC_DEMO
LOC00139,LOCATION,Gurugram Industrial Location 0139,PROJECT_DEMO_EXPANSION,SYNTHETIC_DEMO
LOC00140,LOCATION,Chennai Industrial Location 0140,PROJECT_DEMO_EXPANSION,SYNTHETIC_DEMO
LOC00141,LOCATION,Hyderabad Industrial Location 0141,PROJECT_DEMO_EXPANSION,SYNTHETIC_DEMO
LOC00142,LOCATION,Pune Industrial Location 0142,PROJECT_DEMO_EXPANSION,SYNTHETIC_DEMO
LOC00143,LOCATION,Dhaka Industrial Location 0143,PROJECT_DEMO_EXPANSION,SYNTHETIC_DEMO
LOC00144,LOCATION,Ho Chi Minh City Industrial Location 0144,PROJECT_DEMO_EXPANSION,SYNTHETIC_DEMO
LOC00145,LOCATION,Shenzhen Industrial Location 0145,PROJECT_DEMO_EXPANSION,SYNTHETIC_DEMO
LOC00146,LOCATION,Hsinchu Industrial Location 0146,PROJECT_DEMO_EXPANSION,SYNTHETIC_DEMO
LOC00147,LOCATION,Tokyo Industrial Location 0147,PROJECT_DEMO_EXPANSION,SYNTHETIC_DEMO
LOC00148,LOCATION,Munich Industrial Location 0148,PROJECT_DEMO_EXPANSION,SYNTHETIC_DEMO
LOC00149,LOCATION,Austin Industrial Location 0149,PROJECT_DEMO_EXPANSION,SYNTHETIC_DEMO
LOC00150,LOCATION,Monterrey Industrial Location 0150,PROJECT_DEMO_EXPANSION,SYNTHETIC_DEMO
LOC00151,LOCATION,Mumbai Industrial Location 0151,PROJECT_DEMO_EXPANSION,SYNTHETIC_DEMO
LOC00152,LOCATION,Bengaluru Industrial Location 0152,PROJECT_DEMO_EXPANSION,SYNTHETIC_DEMO
LOC00153,LOCATION,Noida Industrial Location 0153,PROJECT_DEMO_EXPANSION,SYNTHETIC_DEMO
LOC00154,LOCATION,Gurugram Industrial Location 0154,PROJECT_DEMO_EXPANSION,SYNTHETIC_DEMO
LOC00155,LOCATION,Chennai Industrial Location 0155,PROJECT_DEMO_EXPANSION,SYNTHETIC_DEMO
LOC00156,LOCATION,Hyderabad Industrial Location 0156,PROJECT_DEMO_EXPANSION,SYNTHETIC_DEMO
LOC00157,LOCATION,Pune Industrial Location 0157,PROJECT_DEMO_EXPANSION,SYNTHETIC_DEMO
LOC00158,LOCATION,Dhaka Industrial Location 0158,PROJECT_DEMO_EXPANSION,SYNTHETIC_DEMO
LOC00159,LOCATION,Ho Chi Minh City Industrial Location 0159,PROJECT_DEMO_EXPANSION,SYNTHETIC_DEMO
LOC00160,LOCATION,Shenzhen Industrial Location 0160,PROJECT_DEMO_EXPANSION,SYNTHETIC_DEMO
LOC00161,LOCATION,Hsinchu Industrial Location 0161,PROJECT_DEMO_EXPANSION,SYNTHETIC_DEMO
LOC00162,LOCATION,Tokyo Industrial Location 0162,PROJECT_DEMO_EXPANSION,SYNTHETIC_DEMO
LOC00163,LOCATION,Munich Industrial Location 0163,PROJECT_DEMO_EXPANSION,SYNTHETIC_DEMO
LOC00164,LOCATION,Austin Industrial Location 0164,PROJECT_DEMO_EXPANSION,SYNTHETIC_DEMO
LOC00165,LOCATION,Monterrey Industrial Location 0165,PROJECT_DEMO_EXPANSION,SYNTHETIC_DEMO
LOC00166,LOCATION,Mumbai Industrial Location 0166,PROJECT_DEMO_EXPANSION,SYNTHETIC_DEMO
LOC00167,LOCATION,Bengaluru Industrial Location 0167,PROJECT_DEMO_EXPANSION,SYNTHETIC_DEMO
LOC00168,LOCATION,Noida Industrial Location 0168,PROJECT_DEMO_EXPANSION,SYNTHETIC_DEMO
LOC00169,LOCATION,Gurugram Industrial Location 0169,PROJECT_DEMO_EXPANSION,SYNTHETIC_DEMO
LOC00170,LOCATION,Chennai Industrial Location 0170,PROJECT_DEMO_EXPANSION,SYNTHETIC_DEMO
LOC00171,LOCATION,Hyderabad Industrial Location 0171,PROJECT_DEMO_EXPANSION,SYNTHETIC_DEMO
LOC00172,LOCATION,Pune Industrial Location 0172,PROJECT_DEMO_EXPANSION,SYNTHETIC_DEMO
LOC00173,LOCATION,Dhaka Industrial Location 0173,PROJECT_DEMO_EXPANSION,SYNTHETIC_DEMO
LOC00174,LOCATION,Ho Chi Minh City Industrial Location 0174,PROJECT_DEMO_EXPANSION,SYNTHETIC_DEMO
LOC00175,LOCATION,Shenzhen Industrial Location 0175,PROJECT_DEMO_EXPANSION,SYNTHETIC_DEMO
LOC00176,LOCATION,Hsinchu Industrial Location 0176,PROJECT_DEMO_EXPANSION,SYNTHETIC_DEMO
LOC00177,LOCATION,Tokyo Industrial Location 0177,PROJECT_DEMO_EXPANSION,SYNTHETIC_DEMO
LOC00178,LOCATION,Munich Industrial Location 0178,PROJECT_DEMO_EXPANSION,SYNTHETIC_DEMO
LOC00179,LOCATION,Austin Industrial Location 0179,PROJECT_DEMO_EXPANSION,SYNTHETIC_DEMO
LOC00180,LOCATION,Monterrey Industrial Location 0180,PROJECT_DEMO_EXPANSION,SYNTHETIC_DEMO
LOC00181,LOCATION,Mumbai Industrial Location 0181,PROJECT_DEMO_EXPANSION,SYNTHETIC_DEMO
LOC00182,LOCATION,Bengaluru Industrial Location 0182,PROJECT_DEMO_EXPANSION,SYNTHETIC_DEMO
LOC00183,LOCATION,Noida Industrial Location 0183,PROJECT_DEMO_EXPANSION,SYNTHETIC_DEMO
LOC00184,LOCATION,Gurugram Industrial Location 0184,PROJECT_DEMO_EXPANSION,SYNTHETIC_DEMO
LOC00185,LOCATION,Chennai Industrial Location 0185,PROJECT_DEMO_EXPANSION,SYNTHETIC_DEMO
LOC00186,LOCATION,Hyderabad Industrial Location 0186,PROJECT_DEMO_EXPANSION,SYNTHETIC_DEMO
LOC00187,LOCATION,Pune Industrial Location 0187,PROJECT_DEMO_EXPANSION,SYNTHETIC_DEMO
LOC00188,LOCATION,Dhaka Industrial Location 0188,PROJECT_DEMO_EXPANSION,SYNTHETIC_DEMO
LOC00189,LOCATION,Ho Chi Minh City Industrial Location 0189,PROJECT_DEMO_EXPANSION,SYNTHETIC_DEMO
LOC00190,LOCATION,Shenzhen Industrial Location 0190,PROJECT_DEMO_EXPANSION,SYNTHETIC_DEMO
LOC00191,LOCATION,Hsinchu Industrial Location 0191,PROJECT_DEMO_EXPANSION,SYNTHETIC_DEMO
LOC00192,LOCATION,Tokyo Industrial Location 0192,PROJECT_DEMO_EXPANSION,SYNTHETIC_DEMO
LOC00193,LOCATION,Munich Industrial Location 0193,PROJECT_DEMO_EXPANSION,SYNTHETIC_DEMO
LOC00194,LOCATION,Austin Industrial Location 0194,PROJECT_DEMO_EXPANSION,SYNTHETIC_DEMO
LOC00195,LOCATION,Monterrey Industrial Location 0195,PROJECT_DEMO_EXPANSION,SYNTHETIC_DEMO
LOC00196,LOCATION,Mumbai Industrial Location 0196,PROJECT_DEMO_EXPANSION,SYNTHETIC_DEMO
LOC00197,LOCATION,Bengaluru Industrial Location 0197,PROJECT_DEMO_EXPANSION,SYNTHETIC_DEMO
LOC00198,LOCATION,Noida Industrial Location 0198,PROJECT_DEMO_EXPANSION,SYNTHETIC_DEMO
LOC00199,LOCATION,Gurugram Industrial Location 0199,PROJECT_DEMO_EXPANSION,SYNTHETIC_DEMO
LOC00200,LOCATION,Chennai Industrial Location 0200,PROJECT_DEMO_EXPANSION,SYNTHETIC_DEMO
LOC00201,LOCATION,Hyderabad Industrial Location 0201,PROJECT_DEMO_EXPANSION,SYNTHETIC_DEMO
LOC00202,LOCATION,Pune Industrial Location 0202,PROJECT_DEMO_EXPANSION,SYNTHETIC_DEMO
LOC00203,LOCATION,Dhaka Industrial Location 0203,PROJECT_DEMO_EXPANSION,SYNTHETIC_DEMO
LOC00204,LOCATION,Ho Chi Minh City Industrial Location 0204,PROJECT_DEMO_EXPANSION,SYNTHETIC_DEMO
LOC00205,LOCATION,Shenzhen Industrial Location 0205,PROJECT_DEMO_EXPANSION,SYNTHETIC_DEMO
LOC00206,LOCATION,Hsinchu Industrial Location 0206,PROJECT_DEMO_EXPANSION,SYNTHETIC_DEMO
LOC00207,LOCATION,Tokyo Industrial Location 0207,PROJECT_DEMO_EXPANSION,SYNTHETIC_DEMO
LOC00208,LOCATION,Munich Industrial Location 0208,PROJECT_DEMO_EXPANSION,SYNTHETIC_DEMO
LOC00209,LOCATION,Austin Industrial Location 0209,PROJECT_DEMO_EXPANSION,SYNTHETIC_DEMO
LOC00210,LOCATION,Monterrey Industrial Location 0210,PROJECT_DEMO_EXPANSION,SYNTHETIC_DEMO
LOC00211,LOCATION,Mumbai Industrial Location 0211,PROJECT_DEMO_EXPANSION,SYNTHETIC_DEMO
LOC00212,LOCATION,Bengaluru Industrial Location 0212,PROJECT_DEMO_EXPANSION,SYNTHETIC_DEMO
LOC00213,LOCATION,Noida Industrial Location 0213,PROJECT_DEMO_EXPANSION,SYNTHETIC_DEMO
LOC00214,LOCATION,Gurugram Industrial Location 0214,PROJECT_DEMO_EXPANSION,SYNTHETIC_DEMO
LOC00215,LOCATION,Chennai Industrial Location 0215,PROJECT_DEMO_EXPANSION,SYNTHETIC_DEMO
LOC00216,LOCATION,Hyderabad Industrial Location 0216,PROJECT_DEMO_EXPANSION,SYNTHETIC_DEMO
LOC00217,LOCATION,Pune Industrial Location 0217,PROJECT_DEMO_EXPANSION,SYNTHETIC_DEMO
LOC00218,LOCATION,Dhaka Industrial Location 0218,PROJECT_DEMO_EXPANSION,SYNTHETIC_DEMO
LOC00219,LOCATION,Ho Chi Minh City Industrial Location 0219,PROJECT_DEMO_EXPANSION,SYNTHETIC_DEMO
LOC00220,LOCATION,Shenzhen Industrial Location 0220,PROJECT_DEMO_EXPANSION,SYNTHETIC_DEMO
LOC00221,LOCATION,Hsinchu Industrial Location 0221,PROJECT_DEMO_EXPANSION,SYNTHETIC_DEMO
LOC00222,LOCATION,Tokyo Industrial Location 0222,PROJECT_DEMO_EXPANSION,SYNTHETIC_DEMO
LOC00223,LOCATION,Munich Industrial Location 0223,PROJECT_DEMO_EXPANSION,SYNTHETIC_DEMO
LOC00224,LOCATION,Austin Industrial Location 0224,PROJECT_DEMO_EXPANSION,SYNTHETIC_DEMO
LOC00225,LOCATION,Monterrey Industrial Location 0225,PROJECT_DEMO_EXPANSION,SYNTHETIC_DEMO
LOC00226,LOCATION,Mumbai Industrial Location 0226,PROJECT_DEMO_EXPANSION,SYNTHETIC_DEMO
LOC00227,LOCATION,Bengaluru Industrial Location 0227,PROJECT_DEMO_EXPANSION,SYNTHETIC_DEMO
LOC00228,LOCATION,Noida Industrial Location 0228,PROJECT_DEMO_EXPANSION,SYNTHETIC_DEMO
LOC00229,LOCATION,Gurugram Industrial Location 0229,PROJECT_DEMO_EXPANSION,SYNTHETIC_DEMO
LOC00230,LOCATION,Chennai Industrial Location 0230,PROJECT_DEMO_EXPANSION,SYNTHETIC_DEMO
LOC00231,LOCATION,Hyderabad Industrial Location 0231,PROJECT_DEMO_EXPANSION,SYNTHETIC_DEMO
LOC00232,LOCATION,Pune Industrial Location 0232,PROJECT_DEMO_EXPANSION,SYNTHETIC_DEMO
LOC00233,LOCATION,Dhaka Industrial Location 0233,PROJECT_DEMO_EXPANSION,SYNTHETIC_DEMO
LOC00234,LOCATION,Ho Chi Minh City Industrial Location 0234,PROJECT_DEMO_EXPANSION,SYNTHETIC_DEMO
LOC00235,LOCATION,Shenzhen Industrial Location 0235,PROJECT_DEMO_EXPANSION,SYNTHETIC_DEMO
LOC00236,LOCATION,Hsinchu Industrial Location 0236,PROJECT_DEMO_EXPANSION,SYNTHETIC_DEMO
LOC00237,LOCATION,Tokyo Industrial Location 0237,PROJECT_DEMO_EXPANSION,SYNTHETIC_DEMO
LOC00238,LOCATION,Munich Industrial Location 0238,PROJECT_DEMO_EXPANSION,SYNTHETIC_DEMO
LOC00239,LOCATION,Austin Industrial Location 0239,PROJECT_DEMO_EXPANSION,SYNTHETIC_DEMO
LOC00240,LOCATION,Monterrey Industrial Location 0240,PROJECT_DEMO_EXPANSION,SYNTHETIC_DEMO
LOC00241,LOCATION,Mumbai Industrial Location 0241,PROJECT_DEMO_EXPANSION,SYNTHETIC_DEMO
LOC00242,LOCATION,Bengaluru Industrial Location 0242,PROJECT_DEMO_EXPANSION,SYNTHETIC_DEMO
LOC00243,LOCATION,Noida Industrial Location 0243,PROJECT_DEMO_EXPANSION,SYNTHETIC_DEMO
LOC00244,LOCATION,Gurugram Industrial Location 0244,PROJECT_DEMO_EXPANSION,SYNTHETIC_DEMO
LOC00245,LOCATION,Chennai Industrial Location 0245,PROJECT_DEMO_EXPANSION,SYNTHETIC_DEMO
LOC00246,LOCATION,Hyderabad Industrial Location 0246,PROJECT_DEMO_EXPANSION,SYNTHETIC_DEMO
LOC00247,LOCATION,Pune Industrial Location 0247,PROJECT_DEMO_EXPANSION,SYNTHETIC_DEMO
LOC00248,LOCATION,Dhaka Industrial Location 0248,PROJECT_DEMO_EXPANSION,SYNTHETIC_DEMO
LOC00249,LOCATION,Ho Chi Minh City Industrial Location 0249,PROJECT_DEMO_EXPANSION,SYNTHETIC_DEMO
LOC00250,LOCATION,Shenzhen Industrial Location 0250,PROJECT_DEMO_EXPANSION,SYNTHETIC_DEMO
LOC00251,LOCATION,Hsinchu Industrial Location 0251,PROJECT_DEMO_EXPANSION,SYNTHETIC_DEMO
LOC00252,LOCATION,Tokyo Industrial Location 0252,PROJECT_DEMO_EXPANSION,SYNTHETIC_DEMO
LOC00253,LOCATION,Munich Industrial Location 0253,PROJECT_DEMO_EXPANSION,SYNTHETIC_DEMO
LOC00254,LOCATION,Austin Industrial Location 0254,PROJECT_DEMO_EXPANSION,SYNTHETIC_DEMO
LOC00255,LOCATION,Monterrey Industrial Location 0255,PROJECT_DEMO_EXPANSION,SYNTHETIC_DEMO
LOC00256,LOCATION,Mumbai Industrial Location 0256,PROJECT_DEMO_EXPANSION,SYNTHETIC_DEMO
LOC00257,LOCATION,Bengaluru Industrial Location 0257,PROJECT_DEMO_EXPANSION,SYNTHETIC_DEMO
LOC00258,LOCATION,Noida Industrial Location 0258,PROJECT_DEMO_EXPANSION,SYNTHETIC_DEMO
LOC00259,LOCATION,Gurugram Industrial Location 0259,PROJECT_DEMO_EXPANSION,SYNTHETIC_DEMO
LOC00260,LOCATION,Chennai Industrial Location 0260,PROJECT_DEMO_EXPANSION,SYNTHETIC_DEMO
LOC00261,LOCATION,Hyderabad Industrial Location 0261,PROJECT_DEMO_EXPANSION,SYNTHETIC_DEMO
LOC00262,LOCATION,Pune Industrial Location 0262,PROJECT_DEMO_EXPANSION,SYNTHETIC_DEMO
LOC00263,LOCATION,Dhaka Industrial Location 0263,PROJECT_DEMO_EXPANSION,SYNTHETIC_DEMO
LOC00264,LOCATION,Ho Chi Minh City Industrial Location 0264,PROJECT_DEMO_EXPANSION,SYNTHETIC_DEMO
LOC00265,LOCATION,Shenzhen Industrial Location 0265,PROJECT_DEMO_EXPANSION,SYNTHETIC_DEMO
LOC00266,LOCATION,Hsinchu Industrial Location 0266,PROJECT_DEMO_EXPANSION,SYNTHETIC_DEMO
LOC00267,LOCATION,Tokyo Industrial Location 0267,PROJECT_DEMO_EXPANSION,SYNTHETIC_DEMO
LOC00268,LOCATION,Munich Industrial Location 0268,PROJECT_DEMO_EXPANSION,SYNTHETIC_DEMO
LOC00269,LOCATION,Austin Industrial Location 0269,PROJECT_DEMO_EXPANSION,SYNTHETIC_DEMO
LOC00270,LOCATION,Monterrey Industrial Location 0270,PROJECT_DEMO_EXPANSION,SYNTHETIC_DEMO
LOC00271,LOCATION,Mumbai Industrial Location 0271,PROJECT_DEMO_EXPANSION,SYNTHETIC_DEMO
LOC00272,LOCATION,Bengaluru Industrial Location 0272,PROJECT_DEMO_EXPANSION,SYNTHETIC_DEMO
LOC00273,LOCATION,Noida Industrial Location 0273,PROJECT_DEMO_EXPANSION,SYNTHETIC_DEMO
LOC00274,LOCATION,Gurugram Industrial Location 0274,PROJECT_DEMO_EXPANSION,SYNTHETIC_DEMO
LOC00275,LOCATION,Chennai Industrial Location 0275,PROJECT_DEMO_EXPANSION,SYNTHETIC_DEMO
LOC00276,LOCATION,Hyderabad Industrial Location 0276,PROJECT_DEMO_EXPANSION,SYNTHETIC_DEMO
LOC00277,LOCATION,Pune Industrial Location 0277,PROJECT_DEMO_EXPANSION,SYNTHETIC_DEMO
LOC00278,LOCATION,Dhaka Industrial Location 0278,PROJECT_DEMO_EXPANSION,SYNTHETIC_DEMO
LOC00279,LOCATION,Ho Chi Minh City Industrial Location 0279,PROJECT_DEMO_EXPANSION,SYNTHETIC_DEMO
LOC00280,LOCATION,Shenzhen Industrial Location 0280,PROJECT_DEMO_EXPANSION,SYNTHETIC_DEMO
LOC00281,LOCATION,Hsinchu Industrial Location 0281,PROJECT_DEMO_EXPANSION,SYNTHETIC_DEMO
LOC00282,LOCATION,Tokyo Industrial Location 0282,PROJECT_DEMO_EXPANSION,SYNTHETIC_DEMO
LOC00283,LOCATION,Munich Industrial Location 0283,PROJECT_DEMO_EXPANSION,SYNTHETIC_DEMO
LOC00284,LOCATION,Austin Industrial Location 0284,PROJECT_DEMO_EXPANSION,SYNTHETIC_DEMO
LOC00285,LOCATION,Monterrey Industrial Location 0285,PROJECT_DEMO_EXPANSION,SYNTHETIC_DEMO
LOC00286,LOCATION,Mumbai Industrial Location 0286,PROJECT_DEMO_EXPANSION,SYNTHETIC_DEMO
LOC00287,LOCATION,Bengaluru Industrial Location 0287,PROJECT_DEMO_EXPANSION,SYNTHETIC_DEMO
LOC00288,LOCATION,Noida Industrial Location 0288,PROJECT_DEMO_EXPANSION,SYNTHETIC_DEMO
LOC00289,LOCATION,Gurugram Industrial Location 0289,PROJECT_DEMO_EXPANSION,SYNTHETIC_DEMO
LOC00290,LOCATION,Chennai Industrial Location 0290,PROJECT_DEMO_EXPANSION,SYNTHETIC_DEMO
LOC00291,LOCATION,Hyderabad Industrial Location 0291,PROJECT_DEMO_EXPANSION,SYNTHETIC_DEMO
LOC00292,LOCATION,Pune Industrial Location 0292,PROJECT_DEMO_EXPANSION,SYNTHETIC_DEMO
LOC00293,LOCATION,Dhaka Industrial Location 0293,PROJECT_DEMO_EXPANSION,SYNTHETIC_DEMO
LOC00294,LOCATION,Ho Chi Minh City Industrial Location 0294,PROJECT_DEMO_EXPANSION,SYNTHETIC_DEMO
LOC00295,LOCATION,Shenzhen Industrial Location 0295,PROJECT_DEMO_EXPANSION,SYNTHETIC_DEMO
LOC00296,LOCATION,Hsinchu Industrial Location 0296,PROJECT_DEMO_EXPANSION,SYNTHETIC_DEMO
LOC00297,LOCATION,Tokyo Industrial Location 0297,PROJECT_DEMO_EXPANSION,SYNTHETIC_DEMO
LOC00298,LOCATION,Munich Industrial Location 0298,PROJECT_DEMO_EXPANSION,SYNTHETIC_DEMO
LOC00299,LOCATION,Austin Industrial Location 0299,PROJECT_DEMO_EXPANSION,SYNTHETIC_DEMO
LOC00300,LOCATION,Monterrey Industrial Location 0300,PROJECT_DEMO_EXPANSION,SYNTHETIC_DEMO
LOC00301,LOCATION,Mumbai Industrial Location 0301,PROJECT_DEMO_EXPANSION,SYNTHETIC_DEMO
LOC00302,LOCATION,Bengaluru Industrial Location 0302,PROJECT_DEMO_EXPANSION,SYNTHETIC_DEMO
LOC00303,LOCATION,Noida Industrial Location 0303,PROJECT_DEMO_EXPANSION,SYNTHETIC_DEMO
LOC00304,LOCATION,Gurugram Industrial Location 0304,PROJECT_DEMO_EXPANSION,SYNTHETIC_DEMO
LOC00305,LOCATION,Chennai Industrial Location 0305,PROJECT_DEMO_EXPANSION,SYNTHETIC_DEMO
LOC00306,LOCATION,Hyderabad Industrial Location 0306,PROJECT_DEMO_EXPANSION,SYNTHETIC_DEMO
LOC00307,LOCATION,Pune Industrial Location 0307,PROJECT_DEMO_EXPANSION,SYNTHETIC_DEMO
LOC00308,LOCATION,Dhaka Industrial Location 0308,PROJECT_DEMO_EXPANSION,SYNTHETIC_DEMO
LOC00309,LOCATION,Ho Chi Minh City Industrial Location 0309,PROJECT_DEMO_EXPANSION,SYNTHETIC_DEMO
LOC00310,LOCATION,Shenzhen Industrial Location 0310,PROJECT_DEMO_EXPANSION,SYNTHETIC_DEMO
LOC00311,LOCATION,Hsinchu Industrial Location 0311,PROJECT_DEMO_EXPANSION,SYNTHETIC_DEMO
LOC00312,LOCATION,Tokyo Industrial Location 0312,PROJECT_DEMO_EXPANSION,SYNTHETIC_DEMO
LOC00313,LOCATION,Munich Industrial Location 0313,PROJECT_DEMO_EXPANSION,SYNTHETIC_DEMO
LOC00314,LOCATION,Austin Industrial Location 0314,PROJECT_DEMO_EXPANSION,SYNTHETIC_DEMO
LOC00315,LOCATION,Monterrey Industrial Location 0315,PROJECT_DEMO_EXPANSION,SYNTHETIC_DEMO
LOC00316,LOCATION,Mumbai Industrial Location 0316,PROJECT_DEMO_EXPANSION,SYNTHETIC_DEMO
LOC00317,LOCATION,Bengaluru Industrial Location 0317,PROJECT_DEMO_EXPANSION,SYNTHETIC_DEMO
LOC00318,LOCATION,Noida Industrial Location 0318,PROJECT_DEMO_EXPANSION,SYNTHETIC_DEMO
LOC00319,LOCATION,Gurugram Industrial Location 0319,PROJECT_DEMO_EXPANSION,SYNTHETIC_DEMO
LOC00320,LOCATION,Chennai Industrial Location 0320,PROJECT_DEMO_EXPANSION,SYNTHETIC_DEMO
LOC00321,LOCATION,Hyderabad Industrial Location 0321,PROJECT_DEMO_EXPANSION,SYNTHETIC_DEMO
LOC00322,LOCATION,Pune Industrial Location 0322,PROJECT_DEMO_EXPANSION,SYNTHETIC_DEMO
LOC00323,LOCATION,Dhaka Industrial Location 0323,PROJECT_DEMO_EXPANSION,SYNTHETIC_DEMO
LOC00324,LOCATION,Ho Chi Minh City Industrial Location 0324,PROJECT_DEMO_EXPANSION,SYNTHETIC_DEMO
LOC00325,LOCATION,Shenzhen Industrial Location 0325,PROJECT_DEMO_EXPANSION,SYNTHETIC_DEMO
LOC00326,LOCATION,Hsinchu Industrial Location 0326,PROJECT_DEMO_EXPANSION,SYNTHETIC_DEMO
LOC00327,LOCATION,Tokyo Industrial Location 0327,PROJECT_DEMO_EXPANSION,SYNTHETIC_DEMO
LOC00328,LOCATION,Munich Industrial Location 0328,PROJECT_DEMO_EXPANSION,SYNTHETIC_DEMO
LOC00329,LOCATION,Austin Industrial Location 0329,PROJECT_DEMO_EXPANSION,SYNTHETIC_DEMO
LOC00330,LOCATION,Monterrey Industrial Location 0330,PROJECT_DEMO_EXPANSION,SYNTHETIC_DEMO
LOC00331,LOCATION,Mumbai Industrial Location 0331,PROJECT_DEMO_EXPANSION,SYNTHETIC_DEMO
LOC00332,LOCATION,Bengaluru Industrial Location 0332,PROJECT_DEMO_EXPANSION,SYNTHETIC_DEMO
LOC00333,LOCATION,Noida Industrial Location 0333,PROJECT_DEMO_EXPANSION,SYNTHETIC_DEMO
LOC00334,LOCATION,Gurugram Industrial Location 0334,PROJECT_DEMO_EXPANSION,SYNTHETIC_DEMO
LOC00335,LOCATION,Chennai Industrial Location 0335,PROJECT_DEMO_EXPANSION,SYNTHETIC_DEMO
LOC00336,LOCATION,Hyderabad Industrial Location 0336,PROJECT_DEMO_EXPANSION,SYNTHETIC_DEMO
LOC00337,LOCATION,Pune Industrial Location 0337,PROJECT_DEMO_EXPANSION,SYNTHETIC_DEMO
LOC00338,LOCATION,Dhaka Industrial Location 0338,PROJECT_DEMO_EXPANSION,SYNTHETIC_DEMO
LOC00339,LOCATION,Ho Chi Minh City Industrial Location 0339,PROJECT_DEMO_EXPANSION,SYNTHETIC_DEMO
LOC00340,LOCATION,Shenzhen Industrial Location 0340,PROJECT_DEMO_EXPANSION,SYNTHETIC_DEMO
LOC00341,LOCATION,Hsinchu Industrial Location 0341,PROJECT_DEMO_EXPANSION,SYNTHETIC_DEMO
LOC00342,LOCATION,Tokyo Industrial Location 0342,PROJECT_DEMO_EXPANSION,SYNTHETIC_DEMO
LOC00343,LOCATION,Munich Industrial Location 0343,PROJECT_DEMO_EXPANSION,SYNTHETIC_DEMO
LOC00344,LOCATION,Austin Industrial Location 0344,PROJECT_DEMO_EXPANSION,SYNTHETIC_DEMO
LOC00345,LOCATION,Monterrey Industrial Location 0345,PROJECT_DEMO_EXPANSION,SYNTHETIC_DEMO
LOC00346,LOCATION,Mumbai Industrial Location 0346,PROJECT_DEMO_EXPANSION,SYNTHETIC_DEMO
LOC00347,LOCATION,Bengaluru Industrial Location 0347,PROJECT_DEMO_EXPANSION,SYNTHETIC_DEMO
LOC00348,LOCATION,Noida Industrial Location 0348,PROJECT_DEMO_EXPANSION,SYNTHETIC_DEMO
LOC00349,LOCATION,Gurugram Industrial Location 0349,PROJECT_DEMO_EXPANSION,SYNTHETIC_DEMO
LOC00350,LOCATION,Chennai Industrial Location 0350,PROJECT_DEMO_EXPANSION,SYNTHETIC_DEMO
LOC00351,LOCATION,Hyderabad Industrial Location 0351,PROJECT_DEMO_EXPANSION,SYNTHETIC_DEMO
LOC00352,LOCATION,Pune Industrial Location 0352,PROJECT_DEMO_EXPANSION,SYNTHETIC_DEMO
LOC00353,LOCATION,Dhaka Industrial Location 0353,PROJECT_DEMO_EXPANSION,SYNTHETIC_DEMO
LOC00354,LOCATION,Ho Chi Minh City Industrial Location 0354,PROJECT_DEMO_EXPANSION,SYNTHETIC_DEMO
LOC00355,LOCATION,Shenzhen Industrial Location 0355,PROJECT_DEMO_EXPANSION,SYNTHETIC_DEMO
LOC00356,LOCATION,Hsinchu Industrial Location 0356,PROJECT_DEMO_EXPANSION,SYNTHETIC_DEMO
LOC00357,LOCATION,Tokyo Industrial Location 0357,PROJECT_DEMO_EXPANSION,SYNTHETIC_DEMO
LOC00358,LOCATION,Munich Industrial Location 0358,PROJECT_DEMO_EXPANSION,SYNTHETIC_DEMO
LOC00359,LOCATION,Austin Industrial Location 0359,PROJECT_DEMO_EXPANSION,SYNTHETIC_DEMO
LOC00360,LOCATION,Monterrey Industrial Location 0360,PROJECT_DEMO_EXPANSION,SYNTHETIC_DEMO
LOC00361,LOCATION,Mumbai Industrial Location 0361,PROJECT_DEMO_EXPANSION,SYNTHETIC_DEMO
LOC00362,LOCATION,Bengaluru Industrial Location 0362,PROJECT_DEMO_EXPANSION,SYNTHETIC_DEMO
LOC00363,LOCATION,Noida Industrial Location 0363,PROJECT_DEMO_EXPANSION,SYNTHETIC_DEMO
LOC00364,LOCATION,Gurugram Industrial Location 0364,PROJECT_DEMO_EXPANSION,SYNTHETIC_DEMO
LOC00365,LOCATION,Chennai Industrial Location 0365,PROJECT_DEMO_EXPANSION,SYNTHETIC_DEMO
LOC00366,LOCATION,Hyderabad Industrial Location 0366,PROJECT_DEMO_EXPANSION,SYNTHETIC_DEMO
LOC00367,LOCATION,Pune Industrial Location 0367,PROJECT_DEMO_EXPANSION,SYNTHETIC_DEMO
LOC00368,LOCATION,Dhaka Industrial Location 0368,PROJECT_DEMO_EXPANSION,SYNTHETIC_DEMO
LOC00369,LOCATION,Ho Chi Minh City Industrial Location 0369,PROJECT_DEMO_EXPANSION,SYNTHETIC_DEMO
LOC00370,LOCATION,Shenzhen Industrial Location 0370,PROJECT_DEMO_EXPANSION,SYNTHETIC_DEMO
LOC00371,LOCATION,Hsinchu Industrial Location 0371,PROJECT_DEMO_EXPANSION,SYNTHETIC_DEMO
LOC00372,LOCATION,Tokyo Industrial Location 0372,PROJECT_DEMO_EXPANSION,SYNTHETIC_DEMO
LOC00373,LOCATION,Munich Industrial Location 0373,PROJECT_DEMO_EXPANSION,SYNTHETIC_DEMO
LOC00374,LOCATION,Austin Industrial Location 0374,PROJECT_DEMO_EXPANSION,SYNTHETIC_DEMO
LOC00375,LOCATION,Monterrey Industrial Location 0375,PROJECT_DEMO_EXPANSION,SYNTHETIC_DEMO
LOC00376,LOCATION,Mumbai Industrial Location 0376,PROJECT_DEMO_EXPANSION,SYNTHETIC_DEMO
LOC00377,LOCATION,Bengaluru Industrial Location 0377,PROJECT_DEMO_EXPANSION,SYNTHETIC_DEMO
LOC00378,LOCATION,Noida Industrial Location 0378,PROJECT_DEMO_EXPANSION,SYNTHETIC_DEMO
LOC00379,LOCATION,Gurugram Industrial Location 0379,PROJECT_DEMO_EXPANSION,SYNTHETIC_DEMO
LOC00380,LOCATION,Chennai Industrial Location 0380,PROJECT_DEMO_EXPANSION,SYNTHETIC_DEMO
LOC00381,LOCATION,Hyderabad Industrial Location 0381,PROJECT_DEMO_EXPANSION,SYNTHETIC_DEMO
LOC00382,LOCATION,Pune Industrial Location 0382,PROJECT_DEMO_EXPANSION,SYNTHETIC_DEMO
LOC00383,LOCATION,Dhaka Industrial Location 0383,PROJECT_DEMO_EXPANSION,SYNTHETIC_DEMO
LOC00384,LOCATION,Ho Chi Minh City Industrial Location 0384,PROJECT_DEMO_EXPANSION,SYNTHETIC_DEMO
LOC00385,LOCATION,Shenzhen Industrial Location 0385,PROJECT_DEMO_EXPANSION,SYNTHETIC_DEMO
LOC00386,LOCATION,Hsinchu Industrial Location 0386,PROJECT_DEMO_EXPANSION,SYNTHETIC_DEMO
LOC00387,LOCATION,Tokyo Industrial Location 0387,PROJECT_DEMO_EXPANSION,SYNTHETIC_DEMO
LOC00388,LOCATION,Munich Industrial Location 0388,PROJECT_DEMO_EXPANSION,SYNTHETIC_DEMO
LOC00389,LOCATION,Austin Industrial Location 0389,PROJECT_DEMO_EXPANSION,SYNTHETIC_DEMO
LOC00390,LOCATION,Monterrey Industrial Location 0390,PROJECT_DEMO_EXPANSION,SYNTHETIC_DEMO
LOC00391,LOCATION,Mumbai Industrial Location 0391,PROJECT_DEMO_EXPANSION,SYNTHETIC_DEMO
LOC00392,LOCATION,Bengaluru Industrial Location 0392,PROJECT_DEMO_EXPANSION,SYNTHETIC_DEMO
LOC00393,LOCATION,Noida Industrial Location 0393,PROJECT_DEMO_EXPANSION,SYNTHETIC_DEMO
LOC00394,LOCATION,Gurugram Industrial Location 0394,PROJECT_DEMO_EXPANSION,SYNTHETIC_DEMO
LOC00395,LOCATION,Chennai Industrial Location 0395,PROJECT_DEMO_EXPANSION,SYNTHETIC_DEMO
LOC00396,LOCATION,Hyderabad Industrial Location 0396,PROJECT_DEMO_EXPANSION,SYNTHETIC_DEMO
LOC00397,LOCATION,Pune Industrial Location 0397,PROJECT_DEMO_EXPANSION,SYNTHETIC_DEMO
LOC00398,LOCATION,Dhaka Industrial Location 0398,PROJECT_DEMO_EXPANSION,SYNTHETIC_DEMO
LOC00399,LOCATION,Ho Chi Minh City Industrial Location 0399,PROJECT_DEMO_EXPANSION,SYNTHETIC_DEMO
LOC00400,LOCATION,Shenzhen Industrial Location 0400,PROJECT_DEMO_EXPANSION,SYNTHETIC_DEMO
LOC00401,LOCATION,Hsinchu Industrial Location 0401,PROJECT_DEMO_EXPANSION,SYNTHETIC_DEMO
LOC00402,LOCATION,Tokyo Industrial Location 0402,PROJECT_DEMO_EXPANSION,SYNTHETIC_DEMO
LOC00403,LOCATION,Munich Industrial Location 0403,PROJECT_DEMO_EXPANSION,SYNTHETIC_DEMO
LOC00404,LOCATION,Austin Industrial Location 0404,PROJECT_DEMO_EXPANSION,SYNTHETIC_DEMO
LOC00405,LOCATION,Monterrey Industrial Location 0405,PROJECT_DEMO_EXPANSION,SYNTHETIC_DEMO
LOC00406,LOCATION,Mumbai Industrial Location 0406,PROJECT_DEMO_EXPANSION,SYNTHETIC_DEMO
LOC00407,LOCATION,Bengaluru Industrial Location 0407,PROJECT_DEMO_EXPANSION,SYNTHETIC_DEMO
LOC00408,LOCATION,Noida Industrial Location 0408,PROJECT_DEMO_EXPANSION,SYNTHETIC_DEMO
LOC00409,LOCATION,Gurugram Industrial Location 0409,PROJECT_DEMO_EXPANSION,SYNTHETIC_DEMO
LOC00410,LOCATION,Chennai Industrial Location 0410,PROJECT_DEMO_EXPANSION,SYNTHETIC_DEMO
LOC00411,LOCATION,Hyderabad Industrial Location 0411,PROJECT_DEMO_EXPANSION,SYNTHETIC_DEMO
LOC00412,LOCATION,Pune Industrial Location 0412,PROJECT_DEMO_EXPANSION,SYNTHETIC_DEMO
LOC00413,LOCATION,Dhaka Industrial Location 0413,PROJECT_DEMO_EXPANSION,SYNTHETIC_DEMO
LOC00414,LOCATION,Ho Chi Minh City Industrial Location 0414,PROJECT_DEMO_EXPANSION,SYNTHETIC_DEMO
LOC00415,LOCATION,Shenzhen Industrial Location 0415,PROJECT_DEMO_EXPANSION,SYNTHETIC_DEMO
LOC00416,LOCATION,Hsinchu Industrial Location 0416,PROJECT_DEMO_EXPANSION,SYNTHETIC_DEMO
LOC00417,LOCATION,Tokyo Industrial Location 0417,PROJECT_DEMO_EXPANSION,SYNTHETIC_DEMO
LOC00418,LOCATION,Munich Industrial Location 0418,PROJECT_DEMO_EXPANSION,SYNTHETIC_DEMO
LOC00419,LOCATION,Austin Industrial Location 0419,PROJECT_DEMO_EXPANSION,SYNTHETIC_DEMO
LOC00420,LOCATION,Monterrey Industrial Location 0420,PROJECT_DEMO_EXPANSION,SYNTHETIC_DEMO
LOC00421,LOCATION,Mumbai Industrial Location 0421,PROJECT_DEMO_EXPANSION,SYNTHETIC_DEMO
LOC00422,LOCATION,Bengaluru Industrial Location 0422,PROJECT_DEMO_EXPANSION,SYNTHETIC_DEMO
LOC00423,LOCATION,Noida Industrial Location 0423,PROJECT_DEMO_EXPANSION,SYNTHETIC_DEMO
LOC00424,LOCATION,Gurugram Industrial Location 0424,PROJECT_DEMO_EXPANSION,SYNTHETIC_DEMO
LOC00425,LOCATION,Chennai Industrial Location 0425,PROJECT_DEMO_EXPANSION,SYNTHETIC_DEMO
LOC00426,LOCATION,Hyderabad Industrial Location 0426,PROJECT_DEMO_EXPANSION,SYNTHETIC_DEMO
LOC00427,LOCATION,Pune Industrial Location 0427,PROJECT_DEMO_EXPANSION,SYNTHETIC_DEMO
LOC00428,LOCATION,Dhaka Industrial Location 0428,PROJECT_DEMO_EXPANSION,SYNTHETIC_DEMO
LOC00429,LOCATION,Ho Chi Minh City Industrial Location 0429,PROJECT_DEMO_EXPANSION,SYNTHETIC_DEMO
LOC00430,LOCATION,Shenzhen Industrial Location 0430,PROJECT_DEMO_EXPANSION,SYNTHETIC_DEMO
LOC00431,LOCATION,Hsinchu Industrial Location 0431,PROJECT_DEMO_EXPANSION,SYNTHETIC_DEMO
LOC00432,LOCATION,Tokyo Industrial Location 0432,PROJECT_DEMO_EXPANSION,SYNTHETIC_DEMO
LOC00433,LOCATION,Munich Industrial Location 0433,PROJECT_DEMO_EXPANSION,SYNTHETIC_DEMO
LOC00434,LOCATION,Austin Industrial Location 0434,PROJECT_DEMO_EXPANSION,SYNTHETIC_DEMO
LOC00435,LOCATION,Monterrey Industrial Location 0435,PROJECT_DEMO_EXPANSION,SYNTHETIC_DEMO
LOC00436,LOCATION,Mumbai Industrial Location 0436,PROJECT_DEMO_EXPANSION,SYNTHETIC_DEMO
LOC00437,LOCATION,Bengaluru Industrial Location 0437,PROJECT_DEMO_EXPANSION,SYNTHETIC_DEMO
LOC00438,LOCATION,Noida Industrial Location 0438,PROJECT_DEMO_EXPANSION,SYNTHETIC_DEMO
LOC00439,LOCATION,Gurugram Industrial Location 0439,PROJECT_DEMO_EXPANSION,SYNTHETIC_DEMO
LOC00440,LOCATION,Chennai Industrial Location 0440,PROJECT_DEMO_EXPANSION,SYNTHETIC_DEMO
LOC00441,LOCATION,Hyderabad Industrial Location 0441,PROJECT_DEMO_EXPANSION,SYNTHETIC_DEMO
LOC00442,LOCATION,Pune Industrial Location 0442,PROJECT_DEMO_EXPANSION,SYNTHETIC_DEMO
LOC00443,LOCATION,Dhaka Industrial Location 0443,PROJECT_DEMO_EXPANSION,SYNTHETIC_DEMO
LOC00444,LOCATION,Ho Chi Minh City Industrial Location 0444,PROJECT_DEMO_EXPANSION,SYNTHETIC_DEMO
LOC00445,LOCATION,Shenzhen Industrial Location 0445,PROJECT_DEMO_EXPANSION,SYNTHETIC_DEMO
LOC00446,LOCATION,Hsinchu Industrial Location 0446,PROJECT_DEMO_EXPANSION,SYNTHETIC_DEMO
LOC00447,LOCATION,Tokyo Industrial Location 0447,PROJECT_DEMO_EXPANSION,SYNTHETIC_DEMO
LOC00448,LOCATION,Munich Industrial Location 0448,PROJECT_DEMO_EXPANSION,SYNTHETIC_DEMO
LOC00449,LOCATION,Austin Industrial Location 0449,PROJECT_DEMO_EXPANSION,SYNTHETIC_DEMO
LOC00450,LOCATION,Monterrey Industrial Location 0450,PROJECT_DEMO_EXPANSION,SYNTHETIC_DEMO
LOC00451,LOCATION,Mumbai Industrial Location 0451,PROJECT_DEMO_EXPANSION,SYNTHETIC_DEMO
LOC00452,LOCATION,Bengaluru Industrial Location 0452,PROJECT_DEMO_EXPANSION,SYNTHETIC_DEMO
LOC00453,LOCATION,Noida Industrial Location 0453,PROJECT_DEMO_EXPANSION,SYNTHETIC_DEMO
LOC00454,LOCATION,Gurugram Industrial Location 0454,PROJECT_DEMO_EXPANSION,SYNTHETIC_DEMO
LOC00455,LOCATION,Chennai Industrial Location 0455,PROJECT_DEMO_EXPANSION,SYNTHETIC_DEMO
LOC00456,LOCATION,Hyderabad Industrial Location 0456,PROJECT_DEMO_EXPANSION,SYNTHETIC_DEMO
LOC00457,LOCATION,Pune Industrial Location 0457,PROJECT_DEMO_EXPANSION,SYNTHETIC_DEMO
LOC00458,LOCATION,Dhaka Industrial Location 0458,PROJECT_DEMO_EXPANSION,SYNTHETIC_DEMO
LOC00459,LOCATION,Ho Chi Minh City Industrial Location 0459,PROJECT_DEMO_EXPANSION,SYNTHETIC_DEMO
LOC00460,LOCATION,Shenzhen Industrial Location 0460,PROJECT_DEMO_EXPANSION,SYNTHETIC_DEMO
LOC00461,LOCATION,Hsinchu Industrial Location 0461,PROJECT_DEMO_EXPANSION,SYNTHETIC_DEMO
LOC00462,LOCATION,Tokyo Industrial Location 0462,PROJECT_DEMO_EXPANSION,SYNTHETIC_DEMO
LOC00463,LOCATION,Munich Industrial Location 0463,PROJECT_DEMO_EXPANSION,SYNTHETIC_DEMO
LOC00464,LOCATION,Austin Industrial Location 0464,PROJECT_DEMO_EXPANSION,SYNTHETIC_DEMO
LOC00465,LOCATION,Monterrey Industrial Location 0465,PROJECT_DEMO_EXPANSION,SYNTHETIC_DEMO
LOC00466,LOCATION,Mumbai Industrial Location 0466,PROJECT_DEMO_EXPANSION,SYNTHETIC_DEMO
LOC00467,LOCATION,Bengaluru Industrial Location 0467,PROJECT_DEMO_EXPANSION,SYNTHETIC_DEMO
LOC00468,LOCATION,Noida Industrial Location 0468,PROJECT_DEMO_EXPANSION,SYNTHETIC_DEMO
LOC00469,LOCATION,Gurugram Industrial Location 0469,PROJECT_DEMO_EXPANSION,SYNTHETIC_DEMO
LOC00470,LOCATION,Chennai Industrial Location 0470,PROJECT_DEMO_EXPANSION,SYNTHETIC_DEMO
LOC00471,LOCATION,Hyderabad Industrial Location 0471,PROJECT_DEMO_EXPANSION,SYNTHETIC_DEMO
LOC00472,LOCATION,Pune Industrial Location 0472,PROJECT_DEMO_EXPANSION,SYNTHETIC_DEMO
LOC00473,LOCATION,Dhaka Industrial Location 0473,PROJECT_DEMO_EXPANSION,SYNTHETIC_DEMO
LOC00474,LOCATION,Ho Chi Minh City Industrial Location 0474,PROJECT_DEMO_EXPANSION,SYNTHETIC_DEMO
LOC00475,LOCATION,Shenzhen Industrial Location 0475,PROJECT_DEMO_EXPANSION,SYNTHETIC_DEMO
LOC00476,LOCATION,Hsinchu Industrial Location 0476,PROJECT_DEMO_EXPANSION,SYNTHETIC_DEMO
LOC00477,LOCATION,Tokyo Industrial Location 0477,PROJECT_DEMO_EXPANSION,SYNTHETIC_DEMO
LOC00478,LOCATION,Munich Industrial Location 0478,PROJECT_DEMO_EXPANSION,SYNTHETIC_DEMO
LOC00479,LOCATION,Austin Industrial Location 0479,PROJECT_DEMO_EXPANSION,SYNTHETIC_DEMO
LOC00480,LOCATION,Monterrey Industrial Location 0480,PROJECT_DEMO_EXPANSION,SYNTHETIC_DEMO
LOC00481,LOCATION,Mumbai Industrial Location 0481,PROJECT_DEMO_EXPANSION,SYNTHETIC_DEMO
LOC00482,LOCATION,Bengaluru Industrial Location 0482,PROJECT_DEMO_EXPANSION,SYNTHETIC_DEMO
LOC00483,LOCATION,Noida Industrial Location 0483,PROJECT_DEMO_EXPANSION,SYNTHETIC_DEMO
LOC00484,LOCATION,Gurugram Industrial Location 0484,PROJECT_DEMO_EXPANSION,SYNTHETIC_DEMO
LOC00485,LOCATION,Chennai Industrial Location 0485,PROJECT_DEMO_EXPANSION,SYNTHETIC_DEMO
LOC00486,LOCATION,Hyderabad Industrial Location 0486,PROJECT_DEMO_EXPANSION,SYNTHETIC_DEMO
LOC00487,LOCATION,Pune Industrial Location 0487,PROJECT_DEMO_EXPANSION,SYNTHETIC_DEMO
LOC00488,LOCATION,Dhaka Industrial Location 0488,PROJECT_DEMO_EXPANSION,SYNTHETIC_DEMO
LOC00489,LOCATION,Ho Chi Minh City Industrial Location 0489,PROJECT_DEMO_EXPANSION,SYNTHETIC_DEMO
LOC00490,LOCATION,Shenzhen Industrial Location 0490,PROJECT_DEMO_EXPANSION,SYNTHETIC_DEMO
LOC00491,LOCATION,Hsinchu Industrial Location 0491,PROJECT_DEMO_EXPANSION,SYNTHETIC_DEMO
LOC00492,LOCATION,Tokyo Industrial Location 0492,PROJECT_DEMO_EXPANSION,SYNTHETIC_DEMO
LOC00493,LOCATION,Munich Industrial Location 0493,PROJECT_DEMO_EXPANSION,SYNTHETIC_DEMO
LOC00494,LOCATION,Austin Industrial Location 0494,PROJECT_DEMO_EXPANSION,SYNTHETIC_DEMO
LOC00495,LOCATION,Monterrey Industrial Location 0495,PROJECT_DEMO_EXPANSION,SYNTHETIC_DEMO
LOC00496,LOCATION,Mumbai Industrial Location 0496,PROJECT_DEMO_EXPANSION,SYNTHETIC_DEMO
LOC00497,LOCATION,Bengaluru Industrial Location 0497,PROJECT_DEMO_EXPANSION,SYNTHETIC_DEMO
LOC00498,LOCATION,Noida Industrial Location 0498,PROJECT_DEMO_EXPANSION,SYNTHETIC_DEMO
LOC00499,LOCATION,Gurugram Industrial Location 0499,PROJECT_DEMO_EXPANSION,SYNTHETIC_DEMO
LOC00500,LOCATION,Chennai Industrial Location 0500,PROJECT_DEMO_EXPANSION,SYNTHETIC_DEMO
LOC00501,LOCATION,Hyderabad Industrial Location 0501,PROJECT_DEMO_EXPANSION,SYNTHETIC_DEMO
LOC00502,LOCATION,Pune Industrial Location 0502,PROJECT_DEMO_EXPANSION,SYNTHETIC_DEMO
LOC00503,LOCATION,Dhaka Industrial Location 0503,PROJECT_DEMO_EXPANSION,SYNTHETIC_DEMO
LOC00504,LOCATION,Ho Chi Minh City Industrial Location 0504,PROJECT_DEMO_EXPANSION,SYNTHETIC_DEMO
LOC00505,LOCATION,Shenzhen Industrial Location 0505,PROJECT_DEMO_EXPANSION,SYNTHETIC_DEMO
LOC00506,LOCATION,Hsinchu Industrial Location 0506,PROJECT_DEMO_EXPANSION,SYNTHETIC_DEMO
LOC00507,LOCATION,Tokyo Industrial Location 0507,PROJECT_DEMO_EXPANSION,SYNTHETIC_DEMO
LOC00508,LOCATION,Munich Industrial Location 0508,PROJECT_DEMO_EXPANSION,SYNTHETIC_DEMO
LOC00509,LOCATION,Austin Industrial Location 0509,PROJECT_DEMO_EXPANSION,SYNTHETIC_DEMO
LOC00510,LOCATION,Monterrey Industrial Location 0510,PROJECT_DEMO_EXPANSION,SYNTHETIC_DEMO
LOC00511,LOCATION,Mumbai Industrial Location 0511,PROJECT_DEMO_EXPANSION,SYNTHETIC_DEMO
LOC00512,LOCATION,Bengaluru Industrial Location 0512,PROJECT_DEMO_EXPANSION,SYNTHETIC_DEMO
LOC00513,LOCATION,Noida Industrial Location 0513,PROJECT_DEMO_EXPANSION,SYNTHETIC_DEMO
LOC00514,LOCATION,Gurugram Industrial Location 0514,PROJECT_DEMO_EXPANSION,SYNTHETIC_DEMO
LOC00515,LOCATION,Chennai Industrial Location 0515,PROJECT_DEMO_EXPANSION,SYNTHETIC_DEMO
LOC00516,LOCATION,Hyderabad Industrial Location 0516,PROJECT_DEMO_EXPANSION,SYNTHETIC_DEMO
LOC00517,LOCATION,Pune Industrial Location 0517,PROJECT_DEMO_EXPANSION,SYNTHETIC_DEMO
LOC00518,LOCATION,Dhaka Industrial Location 0518,PROJECT_DEMO_EXPANSION,SYNTHETIC_DEMO
LOC00519,LOCATION,Ho Chi Minh City Industrial Location 0519,PROJECT_DEMO_EXPANSION,SYNTHETIC_DEMO
LOC00520,LOCATION,Shenzhen Industrial Location 0520,PROJECT_DEMO_EXPANSION,SYNTHETIC_DEMO
LOC00521,LOCATION,Hsinchu Industrial Location 0521,PROJECT_DEMO_EXPANSION,SYNTHETIC_DEMO
LOC00522,LOCATION,Tokyo Industrial Location 0522,PROJECT_DEMO_EXPANSION,SYNTHETIC_DEMO
LOC00523,LOCATION,Munich Industrial Location 0523,PROJECT_DEMO_EXPANSION,SYNTHETIC_DEMO
LOC00524,LOCATION,Austin Industrial Location 0524,PROJECT_DEMO_EXPANSION,SYNTHETIC_DEMO
LOC00525,LOCATION,Monterrey Industrial Location 0525,PROJECT_DEMO_EXPANSION,SYNTHETIC_DEMO
LOC00526,LOCATION,Mumbai Industrial Location 0526,PROJECT_DEMO_EXPANSION,SYNTHETIC_DEMO
LOC00527,LOCATION,Bengaluru Industrial Location 0527,PROJECT_DEMO_EXPANSION,SYNTHETIC_DEMO
LOC00528,LOCATION,Noida Industrial Location 0528,PROJECT_DEMO_EXPANSION,SYNTHETIC_DEMO
LOC00529,LOCATION,Gurugram Industrial Location 0529,PROJECT_DEMO_EXPANSION,SYNTHETIC_DEMO
LOC00530,LOCATION,Chennai Industrial Location 0530,PROJECT_DEMO_EXPANSION,SYNTHETIC_DEMO
LOC00531,LOCATION,Hyderabad Industrial Location 0531,PROJECT_DEMO_EXPANSION,SYNTHETIC_DEMO
LOC00532,LOCATION,Pune Industrial Location 0532,PROJECT_DEMO_EXPANSION,SYNTHETIC_DEMO
LOC00533,LOCATION,Dhaka Industrial Location 0533,PROJECT_DEMO_EXPANSION,SYNTHETIC_DEMO
LOC00534,LOCATION,Ho Chi Minh City Industrial Location 0534,PROJECT_DEMO_EXPANSION,SYNTHETIC_DEMO
LOC00535,LOCATION,Shenzhen Industrial Location 0535,PROJECT_DEMO_EXPANSION,SYNTHETIC_DEMO
LOC00536,LOCATION,Hsinchu Industrial Location 0536,PROJECT_DEMO_EXPANSION,SYNTHETIC_DEMO
LOC00537,LOCATION,Tokyo Industrial Location 0537,PROJECT_DEMO_EXPANSION,SYNTHETIC_DEMO
LOC00538,LOCATION,Munich Industrial Location 0538,PROJECT_DEMO_EXPANSION,SYNTHETIC_DEMO
LOC00539,LOCATION,Austin Industrial Location 0539,PROJECT_DEMO_EXPANSION,SYNTHETIC_DEMO
LOC00540,LOCATION,Monterrey Industrial Location 0540,PROJECT_DEMO_EXPANSION,SYNTHETIC_DEMO
LOC00541,LOCATION,Mumbai Industrial Location 0541,PROJECT_DEMO_EXPANSION,SYNTHETIC_DEMO
LOC00542,LOCATION,Bengaluru Industrial Location 0542,PROJECT_DEMO_EXPANSION,SYNTHETIC_DEMO
LOC00543,LOCATION,Noida Industrial Location 0543,PROJECT_DEMO_EXPANSION,SYNTHETIC_DEMO
LOC00544,LOCATION,Gurugram Industrial Location 0544,PROJECT_DEMO_EXPANSION,SYNTHETIC_DEMO
LOC00545,LOCATION,Chennai Industrial Location 0545,PROJECT_DEMO_EXPANSION,SYNTHETIC_DEMO
LOC00546,LOCATION,Hyderabad Industrial Location 0546,PROJECT_DEMO_EXPANSION,SYNTHETIC_DEMO
LOC00547,LOCATION,Pune Industrial Location 0547,PROJECT_DEMO_EXPANSION,SYNTHETIC_DEMO
LOC00548,LOCATION,Dhaka Industrial Location 0548,PROJECT_DEMO_EXPANSION,SYNTHETIC_DEMO
LOC00549,LOCATION,Ho Chi Minh City Industrial Location 0549,PROJECT_DEMO_EXPANSION,SYNTHETIC_DEMO
LOC00550,LOCATION,Shenzhen Industrial Location 0550,PROJECT_DEMO_EXPANSION,SYNTHETIC_DEMO
LOC00551,LOCATION,Hsinchu Industrial Location 0551,PROJECT_DEMO_EXPANSION,SYNTHETIC_DEMO
LOC00552,LOCATION,Tokyo Industrial Location 0552,PROJECT_DEMO_EXPANSION,SYNTHETIC_DEMO
LOC00553,LOCATION,Munich Industrial Location 0553,PROJECT_DEMO_EXPANSION,SYNTHETIC_DEMO
LOC00554,LOCATION,Austin Industrial Location 0554,PROJECT_DEMO_EXPANSION,SYNTHETIC_DEMO
LOC00555,LOCATION,Monterrey Industrial Location 0555,PROJECT_DEMO_EXPANSION,SYNTHETIC_DEMO
LOC00556,LOCATION,Mumbai Industrial Location 0556,PROJECT_DEMO_EXPANSION,SYNTHETIC_DEMO
LOC00557,LOCATION,Bengaluru Industrial Location 0557,PROJECT_DEMO_EXPANSION,SYNTHETIC_DEMO
LOC00558,LOCATION,Noida Industrial Location 0558,PROJECT_DEMO_EXPANSION,SYNTHETIC_DEMO
LOC00559,LOCATION,Gurugram Industrial Location 0559,PROJECT_DEMO_EXPANSION,SYNTHETIC_DEMO
LOC00560,LOCATION,Chennai Industrial Location 0560,PROJECT_DEMO_EXPANSION,SYNTHETIC_DEMO
LOC00561,LOCATION,Hyderabad Industrial Location 0561,PROJECT_DEMO_EXPANSION,SYNTHETIC_DEMO
LOC00562,LOCATION,Pune Industrial Location 0562,PROJECT_DEMO_EXPANSION,SYNTHETIC_DEMO
LOC00563,LOCATION,Dhaka Industrial Location 0563,PROJECT_DEMO_EXPANSION,SYNTHETIC_DEMO
LOC00564,LOCATION,Ho Chi Minh City Industrial Location 0564,PROJECT_DEMO_EXPANSION,SYNTHETIC_DEMO
LOC00565,LOCATION,Shenzhen Industrial Location 0565,PROJECT_DEMO_EXPANSION,SYNTHETIC_DEMO
LOC00566,LOCATION,Hsinchu Industrial Location 0566,PROJECT_DEMO_EXPANSION,SYNTHETIC_DEMO
LOC00567,LOCATION,Tokyo Industrial Location 0567,PROJECT_DEMO_EXPANSION,SYNTHETIC_DEMO
LOC00568,LOCATION,Munich Industrial Location 0568,PROJECT_DEMO_EXPANSION,SYNTHETIC_DEMO
LOC00569,LOCATION,Austin Industrial Location 0569,PROJECT_DEMO_EXPANSION,SYNTHETIC_DEMO
LOC00570,LOCATION,Monterrey Industrial Location 0570,PROJECT_DEMO_EXPANSION,SYNTHETIC_DEMO
LOC00571,LOCATION,Mumbai Industrial Location 0571,PROJECT_DEMO_EXPANSION,SYNTHETIC_DEMO
LOC00572,LOCATION,Bengaluru Industrial Location 0572,PROJECT_DEMO_EXPANSION,SYNTHETIC_DEMO
LOC00573,LOCATION,Noida Industrial Location 0573,PROJECT_DEMO_EXPANSION,SYNTHETIC_DEMO
LOC00574,LOCATION,Gurugram Industrial Location 0574,PROJECT_DEMO_EXPANSION,SYNTHETIC_DEMO
LOC00575,LOCATION,Chennai Industrial Location 0575,PROJECT_DEMO_EXPANSION,SYNTHETIC_DEMO
LOC00576,LOCATION,Hyderabad Industrial Location 0576,PROJECT_DEMO_EXPANSION,SYNTHETIC_DEMO
LOC00577,LOCATION,Pune Industrial Location 0577,PROJECT_DEMO_EXPANSION,SYNTHETIC_DEMO
LOC00578,LOCATION,Dhaka Industrial Location 0578,PROJECT_DEMO_EXPANSION,SYNTHETIC_DEMO
LOC00579,LOCATION,Ho Chi Minh City Industrial Location 0579,PROJECT_DEMO_EXPANSION,SYNTHETIC_DEMO
LOC00580,LOCATION,Shenzhen Industrial Location 0580,PROJECT_DEMO_EXPANSION,SYNTHETIC_DEMO
LOC00581,LOCATION,Hsinchu Industrial Location 0581,PROJECT_DEMO_EXPANSION,SYNTHETIC_DEMO
LOC00582,LOCATION,Tokyo Industrial Location 0582,PROJECT_DEMO_EXPANSION,SYNTHETIC_DEMO
LOC00583,LOCATION,Munich Industrial Location 0583,PROJECT_DEMO_EXPANSION,SYNTHETIC_DEMO
LOC00584,LOCATION,Austin Industrial Location 0584,PROJECT_DEMO_EXPANSION,SYNTHETIC_DEMO
LOC00585,LOCATION,Monterrey Industrial Location 0585,PROJECT_DEMO_EXPANSION,SYNTHETIC_DEMO
LOC00586,LOCATION,Mumbai Industrial Location 0586,PROJECT_DEMO_EXPANSION,SYNTHETIC_DEMO
LOC00587,LOCATION,Bengaluru Industrial Location 0587,PROJECT_DEMO_EXPANSION,SYNTHETIC_DEMO
LOC00588,LOCATION,Noida Industrial Location 0588,PROJECT_DEMO_EXPANSION,SYNTHETIC_DEMO
LOC00589,LOCATION,Gurugram Industrial Location 0589,PROJECT_DEMO_EXPANSION,SYNTHETIC_DEMO
LOC00590,LOCATION,Chennai Industrial Location 0590,PROJECT_DEMO_EXPANSION,SYNTHETIC_DEMO
LOC00591,LOCATION,Hyderabad Industrial Location 0591,PROJECT_DEMO_EXPANSION,SYNTHETIC_DEMO
LOC00592,LOCATION,Pune Industrial Location 0592,PROJECT_DEMO_EXPANSION,SYNTHETIC_DEMO
LOC00593,LOCATION,Dhaka Industrial Location 0593,PROJECT_DEMO_EXPANSION,SYNTHETIC_DEMO
LOC00594,LOCATION,Ho Chi Minh City Industrial Location 0594,PROJECT_DEMO_EXPANSION,SYNTHETIC_DEMO
LOC00595,LOCATION,Shenzhen Industrial Location 0595,PROJECT_DEMO_EXPANSION,SYNTHETIC_DEMO
LOC00596,LOCATION,Hsinchu Industrial Location 0596,PROJECT_DEMO_EXPANSION,SYNTHETIC_DEMO
LOC00597,LOCATION,Tokyo Industrial Location 0597,PROJECT_DEMO_EXPANSION,SYNTHETIC_DEMO
LOC00598,LOCATION,Munich Industrial Location 0598,PROJECT_DEMO_EXPANSION,SYNTHETIC_DEMO
LOC00599,LOCATION,Austin Industrial Location 0599,PROJECT_DEMO_EXPANSION,SYNTHETIC_DEMO
LOC00600,LOCATION,Monterrey Industrial Location 0600,PROJECT_DEMO_EXPANSION,SYNTHETIC_DEMO
LOC00601,LOCATION,Mumbai Industrial Location 0601,PROJECT_DEMO_EXPANSION,SYNTHETIC_DEMO
LOC00602,LOCATION,Bengaluru Industrial Location 0602,PROJECT_DEMO_EXPANSION,SYNTHETIC_DEMO
LOC00603,LOCATION,Noida Industrial Location 0603,PROJECT_DEMO_EXPANSION,SYNTHETIC_DEMO
LOC00604,LOCATION,Gurugram Industrial Location 0604,PROJECT_DEMO_EXPANSION,SYNTHETIC_DEMO
LOC00605,LOCATION,Chennai Industrial Location 0605,PROJECT_DEMO_EXPANSION,SYNTHETIC_DEMO
LOC00606,LOCATION,Hyderabad Industrial Location 0606,PROJECT_DEMO_EXPANSION,SYNTHETIC_DEMO
LOC00607,LOCATION,Pune Industrial Location 0607,PROJECT_DEMO_EXPANSION,SYNTHETIC_DEMO
LOC00608,LOCATION,Dhaka Industrial Location 0608,PROJECT_DEMO_EXPANSION,SYNTHETIC_DEMO
LOC00609,LOCATION,Ho Chi Minh City Industrial Location 0609,PROJECT_DEMO_EXPANSION,SYNTHETIC_DEMO
LOC00610,LOCATION,Shenzhen Industrial Location 0610,PROJECT_DEMO_EXPANSION,SYNTHETIC_DEMO
LOC00611,LOCATION,Hsinchu Industrial Location 0611,PROJECT_DEMO_EXPANSION,SYNTHETIC_DEMO
LOC00612,LOCATION,Tokyo Industrial Location 0612,PROJECT_DEMO_EXPANSION,SYNTHETIC_DEMO
LOC00613,LOCATION,Munich Industrial Location 0613,PROJECT_DEMO_EXPANSION,SYNTHETIC_DEMO
LOC00614,LOCATION,Austin Industrial Location 0614,PROJECT_DEMO_EXPANSION,SYNTHETIC_DEMO
LOC00615,LOCATION,Monterrey Industrial Location 0615,PROJECT_DEMO_EXPANSION,SYNTHETIC_DEMO
LOC00616,LOCATION,Mumbai Industrial Location 0616,PROJECT_DEMO_EXPANSION,SYNTHETIC_DEMO
LOC00617,LOCATION,Bengaluru Industrial Location 0617,PROJECT_DEMO_EXPANSION,SYNTHETIC_DEMO
LOC00618,LOCATION,Noida Industrial Location 0618,PROJECT_DEMO_EXPANSION,SYNTHETIC_DEMO
LOC00619,LOCATION,Gurugram Industrial Location 0619,PROJECT_DEMO_EXPANSION,SYNTHETIC_DEMO
LOC00620,LOCATION,Chennai Industrial Location 0620,PROJECT_DEMO_EXPANSION,SYNTHETIC_DEMO
LOC00621,LOCATION,Hyderabad Industrial Location 0621,PROJECT_DEMO_EXPANSION,SYNTHETIC_DEMO
LOC00622,LOCATION,Pune Industrial Location 0622,PROJECT_DEMO_EXPANSION,SYNTHETIC_DEMO
LOC00623,LOCATION,Dhaka Industrial Location 0623,PROJECT_DEMO_EXPANSION,SYNTHETIC_DEMO
LOC00624,LOCATION,Ho Chi Minh City Industrial Location 0624,PROJECT_DEMO_EXPANSION,SYNTHETIC_DEMO
LOC00625,LOCATION,Shenzhen Industrial Location 0625,PROJECT_DEMO_EXPANSION,SYNTHETIC_DEMO
LOC00626,LOCATION,Hsinchu Industrial Location 0626,PROJECT_DEMO_EXPANSION,SYNTHETIC_DEMO
LOC00627,LOCATION,Tokyo Industrial Location 0627,PROJECT_DEMO_EXPANSION,SYNTHETIC_DEMO
LOC00628,LOCATION,Munich Industrial Location 0628,PROJECT_DEMO_EXPANSION,SYNTHETIC_DEMO
LOC00629,LOCATION,Austin Industrial Location 0629,PROJECT_DEMO_EXPANSION,SYNTHETIC_DEMO
LOC00630,LOCATION,Monterrey Industrial Location 0630,PROJECT_DEMO_EXPANSION,SYNTHETIC_DEMO
LOC00631,LOCATION,Mumbai Industrial Location 0631,PROJECT_DEMO_EXPANSION,SYNTHETIC_DEMO
LOC00632,LOCATION,Bengaluru Industrial Location 0632,PROJECT_DEMO_EXPANSION,SYNTHETIC_DEMO
LOC00633,LOCATION,Noida Industrial Location 0633,PROJECT_DEMO_EXPANSION,SYNTHETIC_DEMO
LOC00634,LOCATION,Gurugram Industrial Location 0634,PROJECT_DEMO_EXPANSION,SYNTHETIC_DEMO
LOC00635,LOCATION,Chennai Industrial Location 0635,PROJECT_DEMO_EXPANSION,SYNTHETIC_DEMO
LOC00636,LOCATION,Hyderabad Industrial Location 0636,PROJECT_DEMO_EXPANSION,SYNTHETIC_DEMO
LOC00637,LOCATION,Pune Industrial Location 0637,PROJECT_DEMO_EXPANSION,SYNTHETIC_DEMO
LOC00638,LOCATION,Dhaka Industrial Location 0638,PROJECT_DEMO_EXPANSION,SYNTHETIC_DEMO
LOC00639,LOCATION,Ho Chi Minh City Industrial Location 0639,PROJECT_DEMO_EXPANSION,SYNTHETIC_DEMO
LOC00640,LOCATION,Shenzhen Industrial Location 0640,PROJECT_DEMO_EXPANSION,SYNTHETIC_DEMO
LOC00641,LOCATION,Hsinchu Industrial Location 0641,PROJECT_DEMO_EXPANSION,SYNTHETIC_DEMO
LOC00642,LOCATION,Tokyo Industrial Location 0642,PROJECT_DEMO_EXPANSION,SYNTHETIC_DEMO
LOC00643,LOCATION,Munich Industrial Location 0643,PROJECT_DEMO_EXPANSION,SYNTHETIC_DEMO
LOC00644,LOCATION,Austin Industrial Location 0644,PROJECT_DEMO_EXPANSION,SYNTHETIC_DEMO
LOC00645,LOCATION,Monterrey Industrial Location 0645,PROJECT_DEMO_EXPANSION,SYNTHETIC_DEMO
LOC00646,LOCATION,Mumbai Industrial Location 0646,PROJECT_DEMO_EXPANSION,SYNTHETIC_DEMO
LOC00647,LOCATION,Bengaluru Industrial Location 0647,PROJECT_DEMO_EXPANSION,SYNTHETIC_DEMO
LOC00648,LOCATION,Noida Industrial Location 0648,PROJECT_DEMO_EXPANSION,SYNTHETIC_DEMO
LOC00649,LOCATION,Gurugram Industrial Location 0649,PROJECT_DEMO_EXPANSION,SYNTHETIC_DEMO
LOC00650,LOCATION,Chennai Industrial Location 0650,PROJECT_DEMO_EXPANSION,SYNTHETIC_DEMO
LOC00651,LOCATION,Hyderabad Industrial Location 0651,PROJECT_DEMO_EXPANSION,SYNTHETIC_DEMO
LOC00652,LOCATION,Pune Industrial Location 0652,PROJECT_DEMO_EXPANSION,SYNTHETIC_DEMO
LOC00653,LOCATION,Dhaka Industrial Location 0653,PROJECT_DEMO_EXPANSION,SYNTHETIC_DEMO
LOC00654,LOCATION,Ho Chi Minh City Industrial Location 0654,PROJECT_DEMO_EXPANSION,SYNTHETIC_DEMO
LOC00655,LOCATION,Shenzhen Industrial Location 0655,PROJECT_DEMO_EXPANSION,SYNTHETIC_DEMO
LOC00656,LOCATION,Hsinchu Industrial Location 0656,PROJECT_DEMO_EXPANSION,SYNTHETIC_DEMO
LOC00657,LOCATION,Tokyo Industrial Location 0657,PROJECT_DEMO_EXPANSION,SYNTHETIC_DEMO
LOC00658,LOCATION,Munich Industrial Location 0658,PROJECT_DEMO_EXPANSION,SYNTHETIC_DEMO
LOC00659,LOCATION,Austin Industrial Location 0659,PROJECT_DEMO_EXPANSION,SYNTHETIC_DEMO
LOC00660,LOCATION,Monterrey Industrial Location 0660,PROJECT_DEMO_EXPANSION,SYNTHETIC_DEMO
LOC00661,LOCATION,Mumbai Industrial Location 0661,PROJECT_DEMO_EXPANSION,SYNTHETIC_DEMO
LOC00662,LOCATION,Bengaluru Industrial Location 0662,PROJECT_DEMO_EXPANSION,SYNTHETIC_DEMO
LOC00663,LOCATION,Noida Industrial Location 0663,PROJECT_DEMO_EXPANSION,SYNTHETIC_DEMO
LOC00664,LOCATION,Gurugram Industrial Location 0664,PROJECT_DEMO_EXPANSION,SYNTHETIC_DEMO
LOC00665,LOCATION,Chennai Industrial Location 0665,PROJECT_DEMO_EXPANSION,SYNTHETIC_DEMO
LOC00666,LOCATION,Hyderabad Industrial Location 0666,PROJECT_DEMO_EXPANSION,SYNTHETIC_DEMO
LOC00667,LOCATION,Pune Industrial Location 0667,PROJECT_DEMO_EXPANSION,SYNTHETIC_DEMO
LOC00668,LOCATION,Dhaka Industrial Location 0668,PROJECT_DEMO_EXPANSION,SYNTHETIC_DEMO
LOC00669,LOCATION,Ho Chi Minh City Industrial Location 0669,PROJECT_DEMO_EXPANSION,SYNTHETIC_DEMO
LOC00670,LOCATION,Shenzhen Industrial Location 0670,PROJECT_DEMO_EXPANSION,SYNTHETIC_DEMO
LOC00671,LOCATION,Hsinchu Industrial Location 0671,PROJECT_DEMO_EXPANSION,SYNTHETIC_DEMO
LOC00672,LOCATION,Tokyo Industrial Location 0672,PROJECT_DEMO_EXPANSION,SYNTHETIC_DEMO
LOC00673,LOCATION,Munich Industrial Location 0673,PROJECT_DEMO_EXPANSION,SYNTHETIC_DEMO
LOC00674,LOCATION,Austin Industrial Location 0674,PROJECT_DEMO_EXPANSION,SYNTHETIC_DEMO
LOC00675,LOCATION,Monterrey Industrial Location 0675,PROJECT_DEMO_EXPANSION,SYNTHETIC_DEMO
LOC00676,LOCATION,Mumbai Industrial Location 0676,PROJECT_DEMO_EXPANSION,SYNTHETIC_DEMO
LOC00677,LOCATION,Bengaluru Industrial Location 0677,PROJECT_DEMO_EXPANSION,SYNTHETIC_DEMO
LOC00678,LOCATION,Noida Industrial Location 0678,PROJECT_DEMO_EXPANSION,SYNTHETIC_DEMO
LOC00679,LOCATION,Gurugram Industrial Location 0679,PROJECT_DEMO_EXPANSION,SYNTHETIC_DEMO
LOC00680,LOCATION,Chennai Industrial Location 0680,PROJECT_DEMO_EXPANSION,SYNTHETIC_DEMO
LOC00681,LOCATION,Hyderabad Industrial Location 0681,PROJECT_DEMO_EXPANSION,SYNTHETIC_DEMO
LOC00682,LOCATION,Pune Industrial Location 0682,PROJECT_DEMO_EXPANSION,SYNTHETIC_DEMO
LOC00683,LOCATION,Dhaka Industrial Location 0683,PROJECT_DEMO_EXPANSION,SYNTHETIC_DEMO
LOC00684,LOCATION,Ho Chi Minh City Industrial Location 0684,PROJECT_DEMO_EXPANSION,SYNTHETIC_DEMO
LOC00685,LOCATION,Shenzhen Industrial Location 0685,PROJECT_DEMO_EXPANSION,SYNTHETIC_DEMO
LOC00686,LOCATION,Hsinchu Industrial Location 0686,PROJECT_DEMO_EXPANSION,SYNTHETIC_DEMO
LOC00687,LOCATION,Tokyo Industrial Location 0687,PROJECT_DEMO_EXPANSION,SYNTHETIC_DEMO
LOC00688,LOCATION,Munich Industrial Location 0688,PROJECT_DEMO_EXPANSION,SYNTHETIC_DEMO
LOC00689,LOCATION,Austin Industrial Location 0689,PROJECT_DEMO_EXPANSION,SYNTHETIC_DEMO
LOC00690,LOCATION,Monterrey Industrial Location 0690,PROJECT_DEMO_EXPANSION,SYNTHETIC_DEMO
LOC00691,LOCATION,Mumbai Industrial Location 0691,PROJECT_DEMO_EXPANSION,SYNTHETIC_DEMO
LOC00692,LOCATION,Bengaluru Industrial Location 0692,PROJECT_DEMO_EXPANSION,SYNTHETIC_DEMO
LOC00693,LOCATION,Noida Industrial Location 0693,PROJECT_DEMO_EXPANSION,SYNTHETIC_DEMO
LOC00694,LOCATION,Gurugram Industrial Location 0694,PROJECT_DEMO_EXPANSION,SYNTHETIC_DEMO
LOC00695,LOCATION,Chennai Industrial Location 0695,PROJECT_DEMO_EXPANSION,SYNTHETIC_DEMO
LOC00696,LOCATION,Hyderabad Industrial Location 0696,PROJECT_DEMO_EXPANSION,SYNTHETIC_DEMO
LOC00697,LOCATION,Pune Industrial Location 0697,PROJECT_DEMO_EXPANSION,SYNTHETIC_DEMO
LOC00698,LOCATION,Dhaka Industrial Location 0698,PROJECT_DEMO_EXPANSION,SYNTHETIC_DEMO
LOC00699,LOCATION,Ho Chi Minh City Industrial Location 0699,PROJECT_DEMO_EXPANSION,SYNTHETIC_DEMO
LOC00700,LOCATION,Shenzhen Industrial Location 0700,PROJECT_DEMO_EXPANSION,SYNTHETIC_DEMO
LOC00701,LOCATION,Hsinchu Industrial Location 0701,PROJECT_DEMO_EXPANSION,SYNTHETIC_DEMO
LOC00702,LOCATION,Tokyo Industrial Location 0702,PROJECT_DEMO_EXPANSION,SYNTHETIC_DEMO
LOC00703,LOCATION,Munich Industrial Location 0703,PROJECT_DEMO_EXPANSION,SYNTHETIC_DEMO
LOC00704,LOCATION,Austin Industrial Location 0704,PROJECT_DEMO_EXPANSION,SYNTHETIC_DEMO
LOC00705,LOCATION,Monterrey Industrial Location 0705,PROJECT_DEMO_EXPANSION,SYNTHETIC_DEMO
LOC00706,LOCATION,Mumbai Industrial Location 0706,PROJECT_DEMO_EXPANSION,SYNTHETIC_DEMO
LOC00707,LOCATION,Bengaluru Industrial Location 0707,PROJECT_DEMO_EXPANSION,SYNTHETIC_DEMO
LOC00708,LOCATION,Noida Industrial Location 0708,PROJECT_DEMO_EXPANSION,SYNTHETIC_DEMO
LOC00709,LOCATION,Gurugram Industrial Location 0709,PROJECT_DEMO_EXPANSION,SYNTHETIC_DEMO
LOC00710,LOCATION,Chennai Industrial Location 0710,PROJECT_DEMO_EXPANSION,SYNTHETIC_DEMO
LOC00711,LOCATION,Hyderabad Industrial Location 0711,PROJECT_DEMO_EXPANSION,SYNTHETIC_DEMO
LOC00712,LOCATION,Pune Industrial Location 0712,PROJECT_DEMO_EXPANSION,SYNTHETIC_DEMO
LOC00713,LOCATION,Dhaka Industrial Location 0713,PROJECT_DEMO_EXPANSION,SYNTHETIC_DEMO
LOC00714,LOCATION,Ho Chi Minh City Industrial Location 0714,PROJECT_DEMO_EXPANSION,SYNTHETIC_DEMO
LOC00715,LOCATION,Shenzhen Industrial Location 0715,PROJECT_DEMO_EXPANSION,SYNTHETIC_DEMO
LOC00716,LOCATION,Hsinchu Industrial Location 0716,PROJECT_DEMO_EXPANSION,SYNTHETIC_DEMO
LOC00717,LOCATION,Tokyo Industrial Location 0717,PROJECT_DEMO_EXPANSION,SYNTHETIC_DEMO
LOC00718,LOCATION,Munich Industrial Location 0718,PROJECT_DEMO_EXPANSION,SYNTHETIC_DEMO
LOC00719,LOCATION,Austin Industrial Location 0719,PROJECT_DEMO_EXPANSION,SYNTHETIC_DEMO
LOC00720,LOCATION,Monterrey Industrial Location 0720,PROJECT_DEMO_EXPANSION,SYNTHETIC_DEMO
LOC00721,LOCATION,Mumbai Industrial Location 0721,PROJECT_DEMO_EXPANSION,SYNTHETIC_DEMO
LOC00722,LOCATION,Bengaluru Industrial Location 0722,PROJECT_DEMO_EXPANSION,SYNTHETIC_DEMO
LOC00723,LOCATION,Noida Industrial Location 0723,PROJECT_DEMO_EXPANSION,SYNTHETIC_DEMO
LOC00724,LOCATION,Gurugram Industrial Location 0724,PROJECT_DEMO_EXPANSION,SYNTHETIC_DEMO
LOC00725,LOCATION,Chennai Industrial Location 0725,PROJECT_DEMO_EXPANSION,SYNTHETIC_DEMO
LOC00726,LOCATION,Hyderabad Industrial Location 0726,PROJECT_DEMO_EXPANSION,SYNTHETIC_DEMO
LOC00727,LOCATION,Pune Industrial Location 0727,PROJECT_DEMO_EXPANSION,SYNTHETIC_DEMO
LOC00728,LOCATION,Dhaka Industrial Location 0728,PROJECT_DEMO_EXPANSION,SYNTHETIC_DEMO
LOC00729,LOCATION,Ho Chi Minh City Industrial Location 0729,PROJECT_DEMO_EXPANSION,SYNTHETIC_DEMO
LOC00730,LOCATION,Shenzhen Industrial Location 0730,PROJECT_DEMO_EXPANSION,SYNTHETIC_DEMO
LOC00731,LOCATION,Hsinchu Industrial Location 0731,PROJECT_DEMO_EXPANSION,SYNTHETIC_DEMO
LOC00732,LOCATION,Tokyo Industrial Location 0732,PROJECT_DEMO_EXPANSION,SYNTHETIC_DEMO
LOC00733,LOCATION,Munich Industrial Location 0733,PROJECT_DEMO_EXPANSION,SYNTHETIC_DEMO
LOC00734,LOCATION,Austin Industrial Location 0734,PROJECT_DEMO_EXPANSION,SYNTHETIC_DEMO
LOC00735,LOCATION,Monterrey Industrial Location 0735,PROJECT_DEMO_EXPANSION,SYNTHETIC_DEMO
LOC00736,LOCATION,Mumbai Industrial Location 0736,PROJECT_DEMO_EXPANSION,SYNTHETIC_DEMO
LOC00737,LOCATION,Bengaluru Industrial Location 0737,PROJECT_DEMO_EXPANSION,SYNTHETIC_DEMO
LOC00738,LOCATION,Noida Industrial Location 0738,PROJECT_DEMO_EXPANSION,SYNTHETIC_DEMO
LOC00739,LOCATION,Gurugram Industrial Location 0739,PROJECT_DEMO_EXPANSION,SYNTHETIC_DEMO
LOC00740,LOCATION,Chennai Industrial Location 0740,PROJECT_DEMO_EXPANSION,SYNTHETIC_DEMO
LOC00741,LOCATION,Hyderabad Industrial Location 0741,PROJECT_DEMO_EXPANSION,SYNTHETIC_DEMO
LOC00742,LOCATION,Pune Industrial Location 0742,PROJECT_DEMO_EXPANSION,SYNTHETIC_DEMO
LOC00743,LOCATION,Dhaka Industrial Location 0743,PROJECT_DEMO_EXPANSION,SYNTHETIC_DEMO
LOC00744,LOCATION,Ho Chi Minh City Industrial Location 0744,PROJECT_DEMO_EXPANSION,SYNTHETIC_DEMO
LOC00745,LOCATION,Shenzhen Industrial Location 0745,PROJECT_DEMO_EXPANSION,SYNTHETIC_DEMO
LOC00746,LOCATION,Hsinchu Industrial Location 0746,PROJECT_DEMO_EXPANSION,SYNTHETIC_DEMO
LOC00747,LOCATION,Tokyo Industrial Location 0747,PROJECT_DEMO_EXPANSION,SYNTHETIC_DEMO
LOC00748,LOCATION,Munich Industrial Location 0748,PROJECT_DEMO_EXPANSION,SYNTHETIC_DEMO
LOC00749,LOCATION,Austin Industrial Location 0749,PROJECT_DEMO_EXPANSION,SYNTHETIC_DEMO
LOC00750,LOCATION,Monterrey Industrial Location 0750,PROJECT_DEMO_EXPANSION,SYNTHETIC_DEMO
LOC00751,LOCATION,Mumbai Industrial Location 0751,PROJECT_DEMO_EXPANSION,SYNTHETIC_DEMO
LOC00752,LOCATION,Bengaluru Industrial Location 0752,PROJECT_DEMO_EXPANSION,SYNTHETIC_DEMO
LOC00753,LOCATION,Noida Industrial Location 0753,PROJECT_DEMO_EXPANSION,SYNTHETIC_DEMO
LOC00754,LOCATION,Gurugram Industrial Location 0754,PROJECT_DEMO_EXPANSION,SYNTHETIC_DEMO
LOC00755,LOCATION,Chennai Industrial Location 0755,PROJECT_DEMO_EXPANSION,SYNTHETIC_DEMO
LOC00756,LOCATION,Hyderabad Industrial Location 0756,PROJECT_DEMO_EXPANSION,SYNTHETIC_DEMO
LOC00757,LOCATION,Pune Industrial Location 0757,PROJECT_DEMO_EXPANSION,SYNTHETIC_DEMO
LOC00758,LOCATION,Dhaka Industrial Location 0758,PROJECT_DEMO_EXPANSION,SYNTHETIC_DEMO
LOC00759,LOCATION,Ho Chi Minh City Industrial Location 0759,PROJECT_DEMO_EXPANSION,SYNTHETIC_DEMO
LOC00760,LOCATION,Shenzhen Industrial Location 0760,PROJECT_DEMO_EXPANSION,SYNTHETIC_DEMO
LOC00761,LOCATION,Hsinchu Industrial Location 0761,PROJECT_DEMO_EXPANSION,SYNTHETIC_DEMO
LOC00762,LOCATION,Tokyo Industrial Location 0762,PROJECT_DEMO_EXPANSION,SYNTHETIC_DEMO
LOC00763,LOCATION,Munich Industrial Location 0763,PROJECT_DEMO_EXPANSION,SYNTHETIC_DEMO
LOC00764,LOCATION,Austin Industrial Location 0764,PROJECT_DEMO_EXPANSION,SYNTHETIC_DEMO
LOC00765,LOCATION,Monterrey Industrial Location 0765,PROJECT_DEMO_EXPANSION,SYNTHETIC_DEMO
LOC00766,LOCATION,Mumbai Industrial Location 0766,PROJECT_DEMO_EXPANSION,SYNTHETIC_DEMO
LOC00767,LOCATION,Bengaluru Industrial Location 0767,PROJECT_DEMO_EXPANSION,SYNTHETIC_DEMO
LOC00768,LOCATION,Noida Industrial Location 0768,PROJECT_DEMO_EXPANSION,SYNTHETIC_DEMO
LOC00769,LOCATION,Gurugram Industrial Location 0769,PROJECT_DEMO_EXPANSION,SYNTHETIC_DEMO
LOC00770,LOCATION,Chennai Industrial Location 0770,PROJECT_DEMO_EXPANSION,SYNTHETIC_DEMO
LOC00771,LOCATION,Hyderabad Industrial Location 0771,PROJECT_DEMO_EXPANSION,SYNTHETIC_DEMO
LOC00772,LOCATION,Pune Industrial Location 0772,PROJECT_DEMO_EXPANSION,SYNTHETIC_DEMO
LOC00773,LOCATION,Dhaka Industrial Location 0773,PROJECT_DEMO_EXPANSION,SYNTHETIC_DEMO
LOC00774,LOCATION,Ho Chi Minh City Industrial Location 0774,PROJECT_DEMO_EXPANSION,SYNTHETIC_DEMO
LOC00775,LOCATION,Shenzhen Industrial Location 0775,PROJECT_DEMO_EXPANSION,SYNTHETIC_DEMO
LOC00776,LOCATION,Hsinchu Industrial Location 0776,PROJECT_DEMO_EXPANSION,SYNTHETIC_DEMO
LOC00777,LOCATION,Tokyo Industrial Location 0777,PROJECT_DEMO_EXPANSION,SYNTHETIC_DEMO
LOC00778,LOCATION,Munich Industrial Location 0778,PROJECT_DEMO_EXPANSION,SYNTHETIC_DEMO
LOC00779,LOCATION,Austin Industrial Location 0779,PROJECT_DEMO_EXPANSION,SYNTHETIC_DEMO
LOC00780,LOCATION,Monterrey Industrial Location 0780,PROJECT_DEMO_EXPANSION,SYNTHETIC_DEMO
LOC00781,LOCATION,Mumbai Industrial Location 0781,PROJECT_DEMO_EXPANSION,SYNTHETIC_DEMO
LOC00782,LOCATION,Bengaluru Industrial Location 0782,PROJECT_DEMO_EXPANSION,SYNTHETIC_DEMO
LOC00783,LOCATION,Noida Industrial Location 0783,PROJECT_DEMO_EXPANSION,SYNTHETIC_DEMO
LOC00784,LOCATION,Gurugram Industrial Location 0784,PROJECT_DEMO_EXPANSION,SYNTHETIC_DEMO
LOC00785,LOCATION,Chennai Industrial Location 0785,PROJECT_DEMO_EXPANSION,SYNTHETIC_DEMO
LOC00786,LOCATION,Hyderabad Industrial Location 0786,PROJECT_DEMO_EXPANSION,SYNTHETIC_DEMO
LOC00787,LOCATION,Pune Industrial Location 0787,PROJECT_DEMO_EXPANSION,SYNTHETIC_DEMO
LOC00788,LOCATION,Dhaka Industrial Location 0788,PROJECT_DEMO_EXPANSION,SYNTHETIC_DEMO
LOC00789,LOCATION,Ho Chi Minh City Industrial Location 0789,PROJECT_DEMO_EXPANSION,SYNTHETIC_DEMO
LOC00790,LOCATION,Shenzhen Industrial Location 0790,PROJECT_DEMO_EXPANSION,SYNTHETIC_DEMO
LOC00791,LOCATION,Hsinchu Industrial Location 0791,PROJECT_DEMO_EXPANSION,SYNTHETIC_DEMO
LOC00792,LOCATION,Tokyo Industrial Location 0792,PROJECT_DEMO_EXPANSION,SYNTHETIC_DEMO
LOC00793,LOCATION,Munich Industrial Location 0793,PROJECT_DEMO_EXPANSION,SYNTHETIC_DEMO
LOC00794,LOCATION,Austin Industrial Location 0794,PROJECT_DEMO_EXPANSION,SYNTHETIC_DEMO
LOC00795,LOCATION,Monterrey Industrial Location 0795,PROJECT_DEMO_EXPANSION,SYNTHETIC_DEMO
LOC00796,LOCATION,Mumbai Industrial Location 0796,PROJECT_DEMO_EXPANSION,SYNTHETIC_DEMO
LOC00797,LOCATION,Bengaluru Industrial Location 0797,PROJECT_DEMO_EXPANSION,SYNTHETIC_DEMO
LOC00798,LOCATION,Noida Industrial Location 0798,PROJECT_DEMO_EXPANSION,SYNTHETIC_DEMO
LOC00799,LOCATION,Gurugram Industrial Location 0799,PROJECT_DEMO_EXPANSION,SYNTHETIC_DEMO
LOC00800,LOCATION,Chennai Industrial Location 0800,PROJECT_DEMO_EXPANSION,SYNTHETIC_DEMO
LOC00801,LOCATION,Hyderabad Industrial Location 0801,PROJECT_DEMO_EXPANSION,SYNTHETIC_DEMO
LOC00802,LOCATION,Pune Industrial Location 0802,PROJECT_DEMO_EXPANSION,SYNTHETIC_DEMO
LOC00803,LOCATION,Dhaka Industrial Location 0803,PROJECT_DEMO_EXPANSION,SYNTHETIC_DEMO
LOC00804,LOCATION,Ho Chi Minh City Industrial Location 0804,PROJECT_DEMO_EXPANSION,SYNTHETIC_DEMO
LOC00805,LOCATION,Shenzhen Industrial Location 0805,PROJECT_DEMO_EXPANSION,SYNTHETIC_DEMO
LOC00806,LOCATION,Hsinchu Industrial Location 0806,PROJECT_DEMO_EXPANSION,SYNTHETIC_DEMO
LOC00807,LOCATION,Tokyo Industrial Location 0807,PROJECT_DEMO_EXPANSION,SYNTHETIC_DEMO
LOC00808,LOCATION,Munich Industrial Location 0808,PROJECT_DEMO_EXPANSION,SYNTHETIC_DEMO
LOC00809,LOCATION,Austin Industrial Location 0809,PROJECT_DEMO_EXPANSION,SYNTHETIC_DEMO
LOC00810,LOCATION,Monterrey Industrial Location 0810,PROJECT_DEMO_EXPANSION,SYNTHETIC_DEMO
LOC00811,LOCATION,Mumbai Industrial Location 0811,PROJECT_DEMO_EXPANSION,SYNTHETIC_DEMO
LOC00812,LOCATION,Bengaluru Industrial Location 0812,PROJECT_DEMO_EXPANSION,SYNTHETIC_DEMO
LOC00813,LOCATION,Noida Industrial Location 0813,PROJECT_DEMO_EXPANSION,SYNTHETIC_DEMO
LOC00814,LOCATION,Gurugram Industrial Location 0814,PROJECT_DEMO_EXPANSION,SYNTHETIC_DEMO
LOC00815,LOCATION,Chennai Industrial Location 0815,PROJECT_DEMO_EXPANSION,SYNTHETIC_DEMO
LOC00816,LOCATION,Hyderabad Industrial Location 0816,PROJECT_DEMO_EXPANSION,SYNTHETIC_DEMO
LOC00817,LOCATION,Pune Industrial Location 0817,PROJECT_DEMO_EXPANSION,SYNTHETIC_DEMO
LOC00818,LOCATION,Dhaka Industrial Location 0818,PROJECT_DEMO_EXPANSION,SYNTHETIC_DEMO
LOC00819,LOCATION,Ho Chi Minh City Industrial Location 0819,PROJECT_DEMO_EXPANSION,SYNTHETIC_DEMO
LOC00820,LOCATION,Shenzhen Industrial Location 0820,PROJECT_DEMO_EXPANSION,SYNTHETIC_DEMO
LOC00821,LOCATION,Hsinchu Industrial Location 0821,PROJECT_DEMO_EXPANSION,SYNTHETIC_DEMO
LOC00822,LOCATION,Tokyo Industrial Location 0822,PROJECT_DEMO_EXPANSION,SYNTHETIC_DEMO
LOC00823,LOCATION,Munich Industrial Location 0823,PROJECT_DEMO_EXPANSION,SYNTHETIC_DEMO
LOC00824,LOCATION,Austin Industrial Location 0824,PROJECT_DEMO_EXPANSION,SYNTHETIC_DEMO
LOC00825,LOCATION,Monterrey Industrial Location 0825,PROJECT_DEMO_EXPANSION,SYNTHETIC_DEMO
LOC00826,LOCATION,Mumbai Industrial Location 0826,PROJECT_DEMO_EXPANSION,SYNTHETIC_DEMO
LOC00827,LOCATION,Bengaluru Industrial Location 0827,PROJECT_DEMO_EXPANSION,SYNTHETIC_DEMO
LOC00828,LOCATION,Noida Industrial Location 0828,PROJECT_DEMO_EXPANSION,SYNTHETIC_DEMO
LOC00829,LOCATION,Gurugram Industrial Location 0829,PROJECT_DEMO_EXPANSION,SYNTHETIC_DEMO
LOC00830,LOCATION,Chennai Industrial Location 0830,PROJECT_DEMO_EXPANSION,SYNTHETIC_DEMO
LOC00831,LOCATION,Hyderabad Industrial Location 0831,PROJECT_DEMO_EXPANSION,SYNTHETIC_DEMO
LOC00832,LOCATION,Pune Industrial Location 0832,PROJECT_DEMO_EXPANSION,SYNTHETIC_DEMO
LOC00833,LOCATION,Dhaka Industrial Location 0833,PROJECT_DEMO_EXPANSION,SYNTHETIC_DEMO
LOC00834,LOCATION,Ho Chi Minh City Industrial Location 0834,PROJECT_DEMO_EXPANSION,SYNTHETIC_DEMO
LOC00835,LOCATION,Shenzhen Industrial Location 0835,PROJECT_DEMO_EXPANSION,SYNTHETIC_DEMO
LOC00836,LOCATION,Hsinchu Industrial Location 0836,PROJECT_DEMO_EXPANSION,SYNTHETIC_DEMO
LOC00837,LOCATION,Tokyo Industrial Location 0837,PROJECT_DEMO_EXPANSION,SYNTHETIC_DEMO
LOC00838,LOCATION,Munich Industrial Location 0838,PROJECT_DEMO_EXPANSION,SYNTHETIC_DEMO
LOC00839,LOCATION,Austin Industrial Location 0839,PROJECT_DEMO_EXPANSION,SYNTHETIC_DEMO
LOC00840,LOCATION,Monterrey Industrial Location 0840,PROJECT_DEMO_EXPANSION,SYNTHETIC_DEMO
LOC00841,LOCATION,Mumbai Industrial Location 0841,PROJECT_DEMO_EXPANSION,SYNTHETIC_DEMO
LOC00842,LOCATION,Bengaluru Industrial Location 0842,PROJECT_DEMO_EXPANSION,SYNTHETIC_DEMO
LOC00843,LOCATION,Noida Industrial Location 0843,PROJECT_DEMO_EXPANSION,SYNTHETIC_DEMO
LOC00844,LOCATION,Gurugram Industrial Location 0844,PROJECT_DEMO_EXPANSION,SYNTHETIC_DEMO
LOC00845,LOCATION,Chennai Industrial Location 0845,PROJECT_DEMO_EXPANSION,SYNTHETIC_DEMO
LOC00846,LOCATION,Hyderabad Industrial Location 0846,PROJECT_DEMO_EXPANSION,SYNTHETIC_DEMO
LOC00847,LOCATION,Pune Industrial Location 0847,PROJECT_DEMO_EXPANSION,SYNTHETIC_DEMO
LOC00848,LOCATION,Dhaka Industrial Location 0848,PROJECT_DEMO_EXPANSION,SYNTHETIC_DEMO
LOC00849,LOCATION,Ho Chi Minh City Industrial Location 0849,PROJECT_DEMO_EXPANSION,SYNTHETIC_DEMO
LOC00850,LOCATION,Shenzhen Industrial Location 0850,PROJECT_DEMO_EXPANSION,SYNTHETIC_DEMO
LOC00851,LOCATION,Hsinchu Industrial Location 0851,PROJECT_DEMO_EXPANSION,SYNTHETIC_DEMO
LOC00852,LOCATION,Tokyo Industrial Location 0852,PROJECT_DEMO_EXPANSION,SYNTHETIC_DEMO
LOC00853,LOCATION,Munich Industrial Location 0853,PROJECT_DEMO_EXPANSION,SYNTHETIC_DEMO
LOC00854,LOCATION,Austin Industrial Location 0854,PROJECT_DEMO_EXPANSION,SYNTHETIC_DEMO
LOC00855,LOCATION,Monterrey Industrial Location 0855,PROJECT_DEMO_EXPANSION,SYNTHETIC_DEMO
LOC00856,LOCATION,Mumbai Industrial Location 0856,PROJECT_DEMO_EXPANSION,SYNTHETIC_DEMO
LOC00857,LOCATION,Bengaluru Industrial Location 0857,PROJECT_DEMO_EXPANSION,SYNTHETIC_DEMO
LOC00858,LOCATION,Noida Industrial Location 0858,PROJECT_DEMO_EXPANSION,SYNTHETIC_DEMO
LOC00859,LOCATION,Gurugram Industrial Location 0859,PROJECT_DEMO_EXPANSION,SYNTHETIC_DEMO
LOC00860,LOCATION,Chennai Industrial Location 0860,PROJECT_DEMO_EXPANSION,SYNTHETIC_DEMO
LOC00861,LOCATION,Hyderabad Industrial Location 0861,PROJECT_DEMO_EXPANSION,SYNTHETIC_DEMO
LOC00862,LOCATION,Pune Industrial Location 0862,PROJECT_DEMO_EXPANSION,SYNTHETIC_DEMO
LOC00863,LOCATION,Dhaka Industrial Location 0863,PROJECT_DEMO_EXPANSION,SYNTHETIC_DEMO
LOC00864,LOCATION,Ho Chi Minh City Industrial Location 0864,PROJECT_DEMO_EXPANSION,SYNTHETIC_DEMO
LOC00865,LOCATION,Shenzhen Industrial Location 0865,PROJECT_DEMO_EXPANSION,SYNTHETIC_DEMO
LOC00866,LOCATION,Hsinchu Industrial Location 0866,PROJECT_DEMO_EXPANSION,SYNTHETIC_DEMO
LOC00867,LOCATION,Tokyo Industrial Location 0867,PROJECT_DEMO_EXPANSION,SYNTHETIC_DEMO
LOC00868,LOCATION,Munich Industrial Location 0868,PROJECT_DEMO_EXPANSION,SYNTHETIC_DEMO
LOC00869,LOCATION,Austin Industrial Location 0869,PROJECT_DEMO_EXPANSION,SYNTHETIC_DEMO
LOC00870,LOCATION,Monterrey Industrial Location 0870,PROJECT_DEMO_EXPANSION,SYNTHETIC_DEMO
LOC00871,LOCATION,Mumbai Industrial Location 0871,PROJECT_DEMO_EXPANSION,SYNTHETIC_DEMO
LOC00872,LOCATION,Bengaluru Industrial Location 0872,PROJECT_DEMO_EXPANSION,SYNTHETIC_DEMO
LOC00873,LOCATION,Noida Industrial Location 0873,PROJECT_DEMO_EXPANSION,SYNTHETIC_DEMO
LOC00874,LOCATION,Gurugram Industrial Location 0874,PROJECT_DEMO_EXPANSION,SYNTHETIC_DEMO
LOC00875,LOCATION,Chennai Industrial Location 0875,PROJECT_DEMO_EXPANSION,SYNTHETIC_DEMO
LOC00876,LOCATION,Hyderabad Industrial Location 0876,PROJECT_DEMO_EXPANSION,SYNTHETIC_DEMO
LOC00877,LOCATION,Pune Industrial Location 0877,PROJECT_DEMO_EXPANSION,SYNTHETIC_DEMO
LOC00878,LOCATION,Dhaka Industrial Location 0878,PROJECT_DEMO_EXPANSION,SYNTHETIC_DEMO
LOC00879,LOCATION,Ho Chi Minh City Industrial Location 0879,PROJECT_DEMO_EXPANSION,SYNTHETIC_DEMO
LOC00880,LOCATION,Shenzhen Industrial Location 0880,PROJECT_DEMO_EXPANSION,SYNTHETIC_DEMO
LOC00881,LOCATION,Hsinchu Industrial Location 0881,PROJECT_DEMO_EXPANSION,SYNTHETIC_DEMO
LOC00882,LOCATION,Tokyo Industrial Location 0882,PROJECT_DEMO_EXPANSION,SYNTHETIC_DEMO
LOC00883,LOCATION,Munich Industrial Location 0883,PROJECT_DEMO_EXPANSION,SYNTHETIC_DEMO
LOC00884,LOCATION,Austin Industrial Location 0884,PROJECT_DEMO_EXPANSION,SYNTHETIC_DEMO
LOC00885,LOCATION,Monterrey Industrial Location 0885,PROJECT_DEMO_EXPANSION,SYNTHETIC_DEMO
LOC00886,LOCATION,Mumbai Industrial Location 0886,PROJECT_DEMO_EXPANSION,SYNTHETIC_DEMO
LOC00887,LOCATION,Bengaluru Industrial Location 0887,PROJECT_DEMO_EXPANSION,SYNTHETIC_DEMO
LOC00888,LOCATION,Noida Industrial Location 0888,PROJECT_DEMO_EXPANSION,SYNTHETIC_DEMO
LOC00889,LOCATION,Gurugram Industrial Location 0889,PROJECT_DEMO_EXPANSION,SYNTHETIC_DEMO
LOC00890,LOCATION,Chennai Industrial Location 0890,PROJECT_DEMO_EXPANSION,SYNTHETIC_DEMO
LOC00891,LOCATION,Hyderabad Industrial Location 0891,PROJECT_DEMO_EXPANSION,SYNTHETIC_DEMO
LOC00892,LOCATION,Pune Industrial Location 0892,PROJECT_DEMO_EXPANSION,SYNTHETIC_DEMO
LOC00893,LOCATION,Dhaka Industrial Location 0893,PROJECT_DEMO_EXPANSION,SYNTHETIC_DEMO
LOC00894,LOCATION,Ho Chi Minh City Industrial Location 0894,PROJECT_DEMO_EXPANSION,SYNTHETIC_DEMO
LOC00895,LOCATION,Shenzhen Industrial Location 0895,PROJECT_DEMO_EXPANSION,SYNTHETIC_DEMO
LOC00896,LOCATION,Hsinchu Industrial Location 0896,PROJECT_DEMO_EXPANSION,SYNTHETIC_DEMO
LOC00897,LOCATION,Tokyo Industrial Location 0897,PROJECT_DEMO_EXPANSION,SYNTHETIC_DEMO
LOC00898,LOCATION,Munich Industrial Location 0898,PROJECT_DEMO_EXPANSION,SYNTHETIC_DEMO
LOC00899,LOCATION,Austin Industrial Location 0899,PROJECT_DEMO_EXPANSION,SYNTHETIC_DEMO
LOC00900,LOCATION,Monterrey Industrial Location 0900,PROJECT_DEMO_EXPANSION,SYNTHETIC_DEMO
LOC00901,LOCATION,Mumbai Industrial Location 0901,PROJECT_DEMO_EXPANSION,SYNTHETIC_DEMO
LOC00902,LOCATION,Bengaluru Industrial Location 0902,PROJECT_DEMO_EXPANSION,SYNTHETIC_DEMO
LOC00903,LOCATION,Noida Industrial Location 0903,PROJECT_DEMO_EXPANSION,SYNTHETIC_DEMO
LOC00904,LOCATION,Gurugram Industrial Location 0904,PROJECT_DEMO_EXPANSION,SYNTHETIC_DEMO
LOC00905,LOCATION,Chennai Industrial Location 0905,PROJECT_DEMO_EXPANSION,SYNTHETIC_DEMO
LOC00906,LOCATION,Hyderabad Industrial Location 0906,PROJECT_DEMO_EXPANSION,SYNTHETIC_DEMO
LOC00907,LOCATION,Pune Industrial Location 0907,PROJECT_DEMO_EXPANSION,SYNTHETIC_DEMO
LOC00908,LOCATION,Dhaka Industrial Location 0908,PROJECT_DEMO_EXPANSION,SYNTHETIC_DEMO
LOC00909,LOCATION,Ho Chi Minh City Industrial Location 0909,PROJECT_DEMO_EXPANSION,SYNTHETIC_DEMO
LOC00910,LOCATION,Shenzhen Industrial Location 0910,PROJECT_DEMO_EXPANSION,SYNTHETIC_DEMO
LOC00911,LOCATION,Hsinchu Industrial Location 0911,PROJECT_DEMO_EXPANSION,SYNTHETIC_DEMO
LOC00912,LOCATION,Tokyo Industrial Location 0912,PROJECT_DEMO_EXPANSION,SYNTHETIC_DEMO
LOC00913,LOCATION,Munich Industrial Location 0913,PROJECT_DEMO_EXPANSION,SYNTHETIC_DEMO
LOC00914,LOCATION,Austin Industrial Location 0914,PROJECT_DEMO_EXPANSION,SYNTHETIC_DEMO
LOC00915,LOCATION,Monterrey Industrial Location 0915,PROJECT_DEMO_EXPANSION,SYNTHETIC_DEMO
LOC00916,LOCATION,Mumbai Industrial Location 0916,PROJECT_DEMO_EXPANSION,SYNTHETIC_DEMO
LOC00917,LOCATION,Bengaluru Industrial Location 0917,PROJECT_DEMO_EXPANSION,SYNTHETIC_DEMO
LOC00918,LOCATION,Noida Industrial Location 0918,PROJECT_DEMO_EXPANSION,SYNTHETIC_DEMO
LOC00919,LOCATION,Gurugram Industrial Location 0919,PROJECT_DEMO_EXPANSION,SYNTHETIC_DEMO
LOC00920,LOCATION,Chennai Industrial Location 0920,PROJECT_DEMO_EXPANSION,SYNTHETIC_DEMO
LOC00921,LOCATION,Hyderabad Industrial Location 0921,PROJECT_DEMO_EXPANSION,SYNTHETIC_DEMO
LOC00922,LOCATION,Pune Industrial Location 0922,PROJECT_DEMO_EXPANSION,SYNTHETIC_DEMO
LOC00923,LOCATION,Dhaka Industrial Location 0923,PROJECT_DEMO_EXPANSION,SYNTHETIC_DEMO
LOC00924,LOCATION,Ho Chi Minh City Industrial Location 0924,PROJECT_DEMO_EXPANSION,SYNTHETIC_DEMO
LOC00925,LOCATION,Shenzhen Industrial Location 0925,PROJECT_DEMO_EXPANSION,SYNTHETIC_DEMO
LOC00926,LOCATION,Hsinchu Industrial Location 0926,PROJECT_DEMO_EXPANSION,SYNTHETIC_DEMO
LOC00927,LOCATION,Tokyo Industrial Location 0927,PROJECT_DEMO_EXPANSION,SYNTHETIC_DEMO
LOC00928,LOCATION,Munich Industrial Location 0928,PROJECT_DEMO_EXPANSION,SYNTHETIC_DEMO
LOC00929,LOCATION,Austin Industrial Location 0929,PROJECT_DEMO_EXPANSION,SYNTHETIC_DEMO
LOC00930,LOCATION,Monterrey Industrial Location 0930,PROJECT_DEMO_EXPANSION,SYNTHETIC_DEMO
LOC00931,LOCATION,Mumbai Industrial Location 0931,PROJECT_DEMO_EXPANSION,SYNTHETIC_DEMO
LOC00932,LOCATION,Bengaluru Industrial Location 0932,PROJECT_DEMO_EXPANSION,SYNTHETIC_DEMO
LOC00933,LOCATION,Noida Industrial Location 0933,PROJECT_DEMO_EXPANSION,SYNTHETIC_DEMO
LOC00934,LOCATION,Gurugram Industrial Location 0934,PROJECT_DEMO_EXPANSION,SYNTHETIC_DEMO
LOC00935,LOCATION,Chennai Industrial Location 0935,PROJECT_DEMO_EXPANSION,SYNTHETIC_DEMO
LOC00936,LOCATION,Hyderabad Industrial Location 0936,PROJECT_DEMO_EXPANSION,SYNTHETIC_DEMO
LOC00937,LOCATION,Pune Industrial Location 0937,PROJECT_DEMO_EXPANSION,SYNTHETIC_DEMO
LOC00938,LOCATION,Dhaka Industrial Location 0938,PROJECT_DEMO_EXPANSION,SYNTHETIC_DEMO
LOC00939,LOCATION,Ho Chi Minh City Industrial Location 0939,PROJECT_DEMO_EXPANSION,SYNTHETIC_DEMO
LOC00940,LOCATION,Shenzhen Industrial Location 0940,PROJECT_DEMO_EXPANSION,SYNTHETIC_DEMO
LOC00941,LOCATION,Hsinchu Industrial Location 0941,PROJECT_DEMO_EXPANSION,SYNTHETIC_DEMO
LOC00942,LOCATION,Tokyo Industrial Location 0942,PROJECT_DEMO_EXPANSION,SYNTHETIC_DEMO
LOC00943,LOCATION,Munich Industrial Location 0943,PROJECT_DEMO_EXPANSION,SYNTHETIC_DEMO
LOC00944,LOCATION,Austin Industrial Location 0944,PROJECT_DEMO_EXPANSION,SYNTHETIC_DEMO
LOC00945,LOCATION,Monterrey Industrial Location 0945,PROJECT_DEMO_EXPANSION,SYNTHETIC_DEMO
LOC00946,LOCATION,Mumbai Industrial Location 0946,PROJECT_DEMO_EXPANSION,SYNTHETIC_DEMO
LOC00947,LOCATION,Bengaluru Industrial Location 0947,PROJECT_DEMO_EXPANSION,SYNTHETIC_DEMO
LOC00948,LOCATION,Noida Industrial Location 0948,PROJECT_DEMO_EXPANSION,SYNTHETIC_DEMO
LOC00949,LOCATION,Gurugram Industrial Location 0949,PROJECT_DEMO_EXPANSION,SYNTHETIC_DEMO
LOC00950,LOCATION,Chennai Industrial Location 0950,PROJECT_DEMO_EXPANSION,SYNTHETIC_DEMO
LOC00951,LOCATION,Hyderabad Industrial Location 0951,PROJECT_DEMO_EXPANSION,SYNTHETIC_DEMO
LOC00952,LOCATION,Pune Industrial Location 0952,PROJECT_DEMO_EXPANSION,SYNTHETIC_DEMO
LOC00953,LOCATION,Dhaka Industrial Location 0953,PROJECT_DEMO_EXPANSION,SYNTHETIC_DEMO
LOC00954,LOCATION,Ho Chi Minh City Industrial Location 0954,PROJECT_DEMO_EXPANSION,SYNTHETIC_DEMO
LOC00955,LOCATION,Shenzhen Industrial Location 0955,PROJECT_DEMO_EXPANSION,SYNTHETIC_DEMO
LOC00956,LOCATION,Hsinchu Industrial Location 0956,PROJECT_DEMO_EXPANSION,SYNTHETIC_DEMO
LOC00957,LOCATION,Tokyo Industrial Location 0957,PROJECT_DEMO_EXPANSION,SYNTHETIC_DEMO
LOC00958,LOCATION,Munich Industrial Location 0958,PROJECT_DEMO_EXPANSION,SYNTHETIC_DEMO
LOC00959,LOCATION,Austin Industrial Location 0959,PROJECT_DEMO_EXPANSION,SYNTHETIC_DEMO
LOC00960,LOCATION,Monterrey Industrial Location 0960,PROJECT_DEMO_EXPANSION,SYNTHETIC_DEMO
LOC00961,LOCATION,Mumbai Industrial Location 0961,PROJECT_DEMO_EXPANSION,SYNTHETIC_DEMO
LOC00962,LOCATION,Bengaluru Industrial Location 0962,PROJECT_DEMO_EXPANSION,SYNTHETIC_DEMO
LOC00963,LOCATION,Noida Industrial Location 0963,PROJECT_DEMO_EXPANSION,SYNTHETIC_DEMO
LOC00964,LOCATION,Gurugram Industrial Location 0964,PROJECT_DEMO_EXPANSION,SYNTHETIC_DEMO
LOC00965,LOCATION,Chennai Industrial Location 0965,PROJECT_DEMO_EXPANSION,SYNTHETIC_DEMO
LOC00966,LOCATION,Hyderabad Industrial Location 0966,PROJECT_DEMO_EXPANSION,SYNTHETIC_DEMO
LOC00967,LOCATION,Pune Industrial Location 0967,PROJECT_DEMO_EXPANSION,SYNTHETIC_DEMO
LOC00968,LOCATION,Dhaka Industrial Location 0968,PROJECT_DEMO_EXPANSION,SYNTHETIC_DEMO
LOC00969,LOCATION,Ho Chi Minh City Industrial Location 0969,PROJECT_DEMO_EXPANSION,SYNTHETIC_DEMO
LOC00970,LOCATION,Shenzhen Industrial Location 0970,PROJECT_DEMO_EXPANSION,SYNTHETIC_DEMO
LOC00971,LOCATION,Hsinchu Industrial Location 0971,PROJECT_DEMO_EXPANSION,SYNTHETIC_DEMO
LOC00972,LOCATION,Tokyo Industrial Location 0972,PROJECT_DEMO_EXPANSION,SYNTHETIC_DEMO
LOC00973,LOCATION,Munich Industrial Location 0973,PROJECT_DEMO_EXPANSION,SYNTHETIC_DEMO
LOC00974,LOCATION,Austin Industrial Location 0974,PROJECT_DEMO_EXPANSION,SYNTHETIC_DEMO
LOC00975,LOCATION,Monterrey Industrial Location 0975,PROJECT_DEMO_EXPANSION,SYNTHETIC_DEMO
LOC00976,LOCATION,Mumbai Industrial Location 0976,PROJECT_DEMO_EXPANSION,SYNTHETIC_DEMO
LOC00977,LOCATION,Bengaluru Industrial Location 0977,PROJECT_DEMO_EXPANSION,SYNTHETIC_DEMO
LOC00978,LOCATION,Noida Industrial Location 0978,PROJECT_DEMO_EXPANSION,SYNTHETIC_DEMO
LOC00979,LOCATION,Gurugram Industrial Location 0979,PROJECT_DEMO_EXPANSION,SYNTHETIC_DEMO
LOC00980,LOCATION,Chennai Industrial Location 0980,PROJECT_DEMO_EXPANSION,SYNTHETIC_DEMO
LOC00981,LOCATION,Hyderabad Industrial Location 0981,PROJECT_DEMO_EXPANSION,SYNTHETIC_DEMO
LOC00982,LOCATION,Pune Industrial Location 0982,PROJECT_DEMO_EXPANSION,SYNTHETIC_DEMO
LOC00983,LOCATION,Dhaka Industrial Location 0983,PROJECT_DEMO_EXPANSION,SYNTHETIC_DEMO
LOC00984,LOCATION,Ho Chi Minh City Industrial Location 0984,PROJECT_DEMO_EXPANSION,SYNTHETIC_DEMO
LOC00985,LOCATION,Shenzhen Industrial Location 0985,PROJECT_DEMO_EXPANSION,SYNTHETIC_DEMO
LOC00986,LOCATION,Hsinchu Industrial Location 0986,PROJECT_DEMO_EXPANSION,SYNTHETIC_DEMO
LOC00987,LOCATION,Tokyo Industrial Location 0987,PROJECT_DEMO_EXPANSION,SYNTHETIC_DEMO
LOC00988,LOCATION,Munich Industrial Location 0988,PROJECT_DEMO_EXPANSION,SYNTHETIC_DEMO
LOC00989,LOCATION,Austin Industrial Location 0989,PROJECT_DEMO_EXPANSION,SYNTHETIC_DEMO
LOC00990,LOCATION,Monterrey Industrial Location 0990,PROJECT_DEMO_EXPANSION,SYNTHETIC_DEMO
LOC00991,LOCATION,Mumbai Industrial Location 0991,PROJECT_DEMO_EXPANSION,SYNTHETIC_DEMO
LOC00992,LOCATION,Bengaluru Industrial Location 0992,PROJECT_DEMO_EXPANSION,SYNTHETIC_DEMO
LOC00993,LOCATION,Noida Industrial Location 0993,PROJECT_DEMO_EXPANSION,SYNTHETIC_DEMO
LOC00994,LOCATION,Gurugram Industrial Location 0994,PROJECT_DEMO_EXPANSION,SYNTHETIC_DEMO
LOC00995,LOCATION,Chennai Industrial Location 0995,PROJECT_DEMO_EXPANSION,SYNTHETIC_DEMO
LOC00996,LOCATION,Hyderabad Industrial Location 0996,PROJECT_DEMO_EXPANSION,SYNTHETIC_DEMO
LOC00997,LOCATION,Pune Industrial Location 0997,PROJECT_DEMO_EXPANSION,SYNTHETIC_DEMO
LOC00998,LOCATION,Dhaka Industrial Location 0998,PROJECT_DEMO_EXPANSION,SYNTHETIC_DEMO
LOC00999,LOCATION,Ho Chi Minh City Industrial Location 0999,PROJECT_DEMO_EXPANSION,SYNTHETIC_DEMO
LOC01000,LOCATION,Shenzhen Industrial Location 1000,PROJECT_DEMO_EXPANSION,SYNTHETIC_DEMO
EVT00001,EVENT,Flood,PROJECT_DEMO_EXPANSION,SYNTHETIC_DEMO
EVT00002,EVENT,Port Disruption,PROJECT_DEMO_EXPANSION,SYNTHETIC_DEMO
EVT00003,EVENT,Fire,PROJECT_DEMO_EXPANSION,SYNTHETIC_DEMO
EVT00004,EVENT,Earthquake,PROJECT_DEMO_EXPANSION,SYNTHETIC_DEMO
EVT00005,EVENT,Storm,PROJECT_DEMO_EXPANSION,SYNTHETIC_DEMO
EVT00006,EVENT,Labor Disruption,PROJECT_DEMO_EXPANSION,SYNTHETIC_DEMO
EVT00007,EVENT,Road Closure,PROJECT_DEMO_EXPANSION,SYNTHETIC_DEMO
EVT00008,EVENT,Power Outage,PROJECT_DEMO_EXPANSION,SYNTHETIC_DEMO
EVT00009,EVENT,Cyber Incident,PROJECT_DEMO_EXPANSION,SYNTHETIC_DEMO
EVT00010,EVENT,Factory Shutdown,PROJECT_DEMO_EXPANSION,SYNTHETIC_DEMO
EVT00011,EVENT,Flood,PROJECT_DEMO_EXPANSION,SYNTHETIC_DEMO
EVT00012,EVENT,Port Disruption,PROJECT_DEMO_EXPANSION,SYNTHETIC_DEMO
EVT00013,EVENT,Fire,PROJECT_DEMO_EXPANSION,SYNTHETIC_DEMO
EVT00014,EVENT,Earthquake,PROJECT_DEMO_EXPANSION,SYNTHETIC_DEMO
EVT00015,EVENT,Storm,PROJECT_DEMO_EXPANSION,SYNTHETIC_DEMO
EVT00016,EVENT,Labor Disruption,PROJECT_DEMO_EXPANSION,SYNTHETIC_DEMO
EVT00017,EVENT,Road Closure,PROJECT_DEMO_EXPANSION,SYNTHETIC_DEMO
EVT00018,EVENT,Power Outage,PROJECT_DEMO_EXPANSION,SYNTHETIC_DEMO
EVT00019,EVENT,Cyber Incident,PROJECT_DEMO_EXPANSION,SYNTHETIC_DEMO
EVT00020,EVENT,Factory Shutdown,PROJECT_DEMO_EXPANSION,SYNTHETIC_DEMO
EVT00021,EVENT,Flood,PROJECT_DEMO_EXPANSION,SYNTHETIC_DEMO
EVT00022,EVENT,Port Disruption,PROJECT_DEMO_EXPANSION,SYNTHETIC_DEMO
EVT00023,EVENT,Fire,PROJECT_DEMO_EXPANSION,SYNTHETIC_DEMO
EVT00024,EVENT,Earthquake,PROJECT_DEMO_EXPANSION,SYNTHETIC_DEMO
EVT00025,EVENT,Storm,PROJECT_DEMO_EXPANSION,SYNTHETIC_DEMO
EVT00026,EVENT,Labor Disruption,PROJECT_DEMO_EXPANSION,SYNTHETIC_DEMO
EVT00027,EVENT,Road Closure,PROJECT_DEMO_EXPANSION,SYNTHETIC_DEMO
EVT00028,EVENT,Power Outage,PROJECT_DEMO_EXPANSION,SYNTHETIC_DEMO
EVT00029,EVENT,Cyber Incident,PROJECT_DEMO_EXPANSION,SYNTHETIC_DEMO
EVT00030,EVENT,Factory Shutdown,PROJECT_DEMO_EXPANSION,SYNTHETIC_DEMO
EVT00031,EVENT,Flood,PROJECT_DEMO_EXPANSION,SYNTHETIC_DEMO
EVT00032,EVENT,Port Disruption,PROJECT_DEMO_EXPANSION,SYNTHETIC_DEMO
EVT00033,EVENT,Fire,PROJECT_DEMO_EXPANSION,SYNTHETIC_DEMO
EVT00034,EVENT,Earthquake,PROJECT_DEMO_EXPANSION,SYNTHETIC_DEMO
EVT00035,EVENT,Storm,PROJECT_DEMO_EXPANSION,SYNTHETIC_DEMO
EVT00036,EVENT,Labor Disruption,PROJECT_DEMO_EXPANSION,SYNTHETIC_DEMO
EVT00037,EVENT,Road Closure,PROJECT_DEMO_EXPANSION,SYNTHETIC_DEMO
EVT00038,EVENT,Power Outage,PROJECT_DEMO_EXPANSION,SYNTHETIC_DEMO
EVT00039,EVENT,Cyber Incident,PROJECT_DEMO_EXPANSION,SYNTHETIC_DEMO
EVT00040,EVENT,Factory Shutdown,PROJECT_DEMO_EXPANSION,SYNTHETIC_DEMO
EVT00041,EVENT,Flood,PROJECT_DEMO_EXPANSION,SYNTHETIC_DEMO
EVT00042,EVENT,Port Disruption,PROJECT_DEMO_EXPANSION,SYNTHETIC_DEMO
EVT00043,EVENT,Fire,PROJECT_DEMO_EXPANSION,SYNTHETIC_DEMO
EVT00044,EVENT,Earthquake,PROJECT_DEMO_EXPANSION,SYNTHETIC_DEMO
EVT00045,EVENT,Storm,PROJECT_DEMO_EXPANSION,SYNTHETIC_DEMO
EVT00046,EVENT,Labor Disruption,PROJECT_DEMO_EXPANSION,SYNTHETIC_DEMO
EVT00047,EVENT,Road Closure,PROJECT_DEMO_EXPANSION,SYNTHETIC_DEMO
EVT00048,EVENT,Power Outage,PROJECT_DEMO_EXPANSION,SYNTHETIC_DEMO
EVT00049,EVENT,Cyber Incident,PROJECT_DEMO_EXPANSION,SYNTHETIC_DEMO
EVT00050,EVENT,Factory Shutdown,PROJECT_DEMO_EXPANSION,SYNTHETIC_DEMO
EVT00051,EVENT,Flood,PROJECT_DEMO_EXPANSION,SYNTHETIC_DEMO
EVT00052,EVENT,Port Disruption,PROJECT_DEMO_EXPANSION,SYNTHETIC_DEMO
EVT00053,EVENT,Fire,PROJECT_DEMO_EXPANSION,SYNTHETIC_DEMO
EVT00054,EVENT,Earthquake,PROJECT_DEMO_EXPANSION,SYNTHETIC_DEMO
EVT00055,EVENT,Storm,PROJECT_DEMO_EXPANSION,SYNTHETIC_DEMO
EVT00056,EVENT,Labor Disruption,PROJECT_DEMO_EXPANSION,SYNTHETIC_DEMO
EVT00057,EVENT,Road Closure,PROJECT_DEMO_EXPANSION,SYNTHETIC_DEMO
EVT00058,EVENT,Power Outage,PROJECT_DEMO_EXPANSION,SYNTHETIC_DEMO
EVT00059,EVENT,Cyber Incident,PROJECT_DEMO_EXPANSION,SYNTHETIC_DEMO
EVT00060,EVENT,Factory Shutdown,PROJECT_DEMO_EXPANSION,SYNTHETIC_DEMO
EVT00061,EVENT,Flood,PROJECT_DEMO_EXPANSION,SYNTHETIC_DEMO
EVT00062,EVENT,Port Disruption,PROJECT_DEMO_EXPANSION,SYNTHETIC_DEMO
EVT00063,EVENT,Fire,PROJECT_DEMO_EXPANSION,SYNTHETIC_DEMO
EVT00064,EVENT,Earthquake,PROJECT_DEMO_EXPANSION,SYNTHETIC_DEMO
EVT00065,EVENT,Storm,PROJECT_DEMO_EXPANSION,SYNTHETIC_DEMO
EVT00066,EVENT,Labor Disruption,PROJECT_DEMO_EXPANSION,SYNTHETIC_DEMO
EVT00067,EVENT,Road Closure,PROJECT_DEMO_EXPANSION,SYNTHETIC_DEMO
EVT00068,EVENT,Power Outage,PROJECT_DEMO_EXPANSION,SYNTHETIC_DEMO
EVT00069,EVENT,Cyber Incident,PROJECT_DEMO_EXPANSION,SYNTHETIC_DEMO
EVT00070,EVENT,Factory Shutdown,PROJECT_DEMO_EXPANSION,SYNTHETIC_DEMO
EVT00071,EVENT,Flood,PROJECT_DEMO_EXPANSION,SYNTHETIC_DEMO
EVT00072,EVENT,Port Disruption,PROJECT_DEMO_EXPANSION,SYNTHETIC_DEMO
EVT00073,EVENT,Fire,PROJECT_DEMO_EXPANSION,SYNTHETIC_DEMO
EVT00074,EVENT,Earthquake,PROJECT_DEMO_EXPANSION,SYNTHETIC_DEMO
EVT00075,EVENT,Storm,PROJECT_DEMO_EXPANSION,SYNTHETIC_DEMO
EVT00076,EVENT,Labor Disruption,PROJECT_DEMO_EXPANSION,SYNTHETIC_DEMO
EVT00077,EVENT,Road Closure,PROJECT_DEMO_EXPANSION,SYNTHETIC_DEMO
EVT00078,EVENT,Power Outage,PROJECT_DEMO_EXPANSION,SYNTHETIC_DEMO
EVT00079,EVENT,Cyber Incident,PROJECT_DEMO_EXPANSION,SYNTHETIC_DEMO
EVT00080,EVENT,Factory Shutdown,PROJECT_DEMO_EXPANSION,SYNTHETIC_DEMO
EVT00081,EVENT,Flood,PROJECT_DEMO_EXPANSION,SYNTHETIC_DEMO
EVT00082,EVENT,Port Disruption,PROJECT_DEMO_EXPANSION,SYNTHETIC_DEMO
EVT00083,EVENT,Fire,PROJECT_DEMO_EXPANSION,SYNTHETIC_DEMO
EVT00084,EVENT,Earthquake,PROJECT_DEMO_EXPANSION,SYNTHETIC_DEMO
EVT00085,EVENT,Storm,PROJECT_DEMO_EXPANSION,SYNTHETIC_DEMO
EVT00086,EVENT,Labor Disruption,PROJECT_DEMO_EXPANSION,SYNTHETIC_DEMO
EVT00087,EVENT,Road Closure,PROJECT_DEMO_EXPANSION,SYNTHETIC_DEMO
EVT00088,EVENT,Power Outage,PROJECT_DEMO_EXPANSION,SYNTHETIC_DEMO
EVT00089,EVENT,Cyber Incident,PROJECT_DEMO_EXPANSION,SYNTHETIC_DEMO
EVT00090,EVENT,Factory Shutdown,PROJECT_DEMO_EXPANSION,SYNTHETIC_DEMO
EVT00091,EVENT,Flood,PROJECT_DEMO_EXPANSION,SYNTHETIC_DEMO
EVT00092,EVENT,Port Disruption,PROJECT_DEMO_EXPANSION,SYNTHETIC_DEMO
EVT00093,EVENT,Fire,PROJECT_DEMO_EXPANSION,SYNTHETIC_DEMO
EVT00094,EVENT,Earthquake,PROJECT_DEMO_EXPANSION,SYNTHETIC_DEMO
EVT00095,EVENT,Storm,PROJECT_DEMO_EXPANSION,SYNTHETIC_DEMO
EVT00096,EVENT,Labor Disruption,PROJECT_DEMO_EXPANSION,SYNTHETIC_DEMO
EVT00097,EVENT,Road Closure,PROJECT_DEMO_EXPANSION,SYNTHETIC_DEMO
EVT00098,EVENT,Power Outage,PROJECT_DEMO_EXPANSION,SYNTHETIC_DEMO
EVT00099,EVENT,Cyber Incident,PROJECT_DEMO_EXPANSION,SYNTHETIC_DEMO
EVT00100,EVENT,Factory Shutdown,PROJECT_DEMO_EXPANSION,SYNTHETIC_DEMO
EVT00101,EVENT,Flood,PROJECT_DEMO_EXPANSION,SYNTHETIC_DEMO
EVT00102,EVENT,Port Disruption,PROJECT_DEMO_EXPANSION,SYNTHETIC_DEMO
EVT00103,EVENT,Fire,PROJECT_DEMO_EXPANSION,SYNTHETIC_DEMO
EVT00104,EVENT,Earthquake,PROJECT_DEMO_EXPANSION,SYNTHETIC_DEMO
EVT00105,EVENT,Storm,PROJECT_DEMO_EXPANSION,SYNTHETIC_DEMO
EVT00106,EVENT,Labor Disruption,PROJECT_DEMO_EXPANSION,SYNTHETIC_DEMO
EVT00107,EVENT,Road Closure,PROJECT_DEMO_EXPANSION,SYNTHETIC_DEMO
EVT00108,EVENT,Power Outage,PROJECT_DEMO_EXPANSION,SYNTHETIC_DEMO
EVT00109,EVENT,Cyber Incident,PROJECT_DEMO_EXPANSION,SYNTHETIC_DEMO
EVT00110,EVENT,Factory Shutdown,PROJECT_DEMO_EXPANSION,SYNTHETIC_DEMO
EVT00111,EVENT,Flood,PROJECT_DEMO_EXPANSION,SYNTHETIC_DEMO
EVT00112,EVENT,Port Disruption,PROJECT_DEMO_EXPANSION,SYNTHETIC_DEMO
EVT00113,EVENT,Fire,PROJECT_DEMO_EXPANSION,SYNTHETIC_DEMO
EVT00114,EVENT,Earthquake,PROJECT_DEMO_EXPANSION,SYNTHETIC_DEMO
EVT00115,EVENT,Storm,PROJECT_DEMO_EXPANSION,SYNTHETIC_DEMO
EVT00116,EVENT,Labor Disruption,PROJECT_DEMO_EXPANSION,SYNTHETIC_DEMO
EVT00117,EVENT,Road Closure,PROJECT_DEMO_EXPANSION,SYNTHETIC_DEMO
EVT00118,EVENT,Power Outage,PROJECT_DEMO_EXPANSION,SYNTHETIC_DEMO
EVT00119,EVENT,Cyber Incident,PROJECT_DEMO_EXPANSION,SYNTHETIC_DEMO
EVT00120,EVENT,Factory Shutdown,PROJECT_DEMO_EXPANSION,SYNTHETIC_DEMO
EVT00121,EVENT,Flood,PROJECT_DEMO_EXPANSION,SYNTHETIC_DEMO
EVT00122,EVENT,Port Disruption,PROJECT_DEMO_EXPANSION,SYNTHETIC_DEMO
EVT00123,EVENT,Fire,PROJECT_DEMO_EXPANSION,SYNTHETIC_DEMO
EVT00124,EVENT,Earthquake,PROJECT_DEMO_EXPANSION,SYNTHETIC_DEMO
EVT00125,EVENT,Storm,PROJECT_DEMO_EXPANSION,SYNTHETIC_DEMO
EVT00126,EVENT,Labor Disruption,PROJECT_DEMO_EXPANSION,SYNTHETIC_DEMO
EVT00127,EVENT,Road Closure,PROJECT_DEMO_EXPANSION,SYNTHETIC_DEMO
EVT00128,EVENT,Power Outage,PROJECT_DEMO_EXPANSION,SYNTHETIC_DEMO
EVT00129,EVENT,Cyber Incident,PROJECT_DEMO_EXPANSION,SYNTHETIC_DEMO
EVT00130,EVENT,Factory Shutdown,PROJECT_DEMO_EXPANSION,SYNTHETIC_DEMO
EVT00131,EVENT,Flood,PROJECT_DEMO_EXPANSION,SYNTHETIC_DEMO
EVT00132,EVENT,Port Disruption,PROJECT_DEMO_EXPANSION,SYNTHETIC_DEMO
EVT00133,EVENT,Fire,PROJECT_DEMO_EXPANSION,SYNTHETIC_DEMO
EVT00134,EVENT,Earthquake,PROJECT_DEMO_EXPANSION,SYNTHETIC_DEMO
EVT00135,EVENT,Storm,PROJECT_DEMO_EXPANSION,SYNTHETIC_DEMO
EVT00136,EVENT,Labor Disruption,PROJECT_DEMO_EXPANSION,SYNTHETIC_DEMO
EVT00137,EVENT,Road Closure,PROJECT_DEMO_EXPANSION,SYNTHETIC_DEMO
EVT00138,EVENT,Power Outage,PROJECT_DEMO_EXPANSION,SYNTHETIC_DEMO
EVT00139,EVENT,Cyber Incident,PROJECT_DEMO_EXPANSION,SYNTHETIC_DEMO
EVT00140,EVENT,Factory Shutdown,PROJECT_DEMO_EXPANSION,SYNTHETIC_DEMO
EVT00141,EVENT,Flood,PROJECT_DEMO_EXPANSION,SYNTHETIC_DEMO
EVT00142,EVENT,Port Disruption,PROJECT_DEMO_EXPANSION,SYNTHETIC_DEMO
EVT00143,EVENT,Fire,PROJECT_DEMO_EXPANSION,SYNTHETIC_DEMO
EVT00144,EVENT,Earthquake,PROJECT_DEMO_EXPANSION,SYNTHETIC_DEMO
EVT00145,EVENT,Storm,PROJECT_DEMO_EXPANSION,SYNTHETIC_DEMO
EVT00146,EVENT,Labor Disruption,PROJECT_DEMO_EXPANSION,SYNTHETIC_DEMO
EVT00147,EVENT,Road Closure,PROJECT_DEMO_EXPANSION,SYNTHETIC_DEMO
EVT00148,EVENT,Power Outage,PROJECT_DEMO_EXPANSION,SYNTHETIC_DEMO
EVT00149,EVENT,Cyber Incident,PROJECT_DEMO_EXPANSION,SYNTHETIC_DEMO
EVT00150,EVENT,Factory Shutdown,PROJECT_DEMO_EXPANSION,SYNTHETIC_DEMO
EVT00151,EVENT,Flood,PROJECT_DEMO_EXPANSION,SYNTHETIC_DEMO
EVT00152,EVENT,Port Disruption,PROJECT_DEMO_EXPANSION,SYNTHETIC_DEMO
EVT00153,EVENT,Fire,PROJECT_DEMO_EXPANSION,SYNTHETIC_DEMO
EVT00154,EVENT,Earthquake,PROJECT_DEMO_EXPANSION,SYNTHETIC_DEMO
EVT00155,EVENT,Storm,PROJECT_DEMO_EXPANSION,SYNTHETIC_DEMO
EVT00156,EVENT,Labor Disruption,PROJECT_DEMO_EXPANSION,SYNTHETIC_DEMO
EVT00157,EVENT,Road Closure,PROJECT_DEMO_EXPANSION,SYNTHETIC_DEMO
EVT00158,EVENT,Power Outage,PROJECT_DEMO_EXPANSION,SYNTHETIC_DEMO
EVT00159,EVENT,Cyber Incident,PROJECT_DEMO_EXPANSION,SYNTHETIC_DEMO
EVT00160,EVENT,Factory Shutdown,PROJECT_DEMO_EXPANSION,SYNTHETIC_DEMO
EVT00161,EVENT,Flood,PROJECT_DEMO_EXPANSION,SYNTHETIC_DEMO
EVT00162,EVENT,Port Disruption,PROJECT_DEMO_EXPANSION,SYNTHETIC_DEMO
EVT00163,EVENT,Fire,PROJECT_DEMO_EXPANSION,SYNTHETIC_DEMO
EVT00164,EVENT,Earthquake,PROJECT_DEMO_EXPANSION,SYNTHETIC_DEMO
EVT00165,EVENT,Storm,PROJECT_DEMO_EXPANSION,SYNTHETIC_DEMO
EVT00166,EVENT,Labor Disruption,PROJECT_DEMO_EXPANSION,SYNTHETIC_DEMO
EVT00167,EVENT,Road Closure,PROJECT_DEMO_EXPANSION,SYNTHETIC_DEMO
EVT00168,EVENT,Power Outage,PROJECT_DEMO_EXPANSION,SYNTHETIC_DEMO
EVT00169,EVENT,Cyber Incident,PROJECT_DEMO_EXPANSION,SYNTHETIC_DEMO
EVT00170,EVENT,Factory Shutdown,PROJECT_DEMO_EXPANSION,SYNTHETIC_DEMO
EVT00171,EVENT,Flood,PROJECT_DEMO_EXPANSION,SYNTHETIC_DEMO
EVT00172,EVENT,Port Disruption,PROJECT_DEMO_EXPANSION,SYNTHETIC_DEMO
EVT00173,EVENT,Fire,PROJECT_DEMO_EXPANSION,SYNTHETIC_DEMO
EVT00174,EVENT,Earthquake,PROJECT_DEMO_EXPANSION,SYNTHETIC_DEMO
EVT00175,EVENT,Storm,PROJECT_DEMO_EXPANSION,SYNTHETIC_DEMO
EVT00176,EVENT,Labor Disruption,PROJECT_DEMO_EXPANSION,SYNTHETIC_DEMO
EVT00177,EVENT,Road Closure,PROJECT_DEMO_EXPANSION,SYNTHETIC_DEMO
EVT00178,EVENT,Power Outage,PROJECT_DEMO_EXPANSION,SYNTHETIC_DEMO
EVT00179,EVENT,Cyber Incident,PROJECT_DEMO_EXPANSION,SYNTHETIC_DEMO
EVT00180,EVENT,Factory Shutdown,PROJECT_DEMO_EXPANSION,SYNTHETIC_DEMO
EVT00181,EVENT,Flood,PROJECT_DEMO_EXPANSION,SYNTHETIC_DEMO
EVT00182,EVENT,Port Disruption,PROJECT_DEMO_EXPANSION,SYNTHETIC_DEMO
EVT00183,EVENT,Fire,PROJECT_DEMO_EXPANSION,SYNTHETIC_DEMO
EVT00184,EVENT,Earthquake,PROJECT_DEMO_EXPANSION,SYNTHETIC_DEMO
EVT00185,EVENT,Storm,PROJECT_DEMO_EXPANSION,SYNTHETIC_DEMO
EVT00186,EVENT,Labor Disruption,PROJECT_DEMO_EXPANSION,SYNTHETIC_DEMO
EVT00187,EVENT,Road Closure,PROJECT_DEMO_EXPANSION,SYNTHETIC_DEMO
EVT00188,EVENT,Power Outage,PROJECT_DEMO_EXPANSION,SYNTHETIC_DEMO
EVT00189,EVENT,Cyber Incident,PROJECT_DEMO_EXPANSION,SYNTHETIC_DEMO
EVT00190,EVENT,Factory Shutdown,PROJECT_DEMO_EXPANSION,SYNTHETIC_DEMO
EVT00191,EVENT,Flood,PROJECT_DEMO_EXPANSION,SYNTHETIC_DEMO
EVT00192,EVENT,Port Disruption,PROJECT_DEMO_EXPANSION,SYNTHETIC_DEMO
EVT00193,EVENT,Fire,PROJECT_DEMO_EXPANSION,SYNTHETIC_DEMO
EVT00194,EVENT,Earthquake,PROJECT_DEMO_EXPANSION,SYNTHETIC_DEMO
EVT00195,EVENT,Storm,PROJECT_DEMO_EXPANSION,SYNTHETIC_DEMO
EVT00196,EVENT,Labor Disruption,PROJECT_DEMO_EXPANSION,SYNTHETIC_DEMO
EVT00197,EVENT,Road Closure,PROJECT_DEMO_EXPANSION,SYNTHETIC_DEMO
EVT00198,EVENT,Power Outage,PROJECT_DEMO_EXPANSION,SYNTHETIC_DEMO
EVT00199,EVENT,Cyber Incident,PROJECT_DEMO_EXPANSION,SYNTHETIC_DEMO
EVT00200,EVENT,Factory Shutdown,PROJECT_DEMO_EXPANSION,SYNTHETIC_DEMO
EVT00201,EVENT,Flood,PROJECT_DEMO_EXPANSION,SYNTHETIC_DEMO
EVT00202,EVENT,Port Disruption,PROJECT_DEMO_EXPANSION,SYNTHETIC_DEMO
EVT00203,EVENT,Fire,PROJECT_DEMO_EXPANSION,SYNTHETIC_DEMO
EVT00204,EVENT,Earthquake,PROJECT_DEMO_EXPANSION,SYNTHETIC_DEMO
EVT00205,EVENT,Storm,PROJECT_DEMO_EXPANSION,SYNTHETIC_DEMO
EVT00206,EVENT,Labor Disruption,PROJECT_DEMO_EXPANSION,SYNTHETIC_DEMO
EVT00207,EVENT,Road Closure,PROJECT_DEMO_EXPANSION,SYNTHETIC_DEMO
EVT00208,EVENT,Power Outage,PROJECT_DEMO_EXPANSION,SYNTHETIC_DEMO
EVT00209,EVENT,Cyber Incident,PROJECT_DEMO_EXPANSION,SYNTHETIC_DEMO
EVT00210,EVENT,Factory Shutdown,PROJECT_DEMO_EXPANSION,SYNTHETIC_DEMO
EVT00211,EVENT,Flood,PROJECT_DEMO_EXPANSION,SYNTHETIC_DEMO
EVT00212,EVENT,Port Disruption,PROJECT_DEMO_EXPANSION,SYNTHETIC_DEMO
EVT00213,EVENT,Fire,PROJECT_DEMO_EXPANSION,SYNTHETIC_DEMO
EVT00214,EVENT,Earthquake,PROJECT_DEMO_EXPANSION,SYNTHETIC_DEMO
EVT00215,EVENT,Storm,PROJECT_DEMO_EXPANSION,SYNTHETIC_DEMO
EVT00216,EVENT,Labor Disruption,PROJECT_DEMO_EXPANSION,SYNTHETIC_DEMO
EVT00217,EVENT,Road Closure,PROJECT_DEMO_EXPANSION,SYNTHETIC_DEMO
EVT00218,EVENT,Power Outage,PROJECT_DEMO_EXPANSION,SYNTHETIC_DEMO
EVT00219,EVENT,Cyber Incident,PROJECT_DEMO_EXPANSION,SYNTHETIC_DEMO
EVT00220,EVENT,Factory Shutdown,PROJECT_DEMO_EXPANSION,SYNTHETIC_DEMO
EVT00221,EVENT,Flood,PROJECT_DEMO_EXPANSION,SYNTHETIC_DEMO
EVT00222,EVENT,Port Disruption,PROJECT_DEMO_EXPANSION,SYNTHETIC_DEMO
EVT00223,EVENT,Fire,PROJECT_DEMO_EXPANSION,SYNTHETIC_DEMO
EVT00224,EVENT,Earthquake,PROJECT_DEMO_EXPANSION,SYNTHETIC_DEMO
EVT00225,EVENT,Storm,PROJECT_DEMO_EXPANSION,SYNTHETIC_DEMO
EVT00226,EVENT,Labor Disruption,PROJECT_DEMO_EXPANSION,SYNTHETIC_DEMO
EVT00227,EVENT,Road Closure,PROJECT_DEMO_EXPANSION,SYNTHETIC_DEMO
EVT00228,EVENT,Power Outage,PROJECT_DEMO_EXPANSION,SYNTHETIC_DEMO
EVT00229,EVENT,Cyber Incident,PROJECT_DEMO_EXPANSION,SYNTHETIC_DEMO
EVT00230,EVENT,Factory Shutdown,PROJECT_DEMO_EXPANSION,SYNTHETIC_DEMO
EVT00231,EVENT,Flood,PROJECT_DEMO_EXPANSION,SYNTHETIC_DEMO
EVT00232,EVENT,Port Disruption,PROJECT_DEMO_EXPANSION,SYNTHETIC_DEMO
EVT00233,EVENT,Fire,PROJECT_DEMO_EXPANSION,SYNTHETIC_DEMO
EVT00234,EVENT,Earthquake,PROJECT_DEMO_EXPANSION,SYNTHETIC_DEMO
EVT00235,EVENT,Storm,PROJECT_DEMO_EXPANSION,SYNTHETIC_DEMO
EVT00236,EVENT,Labor Disruption,PROJECT_DEMO_EXPANSION,SYNTHETIC_DEMO
EVT00237,EVENT,Road Closure,PROJECT_DEMO_EXPANSION,SYNTHETIC_DEMO
EVT00238,EVENT,Power Outage,PROJECT_DEMO_EXPANSION,SYNTHETIC_DEMO
EVT00239,EVENT,Cyber Incident,PROJECT_DEMO_EXPANSION,SYNTHETIC_DEMO
EVT00240,EVENT,Factory Shutdown,PROJECT_DEMO_EXPANSION,SYNTHETIC_DEMO
EVT00241,EVENT,Flood,PROJECT_DEMO_EXPANSION,SYNTHETIC_DEMO
EVT00242,EVENT,Port Disruption,PROJECT_DEMO_EXPANSION,SYNTHETIC_DEMO
EVT00243,EVENT,Fire,PROJECT_DEMO_EXPANSION,SYNTHETIC_DEMO
EVT00244,EVENT,Earthquake,PROJECT_DEMO_EXPANSION,SYNTHETIC_DEMO
EVT00245,EVENT,Storm,PROJECT_DEMO_EXPANSION,SYNTHETIC_DEMO
EVT00246,EVENT,Labor Disruption,PROJECT_DEMO_EXPANSION,SYNTHETIC_DEMO
EVT00247,EVENT,Road Closure,PROJECT_DEMO_EXPANSION,SYNTHETIC_DEMO
EVT00248,EVENT,Power Outage,PROJECT_DEMO_EXPANSION,SYNTHETIC_DEMO
EVT00249,EVENT,Cyber Incident,PROJECT_DEMO_EXPANSION,SYNTHETIC_DEMO
EVT00250,EVENT,Factory Shutdown,PROJECT_DEMO_EXPANSION,SYNTHETIC_DEMO
EVT00251,EVENT,Flood,PROJECT_DEMO_EXPANSION,SYNTHETIC_DEMO
EVT00252,EVENT,Port Disruption,PROJECT_DEMO_EXPANSION,SYNTHETIC_DEMO
EVT00253,EVENT,Fire,PROJECT_DEMO_EXPANSION,SYNTHETIC_DEMO
EVT00254,EVENT,Earthquake,PROJECT_DEMO_EXPANSION,SYNTHETIC_DEMO
EVT00255,EVENT,Storm,PROJECT_DEMO_EXPANSION,SYNTHETIC_DEMO
EVT00256,EVENT,Labor Disruption,PROJECT_DEMO_EXPANSION,SYNTHETIC_DEMO
EVT00257,EVENT,Road Closure,PROJECT_DEMO_EXPANSION,SYNTHETIC_DEMO
EVT00258,EVENT,Power Outage,PROJECT_DEMO_EXPANSION,SYNTHETIC_DEMO
EVT00259,EVENT,Cyber Incident,PROJECT_DEMO_EXPANSION,SYNTHETIC_DEMO
EVT00260,EVENT,Factory Shutdown,PROJECT_DEMO_EXPANSION,SYNTHETIC_DEMO
EVT00261,EVENT,Flood,PROJECT_DEMO_EXPANSION,SYNTHETIC_DEMO
EVT00262,EVENT,Port Disruption,PROJECT_DEMO_EXPANSION,SYNTHETIC_DEMO
EVT00263,EVENT,Fire,PROJECT_DEMO_EXPANSION,SYNTHETIC_DEMO
EVT00264,EVENT,Earthquake,PROJECT_DEMO_EXPANSION,SYNTHETIC_DEMO
EVT00265,EVENT,Storm,PROJECT_DEMO_EXPANSION,SYNTHETIC_DEMO
EVT00266,EVENT,Labor Disruption,PROJECT_DEMO_EXPANSION,SYNTHETIC_DEMO
EVT00267,EVENT,Road Closure,PROJECT_DEMO_EXPANSION,SYNTHETIC_DEMO
EVT00268,EVENT,Power Outage,PROJECT_DEMO_EXPANSION,SYNTHETIC_DEMO
EVT00269,EVENT,Cyber Incident,PROJECT_DEMO_EXPANSION,SYNTHETIC_DEMO
EVT00270,EVENT,Factory Shutdown,PROJECT_DEMO_EXPANSION,SYNTHETIC_DEMO
EVT00271,EVENT,Flood,PROJECT_DEMO_EXPANSION,SYNTHETIC_DEMO
EVT00272,EVENT,Port Disruption,PROJECT_DEMO_EXPANSION,SYNTHETIC_DEMO
EVT00273,EVENT,Fire,PROJECT_DEMO_EXPANSION,SYNTHETIC_DEMO
EVT00274,EVENT,Earthquake,PROJECT_DEMO_EXPANSION,SYNTHETIC_DEMO
EVT00275,EVENT,Storm,PROJECT_DEMO_EXPANSION,SYNTHETIC_DEMO
EVT00276,EVENT,Labor Disruption,PROJECT_DEMO_EXPANSION,SYNTHETIC_DEMO
EVT00277,EVENT,Road Closure,PROJECT_DEMO_EXPANSION,SYNTHETIC_DEMO
EVT00278,EVENT,Power Outage,PROJECT_DEMO_EXPANSION,SYNTHETIC_DEMO
EVT00279,EVENT,Cyber Incident,PROJECT_DEMO_EXPANSION,SYNTHETIC_DEMO
EVT00280,EVENT,Factory Shutdown,PROJECT_DEMO_EXPANSION,SYNTHETIC_DEMO
EVT00281,EVENT,Flood,PROJECT_DEMO_EXPANSION,SYNTHETIC_DEMO
EVT00282,EVENT,Port Disruption,PROJECT_DEMO_EXPANSION,SYNTHETIC_DEMO
EVT00283,EVENT,Fire,PROJECT_DEMO_EXPANSION,SYNTHETIC_DEMO
EVT00284,EVENT,Earthquake,PROJECT_DEMO_EXPANSION,SYNTHETIC_DEMO
EVT00285,EVENT,Storm,PROJECT_DEMO_EXPANSION,SYNTHETIC_DEMO
EVT00286,EVENT,Labor Disruption,PROJECT_DEMO_EXPANSION,SYNTHETIC_DEMO
EVT00287,EVENT,Road Closure,PROJECT_DEMO_EXPANSION,SYNTHETIC_DEMO
EVT00288,EVENT,Power Outage,PROJECT_DEMO_EXPANSION,SYNTHETIC_DEMO
EVT00289,EVENT,Cyber Incident,PROJECT_DEMO_EXPANSION,SYNTHETIC_DEMO
EVT00290,EVENT,Factory Shutdown,PROJECT_DEMO_EXPANSION,SYNTHETIC_DEMO
EVT00291,EVENT,Flood,PROJECT_DEMO_EXPANSION,SYNTHETIC_DEMO
EVT00292,EVENT,Port Disruption,PROJECT_DEMO_EXPANSION,SYNTHETIC_DEMO
EVT00293,EVENT,Fire,PROJECT_DEMO_EXPANSION,SYNTHETIC_DEMO
EVT00294,EVENT,Earthquake,PROJECT_DEMO_EXPANSION,SYNTHETIC_DEMO
EVT00295,EVENT,Storm,PROJECT_DEMO_EXPANSION,SYNTHETIC_DEMO
EVT00296,EVENT,Labor Disruption,PROJECT_DEMO_EXPANSION,SYNTHETIC_DEMO
EVT00297,EVENT,Road Closure,PROJECT_DEMO_EXPANSION,SYNTHETIC_DEMO
EVT00298,EVENT,Power Outage,PROJECT_DEMO_EXPANSION,SYNTHETIC_DEMO
EVT00299,EVENT,Cyber Incident,PROJECT_DEMO_EXPANSION,SYNTHETIC_DEMO
EVT00300,EVENT,Factory Shutdown,PROJECT_DEMO_EXPANSION,SYNTHETIC_DEMO
EVT00301,EVENT,Flood,PROJECT_DEMO_EXPANSION,SYNTHETIC_DEMO
EVT00302,EVENT,Port Disruption,PROJECT_DEMO_EXPANSION,SYNTHETIC_DEMO
EVT00303,EVENT,Fire,PROJECT_DEMO_EXPANSION,SYNTHETIC_DEMO
EVT00304,EVENT,Earthquake,PROJECT_DEMO_EXPANSION,SYNTHETIC_DEMO
EVT00305,EVENT,Storm,PROJECT_DEMO_EXPANSION,SYNTHETIC_DEMO
EVT00306,EVENT,Labor Disruption,PROJECT_DEMO_EXPANSION,SYNTHETIC_DEMO
EVT00307,EVENT,Road Closure,PROJECT_DEMO_EXPANSION,SYNTHETIC_DEMO
EVT00308,EVENT,Power Outage,PROJECT_DEMO_EXPANSION,SYNTHETIC_DEMO
EVT00309,EVENT,Cyber Incident,PROJECT_DEMO_EXPANSION,SYNTHETIC_DEMO
EVT00310,EVENT,Factory Shutdown,PROJECT_DEMO_EXPANSION,SYNTHETIC_DEMO
EVT00311,EVENT,Flood,PROJECT_DEMO_EXPANSION,SYNTHETIC_DEMO
EVT00312,EVENT,Port Disruption,PROJECT_DEMO_EXPANSION,SYNTHETIC_DEMO
EVT00313,EVENT,Fire,PROJECT_DEMO_EXPANSION,SYNTHETIC_DEMO
EVT00314,EVENT,Earthquake,PROJECT_DEMO_EXPANSION,SYNTHETIC_DEMO
EVT00315,EVENT,Storm,PROJECT_DEMO_EXPANSION,SYNTHETIC_DEMO
EVT00316,EVENT,Labor Disruption,PROJECT_DEMO_EXPANSION,SYNTHETIC_DEMO
EVT00317,EVENT,Road Closure,PROJECT_DEMO_EXPANSION,SYNTHETIC_DEMO
EVT00318,EVENT,Power Outage,PROJECT_DEMO_EXPANSION,SYNTHETIC_DEMO
EVT00319,EVENT,Cyber Incident,PROJECT_DEMO_EXPANSION,SYNTHETIC_DEMO
EVT00320,EVENT,Factory Shutdown,PROJECT_DEMO_EXPANSION,SYNTHETIC_DEMO
EVT00321,EVENT,Flood,PROJECT_DEMO_EXPANSION,SYNTHETIC_DEMO
EVT00322,EVENT,Port Disruption,PROJECT_DEMO_EXPANSION,SYNTHETIC_DEMO
EVT00323,EVENT,Fire,PROJECT_DEMO_EXPANSION,SYNTHETIC_DEMO
EVT00324,EVENT,Earthquake,PROJECT_DEMO_EXPANSION,SYNTHETIC_DEMO
EVT00325,EVENT,Storm,PROJECT_DEMO_EXPANSION,SYNTHETIC_DEMO
EVT00326,EVENT,Labor Disruption,PROJECT_DEMO_EXPANSION,SYNTHETIC_DEMO
EVT00327,EVENT,Road Closure,PROJECT_DEMO_EXPANSION,SYNTHETIC_DEMO
EVT00328,EVENT,Power Outage,PROJECT_DEMO_EXPANSION,SYNTHETIC_DEMO
EVT00329,EVENT,Cyber Incident,PROJECT_DEMO_EXPANSION,SYNTHETIC_DEMO
EVT00330,EVENT,Factory Shutdown,PROJECT_DEMO_EXPANSION,SYNTHETIC_DEMO
EVT00331,EVENT,Flood,PROJECT_DEMO_EXPANSION,SYNTHETIC_DEMO
EVT00332,EVENT,Port Disruption,PROJECT_DEMO_EXPANSION,SYNTHETIC_DEMO
EVT00333,EVENT,Fire,PROJECT_DEMO_EXPANSION,SYNTHETIC_DEMO
EVT00334,EVENT,Earthquake,PROJECT_DEMO_EXPANSION,SYNTHETIC_DEMO
EVT00335,EVENT,Storm,PROJECT_DEMO_EXPANSION,SYNTHETIC_DEMO
EVT00336,EVENT,Labor Disruption,PROJECT_DEMO_EXPANSION,SYNTHETIC_DEMO
EVT00337,EVENT,Road Closure,PROJECT_DEMO_EXPANSION,SYNTHETIC_DEMO
EVT00338,EVENT,Power Outage,PROJECT_DEMO_EXPANSION,SYNTHETIC_DEMO
EVT00339,EVENT,Cyber Incident,PROJECT_DEMO_EXPANSION,SYNTHETIC_DEMO
EVT00340,EVENT,Factory Shutdown,PROJECT_DEMO_EXPANSION,SYNTHETIC_DEMO
EVT00341,EVENT,Flood,PROJECT_DEMO_EXPANSION,SYNTHETIC_DEMO
EVT00342,EVENT,Port Disruption,PROJECT_DEMO_EXPANSION,SYNTHETIC_DEMO
EVT00343,EVENT,Fire,PROJECT_DEMO_EXPANSION,SYNTHETIC_DEMO
EVT00344,EVENT,Earthquake,PROJECT_DEMO_EXPANSION,SYNTHETIC_DEMO
EVT00345,EVENT,Storm,PROJECT_DEMO_EXPANSION,SYNTHETIC_DEMO
EVT00346,EVENT,Labor Disruption,PROJECT_DEMO_EXPANSION,SYNTHETIC_DEMO
EVT00347,EVENT,Road Closure,PROJECT_DEMO_EXPANSION,SYNTHETIC_DEMO
EVT00348,EVENT,Power Outage,PROJECT_DEMO_EXPANSION,SYNTHETIC_DEMO
EVT00349,EVENT,Cyber Incident,PROJECT_DEMO_EXPANSION,SYNTHETIC_DEMO
EVT00350,EVENT,Factory Shutdown,PROJECT_DEMO_EXPANSION,SYNTHETIC_DEMO
EVT00351,EVENT,Flood,PROJECT_DEMO_EXPANSION,SYNTHETIC_DEMO
EVT00352,EVENT,Port Disruption,PROJECT_DEMO_EXPANSION,SYNTHETIC_DEMO
EVT00353,EVENT,Fire,PROJECT_DEMO_EXPANSION,SYNTHETIC_DEMO
EVT00354,EVENT,Earthquake,PROJECT_DEMO_EXPANSION,SYNTHETIC_DEMO
EVT00355,EVENT,Storm,PROJECT_DEMO_EXPANSION,SYNTHETIC_DEMO
EVT00356,EVENT,Labor Disruption,PROJECT_DEMO_EXPANSION,SYNTHETIC_DEMO
EVT00357,EVENT,Road Closure,PROJECT_DEMO_EXPANSION,SYNTHETIC_DEMO
EVT00358,EVENT,Power Outage,PROJECT_DEMO_EXPANSION,SYNTHETIC_DEMO
EVT00359,EVENT,Cyber Incident,PROJECT_DEMO_EXPANSION,SYNTHETIC_DEMO
EVT00360,EVENT,Factory Shutdown,PROJECT_DEMO_EXPANSION,SYNTHETIC_DEMO
EVT00361,EVENT,Flood,PROJECT_DEMO_EXPANSION,SYNTHETIC_DEMO
EVT00362,EVENT,Port Disruption,PROJECT_DEMO_EXPANSION,SYNTHETIC_DEMO
EVT00363,EVENT,Fire,PROJECT_DEMO_EXPANSION,SYNTHETIC_DEMO
EVT00364,EVENT,Earthquake,PROJECT_DEMO_EXPANSION,SYNTHETIC_DEMO
EVT00365,EVENT,Storm,PROJECT_DEMO_EXPANSION,SYNTHETIC_DEMO
EVT00366,EVENT,Labor Disruption,PROJECT_DEMO_EXPANSION,SYNTHETIC_DEMO
EVT00367,EVENT,Road Closure,PROJECT_DEMO_EXPANSION,SYNTHETIC_DEMO
EVT00368,EVENT,Power Outage,PROJECT_DEMO_EXPANSION,SYNTHETIC_DEMO
EVT00369,EVENT,Cyber Incident,PROJECT_DEMO_EXPANSION,SYNTHETIC_DEMO
EVT00370,EVENT,Factory Shutdown,PROJECT_DEMO_EXPANSION,SYNTHETIC_DEMO
EVT00371,EVENT,Flood,PROJECT_DEMO_EXPANSION,SYNTHETIC_DEMO
EVT00372,EVENT,Port Disruption,PROJECT_DEMO_EXPANSION,SYNTHETIC_DEMO
EVT00373,EVENT,Fire,PROJECT_DEMO_EXPANSION,SYNTHETIC_DEMO
EVT00374,EVENT,Earthquake,PROJECT_DEMO_EXPANSION,SYNTHETIC_DEMO
EVT00375,EVENT,Storm,PROJECT_DEMO_EXPANSION,SYNTHETIC_DEMO
EVT00376,EVENT,Labor Disruption,PROJECT_DEMO_EXPANSION,SYNTHETIC_DEMO
EVT00377,EVENT,Road Closure,PROJECT_DEMO_EXPANSION,SYNTHETIC_DEMO
EVT00378,EVENT,Power Outage,PROJECT_DEMO_EXPANSION,SYNTHETIC_DEMO
EVT00379,EVENT,Cyber Incident,PROJECT_DEMO_EXPANSION,SYNTHETIC_DEMO
EVT00380,EVENT,Factory Shutdown,PROJECT_DEMO_EXPANSION,SYNTHETIC_DEMO
EVT00381,EVENT,Flood,PROJECT_DEMO_EXPANSION,SYNTHETIC_DEMO
EVT00382,EVENT,Port Disruption,PROJECT_DEMO_EXPANSION,SYNTHETIC_DEMO
EVT00383,EVENT,Fire,PROJECT_DEMO_EXPANSION,SYNTHETIC_DEMO
EVT00384,EVENT,Earthquake,PROJECT_DEMO_EXPANSION,SYNTHETIC_DEMO
EVT00385,EVENT,Storm,PROJECT_DEMO_EXPANSION,SYNTHETIC_DEMO
EVT00386,EVENT,Labor Disruption,PROJECT_DEMO_EXPANSION,SYNTHETIC_DEMO
EVT00387,EVENT,Road Closure,PROJECT_DEMO_EXPANSION,SYNTHETIC_DEMO
EVT00388,EVENT,Power Outage,PROJECT_DEMO_EXPANSION,SYNTHETIC_DEMO
EVT00389,EVENT,Cyber Incident,PROJECT_DEMO_EXPANSION,SYNTHETIC_DEMO
EVT00390,EVENT,Factory Shutdown,PROJECT_DEMO_EXPANSION,SYNTHETIC_DEMO
EVT00391,EVENT,Flood,PROJECT_DEMO_EXPANSION,SYNTHETIC_DEMO
EVT00392,EVENT,Port Disruption,PROJECT_DEMO_EXPANSION,SYNTHETIC_DEMO
EVT00393,EVENT,Fire,PROJECT_DEMO_EXPANSION,SYNTHETIC_DEMO
EVT00394,EVENT,Earthquake,PROJECT_DEMO_EXPANSION,SYNTHETIC_DEMO
EVT00395,EVENT,Storm,PROJECT_DEMO_EXPANSION,SYNTHETIC_DEMO
EVT00396,EVENT,Labor Disruption,PROJECT_DEMO_EXPANSION,SYNTHETIC_DEMO
EVT00397,EVENT,Road Closure,PROJECT_DEMO_EXPANSION,SYNTHETIC_DEMO
EVT00398,EVENT,Power Outage,PROJECT_DEMO_EXPANSION,SYNTHETIC_DEMO
EVT00399,EVENT,Cyber Incident,PROJECT_DEMO_EXPANSION,SYNTHETIC_DEMO
EVT00400,EVENT,Factory Shutdown,PROJECT_DEMO_EXPANSION,SYNTHETIC_DEMO
EVT00401,EVENT,Flood,PROJECT_DEMO_EXPANSION,SYNTHETIC_DEMO
EVT00402,EVENT,Port Disruption,PROJECT_DEMO_EXPANSION,SYNTHETIC_DEMO
EVT00403,EVENT,Fire,PROJECT_DEMO_EXPANSION,SYNTHETIC_DEMO
EVT00404,EVENT,Earthquake,PROJECT_DEMO_EXPANSION,SYNTHETIC_DEMO
EVT00405,EVENT,Storm,PROJECT_DEMO_EXPANSION,SYNTHETIC_DEMO
EVT00406,EVENT,Labor Disruption,PROJECT_DEMO_EXPANSION,SYNTHETIC_DEMO
EVT00407,EVENT,Road Closure,PROJECT_DEMO_EXPANSION,SYNTHETIC_DEMO
EVT00408,EVENT,Power Outage,PROJECT_DEMO_EXPANSION,SYNTHETIC_DEMO
EVT00409,EVENT,Cyber Incident,PROJECT_DEMO_EXPANSION,SYNTHETIC_DEMO
EVT00410,EVENT,Factory Shutdown,PROJECT_DEMO_EXPANSION,SYNTHETIC_DEMO
EVT00411,EVENT,Flood,PROJECT_DEMO_EXPANSION,SYNTHETIC_DEMO
EVT00412,EVENT,Port Disruption,PROJECT_DEMO_EXPANSION,SYNTHETIC_DEMO
EVT00413,EVENT,Fire,PROJECT_DEMO_EXPANSION,SYNTHETIC_DEMO
EVT00414,EVENT,Earthquake,PROJECT_DEMO_EXPANSION,SYNTHETIC_DEMO
EVT00415,EVENT,Storm,PROJECT_DEMO_EXPANSION,SYNTHETIC_DEMO
EVT00416,EVENT,Labor Disruption,PROJECT_DEMO_EXPANSION,SYNTHETIC_DEMO
EVT00417,EVENT,Road Closure,PROJECT_DEMO_EXPANSION,SYNTHETIC_DEMO
EVT00418,EVENT,Power Outage,PROJECT_DEMO_EXPANSION,SYNTHETIC_DEMO
EVT00419,EVENT,Cyber Incident,PROJECT_DEMO_EXPANSION,SYNTHETIC_DEMO
EVT00420,EVENT,Factory Shutdown,PROJECT_DEMO_EXPANSION,SYNTHETIC_DEMO
EVT00421,EVENT,Flood,PROJECT_DEMO_EXPANSION,SYNTHETIC_DEMO
EVT00422,EVENT,Port Disruption,PROJECT_DEMO_EXPANSION,SYNTHETIC_DEMO
EVT00423,EVENT,Fire,PROJECT_DEMO_EXPANSION,SYNTHETIC_DEMO
EVT00424,EVENT,Earthquake,PROJECT_DEMO_EXPANSION,SYNTHETIC_DEMO
EVT00425,EVENT,Storm,PROJECT_DEMO_EXPANSION,SYNTHETIC_DEMO
EVT00426,EVENT,Labor Disruption,PROJECT_DEMO_EXPANSION,SYNTHETIC_DEMO
EVT00427,EVENT,Road Closure,PROJECT_DEMO_EXPANSION,SYNTHETIC_DEMO
EVT00428,EVENT,Power Outage,PROJECT_DEMO_EXPANSION,SYNTHETIC_DEMO
EVT00429,EVENT,Cyber Incident,PROJECT_DEMO_EXPANSION,SYNTHETIC_DEMO
EVT00430,EVENT,Factory Shutdown,PROJECT_DEMO_EXPANSION,SYNTHETIC_DEMO
EVT00431,EVENT,Flood,PROJECT_DEMO_EXPANSION,SYNTHETIC_DEMO
EVT00432,EVENT,Port Disruption,PROJECT_DEMO_EXPANSION,SYNTHETIC_DEMO
EVT00433,EVENT,Fire,PROJECT_DEMO_EXPANSION,SYNTHETIC_DEMO
EVT00434,EVENT,Earthquake,PROJECT_DEMO_EXPANSION,SYNTHETIC_DEMO
EVT00435,EVENT,Storm,PROJECT_DEMO_EXPANSION,SYNTHETIC_DEMO
EVT00436,EVENT,Labor Disruption,PROJECT_DEMO_EXPANSION,SYNTHETIC_DEMO
EVT00437,EVENT,Road Closure,PROJECT_DEMO_EXPANSION,SYNTHETIC_DEMO
EVT00438,EVENT,Power Outage,PROJECT_DEMO_EXPANSION,SYNTHETIC_DEMO
EVT00439,EVENT,Cyber Incident,PROJECT_DEMO_EXPANSION,SYNTHETIC_DEMO
EVT00440,EVENT,Factory Shutdown,PROJECT_DEMO_EXPANSION,SYNTHETIC_DEMO
EVT00441,EVENT,Flood,PROJECT_DEMO_EXPANSION,SYNTHETIC_DEMO
EVT00442,EVENT,Port Disruption,PROJECT_DEMO_EXPANSION,SYNTHETIC_DEMO
EVT00443,EVENT,Fire,PROJECT_DEMO_EXPANSION,SYNTHETIC_DEMO
EVT00444,EVENT,Earthquake,PROJECT_DEMO_EXPANSION,SYNTHETIC_DEMO
EVT00445,EVENT,Storm,PROJECT_DEMO_EXPANSION,SYNTHETIC_DEMO
EVT00446,EVENT,Labor Disruption,PROJECT_DEMO_EXPANSION,SYNTHETIC_DEMO
EVT00447,EVENT,Road Closure,PROJECT_DEMO_EXPANSION,SYNTHETIC_DEMO
EVT00448,EVENT,Power Outage,PROJECT_DEMO_EXPANSION,SYNTHETIC_DEMO
EVT00449,EVENT,Cyber Incident,PROJECT_DEMO_EXPANSION,SYNTHETIC_DEMO
EVT00450,EVENT,Factory Shutdown,PROJECT_DEMO_EXPANSION,SYNTHETIC_DEMO
EVT00451,EVENT,Flood,PROJECT_DEMO_EXPANSION,SYNTHETIC_DEMO
EVT00452,EVENT,Port Disruption,PROJECT_DEMO_EXPANSION,SYNTHETIC_DEMO
EVT00453,EVENT,Fire,PROJECT_DEMO_EXPANSION,SYNTHETIC_DEMO
EVT00454,EVENT,Earthquake,PROJECT_DEMO_EXPANSION,SYNTHETIC_DEMO
EVT00455,EVENT,Storm,PROJECT_DEMO_EXPANSION,SYNTHETIC_DEMO
EVT00456,EVENT,Labor Disruption,PROJECT_DEMO_EXPANSION,SYNTHETIC_DEMO
EVT00457,EVENT,Road Closure,PROJECT_DEMO_EXPANSION,SYNTHETIC_DEMO
EVT00458,EVENT,Power Outage,PROJECT_DEMO_EXPANSION,SYNTHETIC_DEMO
EVT00459,EVENT,Cyber Incident,PROJECT_DEMO_EXPANSION,SYNTHETIC_DEMO
EVT00460,EVENT,Factory Shutdown,PROJECT_DEMO_EXPANSION,SYNTHETIC_DEMO
EVT00461,EVENT,Flood,PROJECT_DEMO_EXPANSION,SYNTHETIC_DEMO
EVT00462,EVENT,Port Disruption,PROJECT_DEMO_EXPANSION,SYNTHETIC_DEMO
EVT00463,EVENT,Fire,PROJECT_DEMO_EXPANSION,SYNTHETIC_DEMO
EVT00464,EVENT,Earthquake,PROJECT_DEMO_EXPANSION,SYNTHETIC_DEMO
EVT00465,EVENT,Storm,PROJECT_DEMO_EXPANSION,SYNTHETIC_DEMO
EVT00466,EVENT,Labor Disruption,PROJECT_DEMO_EXPANSION,SYNTHETIC_DEMO
EVT00467,EVENT,Road Closure,PROJECT_DEMO_EXPANSION,SYNTHETIC_DEMO
EVT00468,EVENT,Power Outage,PROJECT_DEMO_EXPANSION,SYNTHETIC_DEMO
EVT00469,EVENT,Cyber Incident,PROJECT_DEMO_EXPANSION,SYNTHETIC_DEMO
EVT00470,EVENT,Factory Shutdown,PROJECT_DEMO_EXPANSION,SYNTHETIC_DEMO
EVT00471,EVENT,Flood,PROJECT_DEMO_EXPANSION,SYNTHETIC_DEMO
EVT00472,EVENT,Port Disruption,PROJECT_DEMO_EXPANSION,SYNTHETIC_DEMO
EVT00473,EVENT,Fire,PROJECT_DEMO_EXPANSION,SYNTHETIC_DEMO
EVT00474,EVENT,Earthquake,PROJECT_DEMO_EXPANSION,SYNTHETIC_DEMO
EVT00475,EVENT,Storm,PROJECT_DEMO_EXPANSION,SYNTHETIC_DEMO
EVT00476,EVENT,Labor Disruption,PROJECT_DEMO_EXPANSION,SYNTHETIC_DEMO
EVT00477,EVENT,Road Closure,PROJECT_DEMO_EXPANSION,SYNTHETIC_DEMO
EVT00478,EVENT,Power Outage,PROJECT_DEMO_EXPANSION,SYNTHETIC_DEMO
EVT00479,EVENT,Cyber Incident,PROJECT_DEMO_EXPANSION,SYNTHETIC_DEMO
EVT00480,EVENT,Factory Shutdown,PROJECT_DEMO_EXPANSION,SYNTHETIC_DEMO
EVT00481,EVENT,Flood,PROJECT_DEMO_EXPANSION,SYNTHETIC_DEMO
EVT00482,EVENT,Port Disruption,PROJECT_DEMO_EXPANSION,SYNTHETIC_DEMO
EVT00483,EVENT,Fire,PROJECT_DEMO_EXPANSION,SYNTHETIC_DEMO
EVT00484,EVENT,Earthquake,PROJECT_DEMO_EXPANSION,SYNTHETIC_DEMO
EVT00485,EVENT,Storm,PROJECT_DEMO_EXPANSION,SYNTHETIC_DEMO
EVT00486,EVENT,Labor Disruption,PROJECT_DEMO_EXPANSION,SYNTHETIC_DEMO
EVT00487,EVENT,Road Closure,PROJECT_DEMO_EXPANSION,SYNTHETIC_DEMO
EVT00488,EVENT,Power Outage,PROJECT_DEMO_EXPANSION,SYNTHETIC_DEMO
EVT00489,EVENT,Cyber Incident,PROJECT_DEMO_EXPANSION,SYNTHETIC_DEMO
EVT00490,EVENT,Factory Shutdown,PROJECT_DEMO_EXPANSION,SYNTHETIC_DEMO
EVT00491,EVENT,Flood,PROJECT_DEMO_EXPANSION,SYNTHETIC_DEMO
EVT00492,EVENT,Port Disruption,PROJECT_DEMO_EXPANSION,SYNTHETIC_DEMO
EVT00493,EVENT,Fire,PROJECT_DEMO_EXPANSION,SYNTHETIC_DEMO
EVT00494,EVENT,Earthquake,PROJECT_DEMO_EXPANSION,SYNTHETIC_DEMO
EVT00495,EVENT,Storm,PROJECT_DEMO_EXPANSION,SYNTHETIC_DEMO
EVT00496,EVENT,Labor Disruption,PROJECT_DEMO_EXPANSION,SYNTHETIC_DEMO
EVT00497,EVENT,Road Closure,PROJECT_DEMO_EXPANSION,SYNTHETIC_DEMO
EVT00498,EVENT,Power Outage,PROJECT_DEMO_EXPANSION,SYNTHETIC_DEMO
EVT00499,EVENT,Cyber Incident,PROJECT_DEMO_EXPANSION,SYNTHETIC_DEMO
EVT00500,EVENT,Factory Shutdown,PROJECT_DEMO_EXPANSION,SYNTHETIC_DEMO
EVT00501,EVENT,Flood,PROJECT_DEMO_EXPANSION,SYNTHETIC_DEMO
EVT00502,EVENT,Port Disruption,PROJECT_DEMO_EXPANSION,SYNTHETIC_DEMO
EVT00503,EVENT,Fire,PROJECT_DEMO_EXPANSION,SYNTHETIC_DEMO
EVT00504,EVENT,Earthquake,PROJECT_DEMO_EXPANSION,SYNTHETIC_DEMO
EVT00505,EVENT,Storm,PROJECT_DEMO_EXPANSION,SYNTHETIC_DEMO
EVT00506,EVENT,Labor Disruption,PROJECT_DEMO_EXPANSION,SYNTHETIC_DEMO
EVT00507,EVENT,Road Closure,PROJECT_DEMO_EXPANSION,SYNTHETIC_DEMO
EVT00508,EVENT,Power Outage,PROJECT_DEMO_EXPANSION,SYNTHETIC_DEMO
EVT00509,EVENT,Cyber Incident,PROJECT_DEMO_EXPANSION,SYNTHETIC_DEMO
EVT00510,EVENT,Factory Shutdown,PROJECT_DEMO_EXPANSION,SYNTHETIC_DEMO
EVT00511,EVENT,Flood,PROJECT_DEMO_EXPANSION,SYNTHETIC_DEMO
EVT00512,EVENT,Port Disruption,PROJECT_DEMO_EXPANSION,SYNTHETIC_DEMO
EVT00513,EVENT,Fire,PROJECT_DEMO_EXPANSION,SYNTHETIC_DEMO
EVT00514,EVENT,Earthquake,PROJECT_DEMO_EXPANSION,SYNTHETIC_DEMO
EVT00515,EVENT,Storm,PROJECT_DEMO_EXPANSION,SYNTHETIC_DEMO
EVT00516,EVENT,Labor Disruption,PROJECT_DEMO_EXPANSION,SYNTHETIC_DEMO
EVT00517,EVENT,Road Closure,PROJECT_DEMO_EXPANSION,SYNTHETIC_DEMO
EVT00518,EVENT,Power Outage,PROJECT_DEMO_EXPANSION,SYNTHETIC_DEMO
EVT00519,EVENT,Cyber Incident,PROJECT_DEMO_EXPANSION,SYNTHETIC_DEMO
EVT00520,EVENT,Factory Shutdown,PROJECT_DEMO_EXPANSION,SYNTHETIC_DEMO
EVT00521,EVENT,Flood,PROJECT_DEMO_EXPANSION,SYNTHETIC_DEMO
EVT00522,EVENT,Port Disruption,PROJECT_DEMO_EXPANSION,SYNTHETIC_DEMO
EVT00523,EVENT,Fire,PROJECT_DEMO_EXPANSION,SYNTHETIC_DEMO
EVT00524,EVENT,Earthquake,PROJECT_DEMO_EXPANSION,SYNTHETIC_DEMO
EVT00525,EVENT,Storm,PROJECT_DEMO_EXPANSION,SYNTHETIC_DEMO
EVT00526,EVENT,Labor Disruption,PROJECT_DEMO_EXPANSION,SYNTHETIC_DEMO
EVT00527,EVENT,Road Closure,PROJECT_DEMO_EXPANSION,SYNTHETIC_DEMO
EVT00528,EVENT,Power Outage,PROJECT_DEMO_EXPANSION,SYNTHETIC_DEMO
EVT00529,EVENT,Cyber Incident,PROJECT_DEMO_EXPANSION,SYNTHETIC_DEMO
EVT00530,EVENT,Factory Shutdown,PROJECT_DEMO_EXPANSION,SYNTHETIC_DEMO
EVT00531,EVENT,Flood,PROJECT_DEMO_EXPANSION,SYNTHETIC_DEMO
EVT00532,EVENT,Port Disruption,PROJECT_DEMO_EXPANSION,SYNTHETIC_DEMO
EVT00533,EVENT,Fire,PROJECT_DEMO_EXPANSION,SYNTHETIC_DEMO
EVT00534,EVENT,Earthquake,PROJECT_DEMO_EXPANSION,SYNTHETIC_DEMO
EVT00535,EVENT,Storm,PROJECT_DEMO_EXPANSION,SYNTHETIC_DEMO
EVT00536,EVENT,Labor Disruption,PROJECT_DEMO_EXPANSION,SYNTHETIC_DEMO
EVT00537,EVENT,Road Closure,PROJECT_DEMO_EXPANSION,SYNTHETIC_DEMO
EVT00538,EVENT,Power Outage,PROJECT_DEMO_EXPANSION,SYNTHETIC_DEMO
EVT00539,EVENT,Cyber Incident,PROJECT_DEMO_EXPANSION,SYNTHETIC_DEMO
EVT00540,EVENT,Factory Shutdown,PROJECT_DEMO_EXPANSION,SYNTHETIC_DEMO
EVT00541,EVENT,Flood,PROJECT_DEMO_EXPANSION,SYNTHETIC_DEMO
EVT00542,EVENT,Port Disruption,PROJECT_DEMO_EXPANSION,SYNTHETIC_DEMO
EVT00543,EVENT,Fire,PROJECT_DEMO_EXPANSION,SYNTHETIC_DEMO
EVT00544,EVENT,Earthquake,PROJECT_DEMO_EXPANSION,SYNTHETIC_DEMO
EVT00545,EVENT,Storm,PROJECT_DEMO_EXPANSION,SYNTHETIC_DEMO
EVT00546,EVENT,Labor Disruption,PROJECT_DEMO_EXPANSION,SYNTHETIC_DEMO
EVT00547,EVENT,Road Closure,PROJECT_DEMO_EXPANSION,SYNTHETIC_DEMO
EVT00548,EVENT,Power Outage,PROJECT_DEMO_EXPANSION,SYNTHETIC_DEMO
EVT00549,EVENT,Cyber Incident,PROJECT_DEMO_EXPANSION,SYNTHETIC_DEMO
EVT00550,EVENT,Factory Shutdown,PROJECT_DEMO_EXPANSION,SYNTHETIC_DEMO
EVT00551,EVENT,Flood,PROJECT_DEMO_EXPANSION,SYNTHETIC_DEMO
EVT00552,EVENT,Port Disruption,PROJECT_DEMO_EXPANSION,SYNTHETIC_DEMO
EVT00553,EVENT,Fire,PROJECT_DEMO_EXPANSION,SYNTHETIC_DEMO
EVT00554,EVENT,Earthquake,PROJECT_DEMO_EXPANSION,SYNTHETIC_DEMO
EVT00555,EVENT,Storm,PROJECT_DEMO_EXPANSION,SYNTHETIC_DEMO
EVT00556,EVENT,Labor Disruption,PROJECT_DEMO_EXPANSION,SYNTHETIC_DEMO
EVT00557,EVENT,Road Closure,PROJECT_DEMO_EXPANSION,SYNTHETIC_DEMO
EVT00558,EVENT,Power Outage,PROJECT_DEMO_EXPANSION,SYNTHETIC_DEMO
EVT00559,EVENT,Cyber Incident,PROJECT_DEMO_EXPANSION,SYNTHETIC_DEMO
EVT00560,EVENT,Factory Shutdown,PROJECT_DEMO_EXPANSION,SYNTHETIC_DEMO
EVT00561,EVENT,Flood,PROJECT_DEMO_EXPANSION,SYNTHETIC_DEMO
EVT00562,EVENT,Port Disruption,PROJECT_DEMO_EXPANSION,SYNTHETIC_DEMO
EVT00563,EVENT,Fire,PROJECT_DEMO_EXPANSION,SYNTHETIC_DEMO
EVT00564,EVENT,Earthquake,PROJECT_DEMO_EXPANSION,SYNTHETIC_DEMO
EVT00565,EVENT,Storm,PROJECT_DEMO_EXPANSION,SYNTHETIC_DEMO
EVT00566,EVENT,Labor Disruption,PROJECT_DEMO_EXPANSION,SYNTHETIC_DEMO
EVT00567,EVENT,Road Closure,PROJECT_DEMO_EXPANSION,SYNTHETIC_DEMO
EVT00568,EVENT,Power Outage,PROJECT_DEMO_EXPANSION,SYNTHETIC_DEMO
EVT00569,EVENT,Cyber Incident,PROJECT_DEMO_EXPANSION,SYNTHETIC_DEMO
EVT00570,EVENT,Factory Shutdown,PROJECT_DEMO_EXPANSION,SYNTHETIC_DEMO
EVT00571,EVENT,Flood,PROJECT_DEMO_EXPANSION,SYNTHETIC_DEMO
EVT00572,EVENT,Port Disruption,PROJECT_DEMO_EXPANSION,SYNTHETIC_DEMO
EVT00573,EVENT,Fire,PROJECT_DEMO_EXPANSION,SYNTHETIC_DEMO
EVT00574,EVENT,Earthquake,PROJECT_DEMO_EXPANSION,SYNTHETIC_DEMO
EVT00575,EVENT,Storm,PROJECT_DEMO_EXPANSION,SYNTHETIC_DEMO
EVT00576,EVENT,Labor Disruption,PROJECT_DEMO_EXPANSION,SYNTHETIC_DEMO
EVT00577,EVENT,Road Closure,PROJECT_DEMO_EXPANSION,SYNTHETIC_DEMO
EVT00578,EVENT,Power Outage,PROJECT_DEMO_EXPANSION,SYNTHETIC_DEMO
EVT00579,EVENT,Cyber Incident,PROJECT_DEMO_EXPANSION,SYNTHETIC_DEMO
EVT00580,EVENT,Factory Shutdown,PROJECT_DEMO_EXPANSION,SYNTHETIC_DEMO
EVT00581,EVENT,Flood,PROJECT_DEMO_EXPANSION,SYNTHETIC_DEMO
EVT00582,EVENT,Port Disruption,PROJECT_DEMO_EXPANSION,SYNTHETIC_DEMO
EVT00583,EVENT,Fire,PROJECT_DEMO_EXPANSION,SYNTHETIC_DEMO
EVT00584,EVENT,Earthquake,PROJECT_DEMO_EXPANSION,SYNTHETIC_DEMO
EVT00585,EVENT,Storm,PROJECT_DEMO_EXPANSION,SYNTHETIC_DEMO
EVT00586,EVENT,Labor Disruption,PROJECT_DEMO_EXPANSION,SYNTHETIC_DEMO
EVT00587,EVENT,Road Closure,PROJECT_DEMO_EXPANSION,SYNTHETIC_DEMO
EVT00588,EVENT,Power Outage,PROJECT_DEMO_EXPANSION,SYNTHETIC_DEMO
EVT00589,EVENT,Cyber Incident,PROJECT_DEMO_EXPANSION,SYNTHETIC_DEMO
EVT00590,EVENT,Factory Shutdown,PROJECT_DEMO_EXPANSION,SYNTHETIC_DEMO
EVT00591,EVENT,Flood,PROJECT_DEMO_EXPANSION,SYNTHETIC_DEMO
EVT00592,EVENT,Port Disruption,PROJECT_DEMO_EXPANSION,SYNTHETIC_DEMO
EVT00593,EVENT,Fire,PROJECT_DEMO_EXPANSION,SYNTHETIC_DEMO
EVT00594,EVENT,Earthquake,PROJECT_DEMO_EXPANSION,SYNTHETIC_DEMO
EVT00595,EVENT,Storm,PROJECT_DEMO_EXPANSION,SYNTHETIC_DEMO
EVT00596,EVENT,Labor Disruption,PROJECT_DEMO_EXPANSION,SYNTHETIC_DEMO
EVT00597,EVENT,Road Closure,PROJECT_DEMO_EXPANSION,SYNTHETIC_DEMO
EVT00598,EVENT,Power Outage,PROJECT_DEMO_EXPANSION,SYNTHETIC_DEMO
EVT00599,EVENT,Cyber Incident,PROJECT_DEMO_EXPANSION,SYNTHETIC_DEMO
EVT00600,EVENT,Factory Shutdown,PROJECT_DEMO_EXPANSION,SYNTHETIC_DEMO
EVT00601,EVENT,Flood,PROJECT_DEMO_EXPANSION,SYNTHETIC_DEMO
EVT00602,EVENT,Port Disruption,PROJECT_DEMO_EXPANSION,SYNTHETIC_DEMO
EVT00603,EVENT,Fire,PROJECT_DEMO_EXPANSION,SYNTHETIC_DEMO
EVT00604,EVENT,Earthquake,PROJECT_DEMO_EXPANSION,SYNTHETIC_DEMO
EVT00605,EVENT,Storm,PROJECT_DEMO_EXPANSION,SYNTHETIC_DEMO
EVT00606,EVENT,Labor Disruption,PROJECT_DEMO_EXPANSION,SYNTHETIC_DEMO
EVT00607,EVENT,Road Closure,PROJECT_DEMO_EXPANSION,SYNTHETIC_DEMO
EVT00608,EVENT,Power Outage,PROJECT_DEMO_EXPANSION,SYNTHETIC_DEMO
EVT00609,EVENT,Cyber Incident,PROJECT_DEMO_EXPANSION,SYNTHETIC_DEMO
EVT00610,EVENT,Factory Shutdown,PROJECT_DEMO_EXPANSION,SYNTHETIC_DEMO
EVT00611,EVENT,Flood,PROJECT_DEMO_EXPANSION,SYNTHETIC_DEMO
EVT00612,EVENT,Port Disruption,PROJECT_DEMO_EXPANSION,SYNTHETIC_DEMO
EVT00613,EVENT,Fire,PROJECT_DEMO_EXPANSION,SYNTHETIC_DEMO
EVT00614,EVENT,Earthquake,PROJECT_DEMO_EXPANSION,SYNTHETIC_DEMO
EVT00615,EVENT,Storm,PROJECT_DEMO_EXPANSION,SYNTHETIC_DEMO
EVT00616,EVENT,Labor Disruption,PROJECT_DEMO_EXPANSION,SYNTHETIC_DEMO
EVT00617,EVENT,Road Closure,PROJECT_DEMO_EXPANSION,SYNTHETIC_DEMO
EVT00618,EVENT,Power Outage,PROJECT_DEMO_EXPANSION,SYNTHETIC_DEMO
EVT00619,EVENT,Cyber Incident,PROJECT_DEMO_EXPANSION,SYNTHETIC_DEMO
EVT00620,EVENT,Factory Shutdown,PROJECT_DEMO_EXPANSION,SYNTHETIC_DEMO
EVT00621,EVENT,Flood,PROJECT_DEMO_EXPANSION,SYNTHETIC_DEMO
EVT00622,EVENT,Port Disruption,PROJECT_DEMO_EXPANSION,SYNTHETIC_DEMO
EVT00623,EVENT,Fire,PROJECT_DEMO_EXPANSION,SYNTHETIC_DEMO
EVT00624,EVENT,Earthquake,PROJECT_DEMO_EXPANSION,SYNTHETIC_DEMO
EVT00625,EVENT,Storm,PROJECT_DEMO_EXPANSION,SYNTHETIC_DEMO
EVT00626,EVENT,Labor Disruption,PROJECT_DEMO_EXPANSION,SYNTHETIC_DEMO
EVT00627,EVENT,Road Closure,PROJECT_DEMO_EXPANSION,SYNTHETIC_DEMO
EVT00628,EVENT,Power Outage,PROJECT_DEMO_EXPANSION,SYNTHETIC_DEMO
EVT00629,EVENT,Cyber Incident,PROJECT_DEMO_EXPANSION,SYNTHETIC_DEMO
EVT00630,EVENT,Factory Shutdown,PROJECT_DEMO_EXPANSION,SYNTHETIC_DEMO
EVT00631,EVENT,Flood,PROJECT_DEMO_EXPANSION,SYNTHETIC_DEMO
EVT00632,EVENT,Port Disruption,PROJECT_DEMO_EXPANSION,SYNTHETIC_DEMO
EVT00633,EVENT,Fire,PROJECT_DEMO_EXPANSION,SYNTHETIC_DEMO
EVT00634,EVENT,Earthquake,PROJECT_DEMO_EXPANSION,SYNTHETIC_DEMO
EVT00635,EVENT,Storm,PROJECT_DEMO_EXPANSION,SYNTHETIC_DEMO
EVT00636,EVENT,Labor Disruption,PROJECT_DEMO_EXPANSION,SYNTHETIC_DEMO
EVT00637,EVENT,Road Closure,PROJECT_DEMO_EXPANSION,SYNTHETIC_DEMO
EVT00638,EVENT,Power Outage,PROJECT_DEMO_EXPANSION,SYNTHETIC_DEMO
EVT00639,EVENT,Cyber Incident,PROJECT_DEMO_EXPANSION,SYNTHETIC_DEMO
EVT00640,EVENT,Factory Shutdown,PROJECT_DEMO_EXPANSION,SYNTHETIC_DEMO
EVT00641,EVENT,Flood,PROJECT_DEMO_EXPANSION,SYNTHETIC_DEMO
EVT00642,EVENT,Port Disruption,PROJECT_DEMO_EXPANSION,SYNTHETIC_DEMO
EVT00643,EVENT,Fire,PROJECT_DEMO_EXPANSION,SYNTHETIC_DEMO
EVT00644,EVENT,Earthquake,PROJECT_DEMO_EXPANSION,SYNTHETIC_DEMO
EVT00645,EVENT,Storm,PROJECT_DEMO_EXPANSION,SYNTHETIC_DEMO
EVT00646,EVENT,Labor Disruption,PROJECT_DEMO_EXPANSION,SYNTHETIC_DEMO
EVT00647,EVENT,Road Closure,PROJECT_DEMO_EXPANSION,SYNTHETIC_DEMO
EVT00648,EVENT,Power Outage,PROJECT_DEMO_EXPANSION,SYNTHETIC_DEMO
EVT00649,EVENT,Cyber Incident,PROJECT_DEMO_EXPANSION,SYNTHETIC_DEMO
EVT00650,EVENT,Factory Shutdown,PROJECT_DEMO_EXPANSION,SYNTHETIC_DEMO
EVT00651,EVENT,Flood,PROJECT_DEMO_EXPANSION,SYNTHETIC_DEMO
EVT00652,EVENT,Port Disruption,PROJECT_DEMO_EXPANSION,SYNTHETIC_DEMO
EVT00653,EVENT,Fire,PROJECT_DEMO_EXPANSION,SYNTHETIC_DEMO
EVT00654,EVENT,Earthquake,PROJECT_DEMO_EXPANSION,SYNTHETIC_DEMO
EVT00655,EVENT,Storm,PROJECT_DEMO_EXPANSION,SYNTHETIC_DEMO
EVT00656,EVENT,Labor Disruption,PROJECT_DEMO_EXPANSION,SYNTHETIC_DEMO
EVT00657,EVENT,Road Closure,PROJECT_DEMO_EXPANSION,SYNTHETIC_DEMO
EVT00658,EVENT,Power Outage,PROJECT_DEMO_EXPANSION,SYNTHETIC_DEMO
EVT00659,EVENT,Cyber Incident,PROJECT_DEMO_EXPANSION,SYNTHETIC_DEMO
EVT00660,EVENT,Factory Shutdown,PROJECT_DEMO_EXPANSION,SYNTHETIC_DEMO
EVT00661,EVENT,Flood,PROJECT_DEMO_EXPANSION,SYNTHETIC_DEMO
EVT00662,EVENT,Port Disruption,PROJECT_DEMO_EXPANSION,SYNTHETIC_DEMO
EVT00663,EVENT,Fire,PROJECT_DEMO_EXPANSION,SYNTHETIC_DEMO
EVT00664,EVENT,Earthquake,PROJECT_DEMO_EXPANSION,SYNTHETIC_DEMO
EVT00665,EVENT,Storm,PROJECT_DEMO_EXPANSION,SYNTHETIC_DEMO
EVT00666,EVENT,Labor Disruption,PROJECT_DEMO_EXPANSION,SYNTHETIC_DEMO
EVT00667,EVENT,Road Closure,PROJECT_DEMO_EXPANSION,SYNTHETIC_DEMO
EVT00668,EVENT,Power Outage,PROJECT_DEMO_EXPANSION,SYNTHETIC_DEMO
EVT00669,EVENT,Cyber Incident,PROJECT_DEMO_EXPANSION,SYNTHETIC_DEMO
EVT00670,EVENT,Factory Shutdown,PROJECT_DEMO_EXPANSION,SYNTHETIC_DEMO
EVT00671,EVENT,Flood,PROJECT_DEMO_EXPANSION,SYNTHETIC_DEMO
EVT00672,EVENT,Port Disruption,PROJECT_DEMO_EXPANSION,SYNTHETIC_DEMO
EVT00673,EVENT,Fire,PROJECT_DEMO_EXPANSION,SYNTHETIC_DEMO
EVT00674,EVENT,Earthquake,PROJECT_DEMO_EXPANSION,SYNTHETIC_DEMO
EVT00675,EVENT,Storm,PROJECT_DEMO_EXPANSION,SYNTHETIC_DEMO
EVT00676,EVENT,Labor Disruption,PROJECT_DEMO_EXPANSION,SYNTHETIC_DEMO
EVT00677,EVENT,Road Closure,PROJECT_DEMO_EXPANSION,SYNTHETIC_DEMO
EVT00678,EVENT,Power Outage,PROJECT_DEMO_EXPANSION,SYNTHETIC_DEMO
EVT00679,EVENT,Cyber Incident,PROJECT_DEMO_EXPANSION,SYNTHETIC_DEMO
EVT00680,EVENT,Factory Shutdown,PROJECT_DEMO_EXPANSION,SYNTHETIC_DEMO
EVT00681,EVENT,Flood,PROJECT_DEMO_EXPANSION,SYNTHETIC_DEMO
EVT00682,EVENT,Port Disruption,PROJECT_DEMO_EXPANSION,SYNTHETIC_DEMO
EVT00683,EVENT,Fire,PROJECT_DEMO_EXPANSION,SYNTHETIC_DEMO
EVT00684,EVENT,Earthquake,PROJECT_DEMO_EXPANSION,SYNTHETIC_DEMO
EVT00685,EVENT,Storm,PROJECT_DEMO_EXPANSION,SYNTHETIC_DEMO
EVT00686,EVENT,Labor Disruption,PROJECT_DEMO_EXPANSION,SYNTHETIC_DEMO
EVT00687,EVENT,Road Closure,PROJECT_DEMO_EXPANSION,SYNTHETIC_DEMO
EVT00688,EVENT,Power Outage,PROJECT_DEMO_EXPANSION,SYNTHETIC_DEMO
EVT00689,EVENT,Cyber Incident,PROJECT_DEMO_EXPANSION,SYNTHETIC_DEMO
EVT00690,EVENT,Factory Shutdown,PROJECT_DEMO_EXPANSION,SYNTHETIC_DEMO
EVT00691,EVENT,Flood,PROJECT_DEMO_EXPANSION,SYNTHETIC_DEMO
EVT00692,EVENT,Port Disruption,PROJECT_DEMO_EXPANSION,SYNTHETIC_DEMO
EVT00693,EVENT,Fire,PROJECT_DEMO_EXPANSION,SYNTHETIC_DEMO
EVT00694,EVENT,Earthquake,PROJECT_DEMO_EXPANSION,SYNTHETIC_DEMO
EVT00695,EVENT,Storm,PROJECT_DEMO_EXPANSION,SYNTHETIC_DEMO
EVT00696,EVENT,Labor Disruption,PROJECT_DEMO_EXPANSION,SYNTHETIC_DEMO
EVT00697,EVENT,Road Closure,PROJECT_DEMO_EXPANSION,SYNTHETIC_DEMO
EVT00698,EVENT,Power Outage,PROJECT_DEMO_EXPANSION,SYNTHETIC_DEMO
EVT00699,EVENT,Cyber Incident,PROJECT_DEMO_EXPANSION,SYNTHETIC_DEMO
EVT00700,EVENT,Factory Shutdown,PROJECT_DEMO_EXPANSION,SYNTHETIC_DEMO
EVT00701,EVENT,Flood,PROJECT_DEMO_EXPANSION,SYNTHETIC_DEMO
EVT00702,EVENT,Port Disruption,PROJECT_DEMO_EXPANSION,SYNTHETIC_DEMO
EVT00703,EVENT,Fire,PROJECT_DEMO_EXPANSION,SYNTHETIC_DEMO
EVT00704,EVENT,Earthquake,PROJECT_DEMO_EXPANSION,SYNTHETIC_DEMO
EVT00705,EVENT,Storm,PROJECT_DEMO_EXPANSION,SYNTHETIC_DEMO
EVT00706,EVENT,Labor Disruption,PROJECT_DEMO_EXPANSION,SYNTHETIC_DEMO
EVT00707,EVENT,Road Closure,PROJECT_DEMO_EXPANSION,SYNTHETIC_DEMO
EVT00708,EVENT,Power Outage,PROJECT_DEMO_EXPANSION,SYNTHETIC_DEMO
EVT00709,EVENT,Cyber Incident,PROJECT_DEMO_EXPANSION,SYNTHETIC_DEMO
EVT00710,EVENT,Factory Shutdown,PROJECT_DEMO_EXPANSION,SYNTHETIC_DEMO
EVT00711,EVENT,Flood,PROJECT_DEMO_EXPANSION,SYNTHETIC_DEMO
EVT00712,EVENT,Port Disruption,PROJECT_DEMO_EXPANSION,SYNTHETIC_DEMO
EVT00713,EVENT,Fire,PROJECT_DEMO_EXPANSION,SYNTHETIC_DEMO
EVT00714,EVENT,Earthquake,PROJECT_DEMO_EXPANSION,SYNTHETIC_DEMO
EVT00715,EVENT,Storm,PROJECT_DEMO_EXPANSION,SYNTHETIC_DEMO
EVT00716,EVENT,Labor Disruption,PROJECT_DEMO_EXPANSION,SYNTHETIC_DEMO
EVT00717,EVENT,Road Closure,PROJECT_DEMO_EXPANSION,SYNTHETIC_DEMO
EVT00718,EVENT,Power Outage,PROJECT_DEMO_EXPANSION,SYNTHETIC_DEMO
EVT00719,EVENT,Cyber Incident,PROJECT_DEMO_EXPANSION,SYNTHETIC_DEMO
EVT00720,EVENT,Factory Shutdown,PROJECT_DEMO_EXPANSION,SYNTHETIC_DEMO
EVT00721,EVENT,Flood,PROJECT_DEMO_EXPANSION,SYNTHETIC_DEMO
EVT00722,EVENT,Port Disruption,PROJECT_DEMO_EXPANSION,SYNTHETIC_DEMO
EVT00723,EVENT,Fire,PROJECT_DEMO_EXPANSION,SYNTHETIC_DEMO
EVT00724,EVENT,Earthquake,PROJECT_DEMO_EXPANSION,SYNTHETIC_DEMO
EVT00725,EVENT,Storm,PROJECT_DEMO_EXPANSION,SYNTHETIC_DEMO
EVT00726,EVENT,Labor Disruption,PROJECT_DEMO_EXPANSION,SYNTHETIC_DEMO
EVT00727,EVENT,Road Closure,PROJECT_DEMO_EXPANSION,SYNTHETIC_DEMO
EVT00728,EVENT,Power Outage,PROJECT_DEMO_EXPANSION,SYNTHETIC_DEMO
EVT00729,EVENT,Cyber Incident,PROJECT_DEMO_EXPANSION,SYNTHETIC_DEMO
EVT00730,EVENT,Factory Shutdown,PROJECT_DEMO_EXPANSION,SYNTHETIC_DEMO
EVT00731,EVENT,Flood,PROJECT_DEMO_EXPANSION,SYNTHETIC_DEMO
EVT00732,EVENT,Port Disruption,PROJECT_DEMO_EXPANSION,SYNTHETIC_DEMO
EVT00733,EVENT,Fire,PROJECT_DEMO_EXPANSION,SYNTHETIC_DEMO
EVT00734,EVENT,Earthquake,PROJECT_DEMO_EXPANSION,SYNTHETIC_DEMO
EVT00735,EVENT,Storm,PROJECT_DEMO_EXPANSION,SYNTHETIC_DEMO
EVT00736,EVENT,Labor Disruption,PROJECT_DEMO_EXPANSION,SYNTHETIC_DEMO
EVT00737,EVENT,Road Closure,PROJECT_DEMO_EXPANSION,SYNTHETIC_DEMO
EVT00738,EVENT,Power Outage,PROJECT_DEMO_EXPANSION,SYNTHETIC_DEMO
EVT00739,EVENT,Cyber Incident,PROJECT_DEMO_EXPANSION,SYNTHETIC_DEMO
EVT00740,EVENT,Factory Shutdown,PROJECT_DEMO_EXPANSION,SYNTHETIC_DEMO
EVT00741,EVENT,Flood,PROJECT_DEMO_EXPANSION,SYNTHETIC_DEMO
EVT00742,EVENT,Port Disruption,PROJECT_DEMO_EXPANSION,SYNTHETIC_DEMO
EVT00743,EVENT,Fire,PROJECT_DEMO_EXPANSION,SYNTHETIC_DEMO
EVT00744,EVENT,Earthquake,PROJECT_DEMO_EXPANSION,SYNTHETIC_DEMO
EVT00745,EVENT,Storm,PROJECT_DEMO_EXPANSION,SYNTHETIC_DEMO
EVT00746,EVENT,Labor Disruption,PROJECT_DEMO_EXPANSION,SYNTHETIC_DEMO
EVT00747,EVENT,Road Closure,PROJECT_DEMO_EXPANSION,SYNTHETIC_DEMO
EVT00748,EVENT,Power Outage,PROJECT_DEMO_EXPANSION,SYNTHETIC_DEMO
EVT00749,EVENT,Cyber Incident,PROJECT_DEMO_EXPANSION,SYNTHETIC_DEMO
EVT00750,EVENT,Factory Shutdown,PROJECT_DEMO_EXPANSION,SYNTHETIC_DEMO
EVT00751,EVENT,Flood,PROJECT_DEMO_EXPANSION,SYNTHETIC_DEMO
EVT00752,EVENT,Port Disruption,PROJECT_DEMO_EXPANSION,SYNTHETIC_DEMO
EVT00753,EVENT,Fire,PROJECT_DEMO_EXPANSION,SYNTHETIC_DEMO
EVT00754,EVENT,Earthquake,PROJECT_DEMO_EXPANSION,SYNTHETIC_DEMO
EVT00755,EVENT,Storm,PROJECT_DEMO_EXPANSION,SYNTHETIC_DEMO
EVT00756,EVENT,Labor Disruption,PROJECT_DEMO_EXPANSION,SYNTHETIC_DEMO
EVT00757,EVENT,Road Closure,PROJECT_DEMO_EXPANSION,SYNTHETIC_DEMO
EVT00758,EVENT,Power Outage,PROJECT_DEMO_EXPANSION,SYNTHETIC_DEMO
EVT00759,EVENT,Cyber Incident,PROJECT_DEMO_EXPANSION,SYNTHETIC_DEMO
EVT00760,EVENT,Factory Shutdown,PROJECT_DEMO_EXPANSION,SYNTHETIC_DEMO
EVT00761,EVENT,Flood,PROJECT_DEMO_EXPANSION,SYNTHETIC_DEMO
EVT00762,EVENT,Port Disruption,PROJECT_DEMO_EXPANSION,SYNTHETIC_DEMO
EVT00763,EVENT,Fire,PROJECT_DEMO_EXPANSION,SYNTHETIC_DEMO
EVT00764,EVENT,Earthquake,PROJECT_DEMO_EXPANSION,SYNTHETIC_DEMO
EVT00765,EVENT,Storm,PROJECT_DEMO_EXPANSION,SYNTHETIC_DEMO
EVT00766,EVENT,Labor Disruption,PROJECT_DEMO_EXPANSION,SYNTHETIC_DEMO
EVT00767,EVENT,Road Closure,PROJECT_DEMO_EXPANSION,SYNTHETIC_DEMO
EVT00768,EVENT,Power Outage,PROJECT_DEMO_EXPANSION,SYNTHETIC_DEMO
EVT00769,EVENT,Cyber Incident,PROJECT_DEMO_EXPANSION,SYNTHETIC_DEMO
EVT00770,EVENT,Factory Shutdown,PROJECT_DEMO_EXPANSION,SYNTHETIC_DEMO
EVT00771,EVENT,Flood,PROJECT_DEMO_EXPANSION,SYNTHETIC_DEMO
EVT00772,EVENT,Port Disruption,PROJECT_DEMO_EXPANSION,SYNTHETIC_DEMO
EVT00773,EVENT,Fire,PROJECT_DEMO_EXPANSION,SYNTHETIC_DEMO
EVT00774,EVENT,Earthquake,PROJECT_DEMO_EXPANSION,SYNTHETIC_DEMO
EVT00775,EVENT,Storm,PROJECT_DEMO_EXPANSION,SYNTHETIC_DEMO
EVT00776,EVENT,Labor Disruption,PROJECT_DEMO_EXPANSION,SYNTHETIC_DEMO
EVT00777,EVENT,Road Closure,PROJECT_DEMO_EXPANSION,SYNTHETIC_DEMO
EVT00778,EVENT,Power Outage,PROJECT_DEMO_EXPANSION,SYNTHETIC_DEMO
EVT00779,EVENT,Cyber Incident,PROJECT_DEMO_EXPANSION,SYNTHETIC_DEMO
EVT00780,EVENT,Factory Shutdown,PROJECT_DEMO_EXPANSION,SYNTHETIC_DEMO
EVT00781,EVENT,Flood,PROJECT_DEMO_EXPANSION,SYNTHETIC_DEMO
EVT00782,EVENT,Port Disruption,PROJECT_DEMO_EXPANSION,SYNTHETIC_DEMO
EVT00783,EVENT,Fire,PROJECT_DEMO_EXPANSION,SYNTHETIC_DEMO
EVT00784,EVENT,Earthquake,PROJECT_DEMO_EXPANSION,SYNTHETIC_DEMO
EVT00785,EVENT,Storm,PROJECT_DEMO_EXPANSION,SYNTHETIC_DEMO
EVT00786,EVENT,Labor Disruption,PROJECT_DEMO_EXPANSION,SYNTHETIC_DEMO
EVT00787,EVENT,Road Closure,PROJECT_DEMO_EXPANSION,SYNTHETIC_DEMO
EVT00788,EVENT,Power Outage,PROJECT_DEMO_EXPANSION,SYNTHETIC_DEMO
EVT00789,EVENT,Cyber Incident,PROJECT_DEMO_EXPANSION,SYNTHETIC_DEMO
EVT00790,EVENT,Factory Shutdown,PROJECT_DEMO_EXPANSION,SYNTHETIC_DEMO
EVT00791,EVENT,Flood,PROJECT_DEMO_EXPANSION,SYNTHETIC_DEMO
EVT00792,EVENT,Port Disruption,PROJECT_DEMO_EXPANSION,SYNTHETIC_DEMO
EVT00793,EVENT,Fire,PROJECT_DEMO_EXPANSION,SYNTHETIC_DEMO
EVT00794,EVENT,Earthquake,PROJECT_DEMO_EXPANSION,SYNTHETIC_DEMO
EVT00795,EVENT,Storm,PROJECT_DEMO_EXPANSION,SYNTHETIC_DEMO
EVT00796,EVENT,Labor Disruption,PROJECT_DEMO_EXPANSION,SYNTHETIC_DEMO
EVT00797,EVENT,Road Closure,PROJECT_DEMO_EXPANSION,SYNTHETIC_DEMO
EVT00798,EVENT,Power Outage,PROJECT_DEMO_EXPANSION,SYNTHETIC_DEMO
EVT00799,EVENT,Cyber Incident,PROJECT_DEMO_EXPANSION,SYNTHETIC_DEMO
EVT00800,EVENT,Factory Shutdown,PROJECT_DEMO_EXPANSION,SYNTHETIC_DEMO
EVT00801,EVENT,Flood,PROJECT_DEMO_EXPANSION,SYNTHETIC_DEMO
EVT00802,EVENT,Port Disruption,PROJECT_DEMO_EXPANSION,SYNTHETIC_DEMO
EVT00803,EVENT,Fire,PROJECT_DEMO_EXPANSION,SYNTHETIC_DEMO
EVT00804,EVENT,Earthquake,PROJECT_DEMO_EXPANSION,SYNTHETIC_DEMO
EVT00805,EVENT,Storm,PROJECT_DEMO_EXPANSION,SYNTHETIC_DEMO
EVT00806,EVENT,Labor Disruption,PROJECT_DEMO_EXPANSION,SYNTHETIC_DEMO
EVT00807,EVENT,Road Closure,PROJECT_DEMO_EXPANSION,SYNTHETIC_DEMO
EVT00808,EVENT,Power Outage,PROJECT_DEMO_EXPANSION,SYNTHETIC_DEMO
EVT00809,EVENT,Cyber Incident,PROJECT_DEMO_EXPANSION,SYNTHETIC_DEMO
EVT00810,EVENT,Factory Shutdown,PROJECT_DEMO_EXPANSION,SYNTHETIC_DEMO
EVT00811,EVENT,Flood,PROJECT_DEMO_EXPANSION,SYNTHETIC_DEMO
EVT00812,EVENT,Port Disruption,PROJECT_DEMO_EXPANSION,SYNTHETIC_DEMO
EVT00813,EVENT,Fire,PROJECT_DEMO_EXPANSION,SYNTHETIC_DEMO
EVT00814,EVENT,Earthquake,PROJECT_DEMO_EXPANSION,SYNTHETIC_DEMO
EVT00815,EVENT,Storm,PROJECT_DEMO_EXPANSION,SYNTHETIC_DEMO
EVT00816,EVENT,Labor Disruption,PROJECT_DEMO_EXPANSION,SYNTHETIC_DEMO
EVT00817,EVENT,Road Closure,PROJECT_DEMO_EXPANSION,SYNTHETIC_DEMO
EVT00818,EVENT,Power Outage,PROJECT_DEMO_EXPANSION,SYNTHETIC_DEMO
EVT00819,EVENT,Cyber Incident,PROJECT_DEMO_EXPANSION,SYNTHETIC_DEMO
EVT00820,EVENT,Factory Shutdown,PROJECT_DEMO_EXPANSION,SYNTHETIC_DEMO
EVT00821,EVENT,Flood,PROJECT_DEMO_EXPANSION,SYNTHETIC_DEMO
EVT00822,EVENT,Port Disruption,PROJECT_DEMO_EXPANSION,SYNTHETIC_DEMO
EVT00823,EVENT,Fire,PROJECT_DEMO_EXPANSION,SYNTHETIC_DEMO
EVT00824,EVENT,Earthquake,PROJECT_DEMO_EXPANSION,SYNTHETIC_DEMO
EVT00825,EVENT,Storm,PROJECT_DEMO_EXPANSION,SYNTHETIC_DEMO
EVT00826,EVENT,Labor Disruption,PROJECT_DEMO_EXPANSION,SYNTHETIC_DEMO
EVT00827,EVENT,Road Closure,PROJECT_DEMO_EXPANSION,SYNTHETIC_DEMO
EVT00828,EVENT,Power Outage,PROJECT_DEMO_EXPANSION,SYNTHETIC_DEMO
EVT00829,EVENT,Cyber Incident,PROJECT_DEMO_EXPANSION,SYNTHETIC_DEMO
EVT00830,EVENT,Factory Shutdown,PROJECT_DEMO_EXPANSION,SYNTHETIC_DEMO
EVT00831,EVENT,Flood,PROJECT_DEMO_EXPANSION,SYNTHETIC_DEMO
EVT00832,EVENT,Port Disruption,PROJECT_DEMO_EXPANSION,SYNTHETIC_DEMO
EVT00833,EVENT,Fire,PROJECT_DEMO_EXPANSION,SYNTHETIC_DEMO
EVT00834,EVENT,Earthquake,PROJECT_DEMO_EXPANSION,SYNTHETIC_DEMO
EVT00835,EVENT,Storm,PROJECT_DEMO_EXPANSION,SYNTHETIC_DEMO
EVT00836,EVENT,Labor Disruption,PROJECT_DEMO_EXPANSION,SYNTHETIC_DEMO
EVT00837,EVENT,Road Closure,PROJECT_DEMO_EXPANSION,SYNTHETIC_DEMO
EVT00838,EVENT,Power Outage,PROJECT_DEMO_EXPANSION,SYNTHETIC_DEMO
EVT00839,EVENT,Cyber Incident,PROJECT_DEMO_EXPANSION,SYNTHETIC_DEMO
EVT00840,EVENT,Factory Shutdown,PROJECT_DEMO_EXPANSION,SYNTHETIC_DEMO
EVT00841,EVENT,Flood,PROJECT_DEMO_EXPANSION,SYNTHETIC_DEMO
EVT00842,EVENT,Port Disruption,PROJECT_DEMO_EXPANSION,SYNTHETIC_DEMO
EVT00843,EVENT,Fire,PROJECT_DEMO_EXPANSION,SYNTHETIC_DEMO
EVT00844,EVENT,Earthquake,PROJECT_DEMO_EXPANSION,SYNTHETIC_DEMO
EVT00845,EVENT,Storm,PROJECT_DEMO_EXPANSION,SYNTHETIC_DEMO
EVT00846,EVENT,Labor Disruption,PROJECT_DEMO_EXPANSION,SYNTHETIC_DEMO
EVT00847,EVENT,Road Closure,PROJECT_DEMO_EXPANSION,SYNTHETIC_DEMO
EVT00848,EVENT,Power Outage,PROJECT_DEMO_EXPANSION,SYNTHETIC_DEMO
EVT00849,EVENT,Cyber Incident,PROJECT_DEMO_EXPANSION,SYNTHETIC_DEMO
EVT00850,EVENT,Factory Shutdown,PROJECT_DEMO_EXPANSION,SYNTHETIC_DEMO
EVT00851,EVENT,Flood,PROJECT_DEMO_EXPANSION,SYNTHETIC_DEMO
EVT00852,EVENT,Port Disruption,PROJECT_DEMO_EXPANSION,SYNTHETIC_DEMO
EVT00853,EVENT,Fire,PROJECT_DEMO_EXPANSION,SYNTHETIC_DEMO
EVT00854,EVENT,Earthquake,PROJECT_DEMO_EXPANSION,SYNTHETIC_DEMO
EVT00855,EVENT,Storm,PROJECT_DEMO_EXPANSION,SYNTHETIC_DEMO
EVT00856,EVENT,Labor Disruption,PROJECT_DEMO_EXPANSION,SYNTHETIC_DEMO
EVT00857,EVENT,Road Closure,PROJECT_DEMO_EXPANSION,SYNTHETIC_DEMO
EVT00858,EVENT,Power Outage,PROJECT_DEMO_EXPANSION,SYNTHETIC_DEMO
EVT00859,EVENT,Cyber Incident,PROJECT_DEMO_EXPANSION,SYNTHETIC_DEMO
EVT00860,EVENT,Factory Shutdown,PROJECT_DEMO_EXPANSION,SYNTHETIC_DEMO
EVT00861,EVENT,Flood,PROJECT_DEMO_EXPANSION,SYNTHETIC_DEMO
EVT00862,EVENT,Port Disruption,PROJECT_DEMO_EXPANSION,SYNTHETIC_DEMO
EVT00863,EVENT,Fire,PROJECT_DEMO_EXPANSION,SYNTHETIC_DEMO
EVT00864,EVENT,Earthquake,PROJECT_DEMO_EXPANSION,SYNTHETIC_DEMO
EVT00865,EVENT,Storm,PROJECT_DEMO_EXPANSION,SYNTHETIC_DEMO
EVT00866,EVENT,Labor Disruption,PROJECT_DEMO_EXPANSION,SYNTHETIC_DEMO
EVT00867,EVENT,Road Closure,PROJECT_DEMO_EXPANSION,SYNTHETIC_DEMO
EVT00868,EVENT,Power Outage,PROJECT_DEMO_EXPANSION,SYNTHETIC_DEMO
EVT00869,EVENT,Cyber Incident,PROJECT_DEMO_EXPANSION,SYNTHETIC_DEMO
EVT00870,EVENT,Factory Shutdown,PROJECT_DEMO_EXPANSION,SYNTHETIC_DEMO
EVT00871,EVENT,Flood,PROJECT_DEMO_EXPANSION,SYNTHETIC_DEMO
EVT00872,EVENT,Port Disruption,PROJECT_DEMO_EXPANSION,SYNTHETIC_DEMO
EVT00873,EVENT,Fire,PROJECT_DEMO_EXPANSION,SYNTHETIC_DEMO
EVT00874,EVENT,Earthquake,PROJECT_DEMO_EXPANSION,SYNTHETIC_DEMO
EVT00875,EVENT,Storm,PROJECT_DEMO_EXPANSION,SYNTHETIC_DEMO
EVT00876,EVENT,Labor Disruption,PROJECT_DEMO_EXPANSION,SYNTHETIC_DEMO
EVT00877,EVENT,Road Closure,PROJECT_DEMO_EXPANSION,SYNTHETIC_DEMO
EVT00878,EVENT,Power Outage,PROJECT_DEMO_EXPANSION,SYNTHETIC_DEMO
EVT00879,EVENT,Cyber Incident,PROJECT_DEMO_EXPANSION,SYNTHETIC_DEMO
EVT00880,EVENT,Factory Shutdown,PROJECT_DEMO_EXPANSION,SYNTHETIC_DEMO
EVT00881,EVENT,Flood,PROJECT_DEMO_EXPANSION,SYNTHETIC_DEMO
EVT00882,EVENT,Port Disruption,PROJECT_DEMO_EXPANSION,SYNTHETIC_DEMO
EVT00883,EVENT,Fire,PROJECT_DEMO_EXPANSION,SYNTHETIC_DEMO
EVT00884,EVENT,Earthquake,PROJECT_DEMO_EXPANSION,SYNTHETIC_DEMO
EVT00885,EVENT,Storm,PROJECT_DEMO_EXPANSION,SYNTHETIC_DEMO
EVT00886,EVENT,Labor Disruption,PROJECT_DEMO_EXPANSION,SYNTHETIC_DEMO
EVT00887,EVENT,Road Closure,PROJECT_DEMO_EXPANSION,SYNTHETIC_DEMO
EVT00888,EVENT,Power Outage,PROJECT_DEMO_EXPANSION,SYNTHETIC_DEMO
EVT00889,EVENT,Cyber Incident,PROJECT_DEMO_EXPANSION,SYNTHETIC_DEMO
EVT00890,EVENT,Factory Shutdown,PROJECT_DEMO_EXPANSION,SYNTHETIC_DEMO
EVT00891,EVENT,Flood,PROJECT_DEMO_EXPANSION,SYNTHETIC_DEMO
EVT00892,EVENT,Port Disruption,PROJECT_DEMO_EXPANSION,SYNTHETIC_DEMO
EVT00893,EVENT,Fire,PROJECT_DEMO_EXPANSION,SYNTHETIC_DEMO
EVT00894,EVENT,Earthquake,PROJECT_DEMO_EXPANSION,SYNTHETIC_DEMO
EVT00895,EVENT,Storm,PROJECT_DEMO_EXPANSION,SYNTHETIC_DEMO
EVT00896,EVENT,Labor Disruption,PROJECT_DEMO_EXPANSION,SYNTHETIC_DEMO
EVT00897,EVENT,Road Closure,PROJECT_DEMO_EXPANSION,SYNTHETIC_DEMO
EVT00898,EVENT,Power Outage,PROJECT_DEMO_EXPANSION,SYNTHETIC_DEMO
EVT00899,EVENT,Cyber Incident,PROJECT_DEMO_EXPANSION,SYNTHETIC_DEMO
EVT00900,EVENT,Factory Shutdown,PROJECT_DEMO_EXPANSION,SYNTHETIC_DEMO
EVT00901,EVENT,Flood,PROJECT_DEMO_EXPANSION,SYNTHETIC_DEMO
EVT00902,EVENT,Port Disruption,PROJECT_DEMO_EXPANSION,SYNTHETIC_DEMO
EVT00903,EVENT,Fire,PROJECT_DEMO_EXPANSION,SYNTHETIC_DEMO
EVT00904,EVENT,Earthquake,PROJECT_DEMO_EXPANSION,SYNTHETIC_DEMO
EVT00905,EVENT,Storm,PROJECT_DEMO_EXPANSION,SYNTHETIC_DEMO
EVT00906,EVENT,Labor Disruption,PROJECT_DEMO_EXPANSION,SYNTHETIC_DEMO
EVT00907,EVENT,Road Closure,PROJECT_DEMO_EXPANSION,SYNTHETIC_DEMO
EVT00908,EVENT,Power Outage,PROJECT_DEMO_EXPANSION,SYNTHETIC_DEMO
EVT00909,EVENT,Cyber Incident,PROJECT_DEMO_EXPANSION,SYNTHETIC_DEMO
EVT00910,EVENT,Factory Shutdown,PROJECT_DEMO_EXPANSION,SYNTHETIC_DEMO
EVT00911,EVENT,Flood,PROJECT_DEMO_EXPANSION,SYNTHETIC_DEMO
EVT00912,EVENT,Port Disruption,PROJECT_DEMO_EXPANSION,SYNTHETIC_DEMO
EVT00913,EVENT,Fire,PROJECT_DEMO_EXPANSION,SYNTHETIC_DEMO
EVT00914,EVENT,Earthquake,PROJECT_DEMO_EXPANSION,SYNTHETIC_DEMO
EVT00915,EVENT,Storm,PROJECT_DEMO_EXPANSION,SYNTHETIC_DEMO
EVT00916,EVENT,Labor Disruption,PROJECT_DEMO_EXPANSION,SYNTHETIC_DEMO
EVT00917,EVENT,Road Closure,PROJECT_DEMO_EXPANSION,SYNTHETIC_DEMO
EVT00918,EVENT,Power Outage,PROJECT_DEMO_EXPANSION,SYNTHETIC_DEMO
EVT00919,EVENT,Cyber Incident,PROJECT_DEMO_EXPANSION,SYNTHETIC_DEMO
EVT00920,EVENT,Factory Shutdown,PROJECT_DEMO_EXPANSION,SYNTHETIC_DEMO
EVT00921,EVENT,Flood,PROJECT_DEMO_EXPANSION,SYNTHETIC_DEMO
EVT00922,EVENT,Port Disruption,PROJECT_DEMO_EXPANSION,SYNTHETIC_DEMO
EVT00923,EVENT,Fire,PROJECT_DEMO_EXPANSION,SYNTHETIC_DEMO
EVT00924,EVENT,Earthquake,PROJECT_DEMO_EXPANSION,SYNTHETIC_DEMO
EVT00925,EVENT,Storm,PROJECT_DEMO_EXPANSION,SYNTHETIC_DEMO
EVT00926,EVENT,Labor Disruption,PROJECT_DEMO_EXPANSION,SYNTHETIC_DEMO
EVT00927,EVENT,Road Closure,PROJECT_DEMO_EXPANSION,SYNTHETIC_DEMO
EVT00928,EVENT,Power Outage,PROJECT_DEMO_EXPANSION,SYNTHETIC_DEMO
EVT00929,EVENT,Cyber Incident,PROJECT_DEMO_EXPANSION,SYNTHETIC_DEMO
EVT00930,EVENT,Factory Shutdown,PROJECT_DEMO_EXPANSION,SYNTHETIC_DEMO
EVT00931,EVENT,Flood,PROJECT_DEMO_EXPANSION,SYNTHETIC_DEMO
EVT00932,EVENT,Port Disruption,PROJECT_DEMO_EXPANSION,SYNTHETIC_DEMO
EVT00933,EVENT,Fire,PROJECT_DEMO_EXPANSION,SYNTHETIC_DEMO
EVT00934,EVENT,Earthquake,PROJECT_DEMO_EXPANSION,SYNTHETIC_DEMO
EVT00935,EVENT,Storm,PROJECT_DEMO_EXPANSION,SYNTHETIC_DEMO
EVT00936,EVENT,Labor Disruption,PROJECT_DEMO_EXPANSION,SYNTHETIC_DEMO
EVT00937,EVENT,Road Closure,PROJECT_DEMO_EXPANSION,SYNTHETIC_DEMO
EVT00938,EVENT,Power Outage,PROJECT_DEMO_EXPANSION,SYNTHETIC_DEMO
EVT00939,EVENT,Cyber Incident,PROJECT_DEMO_EXPANSION,SYNTHETIC_DEMO
EVT00940,EVENT,Factory Shutdown,PROJECT_DEMO_EXPANSION,SYNTHETIC_DEMO
EVT00941,EVENT,Flood,PROJECT_DEMO_EXPANSION,SYNTHETIC_DEMO
EVT00942,EVENT,Port Disruption,PROJECT_DEMO_EXPANSION,SYNTHETIC_DEMO
EVT00943,EVENT,Fire,PROJECT_DEMO_EXPANSION,SYNTHETIC_DEMO
EVT00944,EVENT,Earthquake,PROJECT_DEMO_EXPANSION,SYNTHETIC_DEMO
EVT00945,EVENT,Storm,PROJECT_DEMO_EXPANSION,SYNTHETIC_DEMO
EVT00946,EVENT,Labor Disruption,PROJECT_DEMO_EXPANSION,SYNTHETIC_DEMO
EVT00947,EVENT,Road Closure,PROJECT_DEMO_EXPANSION,SYNTHETIC_DEMO
EVT00948,EVENT,Power Outage,PROJECT_DEMO_EXPANSION,SYNTHETIC_DEMO
EVT00949,EVENT,Cyber Incident,PROJECT_DEMO_EXPANSION,SYNTHETIC_DEMO
EVT00950,EVENT,Factory Shutdown,PROJECT_DEMO_EXPANSION,SYNTHETIC_DEMO
EVT00951,EVENT,Flood,PROJECT_DEMO_EXPANSION,SYNTHETIC_DEMO
EVT00952,EVENT,Port Disruption,PROJECT_DEMO_EXPANSION,SYNTHETIC_DEMO
EVT00953,EVENT,Fire,PROJECT_DEMO_EXPANSION,SYNTHETIC_DEMO
EVT00954,EVENT,Earthquake,PROJECT_DEMO_EXPANSION,SYNTHETIC_DEMO
EVT00955,EVENT,Storm,PROJECT_DEMO_EXPANSION,SYNTHETIC_DEMO
EVT00956,EVENT,Labor Disruption,PROJECT_DEMO_EXPANSION,SYNTHETIC_DEMO
EVT00957,EVENT,Road Closure,PROJECT_DEMO_EXPANSION,SYNTHETIC_DEMO
EVT00958,EVENT,Power Outage,PROJECT_DEMO_EXPANSION,SYNTHETIC_DEMO
EVT00959,EVENT,Cyber Incident,PROJECT_DEMO_EXPANSION,SYNTHETIC_DEMO
EVT00960,EVENT,Factory Shutdown,PROJECT_DEMO_EXPANSION,SYNTHETIC_DEMO
EVT00961,EVENT,Flood,PROJECT_DEMO_EXPANSION,SYNTHETIC_DEMO
EVT00962,EVENT,Port Disruption,PROJECT_DEMO_EXPANSION,SYNTHETIC_DEMO
EVT00963,EVENT,Fire,PROJECT_DEMO_EXPANSION,SYNTHETIC_DEMO
EVT00964,EVENT,Earthquake,PROJECT_DEMO_EXPANSION,SYNTHETIC_DEMO
EVT00965,EVENT,Storm,PROJECT_DEMO_EXPANSION,SYNTHETIC_DEMO
EVT00966,EVENT,Labor Disruption,PROJECT_DEMO_EXPANSION,SYNTHETIC_DEMO
EVT00967,EVENT,Road Closure,PROJECT_DEMO_EXPANSION,SYNTHETIC_DEMO
EVT00968,EVENT,Power Outage,PROJECT_DEMO_EXPANSION,SYNTHETIC_DEMO
EVT00969,EVENT,Cyber Incident,PROJECT_DEMO_EXPANSION,SYNTHETIC_DEMO
EVT00970,EVENT,Factory Shutdown,PROJECT_DEMO_EXPANSION,SYNTHETIC_DEMO
EVT00971,EVENT,Flood,PROJECT_DEMO_EXPANSION,SYNTHETIC_DEMO
EVT00972,EVENT,Port Disruption,PROJECT_DEMO_EXPANSION,SYNTHETIC_DEMO
EVT00973,EVENT,Fire,PROJECT_DEMO_EXPANSION,SYNTHETIC_DEMO
EVT00974,EVENT,Earthquake,PROJECT_DEMO_EXPANSION,SYNTHETIC_DEMO
EVT00975,EVENT,Storm,PROJECT_DEMO_EXPANSION,SYNTHETIC_DEMO
EVT00976,EVENT,Labor Disruption,PROJECT_DEMO_EXPANSION,SYNTHETIC_DEMO
EVT00977,EVENT,Road Closure,PROJECT_DEMO_EXPANSION,SYNTHETIC_DEMO
EVT00978,EVENT,Power Outage,PROJECT_DEMO_EXPANSION,SYNTHETIC_DEMO
EVT00979,EVENT,Cyber Incident,PROJECT_DEMO_EXPANSION,SYNTHETIC_DEMO
EVT00980,EVENT,Factory Shutdown,PROJECT_DEMO_EXPANSION,SYNTHETIC_DEMO
EVT00981,EVENT,Flood,PROJECT_DEMO_EXPANSION,SYNTHETIC_DEMO
EVT00982,EVENT,Port Disruption,PROJECT_DEMO_EXPANSION,SYNTHETIC_DEMO
EVT00983,EVENT,Fire,PROJECT_DEMO_EXPANSION,SYNTHETIC_DEMO
EVT00984,EVENT,Earthquake,PROJECT_DEMO_EXPANSION,SYNTHETIC_DEMO
EVT00985,EVENT,Storm,PROJECT_DEMO_EXPANSION,SYNTHETIC_DEMO
EVT00986,EVENT,Labor Disruption,PROJECT_DEMO_EXPANSION,SYNTHETIC_DEMO
EVT00987,EVENT,Road Closure,PROJECT_DEMO_EXPANSION,SYNTHETIC_DEMO
EVT00988,EVENT,Power Outage,PROJECT_DEMO_EXPANSION,SYNTHETIC_DEMO
EVT00989,EVENT,Cyber Incident,PROJECT_DEMO_EXPANSION,SYNTHETIC_DEMO
EVT00990,EVENT,Factory Shutdown,PROJECT_DEMO_EXPANSION,SYNTHETIC_DEMO
EVT00991,EVENT,Flood,PROJECT_DEMO_EXPANSION,SYNTHETIC_DEMO
EVT00992,EVENT,Port Disruption,PROJECT_DEMO_EXPANSION,SYNTHETIC_DEMO
EVT00993,EVENT,Fire,PROJECT_DEMO_EXPANSION,SYNTHETIC_DEMO
EVT00994,EVENT,Earthquake,PROJECT_DEMO_EXPANSION,SYNTHETIC_DEMO
EVT00995,EVENT,Storm,PROJECT_DEMO_EXPANSION,SYNTHETIC_DEMO
EVT00996,EVENT,Labor Disruption,PROJECT_DEMO_EXPANSION,SYNTHETIC_DEMO
EVT00997,EVENT,Road Closure,PROJECT_DEMO_EXPANSION,SYNTHETIC_DEMO
EVT00998,EVENT,Power Outage,PROJECT_DEMO_EXPANSION,SYNTHETIC_DEMO
EVT00999,EVENT,Cyber Incident,PROJECT_DEMO_EXPANSION,SYNTHETIC_DEMO
EVT01000,EVENT,Factory Shutdown,PROJECT_DEMO_EXPANSION,SYNTHETIC_DEMO
NEWS00001,NEWS,Demo supply-chain disruption article 0001,PROJECT_DEMO_EXPANSION,SYNTHETIC_DEMO
NEWS00002,NEWS,Demo supply-chain disruption article 0002,PROJECT_DEMO_EXPANSION,SYNTHETIC_DEMO
NEWS00003,NEWS,Demo supply-chain disruption article 0003,PROJECT_DEMO_EXPANSION,SYNTHETIC_DEMO
NEWS00004,NEWS,Demo supply-chain disruption article 0004,PROJECT_DEMO_EXPANSION,SYNTHETIC_DEMO
NEWS00005,NEWS,Demo supply-chain disruption article 0005,PROJECT_DEMO_EXPANSION,SYNTHETIC_DEMO
NEWS00006,NEWS,Demo supply-chain disruption article 0006,PROJECT_DEMO_EXPANSION,SYNTHETIC_DEMO
NEWS00007,NEWS,Demo supply-chain disruption article 0007,PROJECT_DEMO_EXPANSION,SYNTHETIC_DEMO
NEWS00008,NEWS,Demo supply-chain disruption article 0008,PROJECT_DEMO_EXPANSION,SYNTHETIC_DEMO
NEWS00009,NEWS,Demo supply-chain disruption article 0009,PROJECT_DEMO_EXPANSION,SYNTHETIC_DEMO
NEWS00010,NEWS,Demo supply-chain disruption article 0010,PROJECT_DEMO_EXPANSION,SYNTHETIC_DEMO
NEWS00011,NEWS,Demo supply-chain disruption article 0011,PROJECT_DEMO_EXPANSION,SYNTHETIC_DEMO
NEWS00012,NEWS,Demo supply-chain disruption article 0012,PROJECT_DEMO_EXPANSION,SYNTHETIC_DEMO
NEWS00013,NEWS,Demo supply-chain disruption article 0013,PROJECT_DEMO_EXPANSION,SYNTHETIC_DEMO
NEWS00014,NEWS,Demo supply-chain disruption article 0014,PROJECT_DEMO_EXPANSION,SYNTHETIC_DEMO
NEWS00015,NEWS,Demo supply-chain disruption article 0015,PROJECT_DEMO_EXPANSION,SYNTHETIC_DEMO
NEWS00016,NEWS,Demo supply-chain disruption article 0016,PROJECT_DEMO_EXPANSION,SYNTHETIC_DEMO
NEWS00017,NEWS,Demo supply-chain disruption article 0017,PROJECT_DEMO_EXPANSION,SYNTHETIC_DEMO
NEWS00018,NEWS,Demo supply-chain disruption article 0018,PROJECT_DEMO_EXPANSION,SYNTHETIC_DEMO
NEWS00019,NEWS,Demo supply-chain disruption article 0019,PROJECT_DEMO_EXPANSION,SYNTHETIC_DEMO
NEWS00020,NEWS,Demo supply-chain disruption article 0020,PROJECT_DEMO_EXPANSION,SYNTHETIC_DEMO
NEWS00021,NEWS,Demo supply-chain disruption article 0021,PROJECT_DEMO_EXPANSION,SYNTHETIC_DEMO
NEWS00022,NEWS,Demo supply-chain disruption article 0022,PROJECT_DEMO_EXPANSION,SYNTHETIC_DEMO
NEWS00023,NEWS,Demo supply-chain disruption article 0023,PROJECT_DEMO_EXPANSION,SYNTHETIC_DEMO
NEWS00024,NEWS,Demo supply-chain disruption article 0024,PROJECT_DEMO_EXPANSION,SYNTHETIC_DEMO
NEWS00025,NEWS,Demo supply-chain disruption article 0025,PROJECT_DEMO_EXPANSION,SYNTHETIC_DEMO
NEWS00026,NEWS,Demo supply-chain disruption article 0026,PROJECT_DEMO_EXPANSION,SYNTHETIC_DEMO
NEWS00027,NEWS,Demo supply-chain disruption article 0027,PROJECT_DEMO_EXPANSION,SYNTHETIC_DEMO
NEWS00028,NEWS,Demo supply-chain disruption article 0028,PROJECT_DEMO_EXPANSION,SYNTHETIC_DEMO
NEWS00029,NEWS,Demo supply-chain disruption article 0029,PROJECT_DEMO_EXPANSION,SYNTHETIC_DEMO
NEWS00030,NEWS,Demo supply-chain disruption article 0030,PROJECT_DEMO_EXPANSION,SYNTHETIC_DEMO
NEWS00031,NEWS,Demo supply-chain disruption article 0031,PROJECT_DEMO_EXPANSION,SYNTHETIC_DEMO
NEWS00032,NEWS,Demo supply-chain disruption article 0032,PROJECT_DEMO_EXPANSION,SYNTHETIC_DEMO
NEWS00033,NEWS,Demo supply-chain disruption article 0033,PROJECT_DEMO_EXPANSION,SYNTHETIC_DEMO
NEWS00034,NEWS,Demo supply-chain disruption article 0034,PROJECT_DEMO_EXPANSION,SYNTHETIC_DEMO
NEWS00035,NEWS,Demo supply-chain disruption article 0035,PROJECT_DEMO_EXPANSION,SYNTHETIC_DEMO
NEWS00036,NEWS,Demo supply-chain disruption article 0036,PROJECT_DEMO_EXPANSION,SYNTHETIC_DEMO
NEWS00037,NEWS,Demo supply-chain disruption article 0037,PROJECT_DEMO_EXPANSION,SYNTHETIC_DEMO
NEWS00038,NEWS,Demo supply-chain disruption article 0038,PROJECT_DEMO_EXPANSION,SYNTHETIC_DEMO
NEWS00039,NEWS,Demo supply-chain disruption article 0039,PROJECT_DEMO_EXPANSION,SYNTHETIC_DEMO
NEWS00040,NEWS,Demo supply-chain disruption article 0040,PROJECT_DEMO_EXPANSION,SYNTHETIC_DEMO
NEWS00041,NEWS,Demo supply-chain disruption article 0041,PROJECT_DEMO_EXPANSION,SYNTHETIC_DEMO
NEWS00042,NEWS,Demo supply-chain disruption article 0042,PROJECT_DEMO_EXPANSION,SYNTHETIC_DEMO
NEWS00043,NEWS,Demo supply-chain disruption article 0043,PROJECT_DEMO_EXPANSION,SYNTHETIC_DEMO
NEWS00044,NEWS,Demo supply-chain disruption article 0044,PROJECT_DEMO_EXPANSION,SYNTHETIC_DEMO
NEWS00045,NEWS,Demo supply-chain disruption article 0045,PROJECT_DEMO_EXPANSION,SYNTHETIC_DEMO
NEWS00046,NEWS,Demo supply-chain disruption article 0046,PROJECT_DEMO_EXPANSION,SYNTHETIC_DEMO
NEWS00047,NEWS,Demo supply-chain disruption article 0047,PROJECT_DEMO_EXPANSION,SYNTHETIC_DEMO
NEWS00048,NEWS,Demo supply-chain disruption article 0048,PROJECT_DEMO_EXPANSION,SYNTHETIC_DEMO
NEWS00049,NEWS,Demo supply-chain disruption article 0049,PROJECT_DEMO_EXPANSION,SYNTHETIC_DEMO
NEWS00050,NEWS,Demo supply-chain disruption article 0050,PROJECT_DEMO_EXPANSION,SYNTHETIC_DEMO
NEWS00051,NEWS,Demo supply-chain disruption article 0051,PROJECT_DEMO_EXPANSION,SYNTHETIC_DEMO
NEWS00052,NEWS,Demo supply-chain disruption article 0052,PROJECT_DEMO_EXPANSION,SYNTHETIC_DEMO
NEWS00053,NEWS,Demo supply-chain disruption article 0053,PROJECT_DEMO_EXPANSION,SYNTHETIC_DEMO
NEWS00054,NEWS,Demo supply-chain disruption article 0054,PROJECT_DEMO_EXPANSION,SYNTHETIC_DEMO
NEWS00055,NEWS,Demo supply-chain disruption article 0055,PROJECT_DEMO_EXPANSION,SYNTHETIC_DEMO
NEWS00056,NEWS,Demo supply-chain disruption article 0056,PROJECT_DEMO_EXPANSION,SYNTHETIC_DEMO
NEWS00057,NEWS,Demo supply-chain disruption article 0057,PROJECT_DEMO_EXPANSION,SYNTHETIC_DEMO
NEWS00058,NEWS,Demo supply-chain disruption article 0058,PROJECT_DEMO_EXPANSION,SYNTHETIC_DEMO
NEWS00059,NEWS,Demo supply-chain disruption article 0059,PROJECT_DEMO_EXPANSION,SYNTHETIC_DEMO
NEWS00060,NEWS,Demo supply-chain disruption article 0060,PROJECT_DEMO_EXPANSION,SYNTHETIC_DEMO
NEWS00061,NEWS,Demo supply-chain disruption article 0061,PROJECT_DEMO_EXPANSION,SYNTHETIC_DEMO
NEWS00062,NEWS,Demo supply-chain disruption article 0062,PROJECT_DEMO_EXPANSION,SYNTHETIC_DEMO
NEWS00063,NEWS,Demo supply-chain disruption article 0063,PROJECT_DEMO_EXPANSION,SYNTHETIC_DEMO
NEWS00064,NEWS,Demo supply-chain disruption article 0064,PROJECT_DEMO_EXPANSION,SYNTHETIC_DEMO
NEWS00065,NEWS,Demo supply-chain disruption article 0065,PROJECT_DEMO_EXPANSION,SYNTHETIC_DEMO
NEWS00066,NEWS,Demo supply-chain disruption article 0066,PROJECT_DEMO_EXPANSION,SYNTHETIC_DEMO
NEWS00067,NEWS,Demo supply-chain disruption article 0067,PROJECT_DEMO_EXPANSION,SYNTHETIC_DEMO
NEWS00068,NEWS,Demo supply-chain disruption article 0068,PROJECT_DEMO_EXPANSION,SYNTHETIC_DEMO
NEWS00069,NEWS,Demo supply-chain disruption article 0069,PROJECT_DEMO_EXPANSION,SYNTHETIC_DEMO
NEWS00070,NEWS,Demo supply-chain disruption article 0070,PROJECT_DEMO_EXPANSION,SYNTHETIC_DEMO
NEWS00071,NEWS,Demo supply-chain disruption article 0071,PROJECT_DEMO_EXPANSION,SYNTHETIC_DEMO
NEWS00072,NEWS,Demo supply-chain disruption article 0072,PROJECT_DEMO_EXPANSION,SYNTHETIC_DEMO
NEWS00073,NEWS,Demo supply-chain disruption article 0073,PROJECT_DEMO_EXPANSION,SYNTHETIC_DEMO
NEWS00074,NEWS,Demo supply-chain disruption article 0074,PROJECT_DEMO_EXPANSION,SYNTHETIC_DEMO
NEWS00075,NEWS,Demo supply-chain disruption article 0075,PROJECT_DEMO_EXPANSION,SYNTHETIC_DEMO
NEWS00076,NEWS,Demo supply-chain disruption article 0076,PROJECT_DEMO_EXPANSION,SYNTHETIC_DEMO
NEWS00077,NEWS,Demo supply-chain disruption article 0077,PROJECT_DEMO_EXPANSION,SYNTHETIC_DEMO
NEWS00078,NEWS,Demo supply-chain disruption article 0078,PROJECT_DEMO_EXPANSION,SYNTHETIC_DEMO
NEWS00079,NEWS,Demo supply-chain disruption article 0079,PROJECT_DEMO_EXPANSION,SYNTHETIC_DEMO
NEWS00080,NEWS,Demo supply-chain disruption article 0080,PROJECT_DEMO_EXPANSION,SYNTHETIC_DEMO
NEWS00081,NEWS,Demo supply-chain disruption article 0081,PROJECT_DEMO_EXPANSION,SYNTHETIC_DEMO
NEWS00082,NEWS,Demo supply-chain disruption article 0082,PROJECT_DEMO_EXPANSION,SYNTHETIC_DEMO
NEWS00083,NEWS,Demo supply-chain disruption article 0083,PROJECT_DEMO_EXPANSION,SYNTHETIC_DEMO
NEWS00084,NEWS,Demo supply-chain disruption article 0084,PROJECT_DEMO_EXPANSION,SYNTHETIC_DEMO
NEWS00085,NEWS,Demo supply-chain disruption article 0085,PROJECT_DEMO_EXPANSION,SYNTHETIC_DEMO
NEWS00086,NEWS,Demo supply-chain disruption article 0086,PROJECT_DEMO_EXPANSION,SYNTHETIC_DEMO
NEWS00087,NEWS,Demo supply-chain disruption article 0087,PROJECT_DEMO_EXPANSION,SYNTHETIC_DEMO
NEWS00088,NEWS,Demo supply-chain disruption article 0088,PROJECT_DEMO_EXPANSION,SYNTHETIC_DEMO
NEWS00089,NEWS,Demo supply-chain disruption article 0089,PROJECT_DEMO_EXPANSION,SYNTHETIC_DEMO
NEWS00090,NEWS,Demo supply-chain disruption article 0090,PROJECT_DEMO_EXPANSION,SYNTHETIC_DEMO
NEWS00091,NEWS,Demo supply-chain disruption article 0091,PROJECT_DEMO_EXPANSION,SYNTHETIC_DEMO
NEWS00092,NEWS,Demo supply-chain disruption article 0092,PROJECT_DEMO_EXPANSION,SYNTHETIC_DEMO
NEWS00093,NEWS,Demo supply-chain disruption article 0093,PROJECT_DEMO_EXPANSION,SYNTHETIC_DEMO
NEWS00094,NEWS,Demo supply-chain disruption article 0094,PROJECT_DEMO_EXPANSION,SYNTHETIC_DEMO
NEWS00095,NEWS,Demo supply-chain disruption article 0095,PROJECT_DEMO_EXPANSION,SYNTHETIC_DEMO
NEWS00096,NEWS,Demo supply-chain disruption article 0096,PROJECT_DEMO_EXPANSION,SYNTHETIC_DEMO
NEWS00097,NEWS,Demo supply-chain disruption article 0097,PROJECT_DEMO_EXPANSION,SYNTHETIC_DEMO
NEWS00098,NEWS,Demo supply-chain disruption article 0098,PROJECT_DEMO_EXPANSION,SYNTHETIC_DEMO
NEWS00099,NEWS,Demo supply-chain disruption article 0099,PROJECT_DEMO_EXPANSION,SYNTHETIC_DEMO
NEWS00100,NEWS,Demo supply-chain disruption article 0100,PROJECT_DEMO_EXPANSION,SYNTHETIC_DEMO
NEWS00101,NEWS,Demo supply-chain disruption article 0101,PROJECT_DEMO_EXPANSION,SYNTHETIC_DEMO
NEWS00102,NEWS,Demo supply-chain disruption article 0102,PROJECT_DEMO_EXPANSION,SYNTHETIC_DEMO
NEWS00103,NEWS,Demo supply-chain disruption article 0103,PROJECT_DEMO_EXPANSION,SYNTHETIC_DEMO
NEWS00104,NEWS,Demo supply-chain disruption article 0104,PROJECT_DEMO_EXPANSION,SYNTHETIC_DEMO
NEWS00105,NEWS,Demo supply-chain disruption article 0105,PROJECT_DEMO_EXPANSION,SYNTHETIC_DEMO
NEWS00106,NEWS,Demo supply-chain disruption article 0106,PROJECT_DEMO_EXPANSION,SYNTHETIC_DEMO
NEWS00107,NEWS,Demo supply-chain disruption article 0107,PROJECT_DEMO_EXPANSION,SYNTHETIC_DEMO
NEWS00108,NEWS,Demo supply-chain disruption article 0108,PROJECT_DEMO_EXPANSION,SYNTHETIC_DEMO
NEWS00109,NEWS,Demo supply-chain disruption article 0109,PROJECT_DEMO_EXPANSION,SYNTHETIC_DEMO
NEWS00110,NEWS,Demo supply-chain disruption article 0110,PROJECT_DEMO_EXPANSION,SYNTHETIC_DEMO
NEWS00111,NEWS,Demo supply-chain disruption article 0111,PROJECT_DEMO_EXPANSION,SYNTHETIC_DEMO
NEWS00112,NEWS,Demo supply-chain disruption article 0112,PROJECT_DEMO_EXPANSION,SYNTHETIC_DEMO
NEWS00113,NEWS,Demo supply-chain disruption article 0113,PROJECT_DEMO_EXPANSION,SYNTHETIC_DEMO
NEWS00114,NEWS,Demo supply-chain disruption article 0114,PROJECT_DEMO_EXPANSION,SYNTHETIC_DEMO
NEWS00115,NEWS,Demo supply-chain disruption article 0115,PROJECT_DEMO_EXPANSION,SYNTHETIC_DEMO
NEWS00116,NEWS,Demo supply-chain disruption article 0116,PROJECT_DEMO_EXPANSION,SYNTHETIC_DEMO
NEWS00117,NEWS,Demo supply-chain disruption article 0117,PROJECT_DEMO_EXPANSION,SYNTHETIC_DEMO
NEWS00118,NEWS,Demo supply-chain disruption article 0118,PROJECT_DEMO_EXPANSION,SYNTHETIC_DEMO
NEWS00119,NEWS,Demo supply-chain disruption article 0119,PROJECT_DEMO_EXPANSION,SYNTHETIC_DEMO
NEWS00120,NEWS,Demo supply-chain disruption article 0120,PROJECT_DEMO_EXPANSION,SYNTHETIC_DEMO
NEWS00121,NEWS,Demo supply-chain disruption article 0121,PROJECT_DEMO_EXPANSION,SYNTHETIC_DEMO
NEWS00122,NEWS,Demo supply-chain disruption article 0122,PROJECT_DEMO_EXPANSION,SYNTHETIC_DEMO
NEWS00123,NEWS,Demo supply-chain disruption article 0123,PROJECT_DEMO_EXPANSION,SYNTHETIC_DEMO
NEWS00124,NEWS,Demo supply-chain disruption article 0124,PROJECT_DEMO_EXPANSION,SYNTHETIC_DEMO
NEWS00125,NEWS,Demo supply-chain disruption article 0125,PROJECT_DEMO_EXPANSION,SYNTHETIC_DEMO
NEWS00126,NEWS,Demo supply-chain disruption article 0126,PROJECT_DEMO_EXPANSION,SYNTHETIC_DEMO
NEWS00127,NEWS,Demo supply-chain disruption article 0127,PROJECT_DEMO_EXPANSION,SYNTHETIC_DEMO
NEWS00128,NEWS,Demo supply-chain disruption article 0128,PROJECT_DEMO_EXPANSION,SYNTHETIC_DEMO
NEWS00129,NEWS,Demo supply-chain disruption article 0129,PROJECT_DEMO_EXPANSION,SYNTHETIC_DEMO
NEWS00130,NEWS,Demo supply-chain disruption article 0130,PROJECT_DEMO_EXPANSION,SYNTHETIC_DEMO
NEWS00131,NEWS,Demo supply-chain disruption article 0131,PROJECT_DEMO_EXPANSION,SYNTHETIC_DEMO
NEWS00132,NEWS,Demo supply-chain disruption article 0132,PROJECT_DEMO_EXPANSION,SYNTHETIC_DEMO
NEWS00133,NEWS,Demo supply-chain disruption article 0133,PROJECT_DEMO_EXPANSION,SYNTHETIC_DEMO
NEWS00134,NEWS,Demo supply-chain disruption article 0134,PROJECT_DEMO_EXPANSION,SYNTHETIC_DEMO
NEWS00135,NEWS,Demo supply-chain disruption article 0135,PROJECT_DEMO_EXPANSION,SYNTHETIC_DEMO
NEWS00136,NEWS,Demo supply-chain disruption article 0136,PROJECT_DEMO_EXPANSION,SYNTHETIC_DEMO
NEWS00137,NEWS,Demo supply-chain disruption article 0137,PROJECT_DEMO_EXPANSION,SYNTHETIC_DEMO
NEWS00138,NEWS,Demo supply-chain disruption article 0138,PROJECT_DEMO_EXPANSION,SYNTHETIC_DEMO
NEWS00139,NEWS,Demo supply-chain disruption article 0139,PROJECT_DEMO_EXPANSION,SYNTHETIC_DEMO
NEWS00140,NEWS,Demo supply-chain disruption article 0140,PROJECT_DEMO_EXPANSION,SYNTHETIC_DEMO
NEWS00141,NEWS,Demo supply-chain disruption article 0141,PROJECT_DEMO_EXPANSION,SYNTHETIC_DEMO
NEWS00142,NEWS,Demo supply-chain disruption article 0142,PROJECT_DEMO_EXPANSION,SYNTHETIC_DEMO
NEWS00143,NEWS,Demo supply-chain disruption article 0143,PROJECT_DEMO_EXPANSION,SYNTHETIC_DEMO
NEWS00144,NEWS,Demo supply-chain disruption article 0144,PROJECT_DEMO_EXPANSION,SYNTHETIC_DEMO
NEWS00145,NEWS,Demo supply-chain disruption article 0145,PROJECT_DEMO_EXPANSION,SYNTHETIC_DEMO
NEWS00146,NEWS,Demo supply-chain disruption article 0146,PROJECT_DEMO_EXPANSION,SYNTHETIC_DEMO
NEWS00147,NEWS,Demo supply-chain disruption article 0147,PROJECT_DEMO_EXPANSION,SYNTHETIC_DEMO
NEWS00148,NEWS,Demo supply-chain disruption article 0148,PROJECT_DEMO_EXPANSION,SYNTHETIC_DEMO
NEWS00149,NEWS,Demo supply-chain disruption article 0149,PROJECT_DEMO_EXPANSION,SYNTHETIC_DEMO
NEWS00150,NEWS,Demo supply-chain disruption article 0150,PROJECT_DEMO_EXPANSION,SYNTHETIC_DEMO
NEWS00151,NEWS,Demo supply-chain disruption article 0151,PROJECT_DEMO_EXPANSION,SYNTHETIC_DEMO
NEWS00152,NEWS,Demo supply-chain disruption article 0152,PROJECT_DEMO_EXPANSION,SYNTHETIC_DEMO
NEWS00153,NEWS,Demo supply-chain disruption article 0153,PROJECT_DEMO_EXPANSION,SYNTHETIC_DEMO
NEWS00154,NEWS,Demo supply-chain disruption article 0154,PROJECT_DEMO_EXPANSION,SYNTHETIC_DEMO
NEWS00155,NEWS,Demo supply-chain disruption article 0155,PROJECT_DEMO_EXPANSION,SYNTHETIC_DEMO
NEWS00156,NEWS,Demo supply-chain disruption article 0156,PROJECT_DEMO_EXPANSION,SYNTHETIC_DEMO
NEWS00157,NEWS,Demo supply-chain disruption article 0157,PROJECT_DEMO_EXPANSION,SYNTHETIC_DEMO
NEWS00158,NEWS,Demo supply-chain disruption article 0158,PROJECT_DEMO_EXPANSION,SYNTHETIC_DEMO
NEWS00159,NEWS,Demo supply-chain disruption article 0159,PROJECT_DEMO_EXPANSION,SYNTHETIC_DEMO
NEWS00160,NEWS,Demo supply-chain disruption article 0160,PROJECT_DEMO_EXPANSION,SYNTHETIC_DEMO
NEWS00161,NEWS,Demo supply-chain disruption article 0161,PROJECT_DEMO_EXPANSION,SYNTHETIC_DEMO
NEWS00162,NEWS,Demo supply-chain disruption article 0162,PROJECT_DEMO_EXPANSION,SYNTHETIC_DEMO
NEWS00163,NEWS,Demo supply-chain disruption article 0163,PROJECT_DEMO_EXPANSION,SYNTHETIC_DEMO
NEWS00164,NEWS,Demo supply-chain disruption article 0164,PROJECT_DEMO_EXPANSION,SYNTHETIC_DEMO
NEWS00165,NEWS,Demo supply-chain disruption article 0165,PROJECT_DEMO_EXPANSION,SYNTHETIC_DEMO
NEWS00166,NEWS,Demo supply-chain disruption article 0166,PROJECT_DEMO_EXPANSION,SYNTHETIC_DEMO
NEWS00167,NEWS,Demo supply-chain disruption article 0167,PROJECT_DEMO_EXPANSION,SYNTHETIC_DEMO
NEWS00168,NEWS,Demo supply-chain disruption article 0168,PROJECT_DEMO_EXPANSION,SYNTHETIC_DEMO
NEWS00169,NEWS,Demo supply-chain disruption article 0169,PROJECT_DEMO_EXPANSION,SYNTHETIC_DEMO
NEWS00170,NEWS,Demo supply-chain disruption article 0170,PROJECT_DEMO_EXPANSION,SYNTHETIC_DEMO
NEWS00171,NEWS,Demo supply-chain disruption article 0171,PROJECT_DEMO_EXPANSION,SYNTHETIC_DEMO
NEWS00172,NEWS,Demo supply-chain disruption article 0172,PROJECT_DEMO_EXPANSION,SYNTHETIC_DEMO
NEWS00173,NEWS,Demo supply-chain disruption article 0173,PROJECT_DEMO_EXPANSION,SYNTHETIC_DEMO
NEWS00174,NEWS,Demo supply-chain disruption article 0174,PROJECT_DEMO_EXPANSION,SYNTHETIC_DEMO
NEWS00175,NEWS,Demo supply-chain disruption article 0175,PROJECT_DEMO_EXPANSION,SYNTHETIC_DEMO
NEWS00176,NEWS,Demo supply-chain disruption article 0176,PROJECT_DEMO_EXPANSION,SYNTHETIC_DEMO
NEWS00177,NEWS,Demo supply-chain disruption article 0177,PROJECT_DEMO_EXPANSION,SYNTHETIC_DEMO
NEWS00178,NEWS,Demo supply-chain disruption article 0178,PROJECT_DEMO_EXPANSION,SYNTHETIC_DEMO
NEWS00179,NEWS,Demo supply-chain disruption article 0179,PROJECT_DEMO_EXPANSION,SYNTHETIC_DEMO
NEWS00180,NEWS,Demo supply-chain disruption article 0180,PROJECT_DEMO_EXPANSION,SYNTHETIC_DEMO
NEWS00181,NEWS,Demo supply-chain disruption article 0181,PROJECT_DEMO_EXPANSION,SYNTHETIC_DEMO
NEWS00182,NEWS,Demo supply-chain disruption article 0182,PROJECT_DEMO_EXPANSION,SYNTHETIC_DEMO
NEWS00183,NEWS,Demo supply-chain disruption article 0183,PROJECT_DEMO_EXPANSION,SYNTHETIC_DEMO
NEWS00184,NEWS,Demo supply-chain disruption article 0184,PROJECT_DEMO_EXPANSION,SYNTHETIC_DEMO
NEWS00185,NEWS,Demo supply-chain disruption article 0185,PROJECT_DEMO_EXPANSION,SYNTHETIC_DEMO
NEWS00186,NEWS,Demo supply-chain disruption article 0186,PROJECT_DEMO_EXPANSION,SYNTHETIC_DEMO
NEWS00187,NEWS,Demo supply-chain disruption article 0187,PROJECT_DEMO_EXPANSION,SYNTHETIC_DEMO
NEWS00188,NEWS,Demo supply-chain disruption article 0188,PROJECT_DEMO_EXPANSION,SYNTHETIC_DEMO
NEWS00189,NEWS,Demo supply-chain disruption article 0189,PROJECT_DEMO_EXPANSION,SYNTHETIC_DEMO
NEWS00190,NEWS,Demo supply-chain disruption article 0190,PROJECT_DEMO_EXPANSION,SYNTHETIC_DEMO
NEWS00191,NEWS,Demo supply-chain disruption article 0191,PROJECT_DEMO_EXPANSION,SYNTHETIC_DEMO
NEWS00192,NEWS,Demo supply-chain disruption article 0192,PROJECT_DEMO_EXPANSION,SYNTHETIC_DEMO
NEWS00193,NEWS,Demo supply-chain disruption article 0193,PROJECT_DEMO_EXPANSION,SYNTHETIC_DEMO
NEWS00194,NEWS,Demo supply-chain disruption article 0194,PROJECT_DEMO_EXPANSION,SYNTHETIC_DEMO
NEWS00195,NEWS,Demo supply-chain disruption article 0195,PROJECT_DEMO_EXPANSION,SYNTHETIC_DEMO
NEWS00196,NEWS,Demo supply-chain disruption article 0196,PROJECT_DEMO_EXPANSION,SYNTHETIC_DEMO
NEWS00197,NEWS,Demo supply-chain disruption article 0197,PROJECT_DEMO_EXPANSION,SYNTHETIC_DEMO
NEWS00198,NEWS,Demo supply-chain disruption article 0198,PROJECT_DEMO_EXPANSION,SYNTHETIC_DEMO
NEWS00199,NEWS,Demo supply-chain disruption article 0199,PROJECT_DEMO_EXPANSION,SYNTHETIC_DEMO
NEWS00200,NEWS,Demo supply-chain disruption article 0200,PROJECT_DEMO_EXPANSION,SYNTHETIC_DEMO
NEWS00201,NEWS,Demo supply-chain disruption article 0201,PROJECT_DEMO_EXPANSION,SYNTHETIC_DEMO
NEWS00202,NEWS,Demo supply-chain disruption article 0202,PROJECT_DEMO_EXPANSION,SYNTHETIC_DEMO
NEWS00203,NEWS,Demo supply-chain disruption article 0203,PROJECT_DEMO_EXPANSION,SYNTHETIC_DEMO
NEWS00204,NEWS,Demo supply-chain disruption article 0204,PROJECT_DEMO_EXPANSION,SYNTHETIC_DEMO
NEWS00205,NEWS,Demo supply-chain disruption article 0205,PROJECT_DEMO_EXPANSION,SYNTHETIC_DEMO
NEWS00206,NEWS,Demo supply-chain disruption article 0206,PROJECT_DEMO_EXPANSION,SYNTHETIC_DEMO
NEWS00207,NEWS,Demo supply-chain disruption article 0207,PROJECT_DEMO_EXPANSION,SYNTHETIC_DEMO
NEWS00208,NEWS,Demo supply-chain disruption article 0208,PROJECT_DEMO_EXPANSION,SYNTHETIC_DEMO
NEWS00209,NEWS,Demo supply-chain disruption article 0209,PROJECT_DEMO_EXPANSION,SYNTHETIC_DEMO
NEWS00210,NEWS,Demo supply-chain disruption article 0210,PROJECT_DEMO_EXPANSION,SYNTHETIC_DEMO
NEWS00211,NEWS,Demo supply-chain disruption article 0211,PROJECT_DEMO_EXPANSION,SYNTHETIC_DEMO
NEWS00212,NEWS,Demo supply-chain disruption article 0212,PROJECT_DEMO_EXPANSION,SYNTHETIC_DEMO
NEWS00213,NEWS,Demo supply-chain disruption article 0213,PROJECT_DEMO_EXPANSION,SYNTHETIC_DEMO
NEWS00214,NEWS,Demo supply-chain disruption article 0214,PROJECT_DEMO_EXPANSION,SYNTHETIC_DEMO
NEWS00215,NEWS,Demo supply-chain disruption article 0215,PROJECT_DEMO_EXPANSION,SYNTHETIC_DEMO
NEWS00216,NEWS,Demo supply-chain disruption article 0216,PROJECT_DEMO_EXPANSION,SYNTHETIC_DEMO
NEWS00217,NEWS,Demo supply-chain disruption article 0217,PROJECT_DEMO_EXPANSION,SYNTHETIC_DEMO
NEWS00218,NEWS,Demo supply-chain disruption article 0218,PROJECT_DEMO_EXPANSION,SYNTHETIC_DEMO
NEWS00219,NEWS,Demo supply-chain disruption article 0219,PROJECT_DEMO_EXPANSION,SYNTHETIC_DEMO
NEWS00220,NEWS,Demo supply-chain disruption article 0220,PROJECT_DEMO_EXPANSION,SYNTHETIC_DEMO
NEWS00221,NEWS,Demo supply-chain disruption article 0221,PROJECT_DEMO_EXPANSION,SYNTHETIC_DEMO
NEWS00222,NEWS,Demo supply-chain disruption article 0222,PROJECT_DEMO_EXPANSION,SYNTHETIC_DEMO
NEWS00223,NEWS,Demo supply-chain disruption article 0223,PROJECT_DEMO_EXPANSION,SYNTHETIC_DEMO
NEWS00224,NEWS,Demo supply-chain disruption article 0224,PROJECT_DEMO_EXPANSION,SYNTHETIC_DEMO
NEWS00225,NEWS,Demo supply-chain disruption article 0225,PROJECT_DEMO_EXPANSION,SYNTHETIC_DEMO
NEWS00226,NEWS,Demo supply-chain disruption article 0226,PROJECT_DEMO_EXPANSION,SYNTHETIC_DEMO
NEWS00227,NEWS,Demo supply-chain disruption article 0227,PROJECT_DEMO_EXPANSION,SYNTHETIC_DEMO
NEWS00228,NEWS,Demo supply-chain disruption article 0228,PROJECT_DEMO_EXPANSION,SYNTHETIC_DEMO
NEWS00229,NEWS,Demo supply-chain disruption article 0229,PROJECT_DEMO_EXPANSION,SYNTHETIC_DEMO
NEWS00230,NEWS,Demo supply-chain disruption article 0230,PROJECT_DEMO_EXPANSION,SYNTHETIC_DEMO
NEWS00231,NEWS,Demo supply-chain disruption article 0231,PROJECT_DEMO_EXPANSION,SYNTHETIC_DEMO
NEWS00232,NEWS,Demo supply-chain disruption article 0232,PROJECT_DEMO_EXPANSION,SYNTHETIC_DEMO
NEWS00233,NEWS,Demo supply-chain disruption article 0233,PROJECT_DEMO_EXPANSION,SYNTHETIC_DEMO
NEWS00234,NEWS,Demo supply-chain disruption article 0234,PROJECT_DEMO_EXPANSION,SYNTHETIC_DEMO
NEWS00235,NEWS,Demo supply-chain disruption article 0235,PROJECT_DEMO_EXPANSION,SYNTHETIC_DEMO
NEWS00236,NEWS,Demo supply-chain disruption article 0236,PROJECT_DEMO_EXPANSION,SYNTHETIC_DEMO
NEWS00237,NEWS,Demo supply-chain disruption article 0237,PROJECT_DEMO_EXPANSION,SYNTHETIC_DEMO
NEWS00238,NEWS,Demo supply-chain disruption article 0238,PROJECT_DEMO_EXPANSION,SYNTHETIC_DEMO
NEWS00239,NEWS,Demo supply-chain disruption article 0239,PROJECT_DEMO_EXPANSION,SYNTHETIC_DEMO
NEWS00240,NEWS,Demo supply-chain disruption article 0240,PROJECT_DEMO_EXPANSION,SYNTHETIC_DEMO
NEWS00241,NEWS,Demo supply-chain disruption article 0241,PROJECT_DEMO_EXPANSION,SYNTHETIC_DEMO
NEWS00242,NEWS,Demo supply-chain disruption article 0242,PROJECT_DEMO_EXPANSION,SYNTHETIC_DEMO
NEWS00243,NEWS,Demo supply-chain disruption article 0243,PROJECT_DEMO_EXPANSION,SYNTHETIC_DEMO
NEWS00244,NEWS,Demo supply-chain disruption article 0244,PROJECT_DEMO_EXPANSION,SYNTHETIC_DEMO
NEWS00245,NEWS,Demo supply-chain disruption article 0245,PROJECT_DEMO_EXPANSION,SYNTHETIC_DEMO
NEWS00246,NEWS,Demo supply-chain disruption article 0246,PROJECT_DEMO_EXPANSION,SYNTHETIC_DEMO
NEWS00247,NEWS,Demo supply-chain disruption article 0247,PROJECT_DEMO_EXPANSION,SYNTHETIC_DEMO
NEWS00248,NEWS,Demo supply-chain disruption article 0248,PROJECT_DEMO_EXPANSION,SYNTHETIC_DEMO
NEWS00249,NEWS,Demo supply-chain disruption article 0249,PROJECT_DEMO_EXPANSION,SYNTHETIC_DEMO
NEWS00250,NEWS,Demo supply-chain disruption article 0250,PROJECT_DEMO_EXPANSION,SYNTHETIC_DEMO
NEWS00251,NEWS,Demo supply-chain disruption article 0251,PROJECT_DEMO_EXPANSION,SYNTHETIC_DEMO
NEWS00252,NEWS,Demo supply-chain disruption article 0252,PROJECT_DEMO_EXPANSION,SYNTHETIC_DEMO
NEWS00253,NEWS,Demo supply-chain disruption article 0253,PROJECT_DEMO_EXPANSION,SYNTHETIC_DEMO
NEWS00254,NEWS,Demo supply-chain disruption article 0254,PROJECT_DEMO_EXPANSION,SYNTHETIC_DEMO
NEWS00255,NEWS,Demo supply-chain disruption article 0255,PROJECT_DEMO_EXPANSION,SYNTHETIC_DEMO
NEWS00256,NEWS,Demo supply-chain disruption article 0256,PROJECT_DEMO_EXPANSION,SYNTHETIC_DEMO
NEWS00257,NEWS,Demo supply-chain disruption article 0257,PROJECT_DEMO_EXPANSION,SYNTHETIC_DEMO
NEWS00258,NEWS,Demo supply-chain disruption article 0258,PROJECT_DEMO_EXPANSION,SYNTHETIC_DEMO
NEWS00259,NEWS,Demo supply-chain disruption article 0259,PROJECT_DEMO_EXPANSION,SYNTHETIC_DEMO
NEWS00260,NEWS,Demo supply-chain disruption article 0260,PROJECT_DEMO_EXPANSION,SYNTHETIC_DEMO
NEWS00261,NEWS,Demo supply-chain disruption article 0261,PROJECT_DEMO_EXPANSION,SYNTHETIC_DEMO
NEWS00262,NEWS,Demo supply-chain disruption article 0262,PROJECT_DEMO_EXPANSION,SYNTHETIC_DEMO
NEWS00263,NEWS,Demo supply-chain disruption article 0263,PROJECT_DEMO_EXPANSION,SYNTHETIC_DEMO
NEWS00264,NEWS,Demo supply-chain disruption article 0264,PROJECT_DEMO_EXPANSION,SYNTHETIC_DEMO
NEWS00265,NEWS,Demo supply-chain disruption article 0265,PROJECT_DEMO_EXPANSION,SYNTHETIC_DEMO
NEWS00266,NEWS,Demo supply-chain disruption article 0266,PROJECT_DEMO_EXPANSION,SYNTHETIC_DEMO
NEWS00267,NEWS,Demo supply-chain disruption article 0267,PROJECT_DEMO_EXPANSION,SYNTHETIC_DEMO
NEWS00268,NEWS,Demo supply-chain disruption article 0268,PROJECT_DEMO_EXPANSION,SYNTHETIC_DEMO
NEWS00269,NEWS,Demo supply-chain disruption article 0269,PROJECT_DEMO_EXPANSION,SYNTHETIC_DEMO
NEWS00270,NEWS,Demo supply-chain disruption article 0270,PROJECT_DEMO_EXPANSION,SYNTHETIC_DEMO
NEWS00271,NEWS,Demo supply-chain disruption article 0271,PROJECT_DEMO_EXPANSION,SYNTHETIC_DEMO
NEWS00272,NEWS,Demo supply-chain disruption article 0272,PROJECT_DEMO_EXPANSION,SYNTHETIC_DEMO
NEWS00273,NEWS,Demo supply-chain disruption article 0273,PROJECT_DEMO_EXPANSION,SYNTHETIC_DEMO
NEWS00274,NEWS,Demo supply-chain disruption article 0274,PROJECT_DEMO_EXPANSION,SYNTHETIC_DEMO
NEWS00275,NEWS,Demo supply-chain disruption article 0275,PROJECT_DEMO_EXPANSION,SYNTHETIC_DEMO
NEWS00276,NEWS,Demo supply-chain disruption article 0276,PROJECT_DEMO_EXPANSION,SYNTHETIC_DEMO
NEWS00277,NEWS,Demo supply-chain disruption article 0277,PROJECT_DEMO_EXPANSION,SYNTHETIC_DEMO
NEWS00278,NEWS,Demo supply-chain disruption article 0278,PROJECT_DEMO_EXPANSION,SYNTHETIC_DEMO
NEWS00279,NEWS,Demo supply-chain disruption article 0279,PROJECT_DEMO_EXPANSION,SYNTHETIC_DEMO
NEWS00280,NEWS,Demo supply-chain disruption article 0280,PROJECT_DEMO_EXPANSION,SYNTHETIC_DEMO
NEWS00281,NEWS,Demo supply-chain disruption article 0281,PROJECT_DEMO_EXPANSION,SYNTHETIC_DEMO
NEWS00282,NEWS,Demo supply-chain disruption article 0282,PROJECT_DEMO_EXPANSION,SYNTHETIC_DEMO
NEWS00283,NEWS,Demo supply-chain disruption article 0283,PROJECT_DEMO_EXPANSION,SYNTHETIC_DEMO
NEWS00284,NEWS,Demo supply-chain disruption article 0284,PROJECT_DEMO_EXPANSION,SYNTHETIC_DEMO
NEWS00285,NEWS,Demo supply-chain disruption article 0285,PROJECT_DEMO_EXPANSION,SYNTHETIC_DEMO
NEWS00286,NEWS,Demo supply-chain disruption article 0286,PROJECT_DEMO_EXPANSION,SYNTHETIC_DEMO
NEWS00287,NEWS,Demo supply-chain disruption article 0287,PROJECT_DEMO_EXPANSION,SYNTHETIC_DEMO
NEWS00288,NEWS,Demo supply-chain disruption article 0288,PROJECT_DEMO_EXPANSION,SYNTHETIC_DEMO
NEWS00289,NEWS,Demo supply-chain disruption article 0289,PROJECT_DEMO_EXPANSION,SYNTHETIC_DEMO
NEWS00290,NEWS,Demo supply-chain disruption article 0290,PROJECT_DEMO_EXPANSION,SYNTHETIC_DEMO
NEWS00291,NEWS,Demo supply-chain disruption article 0291,PROJECT_DEMO_EXPANSION,SYNTHETIC_DEMO
NEWS00292,NEWS,Demo supply-chain disruption article 0292,PROJECT_DEMO_EXPANSION,SYNTHETIC_DEMO
NEWS00293,NEWS,Demo supply-chain disruption article 0293,PROJECT_DEMO_EXPANSION,SYNTHETIC_DEMO
NEWS00294,NEWS,Demo supply-chain disruption article 0294,PROJECT_DEMO_EXPANSION,SYNTHETIC_DEMO
NEWS00295,NEWS,Demo supply-chain disruption article 0295,PROJECT_DEMO_EXPANSION,SYNTHETIC_DEMO
NEWS00296,NEWS,Demo supply-chain disruption article 0296,PROJECT_DEMO_EXPANSION,SYNTHETIC_DEMO
NEWS00297,NEWS,Demo supply-chain disruption article 0297,PROJECT_DEMO_EXPANSION,SYNTHETIC_DEMO
NEWS00298,NEWS,Demo supply-chain disruption article 0298,PROJECT_DEMO_EXPANSION,SYNTHETIC_DEMO
NEWS00299,NEWS,Demo supply-chain disruption article 0299,PROJECT_DEMO_EXPANSION,SYNTHETIC_DEMO
NEWS00300,NEWS,Demo supply-chain disruption article 0300,PROJECT_DEMO_EXPANSION,SYNTHETIC_DEMO
NEWS00301,NEWS,Demo supply-chain disruption article 0301,PROJECT_DEMO_EXPANSION,SYNTHETIC_DEMO
NEWS00302,NEWS,Demo supply-chain disruption article 0302,PROJECT_DEMO_EXPANSION,SYNTHETIC_DEMO
NEWS00303,NEWS,Demo supply-chain disruption article 0303,PROJECT_DEMO_EXPANSION,SYNTHETIC_DEMO
NEWS00304,NEWS,Demo supply-chain disruption article 0304,PROJECT_DEMO_EXPANSION,SYNTHETIC_DEMO
NEWS00305,NEWS,Demo supply-chain disruption article 0305,PROJECT_DEMO_EXPANSION,SYNTHETIC_DEMO
NEWS00306,NEWS,Demo supply-chain disruption article 0306,PROJECT_DEMO_EXPANSION,SYNTHETIC_DEMO
NEWS00307,NEWS,Demo supply-chain disruption article 0307,PROJECT_DEMO_EXPANSION,SYNTHETIC_DEMO
NEWS00308,NEWS,Demo supply-chain disruption article 0308,PROJECT_DEMO_EXPANSION,SYNTHETIC_DEMO
NEWS00309,NEWS,Demo supply-chain disruption article 0309,PROJECT_DEMO_EXPANSION,SYNTHETIC_DEMO
NEWS00310,NEWS,Demo supply-chain disruption article 0310,PROJECT_DEMO_EXPANSION,SYNTHETIC_DEMO
NEWS00311,NEWS,Demo supply-chain disruption article 0311,PROJECT_DEMO_EXPANSION,SYNTHETIC_DEMO
NEWS00312,NEWS,Demo supply-chain disruption article 0312,PROJECT_DEMO_EXPANSION,SYNTHETIC_DEMO
NEWS00313,NEWS,Demo supply-chain disruption article 0313,PROJECT_DEMO_EXPANSION,SYNTHETIC_DEMO
NEWS00314,NEWS,Demo supply-chain disruption article 0314,PROJECT_DEMO_EXPANSION,SYNTHETIC_DEMO
NEWS00315,NEWS,Demo supply-chain disruption article 0315,PROJECT_DEMO_EXPANSION,SYNTHETIC_DEMO
NEWS00316,NEWS,Demo supply-chain disruption article 0316,PROJECT_DEMO_EXPANSION,SYNTHETIC_DEMO
NEWS00317,NEWS,Demo supply-chain disruption article 0317,PROJECT_DEMO_EXPANSION,SYNTHETIC_DEMO
NEWS00318,NEWS,Demo supply-chain disruption article 0318,PROJECT_DEMO_EXPANSION,SYNTHETIC_DEMO
NEWS00319,NEWS,Demo supply-chain disruption article 0319,PROJECT_DEMO_EXPANSION,SYNTHETIC_DEMO
NEWS00320,NEWS,Demo supply-chain disruption article 0320,PROJECT_DEMO_EXPANSION,SYNTHETIC_DEMO
NEWS00321,NEWS,Demo supply-chain disruption article 0321,PROJECT_DEMO_EXPANSION,SYNTHETIC_DEMO
NEWS00322,NEWS,Demo supply-chain disruption article 0322,PROJECT_DEMO_EXPANSION,SYNTHETIC_DEMO
NEWS00323,NEWS,Demo supply-chain disruption article 0323,PROJECT_DEMO_EXPANSION,SYNTHETIC_DEMO
NEWS00324,NEWS,Demo supply-chain disruption article 0324,PROJECT_DEMO_EXPANSION,SYNTHETIC_DEMO
NEWS00325,NEWS,Demo supply-chain disruption article 0325,PROJECT_DEMO_EXPANSION,SYNTHETIC_DEMO
NEWS00326,NEWS,Demo supply-chain disruption article 0326,PROJECT_DEMO_EXPANSION,SYNTHETIC_DEMO
NEWS00327,NEWS,Demo supply-chain disruption article 0327,PROJECT_DEMO_EXPANSION,SYNTHETIC_DEMO
NEWS00328,NEWS,Demo supply-chain disruption article 0328,PROJECT_DEMO_EXPANSION,SYNTHETIC_DEMO
NEWS00329,NEWS,Demo supply-chain disruption article 0329,PROJECT_DEMO_EXPANSION,SYNTHETIC_DEMO
NEWS00330,NEWS,Demo supply-chain disruption article 0330,PROJECT_DEMO_EXPANSION,SYNTHETIC_DEMO
NEWS00331,NEWS,Demo supply-chain disruption article 0331,PROJECT_DEMO_EXPANSION,SYNTHETIC_DEMO
NEWS00332,NEWS,Demo supply-chain disruption article 0332,PROJECT_DEMO_EXPANSION,SYNTHETIC_DEMO
NEWS00333,NEWS,Demo supply-chain disruption article 0333,PROJECT_DEMO_EXPANSION,SYNTHETIC_DEMO
NEWS00334,NEWS,Demo supply-chain disruption article 0334,PROJECT_DEMO_EXPANSION,SYNTHETIC_DEMO
NEWS00335,NEWS,Demo supply-chain disruption article 0335,PROJECT_DEMO_EXPANSION,SYNTHETIC_DEMO
NEWS00336,NEWS,Demo supply-chain disruption article 0336,PROJECT_DEMO_EXPANSION,SYNTHETIC_DEMO
NEWS00337,NEWS,Demo supply-chain disruption article 0337,PROJECT_DEMO_EXPANSION,SYNTHETIC_DEMO
NEWS00338,NEWS,Demo supply-chain disruption article 0338,PROJECT_DEMO_EXPANSION,SYNTHETIC_DEMO
NEWS00339,NEWS,Demo supply-chain disruption article 0339,PROJECT_DEMO_EXPANSION,SYNTHETIC_DEMO
NEWS00340,NEWS,Demo supply-chain disruption article 0340,PROJECT_DEMO_EXPANSION,SYNTHETIC_DEMO
NEWS00341,NEWS,Demo supply-chain disruption article 0341,PROJECT_DEMO_EXPANSION,SYNTHETIC_DEMO
NEWS00342,NEWS,Demo supply-chain disruption article 0342,PROJECT_DEMO_EXPANSION,SYNTHETIC_DEMO
NEWS00343,NEWS,Demo supply-chain disruption article 0343,PROJECT_DEMO_EXPANSION,SYNTHETIC_DEMO
NEWS00344,NEWS,Demo supply-chain disruption article 0344,PROJECT_DEMO_EXPANSION,SYNTHETIC_DEMO
NEWS00345,NEWS,Demo supply-chain disruption article 0345,PROJECT_DEMO_EXPANSION,SYNTHETIC_DEMO
NEWS00346,NEWS,Demo supply-chain disruption article 0346,PROJECT_DEMO_EXPANSION,SYNTHETIC_DEMO
NEWS00347,NEWS,Demo supply-chain disruption article 0347,PROJECT_DEMO_EXPANSION,SYNTHETIC_DEMO
NEWS00348,NEWS,Demo supply-chain disruption article 0348,PROJECT_DEMO_EXPANSION,SYNTHETIC_DEMO
NEWS00349,NEWS,Demo supply-chain disruption article 0349,PROJECT_DEMO_EXPANSION,SYNTHETIC_DEMO
NEWS00350,NEWS,Demo supply-chain disruption article 0350,PROJECT_DEMO_EXPANSION,SYNTHETIC_DEMO
NEWS00351,NEWS,Demo supply-chain disruption article 0351,PROJECT_DEMO_EXPANSION,SYNTHETIC_DEMO
NEWS00352,NEWS,Demo supply-chain disruption article 0352,PROJECT_DEMO_EXPANSION,SYNTHETIC_DEMO
NEWS00353,NEWS,Demo supply-chain disruption article 0353,PROJECT_DEMO_EXPANSION,SYNTHETIC_DEMO
NEWS00354,NEWS,Demo supply-chain disruption article 0354,PROJECT_DEMO_EXPANSION,SYNTHETIC_DEMO
NEWS00355,NEWS,Demo supply-chain disruption article 0355,PROJECT_DEMO_EXPANSION,SYNTHETIC_DEMO
NEWS00356,NEWS,Demo supply-chain disruption article 0356,PROJECT_DEMO_EXPANSION,SYNTHETIC_DEMO
NEWS00357,NEWS,Demo supply-chain disruption article 0357,PROJECT_DEMO_EXPANSION,SYNTHETIC_DEMO
NEWS00358,NEWS,Demo supply-chain disruption article 0358,PROJECT_DEMO_EXPANSION,SYNTHETIC_DEMO
NEWS00359,NEWS,Demo supply-chain disruption article 0359,PROJECT_DEMO_EXPANSION,SYNTHETIC_DEMO
NEWS00360,NEWS,Demo supply-chain disruption article 0360,PROJECT_DEMO_EXPANSION,SYNTHETIC_DEMO
NEWS00361,NEWS,Demo supply-chain disruption article 0361,PROJECT_DEMO_EXPANSION,SYNTHETIC_DEMO
NEWS00362,NEWS,Demo supply-chain disruption article 0362,PROJECT_DEMO_EXPANSION,SYNTHETIC_DEMO
NEWS00363,NEWS,Demo supply-chain disruption article 0363,PROJECT_DEMO_EXPANSION,SYNTHETIC_DEMO
NEWS00364,NEWS,Demo supply-chain disruption article 0364,PROJECT_DEMO_EXPANSION,SYNTHETIC_DEMO
NEWS00365,NEWS,Demo supply-chain disruption article 0365,PROJECT_DEMO_EXPANSION,SYNTHETIC_DEMO
NEWS00366,NEWS,Demo supply-chain disruption article 0366,PROJECT_DEMO_EXPANSION,SYNTHETIC_DEMO
NEWS00367,NEWS,Demo supply-chain disruption article 0367,PROJECT_DEMO_EXPANSION,SYNTHETIC_DEMO
NEWS00368,NEWS,Demo supply-chain disruption article 0368,PROJECT_DEMO_EXPANSION,SYNTHETIC_DEMO
NEWS00369,NEWS,Demo supply-chain disruption article 0369,PROJECT_DEMO_EXPANSION,SYNTHETIC_DEMO
NEWS00370,NEWS,Demo supply-chain disruption article 0370,PROJECT_DEMO_EXPANSION,SYNTHETIC_DEMO
NEWS00371,NEWS,Demo supply-chain disruption article 0371,PROJECT_DEMO_EXPANSION,SYNTHETIC_DEMO
NEWS00372,NEWS,Demo supply-chain disruption article 0372,PROJECT_DEMO_EXPANSION,SYNTHETIC_DEMO
NEWS00373,NEWS,Demo supply-chain disruption article 0373,PROJECT_DEMO_EXPANSION,SYNTHETIC_DEMO
NEWS00374,NEWS,Demo supply-chain disruption article 0374,PROJECT_DEMO_EXPANSION,SYNTHETIC_DEMO
NEWS00375,NEWS,Demo supply-chain disruption article 0375,PROJECT_DEMO_EXPANSION,SYNTHETIC_DEMO
NEWS00376,NEWS,Demo supply-chain disruption article 0376,PROJECT_DEMO_EXPANSION,SYNTHETIC_DEMO
NEWS00377,NEWS,Demo supply-chain disruption article 0377,PROJECT_DEMO_EXPANSION,SYNTHETIC_DEMO
NEWS00378,NEWS,Demo supply-chain disruption article 0378,PROJECT_DEMO_EXPANSION,SYNTHETIC_DEMO
NEWS00379,NEWS,Demo supply-chain disruption article 0379,PROJECT_DEMO_EXPANSION,SYNTHETIC_DEMO
NEWS00380,NEWS,Demo supply-chain disruption article 0380,PROJECT_DEMO_EXPANSION,SYNTHETIC_DEMO
NEWS00381,NEWS,Demo supply-chain disruption article 0381,PROJECT_DEMO_EXPANSION,SYNTHETIC_DEMO
NEWS00382,NEWS,Demo supply-chain disruption article 0382,PROJECT_DEMO_EXPANSION,SYNTHETIC_DEMO
NEWS00383,NEWS,Demo supply-chain disruption article 0383,PROJECT_DEMO_EXPANSION,SYNTHETIC_DEMO
NEWS00384,NEWS,Demo supply-chain disruption article 0384,PROJECT_DEMO_EXPANSION,SYNTHETIC_DEMO
NEWS00385,NEWS,Demo supply-chain disruption article 0385,PROJECT_DEMO_EXPANSION,SYNTHETIC_DEMO
NEWS00386,NEWS,Demo supply-chain disruption article 0386,PROJECT_DEMO_EXPANSION,SYNTHETIC_DEMO
NEWS00387,NEWS,Demo supply-chain disruption article 0387,PROJECT_DEMO_EXPANSION,SYNTHETIC_DEMO
NEWS00388,NEWS,Demo supply-chain disruption article 0388,PROJECT_DEMO_EXPANSION,SYNTHETIC_DEMO
NEWS00389,NEWS,Demo supply-chain disruption article 0389,PROJECT_DEMO_EXPANSION,SYNTHETIC_DEMO
NEWS00390,NEWS,Demo supply-chain disruption article 0390,PROJECT_DEMO_EXPANSION,SYNTHETIC_DEMO
NEWS00391,NEWS,Demo supply-chain disruption article 0391,PROJECT_DEMO_EXPANSION,SYNTHETIC_DEMO
NEWS00392,NEWS,Demo supply-chain disruption article 0392,PROJECT_DEMO_EXPANSION,SYNTHETIC_DEMO
NEWS00393,NEWS,Demo supply-chain disruption article 0393,PROJECT_DEMO_EXPANSION,SYNTHETIC_DEMO
NEWS00394,NEWS,Demo supply-chain disruption article 0394,PROJECT_DEMO_EXPANSION,SYNTHETIC_DEMO
NEWS00395,NEWS,Demo supply-chain disruption article 0395,PROJECT_DEMO_EXPANSION,SYNTHETIC_DEMO
NEWS00396,NEWS,Demo supply-chain disruption article 0396,PROJECT_DEMO_EXPANSION,SYNTHETIC_DEMO
NEWS00397,NEWS,Demo supply-chain disruption article 0397,PROJECT_DEMO_EXPANSION,SYNTHETIC_DEMO
NEWS00398,NEWS,Demo supply-chain disruption article 0398,PROJECT_DEMO_EXPANSION,SYNTHETIC_DEMO
NEWS00399,NEWS,Demo supply-chain disruption article 0399,PROJECT_DEMO_EXPANSION,SYNTHETIC_DEMO
NEWS00400,NEWS,Demo supply-chain disruption article 0400,PROJECT_DEMO_EXPANSION,SYNTHETIC_DEMO
NEWS00401,NEWS,Demo supply-chain disruption article 0401,PROJECT_DEMO_EXPANSION,SYNTHETIC_DEMO
NEWS00402,NEWS,Demo supply-chain disruption article 0402,PROJECT_DEMO_EXPANSION,SYNTHETIC_DEMO
NEWS00403,NEWS,Demo supply-chain disruption article 0403,PROJECT_DEMO_EXPANSION,SYNTHETIC_DEMO
NEWS00404,NEWS,Demo supply-chain disruption article 0404,PROJECT_DEMO_EXPANSION,SYNTHETIC_DEMO
NEWS00405,NEWS,Demo supply-chain disruption article 0405,PROJECT_DEMO_EXPANSION,SYNTHETIC_DEMO
NEWS00406,NEWS,Demo supply-chain disruption article 0406,PROJECT_DEMO_EXPANSION,SYNTHETIC_DEMO
NEWS00407,NEWS,Demo supply-chain disruption article 0407,PROJECT_DEMO_EXPANSION,SYNTHETIC_DEMO
NEWS00408,NEWS,Demo supply-chain disruption article 0408,PROJECT_DEMO_EXPANSION,SYNTHETIC_DEMO
NEWS00409,NEWS,Demo supply-chain disruption article 0409,PROJECT_DEMO_EXPANSION,SYNTHETIC_DEMO
NEWS00410,NEWS,Demo supply-chain disruption article 0410,PROJECT_DEMO_EXPANSION,SYNTHETIC_DEMO
NEWS00411,NEWS,Demo supply-chain disruption article 0411,PROJECT_DEMO_EXPANSION,SYNTHETIC_DEMO
NEWS00412,NEWS,Demo supply-chain disruption article 0412,PROJECT_DEMO_EXPANSION,SYNTHETIC_DEMO
NEWS00413,NEWS,Demo supply-chain disruption article 0413,PROJECT_DEMO_EXPANSION,SYNTHETIC_DEMO
NEWS00414,NEWS,Demo supply-chain disruption article 0414,PROJECT_DEMO_EXPANSION,SYNTHETIC_DEMO
NEWS00415,NEWS,Demo supply-chain disruption article 0415,PROJECT_DEMO_EXPANSION,SYNTHETIC_DEMO
NEWS00416,NEWS,Demo supply-chain disruption article 0416,PROJECT_DEMO_EXPANSION,SYNTHETIC_DEMO
NEWS00417,NEWS,Demo supply-chain disruption article 0417,PROJECT_DEMO_EXPANSION,SYNTHETIC_DEMO
NEWS00418,NEWS,Demo supply-chain disruption article 0418,PROJECT_DEMO_EXPANSION,SYNTHETIC_DEMO
NEWS00419,NEWS,Demo supply-chain disruption article 0419,PROJECT_DEMO_EXPANSION,SYNTHETIC_DEMO
NEWS00420,NEWS,Demo supply-chain disruption article 0420,PROJECT_DEMO_EXPANSION,SYNTHETIC_DEMO
NEWS00421,NEWS,Demo supply-chain disruption article 0421,PROJECT_DEMO_EXPANSION,SYNTHETIC_DEMO
NEWS00422,NEWS,Demo supply-chain disruption article 0422,PROJECT_DEMO_EXPANSION,SYNTHETIC_DEMO
NEWS00423,NEWS,Demo supply-chain disruption article 0423,PROJECT_DEMO_EXPANSION,SYNTHETIC_DEMO
NEWS00424,NEWS,Demo supply-chain disruption article 0424,PROJECT_DEMO_EXPANSION,SYNTHETIC_DEMO
NEWS00425,NEWS,Demo supply-chain disruption article 0425,PROJECT_DEMO_EXPANSION,SYNTHETIC_DEMO
NEWS00426,NEWS,Demo supply-chain disruption article 0426,PROJECT_DEMO_EXPANSION,SYNTHETIC_DEMO
NEWS00427,NEWS,Demo supply-chain disruption article 0427,PROJECT_DEMO_EXPANSION,SYNTHETIC_DEMO
NEWS00428,NEWS,Demo supply-chain disruption article 0428,PROJECT_DEMO_EXPANSION,SYNTHETIC_DEMO
NEWS00429,NEWS,Demo supply-chain disruption article 0429,PROJECT_DEMO_EXPANSION,SYNTHETIC_DEMO
NEWS00430,NEWS,Demo supply-chain disruption article 0430,PROJECT_DEMO_EXPANSION,SYNTHETIC_DEMO
NEWS00431,NEWS,Demo supply-chain disruption article 0431,PROJECT_DEMO_EXPANSION,SYNTHETIC_DEMO
NEWS00432,NEWS,Demo supply-chain disruption article 0432,PROJECT_DEMO_EXPANSION,SYNTHETIC_DEMO
NEWS00433,NEWS,Demo supply-chain disruption article 0433,PROJECT_DEMO_EXPANSION,SYNTHETIC_DEMO
NEWS00434,NEWS,Demo supply-chain disruption article 0434,PROJECT_DEMO_EXPANSION,SYNTHETIC_DEMO
NEWS00435,NEWS,Demo supply-chain disruption article 0435,PROJECT_DEMO_EXPANSION,SYNTHETIC_DEMO
NEWS00436,NEWS,Demo supply-chain disruption article 0436,PROJECT_DEMO_EXPANSION,SYNTHETIC_DEMO
NEWS00437,NEWS,Demo supply-chain disruption article 0437,PROJECT_DEMO_EXPANSION,SYNTHETIC_DEMO
NEWS00438,NEWS,Demo supply-chain disruption article 0438,PROJECT_DEMO_EXPANSION,SYNTHETIC_DEMO
NEWS00439,NEWS,Demo supply-chain disruption article 0439,PROJECT_DEMO_EXPANSION,SYNTHETIC_DEMO
NEWS00440,NEWS,Demo supply-chain disruption article 0440,PROJECT_DEMO_EXPANSION,SYNTHETIC_DEMO
NEWS00441,NEWS,Demo supply-chain disruption article 0441,PROJECT_DEMO_EXPANSION,SYNTHETIC_DEMO
NEWS00442,NEWS,Demo supply-chain disruption article 0442,PROJECT_DEMO_EXPANSION,SYNTHETIC_DEMO
NEWS00443,NEWS,Demo supply-chain disruption article 0443,PROJECT_DEMO_EXPANSION,SYNTHETIC_DEMO
NEWS00444,NEWS,Demo supply-chain disruption article 0444,PROJECT_DEMO_EXPANSION,SYNTHETIC_DEMO
NEWS00445,NEWS,Demo supply-chain disruption article 0445,PROJECT_DEMO_EXPANSION,SYNTHETIC_DEMO
NEWS00446,NEWS,Demo supply-chain disruption article 0446,PROJECT_DEMO_EXPANSION,SYNTHETIC_DEMO
NEWS00447,NEWS,Demo supply-chain disruption article 0447,PROJECT_DEMO_EXPANSION,SYNTHETIC_DEMO
NEWS00448,NEWS,Demo supply-chain disruption article 0448,PROJECT_DEMO_EXPANSION,SYNTHETIC_DEMO
NEWS00449,NEWS,Demo supply-chain disruption article 0449,PROJECT_DEMO_EXPANSION,SYNTHETIC_DEMO
NEWS00450,NEWS,Demo supply-chain disruption article 0450,PROJECT_DEMO_EXPANSION,SYNTHETIC_DEMO
NEWS00451,NEWS,Demo supply-chain disruption article 0451,PROJECT_DEMO_EXPANSION,SYNTHETIC_DEMO
NEWS00452,NEWS,Demo supply-chain disruption article 0452,PROJECT_DEMO_EXPANSION,SYNTHETIC_DEMO
NEWS00453,NEWS,Demo supply-chain disruption article 0453,PROJECT_DEMO_EXPANSION,SYNTHETIC_DEMO
NEWS00454,NEWS,Demo supply-chain disruption article 0454,PROJECT_DEMO_EXPANSION,SYNTHETIC_DEMO
NEWS00455,NEWS,Demo supply-chain disruption article 0455,PROJECT_DEMO_EXPANSION,SYNTHETIC_DEMO
NEWS00456,NEWS,Demo supply-chain disruption article 0456,PROJECT_DEMO_EXPANSION,SYNTHETIC_DEMO
NEWS00457,NEWS,Demo supply-chain disruption article 0457,PROJECT_DEMO_EXPANSION,SYNTHETIC_DEMO
NEWS00458,NEWS,Demo supply-chain disruption article 0458,PROJECT_DEMO_EXPANSION,SYNTHETIC_DEMO
NEWS00459,NEWS,Demo supply-chain disruption article 0459,PROJECT_DEMO_EXPANSION,SYNTHETIC_DEMO
NEWS00460,NEWS,Demo supply-chain disruption article 0460,PROJECT_DEMO_EXPANSION,SYNTHETIC_DEMO
NEWS00461,NEWS,Demo supply-chain disruption article 0461,PROJECT_DEMO_EXPANSION,SYNTHETIC_DEMO
NEWS00462,NEWS,Demo supply-chain disruption article 0462,PROJECT_DEMO_EXPANSION,SYNTHETIC_DEMO
NEWS00463,NEWS,Demo supply-chain disruption article 0463,PROJECT_DEMO_EXPANSION,SYNTHETIC_DEMO
NEWS00464,NEWS,Demo supply-chain disruption article 0464,PROJECT_DEMO_EXPANSION,SYNTHETIC_DEMO
NEWS00465,NEWS,Demo supply-chain disruption article 0465,PROJECT_DEMO_EXPANSION,SYNTHETIC_DEMO
NEWS00466,NEWS,Demo supply-chain disruption article 0466,PROJECT_DEMO_EXPANSION,SYNTHETIC_DEMO
NEWS00467,NEWS,Demo supply-chain disruption article 0467,PROJECT_DEMO_EXPANSION,SYNTHETIC_DEMO
NEWS00468,NEWS,Demo supply-chain disruption article 0468,PROJECT_DEMO_EXPANSION,SYNTHETIC_DEMO
NEWS00469,NEWS,Demo supply-chain disruption article 0469,PROJECT_DEMO_EXPANSION,SYNTHETIC_DEMO
NEWS00470,NEWS,Demo supply-chain disruption article 0470,PROJECT_DEMO_EXPANSION,SYNTHETIC_DEMO
NEWS00471,NEWS,Demo supply-chain disruption article 0471,PROJECT_DEMO_EXPANSION,SYNTHETIC_DEMO
NEWS00472,NEWS,Demo supply-chain disruption article 0472,PROJECT_DEMO_EXPANSION,SYNTHETIC_DEMO
NEWS00473,NEWS,Demo supply-chain disruption article 0473,PROJECT_DEMO_EXPANSION,SYNTHETIC_DEMO
NEWS00474,NEWS,Demo supply-chain disruption article 0474,PROJECT_DEMO_EXPANSION,SYNTHETIC_DEMO
NEWS00475,NEWS,Demo supply-chain disruption article 0475,PROJECT_DEMO_EXPANSION,SYNTHETIC_DEMO
NEWS00476,NEWS,Demo supply-chain disruption article 0476,PROJECT_DEMO_EXPANSION,SYNTHETIC_DEMO
NEWS00477,NEWS,Demo supply-chain disruption article 0477,PROJECT_DEMO_EXPANSION,SYNTHETIC_DEMO
NEWS00478,NEWS,Demo supply-chain disruption article 0478,PROJECT_DEMO_EXPANSION,SYNTHETIC_DEMO
NEWS00479,NEWS,Demo supply-chain disruption article 0479,PROJECT_DEMO_EXPANSION,SYNTHETIC_DEMO
NEWS00480,NEWS,Demo supply-chain disruption article 0480,PROJECT_DEMO_EXPANSION,SYNTHETIC_DEMO
NEWS00481,NEWS,Demo supply-chain disruption article 0481,PROJECT_DEMO_EXPANSION,SYNTHETIC_DEMO
NEWS00482,NEWS,Demo supply-chain disruption article 0482,PROJECT_DEMO_EXPANSION,SYNTHETIC_DEMO
NEWS00483,NEWS,Demo supply-chain disruption article 0483,PROJECT_DEMO_EXPANSION,SYNTHETIC_DEMO
NEWS00484,NEWS,Demo supply-chain disruption article 0484,PROJECT_DEMO_EXPANSION,SYNTHETIC_DEMO
NEWS00485,NEWS,Demo supply-chain disruption article 0485,PROJECT_DEMO_EXPANSION,SYNTHETIC_DEMO
NEWS00486,NEWS,Demo supply-chain disruption article 0486,PROJECT_DEMO_EXPANSION,SYNTHETIC_DEMO
NEWS00487,NEWS,Demo supply-chain disruption article 0487,PROJECT_DEMO_EXPANSION,SYNTHETIC_DEMO
NEWS00488,NEWS,Demo supply-chain disruption article 0488,PROJECT_DEMO_EXPANSION,SYNTHETIC_DEMO
NEWS00489,NEWS,Demo supply-chain disruption article 0489,PROJECT_DEMO_EXPANSION,SYNTHETIC_DEMO
NEWS00490,NEWS,Demo supply-chain disruption article 0490,PROJECT_DEMO_EXPANSION,SYNTHETIC_DEMO
NEWS00491,NEWS,Demo supply-chain disruption article 0491,PROJECT_DEMO_EXPANSION,SYNTHETIC_DEMO
NEWS00492,NEWS,Demo supply-chain disruption article 0492,PROJECT_DEMO_EXPANSION,SYNTHETIC_DEMO
NEWS00493,NEWS,Demo supply-chain disruption article 0493,PROJECT_DEMO_EXPANSION,SYNTHETIC_DEMO
NEWS00494,NEWS,Demo supply-chain disruption article 0494,PROJECT_DEMO_EXPANSION,SYNTHETIC_DEMO
NEWS00495,NEWS,Demo supply-chain disruption article 0495,PROJECT_DEMO_EXPANSION,SYNTHETIC_DEMO
NEWS00496,NEWS,Demo supply-chain disruption article 0496,PROJECT_DEMO_EXPANSION,SYNTHETIC_DEMO
NEWS00497,NEWS,Demo supply-chain disruption article 0497,PROJECT_DEMO_EXPANSION,SYNTHETIC_DEMO
NEWS00498,NEWS,Demo supply-chain disruption article 0498,PROJECT_DEMO_EXPANSION,SYNTHETIC_DEMO
NEWS00499,NEWS,Demo supply-chain disruption article 0499,PROJECT_DEMO_EXPANSION,SYNTHETIC_DEMO
NEWS00500,NEWS,Demo supply-chain disruption article 0500,PROJECT_DEMO_EXPANSION,SYNTHETIC_DEMO
NEWS00501,NEWS,Demo supply-chain disruption article 0501,PROJECT_DEMO_EXPANSION,SYNTHETIC_DEMO
NEWS00502,NEWS,Demo supply-chain disruption article 0502,PROJECT_DEMO_EXPANSION,SYNTHETIC_DEMO
NEWS00503,NEWS,Demo supply-chain disruption article 0503,PROJECT_DEMO_EXPANSION,SYNTHETIC_DEMO
NEWS00504,NEWS,Demo supply-chain disruption article 0504,PROJECT_DEMO_EXPANSION,SYNTHETIC_DEMO
NEWS00505,NEWS,Demo supply-chain disruption article 0505,PROJECT_DEMO_EXPANSION,SYNTHETIC_DEMO
NEWS00506,NEWS,Demo supply-chain disruption article 0506,PROJECT_DEMO_EXPANSION,SYNTHETIC_DEMO
NEWS00507,NEWS,Demo supply-chain disruption article 0507,PROJECT_DEMO_EXPANSION,SYNTHETIC_DEMO
NEWS00508,NEWS,Demo supply-chain disruption article 0508,PROJECT_DEMO_EXPANSION,SYNTHETIC_DEMO
NEWS00509,NEWS,Demo supply-chain disruption article 0509,PROJECT_DEMO_EXPANSION,SYNTHETIC_DEMO
NEWS00510,NEWS,Demo supply-chain disruption article 0510,PROJECT_DEMO_EXPANSION,SYNTHETIC_DEMO
NEWS00511,NEWS,Demo supply-chain disruption article 0511,PROJECT_DEMO_EXPANSION,SYNTHETIC_DEMO
NEWS00512,NEWS,Demo supply-chain disruption article 0512,PROJECT_DEMO_EXPANSION,SYNTHETIC_DEMO
NEWS00513,NEWS,Demo supply-chain disruption article 0513,PROJECT_DEMO_EXPANSION,SYNTHETIC_DEMO
NEWS00514,NEWS,Demo supply-chain disruption article 0514,PROJECT_DEMO_EXPANSION,SYNTHETIC_DEMO
NEWS00515,NEWS,Demo supply-chain disruption article 0515,PROJECT_DEMO_EXPANSION,SYNTHETIC_DEMO
NEWS00516,NEWS,Demo supply-chain disruption article 0516,PROJECT_DEMO_EXPANSION,SYNTHETIC_DEMO
NEWS00517,NEWS,Demo supply-chain disruption article 0517,PROJECT_DEMO_EXPANSION,SYNTHETIC_DEMO
NEWS00518,NEWS,Demo supply-chain disruption article 0518,PROJECT_DEMO_EXPANSION,SYNTHETIC_DEMO
NEWS00519,NEWS,Demo supply-chain disruption article 0519,PROJECT_DEMO_EXPANSION,SYNTHETIC_DEMO
NEWS00520,NEWS,Demo supply-chain disruption article 0520,PROJECT_DEMO_EXPANSION,SYNTHETIC_DEMO
NEWS00521,NEWS,Demo supply-chain disruption article 0521,PROJECT_DEMO_EXPANSION,SYNTHETIC_DEMO
NEWS00522,NEWS,Demo supply-chain disruption article 0522,PROJECT_DEMO_EXPANSION,SYNTHETIC_DEMO
NEWS00523,NEWS,Demo supply-chain disruption article 0523,PROJECT_DEMO_EXPANSION,SYNTHETIC_DEMO
NEWS00524,NEWS,Demo supply-chain disruption article 0524,PROJECT_DEMO_EXPANSION,SYNTHETIC_DEMO
NEWS00525,NEWS,Demo supply-chain disruption article 0525,PROJECT_DEMO_EXPANSION,SYNTHETIC_DEMO
NEWS00526,NEWS,Demo supply-chain disruption article 0526,PROJECT_DEMO_EXPANSION,SYNTHETIC_DEMO
NEWS00527,NEWS,Demo supply-chain disruption article 0527,PROJECT_DEMO_EXPANSION,SYNTHETIC_DEMO
NEWS00528,NEWS,Demo supply-chain disruption article 0528,PROJECT_DEMO_EXPANSION,SYNTHETIC_DEMO
NEWS00529,NEWS,Demo supply-chain disruption article 0529,PROJECT_DEMO_EXPANSION,SYNTHETIC_DEMO
NEWS00530,NEWS,Demo supply-chain disruption article 0530,PROJECT_DEMO_EXPANSION,SYNTHETIC_DEMO
NEWS00531,NEWS,Demo supply-chain disruption article 0531,PROJECT_DEMO_EXPANSION,SYNTHETIC_DEMO
NEWS00532,NEWS,Demo supply-chain disruption article 0532,PROJECT_DEMO_EXPANSION,SYNTHETIC_DEMO
NEWS00533,NEWS,Demo supply-chain disruption article 0533,PROJECT_DEMO_EXPANSION,SYNTHETIC_DEMO
NEWS00534,NEWS,Demo supply-chain disruption article 0534,PROJECT_DEMO_EXPANSION,SYNTHETIC_DEMO
NEWS00535,NEWS,Demo supply-chain disruption article 0535,PROJECT_DEMO_EXPANSION,SYNTHETIC_DEMO
NEWS00536,NEWS,Demo supply-chain disruption article 0536,PROJECT_DEMO_EXPANSION,SYNTHETIC_DEMO
NEWS00537,NEWS,Demo supply-chain disruption article 0537,PROJECT_DEMO_EXPANSION,SYNTHETIC_DEMO
NEWS00538,NEWS,Demo supply-chain disruption article 0538,PROJECT_DEMO_EXPANSION,SYNTHETIC_DEMO
NEWS00539,NEWS,Demo supply-chain disruption article 0539,PROJECT_DEMO_EXPANSION,SYNTHETIC_DEMO
NEWS00540,NEWS,Demo supply-chain disruption article 0540,PROJECT_DEMO_EXPANSION,SYNTHETIC_DEMO
NEWS00541,NEWS,Demo supply-chain disruption article 0541,PROJECT_DEMO_EXPANSION,SYNTHETIC_DEMO
NEWS00542,NEWS,Demo supply-chain disruption article 0542,PROJECT_DEMO_EXPANSION,SYNTHETIC_DEMO
NEWS00543,NEWS,Demo supply-chain disruption article 0543,PROJECT_DEMO_EXPANSION,SYNTHETIC_DEMO
NEWS00544,NEWS,Demo supply-chain disruption article 0544,PROJECT_DEMO_EXPANSION,SYNTHETIC_DEMO
NEWS00545,NEWS,Demo supply-chain disruption article 0545,PROJECT_DEMO_EXPANSION,SYNTHETIC_DEMO
NEWS00546,NEWS,Demo supply-chain disruption article 0546,PROJECT_DEMO_EXPANSION,SYNTHETIC_DEMO
NEWS00547,NEWS,Demo supply-chain disruption article 0547,PROJECT_DEMO_EXPANSION,SYNTHETIC_DEMO
NEWS00548,NEWS,Demo supply-chain disruption article 0548,PROJECT_DEMO_EXPANSION,SYNTHETIC_DEMO
NEWS00549,NEWS,Demo supply-chain disruption article 0549,PROJECT_DEMO_EXPANSION,SYNTHETIC_DEMO
NEWS00550,NEWS,Demo supply-chain disruption article 0550,PROJECT_DEMO_EXPANSION,SYNTHETIC_DEMO
NEWS00551,NEWS,Demo supply-chain disruption article 0551,PROJECT_DEMO_EXPANSION,SYNTHETIC_DEMO
NEWS00552,NEWS,Demo supply-chain disruption article 0552,PROJECT_DEMO_EXPANSION,SYNTHETIC_DEMO
NEWS00553,NEWS,Demo supply-chain disruption article 0553,PROJECT_DEMO_EXPANSION,SYNTHETIC_DEMO
NEWS00554,NEWS,Demo supply-chain disruption article 0554,PROJECT_DEMO_EXPANSION,SYNTHETIC_DEMO
NEWS00555,NEWS,Demo supply-chain disruption article 0555,PROJECT_DEMO_EXPANSION,SYNTHETIC_DEMO
NEWS00556,NEWS,Demo supply-chain disruption article 0556,PROJECT_DEMO_EXPANSION,SYNTHETIC_DEMO
NEWS00557,NEWS,Demo supply-chain disruption article 0557,PROJECT_DEMO_EXPANSION,SYNTHETIC_DEMO
NEWS00558,NEWS,Demo supply-chain disruption article 0558,PROJECT_DEMO_EXPANSION,SYNTHETIC_DEMO
NEWS00559,NEWS,Demo supply-chain disruption article 0559,PROJECT_DEMO_EXPANSION,SYNTHETIC_DEMO
NEWS00560,NEWS,Demo supply-chain disruption article 0560,PROJECT_DEMO_EXPANSION,SYNTHETIC_DEMO
NEWS00561,NEWS,Demo supply-chain disruption article 0561,PROJECT_DEMO_EXPANSION,SYNTHETIC_DEMO
NEWS00562,NEWS,Demo supply-chain disruption article 0562,PROJECT_DEMO_EXPANSION,SYNTHETIC_DEMO
NEWS00563,NEWS,Demo supply-chain disruption article 0563,PROJECT_DEMO_EXPANSION,SYNTHETIC_DEMO
NEWS00564,NEWS,Demo supply-chain disruption article 0564,PROJECT_DEMO_EXPANSION,SYNTHETIC_DEMO
NEWS00565,NEWS,Demo supply-chain disruption article 0565,PROJECT_DEMO_EXPANSION,SYNTHETIC_DEMO
NEWS00566,NEWS,Demo supply-chain disruption article 0566,PROJECT_DEMO_EXPANSION,SYNTHETIC_DEMO
NEWS00567,NEWS,Demo supply-chain disruption article 0567,PROJECT_DEMO_EXPANSION,SYNTHETIC_DEMO
NEWS00568,NEWS,Demo supply-chain disruption article 0568,PROJECT_DEMO_EXPANSION,SYNTHETIC_DEMO
NEWS00569,NEWS,Demo supply-chain disruption article 0569,PROJECT_DEMO_EXPANSION,SYNTHETIC_DEMO
NEWS00570,NEWS,Demo supply-chain disruption article 0570,PROJECT_DEMO_EXPANSION,SYNTHETIC_DEMO
NEWS00571,NEWS,Demo supply-chain disruption article 0571,PROJECT_DEMO_EXPANSION,SYNTHETIC_DEMO
NEWS00572,NEWS,Demo supply-chain disruption article 0572,PROJECT_DEMO_EXPANSION,SYNTHETIC_DEMO
NEWS00573,NEWS,Demo supply-chain disruption article 0573,PROJECT_DEMO_EXPANSION,SYNTHETIC_DEMO
NEWS00574,NEWS,Demo supply-chain disruption article 0574,PROJECT_DEMO_EXPANSION,SYNTHETIC_DEMO
NEWS00575,NEWS,Demo supply-chain disruption article 0575,PROJECT_DEMO_EXPANSION,SYNTHETIC_DEMO
NEWS00576,NEWS,Demo supply-chain disruption article 0576,PROJECT_DEMO_EXPANSION,SYNTHETIC_DEMO
NEWS00577,NEWS,Demo supply-chain disruption article 0577,PROJECT_DEMO_EXPANSION,SYNTHETIC_DEMO
NEWS00578,NEWS,Demo supply-chain disruption article 0578,PROJECT_DEMO_EXPANSION,SYNTHETIC_DEMO
NEWS00579,NEWS,Demo supply-chain disruption article 0579,PROJECT_DEMO_EXPANSION,SYNTHETIC_DEMO
NEWS00580,NEWS,Demo supply-chain disruption article 0580,PROJECT_DEMO_EXPANSION,SYNTHETIC_DEMO
NEWS00581,NEWS,Demo supply-chain disruption article 0581,PROJECT_DEMO_EXPANSION,SYNTHETIC_DEMO
NEWS00582,NEWS,Demo supply-chain disruption article 0582,PROJECT_DEMO_EXPANSION,SYNTHETIC_DEMO
NEWS00583,NEWS,Demo supply-chain disruption article 0583,PROJECT_DEMO_EXPANSION,SYNTHETIC_DEMO
NEWS00584,NEWS,Demo supply-chain disruption article 0584,PROJECT_DEMO_EXPANSION,SYNTHETIC_DEMO
NEWS00585,NEWS,Demo supply-chain disruption article 0585,PROJECT_DEMO_EXPANSION,SYNTHETIC_DEMO
NEWS00586,NEWS,Demo supply-chain disruption article 0586,PROJECT_DEMO_EXPANSION,SYNTHETIC_DEMO
NEWS00587,NEWS,Demo supply-chain disruption article 0587,PROJECT_DEMO_EXPANSION,SYNTHETIC_DEMO
NEWS00588,NEWS,Demo supply-chain disruption article 0588,PROJECT_DEMO_EXPANSION,SYNTHETIC_DEMO
NEWS00589,NEWS,Demo supply-chain disruption article 0589,PROJECT_DEMO_EXPANSION,SYNTHETIC_DEMO
NEWS00590,NEWS,Demo supply-chain disruption article 0590,PROJECT_DEMO_EXPANSION,SYNTHETIC_DEMO
NEWS00591,NEWS,Demo supply-chain disruption article 0591,PROJECT_DEMO_EXPANSION,SYNTHETIC_DEMO
NEWS00592,NEWS,Demo supply-chain disruption article 0592,PROJECT_DEMO_EXPANSION,SYNTHETIC_DEMO
NEWS00593,NEWS,Demo supply-chain disruption article 0593,PROJECT_DEMO_EXPANSION,SYNTHETIC_DEMO
NEWS00594,NEWS,Demo supply-chain disruption article 0594,PROJECT_DEMO_EXPANSION,SYNTHETIC_DEMO
NEWS00595,NEWS,Demo supply-chain disruption article 0595,PROJECT_DEMO_EXPANSION,SYNTHETIC_DEMO
NEWS00596,NEWS,Demo supply-chain disruption article 0596,PROJECT_DEMO_EXPANSION,SYNTHETIC_DEMO
NEWS00597,NEWS,Demo supply-chain disruption article 0597,PROJECT_DEMO_EXPANSION,SYNTHETIC_DEMO
NEWS00598,NEWS,Demo supply-chain disruption article 0598,PROJECT_DEMO_EXPANSION,SYNTHETIC_DEMO
NEWS00599,NEWS,Demo supply-chain disruption article 0599,PROJECT_DEMO_EXPANSION,SYNTHETIC_DEMO
NEWS00600,NEWS,Demo supply-chain disruption article 0600,PROJECT_DEMO_EXPANSION,SYNTHETIC_DEMO
NEWS00601,NEWS,Demo supply-chain disruption article 0601,PROJECT_DEMO_EXPANSION,SYNTHETIC_DEMO
NEWS00602,NEWS,Demo supply-chain disruption article 0602,PROJECT_DEMO_EXPANSION,SYNTHETIC_DEMO
NEWS00603,NEWS,Demo supply-chain disruption article 0603,PROJECT_DEMO_EXPANSION,SYNTHETIC_DEMO
NEWS00604,NEWS,Demo supply-chain disruption article 0604,PROJECT_DEMO_EXPANSION,SYNTHETIC_DEMO
NEWS00605,NEWS,Demo supply-chain disruption article 0605,PROJECT_DEMO_EXPANSION,SYNTHETIC_DEMO
NEWS00606,NEWS,Demo supply-chain disruption article 0606,PROJECT_DEMO_EXPANSION,SYNTHETIC_DEMO
NEWS00607,NEWS,Demo supply-chain disruption article 0607,PROJECT_DEMO_EXPANSION,SYNTHETIC_DEMO
NEWS00608,NEWS,Demo supply-chain disruption article 0608,PROJECT_DEMO_EXPANSION,SYNTHETIC_DEMO
NEWS00609,NEWS,Demo supply-chain disruption article 0609,PROJECT_DEMO_EXPANSION,SYNTHETIC_DEMO
NEWS00610,NEWS,Demo supply-chain disruption article 0610,PROJECT_DEMO_EXPANSION,SYNTHETIC_DEMO
NEWS00611,NEWS,Demo supply-chain disruption article 0611,PROJECT_DEMO_EXPANSION,SYNTHETIC_DEMO
NEWS00612,NEWS,Demo supply-chain disruption article 0612,PROJECT_DEMO_EXPANSION,SYNTHETIC_DEMO
NEWS00613,NEWS,Demo supply-chain disruption article 0613,PROJECT_DEMO_EXPANSION,SYNTHETIC_DEMO
NEWS00614,NEWS,Demo supply-chain disruption article 0614,PROJECT_DEMO_EXPANSION,SYNTHETIC_DEMO
NEWS00615,NEWS,Demo supply-chain disruption article 0615,PROJECT_DEMO_EXPANSION,SYNTHETIC_DEMO
NEWS00616,NEWS,Demo supply-chain disruption article 0616,PROJECT_DEMO_EXPANSION,SYNTHETIC_DEMO
NEWS00617,NEWS,Demo supply-chain disruption article 0617,PROJECT_DEMO_EXPANSION,SYNTHETIC_DEMO
NEWS00618,NEWS,Demo supply-chain disruption article 0618,PROJECT_DEMO_EXPANSION,SYNTHETIC_DEMO
NEWS00619,NEWS,Demo supply-chain disruption article 0619,PROJECT_DEMO_EXPANSION,SYNTHETIC_DEMO
NEWS00620,NEWS,Demo supply-chain disruption article 0620,PROJECT_DEMO_EXPANSION,SYNTHETIC_DEMO
NEWS00621,NEWS,Demo supply-chain disruption article 0621,PROJECT_DEMO_EXPANSION,SYNTHETIC_DEMO
NEWS00622,NEWS,Demo supply-chain disruption article 0622,PROJECT_DEMO_EXPANSION,SYNTHETIC_DEMO
NEWS00623,NEWS,Demo supply-chain disruption article 0623,PROJECT_DEMO_EXPANSION,SYNTHETIC_DEMO
NEWS00624,NEWS,Demo supply-chain disruption article 0624,PROJECT_DEMO_EXPANSION,SYNTHETIC_DEMO
NEWS00625,NEWS,Demo supply-chain disruption article 0625,PROJECT_DEMO_EXPANSION,SYNTHETIC_DEMO
NEWS00626,NEWS,Demo supply-chain disruption article 0626,PROJECT_DEMO_EXPANSION,SYNTHETIC_DEMO
NEWS00627,NEWS,Demo supply-chain disruption article 0627,PROJECT_DEMO_EXPANSION,SYNTHETIC_DEMO
NEWS00628,NEWS,Demo supply-chain disruption article 0628,PROJECT_DEMO_EXPANSION,SYNTHETIC_DEMO
NEWS00629,NEWS,Demo supply-chain disruption article 0629,PROJECT_DEMO_EXPANSION,SYNTHETIC_DEMO
NEWS00630,NEWS,Demo supply-chain disruption article 0630,PROJECT_DEMO_EXPANSION,SYNTHETIC_DEMO
NEWS00631,NEWS,Demo supply-chain disruption article 0631,PROJECT_DEMO_EXPANSION,SYNTHETIC_DEMO
NEWS00632,NEWS,Demo supply-chain disruption article 0632,PROJECT_DEMO_EXPANSION,SYNTHETIC_DEMO
NEWS00633,NEWS,Demo supply-chain disruption article 0633,PROJECT_DEMO_EXPANSION,SYNTHETIC_DEMO
NEWS00634,NEWS,Demo supply-chain disruption article 0634,PROJECT_DEMO_EXPANSION,SYNTHETIC_DEMO
NEWS00635,NEWS,Demo supply-chain disruption article 0635,PROJECT_DEMO_EXPANSION,SYNTHETIC_DEMO
NEWS00636,NEWS,Demo supply-chain disruption article 0636,PROJECT_DEMO_EXPANSION,SYNTHETIC_DEMO
NEWS00637,NEWS,Demo supply-chain disruption article 0637,PROJECT_DEMO_EXPANSION,SYNTHETIC_DEMO
NEWS00638,NEWS,Demo supply-chain disruption article 0638,PROJECT_DEMO_EXPANSION,SYNTHETIC_DEMO
NEWS00639,NEWS,Demo supply-chain disruption article 0639,PROJECT_DEMO_EXPANSION,SYNTHETIC_DEMO
NEWS00640,NEWS,Demo supply-chain disruption article 0640,PROJECT_DEMO_EXPANSION,SYNTHETIC_DEMO
NEWS00641,NEWS,Demo supply-chain disruption article 0641,PROJECT_DEMO_EXPANSION,SYNTHETIC_DEMO
NEWS00642,NEWS,Demo supply-chain disruption article 0642,PROJECT_DEMO_EXPANSION,SYNTHETIC_DEMO
NEWS00643,NEWS,Demo supply-chain disruption article 0643,PROJECT_DEMO_EXPANSION,SYNTHETIC_DEMO
NEWS00644,NEWS,Demo supply-chain disruption article 0644,PROJECT_DEMO_EXPANSION,SYNTHETIC_DEMO
NEWS00645,NEWS,Demo supply-chain disruption article 0645,PROJECT_DEMO_EXPANSION,SYNTHETIC_DEMO
NEWS00646,NEWS,Demo supply-chain disruption article 0646,PROJECT_DEMO_EXPANSION,SYNTHETIC_DEMO
NEWS00647,NEWS,Demo supply-chain disruption article 0647,PROJECT_DEMO_EXPANSION,SYNTHETIC_DEMO
NEWS00648,NEWS,Demo supply-chain disruption article 0648,PROJECT_DEMO_EXPANSION,SYNTHETIC_DEMO
NEWS00649,NEWS,Demo supply-chain disruption article 0649,PROJECT_DEMO_EXPANSION,SYNTHETIC_DEMO
NEWS00650,NEWS,Demo supply-chain disruption article 0650,PROJECT_DEMO_EXPANSION,SYNTHETIC_DEMO
NEWS00651,NEWS,Demo supply-chain disruption article 0651,PROJECT_DEMO_EXPANSION,SYNTHETIC_DEMO
NEWS00652,NEWS,Demo supply-chain disruption article 0652,PROJECT_DEMO_EXPANSION,SYNTHETIC_DEMO
NEWS00653,NEWS,Demo supply-chain disruption article 0653,PROJECT_DEMO_EXPANSION,SYNTHETIC_DEMO
NEWS00654,NEWS,Demo supply-chain disruption article 0654,PROJECT_DEMO_EXPANSION,SYNTHETIC_DEMO
NEWS00655,NEWS,Demo supply-chain disruption article 0655,PROJECT_DEMO_EXPANSION,SYNTHETIC_DEMO
NEWS00656,NEWS,Demo supply-chain disruption article 0656,PROJECT_DEMO_EXPANSION,SYNTHETIC_DEMO
NEWS00657,NEWS,Demo supply-chain disruption article 0657,PROJECT_DEMO_EXPANSION,SYNTHETIC_DEMO
NEWS00658,NEWS,Demo supply-chain disruption article 0658,PROJECT_DEMO_EXPANSION,SYNTHETIC_DEMO
NEWS00659,NEWS,Demo supply-chain disruption article 0659,PROJECT_DEMO_EXPANSION,SYNTHETIC_DEMO
NEWS00660,NEWS,Demo supply-chain disruption article 0660,PROJECT_DEMO_EXPANSION,SYNTHETIC_DEMO
NEWS00661,NEWS,Demo supply-chain disruption article 0661,PROJECT_DEMO_EXPANSION,SYNTHETIC_DEMO
NEWS00662,NEWS,Demo supply-chain disruption article 0662,PROJECT_DEMO_EXPANSION,SYNTHETIC_DEMO
NEWS00663,NEWS,Demo supply-chain disruption article 0663,PROJECT_DEMO_EXPANSION,SYNTHETIC_DEMO
NEWS00664,NEWS,Demo supply-chain disruption article 0664,PROJECT_DEMO_EXPANSION,SYNTHETIC_DEMO
NEWS00665,NEWS,Demo supply-chain disruption article 0665,PROJECT_DEMO_EXPANSION,SYNTHETIC_DEMO
NEWS00666,NEWS,Demo supply-chain disruption article 0666,PROJECT_DEMO_EXPANSION,SYNTHETIC_DEMO
NEWS00667,NEWS,Demo supply-chain disruption article 0667,PROJECT_DEMO_EXPANSION,SYNTHETIC_DEMO
NEWS00668,NEWS,Demo supply-chain disruption article 0668,PROJECT_DEMO_EXPANSION,SYNTHETIC_DEMO
NEWS00669,NEWS,Demo supply-chain disruption article 0669,PROJECT_DEMO_EXPANSION,SYNTHETIC_DEMO
NEWS00670,NEWS,Demo supply-chain disruption article 0670,PROJECT_DEMO_EXPANSION,SYNTHETIC_DEMO
NEWS00671,NEWS,Demo supply-chain disruption article 0671,PROJECT_DEMO_EXPANSION,SYNTHETIC_DEMO
NEWS00672,NEWS,Demo supply-chain disruption article 0672,PROJECT_DEMO_EXPANSION,SYNTHETIC_DEMO
NEWS00673,NEWS,Demo supply-chain disruption article 0673,PROJECT_DEMO_EXPANSION,SYNTHETIC_DEMO
NEWS00674,NEWS,Demo supply-chain disruption article 0674,PROJECT_DEMO_EXPANSION,SYNTHETIC_DEMO
NEWS00675,NEWS,Demo supply-chain disruption article 0675,PROJECT_DEMO_EXPANSION,SYNTHETIC_DEMO
NEWS00676,NEWS,Demo supply-chain disruption article 0676,PROJECT_DEMO_EXPANSION,SYNTHETIC_DEMO
NEWS00677,NEWS,Demo supply-chain disruption article 0677,PROJECT_DEMO_EXPANSION,SYNTHETIC_DEMO
NEWS00678,NEWS,Demo supply-chain disruption article 0678,PROJECT_DEMO_EXPANSION,SYNTHETIC_DEMO
NEWS00679,NEWS,Demo supply-chain disruption article 0679,PROJECT_DEMO_EXPANSION,SYNTHETIC_DEMO
NEWS00680,NEWS,Demo supply-chain disruption article 0680,PROJECT_DEMO_EXPANSION,SYNTHETIC_DEMO
NEWS00681,NEWS,Demo supply-chain disruption article 0681,PROJECT_DEMO_EXPANSION,SYNTHETIC_DEMO
NEWS00682,NEWS,Demo supply-chain disruption article 0682,PROJECT_DEMO_EXPANSION,SYNTHETIC_DEMO
NEWS00683,NEWS,Demo supply-chain disruption article 0683,PROJECT_DEMO_EXPANSION,SYNTHETIC_DEMO
NEWS00684,NEWS,Demo supply-chain disruption article 0684,PROJECT_DEMO_EXPANSION,SYNTHETIC_DEMO
NEWS00685,NEWS,Demo supply-chain disruption article 0685,PROJECT_DEMO_EXPANSION,SYNTHETIC_DEMO
NEWS00686,NEWS,Demo supply-chain disruption article 0686,PROJECT_DEMO_EXPANSION,SYNTHETIC_DEMO
NEWS00687,NEWS,Demo supply-chain disruption article 0687,PROJECT_DEMO_EXPANSION,SYNTHETIC_DEMO
NEWS00688,NEWS,Demo supply-chain disruption article 0688,PROJECT_DEMO_EXPANSION,SYNTHETIC_DEMO
NEWS00689,NEWS,Demo supply-chain disruption article 0689,PROJECT_DEMO_EXPANSION,SYNTHETIC_DEMO
NEWS00690,NEWS,Demo supply-chain disruption article 0690,PROJECT_DEMO_EXPANSION,SYNTHETIC_DEMO
NEWS00691,NEWS,Demo supply-chain disruption article 0691,PROJECT_DEMO_EXPANSION,SYNTHETIC_DEMO
NEWS00692,NEWS,Demo supply-chain disruption article 0692,PROJECT_DEMO_EXPANSION,SYNTHETIC_DEMO
NEWS00693,NEWS,Demo supply-chain disruption article 0693,PROJECT_DEMO_EXPANSION,SYNTHETIC_DEMO
NEWS00694,NEWS,Demo supply-chain disruption article 0694,PROJECT_DEMO_EXPANSION,SYNTHETIC_DEMO
NEWS00695,NEWS,Demo supply-chain disruption article 0695,PROJECT_DEMO_EXPANSION,SYNTHETIC_DEMO
NEWS00696,NEWS,Demo supply-chain disruption article 0696,PROJECT_DEMO_EXPANSION,SYNTHETIC_DEMO
NEWS00697,NEWS,Demo supply-chain disruption article 0697,PROJECT_DEMO_EXPANSION,SYNTHETIC_DEMO
NEWS00698,NEWS,Demo supply-chain disruption article 0698,PROJECT_DEMO_EXPANSION,SYNTHETIC_DEMO
NEWS00699,NEWS,Demo supply-chain disruption article 0699,PROJECT_DEMO_EXPANSION,SYNTHETIC_DEMO
NEWS00700,NEWS,Demo supply-chain disruption article 0700,PROJECT_DEMO_EXPANSION,SYNTHETIC_DEMO
NEWS00701,NEWS,Demo supply-chain disruption article 0701,PROJECT_DEMO_EXPANSION,SYNTHETIC_DEMO
NEWS00702,NEWS,Demo supply-chain disruption article 0702,PROJECT_DEMO_EXPANSION,SYNTHETIC_DEMO
NEWS00703,NEWS,Demo supply-chain disruption article 0703,PROJECT_DEMO_EXPANSION,SYNTHETIC_DEMO
NEWS00704,NEWS,Demo supply-chain disruption article 0704,PROJECT_DEMO_EXPANSION,SYNTHETIC_DEMO
NEWS00705,NEWS,Demo supply-chain disruption article 0705,PROJECT_DEMO_EXPANSION,SYNTHETIC_DEMO
NEWS00706,NEWS,Demo supply-chain disruption article 0706,PROJECT_DEMO_EXPANSION,SYNTHETIC_DEMO
NEWS00707,NEWS,Demo supply-chain disruption article 0707,PROJECT_DEMO_EXPANSION,SYNTHETIC_DEMO
NEWS00708,NEWS,Demo supply-chain disruption article 0708,PROJECT_DEMO_EXPANSION,SYNTHETIC_DEMO
NEWS00709,NEWS,Demo supply-chain disruption article 0709,PROJECT_DEMO_EXPANSION,SYNTHETIC_DEMO
NEWS00710,NEWS,Demo supply-chain disruption article 0710,PROJECT_DEMO_EXPANSION,SYNTHETIC_DEMO
NEWS00711,NEWS,Demo supply-chain disruption article 0711,PROJECT_DEMO_EXPANSION,SYNTHETIC_DEMO
NEWS00712,NEWS,Demo supply-chain disruption article 0712,PROJECT_DEMO_EXPANSION,SYNTHETIC_DEMO
NEWS00713,NEWS,Demo supply-chain disruption article 0713,PROJECT_DEMO_EXPANSION,SYNTHETIC_DEMO
NEWS00714,NEWS,Demo supply-chain disruption article 0714,PROJECT_DEMO_EXPANSION,SYNTHETIC_DEMO
NEWS00715,NEWS,Demo supply-chain disruption article 0715,PROJECT_DEMO_EXPANSION,SYNTHETIC_DEMO
NEWS00716,NEWS,Demo supply-chain disruption article 0716,PROJECT_DEMO_EXPANSION,SYNTHETIC_DEMO
NEWS00717,NEWS,Demo supply-chain disruption article 0717,PROJECT_DEMO_EXPANSION,SYNTHETIC_DEMO
NEWS00718,NEWS,Demo supply-chain disruption article 0718,PROJECT_DEMO_EXPANSION,SYNTHETIC_DEMO
NEWS00719,NEWS,Demo supply-chain disruption article 0719,PROJECT_DEMO_EXPANSION,SYNTHETIC_DEMO
NEWS00720,NEWS,Demo supply-chain disruption article 0720,PROJECT_DEMO_EXPANSION,SYNTHETIC_DEMO
NEWS00721,NEWS,Demo supply-chain disruption article 0721,PROJECT_DEMO_EXPANSION,SYNTHETIC_DEMO
NEWS00722,NEWS,Demo supply-chain disruption article 0722,PROJECT_DEMO_EXPANSION,SYNTHETIC_DEMO
NEWS00723,NEWS,Demo supply-chain disruption article 0723,PROJECT_DEMO_EXPANSION,SYNTHETIC_DEMO
NEWS00724,NEWS,Demo supply-chain disruption article 0724,PROJECT_DEMO_EXPANSION,SYNTHETIC_DEMO
NEWS00725,NEWS,Demo supply-chain disruption article 0725,PROJECT_DEMO_EXPANSION,SYNTHETIC_DEMO
NEWS00726,NEWS,Demo supply-chain disruption article 0726,PROJECT_DEMO_EXPANSION,SYNTHETIC_DEMO
NEWS00727,NEWS,Demo supply-chain disruption article 0727,PROJECT_DEMO_EXPANSION,SYNTHETIC_DEMO
NEWS00728,NEWS,Demo supply-chain disruption article 0728,PROJECT_DEMO_EXPANSION,SYNTHETIC_DEMO
NEWS00729,NEWS,Demo supply-chain disruption article 0729,PROJECT_DEMO_EXPANSION,SYNTHETIC_DEMO
NEWS00730,NEWS,Demo supply-chain disruption article 0730,PROJECT_DEMO_EXPANSION,SYNTHETIC_DEMO
NEWS00731,NEWS,Demo supply-chain disruption article 0731,PROJECT_DEMO_EXPANSION,SYNTHETIC_DEMO
NEWS00732,NEWS,Demo supply-chain disruption article 0732,PROJECT_DEMO_EXPANSION,SYNTHETIC_DEMO
NEWS00733,NEWS,Demo supply-chain disruption article 0733,PROJECT_DEMO_EXPANSION,SYNTHETIC_DEMO
NEWS00734,NEWS,Demo supply-chain disruption article 0734,PROJECT_DEMO_EXPANSION,SYNTHETIC_DEMO
NEWS00735,NEWS,Demo supply-chain disruption article 0735,PROJECT_DEMO_EXPANSION,SYNTHETIC_DEMO
NEWS00736,NEWS,Demo supply-chain disruption article 0736,PROJECT_DEMO_EXPANSION,SYNTHETIC_DEMO
NEWS00737,NEWS,Demo supply-chain disruption article 0737,PROJECT_DEMO_EXPANSION,SYNTHETIC_DEMO
NEWS00738,NEWS,Demo supply-chain disruption article 0738,PROJECT_DEMO_EXPANSION,SYNTHETIC_DEMO
NEWS00739,NEWS,Demo supply-chain disruption article 0739,PROJECT_DEMO_EXPANSION,SYNTHETIC_DEMO
NEWS00740,NEWS,Demo supply-chain disruption article 0740,PROJECT_DEMO_EXPANSION,SYNTHETIC_DEMO
NEWS00741,NEWS,Demo supply-chain disruption article 0741,PROJECT_DEMO_EXPANSION,SYNTHETIC_DEMO
NEWS00742,NEWS,Demo supply-chain disruption article 0742,PROJECT_DEMO_EXPANSION,SYNTHETIC_DEMO
NEWS00743,NEWS,Demo supply-chain disruption article 0743,PROJECT_DEMO_EXPANSION,SYNTHETIC_DEMO
NEWS00744,NEWS,Demo supply-chain disruption article 0744,PROJECT_DEMO_EXPANSION,SYNTHETIC_DEMO
NEWS00745,NEWS,Demo supply-chain disruption article 0745,PROJECT_DEMO_EXPANSION,SYNTHETIC_DEMO
NEWS00746,NEWS,Demo supply-chain disruption article 0746,PROJECT_DEMO_EXPANSION,SYNTHETIC_DEMO
NEWS00747,NEWS,Demo supply-chain disruption article 0747,PROJECT_DEMO_EXPANSION,SYNTHETIC_DEMO
NEWS00748,NEWS,Demo supply-chain disruption article 0748,PROJECT_DEMO_EXPANSION,SYNTHETIC_DEMO
NEWS00749,NEWS,Demo supply-chain disruption article 0749,PROJECT_DEMO_EXPANSION,SYNTHETIC_DEMO
NEWS00750,NEWS,Demo supply-chain disruption article 0750,PROJECT_DEMO_EXPANSION,SYNTHETIC_DEMO
NEWS00751,NEWS,Demo supply-chain disruption article 0751,PROJECT_DEMO_EXPANSION,SYNTHETIC_DEMO
NEWS00752,NEWS,Demo supply-chain disruption article 0752,PROJECT_DEMO_EXPANSION,SYNTHETIC_DEMO
NEWS00753,NEWS,Demo supply-chain disruption article 0753,PROJECT_DEMO_EXPANSION,SYNTHETIC_DEMO
NEWS00754,NEWS,Demo supply-chain disruption article 0754,PROJECT_DEMO_EXPANSION,SYNTHETIC_DEMO
NEWS00755,NEWS,Demo supply-chain disruption article 0755,PROJECT_DEMO_EXPANSION,SYNTHETIC_DEMO
NEWS00756,NEWS,Demo supply-chain disruption article 0756,PROJECT_DEMO_EXPANSION,SYNTHETIC_DEMO
NEWS00757,NEWS,Demo supply-chain disruption article 0757,PROJECT_DEMO_EXPANSION,SYNTHETIC_DEMO
NEWS00758,NEWS,Demo supply-chain disruption article 0758,PROJECT_DEMO_EXPANSION,SYNTHETIC_DEMO
NEWS00759,NEWS,Demo supply-chain disruption article 0759,PROJECT_DEMO_EXPANSION,SYNTHETIC_DEMO
NEWS00760,NEWS,Demo supply-chain disruption article 0760,PROJECT_DEMO_EXPANSION,SYNTHETIC_DEMO
NEWS00761,NEWS,Demo supply-chain disruption article 0761,PROJECT_DEMO_EXPANSION,SYNTHETIC_DEMO
NEWS00762,NEWS,Demo supply-chain disruption article 0762,PROJECT_DEMO_EXPANSION,SYNTHETIC_DEMO
NEWS00763,NEWS,Demo supply-chain disruption article 0763,PROJECT_DEMO_EXPANSION,SYNTHETIC_DEMO
NEWS00764,NEWS,Demo supply-chain disruption article 0764,PROJECT_DEMO_EXPANSION,SYNTHETIC_DEMO
NEWS00765,NEWS,Demo supply-chain disruption article 0765,PROJECT_DEMO_EXPANSION,SYNTHETIC_DEMO
NEWS00766,NEWS,Demo supply-chain disruption article 0766,PROJECT_DEMO_EXPANSION,SYNTHETIC_DEMO
NEWS00767,NEWS,Demo supply-chain disruption article 0767,PROJECT_DEMO_EXPANSION,SYNTHETIC_DEMO
NEWS00768,NEWS,Demo supply-chain disruption article 0768,PROJECT_DEMO_EXPANSION,SYNTHETIC_DEMO
NEWS00769,NEWS,Demo supply-chain disruption article 0769,PROJECT_DEMO_EXPANSION,SYNTHETIC_DEMO
NEWS00770,NEWS,Demo supply-chain disruption article 0770,PROJECT_DEMO_EXPANSION,SYNTHETIC_DEMO
NEWS00771,NEWS,Demo supply-chain disruption article 0771,PROJECT_DEMO_EXPANSION,SYNTHETIC_DEMO
NEWS00772,NEWS,Demo supply-chain disruption article 0772,PROJECT_DEMO_EXPANSION,SYNTHETIC_DEMO
NEWS00773,NEWS,Demo supply-chain disruption article 0773,PROJECT_DEMO_EXPANSION,SYNTHETIC_DEMO
NEWS00774,NEWS,Demo supply-chain disruption article 0774,PROJECT_DEMO_EXPANSION,SYNTHETIC_DEMO
NEWS00775,NEWS,Demo supply-chain disruption article 0775,PROJECT_DEMO_EXPANSION,SYNTHETIC_DEMO
NEWS00776,NEWS,Demo supply-chain disruption article 0776,PROJECT_DEMO_EXPANSION,SYNTHETIC_DEMO
NEWS00777,NEWS,Demo supply-chain disruption article 0777,PROJECT_DEMO_EXPANSION,SYNTHETIC_DEMO
NEWS00778,NEWS,Demo supply-chain disruption article 0778,PROJECT_DEMO_EXPANSION,SYNTHETIC_DEMO
NEWS00779,NEWS,Demo supply-chain disruption article 0779,PROJECT_DEMO_EXPANSION,SYNTHETIC_DEMO
NEWS00780,NEWS,Demo supply-chain disruption article 0780,PROJECT_DEMO_EXPANSION,SYNTHETIC_DEMO
NEWS00781,NEWS,Demo supply-chain disruption article 0781,PROJECT_DEMO_EXPANSION,SYNTHETIC_DEMO
NEWS00782,NEWS,Demo supply-chain disruption article 0782,PROJECT_DEMO_EXPANSION,SYNTHETIC_DEMO
NEWS00783,NEWS,Demo supply-chain disruption article 0783,PROJECT_DEMO_EXPANSION,SYNTHETIC_DEMO
NEWS00784,NEWS,Demo supply-chain disruption article 0784,PROJECT_DEMO_EXPANSION,SYNTHETIC_DEMO
NEWS00785,NEWS,Demo supply-chain disruption article 0785,PROJECT_DEMO_EXPANSION,SYNTHETIC_DEMO
NEWS00786,NEWS,Demo supply-chain disruption article 0786,PROJECT_DEMO_EXPANSION,SYNTHETIC_DEMO
NEWS00787,NEWS,Demo supply-chain disruption article 0787,PROJECT_DEMO_EXPANSION,SYNTHETIC_DEMO
NEWS00788,NEWS,Demo supply-chain disruption article 0788,PROJECT_DEMO_EXPANSION,SYNTHETIC_DEMO
NEWS00789,NEWS,Demo supply-chain disruption article 0789,PROJECT_DEMO_EXPANSION,SYNTHETIC_DEMO
NEWS00790,NEWS,Demo supply-chain disruption article 0790,PROJECT_DEMO_EXPANSION,SYNTHETIC_DEMO
NEWS00791,NEWS,Demo supply-chain disruption article 0791,PROJECT_DEMO_EXPANSION,SYNTHETIC_DEMO
NEWS00792,NEWS,Demo supply-chain disruption article 0792,PROJECT_DEMO_EXPANSION,SYNTHETIC_DEMO
NEWS00793,NEWS,Demo supply-chain disruption article 0793,PROJECT_DEMO_EXPANSION,SYNTHETIC_DEMO
NEWS00794,NEWS,Demo supply-chain disruption article 0794,PROJECT_DEMO_EXPANSION,SYNTHETIC_DEMO
NEWS00795,NEWS,Demo supply-chain disruption article 0795,PROJECT_DEMO_EXPANSION,SYNTHETIC_DEMO
NEWS00796,NEWS,Demo supply-chain disruption article 0796,PROJECT_DEMO_EXPANSION,SYNTHETIC_DEMO
NEWS00797,NEWS,Demo supply-chain disruption article 0797,PROJECT_DEMO_EXPANSION,SYNTHETIC_DEMO
NEWS00798,NEWS,Demo supply-chain disruption article 0798,PROJECT_DEMO_EXPANSION,SYNTHETIC_DEMO
NEWS00799,NEWS,Demo supply-chain disruption article 0799,PROJECT_DEMO_EXPANSION,SYNTHETIC_DEMO
NEWS00800,NEWS,Demo supply-chain disruption article 0800,PROJECT_DEMO_EXPANSION,SYNTHETIC_DEMO
NEWS00801,NEWS,Demo supply-chain disruption article 0801,PROJECT_DEMO_EXPANSION,SYNTHETIC_DEMO
NEWS00802,NEWS,Demo supply-chain disruption article 0802,PROJECT_DEMO_EXPANSION,SYNTHETIC_DEMO
NEWS00803,NEWS,Demo supply-chain disruption article 0803,PROJECT_DEMO_EXPANSION,SYNTHETIC_DEMO
NEWS00804,NEWS,Demo supply-chain disruption article 0804,PROJECT_DEMO_EXPANSION,SYNTHETIC_DEMO
NEWS00805,NEWS,Demo supply-chain disruption article 0805,PROJECT_DEMO_EXPANSION,SYNTHETIC_DEMO
NEWS00806,NEWS,Demo supply-chain disruption article 0806,PROJECT_DEMO_EXPANSION,SYNTHETIC_DEMO
NEWS00807,NEWS,Demo supply-chain disruption article 0807,PROJECT_DEMO_EXPANSION,SYNTHETIC_DEMO
NEWS00808,NEWS,Demo supply-chain disruption article 0808,PROJECT_DEMO_EXPANSION,SYNTHETIC_DEMO
NEWS00809,NEWS,Demo supply-chain disruption article 0809,PROJECT_DEMO_EXPANSION,SYNTHETIC_DEMO
NEWS00810,NEWS,Demo supply-chain disruption article 0810,PROJECT_DEMO_EXPANSION,SYNTHETIC_DEMO
NEWS00811,NEWS,Demo supply-chain disruption article 0811,PROJECT_DEMO_EXPANSION,SYNTHETIC_DEMO
NEWS00812,NEWS,Demo supply-chain disruption article 0812,PROJECT_DEMO_EXPANSION,SYNTHETIC_DEMO
NEWS00813,NEWS,Demo supply-chain disruption article 0813,PROJECT_DEMO_EXPANSION,SYNTHETIC_DEMO
NEWS00814,NEWS,Demo supply-chain disruption article 0814,PROJECT_DEMO_EXPANSION,SYNTHETIC_DEMO
NEWS00815,NEWS,Demo supply-chain disruption article 0815,PROJECT_DEMO_EXPANSION,SYNTHETIC_DEMO
NEWS00816,NEWS,Demo supply-chain disruption article 0816,PROJECT_DEMO_EXPANSION,SYNTHETIC_DEMO
NEWS00817,NEWS,Demo supply-chain disruption article 0817,PROJECT_DEMO_EXPANSION,SYNTHETIC_DEMO
NEWS00818,NEWS,Demo supply-chain disruption article 0818,PROJECT_DEMO_EXPANSION,SYNTHETIC_DEMO
NEWS00819,NEWS,Demo supply-chain disruption article 0819,PROJECT_DEMO_EXPANSION,SYNTHETIC_DEMO
NEWS00820,NEWS,Demo supply-chain disruption article 0820,PROJECT_DEMO_EXPANSION,SYNTHETIC_DEMO
NEWS00821,NEWS,Demo supply-chain disruption article 0821,PROJECT_DEMO_EXPANSION,SYNTHETIC_DEMO
NEWS00822,NEWS,Demo supply-chain disruption article 0822,PROJECT_DEMO_EXPANSION,SYNTHETIC_DEMO
NEWS00823,NEWS,Demo supply-chain disruption article 0823,PROJECT_DEMO_EXPANSION,SYNTHETIC_DEMO
NEWS00824,NEWS,Demo supply-chain disruption article 0824,PROJECT_DEMO_EXPANSION,SYNTHETIC_DEMO
NEWS00825,NEWS,Demo supply-chain disruption article 0825,PROJECT_DEMO_EXPANSION,SYNTHETIC_DEMO
NEWS00826,NEWS,Demo supply-chain disruption article 0826,PROJECT_DEMO_EXPANSION,SYNTHETIC_DEMO
NEWS00827,NEWS,Demo supply-chain disruption article 0827,PROJECT_DEMO_EXPANSION,SYNTHETIC_DEMO
NEWS00828,NEWS,Demo supply-chain disruption article 0828,PROJECT_DEMO_EXPANSION,SYNTHETIC_DEMO
NEWS00829,NEWS,Demo supply-chain disruption article 0829,PROJECT_DEMO_EXPANSION,SYNTHETIC_DEMO
NEWS00830,NEWS,Demo supply-chain disruption article 0830,PROJECT_DEMO_EXPANSION,SYNTHETIC_DEMO
NEWS00831,NEWS,Demo supply-chain disruption article 0831,PROJECT_DEMO_EXPANSION,SYNTHETIC_DEMO
NEWS00832,NEWS,Demo supply-chain disruption article 0832,PROJECT_DEMO_EXPANSION,SYNTHETIC_DEMO
NEWS00833,NEWS,Demo supply-chain disruption article 0833,PROJECT_DEMO_EXPANSION,SYNTHETIC_DEMO
NEWS00834,NEWS,Demo supply-chain disruption article 0834,PROJECT_DEMO_EXPANSION,SYNTHETIC_DEMO
NEWS00835,NEWS,Demo supply-chain disruption article 0835,PROJECT_DEMO_EXPANSION,SYNTHETIC_DEMO
NEWS00836,NEWS,Demo supply-chain disruption article 0836,PROJECT_DEMO_EXPANSION,SYNTHETIC_DEMO
NEWS00837,NEWS,Demo supply-chain disruption article 0837,PROJECT_DEMO_EXPANSION,SYNTHETIC_DEMO
NEWS00838,NEWS,Demo supply-chain disruption article 0838,PROJECT_DEMO_EXPANSION,SYNTHETIC_DEMO
NEWS00839,NEWS,Demo supply-chain disruption article 0839,PROJECT_DEMO_EXPANSION,SYNTHETIC_DEMO
NEWS00840,NEWS,Demo supply-chain disruption article 0840,PROJECT_DEMO_EXPANSION,SYNTHETIC_DEMO
NEWS00841,NEWS,Demo supply-chain disruption article 0841,PROJECT_DEMO_EXPANSION,SYNTHETIC_DEMO
NEWS00842,NEWS,Demo supply-chain disruption article 0842,PROJECT_DEMO_EXPANSION,SYNTHETIC_DEMO
NEWS00843,NEWS,Demo supply-chain disruption article 0843,PROJECT_DEMO_EXPANSION,SYNTHETIC_DEMO
NEWS00844,NEWS,Demo supply-chain disruption article 0844,PROJECT_DEMO_EXPANSION,SYNTHETIC_DEMO
NEWS00845,NEWS,Demo supply-chain disruption article 0845,PROJECT_DEMO_EXPANSION,SYNTHETIC_DEMO
NEWS00846,NEWS,Demo supply-chain disruption article 0846,PROJECT_DEMO_EXPANSION,SYNTHETIC_DEMO
NEWS00847,NEWS,Demo supply-chain disruption article 0847,PROJECT_DEMO_EXPANSION,SYNTHETIC_DEMO
NEWS00848,NEWS,Demo supply-chain disruption article 0848,PROJECT_DEMO_EXPANSION,SYNTHETIC_DEMO
NEWS00849,NEWS,Demo supply-chain disruption article 0849,PROJECT_DEMO_EXPANSION,SYNTHETIC_DEMO
NEWS00850,NEWS,Demo supply-chain disruption article 0850,PROJECT_DEMO_EXPANSION,SYNTHETIC_DEMO
NEWS00851,NEWS,Demo supply-chain disruption article 0851,PROJECT_DEMO_EXPANSION,SYNTHETIC_DEMO
NEWS00852,NEWS,Demo supply-chain disruption article 0852,PROJECT_DEMO_EXPANSION,SYNTHETIC_DEMO
NEWS00853,NEWS,Demo supply-chain disruption article 0853,PROJECT_DEMO_EXPANSION,SYNTHETIC_DEMO
NEWS00854,NEWS,Demo supply-chain disruption article 0854,PROJECT_DEMO_EXPANSION,SYNTHETIC_DEMO
NEWS00855,NEWS,Demo supply-chain disruption article 0855,PROJECT_DEMO_EXPANSION,SYNTHETIC_DEMO
NEWS00856,NEWS,Demo supply-chain disruption article 0856,PROJECT_DEMO_EXPANSION,SYNTHETIC_DEMO
NEWS00857,NEWS,Demo supply-chain disruption article 0857,PROJECT_DEMO_EXPANSION,SYNTHETIC_DEMO
NEWS00858,NEWS,Demo supply-chain disruption article 0858,PROJECT_DEMO_EXPANSION,SYNTHETIC_DEMO
NEWS00859,NEWS,Demo supply-chain disruption article 0859,PROJECT_DEMO_EXPANSION,SYNTHETIC_DEMO
NEWS00860,NEWS,Demo supply-chain disruption article 0860,PROJECT_DEMO_EXPANSION,SYNTHETIC_DEMO
NEWS00861,NEWS,Demo supply-chain disruption article 0861,PROJECT_DEMO_EXPANSION,SYNTHETIC_DEMO
NEWS00862,NEWS,Demo supply-chain disruption article 0862,PROJECT_DEMO_EXPANSION,SYNTHETIC_DEMO
NEWS00863,NEWS,Demo supply-chain disruption article 0863,PROJECT_DEMO_EXPANSION,SYNTHETIC_DEMO
NEWS00864,NEWS,Demo supply-chain disruption article 0864,PROJECT_DEMO_EXPANSION,SYNTHETIC_DEMO
NEWS00865,NEWS,Demo supply-chain disruption article 0865,PROJECT_DEMO_EXPANSION,SYNTHETIC_DEMO
NEWS00866,NEWS,Demo supply-chain disruption article 0866,PROJECT_DEMO_EXPANSION,SYNTHETIC_DEMO
NEWS00867,NEWS,Demo supply-chain disruption article 0867,PROJECT_DEMO_EXPANSION,SYNTHETIC_DEMO
NEWS00868,NEWS,Demo supply-chain disruption article 0868,PROJECT_DEMO_EXPANSION,SYNTHETIC_DEMO
NEWS00869,NEWS,Demo supply-chain disruption article 0869,PROJECT_DEMO_EXPANSION,SYNTHETIC_DEMO
NEWS00870,NEWS,Demo supply-chain disruption article 0870,PROJECT_DEMO_EXPANSION,SYNTHETIC_DEMO
NEWS00871,NEWS,Demo supply-chain disruption article 0871,PROJECT_DEMO_EXPANSION,SYNTHETIC_DEMO
NEWS00872,NEWS,Demo supply-chain disruption article 0872,PROJECT_DEMO_EXPANSION,SYNTHETIC_DEMO
NEWS00873,NEWS,Demo supply-chain disruption article 0873,PROJECT_DEMO_EXPANSION,SYNTHETIC_DEMO
NEWS00874,NEWS,Demo supply-chain disruption article 0874,PROJECT_DEMO_EXPANSION,SYNTHETIC_DEMO
NEWS00875,NEWS,Demo supply-chain disruption article 0875,PROJECT_DEMO_EXPANSION,SYNTHETIC_DEMO
NEWS00876,NEWS,Demo supply-chain disruption article 0876,PROJECT_DEMO_EXPANSION,SYNTHETIC_DEMO
NEWS00877,NEWS,Demo supply-chain disruption article 0877,PROJECT_DEMO_EXPANSION,SYNTHETIC_DEMO
NEWS00878,NEWS,Demo supply-chain disruption article 0878,PROJECT_DEMO_EXPANSION,SYNTHETIC_DEMO
NEWS00879,NEWS,Demo supply-chain disruption article 0879,PROJECT_DEMO_EXPANSION,SYNTHETIC_DEMO
NEWS00880,NEWS,Demo supply-chain disruption article 0880,PROJECT_DEMO_EXPANSION,SYNTHETIC_DEMO
NEWS00881,NEWS,Demo supply-chain disruption article 0881,PROJECT_DEMO_EXPANSION,SYNTHETIC_DEMO
NEWS00882,NEWS,Demo supply-chain disruption article 0882,PROJECT_DEMO_EXPANSION,SYNTHETIC_DEMO
NEWS00883,NEWS,Demo supply-chain disruption article 0883,PROJECT_DEMO_EXPANSION,SYNTHETIC_DEMO
NEWS00884,NEWS,Demo supply-chain disruption article 0884,PROJECT_DEMO_EXPANSION,SYNTHETIC_DEMO
NEWS00885,NEWS,Demo supply-chain disruption article 0885,PROJECT_DEMO_EXPANSION,SYNTHETIC_DEMO
NEWS00886,NEWS,Demo supply-chain disruption article 0886,PROJECT_DEMO_EXPANSION,SYNTHETIC_DEMO
NEWS00887,NEWS,Demo supply-chain disruption article 0887,PROJECT_DEMO_EXPANSION,SYNTHETIC_DEMO
NEWS00888,NEWS,Demo supply-chain disruption article 0888,PROJECT_DEMO_EXPANSION,SYNTHETIC_DEMO
NEWS00889,NEWS,Demo supply-chain disruption article 0889,PROJECT_DEMO_EXPANSION,SYNTHETIC_DEMO
NEWS00890,NEWS,Demo supply-chain disruption article 0890,PROJECT_DEMO_EXPANSION,SYNTHETIC_DEMO
NEWS00891,NEWS,Demo supply-chain disruption article 0891,PROJECT_DEMO_EXPANSION,SYNTHETIC_DEMO
NEWS00892,NEWS,Demo supply-chain disruption article 0892,PROJECT_DEMO_EXPANSION,SYNTHETIC_DEMO
NEWS00893,NEWS,Demo supply-chain disruption article 0893,PROJECT_DEMO_EXPANSION,SYNTHETIC_DEMO
NEWS00894,NEWS,Demo supply-chain disruption article 0894,PROJECT_DEMO_EXPANSION,SYNTHETIC_DEMO
NEWS00895,NEWS,Demo supply-chain disruption article 0895,PROJECT_DEMO_EXPANSION,SYNTHETIC_DEMO
NEWS00896,NEWS,Demo supply-chain disruption article 0896,PROJECT_DEMO_EXPANSION,SYNTHETIC_DEMO
NEWS00897,NEWS,Demo supply-chain disruption article 0897,PROJECT_DEMO_EXPANSION,SYNTHETIC_DEMO
NEWS00898,NEWS,Demo supply-chain disruption article 0898,PROJECT_DEMO_EXPANSION,SYNTHETIC_DEMO
NEWS00899,NEWS,Demo supply-chain disruption article 0899,PROJECT_DEMO_EXPANSION,SYNTHETIC_DEMO
NEWS00900,NEWS,Demo supply-chain disruption article 0900,PROJECT_DEMO_EXPANSION,SYNTHETIC_DEMO
NEWS00901,NEWS,Demo supply-chain disruption article 0901,PROJECT_DEMO_EXPANSION,SYNTHETIC_DEMO
NEWS00902,NEWS,Demo supply-chain disruption article 0902,PROJECT_DEMO_EXPANSION,SYNTHETIC_DEMO
NEWS00903,NEWS,Demo supply-chain disruption article 0903,PROJECT_DEMO_EXPANSION,SYNTHETIC_DEMO
NEWS00904,NEWS,Demo supply-chain disruption article 0904,PROJECT_DEMO_EXPANSION,SYNTHETIC_DEMO
NEWS00905,NEWS,Demo supply-chain disruption article 0905,PROJECT_DEMO_EXPANSION,SYNTHETIC_DEMO
NEWS00906,NEWS,Demo supply-chain disruption article 0906,PROJECT_DEMO_EXPANSION,SYNTHETIC_DEMO
NEWS00907,NEWS,Demo supply-chain disruption article 0907,PROJECT_DEMO_EXPANSION,SYNTHETIC_DEMO
NEWS00908,NEWS,Demo supply-chain disruption article 0908,PROJECT_DEMO_EXPANSION,SYNTHETIC_DEMO
NEWS00909,NEWS,Demo supply-chain disruption article 0909,PROJECT_DEMO_EXPANSION,SYNTHETIC_DEMO
NEWS00910,NEWS,Demo supply-chain disruption article 0910,PROJECT_DEMO_EXPANSION,SYNTHETIC_DEMO
NEWS00911,NEWS,Demo supply-chain disruption article 0911,PROJECT_DEMO_EXPANSION,SYNTHETIC_DEMO
NEWS00912,NEWS,Demo supply-chain disruption article 0912,PROJECT_DEMO_EXPANSION,SYNTHETIC_DEMO
NEWS00913,NEWS,Demo supply-chain disruption article 0913,PROJECT_DEMO_EXPANSION,SYNTHETIC_DEMO
NEWS00914,NEWS,Demo supply-chain disruption article 0914,PROJECT_DEMO_EXPANSION,SYNTHETIC_DEMO
NEWS00915,NEWS,Demo supply-chain disruption article 0915,PROJECT_DEMO_EXPANSION,SYNTHETIC_DEMO
NEWS00916,NEWS,Demo supply-chain disruption article 0916,PROJECT_DEMO_EXPANSION,SYNTHETIC_DEMO
NEWS00917,NEWS,Demo supply-chain disruption article 0917,PROJECT_DEMO_EXPANSION,SYNTHETIC_DEMO
NEWS00918,NEWS,Demo supply-chain disruption article 0918,PROJECT_DEMO_EXPANSION,SYNTHETIC_DEMO
NEWS00919,NEWS,Demo supply-chain disruption article 0919,PROJECT_DEMO_EXPANSION,SYNTHETIC_DEMO
NEWS00920,NEWS,Demo supply-chain disruption article 0920,PROJECT_DEMO_EXPANSION,SYNTHETIC_DEMO
NEWS00921,NEWS,Demo supply-chain disruption article 0921,PROJECT_DEMO_EXPANSION,SYNTHETIC_DEMO
NEWS00922,NEWS,Demo supply-chain disruption article 0922,PROJECT_DEMO_EXPANSION,SYNTHETIC_DEMO
NEWS00923,NEWS,Demo supply-chain disruption article 0923,PROJECT_DEMO_EXPANSION,SYNTHETIC_DEMO
NEWS00924,NEWS,Demo supply-chain disruption article 0924,PROJECT_DEMO_EXPANSION,SYNTHETIC_DEMO
NEWS00925,NEWS,Demo supply-chain disruption article 0925,PROJECT_DEMO_EXPANSION,SYNTHETIC_DEMO
NEWS00926,NEWS,Demo supply-chain disruption article 0926,PROJECT_DEMO_EXPANSION,SYNTHETIC_DEMO
NEWS00927,NEWS,Demo supply-chain disruption article 0927,PROJECT_DEMO_EXPANSION,SYNTHETIC_DEMO
NEWS00928,NEWS,Demo supply-chain disruption article 0928,PROJECT_DEMO_EXPANSION,SYNTHETIC_DEMO
NEWS00929,NEWS,Demo supply-chain disruption article 0929,PROJECT_DEMO_EXPANSION,SYNTHETIC_DEMO
NEWS00930,NEWS,Demo supply-chain disruption article 0930,PROJECT_DEMO_EXPANSION,SYNTHETIC_DEMO
NEWS00931,NEWS,Demo supply-chain disruption article 0931,PROJECT_DEMO_EXPANSION,SYNTHETIC_DEMO
NEWS00932,NEWS,Demo supply-chain disruption article 0932,PROJECT_DEMO_EXPANSION,SYNTHETIC_DEMO
NEWS00933,NEWS,Demo supply-chain disruption article 0933,PROJECT_DEMO_EXPANSION,SYNTHETIC_DEMO
NEWS00934,NEWS,Demo supply-chain disruption article 0934,PROJECT_DEMO_EXPANSION,SYNTHETIC_DEMO
NEWS00935,NEWS,Demo supply-chain disruption article 0935,PROJECT_DEMO_EXPANSION,SYNTHETIC_DEMO
NEWS00936,NEWS,Demo supply-chain disruption article 0936,PROJECT_DEMO_EXPANSION,SYNTHETIC_DEMO
NEWS00937,NEWS,Demo supply-chain disruption article 0937,PROJECT_DEMO_EXPANSION,SYNTHETIC_DEMO
NEWS00938,NEWS,Demo supply-chain disruption article 0938,PROJECT_DEMO_EXPANSION,SYNTHETIC_DEMO
NEWS00939,NEWS,Demo supply-chain disruption article 0939,PROJECT_DEMO_EXPANSION,SYNTHETIC_DEMO
NEWS00940,NEWS,Demo supply-chain disruption article 0940,PROJECT_DEMO_EXPANSION,SYNTHETIC_DEMO
NEWS00941,NEWS,Demo supply-chain disruption article 0941,PROJECT_DEMO_EXPANSION,SYNTHETIC_DEMO
NEWS00942,NEWS,Demo supply-chain disruption article 0942,PROJECT_DEMO_EXPANSION,SYNTHETIC_DEMO
NEWS00943,NEWS,Demo supply-chain disruption article 0943,PROJECT_DEMO_EXPANSION,SYNTHETIC_DEMO
NEWS00944,NEWS,Demo supply-chain disruption article 0944,PROJECT_DEMO_EXPANSION,SYNTHETIC_DEMO
NEWS00945,NEWS,Demo supply-chain disruption article 0945,PROJECT_DEMO_EXPANSION,SYNTHETIC_DEMO
NEWS00946,NEWS,Demo supply-chain disruption article 0946,PROJECT_DEMO_EXPANSION,SYNTHETIC_DEMO
NEWS00947,NEWS,Demo supply-chain disruption article 0947,PROJECT_DEMO_EXPANSION,SYNTHETIC_DEMO
NEWS00948,NEWS,Demo supply-chain disruption article 0948,PROJECT_DEMO_EXPANSION,SYNTHETIC_DEMO
NEWS00949,NEWS,Demo supply-chain disruption article 0949,PROJECT_DEMO_EXPANSION,SYNTHETIC_DEMO
NEWS00950,NEWS,Demo supply-chain disruption article 0950,PROJECT_DEMO_EXPANSION,SYNTHETIC_DEMO
NEWS00951,NEWS,Demo supply-chain disruption article 0951,PROJECT_DEMO_EXPANSION,SYNTHETIC_DEMO
NEWS00952,NEWS,Demo supply-chain disruption article 0952,PROJECT_DEMO_EXPANSION,SYNTHETIC_DEMO
NEWS00953,NEWS,Demo supply-chain disruption article 0953,PROJECT_DEMO_EXPANSION,SYNTHETIC_DEMO
NEWS00954,NEWS,Demo supply-chain disruption article 0954,PROJECT_DEMO_EXPANSION,SYNTHETIC_DEMO
NEWS00955,NEWS,Demo supply-chain disruption article 0955,PROJECT_DEMO_EXPANSION,SYNTHETIC_DEMO
NEWS00956,NEWS,Demo supply-chain disruption article 0956,PROJECT_DEMO_EXPANSION,SYNTHETIC_DEMO
NEWS00957,NEWS,Demo supply-chain disruption article 0957,PROJECT_DEMO_EXPANSION,SYNTHETIC_DEMO
NEWS00958,NEWS,Demo supply-chain disruption article 0958,PROJECT_DEMO_EXPANSION,SYNTHETIC_DEMO
NEWS00959,NEWS,Demo supply-chain disruption article 0959,PROJECT_DEMO_EXPANSION,SYNTHETIC_DEMO
NEWS00960,NEWS,Demo supply-chain disruption article 0960,PROJECT_DEMO_EXPANSION,SYNTHETIC_DEMO
NEWS00961,NEWS,Demo supply-chain disruption article 0961,PROJECT_DEMO_EXPANSION,SYNTHETIC_DEMO
NEWS00962,NEWS,Demo supply-chain disruption article 0962,PROJECT_DEMO_EXPANSION,SYNTHETIC_DEMO
NEWS00963,NEWS,Demo supply-chain disruption article 0963,PROJECT_DEMO_EXPANSION,SYNTHETIC_DEMO
NEWS00964,NEWS,Demo supply-chain disruption article 0964,PROJECT_DEMO_EXPANSION,SYNTHETIC_DEMO
NEWS00965,NEWS,Demo supply-chain disruption article 0965,PROJECT_DEMO_EXPANSION,SYNTHETIC_DEMO
NEWS00966,NEWS,Demo supply-chain disruption article 0966,PROJECT_DEMO_EXPANSION,SYNTHETIC_DEMO
NEWS00967,NEWS,Demo supply-chain disruption article 0967,PROJECT_DEMO_EXPANSION,SYNTHETIC_DEMO
NEWS00968,NEWS,Demo supply-chain disruption article 0968,PROJECT_DEMO_EXPANSION,SYNTHETIC_DEMO
NEWS00969,NEWS,Demo supply-chain disruption article 0969,PROJECT_DEMO_EXPANSION,SYNTHETIC_DEMO
NEWS00970,NEWS,Demo supply-chain disruption article 0970,PROJECT_DEMO_EXPANSION,SYNTHETIC_DEMO
NEWS00971,NEWS,Demo supply-chain disruption article 0971,PROJECT_DEMO_EXPANSION,SYNTHETIC_DEMO
NEWS00972,NEWS,Demo supply-chain disruption article 0972,PROJECT_DEMO_EXPANSION,SYNTHETIC_DEMO
NEWS00973,NEWS,Demo supply-chain disruption article 0973,PROJECT_DEMO_EXPANSION,SYNTHETIC_DEMO
NEWS00974,NEWS,Demo supply-chain disruption article 0974,PROJECT_DEMO_EXPANSION,SYNTHETIC_DEMO
NEWS00975,NEWS,Demo supply-chain disruption article 0975,PROJECT_DEMO_EXPANSION,SYNTHETIC_DEMO
NEWS00976,NEWS,Demo supply-chain disruption article 0976,PROJECT_DEMO_EXPANSION,SYNTHETIC_DEMO
NEWS00977,NEWS,Demo supply-chain disruption article 0977,PROJECT_DEMO_EXPANSION,SYNTHETIC_DEMO
NEWS00978,NEWS,Demo supply-chain disruption article 0978,PROJECT_DEMO_EXPANSION,SYNTHETIC_DEMO
NEWS00979,NEWS,Demo supply-chain disruption article 0979,PROJECT_DEMO_EXPANSION,SYNTHETIC_DEMO
NEWS00980,NEWS,Demo supply-chain disruption article 0980,PROJECT_DEMO_EXPANSION,SYNTHETIC_DEMO
NEWS00981,NEWS,Demo supply-chain disruption article 0981,PROJECT_DEMO_EXPANSION,SYNTHETIC_DEMO
NEWS00982,NEWS,Demo supply-chain disruption article 0982,PROJECT_DEMO_EXPANSION,SYNTHETIC_DEMO
NEWS00983,NEWS,Demo supply-chain disruption article 0983,PROJECT_DEMO_EXPANSION,SYNTHETIC_DEMO
NEWS00984,NEWS,Demo supply-chain disruption article 0984,PROJECT_DEMO_EXPANSION,SYNTHETIC_DEMO
NEWS00985,NEWS,Demo supply-chain disruption article 0985,PROJECT_DEMO_EXPANSION,SYNTHETIC_DEMO
NEWS00986,NEWS,Demo supply-chain disruption article 0986,PROJECT_DEMO_EXPANSION,SYNTHETIC_DEMO
NEWS00987,NEWS,Demo supply-chain disruption article 0987,PROJECT_DEMO_EXPANSION,SYNTHETIC_DEMO
NEWS00988,NEWS,Demo supply-chain disruption article 0988,PROJECT_DEMO_EXPANSION,SYNTHETIC_DEMO
NEWS00989,NEWS,Demo supply-chain disruption article 0989,PROJECT_DEMO_EXPANSION,SYNTHETIC_DEMO
NEWS00990,NEWS,Demo supply-chain disruption article 0990,PROJECT_DEMO_EXPANSION,SYNTHETIC_DEMO
NEWS00991,NEWS,Demo supply-chain disruption article 0991,PROJECT_DEMO_EXPANSION,SYNTHETIC_DEMO
NEWS00992,NEWS,Demo supply-chain disruption article 0992,PROJECT_DEMO_EXPANSION,SYNTHETIC_DEMO
NEWS00993,NEWS,Demo supply-chain disruption article 0993,PROJECT_DEMO_EXPANSION,SYNTHETIC_DEMO
NEWS00994,NEWS,Demo supply-chain disruption article 0994,PROJECT_DEMO_EXPANSION,SYNTHETIC_DEMO
NEWS00995,NEWS,Demo supply-chain disruption article 0995,PROJECT_DEMO_EXPANSION,SYNTHETIC_DEMO
NEWS00996,NEWS,Demo supply-chain disruption article 0996,PROJECT_DEMO_EXPANSION,SYNTHETIC_DEMO
NEWS00997,NEWS,Demo supply-chain disruption article 0997,PROJECT_DEMO_EXPANSION,SYNTHETIC_DEMO
NEWS00998,NEWS,Demo supply-chain disruption article 0998,PROJECT_DEMO_EXPANSION,SYNTHETIC_DEMO
NEWS00999,NEWS,Demo supply-chain disruption article 0999,PROJECT_DEMO_EXPANSION,SYNTHETIC_DEMO
NEWS01000,NEWS,Demo supply-chain disruption article 1000,PROJECT_DEMO_EXPANSION,SYNTHETIC_DEMO
